idx,delta_ns
0,2755800
1,2728900
2,2911200
3,2740500
4,3230600
5,3029900
6,2673100
7,2877400
8,2738700
9,3349800
10,2573800
11,3274400
12,2733500
13,3272000
14,3108300
15,3195200
16,3999000
17,3646100
18,2099200
19,1888100
20,2588700
21,3046700
22,3191400
23,2665000
24,2899300
25,3056500
26,2672200
27,3075500
28,3345600
29,2747600
30,2835500
31,2919800
32,2894200
33,3338600
34,2632200
35,2858300
36,3133900
37,2653600
38,2842400
39,3278000
40,2705400
41,3016500
42,2727800
43,2805100
44,3031500
45,3135800
46,2823700
47,2851700
48,3083500
49,2866100
50,3645200
51,2651800
52,3023700
53,2657900
54,2853800
55,2981600
56,3367500
57,2695400
58,2763000
59,2852600
60,2813800
61,3015900
62,3295200
63,3201700
64,2617100
65,3150600
66,2846800
67,3136200
68,3078100
69,2536000
70,2826100
71,2878600
72,2946000
73,3423200
74,2698700
75,2813100
76,2801500
77,2827900
78,3134200
79,3152400
80,2718800
81,2826100
82,2828600
83,2960200
84,3592300
85,2540000
86,2780400
87,3141000
88,2843000
89,3326100
90,3039100
91,2722500
92,2861000
93,2849800
94,2759900
95,3475500
96,2840000
97,2776400
98,2776500
99,2885700
100,2864200
101,3440500
102,2632100
103,2749400
104,2854900
105,3236000
106,2906000
107,3134800
108,2760900
109,2856500
110,2826300
111,2844300
112,2929000
113,3265200
114,2701400
115,2853300
116,2972400
117,2680900
118,3972100
119,2173600
120,2864200
121,3120300
122,2628600
123,2955600
124,3380500
125,2681800
126,3111100
127,2979900
128,2727800
129,2910300
130,3350200
131,2686600
132,2873500
133,2770200
134,2989900
135,3293400
136,2704500
137,2988900
138,2916200
139,2910700
140,2957900
141,3208800
142,2947400
143,2685800
144,2748700
145,2833800
146,2893500
147,3279100
148,2796900
149,2753500
150,2867400
151,2806700
152,3362300
153,3006600
154,2646500
155,2783300
156,2785300
157,3002900
158,3189200
159,2833300
160,2717900
161,2884900
162,2844400
163,2918100
164,3564900
165,2705400
166,2782200
167,2834800
168,2798000
169,3512800
170,2891600
171,2631500
172,2813000
173,2841800
174,2842200
175,3484900
176,2728900
177,2800500
178,2785500
179,2909300
180,3133400
181,2932300
182,2885400
183,3083700
184,2848700
185,2728700
186,3090300
187,3215300
188,2689000
189,2930500
190,2751400
191,2929600
192,3309000
193,2761900
194,2790700
195,2792600
196,2974800
197,2917600
198,3389800
199,2793300
200,3057000
201,2935100
202,2664400
203,2982200
204,3226100
205,2692800
206,2983100
207,2719700
208,2805200
209,2986400
210,3212900
211,2773200
212,2846000
213,2799400
214,3118800
215,3095000
216,2793200
217,2818600
218,3062300
219,2745700
220,2997700
221,3268900
222,3027900
223,2573100
224,2926700
225,2721800
226,3169000
227,3312800
228,2825800
229,2735100
230,2890800
231,2834000
232,3253600
233,2967100
234,2725900
235,2917900
236,2892500
237,3174200
238,3251000
239,3091800
240,2754200
241,2911000
242,2897200
243,3420600
244,2695600
245,2952600
246,2769700
247,2888800
248,2973600
249,3320800
250,2808100
251,2859700
252,2885700
253,2873500
254,3158600
255,3133800
256,3201400
257,2828500
258,2907800
259,3188100
260,3027500
261,2826200
262,2935200
263,2831300
264,3059400
265,2996200
266,3198000
267,2965000
268,2760700
269,3193600
270,2850000
271,3391700
272,2721800
273,3208100
274,3030000
275,2763900
276,3065200
277,3134900
278,2996500
279,2850400
280,2961500
281,2838500
282,3365900
283,2818100
284,2849500
285,3084700
286,2715600
287,3022700
288,3326300
289,2860500
290,2945000
291,2785200
292,2869300
293,3443900
294,2767900
295,3172800
296,2799700
297,2918600
298,2915300
299,3299200
300,2900300
301,3096800
302,3155100
303,2696300
304,2638400
305,3151400
306,3139900
307,2940600
308,2982100
309,2830700
310,2958000
311,3313500
312,2861100
313,2860400
314,2820400
315,2929500
316,3397500
317,2495100
318,2882800
319,2775200
320,2870000
321,3072400
322,3178900
323,2650900
324,2760900
325,2816400
326,2764100
327,3515400
328,2663400
329,2698900
330,2826200
331,2844200
332,2826800
333,3469400
334,2712500
335,2790300
336,2835100
337,2771700
338,3221100
339,2914800
340,2736000
341,2822100
342,2727800
343,2893200
344,3016200
345,3047000
346,2814100
347,2821100
348,2826900
349,2902300
350,3184200
351,3438100
352,2688200
353,2873800
354,2923600
355,2922900
356,3180600
357,2792500
358,2821200
359,2835400
360,2895400
361,2974700
362,3180800
363,2810300
364,2773600
365,3008100
366,2782200
367,2925600
368,3498200
369,2795600
370,2987500
371,2711500
372,3041000
373,3199300
374,2756700
375,2936600
376,2810000
377,2911600
378,2895500
379,3259200
380,2875800
381,2908300
382,2731900
383,2883500
384,3506200
385,2774400
386,3168600
387,2619500
388,2775500
389,3070100
390,3464700
391,2792700
392,2937300
393,2725700
394,2876600
395,2911900
396,3231000
397,2883800
398,2844100
399,2818300
400,2883200
401,3376500
402,3033800
403,2797000
404,2961800
405,2552700
406,3102100
407,3440400
408,2554000
409,2908900
410,2748000
411,2878500
412,3054400
413,3208700
414,2708200
415,2794000
416,2918400
417,2812600
418,3345500
419,2731800
420,2871800
421,2851300
422,2757900
423,3541600
424,3072200
425,2797600
426,2768000
427,2826800
428,2845800
429,3345200
430,2733400
431,2877500
432,2790700
433,2812700
434,3090200
435,2748800
436,3199800
437,2715300
438,2860700
439,3044400
440,2711900
441,3317900
442,2716400
443,2824900
444,2765400
445,2987700
446,3076300
447,3205800
448,2870700
449,2793000
450,2853000
451,2751900
452,3069400
453,3083000
454,2778000
455,3118000
456,2596200
457,2960300
458,3773300
459,2374500
460,2842300
461,2855600
462,2774800
463,3104100
464,3119500
465,2785900
466,2857200
467,2737100
468,3151500
469,2833100
470,3379700
471,2981500
472,2677100
473,2682800
474,3066800
475,3086900
476,2853200
477,2787900
478,2810100
479,2847200
480,3131500
481,3340500
482,3019800
483,2712000
484,2730100
485,2759600
486,2886700
487,3413000
488,2699200
489,2749100
490,2850900
491,2870000
492,3301500
493,2843000
494,2730000
495,2964000
496,2708900
497,2874800
498,3689600
499,2491500
500,2769900
501,2869800
502,2846400
503,3038600
504,3132500
505,2726200
506,2786900
507,2906100
508,2832000
509,3388500
510,2807800
511,2724200
512,2894500
513,2785400
514,3408000
515,3047200
516,2671400
517,2741900
518,2843500
519,2879300
520,3116300
521,2988300
522,2894600
523,2780700
524,3100700
525,2952000
526,2908500
527,3200100
528,2737600
529,2870300
530,2964200
531,2825400
532,3446400
533,2755000
534,2813000
535,2815000
536,3003200
537,2936100
538,3148500
539,2791100
540,2835700
541,2968300
542,2954500
543,3330100
544,2833100
545,2806500
546,3047100
547,2592700
548,2946400
549,3244200
550,2837300
551,2797800
552,2853000
553,2938700
554,2813100
555,3301100
556,2662700
557,3113000
558,2687700
559,3047500
560,2931100
561,3303800
562,2738700
563,2965200
564,2758300
565,3011200
566,3288800
567,2844700
568,2833300
569,2841200
570,2840100
571,3096800
572,3362500
573,2865600
574,2754800
575,2883500
576,2882600
577,3095000
578,3207100
579,2830000
580,3105200
581,2828300
582,3131900
583,3222500
584,2830200
585,2897700
586,2868700
587,2841800
588,3118200
589,3291000
590,2753100
591,2920400
592,2900900
593,2966600
594,3748300
595,2541300
596,2803700
597,3165500
598,2959300
599,3149000
600,3064500
601,2835600
602,2956700
603,2919000
604,2985800
605,3013800
606,3318200
607,2799900
608,2906800
609,2888700
610,3511100
611,3142500
612,2839100
613,2910100
614,2942000
615,3015900
616,3286100
617,2866000
618,2903600
619,2866900
620,3054000
621,2985100
622,3243100
623,3133700
624,2895500
625,3058600
626,2734800
627,3400500
628,2796600
629,2901600
630,2887900
631,2865100
632,3161800
633,3009600
634,2907300
635,2750600
636,3307400
637,2757500
638,3066900
639,3142400
640,2891800
641,3055500
642,2674400
643,2806600
644,3390500
645,2743900
646,2883300
647,3390500
648,3170200
649,2988400
650,2761200
651,2571100
652,3032600
653,2576800
654,2795900
655,2899600
656,3147300
657,3406500
658,2626300
659,2648200
660,2996400
661,2719700
662,3250300
663,2981000
664,2670000
665,2820300
666,2934400
667,3196900
668,2722500
669,2945000
670,2945100
671,2885100
672,2958200
673,3099400
674,2826000
675,2773700
676,2737300
677,2852000
678,2925100
679,3186100
680,2800600
681,2909800
682,2643000
683,2874700
684,3531700
685,2926300
686,2660600
687,2771400
688,2943500
689,3003300
690,3301200
691,2540000
692,3125600
693,2726300
694,2797500
695,3022200
696,3223800
697,2754900
698,2828600
699,2779700
700,3800900
701,3421800
702,2396600
703,3542300
704,3781800
705,2334000
706,2024400
707,2552500
708,2836100
709,2777600
710,2782600
711,2832200
712,3106400
713,3148400
714,3105800
715,2750700
716,2836900
717,2863400
718,3078500
719,3059900
720,2884300
721,2737200
722,2918300
723,3126800
724,3216500
725,2804500
726,2779700
727,2847400
728,3006800
729,2923000
730,3151400
731,3121200
732,2695000
733,2892600
734,2836300
735,3416900
736,2757400
737,2740700
738,2871600
739,2837900
740,3395100
741,3077200
742,2878500
743,2674400
744,2706800
745,2751400
746,3187200
747,3073500
748,3046500
749,2745700
750,2852800
751,3069500
752,3167800
753,2854000
754,2761500
755,2852700
756,2842000
757,3036200
758,3186300
759,2833100
760,2742300
761,2889800
762,3003600
763,2770200
764,3275100
765,2661900
766,2863100
767,3077500
768,2631400
769,3356300
770,2980700
771,2773600
772,2831600
773,2786400
774,2924000
775,3357900
776,2716700
777,2769700
778,2899800
779,2803700
780,2873200
781,3233600
782,2696100
783,3026800
784,2615900
785,2830900
786,3084600
787,3184900
788,2997600
789,2829700
790,2764600
791,2905600
792,3479200
793,2678100
794,2849800
795,2822200
796,2814700
797,3025600
798,3555900
799,2537500
800,2667500
801,2794700
802,2787400
803,2973000
804,3226100
805,2880900
806,2680500
807,2761800
808,2893600
809,3493400
810,2850900
811,2707800
812,2953600
813,2685700
814,3032000
815,3123200
816,2866800
817,2703400
818,2788000
819,2848100
820,2887100
821,3611800
822,2768900
823,2720400
824,2821800
825,2844600
826,3657900
827,2825900
828,2475700
829,2730500
830,2864600
831,2889600
832,3618000
833,2695000
834,2694900
835,2814600
836,3006800
837,2775500
838,3297700
839,2650400
840,2808400
841,2865400
842,2805000
843,3150600
844,3057700
845,2744000
846,2842400
847,2829000
848,2911400
849,3339600
850,2749600
851,2780000
852,2850500
853,3104000
854,2547400
855,3532500
856,2628400
857,2926200
858,2684600
859,3227900
860,2723600
861,3202000
862,2765100
863,2826200
864,2931300
865,2748600
866,3274600
867,3155100
868,2779500
869,2861500
870,3053200
871,2936500
872,3264900
873,2793600
874,2797000
875,2929300
876,2777500
877,2917000
878,3270400
879,2819300
880,2904900
881,2689000
882,2936100
883,2984600
884,3163300
885,2922300
886,2670500
887,2809300
888,3233100
889,3217200
890,2831000
891,2829600
892,2810300
893,2898100
894,2963000
895,3162500
896,2955000
897,2714800
898,2776800
899,2869600
900,3200000
901,3394100
902,2674900
903,2718900
904,2883200
905,2867600
906,3492800
907,2806600
908,2861200
909,2760400
910,2863500
911,2922900
912,3598000
913,2516300
914,2842100
915,2872300
916,2803200
917,3672900
918,2619100
919,2838900
920,2774000
921,2882800
922,3348000
923,3191400
924,2796200
925,2942300
926,2729100
927,2979600
928,3148400
929,3315800
930,2885000
931,2809100
932,2969100
933,3136700
934,3194400
935,2858900
936,2872200
937,2850500
938,3288200
939,2972800
940,3230500
941,2762000
942,3001500
943,3235900
944,2918600
945,3432000
946,2772900
947,2937300
948,2902800
949,2933800
950,2970200
951,3389900
952,2893400
953,2867700
954,2938700
955,2926200
956,3439100
957,2840700
958,2904800
959,2928400
960,3097000
961,2968300
962,3397700
963,2831100
964,3056700
965,2678800
966,2956500
967,3029000
968,3298500
969,3055500
970,2633300
971,2867700
972,3033400
973,3187900
974,2851700
975,3089500
976,2703200
977,2933100
978,3208400
979,3288800
980,2943600
981,2709100
982,3139400
983,2939200
984,3195900
985,2938700
986,2670200
987,2818900
988,2933700
989,2889600
990,3341500
991,2994200
992,2933700
993,3165800
994,2410400
995,2934800
996,3470700
997,3142400
998,2729500
999,2772500
1000,2835400
1001,3207100
1002,2609500
1003,2879300
1004,2785600
1005,2854500
1006,2973100
1007,3266800
1008,2582000
1009,2712700
1010,2766200
1011,2814800
1012,3130900
1013,3074600
1014,2746300
1015,2695300
1016,3134600
1017,2863600
1018,3504000
1019,2627100
1020,2823900
1021,2807200
1022,2811400
1023,3085100
1024,3272100
1025,2581600
1026,2864400
1027,2801900
1028,2847700
1029,2943600
1030,3252500
1031,2704800
1032,2881600
1033,3061900
1034,2648800
1035,3355100
1036,2728400
1037,2820900
1038,3217800
1039,2707800
1040,2916800
1041,3311100
1042,2822000
1043,2810100
1044,2894200
1045,2723700
1046,2978800
1047,3357900
1048,2711300
1049,3050400
1050,2705300
1051,2832100
1052,3567000
1053,2759400
1054,2963800
1055,2965200
1056,2863400
1057,2945700
1058,3235400
1059,2847200
1060,2872100
1061,2845500
1062,2848700
1063,2928400
1064,3305800
1065,2875800
1066,2783100
1067,2731200
1068,2919000
1069,2899900
1070,3467500
1071,2693200
1072,2764900
1073,3118700
1074,2953900
1075,3518000
1076,2483500
1077,2859700
1078,2835400
1079,2904800
1080,2969300
1081,3547900
1082,2615200
1083,2949900
1084,2579100
1085,2815000
1086,3170600
1087,3114000
1088,2731600
1089,2876500
1090,2767100
1091,3292700
1092,3299400
1093,2669200
1094,3088100
1095,2807700
1096,2785000
1097,3085300
1098,3103500
1099,2820600
1100,2803800
1101,2880000
1102,2912000
1103,2812500
1104,3256900
1105,2806900
1106,2818000
1107,2988200
1108,2876900
1109,3150900
1110,2720500
1111,3198600
1112,2697300
1113,2903000
1114,2926200
1115,3191900
1116,2808800
1117,2894700
1118,2970100
1119,2637000
1120,3054900
1121,3099400
1122,2797000
1123,3030900
1124,2586900
1125,2909600
1126,3531100
1127,2754700
1128,2795000
1129,2928500
1130,2814000
1131,2851600
1132,3188400
1133,3141700
1134,2746800
1135,2830400
1136,2806000
1137,2945700
1138,3626000
1139,2605700
1140,2627700
1141,2819600
1142,2850400
1143,3286900
1144,2806000
1145,2912700
1146,3030400
1147,2759700
1148,2960800
1149,3267300
1150,2878200
1151,2674500
1152,2842600
1153,2824000
1154,3002800
1155,3233900
1156,2741200
1157,2936700
1158,2664800
1159,2867900
1160,3329700
1161,2922300
1162,2758600
1163,2741800
1164,2880200
1165,3036300
1166,3368100
1167,2734100
1168,3073700
1169,2742100
1170,2867300
1171,3377000
1172,3186200
1173,2693600
1174,2732500
1175,2847600
1176,2849800
1177,3389500
1178,2690600
1179,2873800
1180,2792400
1181,2813700
1182,3020800
1183,3173500
1184,2759700
1185,2848600
1186,2804200
1187,3057700
1188,2765600
1189,3164400
1190,2840100
1191,2754800
1192,2868700
1193,2863800
1194,2877500
1195,3145600
1196,2913900
1197,2809600
1198,2898600
1199,2802100
1200,3435300
1201,2757700
1202,2886500
1203,2916000
1204,3024600
1205,2801800
1206,3106500
1207,3111200
1208,2760300
1209,2826300
1210,2765800
1211,3395300
1212,2687300
1213,2903000
1214,2764300
1215,2776500
1216,2927300
1217,3260600
1218,2789200
1219,2888600
1220,2699600
1221,2915700
1222,2934500
1223,3177500
1224,2993700
1225,2854000
1226,2803800
1227,2834000
1228,2981200
1229,3232200
1230,2796500
1231,2783300
1232,2874900
1233,2826300
1234,3411800
1235,2837700
1236,2733400
1237,2787600
1238,2863200
1239,2864900
1240,3812700
1241,2652300
1242,2687500
1243,2919300
1244,2904500
1245,3203600
1246,3510200
1247,2673600
1248,2854500
1249,2883000
1250,2836900
1251,3444800
1252,2688000
1253,2976200
1254,2814700
1255,2901400
1256,3229000
1257,2966200
1258,2878500
1259,3087400
1260,2733900
1261,2904900
1262,3008000
1263,3255800
1264,2824900
1265,2865800
1266,2875000
1267,3161000
1268,3146000
1269,2908500
1270,2795800
1271,2901300
1272,3081500
1273,3002000
1274,3415700
1275,2781800
1276,2868700
1277,3085000
1278,2860300
1279,3384800
1280,3133200
1281,2825000
1282,3559700
1283,2313400
1284,3014300
1285,3334600
1286,2873100
1287,3011700
1288,2794400
1289,2988300
1290,3390700
1291,2846700
1292,2833600
1293,2975800
1294,2890800
1295,2949200
1296,3402400
1297,2845300
1298,3151700
1299,2705700
1300,2859800
1301,3570800
1302,2897400
1303,2862800
1304,2890300
1305,2950300
1306,3006600
1307,3307100
1308,3025600
1309,2663300
1310,2911500
1311,2815700
1312,3431700
1313,2883300
1314,2886700
1315,2884400
1316,2846000
1317,3068600
1318,3524000
1319,2989200
1320,2644800
1321,2844000
1322,2918600
1323,2924200
1324,3258700
1325,2794300
1326,2796800
1327,2808900
1328,2893900
1329,3126000
1330,3093200
1331,2844100
1332,2791200
1333,2856000
1334,3035300
1335,3384000
1336,3153800
1337,2882900
1338,2597900
1339,2821300
1340,3241100
1341,3078400
1342,3023200
1343,2826600
1344,2498800
1345,2773800
1346,3236600
1347,2905700
1348,2817000
1349,2763600
1350,2706600
1351,3173100
1352,3345200
1353,2978900
1354,2761100
1355,2770300
1356,2831700
1357,3174300
1358,2980000
1359,2770400
1360,2838600
1361,2764100
1362,2857400
1363,3032600
1364,3185100
1365,2691000
1366,2815500
1367,2823700
1368,2996400
1369,3171900
1370,2843900
1371,2778400
1372,2777700
1373,3179300
1374,2672300
1375,3509500
1376,2689600
1377,2854500
1378,2847900
1379,2918100
1380,2859600
1381,3252100
1382,2696100
1383,2881600
1384,3012800
1385,2779000
1386,3526000
1387,3192400
1388,3022000
1389,2517000
1390,4008500
1391,4408700
1392,2159900
1393,1806100
1394,2506800
1395,2735500
1396,2865200
1397,3225000
1398,2932100
1399,2793900
1400,2847800
1401,3054700
1402,3130000
1403,3057400
1404,2850800
1405,2927900
1406,2726600
1407,2819900
1408,2985300
1409,3192300
1410,2792900
1411,2798800
1412,2874000
1413,2913000
1414,3029600
1415,3285100
1416,2571600
1417,2775800
1418,3087700
1419,3045700
1420,3122100
1421,3158500
1422,2690900
1423,2967900
1424,2599200
1425,2930100
1426,3373000
1427,2626000
1428,2755600
1429,2831800
1430,2875500
1431,3133600
1432,3002800
1433,2749100
1434,2883500
1435,2806700
1436,3183800
1437,3267900
1438,2708500
1439,2815600
1440,2806200
1441,2885400
1442,3048100
1443,3135900
1444,2734800
1445,2920100
1446,2795100
1447,2936700
1448,3037300
1449,2977700
1450,2831200
1451,2857800
1452,2871500
1453,3054900
1454,2776500
1455,3142100
1456,2875900
1457,3102300
1458,3139200
1459,2747800
1460,3316600
1461,2704600
1462,2900000
1463,3024600
1464,2719200
1465,2993000
1466,3103300
1467,2859100
1468,2826100
1469,2885000
1470,2874600
1471,3407400
1472,2678700
1473,2839700
1474,3156400
1475,2846800
1476,2969700
1477,3238500
1478,3227200
1479,2525900
1480,2752900
1481,2921200
1482,2883400
1483,3244400
1484,3034200
1485,2796700
1486,2741900
1487,2764100
1488,3487100
1489,2693800
1490,2857400
1491,2810300
1492,3296000
1493,2871800
1494,3142100
1495,2885900
1496,2826500
1497,2751700
1498,2899900
1499,3251200
1500,3202600
1501,2753600
1502,2749700
1503,2929600
1504,2789500
1505,3310200
1506,2820400
1507,2794600
1508,2908400
1509,2830100
1510,3097200
1511,3065700
1512,2771200
1513,3082400
1514,2897200
1515,2736800
1516,3515000
1517,2881300
1518,2642700
1519,2825600
1520,2851200
1521,2851900
1522,3428100
1523,2689100
1524,2819500
1525,2785600
1526,2916000
1527,3178600
1528,2960700
1529,2708500
1530,2896900
1531,2802200
1532,3147000
1533,2666500
1534,3411700
1535,2764500
1536,2864700
1537,2809100
1538,2891000
1539,3226400
1540,2792800
1541,2788000
1542,2871300
1543,3362800
1544,2566400
1545,3135600
1546,2731300
1547,2833500
1548,3199300
1549,2839000
1550,2796200
1551,3223500
1552,2763000
1553,3059700
1554,2648800
1555,2817800
1556,2958600
1557,3137300
1558,2852200
1559,2788100
1560,2872900
1561,2877700
1562,3268100
1563,2726600
1564,2998100
1565,2672400
1566,2838600
1567,3127300
1568,3081500
1569,2766300
1570,3119900
1571,2737500
1572,2875700
1573,3373600
1574,2751000
1575,2869900
1576,2806300
1577,2812100
1578,3019600
1579,2845000
1580,3275800
1581,2707400
1582,2811000
1583,2848200
1584,3120300
1585,3243800
1586,2745600
1587,3111200
1588,2751100
1589,2817100
1590,3070300
1591,3160300
1592,2893300
1593,2781100
1594,2893000
1595,3044400
1596,3438300
1597,2583000
1598,2795700
1599,2842600
1600,2899300
1601,3351500
1602,3052100
1603,2665300
1604,3077300
1605,3046300
1606,2793500
1607,3046100
1608,3176500
1609,2949000
1610,2873000
1611,2926300
1612,3074600
1613,3379500
1614,2851400
1615,2923500
1616,2845300
1617,3061500
1618,2918500
1619,3223100
1620,2927100
1621,2895300
1622,3224900
1623,2852500
1624,3256400
1625,2784200
1626,3220600
1627,3222500
1628,2580500
1629,3439900
1630,2883700
1631,2879100
1632,2856100
1633,3005100
1634,2947300
1635,3442500
1636,2744300
1637,2958000
1638,3087000
1639,2739100
1640,3076500
1641,3205700
1642,3051500
1643,3139600
1644,2707800
1645,3026700
1646,3507700
1647,2815400
1648,2954200
1649,2792200
1650,2908600
1651,2949600
1652,3237300
1653,2889800
1654,2921900
1655,2817800
1656,2919900
1657,3377200
1658,2781900
1659,3072700
1660,2711900
1661,2768700
1662,3119200
1663,3179400
1664,3106800
1665,2769700
1666,2775400
1667,2981300
1668,2852800
1669,3437500
1670,2637000
1671,2901900
1672,2755500
1673,2870100
1674,3374300
1675,2870200
1676,3188400
1677,3046600
1678,2520800
1679,3003600
1680,3198500
1681,2936600
1682,2671800
1683,2837800
1684,2886400
1685,2828200
1686,3753100
1687,3013400
1688,2513300
1689,2644200
1690,2675700
1691,2967500
1692,3072500
1693,2749000
1694,2706100
1695,2852000
1696,2825600
1697,3277800
1698,2811000
1699,3008000
1700,2742300
1701,2996500
1702,2927600
1703,3071200
1704,2741100
1705,2876400
1706,2869700
1707,2956500
1708,2795100
1709,3125800
1710,2772900
1711,2822200
1712,2879000
1713,2923900
1714,2899400
1715,3090700
1716,2852700
1717,2853900
1718,3241700
1719,2635900
1720,3431100
1721,2826500
1722,2899100
1723,2872900
1724,2711300
1725,3051200
1726,3174000
1727,2750700
1728,3124100
1729,2621000
1730,2819000
1731,3324800
1732,2807300
1733,2826100
1734,2909500
1735,2767200
1736,3078300
1737,3116600
1738,3111200
1739,2905600
1740,2702700
1741,2839400
1742,2985100
1743,3126600
1744,3088000
1745,2643900
1746,2825300
1747,2813900
1748,3037200
1749,3181700
1750,2943100
1751,2705400
1752,2843700
1753,2969900
1754,3216800
1755,3117300
1756,2777500
1757,2750100
1758,2868300
1759,3234200
1760,3546000
1761,2965500
1762,2511900
1763,2896300
1764,2613100
1765,2851900
1766,3267800
1767,2856400
1768,2750200
1769,2863100
1770,2855600
1771,3484500
1772,2964300
1773,2771400
1774,2866000
1775,2873200
1776,3159300
1777,2903800
1778,2855400
1779,2864300
1780,2716900
1781,3093700
1782,3199500
1783,2734300
1784,2844700
1785,2742600
1786,2848300
1787,2850000
1788,3330100
1789,2774500
1790,2794300
1791,2776300
1792,3183800
1793,2717700
1794,3515000
1795,2739100
1796,2794500
1797,3171300
1798,2504300
1799,3072900
1800,3065800
1801,2697800
1802,2843700
1803,2828500
1804,2771300
1805,3363800
1806,2823600
1807,2772200
1808,2973000
1809,2690700
1810,2948000
1811,3213100
1812,3003500
1813,2928000
1814,2698200
1815,2782400
1816,2909700
1817,3288400
1818,3146000
1819,2528500
1820,2682400
1821,2788900
1822,3441500
1823,2730000
1824,2907300
1825,2696400
1826,2778300
1827,2909100
1828,3323200
1829,2757900
1830,2948000
1831,2707100
1832,2803700
1833,3227300
1834,3313200
1835,2754200
1836,2808600
1837,2772800
1838,2814400
1839,2984900
1840,3409000
1841,2554000
1842,2819100
1843,2817500
1844,2849000
1845,3340300
1846,3151300
1847,2650000
1848,2788400
1849,2866500
1850,2889800
1851,3361400
1852,2711600
1853,2810800
1854,2903400
1855,2889600
1856,3098400
1857,2997100
1858,2738800
1859,2903800
1860,2848300
1861,2796300
1862,3540600
1863,2853700
1864,2653800
1865,2835600
1866,2802400
1867,2978400
1868,3229200
1869,2797900
1870,2808500
1871,2836000
1872,2853600
1873,3131900
1874,3390800
1875,2640300
1876,2878000
1877,2832700
1878,2911600
1879,2791900
1880,3254000
1881,2746800
1882,2906900
1883,2907400
1884,3119800
1885,3099100
1886,2683400
1887,2802700
1888,2874100
1889,2951200
1890,3009700
1891,3124300
1892,2674900
1893,2808900
1894,3178200
1895,2821200
1896,3118300
1897,3062500
1898,2743400
1899,2901000
1900,2827200
1901,2920700
1902,3265800
1903,2743900
1904,2852800
1905,2834500
1906,2848200
1907,3060600
1908,3359200
1909,2694400
1910,2871400
1911,3068100
1912,2838100
1913,3134400
1914,3127500
1915,2763400
1916,2808400
1917,2844700
1918,2833800
1919,3465000
1920,2899800
1921,2692100
1922,2886900
1923,2799200
1924,2938000
1925,3538600
1926,2626800
1927,2830700
1928,2817600
1929,2837700
1930,3139800
1931,3214400
1932,2736300
1933,3179700
1934,2898100
1935,3038900
1936,3245200
1937,2941600
1938,2709500
1939,2942900
1940,2884700
1941,3167100
1942,3174400
1943,2778400
1944,2880400
1945,2861800
1946,3223700
1947,2982500
1948,3177400
1949,2912400
1950,3175100
1951,3111900
1952,2847800
1953,3283900
1954,2854200
1955,2889800
1956,2912300
1957,3068200
1958,3224600
1959,2837900
1960,2989900
1961,2873200
1962,3132800
1963,2957900
1964,3218000
1965,2835100
1966,3021700
1967,3193600
1968,2905800
1969,3424300
1970,2801900
1971,2941000
1972,3098900
1973,2743400
1974,3033900
1975,3302600
1976,2917500
1977,3036800
1978,2730200
1979,2888700
1980,3522500
1981,2885200
1982,3119400
1983,2752000
1984,3211700
1985,2840200
1986,3301500
1987,3087600
1988,2587800
1989,2908700
1990,2824700
1991,3068800
1992,3114600
1993,2957900
1994,2839400
1995,2850400
1996,2859000
1997,3403600
1998,2993100
1999,2650800
2000,3225300
2001,2414500
2002,3123900
2003,3206100
2004,2672300
2005,3086900
2006,2808200
2007,2786500
2008,3578000
2009,2679100
2010,2755800
2011,2877000
2012,2842200
2013,2865100
2014,3238400
2015,2792600
2016,2744700
2017,2858800
2018,2799200
2019,3622900
2020,3004800
2021,3086200
2022,2517500
2023,2949900
2024,3045800
2025,2736700
2026,3182100
2027,2686400
2028,2792600
2029,2782600
2030,3228200
2031,2865400
2032,3205200
2033,2738300
2034,2544600
2035,3264000
2036,2575300
2037,3191900
2038,2688700
2039,2749400
2040,2756200
2041,2968200
2042,2982500
2043,3135500
2044,2706400
2045,3030300
2046,2971100
2047,2682200
2048,2891700
2049,3155400
2050,2811100
2051,2770900
2052,2925700
2053,2991200
2054,3408300
2055,2789600
2056,2778900
2057,2959100
2058,2810700
2059,3113900
2060,2991100
2061,2757600
2062,3265200
2063,2719500
2064,2854600
2065,2989900
2066,3144400
2067,2795700
2068,2914800
2069,2929100
2070,3227800
2071,2784800
2072,3678500
2073,2569300
2074,2910500
2075,3831000
2076,3816300
2077,2051300
2078,1917700
2079,2852000
2080,2795800
2081,2920900
2082,2870200
2083,3156100
2084,2881000
2085,2835300
2086,2805500
2087,3010400
2088,3252200
2089,2749700
2090,2776000
2091,2884100
2092,2800000
2093,3057100
2094,3647000
2095,2468300
2096,2865600
2097,2784500
2098,2886800
2099,2996400
2100,3548500
2101,2584100
2102,2894900
2103,2963100
2104,3225400
2105,2928100
2106,2648300
2107,2920600
2108,2807600
2109,2866900
2110,3005500
2111,3193500
2112,2723800
2113,2837700
2114,2885900
2115,2794100
2116,3078300
2117,3065300
2118,2795500
2119,2861900
2120,3064700
2121,2906000
2122,3362900
2123,2680100
2124,2855700
2125,2897500
2126,2897100
2127,2884000
2128,3347400
2129,2724800
2130,2870700
2131,2879700
2132,2814700
2133,3013100
2134,3364200
2135,2833000
2136,2814200
2137,2847000
2138,2840300
2139,3538200
2140,2473000
2141,2843800
2142,2824500
2143,2849200
2144,2821600
2145,3365100
2146,2668100
2147,3077100
2148,2649600
2149,2874200
2150,2772500
2151,3281500
2152,2858400
2153,2905500
2154,2708500
2155,3103000
2156,2903500
2157,3255400
2158,2869700
2159,2761600
2160,2817700
2161,2914600
2162,3218800
2163,2947100
2164,2732800
2165,2822600
2166,2880700
2167,2790300
2168,3655900
2169,2648600
2170,2799600
2171,2754800
2172,2854900
2173,3038500
2174,4698600
2175,1828200
2176,2227100
2177,3134400
2178,2952000
2179,3305900
2180,2717600
2181,2896000
2182,2712000
2183,2944800
2184,2816400
2185,3279400
2186,2724400
2187,2852800
2188,2771500
2189,2812000
2190,3165800
2191,3062900
2192,2780700
2193,2869400
2194,2807800
2195,2765300
2196,3049300
2197,3111200
2198,2925700
2199,2916500
2200,2890800
2201,3074400
2202,3182100
2203,2684700
2204,2891200
2205,2759600
2206,3259400
2207,3132200
2208,2789000
2209,3077900
2210,2543100
2211,2932500
2212,2730200
2213,3042900
2214,3109600
2215,2790100
2216,2933400
2217,2787100
2218,2803100
2219,3268100
2220,2807600
2221,2874700
2222,2770300
2223,2793200
2224,2939700
2225,3200600
2226,2805600
2227,3306100
2228,2553400
2229,2964300
2230,3088100
2231,3068700
2232,2952500
2233,2710100
2234,2775300
2235,2897500
2236,3340100
2237,2761200
2238,2870300
2239,2794600
2240,2836900
2241,2923700
2242,3281900
2243,3019400
2244,3046900
2245,2404200
2246,2834300
2247,2976500
2248,3439600
2249,2742800
2250,2722100
2251,2901100
2252,2902100
2253,3419200
2254,2711200
2255,3138800
2256,2756000
2257,2964100
2258,2888700
2259,3362000
2260,2705800
2261,2926800
2262,2717500
2263,2882900
2264,3498100
2265,2737700
2266,2878600
2267,2774700
2268,2887100
2269,3018100
2270,3011800
2271,2957000
2272,3200400
2273,2879000
2274,2840100
2275,3122900
2276,3119900
2277,2892200
2278,3253900
2279,2549400
2280,3108900
2281,3002600
2282,3193400
2283,2798300
2284,2991000
2285,3073100
2286,2920600
2287,3233600
2288,2785800
2289,3271400
2290,3002400
2291,2759000
2292,3484000
2293,2868600
2294,2916400
2295,2911100
2296,2958900
2297,2985800
2298,3256600
2299,2922800
2300,3020100
2301,2859300
2302,2943700
2303,3056900
2304,3332700
2305,2897300
2306,3336200
2307,2597600
2308,3036600
2309,3265600
2310,3221800
2311,3057400
2312,3231700
2313,2495500
2314,3644500
2315,2790200
2316,2964000
2317,2880800
2318,3050200
2319,2869300
2320,3301100
2321,3094900
2322,2741300
2323,2986200
2324,2879500
2325,3075900
2326,3209700
2327,3210700
2328,2771600
2329,3000400
2330,2944900
2331,3194500
2332,2908600
2333,2976400
2334,2862500
2335,2830600
2336,2996900
2337,3332000
2338,2811800
2339,2867400
2340,2867200
2341,3064300
2342,3335600
2343,2694500
2344,3160600
2345,2821300
2346,3176100
2347,2886500
2348,3138100
2349,2740900
2350,2859800
2351,3022600
2352,2704000
2353,3498000
2354,2923300
2355,2784300
2356,2895000
2357,2799000
2358,3056900
2359,3240200
2360,2701000
2361,2898900
2362,2843600
2363,3073100
2364,3196800
2365,3065700
2366,2740800
2367,3157200
2368,2974000
2369,2624100
2370,2741000
2371,3164700
2372,2772300
2373,2948500
2374,3138200
2375,3034700
2376,3031500
2377,2759100
2378,2619000
2379,2940100
2380,2646000
2381,3789500
2382,2260900
2383,3074500
2384,2666100
2385,2833300
2386,2801100
2387,3423600
2388,2752000
2389,2885700
2390,2812500
2391,2690400
2392,2893100
2393,2860000
2394,3341900
2395,2674600
2396,2937500
2397,2822800
2398,3214600
2399,3328500
2400,2702100
2401,2992200
2402,2720900
2403,2793800
2404,3019100
2405,3287500
2406,2860800
2407,2756500
2408,2826200
2409,2879400
2410,3310000
2411,2748700
2412,2904500
2413,2785300
2414,2883500
2415,2910200
2416,3855400
2417,2365200
2418,2703200
2419,2786900
2420,2862100
2421,3175300
2422,3174100
2423,2701700
2424,2843300
2425,3156200
2426,2815800
2427,3617200
2428,2775500
2429,2803200
2430,2844100
2431,2906500
2432,2910000
2433,3322400
2434,2713100
2435,2850800
2436,2847900
2437,2868800
2438,3053500
2439,3704700
2440,2430600
2441,2904400
2442,2920500
2443,2925900
2444,3345300
2445,2736200
2446,2815400
2447,2823300
2448,2832200
2449,3126300
2450,3489900
2451,2399300
2452,2832000
2453,2838300
2454,2796200
2455,3594200
2456,2661100
2457,2817700
2458,2749800
2459,2917900
2460,3312100
2461,3167500
2462,2755900
2463,2853800
2464,2764800
2465,3065500
2466,2816600
2467,3302800
2468,2861100
2469,2737700
2470,2868700
2471,2875000
2472,2932200
2473,3367300
2474,2573900
2475,2931100
2476,2968600
2477,3052600
2478,3204300
2479,2730400
2480,2748600
2481,2904900
2482,2758500
2483,3032400
2484,3146800
2485,3451500
2486,2104200
2487,2881800
2488,2829200
2489,2898900
2490,3227400
2491,2694000
2492,3194400
2493,2526800
2494,2941000
2495,3057800
2496,3290600
2497,3032300
2498,2517000
2499,2843400
2500,2882500
2501,3439600
2502,2677200
2503,2910800
2504,2729200
2505,2932800
2506,2965100
2507,3192200
2508,2804800
2509,2710900
2510,2787800
2511,2853700
2512,3443000
2513,2870300
2514,2680600
2515,2738300
2516,2840200
2517,2890200
2518,3518800
2519,2598300
2520,3191600
2521,2638800
2522,2900900
2523,2833500
2524,3318100
2525,2691100
2526,2847400
2527,2871200
2528,2794600
2529,3186100
2530,3131800
2531,2713300
2532,2781900
2533,2900700
2534,2836400
2535,3447600
2536,2725000
2537,2814200
2538,3103600
2539,2878800
2540,3013500
2541,3444600
2542,2683200
2543,2841900
2544,2839800
2545,2895000
2546,3019500
2547,3184000
2548,2691900
2549,2932700
2550,3002700
2551,2948100
2552,3128000
2553,2830700
2554,2684400
2555,3254300
2556,2630100
2557,2856500
2558,3108100
2559,2833000
2560,2773600
2561,3055400
2562,2722900
2563,2907400
2564,3242300
2565,2825600
2566,3113800
2567,2824100
2568,2656000
2569,3250800
2570,2834400
2571,2867300
2572,2947200
2573,2999000
2574,2994700
2575,3363500
2576,2798100
2577,2799300
2578,2889500
2579,2732600
2580,2983300
2581,3224300
2582,2863400
2583,2786800
2584,2822500
2585,2798700
2586,3475900
2587,2945300
2588,2553400
2589,2824800
2590,3274800
2591,2657100
2592,3110700
2593,2842700
2594,3049500
2595,2775900
2596,2871100
2597,2905200
2598,3397200
2599,2809900
2600,2764700
2601,2879800
2602,2889000
2603,3668100
2604,2626300
2605,2743600
2606,2872000
2607,2797800
2608,3195900
2609,3171900
2610,2796800
2611,3068600
2612,2910500
2613,2846100
2614,3691600
2615,2742500
2616,2806100
2617,2885200
2618,2941500
2619,3125600
2620,3320000
2621,2709000
2622,2860800
2623,2889200
2624,3504600
2625,2644400
2626,3085300
2627,2871000
2628,2947200
2629,2940400
2630,3030500
2631,3497700
2632,2691400
2633,3219600
2634,2933300
2635,2936300
2636,3034100
2637,3288300
2638,2887300
2639,2952300
2640,3032300
2641,2891300
2642,3487900
2643,2816400
2644,2965800
2645,3069500
2646,2754500
2647,3311000
2648,3327900
2649,3076600
2650,3028300
2651,2806600
2652,3016900
2653,3425300
2654,2774700
2655,3032800
2656,2800900
2657,2957600
2658,3558900
2659,2754800
2660,3014200
2661,2780500
2662,3221800
2663,3058200
2664,3278100
2665,2917400
2666,2794800
2667,2822300
2668,2955400
2669,3090100
2670,3045500
2671,2982900
2672,2788300
2673,2961600
2674,2825700
2675,3014700
2676,3334800
2677,2713700
2678,2919300
2679,2826900
2680,2963200
2681,3452200
2682,2608500
2683,3048000
2684,2820900
2685,2820800
2686,3291500
2687,3143800
2688,2783700
2689,2929900
2690,2800600
2691,2984300
2692,3153300
2693,2729800
2694,2835900
2695,2857300
2696,2831300
2697,3329800
2698,2879300
2699,2744900
2700,2841000
2701,2827900
2702,2863700
2703,3232500
2704,3254100
2705,3095400
2706,2578800
2707,2728500
2708,3153100
2709,3189200
2710,2525000
2711,2813100
2712,2726200
2713,2853800
2714,3123400
2715,3005600
2716,2805800
2717,2713000
2718,2835500
2719,2972100
2720,3187200
2721,3573200
2722,2523800
2723,2651500
2724,2716100
2725,3180400
2726,2689100
2727,3335400
2728,2789200
2729,2807300
2730,3007800
2731,2852500
2732,3261100
2733,2693900
2734,2825100
2735,2962800
2736,2832200
2737,3078200
2738,3054700
2739,2856000
2740,2800500
2741,3003700
2742,2698500
2743,3100500
2744,3411600
2745,2801500
2746,2956700
2747,2765800
2748,2978700
2749,3211600
2750,2765700
2751,3164200
2752,2651200
2753,2852200
2754,2924800
2755,3568900
2756,3114100
2757,2541600
2758,3968300
2759,4693800
2760,2376700
2761,1892100
2762,2607800
2763,2719700
2764,2937400
2765,3143900
2766,3187200
2767,2994000
2768,2694000
2769,2924000
2770,2801900
2771,3279000
2772,2795100
2773,3559600
2774,2396700
2775,2778200
2776,2887000
2777,3253100
2778,3131800
2779,2723800
2780,2746800
2781,2699800
2782,3143500
2783,3602000
2784,2297100
2785,2741800
2786,3033200
2787,3099300
2788,3034300
2789,2763900
2790,2758900
2791,2958600
2792,2707200
2793,2839100
2794,3465100
2795,2589400
2796,2870000
2797,2818900
2798,2962300
2799,3078800
2800,3176400
2801,2785200
2802,2720700
2803,2898200
2804,3014500
2805,3141200
2806,3037700
2807,2730300
2808,2838200
2809,2770900
2810,3049000
2811,2662900
2812,3268500
2813,2729500
2814,2826800
2815,2852800
2816,3133500
2817,3329000
2818,2534300
2819,2823900
2820,2841600
2821,2876100
2822,2835200
2823,3291600
2824,2685100
2825,2839300
2826,3198600
2827,2537500
2828,2969100
2829,3072100
2830,2811900
2831,2849900
2832,2829900
2833,2794900
2834,3627600
2835,2677900
2836,2868500
2837,2992500
2838,2670100
2839,3083800
2840,3122800
2841,2689400
2842,2901900
2843,3197200
2844,2704300
2845,3078600
2846,3174800
2847,2801700
2848,2958000
2849,2719000
2850,3059000
2851,3139300
2852,2896100
2853,2909400
2854,2632300
2855,2914900
2856,3061300
2857,3115300
2858,2868500
2859,2746900
2860,3084400
2861,2840400
2862,3026300
2863,3210800
2864,2764400
2865,2842700
2866,2839000
2867,2890100
2868,3311700
2869,3059200
2870,2599500
2871,2772900
2872,2858200
2873,3103800
2874,3227600
2875,2924000
2876,2702900
2877,2829800
2878,3151500
2879,3337700
2880,2879700
2881,2749600
2882,2804500
2883,2803300
2884,2859000
2885,3494100
2886,2640300
2887,2713500
2888,2853500
2889,2822400
2890,2943800
2891,3612800
2892,2530600
2893,2732100
2894,2818600
2895,2838600
2896,2998300
2897,3106400
2898,2822800
2899,2758400
2900,2841800
2901,2841400
2902,3020800
2903,3171200
2904,2813600
2905,2820800
2906,2773600
2907,3282900
2908,3042500
2909,2653000
2910,2882600
2911,2737300
2912,2973200
2913,3231300
2914,3059800
2915,2790900
2916,2702100
2917,3239000
2918,2756400
2919,3294400
2920,2793200
2921,2826200
2922,2859600
2923,2798900
2924,2968700
2925,3276900
2926,2736500
2927,2785700
2928,2938400
2929,2715800
2930,3111000
2931,3025000
2932,2858700
2933,2944200
2934,2963600
2935,2783000
2936,2939200
2937,3273500
2938,2799200
2939,2802000
2940,2806000
2941,2894000
2942,3416700
2943,2730300
2944,2848200
2945,2743900
2946,2876300
2947,2848500
2948,3507100
2949,2749500
2950,2841300
2951,2774600
2952,2896000
2953,3046700
2954,3337900
2955,2566800
2956,3227600
2957,2737400
2958,2961000
2959,3250400
2960,2988400
2961,2691700
2962,2889200
2963,2891000
2964,3093800
2965,3330400
2966,2682000
2967,2924100
2968,2889100
2969,2846000
2970,3643000
2971,2744800
2972,2809600
2973,3172800
2974,2930200
2975,2909700
2976,3529400
2977,2753000
2978,2957800
2979,2890200
2980,2891600
2981,3194100
2982,3301200
2983,2838700
2984,2941900
2985,2923400
2986,3190600
2987,3267300
2988,2852500
2989,2875800
2990,3012400
2991,3063200
2992,2941500
2993,3204700
2994,3123500
2995,2921200
2996,3038000
2997,2966100
2998,3721100
2999,2374900
3000,3018600
3001,3046200
3002,2712900
3003,3120100
3004,3162000
3005,2823200
3006,2854700
3007,2999300
3008,2848100
3009,3343800
3010,2805400
3011,3141700
3012,2964800
3013,2800200
3014,2966500
3015,3323700
3016,2773900
3017,3024400
3018,2717600
3019,2838200
3020,3570500
3021,2618500
3022,3031000
3023,2732700
3024,2868100
3025,3041800
3026,3263300
3027,2671400
3028,3162000
3029,2829200
3030,2825100
3031,2957700
3032,3268600
3033,2769200
3034,2828100
3035,2890500
3036,2782900
3037,2880800
3038,3606900
3039,2456200
3040,2837600
3041,2817300
3042,2911900
3043,3296600
3044,3059600
3045,3062900
3046,2941700
3047,2648500
3048,2927000
3049,3278500
3050,2677000
3051,2782400
3052,2675200
3053,2796800
3054,3161600
3055,2970700
3056,2846200
3057,2724100
3058,2842800
3059,2832400
3060,3757400
3061,2563400
3062,2775800
3063,2992700
3064,2833800
3065,3222000
3066,2979800
3067,2910400
3068,2720800
3069,2677900
3070,2866100
3071,2984300
3072,3125600
3073,2794700
3074,2762300
3075,2853800
3076,2861300
3077,3335100
3078,2669700
3079,2785700
3080,2913800
3081,2920200
3082,2972000
3083,3087900
3084,2721900
3085,3070200
3086,3005500
3087,2718100
3088,2951300
3089,3082900
3090,2825200
3091,2850700
3092,2902700
3093,2721900
3094,3248700
3095,3005300
3096,2894000
3097,2944300
3098,2719800
3099,2813700
3100,3236500
3101,2742300
3102,2936000
3103,2881200
3104,2676400
3105,2996400
3106,3176800
3107,3091400
3108,2745700
3109,2823700
3110,2788200
3111,3128900
3112,3032600
3113,2908000
3114,2701600
3115,2765900
3116,2868700
3117,3396600
3118,2691400
3119,3424300
3120,2699200
3121,2878600
3122,2711500
3123,3247700
3124,2857200
3125,2684200
3126,2785400
3127,2887200
3128,2860100
3129,3256800
3130,2778600
3131,2793000
3132,2914300
3133,2760700
3134,3189500
3135,3253100
3136,2681500
3137,2833500
3138,2845800
3139,3079700
3140,3217300
3141,2965300
3142,2769700
3143,2834600
3144,2864500
3145,2897600
3146,3204500
3147,2845500
3148,2715100
3149,2855900
3150,2848300
3151,3028700
3152,3258600
3153,2690400
3154,2826200
3155,2865900
3156,2906600
3157,3506000
3158,2550700
3159,2719100
3160,2872700
3161,2798400
3162,3136900
3163,3225200
3164,2764200
3165,2827800
3166,2813800
3167,3054200
3168,2765800
3169,3277200
3170,2826100
3171,2806100
3172,3000300
3173,2693500
3174,3458200
3175,2713400
3176,2801200
3177,2801500
3178,2916700
3179,2989700
3180,3440000
3181,2782500
3182,2836500
3183,2888700
3184,2802900
3185,2861500
3186,3252300
3187,2921100
3188,2764800
3189,2850800
3190,2894500
3191,3327400
3192,2703100
3193,2947100
3194,2750300
3195,2871100
3196,2953000
3197,3247200
3198,3108700
3199,2857300
3200,2693800
3201,2892100
3202,2907800
3203,3193100
3204,3134700
3205,2525800
3206,2884100
3207,2774200
3208,3235400
3209,3131300
3210,2894400
3211,2714000
3212,2862200
3213,2888800
3214,3250900
3215,2918900
3216,2836900
3217,2633600
3218,2897900
3219,3217300
3220,3144700
3221,2832700
3222,2851800
3223,2811700
3224,2787200
3225,2935200
3226,3495400
3227,2576900
3228,2843100
3229,2772500
3230,2891400
3231,3542100
3232,2577700
3233,2737600
3234,2910700
3235,2962700
3236,2677600
3237,3595400
3238,2611900
3239,2683100
3240,2880400
3241,2791300
3242,2895000
3243,3222800
3244,2835700
3245,2843600
3246,2747100
3247,2899500
3248,3856900
3249,2505100
3250,2845700
3251,2734000
3252,2817300
3253,2859000
3254,3503300
3255,2651700
3256,2858800
3257,2763900
3258,2759100
3259,3320800
3260,3151700
3261,2799000
3262,2854800
3263,2773000
3264,2921400
3265,3321100
3266,2734200
3267,2915000
3268,2750200
3269,3013600
3270,2780600
3271,3307600
3272,2720600
3273,2886700
3274,2785800
3275,2945800
3276,3041900
3277,3120100
3278,2780100
3279,2876300
3280,3279800
3281,2757700
3282,3460700
3283,2770600
3284,2909100
3285,3017900
3286,2685500
3287,2972100
3288,3250600
3289,2802600
3290,2869800
3291,2878600
3292,2850900
3293,3116900
3294,3065000
3295,2853400
3296,2922500
3297,3029600
3298,2930100
3299,3328000
3300,2876300
3301,3045800
3302,2665600
3303,2964800
3304,2926500
3305,3340300
3306,2942100
3307,2825700
3308,2923000
3309,2915300
3310,3464800
3311,2829300
3312,3132700
3313,2709400
3314,2912200
3315,3172000
3316,3232300
3317,2990300
3318,2781400
3319,3196500
3320,2931900
3321,3689100
3322,3025300
3323,2752100
3324,2996400
3325,2881600
3326,3026300
3327,3390500
3328,2832300
3329,2909600
3330,2884500
3331,2932200
3332,3124800
3333,3231400
3334,2832700
3335,3113400
3336,2995300
3337,2920400
3338,3769200
3339,2494000
3340,2895700
3341,2893100
3342,2881300
3343,3132100
3344,3162700
3345,2806000
3346,2936300
3347,2829000
3348,3216500
3349,3124800
3350,2727300
3351,2956200
3352,3059800
3353,3003700
3354,2935800
3355,3451200
3356,2792900
3357,2824300
3358,2874900
3359,2909700
3360,3296500
3361,2810800
3362,2822500
3363,2828100
3364,2875400
3365,2943100
3366,3370400
3367,2678500
3368,2759100
3369,2914700
3370,2785000
3371,3022400
3372,3185300
3373,2695000
3374,3202200
3375,2640800
3376,2924300
3377,2818200
3378,3246800
3379,2960100
3380,2631400
3381,2817500
3382,2904900
3383,3240400
3384,2762400
3385,3047800
3386,2865400
3387,2948900
3388,2904000
3389,2951100
3390,3009800
3391,2788300
3392,2938700
3393,2828700
3394,3406200
3395,2981000
3396,2513600
3397,2779100
3398,2888500
3399,2948100
3400,2821200
3401,3233300
3402,2788900
3403,2732000
3404,2879700
3405,3032900
3406,3119000
3407,2682200
3408,2762400
3409,3083800
3410,2883700
3411,3026200
3412,3578200
3413,3011100
3414,2465300
3415,2726900
3416,2777500
3417,2900100
3418,3193900
3419,2794500
3420,2801100
3421,2823100
3422,4020500
3423,2646800
3424,2366600
3425,2843200
3426,2824300
3427,2842900
3428,3227400
3429,3003400
3430,2711700
3431,3176500
3432,2806400
3433,3015100
3434,3006400
3435,3218400
3436,2842800
3437,2821100
3438,3105600
3439,3341000
3440,3377800
3441,2258300
3442,3458500
3443,4779200
3444,3431800
3445,2036400
3446,2414200
3447,2859500
3448,2804800
3449,2879900
3450,3107100
3451,2956300
3452,2788900
3453,2800400
3454,2983500
3455,2721100
3456,2984600
3457,3100300
3458,2814500
3459,2782500
3460,3388100
3461,2727200
3462,2775800
3463,3205600
3464,2840900
3465,2953000
3466,2758700
3467,2885500
3468,3413200
3469,2752700
3470,3077200
3471,2698400
3472,2830700
3473,2978300
3474,3148900
3475,2720300
3476,2896300
3477,2798100
3478,2830900
3479,3015600
3480,3057200
3481,3119100
3482,2647500
3483,2783500
3484,3078900
3485,3143500
3486,2692800
3487,2826900
3488,2949200
3489,2990000
3490,2978700
3491,3171600
3492,2936200
3493,2828400
3494,2762300
3495,2867500
3496,3298300
3497,2948700
3498,2794200
3499,2675300
3500,2822200
3501,2877100
3502,3909100
3503,2460500
3504,2836000
3505,2738400
3506,2878900
3507,3092000
3508,3222600
3509,2814700
3510,2836400
3511,2796100
3512,2858100
3513,2872600
3514,3280500
3515,2832200
3516,2807200
3517,2757100
3518,2898300
3519,3281700
3520,2805700
3521,2838700
3522,2792600
3523,2792200
3524,3212500
3525,3046400
3526,2670500
3527,2861400
3528,3112000
3529,2812300
3530,2931000
3531,3242100
3532,2726000
3533,2814500
3534,2867300
3535,3020600
3536,3260000
3537,2683600
3538,2842400
3539,2819800
3540,2821600
3541,3109800
3542,3330600
3543,2629900
3544,2882900
3545,3041100
3546,2998700
3547,3002200
3548,3054100
3549,2727500
3550,2877100
3551,3096600
3552,2700800
3553,3256900
3554,2656200
3555,2927300
3556,2791900
3557,2914000
3558,3083000
3559,3056600
3560,2762900
3561,2826300
3562,2932000
3563,2967800
3564,2980100
3565,3168900
3566,2759900
3567,2819600
3568,2905200
3569,2776000
3570,3398500
3571,2690700
3572,2840600
3573,3029200
3574,2646100
3575,2887500
3576,3492200
3577,2690700
3578,3029600
3579,2985500
3580,2567800
3581,2836400
3582,3337800
3583,2672500
3584,2876700
3585,2799900
3586,2863900
3587,3320600
3588,2800800
3589,3035000
3590,2702600
3591,2766700
3592,2908200
3593,3368200
3594,2935100
3595,2646500
3596,2853600
3597,2809800
3598,3189100
3599,3261000
3600,2715200
3601,2884800
3602,2857000
3603,2849500
3604,3003100
3605,3262800
3606,2804300
3607,2839500
3608,2799100
3609,2926700
3610,3689100
3611,2683600
3612,2606700
3613,2753200
3614,2964100
3615,3283300
3616,3112500
3617,2707800
3618,2940800
3619,3034300
3620,2977300
3621,3401100
3622,2820300
3623,2820100
3624,2765700
3625,2998100
3626,3028500
3627,3326100
3628,2761500
3629,2925700
3630,2832800
3631,3154500
3632,2947200
3633,2998700
3634,2770000
3635,2879700
3636,2839900
3637,3146700
3638,3143600
3639,2818600
3640,2834300
3641,3137500
3642,3061900
3643,2951400
3644,3118200
3645,2899500
3646,3023000
3647,2940900
3648,2803600
3649,3591600
3650,2828100
3651,2875800
3652,3051800
3653,2848200
3654,3245300
3655,3007400
3656,2822400
3657,3215900
3658,2940000
3659,2834800
3660,3026900
3661,3338000
3662,2886100
3663,2957100
3664,2968400
3665,2963200
3666,3333300
3667,2831900
3668,2962400
3669,2923100
3670,2802200
3671,3188300
3672,3122500
3673,2890400
3674,3200400
3675,2898900
3676,3192100
3677,3177600
3678,3567800
3679,2152400
3680,2907500
3681,2858100
3682,2985600
3683,3417600
3684,2741400
3685,2945200
3686,2807800
3687,3048600
3688,3438300
3689,2936900
3690,2809500
3691,3066700
3692,2914000
3693,2953600
3694,3342300
3695,2851400
3696,2846400
3697,2839800
3698,2893800
3699,3495100
3700,2724000
3701,2836700
3702,2834100
3703,2839000
3704,2926700
3705,3364800
3706,2772200
3707,2824200
3708,2847500
3709,2841500
3710,3099900
3711,3092600
3712,2761000
3713,3132900
3714,2750000
3715,2891400
3716,2911900
3717,3244600
3718,2746900
3719,2898800
3720,2870700
3721,2998300
3722,3092500
3723,2842900
3724,2703700
3725,2885200
3726,3065700
3727,3355700
3728,3317900
3729,2603400
3730,2914600
3731,2847900
3732,2800700
3733,2831900
3734,3143500
3735,2753200
3736,2860600
3737,2848600
3738,2937300
3739,3150800
3740,2795200
3741,2799700
3742,3030700
3743,2591300
3744,2897100
3745,3078200
3746,2823500
3747,2779300
3748,3015400
3749,2655000
3750,2942400
3751,3335300
3752,2997600
3753,2978400
3754,2677400
3755,2935000
3756,3293500
3757,2833600
3758,3057200
3759,2791400
3760,2801700
3761,3077500
3762,3225900
3763,2693000
3764,2877300
3765,2740300
3766,2848800
3767,3227200
3768,2959500
3769,3112600
3770,2741300
3771,2886400
3772,2893000
3773,3365800
3774,2753500
3775,2810300
3776,2814000
3777,2791900
3778,3061600
3779,3128700
3780,2812500
3781,2764600
3782,2837100
3783,2888800
3784,2865800
3785,3527600
3786,2565300
3787,3056400
3788,2808800
3789,2887300
3790,3352300
3791,2729600
3792,2846500
3793,2803700
3794,2845000
3795,3032100
3796,3641000
3797,2497300
3798,2868100
3799,2667700
3800,2874400
3801,3320700
3802,2964700
3803,2697300
3804,2846600
3805,2817100
3806,2857400
3807,3047300
3808,3455500
3809,2717500
3810,2859000
3811,2836500
3812,2933500
3813,3271000
3814,2803900
3815,2748800
3816,2899500
3817,3129000
3818,2669200
3819,3282100
3820,2656400
3821,2855500
3822,2805300
3823,2971000
3824,2893400
3825,3196700
3826,2983000
3827,2797500
3828,2992500
3829,2728600
3830,3434900
3831,2622300
3832,2944700
3833,2715900
3834,2978600
3835,2886100
3836,3336000
3837,2820300
3838,2789100
3839,2848300
3840,2794000
3841,2952600
3842,3249600
3843,2722000
3844,2873800
3845,2929600
3846,2773700
3847,3293400
3848,3084800
3849,2752100
3850,2944200
3851,2742200
3852,2922800
3853,3205000
3854,2887300
3855,2878500
3856,2664000
3857,2820000
3858,2963000
3859,3103500
3860,2897800
3861,2793500
3862,2784700
3863,2787800
3864,2967900
3865,3549800
3866,2744400
3867,2797600
3868,2783800
3869,2902900
3870,3233500
3871,2951600
3872,2674800
3873,2808800
3874,2806400
3875,3011700
3876,3605500
3877,2489500
3878,2817800
3879,2800300
3880,2849600
3881,3003000
3882,3458600
3883,2691700
3884,2895200
3885,2729700
3886,2915000
3887,3302200
3888,2843200
3889,2800300
3890,2812800
3891,2927000
3892,3297200
3893,2885800
3894,2712800
3895,2793200
3896,2867100
3897,2799500
3898,3320500
3899,3066300
3900,2974600
3901,2911100
3902,2704800
3903,3000500
3904,3216300
3905,2790100
3906,2809800
3907,2796800
3908,2927800
3909,3163500
3910,3207100
3911,2743700
3912,2861700
3913,2828700
3914,2893900
3915,2969000
3916,3114900
3917,2805700
3918,2827700
3919,3260700
3920,2624500
3921,3197700
3922,2800700
3923,2781800
3924,2939200
3925,2919900
3926,2807900
3927,3184400
3928,2782800
3929,3187500
3930,2792100
3931,2657300
3932,3150900
3933,3015400
3934,2806000
3935,2967700
3936,2751800
3937,2848600
3938,3378500
3939,2994600
3940,2869700
3941,2814000
3942,2939300
3943,2872700
3944,3353000
3945,2859700
3946,2747100
3947,2793700
3948,2844000
3949,3428200
3950,2830100
3951,2801200
3952,2878000
3953,2815500
3954,2897300
3955,3401300
3956,2844700
3957,2669200
3958,2883300
3959,2792100
3960,3138200
3961,3426600
3962,2630200
3963,2753400
3964,2887600
3965,3092900
3966,3255000
3967,3188900
3968,2839200
3969,2829900
3970,2838500
3971,3147900
3972,3206900
3973,3006800
3974,2811200
3975,2875200
3976,2940100
3977,3139200
3978,3009800
3979,2835000
3980,2852800
3981,2859400
3982,3316100
3983,2665100
3984,3165500
3985,2860500
3986,2894100
3987,2883600
3988,3138100
3989,3332600
3990,2825900
3991,2880900
3992,2839500
3993,3292100
3994,2792400
3995,3214200
3996,2880800
3997,2911000
3998,3151600
3999,2863400
4000,3243900
4001,2822300
4002,2935800
4003,2898300
4004,2872200
4005,3138100
4006,3092000
4007,2841100
4008,2979900
4009,3083900
4010,2791700
4011,3308300
4012,2854100
4013,2952700
4014,3042700
4015,2680100
4016,3227700
4017,3148600
4018,3464000
4019,2180900
4020,3244800
4021,2970300
4022,3161200
4023,3154500
4024,2813500
4025,2996300
4026,2893500
4027,2978200
4028,3172700
4029,2855200
4030,2984000
4031,2895800
4032,2785000
4033,3259100
4034,3039400
4035,2946500
4036,2749800
4037,3174600
4038,3074600
4039,3103300
4040,3025000
4041,2633500
4042,2901600
4043,2928800
4044,2826000
4045,3308400
4046,2843100
4047,2806400
4048,2905500
4049,2760500
4050,3363400
4051,2835500
4052,2807500
4053,2881200
4054,2763500
4055,3167400
4056,3212100
4057,2692000
4058,2851900
4059,3098200
4060,2816200
4061,2827000
4062,3493800
4063,2711400
4064,2824200
4065,2894000
4066,2704300
4067,3612100
4068,2889600
4069,2933900
4070,2673100
4071,2702300
4072,3353200
4073,2877200
4074,2646600
4075,2755300
4076,3199600
4077,2787800
4078,2921300
4079,3243200
4080,2774600
4081,2805800
4082,2839600
4083,2861500
4084,2881300
4085,3118800
4086,2797000
4087,2867000
4088,2831600
4089,2932100
4090,2895400
4091,3141900
4092,2752700
4093,3135100
4094,2952300
4095,2801900
4096,3369000
4097,2727600
4098,2934700
4099,2861600
4100,2800300
4101,3005900
4102,3089100
4103,2788700
4104,2884300
4105,3058200
4106,3323800
4107,2639900
4108,2827000
4109,2824900
4110,2771500
4111,2803300
4112,3032900
4113,3140500
4114,2704500
4115,3282000
4116,2711100
4117,2835600
4118,3097300
4119,3720000
4120,2300300
4121,3860900
4122,4642000
4123,3297300
4124,1830700
4125,2176700
4126,2745000
4127,2798900
4128,2874000
4129,3068900
4130,2977500
4131,2836000
4132,3075100
4133,2759900
4134,2935500
4135,3466700
4136,3205100
4137,2831800
4138,2607300
4139,2645200
4140,2955700
4141,3313000
4142,2604900
4143,2900900
4144,2648500
4145,2804900
4146,3144400
4147,3076300
4148,2789400
4149,2662600
4150,3230400
4151,2740100
4152,3384300
4153,2738200
4154,2867300
4155,2751200
4156,2831200
4157,2917400
4158,3300500
4159,2701400
4160,2926900
4161,2696200
4162,2942500
4163,2939900
4164,3119900
4165,2793800
4166,2872500
4167,2808500
4168,3157500
4169,2774600
4170,3067700
4171,3086100
4172,2863800
4173,2727400
4174,2953000
4175,3454600
4176,2749500
4177,2804200
4178,2961000
4179,2751600
4180,2925600
4181,3263700
4182,2680300
4183,2904200
4184,2895200
4185,2733800
4186,2968600
4187,3187600
4188,2823900
4189,3092500
4190,2813900
4191,2826500
4192,3374200
4193,2691900
4194,2827800
4195,2950800
4196,2726100
4197,2914000
4198,3226600
4199,2729200
4200,2901300
4201,2768900
4202,2832500
4203,3082800
4204,3169700
4205,2695800
4206,3351500
4207,2587500
4208,2846500
4209,3505400
4210,2782000
4211,3074300
4212,2649700
4213,2739100
4214,2964400
4215,3250300
4216,2764600
4217,2871200
4218,2745300
4219,2857100
4220,2885500
4221,3262200
4222,2969800
4223,2977300
4224,2715400
4225,2862300
4226,3388000
4227,2803600
4228,2793100
4229,2772800
4230,2831400
4231,3051700
4232,3116700
4233,2854900
4234,2771300
4235,2799400
4236,2850200
4237,2883400
4238,3433100
4239,2667000
4240,2802600
4241,2833800
4242,2747800
4243,3359200
4244,2831400
4245,3077700
4246,2847700
4247,2757700
4248,2956800
4249,3405900
4250,2936300
4251,2845000
4252,2773100
4253,2879800
4254,3039500
4255,3052300
4256,2808300
4257,2794800
4258,2846600
4259,3020300
4260,2895600
4261,3135000
4262,2665300
4263,2896000
4264,2783300
4265,3257400
4266,2634100
4267,3155800
4268,2811000
4269,2785700
4270,3071700
4271,2835900
4272,3235800
4273,2694800
4274,2873500
4275,2787300
4276,2888300
4277,2969100
4278,3169000
4279,2726300
4280,2945500
4281,3084600
4282,2601900
4283,3100300
4284,3583600
4285,2735700
4286,2966600
4287,2760700
4288,3002800
4289,3243400
4290,2686800
4291,3081500
4292,2631000
4293,2963400
4294,2898700
4295,3226100
4296,2844400
4297,2826900
4298,2792300
4299,2929400
4300,3544300
4301,3033900
4302,2772100
4303,2925000
4304,2773800
4305,3041800
4306,3196900
4307,2859600
4308,2788100
4309,2882000
4310,2806000
4311,2985400
4312,3530200
4313,2566100
4314,2868800
4315,2850700
4316,2919600
4317,3508300
4318,2712600
4319,3100000
4320,2810900
4321,2854000
4322,3070300
4323,3524000
4324,2703300
4325,2864800
4326,2922900
4327,2897700
4328,3232900
4329,3155300
4330,2830900
4331,2868300
4332,2885500
4333,3008600
4334,3347200
4335,2761700
4336,2897400
4337,2940200
4338,2895400
4339,3362700
4340,3451700
4341,2716500
4342,2943600
4343,2902800
4344,3186700
4345,3170400
4346,2863600
4347,2915800
4348,2887800
4349,2985400
4350,2970500
4351,3248200
4352,2892100
4353,2869100
4354,3191700
4355,2954300
4356,3431900
4357,2994100
4358,3662700
4359,2423700
4360,2640000
4361,3032400
4362,3282200
4363,2777200
4364,2944500
4365,2824600
4366,2952400
4367,3374000
4368,2767000
4369,2922100
4370,2948200
4371,2820800
4372,2952600
4373,3364000
4374,2770900
4375,2965700
4376,2772200
4377,2858200
4378,3470400
4379,2725600
4380,2966400
4381,2717300
4382,3077400
4383,3136600
4384,3233200
4385,2812500
4386,2755100
4387,2853300
4388,2858100
4389,3044200
4390,3158700
4391,2802400
4392,3135800
4393,2458900
4394,2857800
4395,3463700
4396,3229600
4397,2746700
4398,2860400
4399,2772000
4400,3049900
4401,3272100
4402,2893700
4403,2704300
4404,2738700
4405,2768700
4406,2883500
4407,3396200
4408,3066000
4409,2880900
4410,2593900
4411,2803300
4412,3223600
4413,3022000
4414,2634500
4415,2814800
4416,2828900
4417,3249700
4418,3119800
4419,2664200
4420,2728800
4421,2804100
4422,2899600
4423,3046500
4424,2924300
4425,2792300
4426,2719100
4427,3372100
4428,2445300
4429,3102000
4430,3247700
4431,2693800
4432,2863900
4433,2891800
4434,2935100
4435,3438900
4436,2836800
4437,2803400
4438,2827100
4439,2848700
4440,2942300
4441,3271300
4442,2723200
4443,2817100
4444,2893200
4445,2790000
4446,3333100
4447,2842300
4448,2814900
4449,3117800
4450,3173900
4451,2646000
4452,2680000
4453,3162800
4454,2698600
4455,2869600
4456,3089400
4457,2975500
4458,3227800
4459,2903500
4460,2722100
4461,2799700
4462,3315000
4463,2608500
4464,3467300
4465,2520800
4466,2827500
4467,2859000
4468,2860600
4469,3149100
4470,3227200
4471,2743300
4472,2836000
4473,3046400
4474,3022800
4475,3680400
4476,2586500
4477,2911500
4478,2689000
4479,2754200
4480,2994500
4481,3241300
4482,2718000
4483,2820200
4484,2850800
4485,2819900
4486,3706700
4487,2656400
4488,2802200
4489,2812800
4490,2845600
4491,3046200
4492,3225300
4493,2893600
4494,2768800
4495,3071100
4496,3212300
4497,2770600
4498,2997800
4499,2744300
4500,2661300
4501,2875600
4502,2748700
4503,3478800
4504,2803500
4505,2750300
4506,2811900
4507,3049500
4508,3086400
4509,3171000
4510,2756000
4511,2785800
4512,3006300
4513,2770100
4514,2999100
4515,3186200
4516,3016700
4517,2418900
4518,2800700
4519,2780900
4520,3402000
4521,2762600
4522,2805000
4523,2965800
4524,2680600
4525,2895900
4526,3550400
4527,2662500
4528,3017800
4529,2603300
4530,2894500
4531,3287800
4532,2841300
4533,2698400
4534,2909200
4535,2726400
4536,2812200
4537,3053200
4538,3110600
4539,2886600
4540,2698700
4541,2832700
4542,2775100
4543,3604700
4544,3012300
4545,2536700
4546,2822300
4547,2731000
4548,3090300
4549,3235300
4550,2649600
4551,2810100
4552,3131500
4553,2748200
4554,2919200
4555,3406100
4556,2654800
4557,2817900
4558,2832800
4559,2869400
4560,3362400
4561,2720300
4562,2774800
4563,2893100
4564,2833200
4565,2938400
4566,3779200
4567,2302000
4568,2779200
4569,3142800
4570,2776600
4571,3172300
4572,3168700
4573,2670200
4574,2855300
4575,2840500
4576,2857400
4577,3114400
4578,3159200
4579,2714100
4580,2885500
4581,2838500
4582,3149700
4583,3158000
4584,2878100
4585,2785000
4586,2861200
4587,3157400
4588,2699100
4589,3266300
4590,2756400
4591,3098200
4592,3051300
4593,2582200
4594,3417400
4595,2748900
4596,2794700
4597,2854700
4598,2867800
4599,2834800
4600,3788700
4601,2331200
4602,2847500
4603,2920600
4604,2766800
4605,2858300
4606,3305300
4607,2716300
4608,2988500
4609,2930200
4610,2691600
4611,2920900
4612,3260900
4613,2680200
4614,3274500
4615,2552600
4616,2809200
4617,3394500
4618,2822400
4619,2886700
4620,2718700
4621,2811600
4622,3096600
4623,3097700
4624,2891500
4625,3024000
4626,2815300
4627,2790700
4628,2901700
4629,3382100
4630,2685500
4631,2827600
4632,2864800
4633,2814800
4634,3436400
4635,3217000
4636,2352800
4637,2821400
4638,2809300
4639,2973100
4640,3606600
4641,2542800
4642,2769700
4643,3096900
4644,2854900
4645,3068300
4646,3245600
4647,2809300
4648,2863600
4649,2857500
4650,3022500
4651,3342900
4652,2749200
4653,2868600
4654,2872800
4655,3038900
4656,3140100
4657,3358400
4658,2675400
4659,3027100
4660,3073100
4661,3107200
4662,3348500
4663,2717200
4664,2964700
4665,2960100
4666,3151000
4667,2844500
4668,3246400
4669,3218700
4670,2509300
4671,3046500
4672,2860100
4673,3120600
4674,3189600
4675,2865800
4676,2911600
4677,3063800
4678,2911700
4679,3368800
4680,2766000
4681,3257100
4682,2916500
4683,2919500
4684,3451200
4685,2832000
4686,2885400
4687,3127300
4688,2730600
4689,3177500
4690,3375400
4691,2751200
4692,3090600
4693,2728100
4694,2951600
4695,3405600
4696,2805600
4697,3194600
4698,2667700
4699,2837800
4700,3188700
4701,3209000
4702,2998000
4703,3384500
4704,2382200
4705,2910300
4706,2932900
4707,3390300
4708,2815700
4709,2808100
4710,2939800
4711,2877000
4712,3464200
4713,2891300
4714,2656900
4715,2881500
4716,2790100
4717,3124500
4718,3145700
4719,3042900
4720,2797900
4721,2940300
4722,2800200
4723,3418200
4724,3089100
4725,2613100
4726,2790200
4727,2799400
4728,3002000
4729,3569300
4730,2609300
4731,2786600
4732,2796100
4733,3013700
4734,3028800
4735,3128800
4736,2710500
4737,3765700
4738,2132000
4739,2773900
4740,3436300
4741,2720900
4742,2717500
4743,2843700
4744,2804100
4745,2955200
4746,3334600
4747,2723000
4748,2755600
4749,2862400
4750,2784200
4751,3126800
4752,3348400
4753,2929300
4754,2656700
4755,2733800
4756,3144600
4757,2936100
4758,3220200
4759,2667600
4760,2865900
4761,3117400
4762,2565500
4763,3528200
4764,2802900
4765,2721300
4766,2812300
4767,2897400
4768,2873900
4769,3242000
4770,2834900
4771,2726800
4772,3483000
4773,2206500
4774,2895500
4775,3307000
4776,2971500
4777,2916500
4778,2692300
4779,2865300
4780,2917700
4781,3288300
4782,2734400
4783,2830600
4784,2819600
4785,2869700
4786,3316200
4787,2712500
4788,2993200
4789,2666200
4790,2732000
4791,3165900
4792,3203100
4793,3239800
4794,2653000
4795,2843800
4796,3021900
4797,2656500
4798,3304800
4799,2689600
4800,2862800
4801,2781400
4802,3018800
4803,4000000
4804,2791900
4805,2738000
4806,4723900
4807,3462800
4808,1901800
4809,2250800
4810,2781000
4811,2895500
4812,2911500
4813,2957800
4814,3732300
4815,2976300
4816,2741200
4817,2689800
4818,2715300
4819,3053000
4820,3199600
4821,2739700
4822,2827500
4823,2880300
4824,2807300
4825,3027700
4826,3194100
4827,2736700
4828,2821100
4829,2870800
4830,3294900
4831,2980100
4832,2966300
4833,2769700
4834,2874100
4835,2749800
4836,3111500
4837,3146700
4838,2780200
4839,2766000
4840,2812700
4841,3356300
4842,2942000
4843,2707100
4844,2872800
4845,2743800
4846,2990600
4847,2753200
4848,3032100
4849,3075800
4850,2788200
4851,2782100
4852,3088100
4853,2822700
4854,3447200
4855,2830900
4856,2657100
4857,2956500
4858,2821900
4859,2901300
4860,3128800
4861,2884000
4862,2711700
4863,2917100
4864,2738900
4865,3373700
4866,2689300
4867,2902400
4868,2775100
4869,2884600
4870,2973800
4871,3423800
4872,2792200
4873,2935300
4874,2660700
4875,2815400
4876,3311200
4877,3063800
4878,2982800
4879,2555300
4880,2777600
4881,2837700
4882,2970500
4883,3251500
4884,2749100
4885,2781900
4886,2842200
4887,2931700
4888,3385400
4889,3076800
4890,2581200
4891,2797400
4892,2926100
4893,2893000
4894,3482500
4895,2533000
4896,2810100
4897,2852600
4898,2841700
4899,2957000
4900,3238700
4901,2755700
4902,2787100
4903,2829700
4904,2853800
4905,2992300
4906,3237700
4907,2688100
4908,2879300
4909,2762500
4910,3252200
4911,3477500
4912,2280400
4913,2763000
4914,2889500
4915,3071800
4916,3447800
4917,3031300
4918,2784900
4919,2791800
4920,2921900
4921,3074700
4922,3140000
4923,2666800
4924,2838800
4925,2861400
4926,2888100
4927,3207200
4928,3058200
4929,2705600
4930,2931300
4931,2753900
4932,3210400
4933,2904400
4934,3110900
4935,2904700
4936,2845100
4937,2789200
4938,2998600
4939,3335000
4940,2736600
4941,2814100
4942,2834900
4943,2972800
4944,2885900
4945,3629900
4946,2381800
4947,2768700
4948,3044100
4949,2706600
4950,2885700
4951,3549400
4952,2699600
4953,3360200
4954,2981800
4955,2408400
4956,3229800
4957,2794200
4958,2890500
4959,2806800
4960,2802200
4961,2975600
4962,3130300
4963,2868200
4964,2833600
4965,2777900
4966,2857800
4967,3077800
4968,3136800
4969,2852300
4970,2768000
4971,3225500
4972,2726000
4973,3077000
4974,3295800
4975,2668700
4976,2801300
4977,2815700
4978,3107900
4979,3252500
4980,3281100
4981,2411400
4982,2873500
4983,2828700
4984,3123000
4985,3171000
4986,2744400
4987,2818200
4988,3176400
4989,2832200
4990,3525700
4991,2743800
4992,2745200
4993,2929000
4994,2945900
4995,2920400
4996,3292100
4997,2765300
4998,2880600
4999,2826900
5000,2902700
5001,3254700
5002,2915600
5003,3011500
5004,2770500
5005,3208800
5006,3503200
5007,2886500
5008,2761200
5009,2863700
5010,2926000
5011,2969600
5012,3096700
5013,3177900
5014,3226400
5015,2468400
5016,3260800
5017,2727600
5018,3490200
5019,2745300
5020,2919500
5021,3214400
5022,2769300
5023,3154200
5024,3298800
5025,2742400
5026,3590100
5027,2563400
5028,3206300
5029,3209000
5030,2782200
5031,2944700
5032,2884800
5033,3061000
5034,2891100
5035,3263400
5036,2918500
5037,3128000
5038,2638400
5039,3329800
5040,3285800
5041,2784900
5042,3049700
5043,2714400
5044,2937800
5045,2988600
5046,3252400
5047,2765600
5048,3342100
5049,2453700
5050,3003400
5051,3326600
5052,2784000
5053,2918800
5054,2774200
5055,2909400
5056,3135200
5057,3049800
5058,2756700
5059,2957600
5060,3062700
5061,2887900
5062,2789400
5063,3474900
5064,2823300
5065,2765400
5066,2912900
5067,2903000
5068,3220400
5069,2880200
5070,2699000
5071,2805900
5072,2882500
5073,2818000
5074,3415500
5075,2768900
5076,2701400
5077,2843500
5078,3236700
5079,2778500
5080,3279300
5081,2700600
5082,2807400
5083,2854700
5084,2877500
5085,2944000
5086,3098000
5087,2866700
5088,2721900
5089,2834500
5090,2922200
5091,3528000
5092,2886100
5093,2866500
5094,2714100
5095,3019600
5096,3195800
5097,2874400
5098,2734300
5099,2712600
5100,2949700
5101,2940300
5102,3157600
5103,2928000
5104,2776700
5105,2869900
5106,2854500
5107,2922000
5108,2824400
5109,3066300
5110,2697400
5111,2881100
5112,2930000
5113,2769100
5114,3229000
5115,2739800
5116,2818500
5117,2955300
5118,2968300
5119,2704200
5120,3204400
5121,3028700
5122,2744300
5123,2866600
5124,2855200
5125,2854200
5126,3177800
5127,2759700
5128,3099200
5129,2650300
5130,2746500
5131,3008500
5132,3100500
5133,2854600
5134,2885200
5135,2797600
5136,3162800
5137,3236100
5138,2687700
5139,3367300
5140,2871700
5141,2777300
5142,3132300
5143,2968200
5144,2761100
5145,2929900
5146,2790400
5147,2830700
5148,3274700
5149,2793000
5150,2937000
5151,2778900
5152,2978600
5153,2970800
5154,3167000
5155,2752700
5156,3562000
5157,2645200
5158,2830400
5159,3009300
5160,3017200
5161,2954700
5162,2785000
5163,2743700
5164,2942800
5165,3300200
5166,3010800
5167,2702600
5168,2749400
5169,2851300
5170,3016000
5171,3132900
5172,3029000
5173,2746700
5174,2757300
5175,2855500
5176,3012500
5177,3444800
5178,2949000
5179,2783400
5180,2801300
5181,2891000
5182,3323300
5183,2845800
5184,2745300
5185,2850400
5186,2943200
5187,2898300
5188,3530100
5189,2490200
5190,2819700
5191,2820200
5192,2784900
5193,3478600
5194,2818100
5195,2959200
5196,2743000
5197,2854200
5198,3000900
5199,3593600
5200,2397200
5201,2778400
5202,2842400
5203,2833100
5204,3111400
5205,3020100
5206,2791300
5207,2829500
5208,2801700
5209,2813000
5210,3278600
5211,2937700
5212,3070300
5213,2733600
5214,2889800
5215,3099900
5216,3228100
5217,2769000
5218,2908300
5219,2756600
5220,2855200
5221,3074800
5222,3061200
5223,2800000
5224,2787300
5225,2862200
5226,2849900
5227,2926100
5228,3133200
5229,2782200
5230,2921300
5231,2864100
5232,2795100
5233,2994700
5234,3458300
5235,2707200
5236,2881400
5237,2809900
5238,2939700
5239,3192400
5240,2764400
5241,2888900
5242,2911700
5243,2725100
5244,2963800
5245,3161700
5246,2795700
5247,3086200
5248,2615300
5249,2825400
5250,3207300
5251,3346600
5252,2778500
5253,2863700
5254,2824800
5255,3049100
5256,3113200
5257,2813900
5258,3040200
5259,2602200
5260,2894700
5261,2918700
5262,3190200
5263,2946400
5264,2620900
5265,2872400
5266,2726300
5267,3199900
5268,3046800
5269,3034000
5270,2855400
5271,2806200
5272,2839200
5273,3379400
5274,2812000
5275,2684400
5276,2874700
5277,2817100
5278,3087700
5279,3343700
5280,2572500
5281,2753000
5282,2872800
5283,2870900
5284,3011100
5285,3160600
5286,2717300
5287,2791800
5288,2845300
5289,2800400
5290,3302100
5291,3054300
5292,2848600
5293,2789700
5294,2839300
5295,2878300
5296,3834000
5297,2340700
5298,2746500
5299,2798200
5300,2826700
5301,3254600
5302,3070200
5303,2644100
5304,3202700
5305,2795400
5306,3068900
5307,2731000
5308,3137200
5309,2842000
5310,2824500
5311,2838600
5312,3057600
5313,3296900
5314,2714700
5315,2825800
5316,2812500
5317,3025600
5318,2811200
5319,3264700
5320,2780800
5321,2882500
5322,3010400
5323,2633300
5324,3781100
5325,2902800
5326,2889200
5327,2925300
5328,2793200
5329,3050100
5330,3164200
5331,2844800
5332,2935200
5333,2779800
5334,2825000
5335,2936800
5336,3358200
5337,2773900
5338,2898200
5339,2844900
5340,2894600
5341,3432500
5342,2802800
5343,3159300
5344,2811300
5345,2780800
5346,3091400
5347,3468300
5348,2838100
5349,2967800
5350,2834600
5351,2963700
5352,3125400
5353,3100500
5354,2985700
5355,2825600
5356,2968700
5357,3107800
5358,3210900
5359,3051200
5360,2763600
5361,2870900
5362,2966700
5363,3859700
5364,2905100
5365,2767500
5366,2865500
5367,2911600
5368,3032000
5369,3285200
5370,2877500
5371,2882300
5372,2914800
5373,2883900
5374,3425900
5375,2881500
5376,2901000
5377,2893400
5378,2919400
5379,3030500
5380,3492700
5381,2732100
5382,2872800
5383,2974400
5384,2857800
5385,2942100
5386,3274200
5387,2854300
5388,3268600
5389,2429400
5390,3016200
5391,3321000
5392,2731200
5393,2831100
5394,2908500
5395,2860200
5396,3132200
5397,3255000
5398,2722600
5399,2903400
5400,2877000
5401,2828800
5402,3067600
5403,3184400
5404,2700600
5405,2852100
5406,3188100
5407,2800800
5408,3285200
5409,2742300
5410,2832200
5411,2857900
5412,2930000
5413,2911500
5414,3190800
5415,2724300
5416,2862300
5417,2813900
5418,2864400
5419,3022500
5420,3043100
5421,2763600
5422,2832600
5423,2970300
5424,3002800
5425,3295200
5426,2697200
5427,2888800
5428,2934600
5429,2674900
5430,2927300
5431,3371800
5432,2812900
5433,3161700
5434,2719500
5435,2910800
5436,2851700
5437,3120400
5438,2730100
5439,2867100
5440,2785700
5441,2767500
5442,3366500
5443,2701900
5444,2849400
5445,3053600
5446,2911900
5447,2759400
5448,2797300
5449,3284300
5450,2823800
5451,2835300
5452,2900000
5453,2817700
5454,3109200
5455,2974100
5456,2649000
5457,2896000
5458,2794700
5459,3267400
5460,2835000
5461,2804700
5462,2794300
5463,3103800
5464,2813600
5465,3301300
5466,2910700
5467,2654400
5468,2843700
5469,2813200
5470,2950000
5471,3458400
5472,2739500
5473,2811500
5474,2783300
5475,2781200
5476,3113900
5477,3232300
5478,2663700
5479,2871500
5480,3035400
5481,2801000
5482,3101500
5483,3070700
5484,2705800
5485,2925100
5486,3205400
5487,3743100
5488,3021800
5489,4074600
5490,5003700
5491,3884900
5492,3002800
5493,2192400
5494,2220800
5495,2336800
5496,2793100
5497,3136200
5498,2641800
5499,3172600
5500,2805500
5501,2881700
5502,3084300
5503,2954100
5504,3371100
5505,2707700
5506,2912000
5507,2696200
5508,2924400
5509,2846500
5510,3112100
5511,2808000
5512,2872200
5513,2998200
5514,2678300
5515,2929500
5516,3123800
5517,2834400
5518,2736400
5519,3113900
5520,2885300
5521,3189000
5522,2707900
5523,2850900
5524,2856100
5525,2777500
5526,2914100
5527,3166200
5528,2739900
5529,3021800
5530,2614400
5531,2818000
5532,3014100
5533,3045000
5534,2840400
5535,2861100
5536,2684200
5537,3010000
5538,2928400
5539,3172900
5540,3090100
5541,2543800
5542,2836500
5543,2911100
5544,3289100
5545,2679500
5546,2934600
5547,2694300
5548,2867200
5549,2937600
5550,3201000
5551,2817600
5552,2811500
5553,2697500
5554,2832000
5555,3037100
5556,3081800
5557,2946000
5558,2614400
5559,3026500
5560,2865400
5561,2852700
5562,3449400
5563,2587000
5564,2817500
5565,2774200
5566,2892100
5567,3247400
5568,2946600
5569,2574400
5570,2890500
5571,2888200
5572,3341400
5573,2917900
5574,2616100
5575,2840100
5576,3063900
5577,2829700
5578,2913000
5579,3348600
5580,2657200
5581,2827100
5582,2847200
5583,2913100
5584,3554600
5585,2774700
5586,2761500
5587,2869800
5588,2831000
5589,3086200
5590,3152800
5591,2768100
5592,2776100
5593,3068100
5594,3092500
5595,2877200
5596,3239600
5597,2715200
5598,2809900
5599,2892700
5600,2933500
5601,3231300
5602,2817000
5603,2737500
5604,2910800
5605,2931900
5606,2819300
5607,3323900
5608,2689700
5609,2877400
5610,3051500
5611,2719400
5612,3000300
5613,3067800
5614,2747400
5615,3156000
5616,2805100
5617,2875900
5618,3586700
5619,2758900
5620,2831600
5621,2998200
5622,2689600
5623,2920500
5624,3231100
5625,2833300
5626,2990400
5627,2710600
5628,2753600
5629,2951000
5630,3282800
5631,2743600
5632,2838300
5633,2836200
5634,2873100
5635,3355400
5636,2780800
5637,3231100
5638,2866900
5639,2503700
5640,2886500
5641,3223100
5642,3212300
5643,2556300
5644,2694700
5645,3170800
5646,3266300
5647,2803100
5648,2822900
5649,2799800
5650,2849100
5651,2838700
5652,2920800
5653,3517400
5654,2593100
5655,2811600
5656,2807300
5657,2964900
5658,3536000
5659,2680900
5660,2879900
5661,2807300
5662,2794700
5663,3031200
5664,3282800
5665,2740500
5666,2898800
5667,2840300
5668,2877700
5669,3032300
5670,3215800
5671,3068700
5672,2829600
5673,2867500
5674,3164000
5675,3063400
5676,2856600
5677,2795400
5678,2938200
5679,2974100
5680,2972700
5681,3242000
5682,2816300
5683,2935300
5684,2898000
5685,3216400
5686,3090000
5687,2954300
5688,2983500
5689,2955500
5690,3080200
5691,2947100
5692,3293300
5693,2833400
5694,2891700
5695,3185700
5696,2845700
5697,3365200
5698,2758300
5699,2925400
5700,3126000
5701,2697000
5702,3021300
5703,3309400
5704,2826000
5705,2907900
5706,3034900
5707,2827700
5708,3512200
5709,2770500
5710,3115400
5711,2957900
5712,2915100
5713,3081600
5714,3164200
5715,2819500
5716,3037700
5717,2913100
5718,2779900
5719,3493500
5720,2804800
5721,2937100
5722,2919300
5723,2797700
5724,3169800
5725,3189400
5726,3225100
5727,2748500
5728,3583900
5729,2150500
5730,3261000
5731,3454300
5732,2661700
5733,2857400
5734,2862300
5735,3045500
5736,3189200
5737,2825900
5738,2871500
5739,2889900
5740,2864600
5741,3093900
5742,3295800
5743,2691100
5744,3160500
5745,2758400
5746,2849300
5747,3519500
5748,2730400
5749,2730200
5750,2889400
5751,2851500
5752,3018900
5753,3222200
5754,2777700
5755,2837700
5756,2835500
5757,2858700
5758,2951800
5759,3248300
5760,2649300
5761,2878400
5762,2836700
5763,2817200
5764,3122400
5765,3399000
5766,2708900
5767,2847700
5768,2810300
5769,2972400
5770,3388900
5771,2646800
5772,2851400
5773,2840200
5774,3180900
5775,2920500
5776,3525400
5777,2494700
5778,2731100
5779,2712100
5780,2890700
5781,3279700
5782,2765800
5783,3085000
5784,2848500
5785,2961900
5786,2891200
5787,3216400
5788,2818600
5789,2881100
5790,2982500
5791,2641100
5792,2996700
5793,3053200
5794,2730900
5795,2792200
5796,2924800
5797,2815000
5798,3101700
5799,3148600
5800,3029400
5801,2860300
5802,2768500
5803,2866500
5804,3554600
5805,2703200
5806,3113500
5807,2600900
5808,2799500
5809,2981800
5810,3271000
5811,2744400
5812,2858200
5813,2805600
5814,2810500
5815,3413900
5816,2693400
5817,2957700
5818,2760400
5819,2711200
5820,3000600
5821,2874700
5822,3295500
5823,2855900
5824,2808300
5825,2933300
5826,2891400
5827,3139600
5828,2856900
5829,2759200
5830,2830700
5831,2928300
5832,2849900
5833,3630400
5834,2987300
5835,2979200
5836,2874500
5837,2511300
5838,2495200
5839,3511400
5840,2698900
5841,2831800
5842,2876300
5843,2784700
5844,3607600
5845,2648500
5846,2903800
5847,2793600
5848,2839200
5849,3000100
5850,3113300
5851,2748600
5852,2901500
5853,2797400
5854,2871800
5855,2995000
5856,3452000
5857,2686800
5858,2928800
5859,2778700
5860,3040100
5861,3108800
5862,2749900
5863,2834300
5864,2838900
5865,3056600
5866,2748200
5867,3194500
5868,2753100
5869,2928900
5870,2871700
5871,2730100
5872,2875800
5873,3252100
5874,2797700
5875,2840900
5876,2832600
5877,2904300
5878,3713000
5879,2674400
5880,2865300
5881,2912000
5882,2777800
5883,2862800
5884,3198500
5885,2849300
5886,2952700
5887,2734800
5888,2774500
5889,2996400
5890,3259700
5891,2756200
5892,2937300
5893,2754900
5894,2969200
5895,3421500
5896,2713500
5897,3068600
5898,2598200
5899,2880500
5900,2916300
5901,3243600
5902,3102800
5903,2541300
5904,2832300
5905,2843400
5906,3059900
5907,3108900
5908,2793500
5909,2811200
5910,2794000
5911,2841700
5912,3377500
5913,3032800
5914,2552000
5915,2861000
5916,2811400
5917,3078800
5918,3445000
5919,2612900
5920,2775600
5921,3112800
5922,2919500
5923,2875900
5924,3355100
5925,2720900
5926,2923600
5927,2798000
5928,2904600
5929,3281000
5930,2807900
5931,2761300
5932,2876300
5933,2840400
5934,3292800
5935,2983900
5936,2792100
5937,2773400
5938,2905100
5939,3277100
5940,2780000
5941,3209100
5942,2713800
5943,2915700
5944,2766200
5945,2970400
5946,2842500
5947,3268800
5948,2799000
5949,2813200
5950,2990700
5951,2995200
5952,3242100
5953,2752800
5954,2735700
5955,2959800
5956,3041500
5957,2885400
5958,3306200
5959,2686800
5960,2874400
5961,2916100
5962,2746100
5963,3347900
5964,2769300
5965,2764500
5966,2857300
5967,2832500
5968,2954000
5969,3296900
5970,2710600
5971,3043100
5972,2605200
5973,2893500
5974,2807100
5975,3322700
5976,2736300
5977,2892300
5978,2743500
5979,2875700
5980,2909200
5981,3340100
5982,3197900
5983,2668300
5984,2619100
5985,2900700
5986,3260800
5987,2846000
5988,2697700
5989,2832600
5990,2873900
5991,3145200
5992,3515500
5993,2652600
5994,2751300
5995,3140100
5996,2778300
5997,3317400
5998,3181600
5999,2758000
6000,2865200
6001,2964700
6002,2889900
6003,3370800
6004,2649900
6005,2874900
6006,2929800
6007,2804100
6008,3031900
6009,3224200
6010,2770100
6011,2878100
6012,3184400
6013,2825500
6014,3471600
6015,2733200
6016,2871300
6017,2866100
6018,2901100
6019,3151400
6020,3127200
6021,2785000
6022,2905100
6023,2876500
6024,2850700
6025,3130300
6026,3211700
6027,2824800
6028,2870600
6029,2905100
6030,3065100
6031,3374600
6032,2852200
6033,2818800
6034,3279100
6035,2965000
6036,3063300
6037,3262800
6038,2913900
6039,2882200
6040,2991600
6041,2879600
6042,3360400
6043,2930600
6044,2816700
6045,2974300
6046,2876200
6047,3128800
6048,3249300
6049,2749300
6050,3314200
6051,2837800
6052,2847300
6053,3427000
6054,2895400
6055,2849100
6056,2976600
6057,2838000
6058,3009900
6059,3219400
6060,2928200
6061,2929000
6062,2748000
6063,2895500
6064,3599800
6065,2796800
6066,2781300
6067,2874300
6068,3933900
6069,2255600
6070,3193700
6071,2870600
6072,2888300
6073,2787500
6074,2911700
6075,2952900
6076,3244300
6077,2871000
6078,2778400
6079,2859800
6080,2850000
6081,3448700
6082,2954200
6083,2631600
6084,2894200
6085,2839500
6086,3049700
6087,3119200
6088,2847400
6089,3086000
6090,2751300
6091,2855300
6092,2938400
6093,3353600
6094,2751200
6095,2895200
6096,2797000
6097,2844100
6098,3387900
6099,2780100
6100,2734500
6101,2892600
6102,2854000
6103,2998200
6104,3479100
6105,2663900
6106,3085600
6107,2830000
6108,2792200
6109,3175900
6110,3052400
6111,2722100
6112,2861900
6113,2830200
6114,3101500
6115,3472100
6116,2790900
6117,2671100
6118,2698200
6119,2843500
6120,3208600
6121,2989700
6122,2720400
6123,2910100
6124,2969500
6125,2867300
6126,2985000
6127,3241400
6128,2678700
6129,2849900
6130,2919900
6131,2742700
6132,3406100
6133,2681100
6134,2768700
6135,2900800
6136,2924400
6137,2966400
6138,3297200
6139,2749300
6140,2774300
6141,2931100
6142,2887600
6143,2943300
6144,2971500
6145,3009800
6146,2893400
6147,2840700
6148,2857700
6149,3009900
6150,3023200
6151,2776000
6152,3016600
6153,2685500
6154,2929000
6155,3156100
6156,2736200
6157,2807700
6158,2886000
6159,2744400
6160,3267300
6161,3006800
6162,2699500
6163,3148000
6164,2755300
6165,3245000
6166,3496300
6167,2225700
6168,3953400
6169,4214100
6170,2518600
6171,1880200
6172,2479800
6173,2751000
6174,3165500
6175,2806000
6176,2830200
6177,2926600
6178,3107300
6179,2708900
6180,3497700
6181,3156600
6182,2470600
6183,2688800
6184,3117200
6185,2871500
6186,2732600
6187,2915800
6188,2824400
6189,3297100
6190,2834300
6191,2693700
6192,2778600
6193,2993500
6194,2733000
6195,3225900
6196,2925600
6197,2658000
6198,2839300
6199,2842000
6200,3067000
6201,3028500
6202,3079600
6203,2751300
6204,2902400
6205,2702800
6206,3046400
6207,3154100
6208,2781300
6209,2878900
6210,2722300
6211,2994000
6212,3208800
6213,2707600
6214,2752200
6215,2848500
6216,2792400
6217,3069900
6218,3444500
6219,2685600
6220,3102800
6221,2702300
6222,2861600
6223,3385900
6224,2656200
6225,2866100
6226,2833900
6227,2776200
6228,3104400
6229,2715900
6230,3143600
6231,2835300
6232,2883900
6233,2836100
6234,2946700
6235,3139400
6236,2853400
6237,2833100
6238,2795100
6239,3072500
6240,2958400
6241,3339500
6242,2779200
6243,2820600
6244,2845100
6245,2794300
6246,3405200
6247,2735800
6248,2892500
6249,2987500
6250,2682700
6251,2918800
6252,3460200
6253,2749500
6254,2957400
6255,2760100
6256,2824300
6257,3128200
6258,3144200
6259,3057000
6260,2717300
6261,2869100
6262,2845600
6263,2868100
6264,3223600
6265,2945200
6266,2697200
6267,2842400
6268,3129900
6269,3143700
6270,2620500
6271,2904300
6272,3065300
6273,2773700
6274,3045200
6275,3137900
6276,2984600
6277,2637500
6278,2808800
6279,2755800
6280,3083300
6281,3046900
6282,2901100
6283,2693500
6284,2842100
6285,2890200
6286,3253600
6287,2899400
6288,2773400
6289,2698200
6290,2821500
6291,2976600
6292,3522500
6293,2544700
6294,2731000
6295,2870900
6296,2806000
6297,2968000
6298,3308600
6299,2801100
6300,2769100
6301,2860000
6302,2833000
6303,3009900
6304,3156400
6305,2737000
6306,2714500
6307,2846500
6308,2990200
6309,3197900
6310,2700800
6311,2935300
6312,2718500
6313,2903700
6314,3160900
6315,2883400
6316,2778300
6317,2851100
6318,2871700
6319,2759100
6320,3233100
6321,3108900
6322,2869300
6323,2678800
6324,2820100
6325,3461000
6326,3047800
6327,2630000
6328,2699700
6329,2788200
6330,2889600
6331,3212200
6332,3603100
6333,2628900
6334,2862000
6335,2770200
6336,3001100
6337,3047700
6338,3249400
6339,2799100
6340,2887600
6341,2919500
6342,2761400
6343,3470400
6344,2750200
6345,2905700
6346,2812800
6347,2928800
6348,2972100
6349,3268800
6350,2839500
6351,2877500
6352,2933800
6353,2937900
6354,3115600
6355,3138000
6356,2799900
6357,3037600
6358,3101200
6359,3050500
6360,3312300
6361,2907200
6362,3013200
6363,2826400
6364,2951800
6365,3708300
6366,2915900
6367,3080300
6368,2712700
6369,2955200
6370,3075400
6371,3592000
6372,3055600
6373,2748000
6374,2902200
6375,2890400
6376,3520100
6377,2900400
6378,2889500
6379,2896600
6380,3051600
6381,2925000
6382,3296700
6383,2875300
6384,2914200
6385,2911700
6386,2951000
6387,3060900
6388,3528400
6389,2773200
6390,2888400
6391,2929500
6392,3028500
6393,3317900
6394,2747900
6395,2931700
6396,2964100
6397,2815300
6398,3659500
6399,2662300
6400,2825700
6401,2916300
6402,2843300
6403,3197800
6404,3678800
6405,2660400
6406,2941400
6407,2844200
6408,3522800
6409,2506100
6410,3136800
6411,2798900
6412,2875300
6413,2789900
6414,2966500
6415,3323700
6416,2706200
6417,2889600
6418,2809900
6419,3251200
6420,2591600
6421,3279500
6422,2737600
6423,2838800
6424,2865300
6425,2973900
6426,3483500
6427,2761700
6428,2758000
6429,2796700
6430,2992700
6431,2797200
6432,2801900
6433,3326900
6434,2679000
6435,2924300
6436,2846500
6437,2849800
6438,3373600
6439,2839800
6440,2703400
6441,2862300
6442,2855400
6443,3031200
6444,3085900
6445,2771200
6446,2774400
6447,2817200
6448,3071200
6449,3269300
6450,2780800
6451,3038400
6452,2583200
6453,2837000
6454,2874100
6455,3324400
6456,2729800
6457,3036000
6458,2898700
6459,3059000
6460,2936300
6461,2853100
6462,2977400
6463,2555300
6464,2786800
6465,2842200
6466,3150500
6467,3061600
6468,2896600
6469,2784600
6470,2979400
6471,2968600
6472,3004600
6473,3165500
6474,2581700
6475,2781300
6476,2812500
6477,3037200
6478,3891400
6479,2371900
6480,2819000
6481,2826300
6482,2835800
6483,2911500
6484,3206600
6485,2797200
6486,2824200
6487,2803200
6488,2901600
6489,3171800
6490,2959000
6491,2781500
6492,2840500
6493,2813300
6494,2845900
6495,3330400
6496,2854300
6497,2750000
6498,2888000
6499,2919100
6500,2966100
6501,3171300
6502,2765200
6503,2815800
6504,2877500
6505,2768200
6506,3192300
6507,3084800
6508,2719200
6509,3190900
6510,2846700
6511,3452000
6512,3018700
6513,2915100
6514,2582300
6515,2765300
6516,3246500
6517,2599400
6518,3278200
6519,2821700
6520,2835600
6521,2825200
6522,2921000
6523,3011400
6524,3139100
6525,2759100
6526,3113800
6527,3103800
6528,2868400
6529,3289600
6530,2663800
6531,2743800
6532,2750100
6533,2970500
6534,2905000
6535,3259200
6536,2686300
6537,2791300
6538,3066600
6539,2643900
6540,3399400
6541,2726700
6542,2813700
6543,3206000
6544,2681100
6545,2954300
6546,3291700
6547,2711000
6548,2829700
6549,2870700
6550,2849400
6551,2885600
6552,3473100
6553,2681700
6554,2954300
6555,2713600
6556,2797700
6557,2922800
6558,3265500
6559,3018100
6560,2689900
6561,3043400
6562,2737100
6563,3392400
6564,2884700
6565,2612800
6566,2856700
6567,2895700
6568,2837500
6569,3284700
6570,2713200
6571,2788700
6572,2833800
6573,2830400
6574,3069200
6575,3181500
6576,2637000
6577,2734700
6578,2833600
6579,2765800
6580,3152400
6581,3133100
6582,2756000
6583,3047700
6584,2831600
6585,2972700
6586,3234800
6587,2677800
6588,2842500
6589,2805300
6590,2882500
6591,3260800
6592,3167700
6593,2679900
6594,2768600
6595,2833900
6596,2935000
6597,2971900
6598,3099900
6599,2804800
6600,3022600
6601,2864700
6602,3185800
6603,3080700
6604,2800800
6605,2782600
6606,2860600
6607,2965900
6608,2923800
6609,3111800
6610,2731900
6611,2882200
6612,2791000
6613,2872800
6614,3015600
6615,3100200
6616,2895200
6617,2746900
6618,3077700
6619,2659500
6620,3405400
6621,2720600
6622,3099600
6623,3089900
6624,2597100
6625,2963200
6626,3524800
6627,2632600
6628,2891400
6629,2810200
6630,2809700
6631,2941800
6632,3276900
6633,2764200
6634,3030200
6635,2670000
6636,2893000
6637,3244000
6638,2851500
6639,3170100
6640,2741800
6641,2859700
6642,2954600
6643,3137000
6644,2919300
6645,2835800
6646,2762600
6647,2836300
6648,3082200
6649,3148800
6650,2896900
6651,2711900
6652,2828000
6653,2827900
6654,3335400
6655,2896300
6656,2844700
6657,2788500
6658,2733300
6659,2962700
6660,3265400
6661,2938700
6662,2712200
6663,2872200
6664,2873600
6665,2817900
6666,3636900
6667,3070200
6668,2476700
6669,2680700
6670,2785800
6671,3408900
6672,2892500
6673,2846400
6674,2969500
6675,2861600
6676,2944200
6677,3492100
6678,2762400
6679,2766200
6680,2839200
6681,2842900
6682,3135900
6683,3312800
6684,2792600
6685,2890900
6686,2793800
6687,2918500
6688,3416000
6689,2781300
6690,2781100
6691,2871300
6692,2913300
6693,3194000
6694,3161400
6695,2971200
6696,2939700
6697,2903300
6698,3127700
6699,3259200
6700,2770900
6701,2878200
6702,2909100
6703,2906900
6704,3023500
6705,3590700
6706,2723100
6707,2946900
6708,2853100
6709,2969900
6710,3173200
6711,3171800
6712,3107400
6713,2925000
6714,2985700
6715,3055600
6716,3373100
6717,2818600
6718,2941300
6719,2874100
6720,2945600
6721,3445400
6722,2892900
6723,2818900
6724,3082200
6725,2764500
6726,3004000
6727,3356800
6728,2876400
6729,3150600
6730,2615800
6731,2912100
6732,3101200
6733,3526900
6734,2786000
6735,2970000
6736,2887900
6737,3012000
6738,3504200
6739,2801000
6740,2868900
6741,2905400
6742,2877600
6743,2939300
6744,3336600
6745,2891100
6746,2742900
6747,2872800
6748,3578800
6749,2806500
6750,3119700
6751,2713000
6752,2816400
6753,2886800
6754,3031900
6755,3173700
6756,2648400
6757,2831200
6758,2866200
6759,2890000
6760,2918000
6761,3350900
6762,2637500
6763,2831300
6764,2866700
6765,2807700
6766,3438900
6767,2709700
6768,2971400
6769,2781100
6770,2843900
6771,3176900
6772,3127200
6773,2631500
6774,2798700
6775,2775500
6776,2855900
6777,2974100
6778,3206000
6779,2721100
6780,2895900
6781,2692000
6782,2896100
6783,3419900
6784,2714000
6785,3051600
6786,2665700
6787,2878600
6788,2999600
6789,3121400
6790,2687200
6791,2863800
6792,2819800
6793,2785300
6794,3008500
6795,3221300
6796,2673700
6797,2855600
6798,2779000
6799,3183000
6800,2871700
6801,3310700
6802,2684900
6803,2722600
6804,2775500
6805,2955300
6806,2854900
6807,3338800
6808,2758600
6809,2888300
6810,2969100
6811,2920900
6812,3383900
6813,2776700
6814,2794900
6815,3062800
6816,2709200
6817,2959600
6818,3565900
6819,2365500
6820,2820200
6821,2897400
6822,2767400
6823,3373200
6824,2761400
6825,2818200
6826,2959400
6827,2695900
6828,3041600
6829,2830300
6830,3174200
6831,2808100
6832,2861300
6833,3123000
6834,3250900
6835,2958400
6836,2819100
6837,2854000
6838,2828500
6839,2873100
6840,3056700
6841,3188200
6842,2960400
6843,2782400
6844,2825000
6845,3302800
6846,2933100
6847,3132500
6848,2500700
6849,2960200
6850,3817400
6851,3247400
6852,3529200
6853,5482600
6854,3036000
6855,2054200
6856,2417500
6857,2902800
6858,2632900
6859,2836600
6860,2824400
6861,2910200
6862,3459900
6863,2890100
6864,2833700
6865,2809400
6866,2922400
6867,2878100
6868,3441900
6869,2560400
6870,2826400
6871,2853200
6872,2824800
6873,2929700
6874,3506000
6875,2957700
6876,2726500
6877,2685300
6878,2774400
6879,3519100
6880,2845900
6881,2811500
6882,2810600
6883,2926300
6884,3110500
6885,3016100
6886,3128100
6887,2387200
6888,2908000
6889,2796900
6890,3070400
6891,3099300
6892,2786500
6893,2788800
6894,2890200
6895,2895800
6896,2773300
6897,3194500
6898,2807600
6899,2843400
6900,3074500
6901,2742100
6902,3435600
6903,2688300
6904,2873400
6905,3037900
6906,2569100
6907,2956100
6908,3205100
6909,2714700
6910,2861000
6911,2885000
6912,2757900
6913,3239700
6914,2802500
6915,2822100
6916,2785600
6917,2872400
6918,2735900
6919,3214800
6920,3197600
6921,3124000
6922,2607600
6923,2653400
6924,2899400
6925,3297300
6926,2791500
6927,3127800
6928,2598900
6929,2804800
6930,2843300
6931,3286000
6932,2725200
6933,2959600
6934,2698300
6935,2887000
6936,3274300
6937,2724000
6938,3088600
6939,2736100
6940,2700600
6941,3200700
6942,3280400
6943,2908300
6944,2765600
6945,2756800
6946,2833200
6947,2946900
6948,3203400
6949,2876700
6950,2876900
6951,2731000
6952,2840300
6953,2960400
6954,3420300
6955,2765900
6956,3130400
6957,2427200
6958,2934900
6959,3403500
6960,2634000
6961,2837900
6962,2974200
6963,3049400
6964,2886800
6965,3465900
6966,2828400
6967,2747500
6968,2875700
6969,2816100
6970,2988800
6971,3205500
6972,2891900
6973,2763700
6974,2855600
6975,3011500
6976,3212900
6977,2794200
6978,2936900
6979,2742100
6980,3239200
6981,2753700
6982,3088400
6983,2806700
6984,3149800
6985,2800300
6986,2968400
6987,2867500
6988,3298900
6989,2718900
6990,3300600
6991,2542700
6992,2834500
6993,3310500
6994,2772800
6995,2796800
6996,2776000
6997,2972700
6998,2870900
6999,3521400
7000,2702600
7001,2816700
7002,2847200
7003,2846900
7004,3323100
7005,2810700
7006,2801800
7007,3507600
7008,2613000
7009,2576600
7010,3293400
7011,2642900
7012,2944600
7013,2712700
7014,2835600
7015,3131500
7016,3263600
7017,2780900
7018,2750100
7019,3095900
7020,2768100
7021,3119200
7022,3287900
7023,2925400
7024,2741300
7025,3243700
7026,2556800
7027,3253200
7028,2840700
7029,2728100
7030,2866800
7031,2919800
7032,2859300
7033,3373500
7034,2802300
7035,2847200
7036,2855300
7037,2901900
7038,3571600
7039,2934400
7040,2713900
7041,3133400
7042,2841000
7043,3130600
7044,3302400
7045,2665900
7046,2917500
7047,2896900
7048,2809500
7049,3059100
7050,3376100
7051,2762800
7052,2944700
7053,2957000
7054,3167300
7055,3379800
7056,2715100
7057,3135700
7058,2881900
7059,6539000
7060,2146200
7061,1830100
7062,2054700
7063,3048800
7064,2869800
7065,2948500
7066,3380800
7067,2760200
7068,2972600
7069,2850000
7070,3036400
7071,3233600
7072,3124100
7073,2924100
7074,3221100
7075,2961800
7076,2878900
7077,3287300
7078,2780800
7079,2910800
7080,2912900
7081,2866800
7082,3035000
7083,3221700
7084,2817900
7085,2875100
7086,2892400
7087,2922000
7088,3312500
7089,2802900
7090,2790500
7091,3133000
7092,2595900
7093,3328900
7094,2785100
7095,2818400
7096,3343600
7097,2639500
7098,2932800
7099,2888700
7100,3140700
7101,2920700
7102,2798000
7103,2848000
7104,2821300
7105,3216900
7106,2721700
7107,2993600
7108,2707200
7109,2795100
7110,3055700
7111,3433100
7112,2802600
7113,2957200
7114,2836100
7115,2768100
7116,2885700
7117,3200700
7118,2792700
7119,2755500
7120,2926100
7121,2681900
7122,2916000
7123,3422600
7124,2576400
7125,2786700
7126,2877400
7127,2814600
7128,4014100
7129,2034000
7130,2779000
7131,3165300
7132,2682500
7133,3024100
7134,3354300
7135,2613800
7136,2817300
7137,2892100
7138,2746500
7139,2979700
7140,3381300
7141,2958700
7142,2970800
7143,2693400
7144,2690000
7145,3031700
7146,3209100
7147,2748600
7148,2891600
7149,2743900
7150,3231400
7151,3245000
7152,3044400
7153,2728200
7154,2998600
7155,2771100
7156,3026400
7157,3129000
7158,2707600
7159,2864200
7160,2865900
7161,2974200
7162,3224300
7163,3073700
7164,2508600
7165,3005100
7166,2818200
7167,3149800
7168,3097400
7169,3001400
7170,2943000
7171,2891100
7172,2946600
7173,3367400
7174,2801800
7175,2938700
7176,2777400
7177,3075800
7178,2975800
7179,3229500
7180,2858500
7181,2907700
7182,3029200
7183,2816500
7184,3194800
7185,3240600
7186,3162800
7187,3094700
7188,2658800
7189,2901800
7190,3352100
7191,2896100
7192,2862300
7193,3274800
7194,2777700
7195,3347800
7196,2842700
7197,3162700
7198,2647800
7199,2643200
7200,2920700
7201,3446900
7202,2737400
7203,3176500
7204,2670400
7205,2788200
7206,3072500
7207,3242700
7208,3061300
7209,2860400
7210,2798500
7211,2838600
7212,3042000
7213,3137400
7214,2980900
7215,2726700
7216,2802700
7217,2874700
7218,3307900
7219,3233700
7220,2703700
7221,3139400
7222,2591500
7223,3050900
7224,3036000
7225,3092500
7226,2722600
7227,2802700
7228,2835700
7229,3395600
7230,2832900
7231,3262700
7232,2389500
7233,2792100
7234,3005700
7235,2707200
7236,3349000
7237,2740700
7238,2764400
7239,2856000
7240,3354800
7241,2896900
7242,3023000
7243,2686300
7244,2831900
7245,2822700
7246,3004300
7247,3200300
7248,2712400
7249,2790900
7250,2873000
7251,2985800
7252,2986800
7253,3000100
7254,2654000
7255,2778100
7256,2811300
7257,2904800
7258,3430500
7259,2636200
7260,3053200
7261,2782400
7262,2760100
7263,3259200
7264,3138000
7265,2723500
7266,3248100
7267,2375700
7268,2836900
7269,2987400
7270,3187700
7271,2774300
7272,2828400
7273,2786700
7274,2974800
7275,3293300
7276,2746400
7277,2771700
7278,2811500
7279,3113200
7280,2888200
7281,3201000
7282,2916800
7283,2881300
7284,2788400
7285,2875900
7286,2918900
7287,3326100
7288,2687700
7289,2895400
7290,2839400
7291,2917300
7292,3543900
7293,2760400
7294,2804200
7295,2955700
7296,2740200
7297,2988400
7298,3235200
7299,2814700
7300,2982900
7301,3399600
7302,2140600
7303,3217600
7304,3205300
7305,2852700
7306,2982400
7307,2689500
7308,2841800
7309,3317300
7310,2727500
7311,3049100
7312,2671000
7313,2798700
7314,3002800
7315,3246300
7316,3048700
7317,2605000
7318,2841300
7319,2794200
7320,3278200
7321,3046600
7322,2977000
7323,2736900
7324,2842000
7325,2868600
7326,3395200
7327,3007800
7328,2703200
7329,2724700
7330,2819500
7331,3071400
7332,3531800
7333,2605800
7334,2820900
7335,2813000
7336,3235300
7337,2540000
7338,3350800
7339,2737000
7340,2802800
7341,2791300
7342,2873000
7343,3481900
7344,2661700
7345,2867300
7346,2791500
7347,2923300
7348,2799600
7349,3930300
7350,2393100
7351,2680300
7352,2815600
7353,2840300
7354,3402800
7355,3263600
7356,2725500
7357,2764300
7358,2859700
7359,3107100
7360,2950800
7361,3277400
7362,2702800
7363,2859600
7364,2868300
7365,3051200
7366,3271000
7367,2851500
7368,2787300
7369,2839700
7370,3281800
7371,2549700
7372,3241500
7373,2832100
7374,2821500
7375,3217000
7376,2713700
7377,3506600
7378,2840000
7379,2797400
7380,2928800
7381,2842600
7382,2961100
7383,3220500
7384,2932000
7385,2782800
7386,2951500
7387,2816000
7388,2967600
7389,3343700
7390,2871500
7391,2939100
7392,2880600
7393,3263000
7394,3027000
7395,2877200
7396,3084200
7397,2766600
7398,3187000
7399,3432900
7400,2794000
7401,3095800
7402,2663300
7403,2982300
7404,3525400
7405,2911900
7406,2898400
7407,2831500
7408,2922100
7409,2864400
7410,3398500
7411,2877100
7412,3023800
7413,2765100
7414,2824300
7415,3282900
7416,3382300
7417,2864700
7418,2710400
7419,2945200
7420,2839500
7421,3138300
7422,3409100
7423,2549600
7424,2897200
7425,2818500
7426,2951800
7427,3024400
7428,3184900
7429,2732300
7430,2907200
7431,2727500
7432,3155900
7433,3202200
7434,2684700
7435,2784300
7436,2812100
7437,3267200
7438,3719600
7439,2456800
7440,2700800
7441,2816800
7442,2764400
7443,2848800
7444,3629400
7445,2638800
7446,2846200
7447,2754700
7448,2813400
7449,3307700
7450,2974100
7451,2661100
7452,2842900
7453,2762100
7454,3167700
7455,2874900
7456,3185200
7457,2780200
7458,2814500
7459,2828400
7460,2884200
7461,2908200
7462,3219200
7463,2710700
7464,2854200
7465,2971200
7466,2622900
7467,3318700
7468,2807200
7469,2799000
7470,2919500
7471,2746500
7472,3078100
7473,3165100
7474,2647700
7475,2822200
7476,3091300
7477,2833000
7478,3070400
7479,3275100
7480,2750200
7481,3029800
7482,2869600
7483,3050300
7484,3104000
7485,2754200
7486,2875100
7487,2743800
7488,2819500
7489,3214100
7490,2964200
7491,2722000
7492,2814800
7493,3280900
7494,2693800
7495,2899700
7496,3302300
7497,2813400
7498,2745200
7499,2871800
7500,2815200
7501,3395500
7502,2990000
7503,2612300
7504,2833000
7505,2890000
7506,3062000
7507,3102100
7508,2842900
7509,2716100
7510,3144100
7511,2994500
7512,2940000
7513,3291700
7514,2727900
7515,2897100
7516,2808400
7517,2979200
7518,3031300
7519,3365500
7520,2733300
7521,2903200
7522,2850800
7523,3563100
7524,2816600
7525,2717900
7526,2842500
7527,3088900
7528,3394000
7529,3223100
7530,2912500
7531,2829200
7532,3236200
7533,3355600
7534,3568200
7535,4557600
7536,3043300
7537,1865300
7538,2093800
7539,2807000
7540,3372800
7541,2782100
7542,2895300
7543,2834800
7544,3198500
7545,2922400
7546,3220500
7547,2796000
7548,2899200
7549,2877200
7550,2732300
7551,3691800
7552,2693700
7553,2847200
7554,2951700
7555,2689600
7556,2913100
7557,3337700
7558,2692700
7559,3167100
7560,2585400
7561,2840100
7562,2824300
7563,3307600
7564,2738900
7565,3197300
7566,3182100
7567,2357300
7568,3009800
7569,2979300
7570,3146200
7571,2667500
7572,2850800
7573,2863200
7574,3366800
7575,2706500
7576,2820800
7577,2795700
7578,2806200
7579,2967800
7580,3199500
7581,2781500
7582,2768700
7583,2859500
7584,2785800
7585,3021900
7586,3183600
7587,3018300
7588,2787500
7589,2793000
7590,2807000
7591,3537900
7592,2736000
7593,2764900
7594,2833800
7595,2801800
7596,2889700
7597,3558100
7598,2489600
7599,2723100
7600,2782300
7601,2861700
7602,3086000
7603,3102200
7604,2668200
7605,3143500
7606,2722800
7607,2847500
7608,3064900
7609,3173000
7610,2649800
7611,2832600
7612,2864100
7613,2825400
7614,3370500
7615,2704100
7616,2797100
7617,2843500
7618,2856300
7619,2983800
7620,3151000
7621,2947700
7622,2675200
7623,2922600
7624,2994200
7625,2905600
7626,3285400
7627,3092300
7628,2757300
7629,3101200
7630,2692600
7631,3346800
7632,2738300
7633,2771500
7634,2854600
7635,2896300
7636,2898600
7637,3264500
7638,2714300
7639,2871200
7640,2832300
7641,2816400
7642,3048000
7643,3252200
7644,2999800
7645,3061300
7646,2575500
7647,2875400
7648,3407300
7649,2648400
7650,3008000
7651,2699100
7652,2853700
7653,2918300
7654,3338900
7655,2686200
7656,2904300
7657,2770500
7658,2858100
7659,3127900
7660,3008000
7661,3020300
7662,2882000
7663,2861400
7664,2919800
7665,3206700
7666,3147400
7667,2704300
7668,2877000
7669,2816900
7670,3113600
7671,3051700
7672,2846500
7673,2797000
7674,2847600
7675,2764200
7676,2989100
7677,3331700
7678,2672900
7679,2880300
7680,2839200
7681,2816300
7682,2903000
7683,3352800
7684,2762700
7685,2779400
7686,2822800
7687,2897300
7688,3644900
7689,2594000
7690,2704000
7691,2838100
7692,2883100
7693,3309400
7694,3100900
7695,2567900
7696,2752200
7697,2871500
7698,2774200
7699,3354500
7700,3165800
7701,2983300
7702,2920300
7703,2879800
7704,2895700
7705,3564600
7706,2718100
7707,2896100
7708,2845700
7709,3006500
7710,2839600
7711,3305200
7712,2818000
7713,2889800
7714,2944000
7715,2826800
7716,3424500
7717,2845300
7718,3077600
7719,3003400
7720,2854100
7721,2966500
7722,3306400
7723,2777100
7724,3093500
7725,2703300
7726,2956400
7727,3378500
7728,2896700
7729,2862100
7730,2918700
7731,2943000
7732,2956100
7733,3425400
7734,2732200
7735,3547600
7736,2380900
7737,2861200
7738,3179900
7739,3532700
7740,3022500
7741,2681300
7742,2953400
7743,2998400
7744,3332500
7745,2882700
7746,2812500
7747,2853000
7748,2841500
7749,3063100
7750,3135200
7751,2994300
7752,3120500
7753,2774500
7754,2885800
7755,3472600
7756,2758400
7757,2762200
7758,2909000
7759,2877600
7760,2867100
7761,3743100
7762,2441200
7763,2794300
7764,2849300
7765,2861700
7766,2949200
7767,3366800
7768,2680600
7769,2864000
7770,2808400
7771,2821400
7772,3302600
7773,3123700
7774,2678700
7775,2921700
7776,2716400
7777,3112400
7778,4063400
7779,2050900
7780,2744400
7781,2805000
7782,2809600
7783,3066500
7784,3159000
7785,2728600
7786,2815700
7787,2816800
7788,2857500
7789,2911700
7790,3191000
7791,2719500
7792,2887100
7793,2763100
7794,3041500
7795,3374700
7796,2606400
7797,2786400
7798,2792400
7799,2897000
7800,2894100
7801,3263600
7802,2663900
7803,2821900
7804,2886200
7805,2709600
7806,2958500
7807,3243300
7808,2610200
7809,2913400
7810,2842600
7811,2765000
7812,3188500
7813,3411900
7814,2671500
7815,2969800
7816,2639500
7817,2961200
7818,3269900
7819,2615900
7820,2868100
7821,3052500
7822,2968700
7823,3199700
7824,2907300
7825,2608100
7826,2812100
7827,2873600
7828,2758100
7829,3049600
7830,3081000
7831,3040200
7832,2642300
7833,2700200
7834,3212700
7835,3273100
7836,2890900
7837,2726600
7838,2833900
7839,2696000
7840,3037800
7841,3202300
7842,2777300
7843,2867100
7844,2843100
7845,2793100
7846,3054100
7847,3317800
7848,2675000
7849,2948700
7850,2802600
7851,3106700
7852,3675100
7853,2621300
7854,2890800
7855,2917900
7856,3181500
7857,3403100
7858,2862300
7859,2909700
7860,2836100
7861,2971600
7862,3153700
7863,3152500
7864,2808100
7865,2848900
7866,2917300
7867,2909000
7868,3652200
7869,2840700
7870,2889000
7871,2743300
7872,2906400
7873,3405600
7874,3116700
7875,2792500
7876,2898100
7877,2913100
7878,3083700
7879,2807100
7880,3232300
7881,2776900
7882,2914300
7883,2854400
7884,2930700
7885,3226600
7886,3069900
7887,2875800
7888,2841300
7889,3032300
7890,2844900
7891,3285400
7892,2763200
7893,2791400
7894,3235600
7895,2729100
7896,2977100
7897,3216600
7898,2809600
7899,3155100
7900,2646100
7901,2793600
7902,3370700
7903,2702800
7904,2859100
7905,2795400
7906,2879000
7907,2896200
7908,3262300
7909,2730200
7910,3229100
7911,2969400
7912,2836400
7913,2852600
7914,3160500
7915,2811200
7916,2671500
7917,2885100
7918,2735200
7919,2892000
7920,3192200
7921,2870800
7922,2753400
7923,2931400
7924,2706400
7925,3669800
7926,2776800
7927,2703500
7928,2843300
7929,3052400
7930,2997400
7931,3220200
7932,2684400
7933,2829800
7934,2748400
7935,2907700
7936,2977400
7937,3052700
7938,2738300
7939,2828800
7940,2813800
7941,2886800
7942,3429600
7943,2619600
7944,2754200
7945,2787800
7946,3138600
7947,3172800
7948,3015200
7949,2728800
7950,2843100
7951,2846600
7952,2937500
7953,2965900
7954,3030200
7955,2745300
7956,2833500
7957,2890300
7958,2946200
7959,2796900
7960,3260800
7961,2817500
7962,2757700
7963,3201500
7964,2703000
7965,3153300
7966,2751200
7967,2828900
7968,3059700
7969,2848000
7970,3002800
7971,3170000
7972,2706600
7973,2915900
7974,2950400
7975,2715200
7976,3062500
7977,2963000
7978,2852800
7979,3096300
7980,2580400
7981,2849100
7982,3039300
7983,3057400
7984,2837200
7985,2902900
7986,3083600
7987,2935400
7988,3253800
7989,2701600
7990,2972600
7991,2730500
7992,2844900
7993,2990400
7994,3229300
7995,2750700
7996,2855300
7997,2847500
7998,2848900
7999,3515300
8000,2673600
8001,2956200
8002,2730100
8003,3132600
8004,2920000
8005,3267000
8006,2919800
8007,2678800
8008,2867200
8009,2816200
8010,3106500
8011,3362600
8012,2525900
8013,2842900
8014,2785100
8015,2889700
8016,3006500
8017,3195200
8018,2731200
8019,2897100
8020,2837400
8021,3006800
8022,3222700
8023,2645400
8024,2842300
8025,2848000
8026,2826100
8027,3150300
8028,3037600
8029,2698100
8030,2863900
8031,2789100
8032,2828800
8033,3434500
8034,2774800
8035,2742500
8036,2832000
8037,2892300
8038,3330700
8039,3208700
8040,2709500
8041,2748900
8042,3113700
8043,3185000
8044,2670200
8045,3155300
8046,2854600
8047,2804500
8048,2874700
8049,2883300
8050,3019700
8051,3105000
8052,2785800
8053,2917900
8054,3019500
8055,2738700
8056,3305400
8057,2832100
8058,2812600
8059,2886900
8060,2945900
8061,3206700
8062,3024400
8063,3027300
8064,2891700
8065,2847400
8066,2939700
8067,3345700
8068,2826900
8069,2914000
8070,3022200
8071,2881300
8072,2988400
8073,3443700
8074,2785200
8075,3098700
8076,2709200
8077,2973500
8078,3017800
8079,3182900
8080,3306600
8081,2702300
8082,2915600
8083,2942100
8084,3261600
8085,2946400
8086,2841000
8087,2904100
8088,2930300
8089,2912400
8090,3186200
8091,2955500
8092,2895600
8093,2788400
8094,2940500
8095,3290600
8096,2914000
8097,2706600
8098,2950400
8099,2816400
8100,3115900
8101,3343000
8102,2868200
8103,2844900
8104,2867900
8105,2783900
8106,2937700
8107,3306700
8108,2792500
8109,2853800
8110,2753200
8111,2922900
8112,3542100
8113,2736500
8114,2820300
8115,2904400
8116,2783600
8117,3184000
8118,3044700
8119,3426800
8120,2415000
8121,2813000
8122,2870700
8123,2945100
8124,3033900
8125,2819500
8126,2915400
8127,2717800
8128,2828800
8129,3430500
8130,2664600
8131,2916900
8132,2686300
8133,2879700
8134,2948400
8135,3191800
8136,2711100
8137,3127900
8138,2881600
8139,2803800
8140,2803800
8141,3296900
8142,2724800
8143,3021600
8144,2621100
8145,2752800
8146,3389700
8147,2667600
8148,2824900
8149,2949900
8150,2717600
8151,2818700
8152,3519300
8153,2818400
8154,3078300
8155,2611900
8156,2806500
8157,2828000
8158,3429400
8159,2836800
8160,2949000
8161,2684500
8162,2865000
8163,2921600
8164,3257000
8165,2882100
8166,3022300
8167,2902800
8168,2609400
8169,3303600
8170,2936700
8171,2736600
8172,2989300
8173,2817200
8174,3015400
8175,3313200
8176,2654500
8177,3028100
8178,2843900
8179,2804300
8180,3056700
8181,3065700
8182,2751900
8183,2961200
8184,2722500
8185,2935900
8186,3321300
8187,2935000
8188,2825400
8189,3142500
8190,2884200
8191,3250200
8192,3239900
8193,2897800
8194,2782500
8195,2961000
8196,2873300
8197,3224200
8198,3173200
8199,2788700
8200,2901900
8201,2966600
8202,3038900
8203,3244400
8204,2773700
8205,2868800
8206,2909400
8207,3454900
8208,3121900
8209,2875400
8210,2812100
8211,2794800
8212,2872900
8213,3260700
8214,3282500
8215,2727800
8216,3105000
8217,3452900
8218,2764900
8219,3074700
8220,4447100
8221,3004600
8222,1950000
8223,1914700
8224,2754600
8225,3406800
8226,2765100
8227,2888400
8228,2987600
8229,2730600
8230,3176000
8231,3322600
8232,2651600
8233,2824900
8234,2954200
8235,2786300
8236,3370700
8237,2728900
8238,2824000
8239,2933300
8240,2778200
8241,2783700
8242,3026700
8243,3176900
8244,3046100
8245,2709800
8246,2772100
8247,3090400
8248,3298100
8249,2713800
8250,2900900
8251,2780200
8252,2860800
8253,3023900
8254,3116200
8255,3118200
8256,2695900
8257,2824800
8258,2904900
8259,2804300
8260,3201500
8261,2848200
8262,2714900
8263,2851500
8264,2929700
8265,3173900
8266,3068400
8267,2621700
8268,2740600
8269,2840300
8270,3109500
8271,3257100
8272,2711100
8273,2792400
8274,2817000
8275,2874300
8276,2924200
8277,3246800
8278,2652800
8279,2809100
8280,2809500
8281,2877900
8282,3305800
8283,2682900
8284,2833000
8285,2859300
8286,2725600
8287,3107700
8288,3195800
8289,2666700
8290,2834800
8291,2787100
8292,3146300
8293,3092400
8294,3021900
8295,2738300
8296,2825800
8297,2865800
8298,2800700
8299,3231800
8300,3164700
8301,2754700
8302,2869900
8303,2833800
8304,3109000
8305,3290800
8306,2705800
8307,2814300
8308,2849500
8309,2968300
8310,2967600
8311,3194700
8312,2679700
8313,2863200
8314,3131700
8315,2557100
8316,3053300
8317,3118200
8318,2746400
8319,2928000
8320,2845900
8321,2789300
8322,3347600
8323,2758700
8324,2874900
8325,3054000
8326,2648300
8327,3144800
8328,3048000
8329,2829500
8330,2780700
8331,3396900
8332,2611800
8333,3284700
8334,3152600
8335,2772200
8336,3046700
8337,2686000
8338,3028600
8339,3186300
8340,2750200
8341,3051800
8342,2688700
8343,2906900
8344,3059200
8345,3086700
8346,3050000
8347,2684200
8348,3121200
8349,2770200
8350,3366300
8351,2770200
8352,2906600
8353,2856600
8354,2808900
8355,2945000
8356,3167400
8357,3125600
8358,2623100
8359,2719000
8360,2927900
8361,2792200
8362,3517200
8363,2534600
8364,2927700
8365,2765500
8366,2737300
8367,2994200
8368,3303400
8369,2790000
8370,2767000
8371,2853300
8372,2803100
8373,3757100
8374,2557000
8375,2800600
8376,2711300
8377,2902700
8378,3029800
8379,3403300
8380,2802800
8381,2693200
8382,2913800
8383,2793700
8384,3434100
8385,2830300
8386,2765200
8387,3080400
8388,2780100
8389,2923600
8390,2895000
8391,3274700
8392,2762500
8393,2844900
8394,2966300
8395,2934400
8396,3149500
8397,2870800
8398,2782300
8399,2844300
8400,2868500
8401,3033700
8402,3173600
8403,2771400
8404,2935000
8405,3107700
8406,2863400
8407,3412200
8408,2907300
8409,2707500
8410,2985600
8411,2835900
8412,2984500
8413,3253600
8414,2821800
8415,2960500
8416,2742600
8417,2808300
8418,2930300
8419,3353000
8420,3154200
8421,2829000
8422,2848700
8423,2962700
8424,3252100
8425,2874100
8426,2820400
8427,2878700
8428,2904700
8429,2828900
8430,3488100
8431,2648500
8432,2854300
8433,2858700
8434,2886300
8435,3378400
8436,2978800
8437,2665100
8438,2927300
8439,2839800
8440,3161800
8441,3493400
8442,2448900
8443,3166900
8444,2757900
8445,2834000
8446,3188200
8447,3343400
8448,2743800
8449,2828600
8450,2885400
8451,3051700
8452,3378700
8453,2629600
8454,2855200
8455,2859700
8456,2879300
8457,3269700
8458,3012800
8459,2705800
8460,3453100
8461,2458300
8462,3031200
8463,2771900
8464,3209300
8465,2845900
8466,2835200
8467,2809600
8468,2897100
8469,3325300
8470,2784500
8471,2788700
8472,2862500
8473,3016700
8474,2714400
8475,3188600
8476,2901300
8477,2726400
8478,2824800
8479,2925100
8480,3123800
8481,3222700
8482,3089200
8483,2725500
8484,2993600
8485,2685500
8486,3396100
8487,2721000
8488,2787600
8489,3167600
8490,2542700
8491,2966600
8492,3227700
8493,2744100
8494,2791500
8495,2868600
8496,2843700
8497,2952400
8498,3148700
8499,3015200
8500,3217300
8501,2490600
8502,2884300
8503,3303300
8504,2807700
8505,3131200
8506,2810300
8507,2904400
8508,3337600
8509,2789600
8510,2732000
8511,2794800
8512,3047300
8513,2847800
8514,2859600
8515,3433100
8516,2933800
8517,2689900
8518,2722700
8519,2814500
8520,3640900
8521,2738100
8522,2844500
8523,2736600
8524,2725600
8525,3018000
8526,3463600
8527,2627700
8528,2719400
8529,2879600
8530,2805600
8531,3143200
8532,3189300
8533,2676700
8534,2906800
8535,2847800
8536,2907500
8537,3018100
8538,3414600
8539,2784500
8540,2878900
8541,2840200
8542,3191000
8543,3113600
8544,2757800
8545,2936000
8546,2867900
8547,2858500
8548,3487800
8549,3056700
8550,2826400
8551,2693500
8552,2944500
8553,3181500
8554,3182000
8555,2773900
8556,3119800
8557,2870400
8558,2948200
8559,2842000
8560,3417000
8561,2713700
8562,2900400
8563,2908500
8564,2857300
8565,3356700
8566,2831900
8567,2825600
8568,2790200
8569,2931400
8570,3241300
8571,3049100
8572,2781700
8573,3086000
8574,2974400
8575,2723200
8576,3107700
8577,3207600
8578,2768700
8579,2847700
8580,2883600
8581,2911300
8582,3335200
8583,2817300
8584,2808200
8585,2781900
8586,2834700
8587,2893500
8588,3301600
8589,2733300
8590,3047800
8591,2657400
8592,2827400
8593,2954100
8594,3792700
8595,2716800
8596,2694300
8597,2870100
8598,2867400
8599,3301000
8600,3202500
8601,2491800
8602,2957400
8603,2739300
8604,2836600
8605,3430200
8606,2709900
8607,2967800
8608,2801200
8609,2820100
8610,2989200
8611,3152700
8612,2711500
8613,2831200
8614,2809300
8615,2789100
8616,3431100
8617,2728200
8618,2776600
8619,2807300
8620,2804100
8621,2919200
8622,3240100
8623,2709900
8624,2812200
8625,2838700
8626,2786500
8627,3010300
8628,3282100
8629,2620700
8630,2861000
8631,2843200
8632,3215800
8633,3108300
8634,2607500
8635,2854800
8636,2756100
8637,2910300
8638,2891300
8639,3156300
8640,2933700
8641,2809200
8642,3131700
8643,2983600
8644,2809700
8645,3252200
8646,2737500
8647,2876800
8648,3066700
8649,2661800
8650,2958200
8651,3221200
8652,2735100
8653,2882100
8654,2873400
8655,2895600
8656,2916700
8657,3085600
8658,2819100
8659,3167400
8660,2883200
8661,2910900
8662,3190400
8663,2782400
8664,3225900
8665,2755200
8666,2936600
8667,3365400
8668,2756700
8669,3113600
8670,2585300
8671,2845600
8672,3007800
8673,2825700
8674,3243500
8675,2866500
8676,2821800
8677,2911400
8678,2874000
8679,3235400
8680,2919700
8681,2744200
8682,2845500
8683,2911600
8684,2895500
8685,3478200
8686,2563400
8687,2906800
8688,2927700
8689,2720100
8690,3432800
8691,2755200
8692,2776800
8693,2906600
8694,3136700
8695,2854600
8696,3305000
8697,2735400
8698,2861400
8699,2797400
8700,2944200
8701,3282600
8702,2896900
8703,2754400
8704,2898500
8705,2770700
8706,2844300
8707,3644200
8708,2680900
8709,2772700
8710,2865300
8711,2846700
8712,3094900
8713,3033900
8714,2750200
8715,2883200
8716,2814500
8717,3119800
8718,2842200
8719,3278900
8720,2811300
8721,2800100
8722,2858400
8723,3089500
8724,3252400
8725,2742100
8726,2821300
8727,2830600
8728,3235200
8729,2601000
8730,3280900
8731,2759700
8732,2852900
8733,2886600
8734,2910800
8735,2777000
8736,3242200
8737,2882300
8738,2900200
8739,2870100
8740,2737900
8741,2961400
8742,3276700
8743,2811500
8744,2895600
8745,2927800
8746,2948400
8747,3338900
8748,2693200
8749,3097300
8750,3017200
8751,2788500
8752,2999800
8753,3180200
8754,2928900
8755,2800900
8756,2924200
8757,2833100
8758,3345600
8759,2782600
8760,2862800
8761,2885100
8762,2897800
8763,3133000
8764,3093500
8765,2970900
8766,2630100
8767,3216600
8768,2796600
8769,2981300
8770,3363700
8771,2727200
8772,2802500
8773,2970000
8774,2901900
8775,3332800
8776,2781600
8777,2903400
8778,2751400
8779,2921800
8780,3050900
8781,3493800
8782,2618900
8783,2918200
8784,2776200
8785,3118100
8786,3565200
8787,2639800
8788,2864400
8789,2860200
8790,2897100
8791,2997400
8792,3230900
8793,2686500
8794,2864100
8795,2811300
8796,2940100
8797,2981000
8798,3203300
8799,2728100
8800,3296400
8801,2434500
8802,2856100
8803,2974200
8804,3189400
8805,2764000
8806,3113700
8807,2831900
8808,2855600
8809,3375700
8810,2699800
8811,2892300
8812,2814400
8813,2982900
8814,2819900
8815,3318000
8816,2820000
8817,2859600
8818,2827100
8819,2789000
8820,3023900
8821,3146500
8822,2764100
8823,2920200
8824,3007100
8825,2897200
8826,3237400
8827,2767000
8828,2856900
8829,2894800
8830,2764300
8831,2949100
8832,3234100
8833,2768100
8834,3039400
8835,2631400
8836,2837800
8837,2978500
8838,3189500
8839,2729800
8840,2955300
8841,3134000
8842,2865100
8843,3319700
8844,2802000
8845,2904200
8846,2791200
8847,2967200
8848,2894000
8849,3215800
8850,3116100
8851,2846800
8852,2888600
8853,2783100
8854,3029900
8855,3303200
8856,2955300
8857,2715600
8858,2821600
8859,3158400
8860,3115800
8861,2926000
8862,2962500
8863,2941400
8864,2764400
8865,2980900
8866,3325600
8867,2839300
8868,2791500
8869,2833600
8870,2957800
8871,3477700
8872,2644500
8873,2803900
8874,2938400
8875,2837000
8876,3210800
8877,3149100
8878,2665400
8879,2905700
8880,3172100
8881,2818500
8882,3708500
8883,2576000
8884,2836600
8885,2826800
8886,2890100
8887,3388800
8888,3046400
8889,2908100
8890,2891900
8891,2712700
8892,2838000
8893,3357000
8894,3172500
8895,2926400
8896,2707800
8897,2872000
8898,2957800
8899,2891100
8900,3334200
8901,3381100
8902,3089000
8903,3263100
8904,4565900
8905,3308700
8906,1928600
8907,1958800
8908,3060400
8909,2673000
8910,3364900
8911,2714900
8912,2834200
8913,2869700
8914,2837600
8915,3158500
8916,3102300
8917,2706400
8918,3179500
8919,2884500
8920,2763700
8921,2970500
8922,3160100
8923,2779500
8924,2888400
8925,2884000
8926,2839900
8927,3484800
8928,2703700
8929,2862900
8930,3054000
8931,2597800
8932,3177000
8933,3074300
8934,2677400
8935,3166900
8936,2736100
8937,2880000
8938,2844000
8939,3282500
8940,2742100
8941,2803700
8942,2820300
8943,2842000
8944,3419200
8945,2676300
8946,3142600
8947,3158100
8948,2606500
8949,2674400
8950,3088900
8951,2791500
8952,2660400
8953,2808200
8954,2755100
8955,3094900
8956,3122300
8957,3058800
8958,2702200
8959,2841700
8960,2735800
8961,3072700
8962,3276100
8963,2634000
8964,2846200
8965,2810300
8966,2772700
8967,3683600
8968,2701100
8969,2759900
8970,2807800
8971,2871200
8972,2940800
8973,3219000
8974,2717200
8975,3056800
8976,2801100
8977,2900900
8978,2912000
8979,3250200
8980,2664400
8981,2858500
8982,2759400
8983,2909400
8984,3324400
8985,2746100
8986,2764600
8987,2833400
8988,2868300
8989,3041700
8990,3138100
8991,2720900
8992,2991400
8993,3078400
8994,2672100
8995,2913700
8996,3134900
8997,2781700
8998,2803200
8999,2893600
9000,2720500
9001,3273300
9002,3068200
9003,2803900
9004,2967700
9005,2657600
9006,2871200
9007,3248900
9008,2825000
9009,2996600
9010,2656400
9011,2769600
9012,3087200
9013,3139400
9014,3104400
9015,2760900
9016,2731600
9017,2936000
9018,2877300
9019,3185800
9020,2997100
9021,2652800
9022,2870300
9023,2779600
9024,3475000
9025,2751100
9026,3183400
9027,2797700
9028,2755400
9029,3005000
9030,3243900
9031,3012500
9032,2803600
9033,2636600
9034,2802200
9035,2986300
9036,3391100
9037,2593000
9038,2857600
9039,2846800
9040,2795200
9041,3878200
9042,2424700
9043,2774900
9044,2852700
9045,2883700
9046,2814400
9047,3416400
9048,2673100
9049,2819700
9050,2841500
9051,2827000
9052,3234100
9053,3051300
9054,2729100
9055,2827800
9056,2818400
9057,2768800
9058,3518400
9059,3059000
9060,2805900
9061,2777800
9062,2858500
9063,3013400
9064,3233700
9065,2819600
9066,2782600
9067,2871000
9068,2901800
9069,3105100
9070,3482100
9071,2644200
9072,2869100
9073,3248700
9074,2711300
9075,2955100
9076,3224200
9077,2807900
9078,2992000
9079,2754200
9080,3079800
9081,3130200
9082,2852700
9083,2859000
9084,2910500
9085,2840600
9086,3115800
9087,3390700
9088,2724000
9089,2904500
9090,2790400
9091,3013300
9092,3245500
9093,2876800
9094,2856500
9095,2858300
9096,2821700
9097,2934500
9098,3251300
9099,2993700
9100,2715900
9101,2839400
9102,2808800
9103,3089800
9104,3333400
9105,3005400
9106,2803300
9107,2886000
9108,2927700
9109,3317200
9110,2892900
9111,2713700
9112,2926600
9113,2849000
9114,3015400
9115,3700900
9116,2541600
9117,2921500
9118,2830200
9119,2906500
9120,3404300
9121,2769500
9122,2834100
9123,2873800
9124,2937400
9125,2982900
9126,3671700
9127,2620100
9128,2912400
9129,2822000
9130,2830800
9131,3215400
9132,3022000
9133,2834400
9134,2850900
9135,2947800
9136,2812500
9137,3431700
9138,2745100
9139,2834700
9140,3173200
9141,2597400
9142,3212200
9143,3107700
9144,2715200
9145,2885600
9146,2853100
9147,2940100
9148,3082500
9149,3265500
9150,2679800
9151,2944100
9152,2847100
9153,2887500
9154,3315500
9155,2774500
9156,2809300
9157,2914200
9158,2809000
9159,2949800
9160,3296600
9161,2765400
9162,2864200
9163,2861600
9164,2793300
9165,3484800
9166,2699600
9167,2793100
9168,2936000
9169,3076800
9170,2942100
9171,3288600
9172,2842000
9173,2896200
9174,3164700
9175,2420100
9176,2944400
9177,3196400
9178,2930100
9179,2824500
9180,2821800
9181,2814100
9182,3089200
9183,3178900
9184,2888300
9185,2710500
9186,3145000
9187,3032800
9188,3398100
9189,2944700
9190,2696100
9191,2842700
9192,2883500
9193,3012500
9194,3310200
9195,3006700
9196,2800500
9197,2912500
9198,2740900
9199,2969200
9200,3108700
9201,2869700
9202,2746100
9203,2879900
9204,3327100
9205,3272800
9206,2725300
9207,2813300
9208,3232300
9209,2663100
9210,3051300
9211,3025500
9212,2686500
9213,2856100
9214,2851500
9215,2932800
9216,3418500
9217,2842300
9218,2792700
9219,2864200
9220,2863900
9221,3360300
9222,3017700
9223,2733100
9224,2885400
9225,3200500
9226,2859700
9227,3852900
9228,2898200
9229,2723900
9230,2802900
9231,3105600
9232,2808400
9233,3317500
9234,2741600
9235,2842700
9236,2852500
9237,3006400
9238,3012900
9239,3224800
9240,2701600
9241,2902800
9242,3632100
9243,2382700
9244,3425900
9245,2678200
9246,2946500
9247,2886700
9248,2741700
9249,3017700
9250,3275000
9251,2760000
9252,2927500
9253,2742200
9254,2841000
9255,3074500
9256,3176200
9257,2918300
9258,2673200
9259,3149700
9260,2878800
9261,3327200
9262,2827500
9263,2831500
9264,2736100
9265,2838100
9266,3064900
9267,3107200
9268,2799200
9269,2837100
9270,2857500
9271,2872300
9272,2861000
9273,3626400
9274,2479100
9275,2746400
9276,2877300
9277,3445400
9278,3001900
9279,2589700
9280,2789000
9281,2840200
9282,2826900
9283,2922200
9284,3333700
9285,2648900
9286,2859000
9287,2770700
9288,2905500
9289,3059000
9290,3559400
9291,2448600
9292,2662500
9293,2649900
9294,2768500
9295,3114500
9296,3068800
9297,2732400
9298,2786200
9299,3107200
9300,2942100
9301,3265900
9302,2610500
9303,2965700
9304,2673900
9305,2837600
9306,3049600
9307,3408500
9308,2651800
9309,2905900
9310,2776600
9311,3066300
9312,3432400
9313,2541500
9314,2770500
9315,2786400
9316,3362100
9317,2659500
9318,3395700
9319,2731100
9320,2774300
9321,2896800
9322,2817600
9323,2997800
9324,3243100
9325,2694600
9326,2842100
9327,3018300
9328,2694500
9329,2909900
9330,3334300
9331,2730700
9332,3028400
9333,3043900
9334,2722800
9335,3340900
9336,2800300
9337,3011900
9338,2682100
9339,2781100
9340,2979200
9341,3446800
9342,2812300
9343,2808000
9344,2820400
9345,2926000
9346,2926600
9347,3539300
9348,2545400
9349,2681600
9350,2941200
9351,2747800
9352,3503700
9353,2852000
9354,2771700
9355,3019100
9356,2798100
9357,2921200
9358,3259000
9359,2895800
9360,2780300
9361,2855300
9362,2789500
9363,2985800
9364,3273400
9365,2701000
9366,2928500
9367,2737000
9368,2874900
9369,3480000
9370,2666800
9371,2786000
9372,3145900
9373,2799500
9374,3082900
9375,3159600
9376,2837500
9377,2810000
9378,2825100
9379,2999200
9380,2797600
9381,4113300
9382,1985300
9383,2870200
9384,2847900
9385,2920700
9386,2863600
9387,3281700
9388,2683300
9389,2927200
9390,2812000
9391,2885800
9392,3163400
9393,2814000
9394,2890600
9395,2915600
9396,2800800
9397,2830300
9398,3477400
9399,2810500
9400,2773100
9401,3207700
9402,2560600
9403,2887100
9404,3147500
9405,2957200
9406,3047600
9407,2867500
9408,2903100
9409,3293100
9410,2714900
9411,3125300
9412,2606000
9413,2879400
9414,2886700
9415,3349300
9416,3229100
9417,2810100
9418,2561400
9419,2739600
9420,2913400
9421,3300400
9422,2857500
9423,2766700
9424,2890900
9425,2880200
9426,3255400
9427,2765500
9428,2981800
9429,2995400
9430,2848200
9431,2881100
9432,3312200
9433,2858900
9434,2747600
9435,2879300
9436,2771400
9437,3051100
9438,3241100
9439,2705200
9440,2861700
9441,2834600
9442,2894500
9443,3647700
9444,2602200
9445,2763500
9446,3142900
9447,2951500
9448,2957100
9449,3195300
9450,2714100
9451,3307300
9452,2393300
9453,2824100
9454,3786800
9455,2678900
9456,2880500
9457,2888300
9458,2766200
9459,3076100
9460,3186000
9461,2785700
9462,2889300
9463,2799200
9464,3232400
9465,2773100
9466,3273400
9467,2984000
9468,2885100
9469,2871800
9470,2879100
9471,3399900
9472,2670700
9473,2891800
9474,2805900
9475,3012800
9476,2969200
9477,3153400
9478,2780400
9479,2914700
9480,2928500
9481,2808400
9482,2926500
9483,3266600
9484,2878000
9485,3216400
9486,2512600
9487,2919700
9488,3110100
9489,3565900
9490,2712800
9491,2906400
9492,2867400
9493,3029600
9494,3193200
9495,2806000
9496,2858600
9497,2874300
9498,2898500
9499,3029100
9500,3248400
9501,2969100
9502,2763000
9503,2758800
9504,3139400
9505,3176300
9506,3088900
9507,2804200
9508,2864800
9509,2886800
9510,2934900
9511,3282500
9512,2895300
9513,2778900
9514,2841600
9515,2915000
9516,3302500
9517,2984600
9518,2797700
9519,3213400
9520,2400900
9521,3125800
9522,3110000
9523,3187000
9524,2664500
9525,2961100
9526,2751000
9527,2944000
9528,3480200
9529,2755300
9530,2780400
9531,2824100
9532,2979300
9533,3469600
9534,2658900
9535,2867000
9536,2769200
9537,2875000
9538,2947000
9539,3502400
9540,2868600
9541,2861300
9542,2728200
9543,2913200
9544,2982800
9545,3358900
9546,2780400
9547,2791800
9548,2924000
9549,3096300
9550,3146800
9551,2968200
9552,2797700
9553,3236500
9554,2544100
9555,2975700
9556,3202000
9557,2900500
9558,2859300
9559,2837300
9560,2978800
9561,3561400
9562,3179300
9563,2800300
9564,2909400
9565,3007100
9566,2900100
9567,3320600
9568,2801500
9569,2896700
9570,3316600
9571,2868100
9572,3464300
9573,2479600
9574,2823700
9575,3067000
9576,2705700
9577,3174800
9578,3249400
9579,2897900
9580,2960900
9581,2857000
9582,2850800
9583,3115300
9584,3101500
9585,2876300
9586,2903100
9587,3198100
9588,2654900
9589,2928600
9590,3135600
9591,3369000
9592,3084500
9593,2514300
9594,4386900
9595,4807100
9596,2480400
9597,1753900
9598,2312700
9599,3004700
9600,3314800
9601,2853100
9602,2748600
9603,2863800
9604,2816800
9605,3001900
9606,3349900
9607,2592100
9608,2850100
9609,2896400
9610,2745800
9611,3040900
9612,3347100
9613,2663300
9614,2788900
9615,2791300
9616,3025400
9617,3403200
9618,2553200
9619,3069800
9620,2787400
9621,3067100
9622,2657400
9623,3267400
9624,2752200
9625,2772400
9626,2961100
9627,2660900
9628,3180000
9629,2947500
9630,2783300
9631,2850600
9632,2747000
9633,2808200
9634,3698400
9635,3142700
9636,2434400
9637,2944600
9638,2702200
9639,3034700
9640,3075900
9641,2781800
9642,2851200
9643,2844400
9644,2891800
9645,2822600
9646,3270100
9647,2692000
9648,2862600
9649,2772400
9650,2888900
9651,2939300
9652,3155300
9653,2737000
9654,2887900
9655,3007000
9656,3365100
9657,2672100
9658,3020400
9659,2826400
9660,2875800
9661,2771800
9662,2941900
9663,3197800
9664,2803000
9665,2872900
9666,2834800
9667,2744500
9668,3015800
9669,3216600
9670,2820600
9671,3000900
9672,2754600
9673,2697500
9674,3591900
9675,2799100
9676,3002400
9677,3051600
9678,2637800
9679,2910400
9680,3365500
9681,2646300
9682,2906800
9683,2756400
9684,2831200
9685,2971600
9686,3190600
9687,2768500
9688,2831500
9689,2824600
9690,2837600
9691,3969600
9692,2225200
9693,2809100
9694,2813200
9695,2809300
9696,3087900
9697,3503200
9698,2701100
9699,2930200
9700,2756600
9701,2879600
9702,2980300
9703,3211700
9704,3084600
9705,2554100
9706,2831200
9707,2867200
9708,3555900
9709,2801200
9710,2632800
9711,2891800
9712,2863800
9713,2996900
9714,3286100
9715,2964500
9716,2799000
9717,2854500
9718,2826200
9719,3066500
9720,3188800
9721,2785600
9722,2806700
9723,2860500
9724,2812900
9725,3072600
9726,3739900
9727,2227100
9728,2771800
9729,2943900
9730,2810300
9731,3490300
9732,2645100
9733,2929000
9734,2737300
9735,2882000
9736,3328500
9737,3140400
9738,2745500
9739,2846300
9740,2895300
9741,2877700
9742,3719700
9743,2494300
9744,2777700
9745,2823600
9746,2893000
9747,3079400
9748,3320200
9749,2760400
9750,2819900
9751,2808900
9752,3161500
9753,2940400
9754,3125600
9755,2786800
9756,2829100
9757,2995300
9758,3101300
9759,3079000
9760,2729000
9761,3438300
9762,2445000
9763,2679400
9764,2991900
9765,3125000
9766,2776000
9767,2839700
9768,2846600
9769,2990900
9770,3077300
9771,3188300
9772,2716500
9773,2925800
9774,2823100
9775,2807100
9776,3402400
9777,2685200
9778,3063900
9779,2681000
9780,2839700
9781,3009300
9782,3424400
9783,2730900
9784,3024400
9785,2708000
9786,2915700
9787,2990000
9788,3351000
9789,2836300
9790,2815900
9791,2955100
9792,2799000
9793,3423600
9794,2760900
9795,3229200
9796,2442400
9797,2913200
9798,3029700
9799,3115600
9800,2839200
9801,2830400
9802,2854800
9803,2900100
9804,2897000
9805,3480500
9806,2649300
9807,2780900
9808,2911700
9809,2896100
9810,3738900
9811,2623600
9812,2804600
9813,2935700
9814,2920200
9815,3115400
9816,3095400
9817,2769400
9818,2912100
9819,2759300
9820,2921000
9821,3201500
9822,3196000
9823,2750800
9824,2864000
9825,2890500
9826,3281700
9827,3002900
9828,2781200
9829,2842200
9830,2839100
9831,3409400
9832,2665700
9833,3299400
9834,2733600
9835,2910300
9836,2948500
9837,2746200
9838,3461400
9839,2714800
9840,2915500
9841,2913600
9842,3022500
9843,2940500
9844,3204300
9845,2809500
9846,2901700
9847,2926400
9848,2800600
9849,2952100
9850,3247100
9851,2758900
9852,2982400
9853,2866600
9854,2788100
9855,3417300
9856,2774900
9857,2844500
9858,2986100
9859,2856100
9860,2913200
9861,3195000
9862,2896100
9863,3197000
9864,2545400
9865,2883300
9866,3125900
9867,3284600
9868,3132400
9869,2610500
9870,2805300
9871,3112600
9872,3128600
9873,2833300
9874,2909600
9875,2829500
9876,2958700
9877,2892800
9878,3208700
9879,3192200
9880,2848300
9881,2821200
9882,3015500
9883,2869900
9884,3172100
9885,2822800
9886,2817500
9887,3285600
9888,2913700
9889,3238900
9890,2887400
9891,2869100
9892,2891900
9893,2925200
9894,3095800
9895,3311800
9896,2794700
9897,2881800
9898,2788200
9899,2930600
9900,3474600
9901,2665800
9902,2914700
9903,2841800
9904,3238300
9905,2933200
9906,3627900
9907,2722000
9908,2770000
9909,2854200
9910,2885400
9911,3397700
9912,2733700
9913,2924100
9914,2866800
9915,2908900
9916,3165900
9917,3091300
9918,2773000
9919,2985500
9920,2852300
9921,3080500
9922,3129500
9923,3174800
9924,2810300
9925,2921400
9926,2784800
9927,3073000
9928,3385500
9929,2807000
9930,2883100
9931,2928400
9932,2975900
9933,2781700
9934,3229600
9935,2830800
9936,2865600
9937,2892400
9938,2877400
9939,3409300
9940,2694700
9941,2808800
9942,2939400
9943,3094000
9944,2961800
9945,3129100
9946,2847900
9947,2797800
9948,2921100
9949,2750600
9950,2992400
9951,3213100
9952,2739000
9953,3016900
9954,2629300
9955,2882500
9956,3265000
9957,2750300
9958,3108800
9959,2749600
9960,2996600
9961,2773900
9962,3323000
9963,2692500
9964,2959500
9965,2723900
9966,2944600
9967,2764200
9968,3404300
9969,2839900
9970,2803500
9971,2749400
9972,2806500
9973,2940000
9974,3543500
9975,2597100
9976,2670400
9977,3076200
9978,2841800
9979,3318400
9980,2969400
9981,3184900
9982,2564900
9983,2600100
9984,2880700
9985,3214000
9986,2704200
9987,2866000
9988,2767800
9989,2906400
9990,3024200
9991,3068700
9992,2682700
9993,2914700
9994,2762200
9995,2785500
9996,3133200
9997,3183100
9998,2713400
9999,3098600
10000,2890100
10001,2872200
10002,3399500
10003,2810300
10004,2772700
10005,2894400
10006,2840800
10007,2916800
10008,3251700
10009,2788100
10010,2785400
10011,2864100
10012,2768300
10013,3328100
10014,2822000
10015,2720400
10016,2914500
10017,2925200
10018,2795000
10019,2823500
10020,3310300
10021,3081000
10022,2803600
10023,2859900
10024,2893900
10025,3223200
10026,2800800
10027,2909800
10028,2720700
10029,2857200
10030,2945300
10031,3300700
10032,3029400
10033,2703300
10034,3066100
10035,2962400
10036,3150500
10037,2761800
10038,2931100
10039,2734200
10040,2993300
10041,2881600
10042,3403700
10043,2896600
10044,2709500
10045,2839900
10046,2781700
10047,2943400
10048,3464200
10049,2590000
10050,2840100
10051,2843800
10052,2896800
10053,3372100
10054,2790200
10055,2812900
10056,3068100
10057,2915500
10058,2889500
10059,3203800
10060,2804800
10061,2777700
10062,2837200
10063,2778100
10064,3341400
10065,2904300
10066,2714500
10067,2861600
10068,2806200
10069,2896800
10070,3580000
10071,2729300
10072,2718500
10073,2866100
10074,2777600
10075,3113100
10076,3421600
10077,2670600
10078,2836300
10079,2819400
10080,2851500
10081,3348500
10082,3042600
10083,2702100
10084,2826200
10085,2843300
10086,3129800
10087,3162600
10088,2781300
10089,2725600
10090,2790500
10091,3143100
10092,2794900
10093,3107700
10094,2684300
10095,3133400
10096,2830000
10097,2850700
10098,2994100
10099,3144300
10100,2693500
10101,2872100
10102,3096800
10103,2773200
10104,3226600
10105,2668000
10106,2775500
10107,3077800
10108,2637400
10109,3095200
10110,3140800
10111,2680400
10112,3151100
10113,2857400
10114,2808400
10115,3185200
10116,3083000
10117,2762500
10118,3086200
10119,2623300
10120,2831000
10121,2969100
10122,3156700
10123,3098300
10124,2604100
10125,2811300
10126,2825500
10127,3324800
10128,2757600
10129,2903400
10130,2705200
10131,2835800
10132,3140400
10133,3173700
10134,3084900
10135,3075500
10136,2408200
10137,2855800
10138,2911900
10139,3317900
10140,2745000
10141,2758500
10142,2868900
10143,2925600
10144,3301000
10145,2866300
10146,2698600
10147,2822900
10148,2900800
10149,3085200
10150,3176400
10151,2977000
10152,2816500
10153,2849800
10154,2792200
10155,3063300
10156,3360800
10157,2652200
10158,2892400
10159,2858500
10160,2934900
10161,3381700
10162,2749600
10163,2794800
10164,2932700
10165,2904800
10166,3365600
10167,2885800
10168,3059800
10169,2813600
10170,2930400
10171,2789900
10172,3614900
10173,2657900
10174,2869900
10175,2899200
10176,2864900
10177,2915500
10178,3459700
10179,2749400
10180,2939900
10181,2840800
10182,3077500
10183,2726500
10184,3361700
10185,2762600
10186,2843900
10187,3278900
10188,2713500
10189,3433400
10190,3115100
10191,2796700
10192,3036200
10193,2765400
10194,3038100
10195,3153300
10196,2807400
10197,2873900
10198,2951800
10199,2821000
10200,3362200
10201,2757400
10202,2874300
10203,2918000
10204,2830200
10205,3154900
10206,3077000
10207,3066800
10208,2933900
10209,2709200
10210,3075200
10211,2723100
10212,3277300
10213,2942000
10214,2703500
10215,2947400
10216,2740600
10217,3400200
10218,2752700
10219,3059800
10220,2951900
10221,3056000
10222,2977200
10223,2959000
10224,3244500
10225,2781800
10226,2746600
10227,2831900
10228,3065100
10229,3352800
10230,2692000
10231,2862000
10232,2984000
10233,2798900
10234,3221500
10235,2929400
10236,2756300
10237,2959900
10238,2784000
10239,2971000
10240,3375400
10241,2935700
10242,2903300
10243,2786600
10244,2849300
10245,3280300
10246,3198400
10247,2818300
10248,2672300
10249,2729200
10250,3278500
10251,2983700
10252,2809500
10253,2856200
10254,2900600
10255,2761900
10256,3039500
10257,3171900
10258,2777400
10259,2829700
10260,2970600
10261,2916000
10262,3187400
10263,3303400
10264,2874700
10265,2902900
10266,2881400
10267,2923800
10268,3240500
10269,2815000
10270,3758700
10271,2706100
10272,2647000
10273,3703500
10274,4055500
10275,2071900
10276,1960800
10277,2503100
10278,2828600
10279,3396200
10280,2780800
10281,2941000
10282,2920800
10283,2737300
10284,3333300
10285,3148600
10286,2841100
10287,2855700
10288,2823500
10289,2895200
10290,2938500
10291,3363600
10292,2994400
10293,2596900
10294,2775700
10295,2819800
10296,3396900
10297,2748100
10298,2866900
10299,2800100
10300,2840900
10301,2998200
10302,3515600
10303,2726100
10304,2657400
10305,2914600
10306,3114400
10307,2982700
10308,3274000
10309,2657300
10310,2801000
10311,2804600
10312,2839600
10313,2917200
10314,3325600
10315,2728100
10316,2850200
10317,2845200
10318,2951000
10319,3608800
10320,2506100
10321,2802200
10322,2865300
10323,2840200
10324,2920300
10325,3476800
10326,2725600
10327,2974900
10328,2593700
10329,2753300
10330,2951400
10331,3251200
10332,2746400
10333,2789400
10334,2843000
10335,2951100
10336,3281100
10337,2788700
10338,2803000
10339,2846900
10340,2818800
10341,3147500
10342,3203000
10343,2665200
10344,2835900
10345,3108300
10346,2989200
10347,2911500
10348,3198800
10349,2718000
10350,2897200
10351,2844900
10352,3056900
10353,3193700
10354,2697800
10355,2837000
10356,2893800
10357,2775100
10358,3206200
10359,3083100
10360,2697300
10361,2895100
10362,3054300
10363,2932800
10364,2916000
10365,3141500
10366,2818000
10367,2855000
10368,2960600
10369,2771700
10370,3380900
10371,2658500
10372,2897200
10373,2824800
10374,2898300
10375,3005300
10376,3407400
10377,2637900
10378,2937200
10379,2936200
10380,2988900
10381,3029100
10382,3150200
10383,2856600
10384,2815200
10385,2863300
10386,2858300
10387,3353300
10388,2666000
10389,2851300
10390,2859800
10391,2764600
10392,3052400
10393,3229100
10394,2740600
10395,3087100
10396,2634300
10397,2779000
10398,3175500
10399,3059900
10400,2705100
10401,3128000
10402,2766900
10403,2856300
10404,3377600
10405,2748700
10406,2986900
10407,2630600
10408,2888100
10409,3062200
10410,3073100
10411,2797900
10412,2938700
10413,2655700
10414,2939400
10415,2830100
10416,3471700
10417,2774200
10418,2819600
10419,2844600
10420,2782500
10421,3327400
10422,3076100
10423,2560100
10424,2808300
10425,2790000
10426,2950300
10427,3482200
10428,2826100
10429,2597700
10430,2829800
10431,2804100
10432,3162300
10433,3013000
10434,2829700
10435,2764300
10436,3102400
10437,2743000
10438,3068700
10439,3184400
10440,2731900
10441,2888400
10442,2796900
10443,3117700
10444,3194900
10445,2709200
10446,2742700
10447,2934400
10448,2954700
10449,2775200
10450,3360600
10451,2862600
10452,2741700
10453,2844300
10454,3020900
10455,2771800
10456,3191000
10457,2800500
10458,3071200
10459,2949300
10460,2758700
10461,2860400
10462,3182900
10463,2844100
10464,3137800
10465,2679700
10466,2807900
10467,3218800
10468,2693500
10469,2975100
10470,2741400
10471,2867900
10472,3001500
10473,3151600
10474,2714700
10475,3599300
10476,2361800
10477,2834900
10478,3043400
10479,3021400
10480,3124800
10481,2551000
10482,2941700
10483,2919200
10484,3150900
10485,2778000
10486,2965800
10487,2748600
10488,2780500
10489,3153100
10490,3161700
10491,2932300
10492,2822800
10493,2987700
10494,2882000
10495,3000800
10496,3257200
10497,2802300
10498,2821700
10499,2834300
10500,2900800
10501,3341400
10502,2822700
10503,2786500
10504,2920300
10505,2943100
10506,2885400
10507,3386100
10508,2740300
10509,2788800
10510,2960800
10511,2830500
10512,3686300
10513,2606000
10514,3135000
10515,2892500
10516,2969400
10517,2919400
10518,3355200
10519,2850900
10520,2891700
10521,2902200
10522,2879700
10523,3143900
10524,3153900
10525,2788800
10526,2845500
10527,2917500
10528,3304000
10529,3166800
10530,2819700
10531,3088100
10532,2875600
10533,3020400
10534,2984700
10535,3047000
10536,2902800
10537,2855500
10538,2831600
10539,2955600
10540,3320400
10541,2800300
10542,2818600
10543,2919300
10544,2908700
10545,2836900
10546,3323700
10547,2751900
10548,2839000
10549,3167100
10550,2721900
10551,2925000
10552,3172800
10553,2955000
10554,2927700
10555,2798900
10556,2857700
10557,3303700
10558,2824900
10559,2771400
10560,3170300
10561,2817100
10562,3187400
10563,3545800
10564,2326400
10565,2802000
10566,2870000
10567,2821800
10568,3023200
10569,3181100
10570,2994200
10571,2913300
10572,2732800
10573,2934100
10574,3232800
10575,2813900
10576,2884900
10577,2707500
10578,2777100
10579,2856000
10580,3233100
10581,2701200
10582,2862300
10583,2803800
10584,2790900
10585,2988000
10586,3276800
10587,3427300
10588,2722200
10589,2745500
10590,2723900
10591,3271500
10592,2958500
10593,2670200
10594,2781900
10595,2927300
10596,2910700
10597,3390600
10598,2774500
10599,2838500
10600,2936300
10601,2788000
10602,3472600
10603,3050800
10604,2831800
10605,3004300
10606,2899900
10607,3009800
10608,3350700
10609,2786100
10610,2932300
10611,2904100
10612,2991700
10613,3233400
10614,3009500
10615,2813700
10616,2935600
10617,2852700
10618,3047700
10619,3387800
10620,2724400
10621,2954200
10622,2904700
10623,3025800
10624,3143700
10625,3099600
10626,3120300
10627,2814800
10628,2989200
10629,2977300
10630,3298100
10631,2838500
10632,2875500
10633,2945300
10634,2845500
10635,3187300
10636,3257900
10637,2759500
10638,2945800
10639,2913600
10640,2836400
10641,3052100
10642,3335300
10643,3017000
10644,2968500
10645,2865100
10646,2949900
10647,3115400
10648,2835100
10649,2954400
10650,2788900
10651,2923500
10652,2936400
10653,3242100
10654,2798800
10655,2919500
10656,2785100
10657,2907500
10658,3315900
10659,2715000
10660,2893600
10661,3025900
10662,2657600
10663,2917100
10664,3422100
10665,2776800
10666,3054500
10667,2598000
10668,2938400
10669,2822400
10670,3180200
10671,3053000
10672,2875700
10673,2952400
10674,2740000
10675,3365900
10676,2709400
10677,2910900
10678,2726100
10679,2830900
10680,3029700
10681,3208000
10682,3087400
10683,2729500
10684,2808700
10685,2752600
10686,2976200
10687,3311500
10688,2706000
10689,2887600
10690,2743600
10691,2782800
10692,2916700
10693,3277900
10694,2697900
10695,2933300
10696,2739100
10697,2918400
10698,3572100
10699,2738900
10700,2825200
10701,2808800
10702,2815500
10703,2985100
10704,3186700
10705,2683900
10706,2903300
10707,2715000
10708,2904500
10709,3082200
10710,3047000
10711,2747800
10712,2885400
10713,2762900
10714,3053600
10715,3276300
10716,2659300
10717,2866500
10718,2763600
10719,2845100
10720,2974800
10721,3234400
10722,2683600
10723,2818600
10724,2892200
10725,3110900
10726,2809800
10727,3242800
10728,2686900
10729,2940200
10730,2707900
10731,2859500
10732,3014800
10733,3111900
10734,2807300
10735,2868800
10736,2758600
10737,2786300
10738,3532100
10739,2682300
10740,2884700
10741,2910200
10742,2695200
10743,2967500
10744,3283100
10745,2749400
10746,3147000
10747,2644200
10748,2738100
10749,2934500
10750,3370600
10751,2872800
10752,2944700
10753,2671100
10754,2914900
10755,2857200
10756,3229500
10757,3011100
10758,2704300
10759,2816000
10760,2912300
10761,3229600
10762,2999300
10763,2634500
10764,2893000
10765,2766600
10766,3045300
10767,3354100
10768,2830400
10769,2687600
10770,2815500
10771,2814400
10772,3116500
10773,3186700
10774,2768700
10775,2868200
10776,2822000
10777,3145000
10778,3403500
10779,2701600
10780,2927900
10781,2832700
10782,2851400
10783,3010200
10784,3140500
10785,2768500
10786,2937500
10787,2742100
10788,3127300
10789,3566300
10790,2579400
10791,2806100
10792,2911200
10793,2831300
10794,3084100
10795,3088400
10796,2778700
10797,2768600
10798,2894500
10799,3211300
10800,2815100
10801,3251600
10802,2763400
10803,2864100
10804,3147300
10805,2561200
10806,3292300
10807,2758500
10808,2913800
10809,2810800
10810,2788600
10811,2904000
10812,3335500
10813,2679300
10814,2883800
10815,3487300
10816,2479300
10817,2882000
10818,3193100
10819,2749200
10820,3104100
10821,2603900
10822,2806400
10823,3553800
10824,2703200
10825,2864200
10826,2878100
10827,2757900
10828,2858700
10829,3377300
10830,2719100
10831,3124400
10832,2656200
10833,2816800
10834,3120700
10835,3267200
10836,2969000
10837,2782000
10838,2895200
10839,2856400
10840,3346300
10841,2853100
10842,3009300
10843,2749200
10844,2931600
10845,2893100
10846,3350500
10847,2967800
10848,2731900
10849,2861500
10850,2980100
10851,3038900
10852,3426300
10853,2673000
10854,2923200
10855,3155700
10856,2941200
10857,3625800
10858,2646800
10859,2909700
10860,2883800
10861,2892600
10862,3253000
10863,3135200
10864,2803700
10865,2945500
10866,2786100
10867,2927500
10868,3291900
10869,3024600
10870,2785500
10871,2891600
10872,3280600
10873,2930800
10874,3210600
10875,2841100
10876,2812500
10877,2876400
10878,2913800
10879,2959600
10880,3277800
10881,2744800
10882,2899800
10883,2936800
10884,2885700
10885,3264100
10886,2769800
10887,2918700
10888,2978100
10889,2764500
10890,2992100
10891,3135500
10892,2729000
10893,3046900
10894,2894700
10895,2741600
10896,3133600
10897,3262200
10898,2692500
10899,3037700
10900,2657800
10901,2937000
10902,3675400
10903,2667300
10904,2913000
10905,2926500
10906,2877200
10907,2906400
10908,3062300
10909,2691100
10910,2881800
10911,2655900
10912,2847800
10913,3080200
10914,3025500
10915,2810000
10916,2785800
10917,2882100
10918,2701800
10919,3102800
10920,2980700
10921,2862600
10922,2761500
10923,2771800
10924,2948800
10925,3232400
10926,3307600
10927,2764100
10928,2765900
10929,2951900
10930,2709800
10931,3314700
10932,2539200
10933,2806000
10934,2895100
10935,2843500
10936,3344800
10937,3068600
10938,2775100
10939,2858100
10940,2861100
10941,2995000
10942,3586200
10943,2481000
10944,2787700
10945,2855800
10946,2938400
10947,3227400
10948,3125200
10949,2787000
10950,3150900
10951,2842400
10952,2990800
10953,3390800
10954,2717800
10955,2870500
10956,3608500
10957,2625000
10958,3823300
10959,4438000
10960,3104500
10961,1867200
10962,2130800
10963,3008500
10964,3339200
10965,2740500
10966,2922900
10967,3253500
10968,2913800
10969,3020300
10970,3528700
10971,2848500
10972,2947900
10973,3057900
10974,2782700
10975,3337600
10976,2823500
10977,2969900
10978,2797700
10979,3028300
10980,2910100
10981,3364200
10982,2862900
10983,2835800
10984,3146300
10985,2751200
10986,2921500
10987,3270200
10988,3124700
10989,2976300
10990,2884000
10991,2983800
10992,3350800
10993,2734700
10994,3172600
10995,2663100
10996,2810600
10997,3458100
10998,2829000
10999,2792300
11000,3009500
11001,2796200
11002,3132300
11003,3232300
11004,2779100
11005,3223800
11006,2773900
11007,2926900
11008,2920300
11009,3369700
11010,2877700
11011,2719600
11012,2884100
11013,2861100
11014,3479800
11015,2683600
11016,3154200
11017,3168400
11018,2549200
11019,2784500
11020,3236900
11021,2888200
11022,2631600
11023,2863900
11024,2788900
11025,3228300
11026,3174600
11027,2926000
11028,2766400
11029,2877000
11030,2773300
11031,3573200
11032,2513700
11033,2861400
11034,2766400
11035,2876800
11036,2989600
11037,3197200
11038,2705200
11039,2887700
11040,2806200
11041,2809500
11042,3336400
11043,2777000
11044,3060400
11045,2738900
11046,2870200
11047,2857900
11048,3232600
11049,3046500
11050,2770300
11051,2932200
11052,2695800
11053,3089600
11054,3012300
11055,2740100
11056,2855400
11057,2779000
11058,2833800
11059,3157300
11060,3009100
11061,2947600
11062,2840400
11063,2792200
11064,3000000
11065,2827400
11066,3051300
11067,2834000
11068,2825100
11069,2950300
11070,2832500
11071,2861400
11072,3128600
11073,2778700
11074,2762800
11075,2968500
11076,2820100
11077,3183500
11078,2807300
11079,2802700
11080,3046300
11081,2752700
11082,3375700
11083,3239800
11084,2731700
11085,3002500
11086,2706900
11087,2943500
11088,3366100
11089,2739200
11090,2832800
11091,2935000
11092,2802300
11093,2908600
11094,3219500
11095,2774200
11096,2879700
11097,2792400
11098,2923800
11099,2971800
11100,3159900
11101,2928800
11102,2745600
11103,2755300
11104,2909100
11105,2871100
11106,3404000
11107,2849900
11108,2684200
11109,2790200
11110,3002300
11111,3248800
11112,2793800
11113,2815000
11114,2815600
11115,2862500
11116,3052400
11117,3176400
11118,3058400
11119,2743400
11120,2875800
11121,2820600
11122,3591100
11123,2714500
11124,2807600
11125,2829700
11126,2884500
11127,2963300
11128,3261600
11129,2755000
11130,2854200
11131,2844600
11132,2838800
11133,3375100
11134,2905400
11135,2681000
11136,2834800
11137,2845200
11138,2902600
11139,3380600
11140,2972900
11141,2792100
11142,2863600
11143,2837100
11144,3096700
11145,3129200
11146,2698800
11147,2839900
11148,2783100
11149,2899400
11150,2976100
11151,3207300
11152,2732500
11153,2849700
11154,3291000
11155,2391800
11156,3186000
11157,3333300
11158,2675800
11159,2986100
11160,2761500
11161,2790100
11162,3502400
11163,2660200
11164,2756700
11165,3064100
11166,2650500
11167,2958800
11168,3278800
11169,2639000
11170,2896100
11171,2744600
11172,2959400
11173,2944700
11174,3506100
11175,2680800
11176,2853300
11177,2851200
11178,2918300
11179,3315300
11180,2795500
11181,2835100
11182,2837000
11183,2956500
11184,2825500
11185,3336000
11186,2956200
11187,2612700
11188,2933600
11189,2888600
11190,2911600
11191,3258800
11192,3032500
11193,2666800
11194,2834400
11195,3001100
11196,3835000
11197,2805500
11198,2858200
11199,2875300
11200,2834500
11201,3081200
11202,3481400
11203,2555600
11204,2778500
11205,2923000
11206,2816300
11207,3525200
11208,2768100
11209,2774300
11210,2851700
11211,2883100
11212,3025500
11213,3256000
11214,2781800
11215,2790400
11216,2857600
11217,3199900
11218,3016900
11219,3261600
11220,2732000
11221,2858700
11222,2844600
11223,3022000
11224,3322900
11225,2701400
11226,2879900
11227,2820500
11228,2983400
11229,2991900
11230,3553900
11231,2669300
11232,2847000
11233,2881900
11234,2849800
11235,3304300
11236,2765800
11237,2751500
11238,2927000
11239,2889800
11240,2777300
11241,2892300
11242,3301600
11243,2698500
11244,3059600
11245,2898900
11246,3155600
11247,3245900
11248,2548000
11249,2756100
11250,2866700
11251,2811500
11252,3144000
11253,3008400
11254,2756300
11255,2851700
11256,3119200
11257,2751800
11258,2872400
11259,3370100
11260,2735900
11261,2671100
11262,2727700
11263,2912100
11264,3285300
11265,2734900
11266,3142900
11267,2611000
11268,2919600
11269,2971700
11270,3106500
11271,3015500
11272,2573900
11273,2850900
11274,3093000
11275,2981400
11276,3309400
11277,2617400
11278,2882600
11279,2801400
11280,2948900
11281,3381100
11282,2654100
11283,2778900
11284,2852400
11285,2845800
11286,3187000
11287,3100400
11288,2791600
11289,2816800
11290,2894800
11291,3025400
11292,3237000
11293,2945300
11294,2891400
11295,2821200
11296,2848400
11297,3285600
11298,3080700
11299,2840600
11300,2946500
11301,2760900
11302,3037100
11303,2969800
11304,3194600
11305,2965300
11306,2790300
11307,2863200
11308,3419400
11309,3222900
11310,2817000
11311,2893100
11312,3135200
11313,3078100
11314,2805200
11315,3382400
11316,2835700
11317,2916100
11318,3150400
11319,2682400
11320,2967600
11321,3382800
11322,2934900
11323,2887300
11324,3066300
11325,3265600
11326,3190700
11327,2843100
11328,2916400
11329,2874400
11330,3031000
11331,3482000
11332,2773000
11333,2998500
11334,3064800
11335,2732600
11336,3027500
11337,3236800
11338,2868400
11339,3164100
11340,2643600
11341,2902000
11342,3170200
11343,3265400
11344,2922900
11345,2818100
11346,2980200
11347,3080600
11348,3150200
11349,2821800
11350,3245000
11351,2727800
11352,2890900
11353,2947100
11354,3270400
11355,2983800
11356,2703000
11357,2844400
11358,2993900
11359,3272900
11360,2914800
11361,2925600
11362,2825900
11363,2929700
11364,2876800
11365,3119500
11366,2731300
11367,3070200
11368,2789100
11369,2887100
11370,2900700
11371,3306900
11372,2691200
11373,2782100
11374,2865300
11375,2783600
11376,3372400
11377,2808900
11378,2788700
11379,2826500
11380,2782400
11381,3103000
11382,3158500
11383,2741400
11384,2846700
11385,2996100
11386,2861300
11387,3054400
11388,3070600
11389,2759500
11390,2914500
11391,2716300
11392,2761700
11393,3005200
11394,3157800
11395,2765600
11396,2806500
11397,2780400
11398,2994200
11399,3310400
11400,2777900
11401,2847200
11402,2822500
11403,2790000
11404,3292400
11405,2896600
11406,2868100
11407,2762100
11408,2837600
11409,2967600
11410,2816700
11411,3175000
11412,2766400
11413,2773800
11414,2804000
11415,2937300
11416,3056600
11417,3242600
11418,2740600
11419,2773300
11420,3183000
11421,2938900
11422,3144800
11423,2863700
11424,2794800
11425,2783500
11426,2739800
11427,3158600
11428,3312300
11429,2618300
11430,3103600
11431,2623700
11432,2775600
11433,3109600
11434,3134900
11435,2675600
11436,2881800
11437,2858500
11438,2906600
11439,3227300
11440,2697700
11441,2969800
11442,2750100
11443,2845100
11444,2971200
11445,3192200
11446,2923600
11447,2839600
11448,2788300
11449,2778900
11450,3089400
11451,3309200
11452,2611200
11453,2763300
11454,2799500
11455,2873500
11456,3598500
11457,2806700
11458,2741300
11459,2884800
11460,2857900
11461,3086800
11462,3162100
11463,2937600
11464,2864700
11465,2844300
11466,2793400
11467,3173000
11468,3078000
11469,2729800
11470,2883800
11471,2869500
11472,2819700
11473,3356600
11474,2764100
11475,2775000
11476,2920500
11477,2721000
11478,3550000
11479,2891900
11480,2551500
11481,3207700
11482,2743500
11483,3121300
11484,2778400
11485,3137500
11486,2765300
11487,2825500
11488,2896700
11489,2831500
11490,3598800
11491,2643900
11492,2833400
11493,2818200
11494,3452200
11495,2477600
11496,3152500
11497,2714400
11498,3161300
11499,2770400
11500,2855700
11501,2908100
11502,3280500
11503,2696600
11504,2881300
11505,2796400
11506,2818400
11507,3498400
11508,2675200
11509,2762200
11510,2885100
11511,2786800
11512,2929700
11513,3353800
11514,2656900
11515,3018700
11516,2795700
11517,2831000
11518,2809300
11519,3362000
11520,2921000
11521,2928000
11522,2785800
11523,2805200
11524,3013300
11525,3270700
11526,2835400
11527,2750100
11528,2934000
11529,2944200
11530,3281700
11531,2928100
11532,2800200
11533,2775700
11534,2946700
11535,3216100
11536,3067400
11537,3087800
11538,2790700
11539,2909400
11540,2797300
11541,2934000
11542,3441200
11543,2641300
11544,2998600
11545,2697500
11546,3109900
11547,3382700
11548,2685900
11549,2777700
11550,2935400
11551,2884000
11552,3064600
11553,3051100
11554,3132700
11555,2821200
11556,2873300
11557,2896400
11558,3433600
11559,2707700
11560,2982100
11561,2760100
11562,2876700
11563,3214400
11564,3024500
11565,2765800
11566,2930200
11567,2730600
11568,2843200
11569,3274200
11570,3128000
11571,2858300
11572,2737900
11573,2923900
11574,3014700
11575,3146500
11576,2982800
11577,2914900
11578,2739700
11579,2947100
11580,2901200
11581,3289600
11582,2678900
11583,2932100
11584,2717000
11585,3145000
11586,3113300
11587,3194400
11588,2571600
11589,2865900
11590,2842100
11591,2976200
11592,2916900
11593,3202700
11594,2880500
11595,2789200
11596,2805400
11597,3012300
11598,3242800
11599,2743900
11600,2822300
11601,2835100
11602,2848100
11603,3490900
11604,3057000
11605,2926100
11606,2562400
11607,2714500
11608,2839800
11609,2884100
11610,3338200
11611,2663000
11612,2852800
11613,2841500
11614,3263100
11615,3184400
11616,2789700
11617,2779400
11618,2796700
11619,3034100
11620,2930700
11621,3091600
11622,2804700
11623,2767300
11624,2865600
11625,2930500
11626,2957900
11627,3254200
11628,2768200
11629,2976600
11630,2770200
11631,3202400
11632,3292100
11633,2723700
11634,3068200
11635,2671300
11636,2951500
11637,4152800
11638,2339600
11639,4244700
11640,4132100
11641,2589000
11642,2126600
11643,2223800
11644,2950600
11645,2879700
11646,2916100
11647,2802600
11648,3241600
11649,3278300
11650,2868400
11651,2919700
11652,2873300
11653,3005300
11654,3253200
11655,2965500
11656,2741800
11657,2930800
11658,2866600
11659,3096400
11660,3262000
11661,2796000
11662,2910700
11663,2865000
11664,2879700
11665,3541100
11666,2796700
11667,2844700
11668,2873700
11669,2870600
11670,3223700
11671,3291700
11672,2686600
11673,2903600
11674,3195100
11675,2865600
11676,3748700
11677,2684400
11678,2897800
11679,2876100
11680,2891200
11681,3187600
11682,3174100
11683,2823200
11684,2890800
11685,2923900
11686,2853000
11687,3630500
11688,2655600
11689,2850600
11690,2896800
11691,3134400
11692,2978800
11693,3354000
11694,2774200
11695,2879900
11696,2829400
11697,2955400
11698,3058400
11699,3198900
11700,2786200
11701,2916000
11702,2979900
11703,3057000
11704,2808200
11705,3062400
11706,2798800
11707,2894900
11708,3437100
11709,3401900
11710,2930600
11711,2575200
11712,2785300
11713,2973200
11714,2721400
11715,2994500
11716,3159500
11717,2757500
11718,2896700
11719,2795100
11720,2913700
11721,3268300
11722,2743700
11723,2797100
11724,2858800
11725,2813200
11726,3091300
11727,3133800
11728,2688200
11729,2909300
11730,3078300
11731,2833500
11732,2836900
11733,3186500
11734,2861800
11735,2749300
11736,2824800
11737,2819100
11738,3037200
11739,3046700
11740,2864900
11741,2723900
11742,2909300
11743,3093500
11744,3016700
11745,2838500
11746,2704900
11747,2929500
11748,3039000
11749,3166500
11750,3144000
11751,2854200
11752,2688900
11753,2849800
11754,2807800
11755,2928500
11756,3427600
11757,2563100
11758,2774800
11759,2825400
11760,2998700
11761,3578300
11762,2465300
11763,2767200
11764,2733100
11765,3195700
11766,2932900
11767,3341900
11768,2706300
11769,2816200
11770,2828800
11771,2885900
11772,3303300
11773,3029000
11774,2821300
11775,2781100
11776,2979000
11777,2968100
11778,3121000
11779,2794200
11780,2846300
11781,2849000
11782,2854500
11783,2997600
11784,3405900
11785,2710100
11786,2847300
11787,2837100
11788,3212400
11789,2654600
11790,3144000
11791,2811700
11792,2846500
11793,3011400
11794,2717000
11795,3382800
11796,2727000
11797,2740100
11798,2952900
11799,3100200
11800,2901600
11801,3182700
11802,2780200
11803,2939900
11804,2845700
11805,2796800
11806,2932100
11807,3239100
11808,2791600
11809,2922400
11810,2797000
11811,2794800
11812,3354100
11813,2735100
11814,2867800
11815,2843600
11816,2891300
11817,2933400
11818,3236800
11819,2719700
11820,3161100
11821,3010300
11822,2606100
11823,3105700
11824,3232100
11825,2933700
11826,2807600
11827,2763800
11828,2768200
11829,3421900
11830,2708700
11831,2922200
11832,2721100
11833,2924100
11834,3146200
11835,2846100
11836,3062700
11837,2660000
11838,2874600
11839,3036900
11840,2862100
11841,3221500
11842,2900800
11843,2739700
11844,2931400
11845,2742800
11846,3424900
11847,2742300
11848,2817600
11849,2787400
11850,2819100
11851,2809700
11852,3351700
11853,2834000
11854,2784300
11855,2839800
11856,2888800
11857,3030700
11858,3160700
11859,2680300
11860,2880400
11861,3013200
11862,2802100
11863,3484100
11864,2873800
11865,2847000
11866,2862200
11867,2802700
11868,2879800
11869,3339600
11870,2779500
11871,2857800
11872,2916600
11873,2762800
11874,3127000
11875,3166700
11876,2761500
11877,2859600
11878,2822900
11879,2790500
11880,3182500
11881,3055000
11882,3116600
11883,2835700
11884,2823500
11885,3087800
11886,3158400
11887,2792500
11888,2875400
11889,2896900
11890,2760200
11891,3025800
11892,3189100
11893,2783300
11894,2949100
11895,2720400
11896,3029400
11897,3285800
11898,2962600
11899,3066100
11900,2923900
11901,2840900
11902,2971800
11903,3200200
11904,2738900
11905,2921600
11906,3080900
11907,2501400
11908,3081900
11909,3181600
11910,2743100
11911,2903600
11912,2981700
11913,2681200
11914,3154500
11915,2985600
11916,2776400
11917,3166700
11918,2877000
11919,2871900
11920,3257900
11921,2781700
11922,2908000
11923,2717400
11924,2925100
11925,2840300
11926,3233600
11927,2761200
11928,3133600
11929,2955000
11930,2992200
11931,2677500
11932,3146400
11933,2765500
11934,2867200
11935,2778400
11936,2911300
11937,3445800
11938,2961300
11939,2877600
11940,2837800
11941,2740500
11942,3044200
11943,3645600
11944,2987200
11945,2372900
11946,2716300
11947,2624300
11948,2903700
11949,3300500
11950,2735300
11951,2777900
11952,2905000
11953,2799900
11954,3420100
11955,2738300
11956,3098200
11957,2829800
11958,2844300
11959,3011800
11960,3113500
11961,2823800
11962,2870900
11963,2891100
11964,2815900
11965,3138300
11966,3155900
11967,2759400
11968,2887400
11969,2956400
11970,3057900
11971,3151200
11972,2702000
11973,3157600
11974,2864500
11975,2981600
11976,2907900
11977,3467900
11978,2863600
11979,2945300
11980,2904500
11981,3058400
11982,3238800
11983,2776100
11984,2930700
11985,2905800
11986,2954600
11987,2966800
11988,3268100
11989,2835700
11990,2969700
11991,3219500
11992,2552800
11993,3123800
11994,3426800
11995,2837800
11996,3103800
11997,2728900
11998,3032000
11999,3304600
12000,2754600
12001,2993700
12002,2946600
12003,2801300
12004,3017000
12005,3286800
12006,2947900
12007,3068100
12008,2739000
12009,3199000
12010,3458700
12011,3072100
12012,3044600
12013,2805700
12014,2885200
12015,3393900
12016,2889100
12017,3040000
12018,2833600
12019,2900100
12020,2943500
12021,3395800
12022,2894700
12023,2866500
12024,2920500
12025,2873900
12026,3108300
12027,3313100
12028,3055800
12029,2842200
12030,2901100
12031,3075400
12032,3264000
12033,3009500
12034,2683800
12035,2883200
12036,2904200
12037,2967600
12038,3287600
12039,2871600
12040,2870900
12041,2963900
12042,2768400
12043,3403500
12044,2944900
12045,2714500
12046,2801200
12047,2842400
12048,3164900
12049,3770100
12050,2602000
12051,2820600
12052,2904900
12053,2787400
12054,2946100
12055,3533300
12056,3158100
12057,2530100
12058,2571400
12059,2798900
12060,3275500
12061,2790700
12062,2779100
12063,2837300
12064,2802300
12065,3379800
12066,2869000
12067,3065400
12068,2691200
12069,2883100
12070,2732100
12071,3003800
12072,3209100
12073,2777700
12074,2767100
12075,2826300
12076,2937500
12077,2792500
12078,3283700
12079,2725600
12080,2833500
12081,3011400
12082,2797900
12083,3262600
12084,2996100
12085,2806100
12086,2797800
12087,2820400
12088,2971500
12089,3209400
12090,2764300
12091,2780900
12092,3058500
12093,2627000
12094,2939900
12095,3159900
12096,2806700
12097,2780600
12098,2838500
12099,2816800
12100,3062700
12101,3173000
12102,2732300
12103,2934100
12104,2735300
12105,2995500
12106,3463300
12107,2570900
12108,2989000
12109,2749200
12110,2798100
12111,3165100
12112,3302000
12113,2713900
12114,2965600
12115,2696800
12116,2911800
12117,3100400
12118,3000500
12119,2857000
12120,2818900
12121,2792500
12122,2902100
12123,3520100
12124,2832200
12125,2713400
12126,2817700
12127,2910100
12128,2825900
12129,3250100
12130,3200700
12131,2696400
12132,2664800
12133,2801100
12134,3061900
12135,3264200
12136,2652700
12137,2860200
12138,2799900
12139,2923800
12140,3432400
12141,2626000
12142,2848800
12143,2808400
12144,2862200
12145,3065200
12146,3231900
12147,2625700
12148,2830000
12149,3146200
12150,2782100
12151,3559900
12152,2641100
12153,2782900
12154,2867000
12155,2809100
12156,2908300
12157,3376200
12158,2823600
12159,2720000
12160,2882600
12161,2842900
12162,3391400
12163,3297300
12164,2488200
12165,2779500
12166,2921100
12167,3005700
12168,3115800
12169,3167300
12170,2738900
12171,2910300
12172,2773800
12173,3090100
12174,3486700
12175,2461100
12176,2715300
12177,2863600
12178,3015600
12179,2963600
12180,3075700
12181,2678600
12182,2851900
12183,2793800
12184,3056900
12185,3376600
12186,2809700
12187,2749100
12188,2851200
12189,2799800
12190,2870700
12191,2858000
12192,3311700
12193,2635800
12194,3080400
12195,2674000
12196,2792500
12197,3543000
12198,2681300
12199,2889300
12200,2810900
12201,2788700
12202,3153100
12203,3019200
12204,2718200
12205,2892900
12206,3107700
12207,2714900
12208,3353500
12209,2840100
12210,2778400
12211,2798400
12212,2811000
12213,2904000
12214,3353200
12215,2899600
12216,2600700
12217,2828600
12218,2818300
12219,3056100
12220,3184100
12221,2734400
12222,2737800
12223,3122700
12224,2759700
12225,3001300
12226,3372000
12227,2579300
12228,2854800
12229,2833700
12230,2893700
12231,3419100
12232,2587100
12233,2751100
12234,2860800
12235,2852500
12236,3052200
12237,3430500
12238,2622600
12239,2837600
12240,2821500
12241,3106900
12242,3374900
12243,2756800
12244,2664300
12245,2880900
12246,2791100
12247,2783800
12248,3066300
12249,3194200
12250,2690800
12251,2859900
12252,2838600
12253,2852400
12254,3249900
12255,2814800
12256,2705700
12257,2873900
12258,2826900
12259,3030000
12260,3283900
12261,2628200
12262,3104200
12263,2844500
12264,2883900
12265,3293200
12266,2825800
12267,2831800
12268,2822500
12269,3053100
12270,3171500
12271,3482600
12272,2547700
12273,2778100
12274,2781100
12275,2950900
12276,3216300
12277,2891500
12278,2745800
12279,2839000
12280,3147300
12281,2809900
12282,3231800
12283,2914700
12284,2907800
12285,3153000
12286,2809900
12287,3157800
12288,2770800
12289,2729600
12290,3050200
12291,2675300
12292,2828500
12293,3176100
12294,3021000
12295,2705400
12296,2890400
12297,3063900
12298,2817600
12299,3145000
12300,3015700
12301,2950200
12302,2824400
12303,2811700
12304,3064200
12305,3225200
12306,2722200
12307,2859400
12308,2856400
12309,2909900
12310,3065600
12311,3131100
12312,3017600
12313,2664900
12314,3152700
12315,2986300
12316,3280800
12317,2920600
12318,2818100
12319,2838200
12320,3027200
12321,3938600
12322,2642500
12323,3413100
12324,4333900
12325,2915300
12326,1937200
12327,2295900
12328,3231700
12329,2776700
12330,2916200
12331,3274100
12332,3019800
12333,3224300
12334,2815100
12335,2878100
12336,2974100
12337,2888600
12338,3496600
12339,2698900
12340,2909400
12341,3032600
12342,2869400
12343,3140600
12344,3466600
12345,2820200
12346,2912700
12347,2966900
12348,2957100
12349,3044600
12350,3250400
12351,2868900
12352,3219200
12353,3095500
12354,2847500
12355,3300600
12356,2869800
12357,2934000
12358,2966800
12359,2836300
12360,3094400
12361,3179300
12362,2922600
12363,2876700
12364,2925600
12365,2962800
12366,3409400
12367,2801700
12368,2860600
12369,3249400
12370,2632200
12371,2955000
12372,3168600
12373,3127600
12374,2991900
12375,2751900
12376,3019600
12377,3213100
12378,2896200
12379,3159100
12380,2604200
12381,2836500
12382,2939400
12383,3429600
12384,2798700
12385,2985900
12386,2731000
12387,2808400
12388,3518700
12389,2684700
12390,3042700
12391,2872100
12392,2839900
12393,2982000
12394,3260700
12395,2985500
12396,2643000
12397,2780000
12398,2872000
12399,2876400
12400,3265500
12401,3065100
12402,3129800
12403,2984000
12404,2132200
12405,2872500
12406,3312500
12407,2737700
12408,2746200
12409,2890000
12410,2894100
12411,3244000
12412,3011100
12413,2859900
12414,2696900
12415,2883300
12416,2907500
12417,3251600
12418,2780000
12419,2795300
12420,2801500
12421,2844900
12422,3274800
12423,3063400
12424,2768400
12425,2759000
12426,2812600
12427,2834200
12428,3029100
12429,3229300
12430,2960900
12431,2805700
12432,2768500
12433,3297900
12434,2893200
12435,2820100
12436,2823700
12437,2792000
12438,3482500
12439,2407900
12440,3228900
12441,2710000
12442,2828700
12443,2766600
12444,3043600
12445,3237800
12446,3034700
12447,3013300
12448,2817400
12449,2996900
12450,2847400
12451,3397800
12452,2615500
12453,2880300
12454,2991400
12455,2778200
12456,3086000
12457,3184600
12458,2761500
12459,3116300
12460,2537600
12461,2910000
12462,3042400
12463,3127900
12464,2694000
12465,2995200
12466,2748100
12467,2924400
12468,3187000
12469,2881300
12470,3020800
12471,2729200
12472,2764600
12473,3302100
12474,2862400
12475,2795200
12476,2857200
12477,2781600
12478,2829100
12479,2897300
12480,3248700
12481,3017000
12482,2595000
12483,2816500
12484,2839500
12485,3304800
12486,3287800
12487,2578800
12488,2781200
12489,2853400
12490,2988700
12491,3213400
12492,2778600
12493,2859900
12494,2720200
12495,2838800
12496,3267800
12497,3444400
12498,2537500
12499,3078400
12500,2808200
12501,2842300
12502,3492200
12503,2571400
12504,2776500
12505,2832400
12506,2858200
12507,2962800
12508,4065600
12509,2053800
12510,2717700
12511,2874000
12512,2797200
12513,3060700
12514,3091000
12515,2742100
12516,2853700
12517,2772000
12518,2986500
12519,3240900
12520,2853600
12521,2817300
12522,2822900
12523,2794300
12524,3121300
12525,3305400
12526,2703800
12527,2860800
12528,2829000
12529,2860700
12530,2942600
12531,3650000
12532,2646000
12533,2894400
12534,2904100
12535,2794200
12536,3368100
12537,2802000
12538,2782700
12539,2868200
12540,2954700
12541,3165500
12542,3360900
12543,3078500
12544,2486500
12545,2859000
12546,2818800
12547,3390600
12548,2837200
12549,2821000
12550,3021100
12551,2674700
12552,2959600
12553,2862500
12554,3303700
12555,2989500
12556,2613800
12557,2914300
12558,3151000
12559,3021300
12560,3107300
12561,2911300
12562,2686100
12563,2783500
12564,2972500
12565,3306400
12566,2932700
12567,2711900
12568,2807100
12569,2886400
12570,3410000
12571,3015100
12572,2612200
12573,2724300
12574,2863200
12575,2947100
12576,3213900
12577,2763800
12578,3221900
12579,2418900
12580,2897900
12581,2940700
12582,3234500
12583,2701300
12584,2859100
12585,2758000
12586,3150900
12587,2757800
12588,3294200
12589,2808200
12590,2836800
12591,2767900
12592,2881200
12593,3478100
12594,2643100
12595,2714500
12596,2879200
12597,2706000
12598,3246500
12599,3246100
12600,2706300
12601,2834100
12602,2852000
12603,2740500
12604,3138700
12605,2987500
12606,2742100
12607,2785600
12608,2837600
12609,2833900
12610,3828200
12611,2756100
12612,2787800
12613,3949300
12614,2188100
12615,2585100
12616,3019800
12617,2704500
12618,2752500
12619,2951100
12620,2804700
12621,2896900
12622,3138200
12623,2718200
12624,2907300
12625,2862600
12626,3196900
12627,2541200
12628,3214300
12629,2558300
12630,2834000
12631,2980100
12632,2737400
12633,3281800
12634,2783500
12635,2867200
12636,3121000
12637,2697500
12638,3123800
12639,3189400
12640,2773900
12641,2989500
12642,2860600
12643,2849800
12644,3675300
12645,2764300
12646,2959800
12647,2904700
12648,3226600
12649,2544400
12650,3281500
12651,2853200
12652,3189700
12653,2624400
12654,2908500
12655,3176300
12656,3178300
12657,2929200
12658,2961300
12659,3160200
12660,3100100
12661,3235000
12662,2934900
12663,2987900
12664,2817500
12665,2985900
12666,2980400
12667,3465600
12668,2956800
12669,2821300
12670,2953600
12671,3101400
12672,3287200
12673,3137500
12674,2771500
12675,2962200
12676,2882400
12677,3406500
12678,3406000
12679,2766700
12680,3285500
12681,3371500
12682,2679200
12683,3509100
12684,2812600
12685,2968900
12686,3011900
12687,3057000
12688,3698500
12689,2719700
12690,3015500
12691,2941900
12692,2994100
12693,3325000
12694,3109100
12695,2882100
12696,2904500
12697,3243700
12698,3245400
12699,3204400
12700,2874400
12701,2934600
12702,2953800
12703,3126600
12704,2913500
12705,3623200
12706,2764300
12707,2926600
12708,3051800
12709,2754500
12710,3535900
12711,2814300
12712,2817200
12713,2966600
12714,3344300
12715,2895500
12716,3162600
12717,2808800
12718,2982100
12719,2844600
12720,2872400
12721,3352300
12722,2765100
12723,2936100
12724,2927200
12725,2779400
12726,2848900
12727,3333800
12728,2787900
12729,3062400
12730,2803100
12731,3004400
12732,3424500
12733,2726600
12734,2839400
12735,2833800
12736,2833000
12737,2935900
12738,3258300
12739,2730700
12740,2806000
12741,2879800
12742,2791200
12743,2916400
12744,3332300
12745,3050700
12746,2801500
12747,2967600
12748,3147800
12749,2508000
12750,3032700
12751,2750800
12752,3085400
12753,2791400
12754,2813100
12755,3335800
12756,2828700
12757,2712900
12758,2823200
12759,2745100
12760,3090400
12761,3072400
12762,2698000
12763,2849900
12764,2837600
12765,2784500
12766,3074700
12767,3166800
12768,2687700
12769,2883700
12770,3078400
12771,2798100
12772,3425000
12773,2710900
12774,2857200
12775,2890100
12776,2737300
12777,3207100
12778,3076200
12779,2740600
12780,2934500
12781,2748700
12782,2907100
12783,3577500
12784,2610800
12785,2778000
12786,2833000
12787,2831800
12788,3030700
12789,3040900
12790,3206300
12791,3162200
12792,2790600
12793,3119700
12794,2958600
12795,3069800
12796,2857600
12797,2819800
12798,2784600
12799,3074800
12800,2874000
12801,3375000
12802,2688400
12803,2845800
12804,3078300
12805,2779300
12806,3218300
12807,2887300
12808,2788300
12809,3116900
12810,2870400
12811,2744500
12812,3302700
12813,2796300
12814,2894400
12815,2924600
12816,2817800
12817,3267900
12818,2865900
12819,2783600
12820,3295300
12821,2791000
12822,2883000
12823,3615200
12824,2706900
12825,2992900
12826,2733600
12827,2852600
12828,2949200
12829,3301800
12830,2942900
12831,2735800
12832,2777200
12833,2862400
12834,2974500
12835,3317900
12836,2875000
12837,2744300
12838,2928800
12839,2905600
12840,3305500
12841,2915900
12842,2709500
12843,2883300
12844,2822500
12845,3220500
12846,3017500
12847,3092800
12848,2766800
12849,2901600
12850,2798400
12851,3324200
12852,3222700
12853,2524700
12854,2747900
12855,2883100
12856,2979900
12857,3480900
12858,2517100
12859,2851300
12860,2768500
12861,2994100
12862,3301500
12863,2940700
12864,2708000
12865,3082700
12866,2895200
12867,2792600
12868,2982600
12869,3221800
12870,2752500
12871,2858700
12872,2836000
12873,3022900
12874,3259700
12875,2644300
12876,2892700
12877,2738800
12878,2995000
12879,3011900
12880,3250600
12881,2627200
12882,3131700
12883,2836700
12884,2832200
12885,3506300
12886,2605900
12887,2788900
12888,2805700
12889,2827700
12890,2917200
12891,3483700
12892,2606900
12893,2770600
12894,2923100
12895,2776600
12896,3050300
12897,3175000
12898,2721400
12899,3120400
12900,2670500
12901,2838000
12902,3092400
12903,3133400
12904,3149000
12905,2783600
12906,2801800
12907,2968900
12908,3324400
12909,2671100
12910,2992100
12911,2694800
12912,2840600
12913,2959000
12914,3298800
12915,2830100
12916,2714200
12917,2817300
12918,2898300
12919,3153800
12920,3670500
12921,2334800
12922,2793200
12923,2824800
12924,3110600
12925,3278800
12926,2730900
12927,2772900
12928,2870400
12929,2829900
12930,3014500
12931,3180700
12932,2788500
12933,2922800
12934,2699600
12935,2934600
12936,3201700
12937,3251900
12938,2756600
12939,2772300
12940,3026600
12941,2753800
12942,3289100
12943,3112300
12944,2720800
12945,2939600
12946,2791900
12947,3080700
12948,3227900
12949,2711700
12950,3034700
12951,3014200
12952,2890300
12953,2758400
12954,3731600
12955,2229800
12956,3013800
12957,2687800
12958,3041800
12959,3225100
12960,3012500
12961,3241500
12962,2805800
12963,3168300
12964,2788100
12965,2727000
12966,3038500
12967,2645600
12968,2758300
12969,2874200
12970,3021300
12971,3314600
12972,2729300
12973,2734500
12974,2847400
12975,3184800
12976,3235000
12977,3063000
12978,2824400
12979,2816000
12980,2906200
12981,2957800
12982,3215800
12983,2786200
12984,2829900
12985,2876100
12986,2908400
12987,3045000
12988,3766500
12989,2153400
12990,2759200
12991,2842000
12992,3022900
12993,3328400
12994,2825600
12995,2827400
12996,2825400
12997,2817200
12998,3388800
12999,2879300
13000,2681900
13001,2912100
13002,3217500
13003,4055100
13004,2590300
13005,3614800
13006,4539500
13007,2404800
13008,1899500
13009,2250000
13010,3399900
13011,2907800
13012,2824100
13013,2951900
13014,2945900
13015,3062100
13016,3335300
13017,2894800
13018,2789200
13019,2985900
13020,2931500
13021,3332800
13022,3240600
13023,2531200
13024,3040900
13025,2724000
13026,3066300
13027,3327500
13028,2916200
13029,3051600
13030,2708100
13031,3354600
13032,3067500
13033,3070000
13034,3171000
13035,2634600
13036,2948200
13037,3458600
13038,2835900
13039,2919200
13040,3091500
13041,2797500
13042,3133300
13043,3236200
13044,2823600
13045,3066500
13046,2793300
13047,2933300
13048,3260900
13049,3199600
13050,3191100
13051,2644800
13052,2930400
13053,3216500
13054,3158900
13055,2850000
13056,2862400
13057,2895300
13058,3164200
13059,3023900
13060,3260400
13061,3048700
13062,2734900
13063,2969700
13064,2961900
13065,3296100
13066,2943300
13067,2827200
13068,2919800
13069,2826500
13070,3112800
13071,3521100
13072,2454200
13073,2934800
13074,2821400
13075,3125200
13076,3549300
13077,2692500
13078,2858000
13079,2823100
13080,2916700
13081,2961700
13082,3355800
13083,2721200
13084,2857900
13085,2887100
13086,2770500
13087,3564400
13088,3728800
13089,2388000
13090,2692200
13091,2780400
13092,3065500
13093,3116000
13094,2847100
13095,2839100
13096,2827700
13097,2867000
13098,3055600
13099,3074600
13100,2848200
13101,2746100
13102,2892600
13103,2900200
13104,2896000
13105,3205800
13106,2812600
13107,2806600
13108,3107900
13109,3005000
13110,3202100
13111,2751900
13112,2847900
13113,2838500
13114,2877100
13115,2900900
13116,3280700
13117,2739000
13118,2833200
13119,2931300
13120,2770800
13121,3066500
13122,3226500
13123,2866800
13124,2833000
13125,2741500
13126,2992800
13127,3560400
13128,2609900
13129,3066900
13130,2587300
13131,3111100
13132,2927000
13133,3239500
13134,2952600
13135,2678200
13136,2739600
13137,2833100
13138,3103100
13139,3153200
13140,2770000
13141,2755700
13142,2852800
13143,2750200
13144,3335500
13145,2911600
13146,2691700
13147,2743200
13148,2873200
13149,2886400
13150,3498800
13151,2728000
13152,2625300
13153,2810100
13154,2847000
13155,2938200
13156,3209800
13157,2826900
13158,2797600
13159,2809000
13160,2765200
13161,3636500
13162,2849100
13163,2749000
13164,2868300
13165,2868200
13166,3055800
13167,3135800
13168,2689400
13169,2866300
13170,3079400
13171,2891600
13172,2910400
13173,3193000
13174,2739300
13175,2877500
13176,2836900
13177,2872500
13178,3371000
13179,2728100
13180,2798700
13181,2776200
13182,2925800
13183,2817300
13184,3153900
13185,3031900
13186,2839600
13187,3207800
13188,2721300
13189,2845400
13190,3302500
13191,2736300
13192,2838200
13193,3181000
13194,2659400
13195,3102900
13196,3230700
13197,2667100
13198,2889600
13199,2881900
13200,2829900
13201,3340600
13202,2801900
13203,3044500
13204,2655200
13205,3066400
13206,3091600
13207,3045200
13208,2945900
13209,2738700
13210,2880800
13211,2800700
13212,3474400
13213,2727800
13214,2982700
13215,2773500
13216,2869800
13217,2897900
13218,3291300
13219,2954300
13220,2653300
13221,2812600
13222,3142000
13223,2881600
13224,3443900
13225,2679800
13226,2815400
13227,2866600
13228,2789100
13229,2959600
13230,3368500
13231,2724800
13232,2911800
13233,2782700
13234,2956100
13235,3362600
13236,2800600
13237,2835800
13238,2799600
13239,2900300
13240,3179300
13241,3057800
13242,2700000
13243,2832800
13244,3142400
13245,2814700
13246,3064500
13247,3058000
13248,2777300
13249,2900700
13250,2829700
13251,3033200
13252,3212600
13253,2691500
13254,2875600
13255,2858800
13256,2909500
13257,2803500
13258,3324600
13259,2643100
13260,2943300
13261,2722700
13262,3059400
13263,2870500
13264,3045800
13265,3096000
13266,2863700
13267,3003000
13268,2707800
13269,3502300
13270,2681000
13271,2890100
13272,2960500
13273,2667700
13274,2995700
13275,3202000
13276,2698000
13277,2872100
13278,2985200
13279,2681500
13280,3026200
13281,3146100
13282,2739200
13283,3355800
13284,2671900
13285,2878800
13286,3187300
13287,2821300
13288,2999200
13289,2679200
13290,2732500
13291,2956400
13292,3188300
13293,2813000
13294,3104500
13295,2842500
13296,3382000
13297,2653000
13298,3176400
13299,3049800
13300,2898300
13301,2678400
13302,2869500
13303,3138200
13304,2692800
13305,2909500
13306,2753700
13307,2746900
13308,3102500
13309,3431100
13310,2746700
13311,2672300
13312,2775600
13313,2918600
13314,2741300
13315,3401900
13316,2692000
13317,2843600
13318,2833800
13319,2801200
13320,3163400
13321,3244200
13322,2973500
13323,2815700
13324,2847300
13325,3009300
13326,3275100
13327,2697700
13328,2919000
13329,2802400
13330,2888000
13331,2970000
13332,3398000
13333,2708500
13334,2894900
13335,2869800
13336,2878500
13337,3146300
13338,3156600
13339,3084100
13340,2793400
13341,2881800
13342,3359000
13343,3034000
13344,2747500
13345,2897100
13346,2926300
13347,2868500
13348,3482700
13349,3137300
13350,2747400
13351,2891400
13352,2904000
13353,3337400
13354,3118500
13355,2747800
13356,3204600
13357,2995900
13358,2951600
13359,3459300
13360,2801300
13361,3321700
13362,2509700
13363,3070200
13364,2957400
13365,3463000
13366,2755100
13367,2973300
13368,3066700
13369,2758700
13370,3030800
13371,3227200
13372,2904900
13373,3274500
13374,2685300
13375,2945900
13376,3391800
13377,3145800
13378,3094100
13379,2721800
13380,2864900
13381,3263300
13382,3297700
13383,2849900
13384,2895000
13385,2836100
13386,3030300
13387,3358100
13388,2855800
13389,2925300
13390,2841500
13391,3003100
13392,3367600
13393,2746100
13394,3254100
13395,2840600
13396,2937700
13397,2815200
13398,3367400
13399,2862000
13400,2851800
13401,2872300
13402,2963300
13403,2894900
13404,3484100
13405,2586000
13406,2851200
13407,2952100
13408,2826200
13409,3119400
13410,3097200
13411,3096300
13412,2774100
13413,2934200
13414,2894900
13415,3353100
13416,2724700
13417,2870900
13418,2894500
13419,2791700
13420,3371400
13421,3104600
13422,2754400
13423,2822800
13424,2843700
13425,2791700
13426,2959300
13427,3131800
13428,3092900
13429,2762400
13430,2892400
13431,3307700
13432,2946700
13433,2915600
13434,2716700
13435,2727600
13436,3158000
13437,2639700
13438,3149800
13439,2800500
13440,2841200
13441,2831800
13442,2749300
13443,2964400
13444,3218900
13445,2788000
13446,2834900
13447,2878000
13448,2874900
13449,3342300
13450,2975800
13451,2763700
13452,3047800
13453,2635900
13454,2963300
13455,3381800
13456,2779400
13457,3115500
13458,2659400
13459,2751900
13460,3265100
13461,3021300
13462,2828700
13463,2866300
13464,2751000
13465,2925700
13466,3285300
13467,2771800
13468,3111000
13469,2640900
13470,2728700
13471,2993100
13472,3336900
13473,2774900
13474,2932000
13475,2703400
13476,2844900
13477,2888900
13478,3311100
13479,2897300
13480,2689700
13481,2896000
13482,2772200
13483,3270100
13484,3069000
13485,2633200
13486,2728100
13487,2851700
13488,2908300
13489,3291800
13490,3228900
13491,2485800
13492,2781300
13493,2832300
13494,3032100
13495,3267800
13496,2810900
13497,2770000
13498,2818300
13499,2917400
13500,2890800
13501,3250500
13502,2842400
13503,2773800
13504,2938500
13505,2915600
13506,3459900
13507,2772200
13508,2856000
13509,2744000
13510,2893100
13511,3063800
13512,3188300
13513,2743000
13514,2798500
13515,2834500
13516,3172500
13517,3034800
13518,2741200
13519,2907800
13520,2776500
13521,2882800
13522,2831800
13523,3344600
13524,2734600
13525,2931900
13526,2783700
13527,3208400
13528,2916800
13529,3328300
13530,2847100
13531,2779800
13532,3066800
13533,2599600
13534,3120600
13535,3019400
13536,2937600
13537,2728500
13538,3166800
13539,2761100
13540,3142400
13541,2719500
13542,2925900
13543,2910100
13544,2673000
13545,3098900
13546,3227100
13547,2695800
13548,3048300
13549,2643600
13550,3093900
13551,3028700
13552,3153300
13553,2921200
13554,2908700
13555,2828700
13556,2998200
13557,3231600
13558,2708700
13559,2924400
13560,2802800
13561,2788600
13562,3177100
13563,3111000
13564,2742400
13565,2889300
13566,2697100
13567,3059800
13568,3190800
13569,3233800
13570,2930600
13571,2715300
13572,2782600
13573,3045100
13574,3114200
13575,3075900
13576,2574600
13577,2823500
13578,2951000
13579,2853600
13580,3247900
13581,3138500
13582,2567800
13583,2842100
13584,2738000
13585,3076100
13586,3193100
13587,2780000
13588,2749300
13589,3140500
13590,2845700
13591,3384700
13592,2846600
13593,2739100
13594,2804400
13595,2954600
13596,2986900
13597,3288600
13598,2820400
13599,2665200
13600,2862800
13601,2887400
13602,3387800
13603,2785900
13604,2739000
13605,2781200
13606,3126600
13607,2910600
13608,3600200
13609,2683300
13610,2780700
13611,2867400
13612,2856600
13613,3237800
13614,3029400
13615,2744900
13616,2790900
13617,2895200
13618,2869200
13619,3067500
13620,3045500
13621,2741500
13622,2869800
13623,3142000
13624,2921000
13625,3318000
13626,2731700
13627,2789700
13628,2880600
13629,2911200
13630,2956100
13631,3137400
13632,2881100
13633,2710600
13634,2846000
13635,3090600
13636,2992200
13637,3297900
13638,2573100
13639,2759200
13640,3239800
13641,3342600
13642,2855800
13643,2753200
13644,2702400
13645,3355300
13646,2744200
13647,2756000
13648,3239300
13649,2786500
13650,2807500
13651,2945100
13652,2798600
13653,2951500
13654,3213400
13655,2695000
13656,2936400
13657,2844800
13658,2918800
13659,3336400
13660,2703400
13661,3069200
13662,3017400
13663,2705200
13664,3078700
13665,3048700
13666,2830700
13667,2870600
13668,2848300
13669,2924500
13670,2989800
13671,3152300
13672,2999700
13673,2860000
13674,2734000
13675,3080900
13676,3256000
13677,3024500
13678,2683100
13679,2823700
13680,3145300
13681,2905000
13682,3666700
13683,2806400
13684,3005000
13685,2829200
13686,3021000
13687,3772500
13688,4097100
13689,2151100
13690,3899300
13691,4298700
13692,2495900
13693,2137500
13694,2241500
13695,2820900
13696,3210600
13697,3090500
13698,3403100
13699,2803000
13700,3344100
13701,2434900
13702,3019500
13703,2989900
13704,3478900
13705,2778100
13706,2895400
13707,2924600
13708,3157300
13709,3277400
13710,2785100
13711,2933600
13712,2906400
13713,2842700
13714,3385900
13715,3230800
13716,2829300
13717,3125700
13718,2964900
13719,3180700
13720,3164300
13721,2749500
13722,2866900
13723,2932900
13724,2968400
13725,3063500
13726,3170100
13727,2820600
13728,2859200
13729,2993200
13730,2780900
13731,3356500
13732,2877700
13733,2871800
13734,2859500
13735,3056200
13736,3011600
13737,3055700
13738,2888800
13739,3128100
13740,2892200
13741,2733800
13742,3370000
13743,2819700
13744,2868600
13745,3037500
13746,2688400
13747,3056800
13748,3384100
13749,2737700
13750,2874700
13751,2841700
13752,2811100
13753,3107800
13754,3153200
13755,2681800
13756,3285700
13757,2677800
13758,2897600
13759,3006000
13760,3217500
13761,2770400
13762,2795300
13763,2854900
13764,2981100
13765,3200300
13766,2682300
13767,2840500
13768,2857100
13769,2877600
13770,3052600
13771,3139900
13772,2787000
13773,3012700
13774,2839500
13775,2820900
13776,3089200
13777,3391100
13778,2598000
13779,2938400
13780,2807900
13781,2823900
13782,3239100
13783,2775700
13784,2759000
13785,2847700
13786,2863100
13787,3112200
13788,3297400
13789,2625100
13790,2887600
13791,2800900
13792,2767600
13793,3453900
13794,2789000
13795,3097900
13796,2800000
13797,2839900
13798,2866700
13799,3479400
13800,2658800
13801,2795100
13802,2850500
13803,2841200
13804,3300600
13805,3142800
13806,2662900
13807,2892600
13808,2780000
13809,2892700
13810,3186200
13811,2879400
13812,3075200
13813,2859500
13814,2989100
13815,2848300
13816,3208800
13817,2732800
13818,2868900
13819,2791700
13820,2962800
13821,3018000
13822,3260100
13823,2664600
13824,2875700
13825,2808200
13826,2821900
13827,2961300
13828,3270300
13829,2709100
13830,3118500
13831,2858200
13832,2626900
13833,3281200
13834,2770600
13835,2772700
13836,2882700
13837,2810800
13838,3055000
13839,3212600
13840,2667500
13841,2895400
13842,2760400
13843,2907000
13844,2822900
13845,3322000
13846,2779300
13847,2811200
13848,2873600
13849,2802900
13850,3474900
13851,3051200
13852,2781600
13853,2851000
13854,2789600
13855,3037700
13856,3124500
13857,2909400
13858,2704300
13859,2897100
13860,2810700
13861,3110300
13862,3570800
13863,2498800
13864,3108000
13865,2901900
13866,2787300
13867,3313500
13868,2999700
13869,2643100
13870,2866800
13871,2830400
13872,3008900
13873,3215400
13874,2714800
13875,2843300
13876,2856800
13877,2899400
13878,3225000
13879,3125600
13880,2563200
13881,2790800
13882,2845200
13883,2877000
13884,3041000
13885,3220500
13886,3023100
13887,2784500
13888,2836100
13889,3133300
13890,3074500
13891,2802500
13892,2866300
13893,2767800
13894,3214900
13895,2909300
13896,3173300
13897,2730700
13898,2918200
13899,2743400
13900,2903100
13901,3352600
13902,2795200
13903,2760800
13904,2880400
13905,2981700
13906,2850700
13907,3317600
13908,2963800
13909,2782500
13910,2898600
13911,2925600
13912,2838400
13913,3265600
13914,2730500
13915,2862100
13916,2858800
13917,2768200
13918,3070300
13919,3100500
13920,2795100
13921,3171500
13922,2586200
13923,3093600
13924,3138700
13925,3018100
13926,2757400
13927,2856600
13928,2823200
13929,2991000
13930,3216100
13931,2727800
13932,3029900
13933,2632200
13934,2856700
13935,3279000
13936,3001700
13937,2753700
13938,3334200
13939,2594800
13940,3009800
13941,3213500
13942,2767700
13943,2967900
13944,2693300
13945,2830400
13946,3044600
13947,3080900
13948,2973700
13949,2660600
13950,2847500
13951,2797000
13952,2989100
13953,3207400
13954,2813300
13955,2799800
13956,2838400
13957,2786100
13958,3352600
13959,2851900
13960,2727100
13961,2785300
13962,2874800
13963,3133900
13964,3495600
13965,2467900
13966,2804900
13967,2873700
13968,2855900
13969,2864400
13970,3338300
13971,2630100
13972,2868300
13973,2848300
13974,2771700
13975,4206200
13976,2875400
13977,2693600
13978,3100200
13979,2554700
13980,2859400
13981,3107200
13982,2877000
13983,2807100
13984,2785900
13985,2848900
13986,2960700
13987,3250000
13988,2710400
13989,2813200
13990,2807600
13991,3250500
13992,3033800
13993,2633300
13994,2869900
13995,2710000
13996,2867100
13997,2958000
13998,3370800
13999,2679900
14000,2909700
14001,2746800
14002,3149200
14003,2944500
14004,3004300
14005,2830400
14006,2847600
14007,2937500
14008,3542200
14009,3216100
14010,2795600
14011,2807300
14012,2952700
14013,3023100
14014,3115600
14015,2983000
14016,2839300
14017,2923700
14018,2888700
14019,2882500
14020,3138000
14021,3152200
14022,2909500
14023,2911100
14024,3027000
14025,3320200
14026,3129900
14027,2898500
14028,2919300
14029,2967000
14030,2887200
14031,3006700
14032,3355600
14033,2921500
14034,2879800
14035,3009800
14036,3201200
14037,3337000
14038,2889100
14039,2913600
14040,3460300
14041,2483900
14042,3009700
14043,3341900
14044,3117800
14045,2847400
14046,2927200
14047,3156600
14048,3304200
14049,3009000
14050,2839900
14051,2976900
14052,2799400
14053,3472700
14054,3023800
14055,2878000
14056,2947300
14057,2856900
14058,3248500
14059,3182600
14060,2826600
14061,2977000
14062,3074600
14063,2877900
14064,3037300
14065,3332400
14066,2945300
14067,2881600
14068,2857300
14069,2987100
14070,3296300
14071,2880100
14072,2901400
14073,2847900
14074,2902200
14075,3189900
14076,3017000
14077,2778300
14078,2950600
14079,3087300
14080,3075800
14081,3157100
14082,2753600
14083,2954200
14084,2790900
14085,2814000
14086,3113500
14087,3353600
14088,2737900
14089,2908100
14090,2775700
14091,2817000
14092,3002900
14093,3196300
14094,2788500
14095,2874500
14096,2999400
14097,3002400
14098,3274000
14099,2737800
14100,2895000
14101,2837100
14102,2751700
14103,2911400
14104,3186000
14105,2740100
14106,2931100
14107,2741300
14108,2856000
14109,2794900
14110,3318500
14111,2709200
14112,3194700
14113,2466900
14114,3133800
14115,3265000
14116,2754500
14117,2915200
14118,2895700
14119,2688200
14120,2912700
14121,3527700
14122,2741400
14123,3104600
14124,3204700
14125,2640100
14126,2723500
14127,3009700
14128,2863400
14129,2742500
14130,2816200
14131,2777500
14132,3155600
14133,3329600
14134,2665800
14135,2813900
14136,3097500
14137,2826000
14138,3294200
14139,2904800
14140,2773000
14141,2824500
14142,2976100
14143,2874600
14144,3497600
14145,2791700
14146,2804100
14147,2900400
14148,2885500
14149,3562300
14150,2588900
14151,2887100
14152,2857000
14153,3124600
14154,3288300
14155,3036200
14156,2779000
14157,2775200
14158,2902600
14159,2755600
14160,3549900
14161,2762700
14162,2861900
14163,2871900
14164,2878800
14165,2851600
14166,3422300
14167,2764200
14168,2816300
14169,2825800
14170,2852500
14171,3507200
14172,2779900
14173,2796000
14174,2798300
14175,2826800
14176,3013300
14177,2785500
14178,3234200
14179,2853700
14180,2821000
14181,2881700
14182,2842600
14183,3279400
14184,2851600
14185,2826200
14186,2796500
14187,2890000
14188,3113100
14189,3055500
14190,2769300
14191,2844200
14192,3256800
14193,2836600
14194,2982800
14195,3188100
14196,2810400
14197,3100500
14198,2628200
14199,2811100
14200,3415600
14201,2733800
14202,2830500
14203,2881100
14204,2782800
14205,3127000
14206,3022600
14207,2846500
14208,2914200
14209,3024500
14210,2783700
14211,2970900
14212,3177400
14213,3113900
14214,2551300
14215,2828100
14216,2924400
14217,3294900
14218,2751000
14219,3168300
14220,2563500
14221,2771300
14222,2935900
14223,3258300
14224,2842200
14225,2796400
14226,2804700
14227,2894300
14228,3115700
14229,3167500
14230,2650700
14231,3176700
14232,2730400
14233,2891500
14234,3607300
14235,2842800
14236,2683400
14237,2919100
14238,2779700
14239,2967400
14240,3185200
14241,2764500
14242,2902800
14243,2760600
14244,2909100
14245,3091900
14246,3098100
14247,2771300
14248,3203900
14249,2733400
14250,2872900
14251,3363900
14252,2754900
14253,2832400
14254,2803400
14255,2838700
14256,3009000
14257,3216200
14258,2761200
14259,2922000
14260,2735200
14261,2880900
14262,3185400
14263,2920200
14264,2881800
14265,3099700
14266,2792900
14267,2993300
14268,3018500
14269,3183600
14270,2868700
14271,2780800
14272,2938300
14273,2868200
14274,3184400
14275,2784400
14276,2881600
14277,2766700
14278,2997300
14279,3019500
14280,3035900
14281,2869700
14282,2800800
14283,2876900
14284,2783400
14285,3020800
14286,3116500
14287,3182100
14288,2804200
14289,2776700
14290,2990600
14291,3231900
14292,2819400
14293,2852300
14294,2790700
14295,2882400
14296,2972200
14297,3083400
14298,2877200
14299,2840800
14300,2786600
14301,2793300
14302,3251000
14303,3004300
14304,3161700
14305,2762600
14306,2839300
14307,2930200
14308,3276000
14309,2851100
14310,2856100
14311,2799400
14312,2868500
14313,2949200
14314,3259400
14315,3227000
14316,3119300
14317,2568600
14318,3322500
14319,2446500
14320,2957200
14321,3004700
14322,2950900
14323,2766000
14324,2973700
14325,3277700
14326,2777300
14327,2715000
14328,2897200
14329,3009300
14330,2766700
14331,3411700
14332,2661000
14333,2743400
14334,2805100
14335,2808500
14336,3106900
14337,3333000
14338,2656500
14339,3144100
14340,2823600
14341,2905700
14342,3352000
14343,2652900
14344,2890400
14345,2809200
14346,2846900
14347,3152600
14348,3335900
14349,2790700
14350,2843400
14351,2889100
14352,3138200
14353,3180000
14354,2727900
14355,2817100
14356,2925400
14357,2780400
14358,3256000
14359,3124400
14360,3129100
14361,2869600
14362,2858400
14363,2971500
14364,3008400
14365,3243700
14366,2887000
14367,2891700
14368,3414000
14369,3564700
14370,2279300
14371,3872000
14372,4446800
14373,2443900
14374,1856000
14375,2199000
14376,3251200
14377,2963300
14378,3113200
14379,3198800
14380,2589200
14381,3785000
14382,2883700
14383,3020300
14384,2789400
14385,2900600
14386,3561600
14387,2755000
14388,3047100
14389,2841400
14390,2931000
14391,3079100
14392,3291900
14393,2952100
14394,2928700
14395,2886900
14396,2915900
14397,3170800
14398,3436800
14399,2952100
14400,2827200
14401,2944900
14402,2987600
14403,3342400
14404,2940600
14405,2835800
14406,2854500
14407,2973900
14408,3326300
14409,3079300
14410,2682800
14411,2992300
14412,2737300
14413,3117600
14414,2773700
14415,3608600
14416,2768300
14417,2850200
14418,2858300
14419,2945100
14420,3496600
14421,2721900
14422,2912000
14423,2850000
14424,2936000
14425,3058300
14426,3014100
14427,2813000
14428,2896600
14429,2836500
14430,3258300
14431,2892700
14432,2746600
14433,2897700
14434,2799700
14435,2905500
14436,3192100
14437,2950500
14438,2778200
14439,2809600
14440,2884800
14441,3215200
14442,2736600
14443,3190500
14444,2905100
14445,2752200
14446,3087800
14447,2791600
14448,3126000
14449,2784500
14450,2940700
14451,2672000
14452,2895500
14453,3277300
14454,3205700
14455,2754600
14456,2807800
14457,2937200
14458,2706200
14459,3005700
14460,3160900
14461,2849100
14462,2982400
14463,2660000
14464,2850500
14465,3384300
14466,2636600
14467,2837200
14468,3187800
14469,3085800
14470,3081700
14471,2861600
14472,2664000
14473,2897500
14474,2709100
14475,2846500
14476,3069700
14477,3297700
14478,2906300
14479,2700500
14480,2729200
14481,3088800
14482,3149500
14483,2754400
14484,2811700
14485,2780800
14486,2887700
14487,2837100
14488,3337000
14489,2897900
14490,2670500
14491,2806700
14492,2897700
14493,3026100
14494,3510100
14495,2590900
14496,2809800
14497,3116300
14498,2756800
14499,3404600
14500,2784300
14501,2803400
14502,2802400
14503,2824400
14504,2975800
14505,3365300
14506,2613700
14507,2865900
14508,2763200
14509,2869300
14510,2840300
14511,3725400
14512,2425800
14513,2804100
14514,2761700
14515,2883700
14516,3438800
14517,2725800
14518,2801900
14519,2751100
14520,2874000
14521,2794900
14522,3482800
14523,2603700
14524,2858700
14525,2835200
14526,2843600
14527,3181900
14528,3288400
14529,2672200
14530,2771600
14531,2879100
14532,3202500
14533,2876000
14534,3200900
14535,2685600
14536,2906600
14537,2940900
14538,2740400
14539,3353300
14540,2681800
14541,2845800
14542,2862100
14543,2830900
14544,2991700
14545,3148100
14546,2718900
14547,2862400
14548,3464300
14549,2630100
14550,3071800
14551,2967900
14552,2798700
14553,2934800
14554,2728200
14555,2825700
14556,3403300
14557,2648400
14558,2888400
14559,2830200
14560,2768500
14561,2917600
14562,3339500
14563,2689900
14564,3144500
14565,2735000
14566,2652400
14567,3127300
14568,3223200
14569,2840200
14570,2737400
14571,3135400
14572,2829700
14573,2923600
14574,3241100
14575,2755600
14576,2850700
14577,2843500
14578,3020900
14579,3173300
14580,2797600
14581,2779700
14582,2756200
14583,2946700
14584,2842800
14585,3261500
14586,2818400
14587,2799100
14588,2811100
14589,2816300
14590,3048600
14591,3173700
14592,2824600
14593,3117500
14594,2865400
14595,2758000
14596,3576200
14597,2589700
14598,2802000
14599,2880500
14600,2963100
14601,2792300
14602,3302900
14603,2699500
14604,2922600
14605,2844700
14606,2821400
14607,3475800
14608,2905400
14609,2778600
14610,3114700
14611,2898700
14612,3107300
14613,3119800
14614,2720200
14615,2841800
14616,2827600
14617,2898700
14618,3116800
14619,3039500
14620,2728500
14621,2856100
14622,2850400
14623,2844900
14624,3217000
14625,2900400
14626,2881700
14627,2849600
14628,3180300
14629,2795600
14630,3223400
14631,2787400
14632,2872000
14633,2918400
14634,2863800
14635,2914800
14636,3097800
14637,2850200
14638,2875600
14639,2829300
14640,2863500
14641,3244100
14642,3059400
14643,2781900
14644,3042200
14645,2722700
14646,2867400
14647,3359100
14648,2708800
14649,3357900
14650,2617500
14651,2994600
14652,2782100
14653,3264300
14654,2787100
14655,3578400
14656,2902900
14657,3301300
14658,2809400
14659,2312000
14660,3019100
14661,2582600
14662,2936600
14663,2883500
14664,2837200
14665,3445800
14666,2838400
14667,2936300
14668,2785900
14669,2855300
14670,3454800
14671,2649900
14672,2726500
14673,2847900
14674,2740200
14675,3003400
14676,3237100
14677,2732600
14678,2891500
14679,2903100
14680,2855400
14681,3545500
14682,2722200
14683,2783900
14684,3236400
14685,2806900
14686,2978600
14687,3363400
14688,2805600
14689,2928700
14690,2856300
14691,2873200
14692,3478600
14693,2712700
14694,2863400
14695,2960800
14696,2822300
14697,3054600
14698,3294300
14699,2796300
14700,2992600
14701,2915500
14702,2923400
14703,3084800
14704,3239100
14705,3177900
14706,2867500
14707,2966200
14708,3080000
14709,3239700
14710,2971800
14711,2830600
14712,2968200
14713,2863200
14714,3561000
14715,2916500
14716,2889900
14717,2985800
14718,3360400
14719,2697400
14720,3421500
14721,2741000
14722,3323800
14723,2877200
14724,2857500
14725,3142700
14726,3240400
14727,2916400
14728,2940600
14729,2858000
14730,3144000
14731,3406600
14732,2956200
14733,2717900
14734,3002600
14735,2911800
14736,3462300
14737,2837400
14738,2967300
14739,3069700
14740,2923300
14741,3167600
14742,3253200
14743,2859500
14744,2779300
14745,2936200
14746,2829000
14747,3017800
14748,3577100
14749,2588800
14750,2878400
14751,2948500
14752,3310200
14753,3382600
14754,2655600
14755,2724900
14756,3196800
14757,2922400
14758,2898800
14759,3263000
14760,2877300
14761,2798800
14762,2877900
14763,2889200
14764,3523700
14765,2681400
14766,2712800
14767,2915300
14768,2840500
14769,2878700
14770,3263400
14771,2779500
14772,2821800
14773,2844300
14774,2772700
14775,3229600
14776,3065700
14777,3086200
14778,2750000
14779,2876700
14780,2932100
14781,3203700
14782,2820100
14783,2784800
14784,3094800
14785,2716800
14786,3183400
14787,2992800
14788,2793100
14789,2805500
14790,3089600
14791,2653500
14792,2805900
14793,3263300
14794,2804200
14795,2810600
14796,3026800
14797,2637600
14798,3377100
14799,3019300
14800,2794800
14801,2843300
14802,2856100
14803,2897200
14804,3232300
14805,2792600
14806,3031000
14807,2611700
14808,2948100
14809,2833000
14810,3337900
14811,2765400
14812,3172400
14813,3072200
14814,2644800
14815,2978700
14816,3387000
14817,2855000
14818,2660500
14819,2962300
14820,2781000
14821,3773800
14822,2637200
14823,2641800
14824,2713100
14825,2867400
14826,3023700
14827,3264000
14828,2816200
14829,2800600
14830,2871000
14831,2823800
14832,3040900
14833,3537200
14834,2712400
14835,2770500
14836,2903200
14837,2886900
14838,3492300
14839,2565800
14840,2802000
14841,2884500
14842,2879300
14843,2861900
14844,3287200
14845,2707000
14846,2889400
14847,2826600
14848,2775100
14849,3536800
14850,2601700
14851,2891500
14852,2836100
14853,2812700
14854,3207400
14855,3284300
14856,2995300
14857,2368800
14858,2841800
14859,2913000
14860,2926600
14861,3297200
14862,2770900
14863,2793200
14864,2867000
14865,2931600
14866,2834300
14867,3311100
14868,2682000
14869,2903700
14870,3006700
14871,2691400
14872,3520200
14873,2798000
14874,2726800
14875,2920100
14876,2922200
14877,2919700
14878,3202500
14879,2792200
14880,2850800
14881,2897800
14882,2782900
14883,3041200
14884,3148700
14885,2780000
14886,2879300
14887,2777800
14888,2886800
14889,3374400
14890,3066700
14891,3351700
14892,2241900
14893,2853100
14894,3017400
14895,3100700
14896,2828100
14897,2828700
14898,2819500
14899,2858300
14900,2936500
14901,3467700
14902,2812000
14903,2827700
14904,2756300
14905,2873400
14906,3320100
14907,3074500
14908,2923800
14909,2473600
14910,2837300
14911,3259000
14912,3235200
14913,2849800
14914,2728000
14915,2862800
14916,2904800
14917,2820500
14918,3412300
14919,2622800
14920,2866700
14921,2823700
14922,2805500
14923,3337200
14924,2941800
14925,2758900
14926,3448100
14927,2177900
14928,3080300
14929,3248600
14930,2684800
14931,2821100
14932,2842400
14933,3274400
14934,2871100
14935,3254300
14936,2687700
14937,2829900
14938,2851600
14939,2968900
14940,3401100
14941,2658400
14942,2849000
14943,2864400
14944,2806600
14945,3141200
14946,3434700
14947,2705300
14948,2808200
14949,2848800
14950,2817100
14951,2931900
14952,3302300
14953,2703600
14954,2861200
14955,2970100
14956,2681100
14957,3083900
14958,3115300
14959,2817500
14960,2802000
14961,3158200
14962,2568300
14963,3382300
14964,2690400
14965,2799400
14966,3115100
14967,2612700
14968,3235400
14969,3324200
14970,2681000
14971,2982300
14972,2731400
14973,2795700
14974,3192500
14975,3139500
14976,2853700
14977,2788600
14978,2853600
14979,2892600
14980,3423100
14981,2711000
14982,3055000
14983,2648000
14984,2861000
14985,3160700
14986,3299100
14987,2856300
14988,2683100
14989,2820900
14990,2874500
14991,2950700
14992,3210700
14993,3144800
14994,2653100
14995,3282100
14996,2373100
14997,3259200
14998,3154500
14999,2725200
15000,2966300
15001,2609100
15002,3209500
15003,3058300
15004,2687300
15005,2792600
15006,2835400
15007,3066800
15008,3656000
15009,2575000
15010,2765500
15011,2999300
15012,2721700
15013,3042200
15014,3509900
15015,2711300
15016,2838300
15017,2852700
15018,2807700
15019,3216300
15020,3097300
15021,2821600
15022,2815800
15023,2881100
15024,3424800
15025,2687300
15026,3044900
15027,2940900
15028,3091800
15029,3269800
15030,2911800
15031,2962900
15032,2858400
15033,2908000
15034,2836000
15035,3026600
15036,2891700
15037,3331600
15038,2936500
15039,2852500
15040,3038700
15041,3130600
15042,3213000
15043,2773700
15044,2916300
15045,3271200
15046,2849300
15047,3256200
15048,4202200
15049,2378000
15050,3442300
15051,4217000
15052,3585400
15053,1989100
15054,1887100
15055,2999600
15056,2958400
15057,2951300
15058,3502500
15059,2855900
15060,2953500
15061,3372200
15062,3227100
15063,2727900
15064,3208600
15065,2926100
15066,2951500
15067,2870800
15068,2953800
15069,2939000
15070,3389900
15071,3044300
15072,2750300
15073,2992500
15074,2990100
15075,3238800
15076,3030400
15077,2720300
15078,2899600
15079,2881600
15080,3514300
15081,3104700
15082,2562000
15083,3128200
15084,2850600
15085,3114500
15086,3534300
15087,2653900
15088,2965100
15089,2733100
15090,2926400
15091,3410200
15092,2952200
15093,2651800
15094,2816500
15095,2930600
15096,3414100
15097,2954800
15098,2656700
15099,2773800
15100,3181200
15101,2780900
15102,3179200
15103,3157100
15104,2695600
15105,2831000
15106,2897000
15107,2769900
15108,3009900
15109,3276100
15110,2675700
15111,2958400
15112,2682300
15113,3068400
15114,3177700
15115,2804400
15116,2762000
15117,2861800
15118,2820300
15119,3208300
15120,3189200
15121,2955000
15122,2857900
15123,2792200
15124,2876400
15125,2898500
15126,3270800
15127,2712200
15128,2819800
15129,3032700
15130,2655300
15131,3775500
15132,2376800
15133,2696900
15134,2892200
15135,2867200
15136,3041500
15137,3125300
15138,2702700
15139,3104900
15140,2852300
15141,2830600
15142,2854300
15143,3201100
15144,2764300
15145,3141500
15146,2568200
15147,2758000
15148,2972700
15149,3254500
15150,2789100
15151,2887500
15152,2765000
15153,3062700
15154,3343400
15155,2810600
15156,3274400
15157,3135800
15158,2473300
15159,3031800
15160,3260800
15161,2769700
15162,2785500
15163,2757300
15164,2901600
15165,3314500
15166,3760700
15167,2100800
15168,2641700
15169,2869300
15170,2991700
15171,3271000
15172,2769500
15173,2815900
15174,2801400
15175,2854100
15176,3141700
15177,3336400
15178,2895100
15179,2691400
15180,2870600
15181,2919900
15182,2963800
15183,3182900
15184,2767200
15185,2805500
15186,2871400
15187,3145700
15188,3137200
15189,2762200
15190,2761200
15191,2869800
15192,2892500
15193,2911800
15194,3615800
15195,2628400
15196,2706500
15197,2834400
15198,2831200
15199,3643400
15200,2645600
15201,3328700
15202,2346500
15203,2811400
15204,3042700
15205,3218200
15206,2774900
15207,2791300
15208,2850800
15209,2791500
15210,3245400
15211,3024800
15212,3021000
15213,2822700
15214,2797300
15215,2964600
15216,2909100
15217,3318400
15218,2744900
15219,2815900
15220,2933300
15221,2888900
15222,3239300
15223,2695800
15224,2789300
15225,2870400
15226,3023500
15227,2791000
15228,3327500
15229,2685800
15230,2845900
15231,3027100
15232,2706100
15233,3211500
15234,3455600
15235,2700200
15236,3694400
15237,2094700
15238,2884500
15239,3320600
15240,2726300
15241,2826400
15242,2870300
15243,2825400
15244,3023500
15245,3144300
15246,2838200
15247,3066500
15248,2710800
15249,2754100
15250,3014500
15251,3542200
15252,2709000
15253,2770900
15254,2920700
15255,2921900
15256,3359300
15257,2910100
15258,2652900
15259,2864700
15260,2833700
15261,2921600
15262,3364700
15263,2750200
15264,2796800
15265,2864100
15266,2788700
15267,3032200
15268,3406900
15269,2868300
15270,2817300
15271,3205900
15272,2611600
15273,3669200
15274,2572200
15275,2834200
15276,2845500
15277,2899200
15278,2902800
15279,3324600
15280,2670700
15281,2809400
15282,2912300
15283,2778800
15284,3968200
15285,2362900
15286,3064000
15287,2780300
15288,2867800
15289,3338000
15290,2860200
15291,2767000
15292,2893400
15293,2839400
15294,2844800
15295,3028500
15296,3159200
15297,2792800
15298,2843000
15299,2878900
15300,2911900
15301,3394400
15302,2644300
15303,2822900
15304,2888000
15305,2788000
15306,3526000
15307,3033300
15308,2934700
15309,2777600
15310,2910600
15311,2833300
15312,2989600
15313,3140600
15314,2786600
15315,2904800
15316,3054600
15317,2670300
15318,3440400
15319,2625600
15320,2921500
15321,2746100
15322,2984300
15323,2963400
15324,3235100
15325,2957700
15326,2824900
15327,2890300
15328,2776300
15329,3152100
15330,3118700
15331,2745700
15332,3170800
15333,2750600
15334,3156100
15335,2933800
15336,2675400
15337,3050500
15338,3131600
15339,2838800
15340,3643600
15341,2619600
15342,2574200
15343,3128600
15344,2479800
15345,2934100
15346,3311200
15347,3110200
15348,2891000
15349,2767200
15350,2785800
15351,3429600
15352,2656300
15353,3094000
15354,2802300
15355,2886600
15356,2776200
15357,3021800
15358,2881700
15359,3045400
15360,2629700
15361,2874200
15362,2955200
15363,3135000
15364,3492700
15365,2657000
15366,2904400
15367,2949300
15368,2840200
15369,3482500
15370,2731900
15371,2854400
15372,2834300
15373,2944500
15374,2970700
15375,3760900
15376,2451000
15377,2932400
15378,2838000
15379,2987100
15380,3525800
15381,2822200
15382,2866100
15383,2916100
15384,2895300
15385,3377600
15386,3275400
15387,2842100
15388,2973300
15389,3174900
15390,3393700
15391,3061700
15392,2861900
15393,2947200
15394,2952500
15395,2975000
15396,3026300
15397,3305900
15398,3043300
15399,2950100
15400,2914900
15401,3082500
15402,3310900
15403,2955600
15404,2766200
15405,3005000
15406,3259500
15407,2999300
15408,3781200
15409,2392400
15410,2938600
15411,2945900
15412,3019700
15413,3518000
15414,2629400
15415,2982200
15416,2883900
15417,2815400
15418,3192700
15419,3318900
15420,2813900
15421,2891000
15422,3134000
15423,3119300
15424,3217000
15425,2790000
15426,2872400
15427,2891100
15428,2827600
15429,3009600
15430,3204100
15431,2859700
15432,2940600
15433,2755000
15434,2737500
15435,3067500
15436,3116700
15437,2837000
15438,2993200
15439,2777000
15440,3301100
15441,3149400
15442,2792000
15443,2843700
15444,2801200
15445,2822700
15446,3025500
15447,3070800
15448,2827100
15449,2854800
15450,2797100
15451,2865800
15452,2932900
15453,3132300
15454,2936800
15455,2761700
15456,2768800
15457,2874700
15458,3386400
15459,2904100
15460,2673800
15461,2862300
15462,3080500
15463,2985400
15464,3075400
15465,2839600
15466,2688500
15467,2901600
15468,2926000
15469,2848900
15470,3218500
15471,2818700
15472,2750900
15473,2840300
15474,2900700
15475,3087900
15476,3003400
15477,2743700
15478,2910700
15479,3114500
15480,2768100
15481,3397900
15482,2686000
15483,2770500
15484,2865700
15485,2985500
15486,2842700
15487,3278700
15488,2730000
15489,2862900
15490,2831600
15491,2769300
15492,3600200
15493,2699100
15494,2845300
15495,2772900
15496,2910900
15497,3201800
15498,3254000
15499,2671000
15500,2887100
15501,3112800
15502,3116900
15503,2820300
15504,3210100
15505,2766600
15506,2739300
15507,2779500
15508,2854900
15509,2880700
15510,3222000
15511,2894100
15512,2804600
15513,3092000
15514,2826100
15515,3097800
15516,2775200
15517,2841600
15518,3323100
15519,2715200
15520,2820500
15521,3246000
15522,2857000
15523,2811400
15524,2852100
15525,2818600
15526,3114400
15527,3177600
15528,2914800
15529,2787800
15530,2823300
15531,2929900
15532,3282500
15533,2806800
15534,3179000
15535,2728500
15536,2740800
15537,2914300
15538,3115500
15539,2999700
15540,2666800
15541,2793800
15542,2887200
15543,3051700
15544,3109100
15545,2918800
15546,2693500
15547,2844300
15548,2878500
15549,3430800
15550,2821100
15551,2705800
15552,2833000
15553,2834100
15554,3128600
15555,3117900
15556,2807400
15557,3092400
15558,2786300
15559,2796000
15560,2884400
15561,3295300
15562,2854700
15563,2775900
15564,2828700
15565,2908600
15566,3606700
15567,2699000
15568,2847400
15569,2850100
15570,2824300
15571,3434500
15572,2766300
15573,2745400
15574,3127100
15575,2790100
15576,3099900
15577,2788400
15578,3163600
15579,2805100
15580,2807000
15581,2865000
15582,2863100
15583,3320100
15584,2728500
15585,2881300
15586,2810200
15587,3039000
15588,3111700
15589,2928600
15590,2748900
15591,2983200
15592,2951600
15593,2966600
15594,2883500
15595,3246900
15596,2795600
15597,2852500
15598,2888800
15599,2808400
15600,3081400
15601,3062500
15602,2825400
15603,2828400
15604,2922700
15605,2800700
15606,3419300
15607,2879500
15608,2716200
15609,2923200
15610,2865100
15611,3026600
15612,3065900
15613,3160900
15614,2985800
15615,2737800
15616,2802500
15617,2876900
15618,3214100
15619,2743300
15620,2958800
15621,2882100
15622,2939200
15623,3179700
15624,2777000
15625,2859700
15626,2808600
15627,2792400
15628,3063800
15629,3127000
15630,3020100
15631,2879100
15632,2778000
15633,2939200
15634,2904400
15635,3270400
15636,2800200
15637,2788000
15638,2843300
15639,3261100
15640,2961400
15641,2845900
15642,2830900
15643,2736900
15644,2859300
15645,3130100
15646,3293100
15647,2741700
15648,2813800
15649,2898200
15650,2821200
15651,3358700
15652,3018800
15653,2751500
15654,2855300
15655,2796200
15656,2984000
15657,3434200
15658,2621200
15659,2828500
15660,2804900
15661,2929400
15662,2922800
15663,3202600
15664,2701100
15665,2945300
15666,2791800
15667,2827400
15668,3810200
15669,2644400
15670,3141100
15671,2560800
15672,2765100
15673,3149200
15674,3073100
15675,2736500
15676,2878900
15677,2779000
15678,2842100
15679,3349100
15680,3211200
15681,2865400
15682,2651400
15683,2886800
15684,2956000
15685,3475200
15686,2636800
15687,3084800
15688,2870100
15689,3072900
15690,2813100
15691,3249900
15692,2794400
15693,2759500
15694,2879700
15695,2963900
15696,3067100
15697,3010500
15698,2778400
15699,2857000
15700,3155800
15701,2669600
15702,3039900
15703,3161500
15704,2826000
15705,3178200
15706,2689700
15707,3121600
15708,3217700
15709,2910400
15710,2917100
15711,2889500
15712,2814600
15713,3033400
15714,3336900
15715,2854500
15716,3018800
15717,2804600
15718,3236300
15719,3168500
15720,2887500
15721,3146600
15722,2691500
15723,2978900
15724,3033000
15725,3522100
15726,2961500
15727,2986800
15728,2860300
15729,3116400
15730,3254100
15731,3615600
15732,2855200
15733,2959600
15734,3629100
15735,3827600
15736,2306000
15737,2041100
15738,3047500
15739,2940800
15740,3015000
15741,3356600
15742,2841100
15743,2946500
15744,2938600
15745,2891300
15746,3476800
15747,3354500
15748,2432500
15749,2963100
15750,2888300
15751,3054000
15752,3376300
15753,2855700
15754,2883500
15755,2863400
15756,2893600
15757,3271300
15758,3325600
15759,2830900
15760,2954500
15761,2807000
15762,3304300
15763,3429600
15764,2717000
15765,3061100
15766,2709000
15767,2908800
15768,3037500
15769,3220000
15770,2844000
15771,2877400
15772,2862600
15773,2928800
15774,3314400
15775,2834100
15776,2785600
15777,2891900
15778,3010900
15779,3056200
15780,3265100
15781,2743000
15782,2780700
15783,2886000
15784,2858200
15785,3350100
15786,2680300
15787,2893800
15788,2777200
15789,2915600
15790,2805100
15791,3656500
15792,2675500
15793,2838500
15794,3056700
15795,2548200
15796,3063000
15797,3337100
15798,2843500
15799,2721000
15800,2997200
15801,2696700
15802,2902100
15803,3383100
15804,2643800
15805,2985600
15806,2691000
15807,2869000
15808,3343900
15809,2680200
15810,2850300
15811,2827800
15812,2757900
15813,3015000
15814,3160600
15815,2874900
15816,2825800
15817,2777600
15818,2837600
15819,3028300
15820,3185500
15821,2720300
15822,2860300
15823,2805100
15824,3151000
15825,3434300
15826,2714000
15827,2873600
15828,2779600
15829,2753200
15830,3090500
15831,3370800
15832,2962300
15833,2672200
15834,2868700
15835,2823000
15836,3437400
15837,3270100
15838,2658700
15839,2804600
15840,2808500
15841,2910100
15842,3354200
15843,2977100
15844,2692400
15845,2802100
15846,2807400
15847,3017200
15848,3643500
15849,2588200
15850,2910200
15851,2833400
15852,2643800
15853,2925100
15854,3326900
15855,2658500
15856,2775900
15857,2831700
15858,3183900
15859,3109700
15860,3148200
15861,2767400
15862,2815200
15863,2762800
15864,3306500
15865,2946600
15866,2806600
15867,2738400
15868,2822300
15869,2878200
15870,3257500
15871,3156700
15872,2770100
15873,2869000
15874,2817400
15875,3305800
15876,2759400
15877,3038200
15878,2774100
15879,2834600
15880,3005200
15881,2846700
15882,3203800
15883,2842200
15884,2769500
15885,2795800
15886,3019200
15887,3061600
15888,2947900
15889,2784800
15890,2891200
15891,3022900
15892,2800100
15893,3595400
15894,2782900
15895,2676900
15896,2976500
15897,2754600
15898,2993700
15899,3211300
15900,2635100
15901,2821500
15902,2895100
15903,2828400
15904,2901800
15905,3460300
15906,2843400
15907,2783100
15908,2867200
15909,2764100
15910,3434700
15911,2708800
15912,3018400
15913,2750400
15914,2819600
15915,2990200
15916,3173600
15917,2814300
15918,2793000
15919,3109500
15920,2942400
15921,2985700
15922,3040000
15923,2844800
15924,2794000
15925,2778600
15926,2864000
15927,3194200
15928,3226600
15929,2805300
15930,2649500
15931,2878700
15932,2865300
15933,3347300
15934,2741500
15935,2771400
15936,3131400
15937,2798300
15938,2982300
15939,3257200
15940,2728900
15941,2932100
15942,2740700
15943,2839800
15944,3666900
15945,2549600
15946,2832300
15947,2862600
15948,2833800
15949,2888300
15950,3026500
15951,3090900
15952,2819800
15953,3064400
15954,2869200
15955,3026900
15956,3118700
15957,2755400
15958,2848100
15959,2947500
15960,2814600
15961,3081300
15962,3108300
15963,2722900
15964,2894900
15965,2787500
15966,3028900
15967,3237700
15968,2707700
15969,2837800
15970,2864900
15971,2876800
15972,3113600
15973,3078800
15974,2765600
15975,3132900
15976,2826500
15977,2904500
15978,3058900
15979,3221800
15980,2844400
15981,2822300
15982,2943800
15983,2760700
15984,3306700
15985,2801800
15986,2876000
15987,3139500
15988,2504700
15989,3201500
15990,3013000
15991,2716000
15992,3140100
15993,2849000
15994,2773900
15995,3113300
15996,3072200
15997,2816900
15998,2978400
15999,2745000
16000,2852800
16001,3291300
16002,2761100
16003,3020500
16004,2732000
16005,2828600
16006,3187300
16007,3010900
16008,2798600
16009,3332300
16010,2859200
16011,2712500
16012,2862900
16013,3129000
16014,2933800
16015,2779700
16016,2853300
16017,2859200
16018,3532800
16019,2973200
16020,3001300
16021,2975800
16022,2631800
16023,2793800
16024,3277000
16025,2724000
16026,2954200
16027,2664400
16028,2864100
16029,3238500
16030,2975900
16031,3109500
16032,2797000
16033,2795800
16034,3080700
16035,3092200
16036,2724100
16037,2916500
16038,2677900
16039,2913700
16040,3329400
16041,2911400
16042,2818700
16043,2843800
16044,2859100
16045,2825200
16046,3118300
16047,3113500
16048,2828900
16049,3057700
16050,2863700
16051,3084000
16052,3258200
16053,2849500
16054,2916800
16055,2909000
16056,3143400
16057,3078000
16058,3153900
16059,2860600
16060,2871900
16061,2939200
16062,3021600
16063,3415500
16064,2755900
16065,3001000
16066,3099600
16067,3014300
16068,3005000
16069,3284800
16070,2892900
16071,2947000
16072,3123100
16073,2852300
16074,3386500
16075,2864600
16076,2866300
16077,3055700
16078,2891900
16079,2926200
16080,3336200
16081,2908100
16082,2939700
16083,2930300
16084,3007800
16085,3462800
16086,3509600
16087,2446300
16088,3014900
16089,2956800
16090,3191900
16091,3284700
16092,2878000
16093,2910000
16094,2967200
16095,2833900
16096,3545100
16097,2717100
16098,3022900
16099,2824400
16100,2885500
16101,3134800
16102,3110400
16103,3410500
16104,2767800
16105,2756000
16106,2912600
16107,3407800
16108,2947600
16109,2667400
16110,2950500
16111,2791100
16112,3104300
16113,3115500
16114,2878100
16115,2751800
16116,2989000
16117,2790800
16118,3154300
16119,3232900
16120,2623000
16121,3136100
16122,2815100
16123,2842100
16124,3503100
16125,2626700
16126,2784600
16127,2949300
16128,2788400
16129,3073800
16130,3327300
16131,2788600
16132,2818700
16133,2872000
16134,2752600
16135,3046300
16136,3094700
16137,2759500
16138,2894000
16139,2795800
16140,3046700
16141,2837800
16142,3368400
16143,2775100
16144,2947700
16145,2696400
16146,2945900
16147,3233800
16148,2763000
16149,2883800
16150,2837900
16151,2765500
16152,3027100
16153,3095700
16154,2832900
16155,2811200
16156,2972200
16157,2717700
16158,2924300
16159,3205900
16160,3005000
16161,3143500
16162,2627600
16163,2907300
16164,3527200
16165,2722000
16166,2800300
16167,3034000
16168,2749700
16169,3089400
16170,3196800
16171,2778300
16172,3038900
16173,2661300
16174,2903500
16175,2822700
16176,3311500
16177,2846900
16178,2978700
16179,2665400
16180,2992700
16181,3444100
16182,2825000
16183,3000600
16184,2659600
16185,2932400
16186,2804500
16187,3292700
16188,2966100
16189,2715100
16190,2791200
16191,2804500
16192,3385900
16193,3000100
16194,2859500
16195,2761300
16196,2923800
16197,2822100
16198,3217700
16199,3085300
16200,2749500
16201,2827600
16202,2853700
16203,2855700
16204,3473300
16205,2669800
16206,2910600
16207,2791200
16208,2859300
16209,3547900
16210,2680400
16211,2848400
16212,2825700
16213,2856400
16214,2918600
16215,3702300
16216,2351000
16217,2910400
16218,2744900
16219,2833100
16220,3150400
16221,3042300
16222,2914600
16223,2695600
16224,2816400
16225,2858100
16226,2953900
16227,3144800
16228,2891600
16229,2748900
16230,2880700
16231,2941000
16232,2883900
16233,3085700
16234,2996100
16235,2751800
16236,2993000
16237,3012800
16238,3204400
16239,2838400
16240,2766100
16241,2796500
16242,3193100
16243,2839300
16244,3378200
16245,2745000
16246,2820700
16247,2853900
16248,2937900
16249,3282800
16250,2815500
16251,2793100
16252,2856200
16253,2863800
16254,3112000
16255,3387000
16256,2710800
16257,2864400
16258,2872400
16259,2776200
16260,2926400
16261,3238600
16262,2774600
16263,3054300
16264,2612600
16265,2913100
16266,3303700
16267,2697700
16268,2837200
16269,3118100
16270,2671700
16271,2999300
16272,3328700
16273,2632700
16274,2967700
16275,2710500
16276,2838400
16277,3285300
16278,3210000
16279,2767100
16280,2739400
16281,2855200
16282,2944500
16283,3237100
16284,2864100
16285,2812100
16286,2782400
16287,2843900
16288,2943100
16289,3185800
16290,3226000
16291,2535700
16292,2735100
16293,2902100
16294,3317100
16295,3173700
16296,2798000
16297,2724500
16298,2880100
16299,2907700
16300,3470200
16301,2593900
16302,2912200
16303,2814800
16304,2792600
16305,3017400
16306,3178600
16307,2792400
16308,2813600
16309,2839800
16310,2931900
16311,3100200
16312,3141400
16313,2654800
16314,2860700
16315,3059500
16316,3123500
16317,3359600
16318,2748200
16319,2735900
16320,2892100
16321,2863300
16322,3012400
16323,3251500
16324,2675500
16325,2876100
16326,2827200
16327,2944400
16328,2933600
16329,3188500
16330,2667400
16331,2876800
16332,3069300
16333,2982800
16334,3352500
16335,2763700
16336,2813900
16337,2884800
16338,2756000
16339,3074600
16340,3148200
16341,2744800
16342,2886800
16343,2787900
16344,2881200
16345,2933700
16346,3213200
16347,2806800
16348,3187700
16349,2838500
16350,2943600
16351,2867500
16352,3175600
16353,2702600
16354,3205400
16355,2765800
16356,3078300
16357,3107000
16358,2803200
16359,3104200
16360,2868400
16361,3108400
16362,2660600
16363,3116100
16364,2842400
16365,2869200
16366,2702400
16367,2945400
16368,3041500
16369,3058200
16370,2820400
16371,2903900
16372,3091200
16373,2987800
16374,3142100
16375,2804800
16376,2787700
16377,2876000
16378,2950400
16379,2930200
16380,3306600
16381,2744100
16382,2860800
16383,2843400
16384,3077400
16385,3212800
16386,3005200
16387,2663400
16388,2810300
16389,3152100
16390,3048200
16391,3453100
16392,2830300
16393,2876900
16394,2988100
16395,2833100
16396,3584000
16397,2674400
16398,2810600
16399,2934400
16400,2921100
16401,2950100
16402,3319900
16403,2814700
16404,2925900
16405,2977100
16406,2896700
16407,3331700
16408,2908800
16409,3228300
16410,3447800
16411,2547300
16412,4532400
16413,3935400
16414,2067100
16415,1878100
16416,2624600
16417,3018800
16418,3379300
16419,2781000
16420,2925200
16421,2957100
16422,3089800
16423,3072800
16424,3427800
16425,3147200
16426,2567200
16427,3320300
16428,2729700
16429,3068200
16430,3201300
16431,2954300
16432,2859000
16433,2920700
16434,2967000
16435,3331500
16436,2843100
16437,2857700
16438,2914400
16439,2916100
16440,3019100
16441,3188700
16442,2886800
16443,3246700
16444,2568700
16445,2806500
16446,3458400
16447,2731000
16448,3444100
16449,2652600
16450,2955300
16451,2924700
16452,3184700
16453,3077500
16454,2769800
16455,2845900
16456,2818300
16457,2967600
16458,3279800
16459,2868700
16460,2868000
16461,2871900
16462,3060400
16463,3212700
16464,2812900
16465,3223600
16466,2741300
16467,2943900
16468,2945400
16469,3191100
16470,2831500
16471,2935400
16472,2781100
16473,2830800
16474,3319200
16475,2790300
16476,2870800
16477,2734100
16478,2867700
16479,3131200
16480,3200600
16481,2702700
16482,3139600
16483,2778800
16484,2923600
16485,2981400
16486,3120800
16487,2797700
16488,2895700
16489,2770400
16490,2837200
16491,3474800
16492,2690000
16493,2914000
16494,2740400
16495,2871600
16496,3027000
16497,3187600
16498,2679300
16499,2929600
16500,2747200
16501,3248900
16502,2751500
16503,3314100
16504,3023000
16505,2784700
16506,2910100
16507,2949800
16508,3332300
16509,2854200
16510,2826900
16511,2796800
16512,2885900
16513,3043300
16514,3048200
16515,2842700
16516,2703200
16517,3224200
16518,2712600
16519,2940100
16520,3266900
16521,2745900
16522,2834700
16523,2927400
16524,2726800
16525,3418600
16526,2712300
16527,2755400
16528,2866100
16529,2759000
16530,2931900
16531,3207400
16532,2807700
16533,2891600
16534,2682000
16535,2847700
16536,3032800
16537,3359800
16538,2967700
16539,3000100
16540,2854100
16541,2843500
16542,2764000
16543,3135300
16544,2831200
16545,2841600
16546,2783300
16547,2893000
16548,3330300
16549,2913200
16550,2684800
16551,2798700
16552,2895800
16553,2881000
16554,3286600
16555,3121600
16556,2592100
16557,2731600
16558,2877800
16559,2919300
16560,3439500
16561,2571800
16562,2859300
16563,2825800
16564,2861800
16565,3340100
16566,2842800
16567,2743700
16568,2869300
16569,2815500
16570,2910600
16571,3485700
16572,2627700
16573,2877500
16574,2767800
16575,2893100
16576,3299100
16577,3095100
16578,3032000
16579,2834300
16580,2787600
16581,3045400
16582,2774500
16583,3302600
16584,2818400
16585,2875300
16586,2792500
16587,2992100
16588,3262500
16589,2747000
16590,2877000
16591,2821800
16592,2992900
16593,3153900
16594,2947600
16595,3094400
16596,2807900
16597,2830600
16598,2951100
16599,3344300
16600,2693400
16601,2888700
16602,2923800
16603,2798500
16604,3001200
16605,3239600
16606,2724600
16607,3179300
16608,2719400
16609,2813500
16610,3275500
16611,3036200
16612,2762100
16613,3337100
16614,2662100
16615,2687400
16616,3332200
16617,2990400
16618,2898600
16619,2867800
16620,2904500
16621,3017600
16622,3123400
16623,2795100
16624,2752300
16625,2852000
16626,2802900
16627,2976500
16628,3454900
16629,2624100
16630,2822800
16631,2842100
16632,2963100
16633,3210900
16634,3084600
16635,2815900
16636,2767400
16637,2883500
16638,2949500
16639,3334900
16640,2705900
16641,2781200
16642,2856100
16643,2858400
16644,3031500
16645,3112100
16646,2807100
16647,2791500
16648,2803800
16649,2952600
16650,3169300
16651,3456700
16652,2763700
16653,2833700
16654,2968400
16655,2950400
16656,2999500
16657,2853200
16658,2793300
16659,2931100
16660,2811600
16661,2987900
16662,3237200
16663,2609500
16664,2884400
16665,2784700
16666,2917000
16667,3252900
16668,2686000
16669,2892700
16670,2830500
16671,2794900
16672,2948600
16673,3364600
16674,2659900
16675,2810800
16676,2877800
16677,3039000
16678,2964200
16679,3165100
16680,2800000
16681,2878900
16682,2752500
16683,2952800
16684,2857400
16685,3198300
16686,2836700
16687,2819300
16688,2827700
16689,3577900
16690,3293000
16691,2844000
16692,2582800
16693,2830900
16694,3020100
16695,2778100
16696,3216300
16697,2842900
16698,2756700
16699,2987500
16700,3275200
16701,2911300
16702,3136500
16703,2651700
16704,2825200
16705,2883600
16706,3064800
16707,3111500
16708,2904200
16709,2761700
16710,3103100
16711,2705400
16712,3167500
16713,3274000
16714,2788500
16715,3087400
16716,2663500
16717,2837500
16718,3559000
16719,2736400
16720,2907300
16721,2852100
16722,2838600
16723,2970300
16724,3351800
16725,2735200
16726,3006300
16727,2804000
16728,2829100
16729,3601500
16730,2695800
16731,2965700
16732,2859900
16733,3107700
16734,3150400
16735,3180200
16736,3006200
16737,2748100
16738,2945800
16739,2823200
16740,3159500
16741,3153200
16742,3026800
16743,2872500
16744,2845300
16745,3198800
16746,3369700
16747,2929300
16748,2815200
16749,2953800
16750,2863100
16751,3100000
16752,3537400
16753,2641600
16754,2926300
16755,2870300
16756,3116900
16757,3631300
16758,2657600
16759,2962500
16760,2875600
16761,2947700
16762,2938400
16763,3522500
16764,3116000
16765,2459100
16766,2977600
16767,3286100
16768,3406500
16769,2737300
16770,2851200
16771,2915200
16772,2856800
16773,3357800
16774,3057200
16775,2806100
16776,2917100
16777,2871300
16778,2910600
16779,3025500
16780,3536600
16781,2785600
16782,2830200
16783,2918100
16784,3145700
16785,3177200
16786,2760400
16787,2872900
16788,2853900
16789,3005500
16790,3242800
16791,3013600
16792,2910200
16793,2878200
16794,2964400
16795,2707300
16796,3421200
16797,2744500
16798,2839700
16799,2873400
16800,2954300
16801,3157400
16802,3182000
16803,2773000
16804,2840200
16805,3019500
16806,2734800
16807,3424600
16808,2751300
16809,2812600
16810,2950600
16811,2693600
16812,2919100
16813,3268200
16814,2730600
16815,2913600
16816,2745600
16817,2872200
16818,2847200
16819,3359700
16820,2658200
16821,3070700
16822,2662100
16823,2785500
16824,3431200
16825,2680200
16826,2849000
16827,3208800
16828,2653000
16829,2946700
16830,3541500
16831,2707100
16832,2810900
16833,2888300
16834,2751600
16835,2948800
16836,3279800
16837,2838100
16838,2761000
16839,2764000
16840,2844100
16841,3181100
16842,3367000
16843,2554700
16844,2801100
16845,3128100
16846,2909200
16847,3537500
16848,2737200
16849,2822400
16850,2817600
16851,2832600
16852,2908100
16853,3558800
16854,2732300
16855,2885000
16856,2803500
16857,2843000
16858,3563500
16859,2659000
16860,2734700
16861,2881400
16862,3084600
16863,2895600
16864,3351700
16865,2778100
16866,2741300
16867,2916300
16868,2744300
16869,3118300
16870,3314700
16871,2783900
16872,2770900
16873,2881000
16874,2970700
16875,3299600
16876,2735600
16877,2793200
16878,2862000
16879,2788400
16880,3130100
16881,3177600
16882,2726100
16883,2885700
16884,3050800
16885,3188700
16886,3221900
16887,3004800
16888,2471600
16889,2760100
16890,2907200
16891,2789500
16892,3244000
16893,2872700
16894,2798600
16895,3032200
16896,2993200
16897,2712700
16898,3229200
16899,2865100
16900,2739700
16901,2920000
16902,2876500
16903,3001600
16904,3357100
16905,2678500
16906,2907900
16907,2824500
16908,2823400
16909,2939200
16910,3383000
16911,2907100
16912,2689100
16913,2854700
16914,3240500
16915,3226700
16916,2857100
16917,2767700
16918,2914600
16919,2879400
16920,3009200
16921,3200900
16922,2822500
16923,2877700
16924,2848500
16925,2910400
16926,3274900
16927,3092800
16928,2603600
16929,2845100
16930,2893000
16931,2937900
16932,3585400
16933,2577000
16934,2822300
16935,2854400
16936,2790200
16937,3087800
16938,3221100
16939,2739000
16940,3201700
16941,2849600
16942,2978800
16943,3512100
16944,2774700
16945,2760800
16946,2936600
16947,2925100
16948,3105700
16949,3014500
16950,2900800
16951,2748300
16952,2910600
16953,2799000
16954,3429100
16955,2921300
16956,2823500
16957,3031600
16958,2902400
16959,2981400
16960,3187200
16961,2844500
16962,2806700
16963,2898800
16964,2934100
16965,2859300
16966,3241400
16967,2808100
16968,2813600
16969,2837800
16970,2872500
16971,2928600
16972,3225300
16973,2787900
16974,2839900
16975,3003700
16976,2819500
16977,3466600
16978,3037900
16979,2828000
16980,2778900
16981,2923700
16982,2888500
16983,3153800
16984,2896300
16985,2902500
16986,2678800
16987,2819200
16988,2896000
16989,3332200
16990,2863600
16991,2746900
16992,2786800
16993,2964800
16994,3277500
16995,2696400
16996,3354200
16997,2587800
16998,2991000
16999,2861400
17000,3123300
17001,2998600
17002,2729900
17003,2752900
17004,2865400
17005,3061900
17006,3091200
17007,2805900
17008,2780900
17009,2776200
17010,2830900
17011,3493000
17012,2745600
17013,3072000
17014,2751800
17015,2825200
17016,3122600
17017,3309100
17018,2636800
17019,2736800
17020,2837500
17021,2831500
17022,3142400
17023,3203400
17024,2677200
17025,2762400
17026,2828400
17027,2825200
17028,3916600
17029,2630500
17030,2679700
17031,2890600
17032,2741800
17033,2915300
17034,3353700
17035,2733200
17036,2812400
17037,2837700
17038,2888000
17039,3117400
17040,3242300
17041,2858900
17042,2717900
17043,2766200
17044,2827500
17045,3106900
17046,3106400
17047,2775000
17048,2869800
17049,2809700
17050,3264500
17051,3222700
17052,3043600
17053,2776300
17054,2908000
17055,3084400
17056,2983500
17057,3106100
17058,2820600
17059,2880500
17060,3046300
17061,2807400
17062,3405000
17063,2763700
17064,2846700
17065,2877500
17066,2930200
17067,3288200
17068,3071900
17069,3148000
17070,2859300
17071,2930800
17072,2916600
17073,3003800
17074,3283000
17075,2824200
17076,3035400
17077,2828100
17078,3088500
17079,3266400
17080,2798500
17081,2952700
17082,2929800
17083,2907400
17084,3518400
17085,2855800
17086,2881900
17087,3079200
17088,2924600
17089,4063700
17090,2936600
17091,4041400
17092,4086900
17093,2665500
17094,2090000
17095,2297200
17096,2875200
17097,2898300
17098,2947900
17099,2844000
17100,3047100
17101,3328400
17102,2865000
17103,3192100
17104,2532300
17105,3042300
17106,3373500
17107,3095000
17108,2796000
17109,2864100
17110,2976800
17111,2888300
17112,3531300
17113,2769900
17114,2755100
17115,2943600
17116,2790900
17117,3224800
17118,3071100
17119,2820400
17120,2825500
17121,2894000
17122,2939600
17123,3484200
17124,2900700
17125,2749000
17126,2921600
17127,2822100
17128,2954600
17129,3343900
17130,2761300
17131,2881800
17132,2877900
17133,2916300
17134,3252400
17135,2755200
17136,2776600
17137,3247200
17138,2421900
17139,2947100
17140,3257300
17141,2679500
17142,2869500
17143,2825100
17144,3019400
17145,2834000
17146,3328000
17147,2714200
17148,2854100
17149,2827000
17150,2826600
17151,3309100
17152,2669700
17153,2814600
17154,2849600
17155,2988600
17156,2620800
17157,2878700
17158,3282600
17159,2833700
17160,3193800
17161,2571800
17162,2829500
17163,3639100
17164,2726800
17165,2942300
17166,2727400
17167,2927900
17168,2837300
17169,3233200
17170,2856100
17171,2800900
17172,3637900
17173,2001700
17174,3416300
17175,2693800
17176,2950200
17177,2720500
17178,2890000
17179,3127100
17180,3077300
17181,3484200
17182,2763500
17183,2672800
17184,2776600
17185,3081000
17186,3221100
17187,2689100
17188,2864500
17189,2932600
17190,2758600
17191,3167600
17192,3108500
17193,2826400
17194,2845200
17195,2882400
17196,2993700
17197,3401900
17198,2644100
17199,2777400
17200,3017900
17201,2731300
17202,3278200
17203,3260900
17204,2713100
17205,2984900
17206,3141300
17207,2858400
17208,3334800
17209,2709000
17210,2882000
17211,2909000
17212,2949900
17213,2874900
17214,3253800
17215,2753500
17216,2902100
17217,2892300
17218,3069900
17219,3010900
17220,3030400
17221,2873300
17222,2936600
17223,2738400
17224,3085200
17225,3237300
17226,2727800
17227,2998600
17228,2848700
17229,3046300
17230,2908900
17231,3328000
17232,2694300
17233,2778300
17234,3112300
17235,2795600
17236,2917800
17237,3219300
17238,2813800
17239,2963700
17240,3524200
17241,2241900
17242,3179300
17243,2765000
17244,2969000
17245,2801000
17246,2826600
17247,2834500
17248,3329500
17249,2745100
17250,3134800
17251,2533000
17252,2804300
17253,3054500
17254,3138400
17255,2973300
17256,2693800
17257,3019900
17258,2784400
17259,3250700
17260,2739200
17261,3007100
17262,2678500
17263,3158100
17264,2960000
17265,3106500
17266,2910700
17267,2833800
17268,2785100
17269,2874400
17270,3035400
17271,3379700
17272,2630800
17273,2674500
17274,2839900
17275,3402700
17276,2938500
17277,2839200
17278,2712000
17279,2885300
17280,3161700
17281,2802800
17282,3464300
17283,2553900
17284,2878000
17285,2780700
17286,2791600
17287,2953100
17288,3258100
17289,2770200
17290,2854000
17291,2812600
17292,2916300
17293,3341200
17294,2714400
17295,2769800
17296,2835100
17297,2840100
17298,3113900
17299,3402300
17300,2554800
17301,2749400
17302,3083200
17303,2765200
17304,3074100
17305,3207700
17306,2693500
17307,2855600
17308,2864700
17309,2748800
17310,3881300
17311,2320600
17312,2819300
17313,2802000
17314,2876000
17315,3108300
17316,3376100
17317,2695800
17318,2858200
17319,3119300
17320,2898600
17321,2967600
17322,3147100
17323,2734500
17324,2908000
17325,3050800
17326,2679600
17327,3306300
17328,2830500
17329,2768200
17330,2862900
17331,2890600
17332,3007900
17333,3251500
17334,2622300
17335,2907400
17336,3125600
17337,2892400
17338,2835500
17339,3347700
17340,2720700
17341,2979300
17342,2720300
17343,2834000
17344,3336800
17345,3208800
17346,2389800
17347,2906300
17348,2805800
17349,2923700
17350,3557400
17351,2685000
17352,2908300
17353,2773800
17354,2879500
17355,3107300
17356,3084400
17357,2814800
17358,3095200
17359,2793000
17360,2812200
17361,3487700
17362,2802800
17363,2745900
17364,2832900
17365,2849600
17366,3004500
17367,3265500
17368,3028300
17369,2687100
17370,2893900
17371,2631700
17372,3084300
17373,3365600
17374,2514700
17375,3118800
17376,2841600
17377,2871300
17378,3351000
17379,3434800
17380,2594300
17381,2918900
17382,2607000
17383,2958800
17384,3255600
17385,2711300
17386,2774700
17387,2826300
17388,2916900
17389,3353200
17390,3048700
17391,2754500
17392,2832800
17393,3187400
17394,3177100
17395,3087900
17396,2687700
17397,2806900
17398,2916300
17399,2847200
17400,3061600
17401,3226400
17402,2713400
17403,2917900
17404,2898700
17405,2936700
17406,2930900
17407,3360400
17408,2835300
17409,2906800
17410,3093700
17411,3003100
17412,3145500
17413,3142400
17414,2884500
17415,2901700
17416,2903300
17417,3028200
17418,3362300
17419,2794800
17420,3243100
17421,2687800
17422,3064200
17423,3490000
17424,2922500
17425,2815800
17426,3035700
17427,2847900
17428,3094100
17429,3354600
17430,2863100
17431,3293200
17432,2822000
17433,3085800
17434,3359100
17435,2755800
17436,3118900
17437,2802100
17438,2916500
17439,3434700
17440,2899300
17441,3043400
17442,2772800
17443,2949100
17444,3053900
17445,3305100
17446,3376200
17447,2312800
17448,3138400
17449,2889000
17450,3040000
17451,3224500
17452,2943000
17453,2872900
17454,2819900
17455,2921200
17456,3437500
17457,2866200
17458,2730800
17459,2842400
17460,2965300
17461,3107800
17462,3523300
17463,2558800
17464,2845100
17465,2850600
17466,2820900
17467,3125600
17468,3168300
17469,3089400
17470,2796200
17471,2889600
17472,2941500
17473,3388000
17474,2690100
17475,2840000
17476,2892800
17477,2837800
17478,3093600
17479,3098000
17480,3175300
17481,2377400
17482,2865500
17483,2827700
17484,3122000
17485,3218100
17486,2919700
17487,2784700
17488,2886800
17489,2995000
17490,3102100
17491,2789900
17492,2729900
17493,2945800
17494,2982300
17495,2737600
17496,3467500
17497,2668300
17498,2838800
17499,2824600
17500,2873200
17501,2836400
17502,3319200
17503,2709500
17504,2839900
17505,2988900
17506,2785500
17507,3327300
17508,3010500
17509,2775900
17510,3080100
17511,2630400
17512,2915500
17513,3324300
17514,2687100
17515,3355300
17516,2361400
17517,2861800
17518,3439600
17519,2682800
17520,2891500
17521,3024100
17522,2840500
17523,3106600
17524,3397000
17525,2974000
17526,2953900
17527,2686100
17528,2881500
17529,2959900
17530,3303000
17531,2691500
17532,2913500
17533,2818100
17534,2850800
17535,3625600
17536,2760400
17537,2751500
17538,2896600
17539,2825200
17540,3132600
17541,3191000
17542,2880400
17543,2936100
17544,2795500
17545,2920900
17546,3088800
17547,3181600
17548,2697200
17549,3254000
17550,2418200
17551,2976900
17552,3355000
17553,2800000
17554,2746900
17555,2899500
17556,2800500
17557,2962700
17558,3762000
17559,2452600
17560,3064500
17561,2703200
17562,2945800
17563,3053500
17564,3245600
17565,2715100
17566,2799500
17567,2888300
17568,2934800
17569,3440500
17570,2623500
17571,2864400
17572,2908200
17573,2774500
17574,3952200
17575,2947800
17576,2720600
17577,2765700
17578,2700200
17579,2975400
17580,2804800
17581,3183100
17582,2803100
17583,3210000
17584,2380900
17585,2984400
17586,3283900
17587,2804400
17588,2818600
17589,2892300
17590,2835200
17591,3026000
17592,3013900
17593,2883500
17594,2772800
17595,2979900
17596,2857000
17597,2995200
17598,3185700
17599,3020000
17600,3051000
17601,2633400
17602,2838500
17603,3331300
17604,2771600
17605,2853300
17606,2844600
17607,2877700
17608,2879900
17609,3431100
17610,2867000
17611,2849800
17612,2798600
17613,2873200
17614,2914400
17615,3220100
17616,3083100
17617,2569700
17618,3189000
17619,2502300
17620,3625600
17621,2678600
17622,2930200
17623,2709000
17624,2860900
17625,3013600
17626,3097200
17627,3062000
17628,2714500
17629,2762600
17630,2946600
17631,2954600
17632,3339500
17633,2695200
17634,2769300
17635,2827500
17636,2874500
17637,3543300
17638,2916700
17639,2770200
17640,2861400
17641,2837300
17642,2996100
17643,3584700
17644,2733700
17645,2639500
17646,2751200
17647,2833900
17648,3571500
17649,2850500
17650,2795000
17651,2782600
17652,3278600
17653,2408700
17654,3127200
17655,3310900
17656,2873200
17657,2796700
17658,2835000
17659,3112500
17660,3061500
17661,2807400
17662,2885800
17663,2779100
17664,2892200
17665,3007600
17666,3170100
17667,2810900
17668,2764600
17669,2927200
17670,2924600
17671,2840700
17672,3238200
17673,2753400
17674,2847700
17675,3073300
17676,2810800
17677,3564300
17678,2643900
17679,2875900
17680,3056600
17681,2751600
17682,2972400
17683,3336100
17684,2667600
17685,2895900
17686,3335400
17687,2354900
17688,3385200
17689,2747500
17690,2817000
17691,3005100
17692,2719000
17693,3081300
17694,3426600
17695,2736300
17696,2835600
17697,2866500
17698,2863800
17699,2877400
17700,3253800
17701,2770300
17702,2904100
17703,2767000
17704,3001800
17705,3253200
17706,2820100
17707,3109100
17708,2880400
17709,2861700
17710,2804100
17711,3341400
17712,2679600
17713,2852900
17714,2831400
17715,2896800
17716,2966800
17717,3126800
17718,3239400
17719,2862800
17720,3427400
17721,2420600
17722,2865100
17723,3321600
17724,2802400
17725,2845800
17726,2814000
17727,3089100
17728,3539900
17729,2547900
17730,2846600
17731,2942400
17732,2802300
17733,3484800
17734,3166500
17735,2790000
17736,2957100
17737,2861000
17738,3316900
17739,3056200
17740,2769900
17741,2909200
17742,2921700
17743,2925600
17744,3297600
17745,3004500
17746,2893900
17747,2922200
17748,3006100
17749,3150100
17750,3194300
17751,2795200
17752,2855700
17753,3082800
17754,3930800
17755,2571600
17756,2834300
17757,2993700
17758,3019600
17759,3054300
17760,3028900
17761,3569000
17762,2879400
17763,2887700
17764,3051200
17765,3101200
17766,3005200
17767,3204300
17768,3743200
17769,2668200
17770,4421800
17771,5069200
17772,2199200
17773,1884700
17774,2459500
17775,3034200
17776,3000600
17777,3231900
17778,2876700
17779,2970900
17780,2961500
17781,2817700
17782,3487800
17783,2710100
17784,2852800
17785,2926900
17786,2819200
17787,3428300
17788,2911100
17789,3011300
17790,2855400
17791,2937100
17792,2766800
17793,3207100
17794,3165200
17795,2845500
17796,3049500
17797,2655100
17798,2796400
17799,2902700
17800,3228800
17801,3039500
17802,2759600
17803,2606500
17804,3089600
17805,3212600
17806,2670500
17807,3185600
17808,2739200
17809,2735800
17810,2989100
17811,3231500
17812,2803100
17813,2810800
17814,2811400
17815,2796200
17816,3044500
17817,3152600
17818,2650700
17819,2886400
17820,2778700
17821,2777800
17822,3389100
17823,2784300
17824,2703600
17825,2868800
17826,2757800
17827,3288500
17828,2904600
17829,2890400
17830,2802400
17831,2795400
17832,2795300
17833,3067300
17834,3197300
17835,2793500
17836,2819500
17837,2736100
17838,2844900
17839,3181700
17840,3055900
17841,2719400
17842,2770200
17843,2853100
17844,3088300
17845,3165100
17846,2994500
17847,2837700
17848,2780000
17849,2828100
17850,3099200
17851,3036100
17852,2874300
17853,2800400
17854,2865000
17855,2923600
17856,2964800
17857,3090600
17858,2768800
17859,3109800
17860,3141600
17861,2646800
17862,3380000
17863,2814100
17864,2742200
17865,2892900
17866,2932400
17867,3113500
17868,3333600
17869,2736300
17870,2859400
17871,3014100
17872,2714900
17873,3339700
17874,2846900
17875,2752800
17876,3060100
17877,2686600
17878,2996200
17879,3295600
17880,2813400
17881,2879900
17882,2920600
17883,2859900
17884,3023100
17885,3331800
17886,2948800
17887,2872000
17888,2744400
17889,2981100
17890,3383700
17891,2714900
17892,3077100
17893,2627800
17894,2903000
17895,3017100
17896,3198600
17897,2751400
17898,2951300
17899,2767800
17900,2945600
17901,3195500
17902,3206100
17903,2886900
17904,2878000
17905,2782700
17906,3009100
17907,3493100
17908,2813400
17909,2818700
17910,2796600
17911,2911900
17912,2932300
17913,3597000
17914,2780100
17915,2620100
17916,2829100
17917,2840200
17918,2923100
17919,3754300
17920,2976500
17921,2595400
17922,2569400
17923,2744800
17924,3451400
17925,2639200
17926,2852200
17927,2781700
17928,2978500
17929,2989900
17930,3122700
17931,2700900
17932,2896100
17933,2778800
17934,2853500
17935,3121700
17936,3068300
17937,2862600
17938,2777900
17939,2803700
17940,3193100
17941,3295500
17942,2735300
17943,2827000
17944,2830900
17945,3188900
17946,2898900
17947,3237900
17948,2751400
17949,2862000
17950,2978800
17951,2742900
17952,2919000
17953,3131200
17954,2909300
17955,2786800
17956,2826200
17957,3001500
17958,3499100
17959,2692700
17960,2848100
17961,2808300
17962,3021900
17963,2742200
17964,3261100
17965,2769500
17966,2971800
17967,2713300
17968,2939300
17969,2947100
17970,3132600
17971,3043500
17972,2604000
17973,2884300
17974,2909200
17975,3328400
17976,3000700
17977,2922100
17978,2736900
17979,2879500
17980,2918900
17981,3477100
17982,2751900
17983,2914200
17984,2712600
17985,2925100
17986,3366700
17987,2965800
17988,2774900
17989,2663200
17990,2847700
17991,2980400
17992,2818200
17993,3271000
17994,2710700
17995,2905400
17996,2733700
17997,3360400
17998,3205800
17999,2696500
18000,2884900
18001,2795700
18002,2913700
18003,3044200
18004,3089100
18005,2768300
18006,2913300
18007,2744800
18008,3155700
18009,2610000
18010,3379600
18011,2625100
18012,2874500
18013,2884200
18014,3144600
18015,3229300
18016,2812600
18017,2765600
18018,2851500
18019,3221700
18020,2834400
18021,3164500
18022,2857900
18023,2822000
18024,2838900
18025,2909700
18026,3010800
18027,3084500
18028,2804000
18029,2836600
18030,2895000
18031,2829500
18032,3291700
18033,2793300
18034,2824700
18035,2956200
18036,2780700
18037,2978600
18038,3373200
18039,2547400
18040,2883800
18041,3182600
18042,2737000
18043,3343200
18044,2769100
18045,2890600
18046,3200200
18047,2654800
18048,3121200
18049,2935500
18050,2768700
18051,3123900
18052,2602300
18053,2865700
18054,3133200
18055,3070600
18056,2778000
18057,3038700
18058,3433900
18059,3032300
18060,2570000
18061,3094500
18062,2931100
18063,2762700
18064,2803300
18065,2972300
18066,3184200
18067,2731300
18068,3040500
18069,2710800
18070,2966700
18071,3159300
18072,3099000
18073,2985900
18074,2577800
18075,3095000
18076,2918000
18077,3332600
18078,2956200
18079,2698900
18080,2922700
18081,2807000
18082,3099900
18083,3360800
18084,2904900
18085,2794100
18086,2921000
18087,2964100
18088,2938800
18089,3461300
18090,2776100
18091,2882300
18092,3148400
18093,3108700
18094,3574900
18095,2849500
18096,2918900
18097,2925300
18098,2971600
18099,3455100
18100,2971600
18101,2871500
18102,2923400
18103,2934400
18104,3126600
18105,3392400
18106,2887900
18107,2931700
18108,2952100
18109,3222000
18110,3123900
18111,2922900
18112,2914300
18113,2877500
18114,3014400
18115,2958100
18116,3462400
18117,3065300
18118,2955200
18119,3010100
18120,2833000
18121,3423100
18122,2799700
18123,2907500
18124,3091200
18125,2708400
18126,3554900
18127,3001700
18128,2895200
18129,3022500
18130,2886200
18131,2874400
18132,2990500
18133,3273200
18134,3091800
18135,2908700
18136,2794700
18137,3038100
18138,3273000
18139,2776300
18140,2916700
18141,2888400
18142,2863200
18143,2939300
18144,3241500
18145,2983200
18146,2746000
18147,2916300
18148,2877300
18149,3283500
18150,2962100
18151,2868100
18152,2889000
18153,2903300
18154,2839900
18155,3188800
18156,2833300
18157,2885700
18158,2763100
18159,2870200
18160,3047100
18161,3166500
18162,2721700
18163,2829100
18164,2811600
18165,2985200
18166,3422300
18167,2681700
18168,2723600
18169,3140200
18170,2805700
18171,2991700
18172,3221200
18173,2663500
18174,2816700
18175,2824500
18176,2919000
18177,2993700
18178,3099100
18179,2715700
18180,2852200
18181,2792500
18182,2798900
18183,3136300
18184,3014200
18185,2825000
18186,3075800
18187,2785700
18188,3113600
18189,3111200
18190,2698100
18191,2876700
18192,2858400
18193,2917500
18194,2907500
18195,3288900
18196,2675700
18197,2891800
18198,3068900
18199,2794700
18200,3613600
18201,2599000
18202,2744000
18203,3281800
18204,2509800
18205,2885900
18206,3366400
18207,2770900
18208,3097000
18209,2903800
18210,2866500
18211,2986600
18212,3206300
18213,2819000
18214,2994800
18215,2729000
18216,2899700
18217,3426800
18218,2749300
18219,2845700
18220,2871000
18221,2919000
18222,3123700
18223,3043400
18224,2755000
18225,3237300
18226,2761400
18227,2867000
18228,2959800
18229,3282600
18230,2788600
18231,2872000
18232,2811500
18233,2863900
18234,3362600
18235,2917400
18236,2714000
18237,2848200
18238,2851900
18239,3111300
18240,3544300
18241,2622800
18242,3105600
18243,2769400
18244,2886400
18245,3342200
18246,2878600
18247,2762300
18248,2851500
18249,2842600
18250,2982800
18251,3305700
18252,2750300
18253,2847500
18254,2860500
18255,2854300
18256,3300900
18257,3034300
18258,2643900
18259,2838000
18260,2824600
18261,3007700
18262,3063900
18263,3239700
18264,2781400
18265,2633200
18266,2753300
18267,2970400
18268,3220200
18269,2810500
18270,2757200
18271,2859000
18272,2901400
18273,2904500
18274,3508000
18275,2668000
18276,2898500
18277,3082600
18278,2686800
18279,2959000
18280,3148400
18281,2979600
18282,2877000
18283,2804200
18284,2857600
18285,3314600
18286,2951900
18287,2682100
18288,3067900
18289,2755000
18290,3066500
18291,3205700
18292,2843000
18293,2813800
18294,2934600
18295,2858900
18296,2887200
18297,3064000
18298,2710100
18299,2872200
18300,2884400
18301,2773000
18302,3531100
18303,2875600
18304,2924300
18305,2783000
18306,2803300
18307,2937600
18308,3277200
18309,3066200
18310,2798400
18311,2650100
18312,2845500
18313,3132300
18314,3165300
18315,2702600
18316,2779900
18317,2879700
18318,2876500
18319,2962700
18320,3541300
18321,2694100
18322,2875600
18323,2788300
18324,2986900
18325,3174700
18326,2853700
18327,2808400
18328,2834600
18329,2822200
18330,3066100
18331,3479800
18332,2609200
18333,2688800
18334,2824400
18335,2813300
18336,3113300
18337,3407300
18338,2719800
18339,2780800
18340,2900700
18341,2924400
18342,3393500
18343,2703400
18344,2838600
18345,2804100
18346,2869200
18347,3120600
18348,3044800
18349,2755100
18350,2892600
18351,2849300
18352,2810900
18353,3303500
18354,3235000
18355,3036000
18356,2796000
18357,2753400
18358,3136900
18359,3141300
18360,2696700
18361,2902500
18362,2807800
18363,2853100
18364,3018100
18365,3199400
18366,2802200
18367,2806800
18368,2930400
18369,2742700
18370,2998500
18371,3193700
18372,2766400
18373,2833300
18374,2930300
18375,3173900
18376,3254500
18377,2668600
18378,2851300
18379,2842200
18380,2845500
18381,2910200
18382,3326600
18383,2670300
18384,3199400
18385,2862100
18386,2836700
18387,3347400
18388,2674000
18389,2804500
18390,2891400
18391,2761300
18392,3210400
18393,2969200
18394,3042100
18395,2826200
18396,2861300
18397,2838000
18398,2868900
18399,3355300
18400,2832200
18401,2985500
18402,2983100
18403,2609200
18404,3341400
18405,2908100
18406,2586300
18407,2825700
18408,2885100
18409,3019200
18410,3316900
18411,2757400
18412,2833400
18413,2902500
18414,2771600
18415,3267100
18416,3044800
18417,2715500
18418,2915800
18419,2823600
18420,3168600
18421,3477400
18422,2885000
18423,2905300
18424,2857400
18425,2933500
18426,3409800
18427,3066600
18428,2887200
18429,2859900
18430,2949700
18431,2850300
18432,3385800
18433,2998200
18434,2947600
18435,2898900
18436,3274100
18437,3143900
18438,3126800
18439,2855100
18440,3022000
18441,2860200
18442,3084200
18443,3428300
18444,2769900
18445,2934500
18446,2999900
18447,2971100
18448,3152300
18449,3589500
18450,3313400
18451,2246500
18452,4502400
18453,4561200
18454,2491500
18455,1804800
18456,2579700
18457,2993900
18458,2908800
18459,3484000
18460,2764700
18461,2884800
18462,2894300
18463,2893600
18464,2855600
18465,3797100
18466,2454100
18467,2988900
18468,2837000
18469,2845000
18470,3097000
18471,3079600
18472,2921400
18473,2869400
18474,3087600
18475,2823800
18476,2947900
18477,3278400
18478,3011100
18479,2671700
18480,2832000
18481,2844800
18482,3318900
18483,2942500
18484,2744700
18485,2783500
18486,2832800
18487,3063900
18488,3193000
18489,2886700
18490,2670500
18491,2884800
18492,3135800
18493,3186400
18494,2891400
18495,2776100
18496,2801700
18497,2828000
18498,2951900
18499,3624300
18500,2643300
18501,2734300
18502,2823700
18503,2841300
18504,3016000
18505,3211500
18506,2848900
18507,2741600
18508,2841600
18509,2769800
18510,3145400
18511,2984100
18512,2834000
18513,2800100
18514,2832200
18515,2797100
18516,3439600
18517,2708300
18518,2812800
18519,2837000
18520,2801700
18521,3043400
18522,3178000
18523,2823300
18524,2810400
18525,2817500
18526,3257400
18527,2700100
18528,3081600
18529,2802400
18530,2850400
18531,3137200
18532,2883300
18533,3567700
18534,2756300
18535,2755400
18536,2942800
18537,2826400
18538,2936300
18539,3483200
18540,2720700
18541,2963900
18542,2811300
18543,2862900
18544,3088700
18545,3216200
18546,2786900
18547,2952300
18548,3102600
18549,2972800
18550,3331600
18551,2655300
18552,2907200
18553,2838700
18554,2875500
18555,3024300
18556,3244000
18557,2750300
18558,2908000
18559,2829100
18560,2865500
18561,3382700
18562,2764700
18563,3109400
18564,2641200
18565,3146500
18566,3020400
18567,3191200
18568,3009900
18569,2703600
18570,2876500
18571,2851800
18572,3129800
18573,3218300
18574,2841500
18575,2836100
18576,2853600
18577,2898400
18578,3373900
18579,2949300
18580,2707200
18581,2818200
18582,3167400
18583,2953400
18584,3348500
18585,2721000
18586,2818400
18587,2862000
18588,2844600
18589,3076900
18590,3189400
18591,2724500
18592,2854600
18593,2824500
18594,3056700
18595,3492500
18596,2604100
18597,2731900
18598,2777500
18599,2854900
18600,3046300
18601,3095600
18602,2904300
18603,2805100
18604,2779200
18605,3231900
18606,3634600
18607,2540900
18608,2629300
18609,2720500
18610,3005900
18611,2728300
18612,2978800
18613,3163900
18614,2719300
18615,3072800
18616,2595800
18617,2914700
18618,3259200
18619,2879700
18620,2712100
18621,2900500
18622,2811100
18623,3077300
18624,3199500
18625,2787300
18626,3054400
18627,2793100
18628,2900800
18629,3255600
18630,2956800
18631,2972700
18632,2592800
18633,2859000
18634,2891800
18635,3240600
18636,3049500
18637,2547400
18638,2787400
18639,2876700
18640,3083100
18641,3045300
18642,2883200
18643,3062700
18644,2720900
18645,2883400
18646,3249400
18647,3136100
18648,2731500
18649,2907600
18650,2755200
18651,2980500
18652,3502000
18653,2592300
18654,2697100
18655,2786500
18656,2916800
18657,2993500
18658,3196800
18659,2698300
18660,3113600
18661,2814400
18662,2814000
18663,3129000
18664,3155300
18665,2672300
18666,2843600
18667,2873400
18668,3004200
18669,3222900
18670,2713200
18671,2902200
18672,2807000
18673,3149600
18674,2937700
18675,2957100
18676,2811200
18677,2746000
18678,2861100
18679,3050900
18680,3118600
18681,3063300
18682,3040800
18683,2837000
18684,2929600
18685,2891100
18686,3317500
18687,2662400
18688,2833500
18689,3103800
18690,2610900
18691,2906800
18692,3311500
18693,2765600
18694,2791300
18695,2853500
18696,2823800
18697,2955200
18698,3281300
18699,2995300
18700,2943900
18701,2693800
18702,2903500
18703,3337600
18704,2791800
18705,2812800
18706,2868300
18707,2834800
18708,2910900
18709,3278000
18710,2721300
18711,2987200
18712,2732800
18713,2830300
18714,3084700
18715,3159500
18716,2763200
18717,3175500
18718,2770500
18719,2949800
18720,3508800
18721,2688300
18722,3210000
18723,2677700
18724,2946800
18725,2686500
18726,3284700
18727,2863100
18728,2717300
18729,2842300
18730,2778700
18731,3357400
18732,2824000
18733,2913400
18734,3034000
18735,2943100
18736,2828100
18737,3324100
18738,2834600
18739,2706900
18740,2846600
18741,2893200
18742,2846600
18743,3474000
18744,2963500
18745,2768200
18746,2969000
18747,2721600
18748,2898700
18749,3409800
18750,2741000
18751,3007200
18752,2848800
18753,3118200
18754,3196900
18755,2787500
18756,2873700
18757,2797600
18758,2936600
18759,3313400
18760,3328700
18761,2620100
18762,2841700
18763,2923800
18764,2951800
18765,3336700
18766,2942400
18767,2791700
18768,2959700
18769,3131700
18770,2971500
18771,3168800
18772,3060700
18773,2968400
18774,3204800
18775,2675900
18776,3447800
18777,2833500
18778,2970800
18779,2895100
18780,3004100
18781,2944000
18782,3445000
18783,2854500
18784,2906300
18785,2900600
18786,2926700
18787,3037100
18788,3271100
18789,2940300
18790,3034800
18791,2762200
18792,3232400
18793,3404900
18794,3074200
18795,3057700
18796,2746000
18797,2903900
18798,3427300
18799,2782400
18800,2961400
18801,2854000
18802,2913000
18803,3092900
18804,3665700
18805,2370500
18806,2909500
18807,2909600
18808,2817400
18809,3521200
18810,3104300
18811,2793300
18812,2870900
18813,2809400
18814,2929900
18815,3452200
18816,2855800
18817,2726300
18818,2907000
18819,2819300
18820,3018200
18821,3538900
18822,2452600
18823,2836100
18824,2939600
18825,2779800
18826,3063300
18827,3305800
18828,2914800
18829,2800700
18830,2876900
18831,2911600
18832,3601400
18833,2613600
18834,2855500
18835,2814900
18836,2892700
18837,3059400
18838,3149100
18839,2727900
18840,2835300
18841,2802500
18842,2796700
18843,3014100
18844,3144600
18845,2720500
18846,2890100
18847,2802900
18848,3065200
18849,3275800
18850,2702100
18851,2844100
18852,2816500
18853,3048200
18854,2764500
18855,3273000
18856,2667800
18857,2812800
18858,3103800
18859,2576300
18860,3082200
18861,3178400
18862,2646000
18863,2895400
18864,2818600
18865,2853000
18866,3552500
18867,3132400
18868,2715900
18869,2919000
18870,2761700
18871,2955700
18872,3206700
18873,2887600
18874,3057500
18875,2607400
18876,2804400
18877,3182200
18878,3154500
18879,2841100
18880,2914400
18881,2716300
18882,2961500
18883,3304600
18884,2761400
18885,3066300
18886,2665800
18887,2772900
18888,3168100
18889,3056300
18890,3003700
18891,2616700
18892,2864400
18893,3042900
18894,3000600
18895,3209600
18896,2877000
18897,2803300
18898,2828600
18899,2871500
18900,3345300
18901,2819600
18902,2818400
18903,2834900
18904,2833700
18905,3096900
18906,3379200
18907,2742800
18908,2867900
18909,2790100
18910,3048200
18911,3428900
18912,2850900
18913,2788300
18914,2869200
18915,2793100
18916,2992700
18917,3381700
18918,2717000
18919,2787300
18920,2862200
18921,2910400
18922,3321800
18923,2944500
18924,2827400
18925,2783400
18926,2816700
18927,2811900
18928,3114700
18929,3128100
18930,2904100
18931,2757600
18932,2865000
18933,3240400
18934,2913900
18935,2753000
18936,2889100
18937,2824000
18938,2914100
18939,3517600
18940,2920000
18941,2731900
18942,2789300
18943,2785200
18944,2865200
18945,2915200
18946,3227900
18947,2856000
18948,2746300
18949,3179500
18950,3166800
18951,3038600
18952,2628000
18953,2694800
18954,2979300
18955,2716400
18956,2871200
18957,3161500
18958,2921300
18959,2794400
18960,3035200
18961,2664400
18962,3191900
18963,3315900
18964,2710900
18965,3019100
18966,2682500
18967,2831400
18968,3340800
18969,2784400
18970,2837600
18971,2854500
18972,2838100
18973,2943900
18974,3345900
18975,2722800
18976,2958100
18977,2722400
18978,2814900
18979,3154200
18980,3100900
18981,2970300
18982,2622600
18983,2850400
18984,3150600
18985,3362200
18986,2723000
18987,2901500
18988,2818900
18989,2846000
18990,2954000
18991,3323300
18992,2692100
18993,2790700
18994,2835600
18995,2806200
18996,2987300
18997,3591500
18998,2555200
18999,2704800
19000,2861200
19001,3162900
19002,3309900
19003,2868800
19004,2689700
19005,2919500
19006,2826300
19007,2879800
19008,3637000
19009,2443800
19010,2867200
19011,2803600
19012,2950400
19013,2806000
19014,3654400
19015,2489900
19016,2773500
19017,2871400
19018,2811700
19019,3243500
19020,3204500
19021,2747500
19022,2843400
19023,3117400
19024,2978600
19025,3222100
19026,2736300
19027,2873800
19028,2873900
19029,2970700
19030,2930700
19031,3173500
19032,2665500
19033,2888000
19034,2988000
19035,2678200
19036,3115100
19037,3043100
19038,2751000
19039,2906200
19040,3135000
19041,2912900
19042,3338800
19043,2658900
19044,2889300
19045,2862400
19046,2801000
19047,2947500
19048,3268400
19049,2709300
19050,3016100
19051,2718700
19052,2834700
19053,3252200
19054,3090900
19055,2777800
19056,3040000
19057,2993900
19058,3033600
19059,3156600
19060,2746700
19061,3168400
19062,2745500
19063,2919900
19064,2891600
19065,3024400
19066,2795300
19067,2863800
19068,2842500
19069,2944200
19070,2777800
19071,3226200
19072,3033000
19073,2632500
19074,3051300
19075,2929600
19076,3300400
19077,2791800
19078,2791300
19079,2830000
19080,2870300
19081,2995900
19082,3338200
19083,2904500
19084,2855300
19085,2848700
19086,2890700
19087,3282300
19088,2890400
19089,2750500
19090,2816000
19091,2896700
19092,2980400
19093,3428700
19094,2760700
19095,3050800
19096,2726900
19097,2840900
19098,3308200
19099,3071200
19100,3166300
19101,2780700
19102,2926900
19103,3110200
19104,3249400
19105,2843800
19106,2925100
19107,2859600
19108,3088100
19109,2946000
19110,3196400
19111,2860000
19112,2913800
19113,3008400
19114,3208500
19115,3144900
19116,2769100
19117,3202900
19118,2972400
19119,3118000
19120,2760200
19121,3306100
19122,2870300
19123,3089100
19124,2756900
19125,3114700
19126,3501600
19127,2764000
19128,2969600
19129,2907700
19130,2994500
19131,3299900
19132,3555400
19133,3249600
19134,2232400
19135,4199200
19136,4714100
19137,2389000
19138,1889100
19139,2296800
19140,2938700
19141,2877300
19142,3089800
19143,3696800
19144,2428600
19145,3007300
19146,2789200
19147,2971800
19148,3333800
19149,2919200
19150,2751600
19151,2936600
19152,2932800
19153,3054200
19154,3201000
19155,3101600
19156,2908500
19157,2811700
19158,2822900
19159,3390000
19160,2853600
19161,2952500
19162,2750700
19163,2826400
19164,2921200
19165,3542500
19166,3055600
19167,2566300
19168,2871400
19169,2813400
19170,3121300
19171,3124900
19172,3148500
19173,2707100
19174,2881500
19175,2841800
19176,3458400
19177,2788600
19178,2715400
19179,2799500
19180,2832700
19181,2991700
19182,3269700
19183,2695100
19184,2798000
19185,2805100
19186,2839100
19187,3028400
19188,3272300
19189,2891900
19190,2857100
19191,2786200
19192,2846100
19193,3378200
19194,2788700
19195,2764000
19196,2839600
19197,2827400
19198,2836900
19199,3443500
19200,2727600
19201,2821600
19202,2810700
19203,2792000
19204,3094800
19205,3273300
19206,2795200
19207,2882400
19208,2821600
19209,2812200
19210,3069200
19211,3508800
19212,2705700
19213,2832600
19214,2861900
19215,2992200
19216,3452200
19217,2683600
19218,2867300
19219,2863000
19220,2890100
19221,2878200
19222,3289000
19223,2768900
19224,2842900
19225,2877800
19226,2851200
19227,3414000
19228,3017300
19229,2724200
19230,3119100
19231,2572000
19232,2951900
19233,3297100
19234,2725200
19235,2889300
19236,2862000
19237,2841700
19238,3405400
19239,2818500
19240,2798100
19241,2808800
19242,2838800
19243,2944500
19244,3037000
19245,3145800
19246,3132000
19247,2692100
19248,2931100
19249,2919500
19250,3230400
19251,2695000
19252,2993900
19253,2735100
19254,2857200
19255,2938900
19256,3299100
19257,2808100
19258,2747900
19259,2846300
19260,2881000
19261,3001700
19262,3423400
19263,2558900
19264,2801600
19265,2886900
19266,2872300
19267,3403300
19268,2943600
19269,2759500
19270,2863200
19271,2803000
19272,2974700
19273,3402900
19274,2645400
19275,2736200
19276,2893700
19277,2750800
19278,3624100
19279,3047400
19280,2607400
19281,2843000
19282,2879300
19283,2825700
19284,3356900
19285,2712700
19286,2822300
19287,2862400
19288,2860000
19289,2913200
19290,3246600
19291,2677700
19292,2903300
19293,2820300
19294,2989700
19295,3419900
19296,2696400
19297,2915300
19298,2701100
19299,2767700
19300,2981800
19301,3310700
19302,2967300
19303,2806100
19304,2887500
19305,2769500
19306,2957600
19307,3281900
19308,2760100
19309,2861400
19310,3030200
19311,2659900
19312,3161300
19313,3225900
19314,2729300
19315,2860800
19316,2827100
19317,2812200
19318,3351200
19319,2794200
19320,2848200
19321,2934800
19322,2737100
19323,3099900
19324,3344100
19325,2792900
19326,2858900
19327,2801800
19328,2827400
19329,3314000
19330,2776300
19331,3079100
19332,2623700
19333,2864300
19334,2841700
19335,3307000
19336,2958400
19337,2745300
19338,2758200
19339,2857800
19340,3080800
19341,3271900
19342,2841900
19343,2738400
19344,2885100
19345,2770500
19346,3101700
19347,3337600
19348,2656900
19349,2843400
19350,2804200
19351,2830600
19352,3607000
19353,2654600
19354,2788500
19355,2835300
19356,2878900
19357,3069000
19358,3638700
19359,2545900
19360,2758800
19361,2818800
19362,2862100
19363,2954900
19364,3270600
19365,2652700
19366,2885800
19367,2844600
19368,2870200
19369,3444000
19370,2669700
19371,2868000
19372,2864800
19373,2835100
19374,2968800
19375,3231800
19376,2693400
19377,2905400
19378,2860900
19379,2825100
19380,3182700
19381,3048400
19382,2819900
19383,2761900
19384,3175200
19385,2878600
19386,3526000
19387,2743100
19388,2792700
19389,2930400
19390,2957000
19391,2969300
19392,3193200
19393,2978600
19394,2892900
19395,2864300
19396,2786200
19397,2998600
19398,3175900
19399,2819000
19400,3141200
19401,2949400
19402,2735200
19403,2917800
19404,2993200
19405,2773400
19406,2910400
19407,2730200
19408,3137800
19409,3033800
19410,2822300
19411,2995100
19412,2663900
19413,2828700
19414,3101700
19415,3077900
19416,3096200
19417,2668900
19418,2752800
19419,3116800
19420,3434800
19421,2754200
19422,3027600
19423,2946200
19424,3078400
19425,2917600
19426,3243800
19427,2882900
19428,2801100
19429,2933900
19430,2781200
19431,2908000
19432,3533500
19433,2635100
19434,2895600
19435,2850500
19436,3253400
19437,3223800
19438,2814200
19439,2830800
19440,3077900
19441,2860300
19442,3017300
19443,3293600
19444,2831700
19445,2918900
19446,2880500
19447,2943100
19448,3583700
19449,2810200
19450,2815100
19451,2914200
19452,2868300
19453,3348900
19454,2991200
19455,2873300
19456,2903500
19457,3176300
19458,3030700
19459,3039500
19460,3179500
19461,2865700
19462,2962700
19463,2875800
19464,3423900
19465,3090800
19466,2817300
19467,2916000
19468,2911900
19469,3082000
19470,3337900
19471,2799100
19472,2907900
19473,2944200
19474,3231200
19475,2836600
19476,3099200
19477,2852500
19478,3125100
19479,2900300
19480,3062700
19481,3318800
19482,3310300
19483,2411600
19484,2941700
19485,2911100
19486,3042300
19487,3213100
19488,2868900
19489,2814700
19490,3052500
19491,2879000
19492,2995100
19493,3145900
19494,2839300
19495,3134700
19496,3022900
19497,2897400
19498,3458000
19499,2749100
19500,2917900
19501,2879900
19502,2846800
19503,3087700
19504,3146700
19505,2740000
19506,3039100
19507,2765100
19508,2856100
19509,3388400
19510,2695700
19511,2901000
19512,3269800
19513,2688300
19514,3087400
19515,3135400
19516,3179600
19517,2456600
19518,2846000
19519,2789500
19520,3110200
19521,3035900
19522,3000300
19523,2679800
19524,2879600
19525,2774000
19526,3403600
19527,2706200
19528,3092100
19529,2711900
19530,3017400
19531,2900000
19532,3376100
19533,2824000
19534,2784400
19535,2851000
19536,2780200
19537,2973600
19538,3242600
19539,2810600
19540,2927200
19541,2682700
19542,2885300
19543,3346500
19544,2898600
19545,2676100
19546,2932600
19547,2737400
19548,3123500
19549,3150300
19550,2824500
19551,3529400
19552,2290500
19553,2910200
19554,3085100
19555,3321200
19556,2705300
19557,2742700
19558,2850300
19559,2812400
19560,3167400
19561,3324300
19562,2692100
19563,2877300
19564,2744100
19565,3100500
19566,3285400
19567,2740500
19568,2768400
19569,3103700
19570,2869300
19571,2971500
19572,3459200
19573,2720100
19574,2819100
19575,2848400
19576,2814200
19577,3422400
19578,2739400
19579,2786100
19580,2802000
19581,2941100
19582,3015100
19583,3222800
19584,2683000
19585,2874500
19586,3198100
19587,2399600
19588,2976300
19589,3261000
19590,2745900
19591,2902000
19592,2791700
19593,2947800
19594,3137700
19595,3084800
19596,2804700
19597,2827500
19598,3027400
19599,2703900
19600,3388600
19601,2694200
19602,2896900
19603,2793100
19604,2885400
19605,3380800
19606,3004200
19607,2838300
19608,3107900
19609,2902500
19610,2967100
19611,3212600
19612,2722100
19613,2869100
19614,2877500
19615,2818200
19616,2856200
19617,3321800
19618,2755800
19619,3158400
19620,3259700
19621,2216800
19622,2995700
19623,3110000
19624,2778600
19625,2851400
19626,2860500
19627,2856600
19628,3399700
19629,2731000
19630,2965300
19631,2714800
19632,2901200
19633,2984500
19634,3153700
19635,3055900
19636,2641600
19637,2815800
19638,2835000
19639,2843400
19640,3332900
19641,3250000
19642,3256200
19643,2648700
19644,2570100
19645,3479600
19646,2774700
19647,2823000
19648,2778700
19649,2874900
19650,2881000
19651,3429000
19652,2635100
19653,2896800
19654,2955700
19655,3104500
19656,2424200
19657,3317000
19658,2741100
19659,2847900
19660,2894900
19661,2737100
19662,3150600
19663,3131600
19664,3007400
19665,2921300
19666,2760800
19667,3068300
19668,3173200
19669,2701300
19670,2883000
19671,2897700
19672,2723400
19673,3070500
19674,3192600
19675,2754300
19676,2920500
19677,2763000
19678,2976700
19679,3301500
19680,2746200
19681,2813100
19682,2883800
19683,3234300
19684,2538700
19685,2797000
19686,3419700
19687,2867300
19688,3055400
19689,2581200
19690,4019200
19691,2167800
19692,2839800
19693,2862300
19694,2774200
19695,2884100
19696,2887100
19697,3266100
19698,2800800
19699,3079600
19700,2862100
19701,2673400
19702,3276800
19703,3121600
19704,2983200
19705,2621500
19706,2857000
19707,2993300
19708,3264800
19709,2730400
19710,2931900
19711,2749900
19712,2888600
19713,2955200
19714,3162000
19715,3049300
19716,2653300
19717,2863800
19718,2852200
19719,3633200
19720,3037800
19721,2875700
19722,2766100
19723,2917300
19724,3322900
19725,2840400
19726,2840600
19727,2923100
19728,2742100
19729,2885200
19730,3422100
19731,2770000
19732,2958200
19733,2818400
19734,2736400
19735,2971700
19736,3836500
19737,2835600
19738,2865700
19739,2621000
19740,2863300
19741,3253100
19742,2943100
19743,2887100
19744,2776700
19745,2898300
19746,2840500
19747,3402400
19748,2814600
19749,2884600
19750,2816000
19751,2796300
19752,3179300
19753,3092300
19754,2875000
19755,2825800
19756,2852300
19757,3033700
19758,3930900
19759,2487500
19760,2778300
19761,2920800
19762,3032500
19763,3215600
19764,3333100
19765,2737800
19766,2796900
19767,2839600
19768,2983700
19769,2986900
19770,3271400
19771,2733100
19772,2960000
19773,2977100
19774,2812400
19775,3062700
19776,3547000
19777,2883700
19778,3006200
19779,2706500
19780,3069400
19781,3252000
19782,2813400
19783,2954900
19784,2926300
19785,2907700
19786,3192900
19787,3081300
19788,2877400
19789,3179000
19790,2843000
19791,2949200
19792,3650200
19793,2462000
19794,3289800
19795,2867000
19796,2662200
19797,3326100
19798,3283500
19799,2947700
19800,2850500
19801,2883300
19802,3239300
19803,3092400
19804,2915800
19805,2825900
19806,2898600
19807,3085400
19808,2873200
19809,3378900
19810,2772000
19811,2900500
19812,2922300
19813,3273800
19814,4132600
19815,2290800
19816,2897400
19817,4008900
19818,3436400
19819,2155700
19820,1995300
19821,2851000
19822,2926000
19823,2897800
19824,2820800
19825,3225900
19826,3462100
19827,2331700
19828,2898300
19829,2890100
19830,3362000
19831,3167900
19832,2709400
19833,2932700
19834,2785500
19835,3352300
19836,2748200
19837,3277700
19838,2855600
19839,2758800
19840,2933300
19841,2984700
19842,3245000
19843,2712800
19844,2959800
19845,2696700
19846,3173800
19847,2662900
19848,3273000
19849,2722800
19850,2957800
19851,3044500
19852,2661400
19853,2995200
19854,3069600
19855,2814400
19856,3065200
19857,2834300
19858,2813000
19859,3272300
19860,3208100
19861,2464800
19862,2853100
19863,2779200
19864,2908300
19865,3438500
19866,2710400
19867,3032100
19868,2617400
19869,2943500
19870,3068000
19871,2944700
19872,2854000
19873,2866800
19874,3131700
19875,2789700
19876,3363100
19877,2735700
19878,2933500
19879,2753300
19880,2836300
19881,3018400
19882,3187400
19883,2891800
19884,2778300
19885,2815100
19886,3025800
19887,2995300
19888,3095600
19889,3109700
19890,2659900
19891,3110200
19892,2870800
19893,3406400
19894,3336400
19895,2357800
19896,2800300
19897,3018100
19898,2971100
19899,3534000
19900,2713000
19901,2930800
19902,2744100
19903,2917200
19904,3678200
19905,2637500
19906,2881000
19907,2844000
19908,2865100
19909,3068200
19910,3266300
19911,2777100
19912,3103500
19913,2875000
19914,2855200
19915,3144700
19916,3069500
19917,2922400
19918,2781300
19919,2937100
19920,2909800
19921,3365400
19922,2834100
19923,2803900
19924,2975800
19925,2810300
19926,3128400
19927,3130100
19928,3221300
19929,2532500
19930,3113500
19931,3068800
19932,3225000
19933,2856600
19934,2814400
19935,2846700
19936,3001100
19937,2895600
19938,3383400
19939,2826700
19940,2815800
19941,2942400
19942,2943900
19943,2841500
19944,3352600
19945,2724800
19946,2907000
19947,3262400
19948,2537600
19949,3279900
19950,2788800
19951,3063100
19952,2963400
19953,2705900
19954,3066900
19955,3167700
19956,2765700
19957,2878700
19958,3270300
19959,2555200
19960,2908000
19961,3141800
19962,3207300
19963,2552600
19964,2690900
19965,2872500
19966,2893500
19967,3302700
19968,2974700
19969,2629700
19970,2762400
19971,2994200
19972,3201600
19973,2914300
19974,2848300
19975,2772100
19976,2893900
19977,3092700
19978,3244200
19979,2971300
19980,2742500
19981,3070600
19982,2837800
19983,3257700
19984,2977100
19985,2914300
19986,2877100
19987,2857300
19988,2808300
19989,3108100
19990,2993100
19991,2654000
19992,2847200
19993,2747700
19994,2985200
19995,3298500
19996,2686900
19997,3182300
19998,2464400
19999,2859300
20000,3507000
20001,2701100
20002,2736600
20003,2809600
20004,2889600
20005,3104000
20006,3307900
20007,2857100
20008,2738700
20009,2854200
20010,2845900
20011,3164900
20012,3061200
20013,2766800
20014,2831900
20015,2836100
20016,3209200
20017,3184900
20018,2804800
20019,2762600
20020,2821300
20021,2855500
20022,3123800
20023,3174500
20024,2787500
20025,3071600
20026,2862300
20027,2958000
20028,2822500
20029,3304200
20030,2789300
20031,3219300
20032,2456400
20033,2803500
20034,3406300
20035,2788700
20036,2812500
20037,2820300
20038,2919200
20039,3088900
20040,3132600
20041,2715100
20042,3097800
20043,3157800
20044,2614300
20045,2873000
20046,3380800
20047,2690100
20048,2834100
20049,2804900
20050,2899600
20051,3460400
20052,2749600
20053,2834700
20054,2820000
20055,2800300
20056,2921400
20057,3434700
20058,2640800
20059,3033500
20060,2708800
20061,2886400
20062,2993900
20063,3182200
20064,3178800
20065,2620000
20066,3251100
20067,2450800
20068,3196800
20069,3297300
20070,2701400
20071,2778400
20072,2938400
20073,2883900
20074,3117100
20075,3127600
20076,2685900
20077,2962100
20078,2603000
20079,3102800
20080,3299400
20081,2881400
20082,2822600
20083,2781000
20084,2960600
20085,2883000
20086,3265300
20087,2834500
20088,2905200
20089,2858500
20090,3114300
20091,3432300
20092,2796600
20093,2840000
20094,2902400
20095,2925600
20096,3154400
20097,3067600
20098,3160300
20099,2824000
20100,3492500
20101,2707700
20102,3403800
20103,3176900
20104,2606000
20105,2839600
20106,2963900
20107,3080000
20108,3163800
20109,2770200
20110,2959200
20111,2934100
20112,3142500
20113,3279600
20114,2836600
20115,2840200
20116,3060600
20117,3714700
20118,2637200
20119,3015000
20120,2865500
20121,2897400
20122,3022700
20123,2847800
20124,3671300
20125,2843200
20126,2969100
20127,3077800
20128,2817800
20129,2955500
20130,3283700
20131,2997200
20132,3086500
20133,2725600
20134,3580900
20135,2904300
20136,3094100
20137,2992800
20138,2949700
20139,2867100
20140,3023400
20141,3187500
20142,2953100
20143,2910800
20144,2860200
20145,3120100
20146,3262100
20147,2911100
20148,3020800
20149,2733800
20150,2950700
20151,2911500
20152,3383900
20153,3035300
20154,2797200
20155,2704100
20156,2976300
20157,3730200
20158,2935500
20159,2660800
20160,2868400
20161,2882000
20162,3053300
20163,3357500
20164,2830200
20165,2775800
20166,2876800
20167,2928400
20168,3433000
20169,2811600
20170,2721700
20171,2859300
20172,2824600
20173,2969900
20174,3653900
20175,2508000
20176,2833100
20177,2853700
20178,2790800
20179,2994000
20180,3302500
20181,2680100
20182,2831300
20183,2868100
20184,2721400
20185,3225000
20186,2966400
20187,2732800
20188,2829400
20189,2858700
20190,2852900
20191,3627600
20192,2614500
20193,2808400
20194,2808500
20195,2778100
20196,3109400
20197,3071100
20198,2707900
20199,2794000
20200,2890200
20201,2690700
20202,3370600
20203,3060400
20204,2747700
20205,2813000
20206,2839600
20207,2953800
20208,2784100
20209,3202800
20210,2810800
20211,2869400
20212,2842700
20213,3294300
20214,3156200
20215,2734300
20216,2860000
20217,2794700
20218,2958400
20219,2893400
20220,3183900
20221,2840300
20222,2827800
20223,2912300
20224,2824000
20225,2913100
20226,3187800
20227,2789300
20228,3243000
20229,2601200
20230,3022700
20231,3326300
20232,2745400
20233,2850800
20234,2950700
20235,3121800
20236,3077200
20237,3228600
20238,2844600
20239,2942800
20240,2704400
20241,3023200
20242,3167500
20243,2842400
20244,2841400
20245,2827800
20246,2881300
20247,3099300
20248,3183200
20249,2736200
20250,2854200
20251,2838300
20252,3195100
20253,2819800
20254,3251000
20255,3033700
20256,2658700
20257,2860300
20258,2923900
20259,3321500
20260,2784200
20261,2857700
20262,2883100
20263,2821500
20264,2979300
20265,3252700
20266,2885500
20267,2755700
20268,2893800
20269,2881300
20270,3044700
20271,3473800
20272,2595500
20273,2776300
20274,3128900
20275,3004700
20276,3627200
20277,2705700
20278,2770700
20279,2797900
20280,2949600
20281,3192100
20282,3314800
20283,2778000
20284,2855900
20285,2912900
20286,2784300
20287,3546600
20288,2613000
20289,2779800
20290,2841600
20291,2852700
20292,2955700
20293,3242100
20294,2747900
20295,2847500
20296,2808100
20297,2925300
20298,3334600
20299,2917500
20300,2708900
20301,2807200
20302,2889200
20303,2782800
20304,3064400
20305,3103700
20306,2792200
20307,2822000
20308,2877800
20309,3079200
20310,3081300
20311,2710100
20312,2902000
20313,2824700
20314,2928500
20315,2894000
20316,3468500
20317,2718700
20318,2877200
20319,2863700
20320,2821800
20321,2997600
20322,3059500
20323,2904600
20324,2875800
20325,3005100
20326,2725400
20327,3264400
20328,2774700
20329,2860000
20330,3471100
20331,2683900
20332,3169700
20333,3059300
20334,2589000
20335,2763900
20336,2943900
20337,2795800
20338,2876300
20339,3255600
20340,2777500
20341,3154600
20342,2591500
20343,2899800
20344,3395200
20345,2672000
20346,2831700
20347,3228800
20348,2719700
20349,3037600
20350,3419800
20351,2711800
20352,2954700
20353,2727900
20354,2903100
20355,3321700
20356,2783900
20357,3083800
20358,2637300
20359,2811300
20360,2892100
20361,3064400
20362,3081800
20363,2756600
20364,3124200
20365,2852800
20366,2877800
20367,3203900
20368,2888700
20369,2779600
20370,2879600
20371,2841200
20372,2967600
20373,3200000
20374,2808900
20375,2852200
20376,2845300
20377,2860400
20378,3319100
20379,3028300
20380,2592000
20381,2819300
20382,3016500
20383,3055800
20384,3508400
20385,2963200
20386,2652400
20387,2716500
20388,2834300
20389,3373600
20390,2803600
20391,2824600
20392,2826800
20393,2825700
20394,2836600
20395,2890800
20396,3336300
20397,2771500
20398,2812500
20399,2863600
20400,3050200
20401,3122800
20402,2762600
20403,3101600
20404,2861200
20405,2811200
20406,3036300
20407,3108000
20408,2937200
20409,2696500
20410,2873900
20411,2845300
20412,4013700
20413,2395600
20414,2912600
20415,2638500
20416,2775500
20417,3641100
20418,2632000
20419,2787100
20420,2773100
20421,3190500
20422,3054800
20423,2840300
20424,3276800
20425,2792500
20426,2845400
20427,2931300
20428,2983300
20429,3208200
20430,2773500
20431,2792300
20432,2824500
20433,2898900
20434,2976800
20435,3140200
20436,2896800
20437,2777300
20438,3114500
20439,2737200
20440,3090200
20441,3131000
20442,3106100
20443,3088400
20444,2955000
20445,3111400
20446,3104200
20447,2770700
20448,2862900
20449,3067900
20450,2777300
20451,3012000
20452,3287700
20453,2808400
20454,3070100
20455,2843300
20456,3090900
20457,3202600
20458,3048400
20459,3233200
20460,2891800
20461,2951000
20462,3028000
20463,3348200
20464,3257000
20465,2666600
20466,2782300
20467,3079600
20468,3380300
20469,2995000
20470,2734800
20471,2915800
20472,2968600
20473,3044500
20474,3239600
20475,3000600
20476,2869000
20477,2863800
20478,3228000
20479,2789000
20480,3521100
20481,2875600
20482,2869300
20483,3057400
20484,3148300
20485,3083800
20486,2801100
20487,2926400
20488,3058300
20489,3065300
20490,2759400
20491,3158100
20492,2921500
20493,2790700
20494,2882500
20495,3350100
20496,3479300
20497,3341300
20498,2922400
20499,3990900
20500,3843900
20501,2187800
20502,1818100
20503,2799700
20504,2817400
20505,2936300
20506,2907600
20507,3624600
20508,2439300
20509,2890700
20510,3045000
20511,2704700
20512,3054100
20513,3128500
20514,3031800
20515,2907200
20516,2786700
20517,2910500
20518,3321600
20519,2729400
20520,2806600
20521,2929900
20522,2728500
20523,2990800
20524,3186000
20525,2708000
20526,3081500
20527,2624500
20528,2843500
20529,3323100
20530,2915400
20531,2822500
20532,2904300
20533,2702800
20534,2822600
20535,3416700
20536,2894200
20537,2833500
20538,2781200
20539,2762800
20540,2875200
20541,3325800
20542,2688300
20543,2896300
20544,2713700
20545,2978100
20546,2892200
20547,3091200
20548,2963600
20549,2672800
20550,2900600
20551,2740400
20552,3071900
20553,3158600
20554,3077700
20555,2751700
20556,2923800
20557,2914100
20558,3281500
20559,2823500
20560,2823200
20561,2843400
20562,2878100
20563,2992000
20564,3531700
20565,2625900
20566,2758500
20567,2871700
20568,2878900
20569,3652000
20570,2826300
20571,3060800
20572,2808700
20573,2845000
20574,3015700
20575,3533100
20576,2687900
20577,2909100
20578,2820400
20579,2839900
20580,3092900
20581,3182200
20582,2718600
20583,2928500
20584,2866000
20585,2899100
20586,3425500
20587,2768600
20588,3059000
20589,2921400
20590,2806000
20591,2943200
20592,3329700
20593,2714900
20594,2936800
20595,2833400
20596,2827800
20597,2986600
20598,3301900
20599,2781200
20600,2816300
20601,2953100
20602,3096900
20603,3259900
20604,2690200
20605,2824500
20606,2868200
20607,3038500
20608,2928800
20609,3274500
20610,2954300
20611,2869700
20612,3086200
20613,2678200
20614,3145900
20615,3000400
20616,2816600
20617,2880100
20618,2882300
20619,2929000
20620,3331500
20621,2739500
20622,2866000
20623,2915400
20624,2767700
20625,3218900
20626,3002700
20627,3085300
20628,2887000
20629,2745900
20630,2945000
20631,3381200
20632,2691300
20633,2929000
20634,2736600
20635,2814000
20636,2965400
20637,3285100
20638,2797300
20639,3160000
20640,2532900
20641,2854000
20642,2920400
20643,3413200
20644,2842900
20645,2769100
20646,2821200
20647,2825200
20648,3388200
20649,2833700
20650,2823700
20651,2808800
20652,2795200
20653,2816300
20654,3536400
20655,2597400
20656,2822900
20657,2780800
20658,2854800
20659,2866000
20660,3405200
20661,2920600
20662,2817000
20663,2832000
20664,2767900
20665,3045600
20666,3235400
20667,2688500
20668,2852800
20669,2794600
20670,3379300
20671,2828200
20672,2791500
20673,2714500
20674,2897400
20675,2817200
20676,3373200
20677,3398100
20678,2460500
20679,2659900
20680,2688800
20681,3182800
20682,2918300
20683,3433100
20684,2712700
20685,2849200
20686,3085000
20687,2671000
20688,3450700
20689,2693500
20690,2876000
20691,2851400
20692,2926400
20693,2855300
20694,3332700
20695,2747600
20696,2941600
20697,2881800
20698,2880500
20699,2972300
20700,3254900
20701,2867900
20702,2986600
20703,2796900
20704,3255700
20705,3006100
20706,2786000
20707,2864600
20708,3012600
20709,3101700
20710,3051700
20711,3289400
20712,2806100
20713,2915100
20714,2907600
20715,2990200
20716,3511100
20717,2731500
20718,2951700
20719,2828000
20720,2927600
20721,3176500
20722,3048900
20723,3125600
20724,2581800
20725,2956000
20726,3225500
20727,3262900
20728,2809600
20729,3216200
20730,2632000
20731,2932600
20732,2897000
20733,3287500
20734,2853000
20735,2825600
20736,2876600
20737,2926900
20738,2853600
20739,3531500
20740,2655700
20741,2794600
20742,2913800
20743,3188900
20744,3361000
20745,2756700
20746,2857500
20747,2866700
20748,2900700
20749,2913700
20750,3585000
20751,2759800
20752,2886300
20753,2632400
20754,2726100
20755,3131100
20756,3356500
20757,2769900
20758,2867300
20759,2894200
20760,3020300
20761,3190100
20762,2773100
20763,2827500
20764,3124000
20765,2848100
20766,2956300
20767,3229300
20768,2774600
20769,2955700
20770,2783300
20771,2981600
20772,3229800
20773,2766200
20774,2869300
20775,2916600
20776,3065500
20777,2876400
20778,3183900
20779,2726600
20780,2964100
20781,2880800
20782,3445200
20783,3006600
20784,3154800
20785,2637800
20786,2971500
20787,2972300
20788,2909700
20789,2905800
20790,3286100
20791,3046900
20792,2938100
20793,3013000
20794,2846900
20795,3200600
20796,3076100
20797,3145400
20798,2689500
20799,3007000
20800,3336000
20801,2871400
20802,2891000
20803,2889000
20804,3024600
20805,2924100
20806,3238400
20807,3000400
20808,3059800
20809,2712400
20810,2965800
20811,3399800
20812,2974200
20813,3000400
20814,2769700
20815,2903600
20816,3190900
20817,3155900
20818,2842600
20819,2899000
20820,3216300
20821,2861500
20822,3185800
20823,3133500
20824,2960100
20825,2922500
20826,3081700
20827,2887200
20828,3239400
20829,3023400
20830,2744000
20831,2915300
20832,2877400
20833,3173500
20834,3372400
20835,2640600
20836,2836400
20837,3191200
20838,3078000
20839,3197800
20840,2950900
20841,2747800
20842,2873500
20843,2835400
20844,3004300
20845,3552000
20846,2500400
20847,2883100
20848,2818600
20849,2932300
20850,3452800
20851,2642700
20852,2869800
20853,2834600
20854,2933600
20855,2892500
20856,3291300
20857,2774500
20858,3039500
20859,2913700
20860,2782000
20861,3043900
20862,3162800
20863,2782600
20864,2826400
20865,2897300
20866,2773100
20867,3211100
20868,3131000
20869,2808600
20870,2916700
20871,2734800
20872,3262900
20873,2920000
20874,2748100
20875,2820900
20876,3131500
20877,2895600
20878,2937100
20879,3207900
20880,2669300
20881,2921900
20882,3067000
20883,2605700
20884,3313100
20885,2736400
20886,2842000
20887,2801500
20888,2871700
20889,3069200
20890,3093000
20891,2774000
20892,2823500
20893,3372800
20894,2641300
20895,2833600
20896,3219600
20897,2819300
20898,2839700
20899,2864800
20900,2787300
20901,3277900
20902,3084400
20903,2823500
20904,2901000
20905,2710200
20906,3049700
20907,3189100
20908,2787200
20909,3277300
20910,2820900
20911,2751800
20912,3104600
20913,3179800
20914,2941000
20915,2746600
20916,2818200
20917,2773200
20918,3386400
20919,2741300
20920,2879500
20921,2909000
20922,2776900
20923,2869400
20924,3373700
20925,2793900
20926,2818000
20927,2877000
20928,2855000
20929,2980400
20930,3190600
20931,2724500
20932,3207600
20933,2729300
20934,2824300
20935,3405500
20936,2821100
20937,2757500
20938,2960200
20939,2853500
20940,2893500
20941,3332900
20942,2776300
20943,2972800
20944,2704000
20945,2887900
20946,2930700
20947,3301000
20948,2796000
20949,2931400
20950,2764400
20951,2828000
20952,3531600
20953,2931700
20954,2824200
20955,2826100
20956,2839200
20957,2925100
20958,3286600
20959,2733200
20960,2931300
20961,2744800
20962,2928300
20963,3168600
20964,2898700
20965,2788400
20966,3117100
20967,2878700
20968,2919800
20969,3353700
20970,2704800
20971,2910500
20972,2755000
20973,2889500
20974,2867200
20975,3479700
20976,2700600
20977,2904500
20978,3169400
20979,2694700
20980,2702200
20981,3215200
20982,2829000
20983,2928200
20984,2672100
20985,2792600
20986,3386800
20987,2701200
20988,2872200
20989,2837500
20990,2789000
20991,2817500
20992,3368300
20993,2708500
20994,3012100
20995,2699400
20996,2814000
20997,2953700
20998,3201500
20999,2975000
21000,2645000
21001,2760700
21002,2913200
21003,2874700
21004,3212100
21005,3010200
21006,2887600
21007,2843900
21008,2845000
21009,3291900
21010,2854900
21011,2766800
21012,2771900
21013,2860800
21014,2913100
21015,3559300
21016,2657400
21017,2887700
21018,2732000
21019,2884100
21020,2954200
21021,3581000
21022,3075100
21023,2761800
21024,2536300
21025,2786800
21026,3103400
21027,3097900
21028,2767800
21029,2820400
21030,2817500
21031,3027800
21032,3178800
21033,2715000
21034,2871100
21035,2736200
21036,2929200
21037,2917200
21038,3247500
21039,2749000
21040,2860100
21041,2812100
21042,2967300
21043,2873400
21044,3186400
21045,3043100
21046,2836000
21047,2967300
21048,2818500
21049,3498000
21050,2799500
21051,2866200
21052,2862900
21053,2820000
21054,2968600
21055,3212000
21056,2878200
21057,2724600
21058,3045200
21059,2698200
21060,3477400
21061,2733100
21062,2899700
21063,3027600
21064,2713400
21065,2818300
21066,3476800
21067,2767400
21068,2921900
21069,3045100
21070,2642400
21071,2988500
21072,3291600
21073,2819600
21074,2843600
21075,2898000
21076,2837800
21077,3299600
21078,2814500
21079,2977100
21080,2733700
21081,2956800
21082,2998700
21083,3535800
21084,2983200
21085,2699200
21086,2811000
21087,2918900
21088,3445800
21089,3258800
21090,2768900
21091,2660600
21092,2752800
21093,2776200
21094,3379900
21095,2915300
21096,2680400
21097,2954700
21098,2836400
21099,3089600
21100,3235400
21101,2920500
21102,2761400
21103,2891200
21104,2758500
21105,3031500
21106,3264200
21107,2737600
21108,2892500
21109,2798900
21110,2933200
21111,3441900
21112,2591400
21113,2945300
21114,2768500
21115,2930100
21116,3176700
21117,3124500
21118,2680600
21119,2919600
21120,2803600
21121,2822800
21122,3369900
21123,3174600
21124,2915100
21125,2646900
21126,3304900
21127,3027000
21128,3428800
21129,2748300
21130,2842400
21131,2917200
21132,3060700
21133,3033600
21134,3069900
21135,2813100
21136,2869500
21137,2951800
21138,2944500
21139,3414500
21140,3007300
21141,2837300
21142,3077700
21143,2800400
21144,3075900
21145,3092600
21146,2877100
21147,2833800
21148,2977900
21149,2934400
21150,3012900
21151,3107000
21152,2965100
21153,2923400
21154,2838500
21155,3223200
21156,3251000
21157,2732400
21158,3008200
21159,2763900
21160,3004100
21161,3229500
21162,3208900
21163,2830000
21164,2904700
21165,2902400
21166,2955100
21167,3221300
21168,2883300
21169,2893100
21170,2841900
21171,3229400
21172,3773200
21173,2382400
21174,3629500
21175,4029000
21176,2805600
21177,2071100
21178,2444900
21179,2738900
21180,2798200
21181,2932100
21182,3144000
21183,2909800
21184,3278900
21185,3304400
21186,2473700
21187,2863700
21188,2834300
21189,2947800
21190,3318200
21191,2773700
21192,2861800
21193,2963500
21194,2973700
21195,3389900
21196,2584400
21197,2800400
21198,2862700
21199,3225400
21200,3161100
21201,3098800
21202,2803600
21203,2866000
21204,2920900
21205,2792100
21206,3145100
21207,3106100
21208,3009300
21209,2909300
21210,2733700
21211,3006500
21212,3177800
21213,2828800
21214,2763400
21215,2885100
21216,3067800
21217,2777000
21218,3159800
21219,2763900
21220,2942300
21221,2788900
21222,2853100
21223,3264700
21224,2851600
21225,2814900
21226,2859500
21227,2805600
21228,2854500
21229,3343100
21230,2747600
21231,2937800
21232,2846400
21233,2877400
21234,3274300
21235,3225300
21236,2868900
21237,2818400
21238,2806200
21239,2846300
21240,3402100
21241,2761800
21242,2839400
21243,2978300
21244,2743600
21245,3009200
21246,3207100
21247,2827100
21248,3059600
21249,2651800
21250,2809000
21251,3043000
21252,3195600
21253,2731100
21254,2867700
21255,3104900
21256,2883400
21257,3367000
21258,2783900
21259,2851700
21260,2710600
21261,2861700
21262,2847900
21263,3371300
21264,3034100
21265,2554600
21266,2869000
21267,2851300
21268,2861900
21269,3249300
21270,2994000
21271,2647100
21272,2870100
21273,3061900
21274,3561500
21275,2970900
21276,2694200
21277,2847600
21278,2918600
21279,2985100
21280,3179500
21281,2782600
21282,2802200
21283,2835800
21284,2897700
21285,2987000
21286,3252900
21287,2772800
21288,2778800
21289,2844600
21290,2905900
21291,3221400
21292,2962500
21293,2804600
21294,3100500
21295,2897800
21296,3036800
21297,3187400
21298,2737700
21299,2872900
21300,2867500
21301,2830900
21302,2964100
21303,3218000
21304,2747800
21305,2910500
21306,2827400
21307,3206200
21308,3115000
21309,2787800
21310,2825400
21311,3015800
21312,2903600
21313,3015000
21314,3327700
21315,2909900
21316,2711300
21317,2912000
21318,3545500
21319,2386900
21320,3272600
21321,2768200
21322,2797400
21323,2925500
21324,2815000
21325,3335600
21326,2775700
21327,2754100
21328,2974900
21329,2716900
21330,3040900
21331,3266400
21332,2714900
21333,3065500
21334,2642400
21335,2830400
21336,2967600
21337,3189200
21338,2853300
21339,2852800
21340,2849500
21341,2816400
21342,3518100
21343,2698300
21344,3075400
21345,2701400
21346,3100500
21347,2924200
21348,3397300
21349,3025800
21350,2667100
21351,2803200
21352,2816200
21353,3046700
21354,3194200
21355,2875600
21356,2768800
21357,2880400
21358,2776400
21359,3338300
21360,2991400
21361,2690700
21362,2765100
21363,2843500
21364,3195000
21365,3220400
21366,2820300
21367,3031700
21368,2873900
21369,2682300
21370,2909500
21371,3237100
21372,2734300
21373,2914200
21374,2803200
21375,2851200
21376,2897900
21377,3305100
21378,2710600
21379,2874000
21380,2834900
21381,3039900
21382,3107500
21383,2847500
21384,2798400
21385,2852500
21386,3037200
21387,3013000
21388,3147300
21389,3190000
21390,2665300
21391,2832300
21392,3066600
21393,3276700
21394,2655900
21395,2885300
21396,2807000
21397,2880700
21398,2991300
21399,3166800
21400,2806000
21401,2795400
21402,3085900
21403,2602100
21404,3157300
21405,2959600
21406,3100200
21407,2799900
21408,2861900
21409,2880400
21410,3341300
21411,2796700
21412,2803200
21413,3150300
21414,2655400
21415,3085700
21416,3094100
21417,2655100
21418,3000700
21419,2751500
21420,2810600
21421,3119800
21422,3274100
21423,2771600
21424,3191300
21425,2816700
21426,2876900
21427,3386600
21428,2751800
21429,3180100
21430,2725500
21431,2895500
21432,2859500
21433,3292700
21434,2812400
21435,2731000
21436,2908100
21437,2768000
21438,3443700
21439,2733700
21440,2880700
21441,2819200
21442,2848000
21443,3011100
21444,3082600
21445,3361800
21446,2818600
21447,2835100
21448,2926500
21449,2847900
21450,3587400
21451,2503200
21452,2929100
21453,2899300
21454,2802000
21455,3112600
21456,3287400
21457,2747200
21458,2881300
21459,2874700
21460,3203200
21461,3356100
21462,3172800
21463,3007300
21464,2662000
21465,2833000
21466,3120700
21467,3276400
21468,2762300
21469,2813200
21470,3048300
21471,3044900
21472,3263100
21473,2886300
21474,2811500
21475,2935300
21476,3049700
21477,2967900
21478,3177100
21479,3086800
21480,2871300
21481,3109500
21482,2722900
21483,3429500
21484,2806300
21485,2888700
21486,2911500
21487,3011700
21488,2927000
21489,3235000
21490,2967500
21491,2889000
21492,2993500
21493,2778500
21494,3471100
21495,2874200
21496,2853200
21497,3018600
21498,2798700
21499,3142200
21500,3313100
21501,2952800
21502,3077400
21503,2698100
21504,2871900
21505,2937200
21506,3296000
21507,2851900
21508,2881000
21509,2839500
21510,2932600
21511,3358600
21512,2807300
21513,2972600
21514,2759500
21515,2932400
21516,2961900
21517,3212000
21518,3131300
21519,2777400
21520,2903500
21521,2836100
21522,3437400
21523,2999500
21524,2955200
21525,2459300
21526,2922600
21527,3044800
21528,3410600
21529,2615600
21530,2770200
21531,2873700
21532,2830200
21533,3212100
21534,3290500
21535,2636700
21536,2849300
21537,2852600
21538,2920100
21539,3269900
21540,3106600
21541,2740000
21542,2873300
21543,2859800
21544,3109800
21545,3165800
21546,2620700
21547,2869300
21548,2845000
21549,3109100
21550,2646800
21551,3223400
21552,2723200
21553,2867000
21554,2807700
21555,2831300
21556,3160200
21557,3137700
21558,2796100
21559,2841200
21560,3034400
21561,2733800
21562,3284800
21563,2763400
21564,2881500
21565,2777200
21566,2949700
21567,3105000
21568,3270700
21569,2724400
21570,2850300
21571,2873000
21572,2816000
21573,2975700
21574,3499600
21575,2721900
21576,2895200
21577,2818400
21578,2915400
21579,3366900
21580,2628500
21581,3068800
21582,2734600
21583,2730000
21584,3216600
21585,3210000
21586,2763900
21587,2873100
21588,2852100
21589,2783700
21590,3518900
21591,2626200
21592,3153600
21593,2547300
21594,2853100
21595,3124300
21596,3119300
21597,2984000
21598,2627200
21599,2820300
21600,3147000
21601,3040100
21602,3156000
21603,2852000
21604,2840000
21605,2748000
21606,2976800
21607,3452800
21608,2877600
21609,2792500
21610,2882300
21611,2826600
21612,3198500
21613,3144700
21614,2686500
21615,2804600
21616,2898400
21617,3063000
21618,3212900
21619,3009000
21620,2778600
21621,2891800
21622,2795600
21623,2958800
21624,3346500
21625,2769900
21626,2783400
21627,2878500
21628,2869600
21629,3106300
21630,3220300
21631,2784200
21632,2782700
21633,2814700
21634,3159300
21635,2794700
21636,3168900
21637,2705400
21638,2874300
21639,2937700
21640,2756300
21641,3423100
21642,2759900
21643,2825900
21644,3066900
21645,2619900
21646,2914400
21647,3323800
21648,2727800
21649,2815500
21650,2995600
21651,2694600
21652,3076700
21653,3121400
21654,2713200
21655,2964800
21656,3042500
21657,2801600
21658,3092400
21659,3136900
21660,2911300
21661,3069400
21662,2576100
21663,3037100
21664,3185200
21665,2671500
21666,2957600
21667,2743000
21668,2785700
21669,3000500
21670,3255200
21671,2880100
21672,2720000
21673,2854700
21674,2854900
21675,2882400
21676,3580900
21677,2546100
21678,2828000
21679,2798200
21680,3004300
21681,3467800
21682,2824900
21683,2714500
21684,2844000
21685,2912900
21686,2974100
21687,3389900
21688,2509600
21689,2875800
21690,2846200
21691,3082000
21692,3540100
21693,2629300
21694,2841100
21695,2784200
21696,2876800
21697,2933200
21698,3350500
21699,2660600
21700,2860000
21701,2772300
21702,2838900
21703,3249700
21704,3086700
21705,2710800
21706,2875300
21707,2833900
21708,2862300
21709,3308500
21710,3279900
21711,2639500
21712,2931900
21713,2727900
21714,3049200
21715,3377600
21716,2817000
21717,2841700
21718,2753400
21719,2875300
21720,2974400
21721,3163900
21722,2894600
21723,2740300
21724,2993600
21725,2706700
21726,3051100
21727,3134000
21728,2885000
21729,2823800
21730,3065000
21731,2914600
21732,3309600
21733,2739400
21734,2904200
21735,2868400
21736,2781300
21737,2909500
21738,3227200
21739,2811900
21740,3002300
21741,2641000
21742,2821600
21743,3049000
21744,3072700
21745,2952500
21746,2736600
21747,3132800
21748,2906800
21749,3301400
21750,2829400
21751,3047900
21752,2671300
21753,2948200
21754,3148200
21755,3165500
21756,2755100
21757,3130100
21758,2661700
21759,2827700
21760,2998000
21761,3245600
21762,2960100
21763,2722200
21764,3063600
21765,3092700
21766,3240000
21767,3026300
21768,2743100
21769,3029200
21770,2634500
21771,2915300
21772,3396700
21773,2701500
21774,2886800
21775,2744400
21776,2930000
21777,3311000
21778,3022800
21779,2664400
21780,2879600
21781,3165100
21782,2923100
21783,3420200
21784,2670600
21785,2825800
21786,2901700
21787,2796400
21788,3302000
21789,3047200
21790,2715400
21791,2921000
21792,2877300
21793,2857700
21794,3747000
21795,2660100
21796,2933400
21797,2864300
21798,2776700
21799,3128600
21800,3219900
21801,2747900
21802,2959300
21803,2879700
21804,3181400
21805,3240800
21806,3374400
21807,2968100
21808,2828400
21809,3046700
21810,2947200
21811,3277800
21812,2787200
21813,2967400
21814,2925600
21815,3010000
21816,3055500
21817,3076000
21818,2907600
21819,2889800
21820,2920900
21821,3318100
21822,3007900
21823,2832600
21824,3207300
21825,2942700
21826,2965100
21827,3658300
21828,2709800
21829,2858600
21830,2930700
21831,2834800
21832,3174900
21833,3171200
21834,2883500
21835,2823300
21836,2922700
21837,2857900
21838,3076700
21839,3226600
21840,2885700
21841,3068300
21842,2875900
21843,3060400
21844,3247800
21845,2747500
21846,3087900
21847,2727200
21848,2865100
21849,3097700
21850,3244400
21851,3041400
21852,2592300
21853,3251000
21854,3320200
21855,2721300
21856,3522300
21857,5011200
21858,2321000
21859,1839600
21860,2433800
21861,3195800
21862,2990000
21863,3090100
21864,2462900
21865,2903400
21866,3572000
21867,2885900
21868,2730500
21869,2818000
21870,2892000
21871,2853300
21872,3422900
21873,2678800
21874,2797700
21875,2812200
21876,2914700
21877,3085700
21878,3179500
21879,2643400
21880,3173700
21881,2767500
21882,2914000
21883,3424100
21884,2644200
21885,2849600
21886,2823700
21887,2817400
21888,2880600
21889,3369700
21890,2646700
21891,2848300
21892,2822800
21893,2825000
21894,3107400
21895,3107900
21896,2749900
21897,3026500
21898,3241700
21899,2692800
21900,3378100
21901,2691000
21902,2814700
21903,2873100
21904,3118300
21905,2730400
21906,3235300
21907,2670600
21908,2867000
21909,2837800
21910,2794500
21911,2884500
21912,3320800
21913,2764100
21914,2894300
21915,2880800
21916,2757300
21917,3103900
21918,3123400
21919,3065100
21920,2988100
21921,2809900
21922,2764800
21923,3549800
21924,2684200
21925,2883000
21926,2863000
21927,2830400
21928,2890600
21929,3322700
21930,2747500
21931,3020300
21932,2691400
21933,3643500
21934,2256700
21935,3125900
21936,3242400
21937,2659000
21938,2818200
21939,2966600
21940,3491200
21941,2705600
21942,2889100
21943,2809300
21944,2977500
21945,2829100
21946,3237700
21947,2822700
21948,2723400
21949,2868100
21950,2836400
21951,3128000
21952,3247400
21953,2617700
21954,3177500
21955,2774600
21956,2960600
21957,3235100
21958,2759300
21959,2833200
21960,2894100
21961,2861400
21962,2939600
21963,3396400
21964,2573100
21965,2867700
21966,2811100
21967,3572900
21968,2519700
21969,2957200
21970,2769500
21971,2818900
21972,2865200
21973,3004600
21974,3318200
21975,3048500
21976,2708000
21977,2886000
21978,2918000
21979,3127100
21980,3205100
21981,2809400
21982,2886900
21983,2809600
21984,3077400
21985,3247000
21986,2755400
21987,2872900
21988,2810800
21989,3055900
21990,3006500
21991,3114300
21992,2746200
21993,3155100
21994,2825700
21995,2878200
21996,3060800
21997,3163500
21998,2752500
21999,2926800
22000,3251700
22001,3328000
22002,2584400
22003,2730600
22004,2849700
22005,2848800
22006,2952600
22007,2975500
22008,3258800
22009,2669700
22010,2920800
22011,2878500
22012,2744300
22013,3484400
22014,2766600
22015,2905400
22016,2929200
22017,2726800
22018,2944300
22019,2869900
22020,3296200
22021,3033500
22022,2597600
22023,2960700
22024,2895800
22025,3219600
22026,2862900
22027,2846000
22028,2843400
22029,2929900
22030,3153100
22031,3279000
22032,2959100
22033,2683500
22034,2838200
22035,3376900
22036,2819500
22037,2971300
22038,2711000
