idx,delta_ns
0,4008900
1,3468300
2,3890300
3,3430100
4,3350400
5,3969500
6,3526000
7,3442800
8,4007700
9,4697500
10,5336500
11,6257800
12,3628100
13,3369200
14,3253600
15,3134400
16,2975800
17,3021400
18,3962800
19,3215700
20,3099700
21,2978600
22,3020900
23,3633100
24,3340900
25,2996500
26,3016900
27,3464200
28,3941400
29,3244500
30,3135300
31,3395300
32,3028900
33,3336700
34,3127500
35,3011200
36,2898700
37,3020200
38,3515800
39,3498200
40,3007800
41,2950200
42,3080100
43,3781100
44,3450000
45,3146200
46,2933700
47,2980800
48,3749500
49,3932100
50,3019500
51,2874800
52,3123600
53,3288700
54,3288500
55,3035500
56,3065100
57,3352700
58,3618300
59,3392900
60,2932400
61,2993400
62,2999500
63,3159100
64,3501500
65,3124100
66,3053500
67,3096300
68,3281600
69,3419500
70,3365700
71,3076100
72,3072200
73,2986300
74,3065300
75,3241400
76,2981500
77,2996100
78,2917200
79,3118300
80,4086200
81,3197400
82,3214800
83,3135200
84,3080500
85,3340600
86,3113200
87,3486000
88,3434000
89,3337700
90,3431600
91,3017800
92,3252100
93,3040900
94,3005600
95,3502500
96,3256100
97,3789600
98,3892600
99,3704200
100,3664700
101,3388400
102,3038100
103,2949400
104,3033000
105,3304200
106,3245300
107,3006500
108,2950900
109,2972000
110,3738500
111,3405400
112,3025300
113,2911500
114,3104100
115,3071600
116,3569400
117,3230100
118,2930000
119,3110500
120,3034200
121,3809200
122,3099000
123,3037100
124,3100300
125,2899200
126,3291900
127,3107200
128,3201600
129,3106000
130,2951500
131,3852800
132,3524200
133,3274900
134,2959200
135,3197400
136,3415800
137,3087300
138,3120900
139,3123100
140,3289300
141,3301000
142,3789300
143,2997900
144,3008000
145,3148800
146,3095700
147,3686100
148,3009500
149,3024900
150,3093400
151,3117200
152,3751200
153,2977800
154,3086800
155,3083800
156,3040800
157,3265100
158,3269400
159,3112800
160,3114400
161,3048700
162,3501100
163,3751900
164,3271300
165,3145700
166,2977800
167,3269300
168,3263900
169,3220000
170,3064900
171,2919200
172,3181100
173,3500200
174,3149700
175,3094300
176,3016000
177,2995000
178,3116300
179,3451300
180,3402700
181,2924900
182,3140800
183,3429500
184,3121500
185,3087400
186,2933800
187,3001300
188,3080200
189,3520500
190,3129700
191,2942200
192,3048100
193,2971200
194,4078900
195,3161000
196,2953900
197,2979300
198,2993700
199,3869400
200,3413700
201,3073300
202,2984600
203,2964300
204,3818700
205,3091900
206,2995100
207,2939500
208,3061300
209,3295300
210,3271700
211,2996200
212,2888500
213,2910100
214,3424800
215,4266500
216,3067400
217,2905000
218,2932600
219,3392700
220,3385700
221,3049500
222,2982700
223,2937300
224,3141900
225,3615200
226,3033500
227,3094200
228,2878200
229,3465400
230,4052200
231,3577400
232,3249500
233,3000700
234,3558500
235,4200100
236,3233000
237,2974600
238,3150500
239,3056600
240,3319800
241,3094700
242,3027500
243,3223600
244,3181600
245,3221800
246,3708900
247,2959300
248,3036400
249,3104600
250,3438900
251,3310500
252,3193000
253,3033700
254,3088300
255,3276800
256,3359900
257,3140200
258,3080100
259,3027700
260,3078500
261,3388300
262,3321700
263,3774400
264,4046100
265,4093000
266,4057800
267,3430100
268,3571600
269,3394800
270,4093800
271,3519800
272,3380800
273,3561900
274,3713000
275,4013700
276,3600800
277,3380000
278,3320800
279,3788300
280,3258600
281,3112100
282,2973800
283,2976300
284,3527700
285,3358400
286,3115900
287,3032400
288,2935200
289,3368500
290,3379700
291,2994600
292,2955800
293,2917500
294,3367400
295,3347800
296,3045100
297,2960400
298,2923100
299,3527200
300,3371700
301,3158100
302,2945600
303,3065900
304,3143400
305,3305200
306,3427700
307,3017300
308,2908400
309,3332000
310,3000900
311,3370000
312,3075300
313,3114200
314,3018600
315,2962300
316,3748700
317,2946600
318,3282900
319,3075700
320,3048100
321,3602200
322,3285900
323,3128500
324,2947400
325,2977900
326,3209500
327,3788900
328,3289300
329,3022600
330,2964700
331,3176600
332,3373100
333,3431500
334,3145100
335,3150300
336,3150600
337,3865400
338,3249900
339,3042400
340,3332800
341,3044300
342,3287300
343,3052400
344,2940800
345,2978800
346,3100300
347,3456100
348,3398300
349,3176000
350,3034900
351,3022600
352,3491600
353,3614800
354,3004100
355,2927300
356,3142200
357,3307700
358,3679200
359,2989700
360,3045500
361,3118400
362,3830000
363,3966600
364,3048100
365,3024000
366,3036000
367,3277000
368,3747800
369,2964200
370,2933700
371,3284400
372,3044100
373,3537100
374,3020000
375,3020400
376,3277900
377,3133300
378,3542800
379,3204200
380,3113500
381,3107400
382,2902300
383,3147900
384,3189000
385,2932700
386,3136800
387,3122000
388,3108800
389,4183000
390,2966400
391,3182700
392,3022100
393,3041500
394,3278900
395,3038100
396,3325600
397,3559400
398,3288800
399,3659200
400,3044600
401,3276100
402,3130100
403,3102100
404,3503900
405,3184300
406,3219900
407,2972100
408,3124500
409,3587900
410,3550000
411,3672300
412,3838100
413,3612600
414,3302900
415,3105300
416,3000800
417,2977900
418,2951100
419,3717100
420,3555200
421,3213400
422,2954000
423,2969800
424,3288000
425,3302700
426,3220300
427,3035400
428,3048800
429,3219300
430,3917800
431,3121900
432,2917700
433,3033000
434,3076600
435,3649600
436,3111500
437,2993600
438,3033500
439,3125700
440,3690100
441,3182800
442,2997800
443,2900100
444,2923100
445,3357000
446,3161900
447,3022900
448,3070400
449,3027900
450,3417500
451,3565600
452,3049700
453,2992600
454,3116200
455,3409800
456,3656600
457,3173900
458,3063200
459,3055600
460,3208600
461,3700800
462,3068900
463,2899100
464,3221500
465,2981400
466,3357900
467,3099100
468,3088500
469,3153500
470,3249100
471,3265600
472,3396500
473,3154100
474,3228600
475,3107100
476,3409400
477,3329900
478,2983200
479,3212800
480,3178200
481,3247300
482,3450600
483,3022400
484,3009000
485,3036900
486,3074300
487,3710500
488,3017800
489,3261800
490,2989100
491,3286100
492,3596400
493,3026100
494,3171600
495,3065200
496,3105400
497,3190800
498,3128700
499,3073200
500,2993100
501,3055100
502,3436600
503,3369000
504,3150500
505,2978300
506,3052500
507,3095400
508,3348100
509,3109200
510,2975700
511,2986600
512,2986400
513,4153300
514,3255900
515,2963000
516,3043800
517,3010600
518,3353500
519,3239800
520,3023000
521,2896300
522,2956400
523,3348700
524,3812900
525,2990200
526,3067600
527,2938700
528,3329300
529,3799000
530,3098900
531,2932500
532,3003500
533,3370600
534,3540100
535,3054400
536,2969000
537,2907300
538,3331800
539,4196800
540,3474900
541,3626100
542,3100500
543,3281600
544,4205500
545,3159100
546,3069800
547,3208700
548,3033000
549,3384400
550,3041200
551,3087400
552,3252400
553,3165100
554,3732200
555,3029000
556,3051900
557,3068400
558,3152000
559,3024900
560,3335800
561,3047900
562,3243700
563,3174200
564,3193700
565,4011500
566,3070600
567,3190900
568,2915300
569,3173200
570,3422500
571,3170700
572,3649400
573,3788800
574,4303400
575,3723700
576,3879100
577,3336000
578,3414600
579,3486700
580,3533600
581,3254700
582,3444700
583,3436500
584,4454700
585,3434600
586,3336600
587,3319900
588,3502800
589,3652000
590,3337400
591,3325300
592,3447300
593,4137200
594,3632600
595,3318800
596,3390200
597,3367400
598,4113700
599,3379500
600,3362100
601,3254300
602,3917500
603,4007800
604,3559100
605,3335300
606,3659500
607,3719100
608,3412400
609,3302600
610,3331900
611,3829700
612,4185800
613,3406400
614,3370300
615,3749100
616,3727200
617,3456200
618,3338600
619,3575600
620,3522000
621,4406800
622,4768500
623,4485600
624,6463000
625,4706000
626,3022100
627,3174400
628,3204900
629,3766400
630,3169800
631,3213900
632,3140900
633,2888400
634,3250300
635,3174600
636,3210100
637,3007900
638,3296700
639,3630000
640,3389300
641,3292900
642,3309800
643,3405000
644,3203800
645,3227300
646,3088000
647,3047700
648,2999900
649,3450100
650,3313100
651,3287600
652,2999300
653,2967800
654,3006600
655,3308200
656,3274900
657,3018000
658,2932400
659,2936500
660,4524100
661,3105200
662,3185300
663,3038900
664,2905900
665,3683100
666,3264400
667,3108300
668,2963500
669,3081600
670,4224100
671,3440900
672,3101900
673,2979200
674,2899400
675,3812800
676,3213900
677,3238300
678,2985300
679,2990800
680,3442600
681,3444000
682,3072700
683,3042300
684,3207500
685,3324900
686,3187600
687,3009500
688,3001800
689,3116900
690,3234600
691,4075500
692,3113300
693,3028400
694,3057300
695,3057000
696,3306100
697,3144600
698,2937700
699,3335700
700,3626100
701,3961900
702,3041100
703,3157400
704,3165400
705,3114900
706,3384900
707,3118800
708,2991300
709,3152000
710,3111400
711,3659300
712,3442800
713,3014500
714,3438300
715,3412900
716,3884500
717,3342000
718,3689300
719,4304300
720,4253800
721,4030000
722,3498900
723,3289700
724,3315500
725,3854300
726,3299600
727,3488200
728,3347700
729,3379900
730,3918300
731,3432000
732,3259700
733,3255100
734,3122500
735,3536900
736,3309000
737,3265500
738,3241800
739,3182400
740,4452600
741,3355200
742,3298800
743,3264600
744,3483500
745,3612100
746,3346600
747,3219100
748,3203900
749,3468200
750,4235600
751,3245900
752,3212500
753,3166400
754,3709300
755,3552300
756,3313000
757,3079500
758,3144700
759,3715200
760,3819000
761,3213400
762,3273000
763,3450500
764,3714000
765,3283400
766,3247800
767,3195100
768,3404500
769,3933200
770,3322600
771,3279000
772,3228300
773,3604100
774,3501000
775,3266000
776,3241500
777,3460300
778,3650900
779,3783800
780,3221600
781,3199500
782,3230200
783,3388400
784,3422500
785,3093300
786,3459900
787,3304500
788,3488000
789,3532800
790,3000400
791,3512900
792,3133900
793,3037200
794,3236000
795,3128900
796,3322000
797,3177200
798,3073100
799,3682300
800,3077600
801,3252200
802,3017800
803,2957500
804,3173100
805,3188800
806,3130500
807,3133100
808,2964300
809,3532600
810,3521700
811,3277200
812,3138200
813,3098300
814,3101800
815,3179500
816,3390700
817,3030300
818,2970200
819,3070100
820,3718200
821,3229600
822,3015100
823,3027400
824,3032000
825,3448400
826,3460800
827,3032000
828,3137600
829,3470000
830,3737000
831,3327800
832,2953800
833,3047800
834,3042800
835,3767000
836,3729700
837,3512300
838,3307000
839,3035300
840,4172900
841,3190700
842,3006500
843,2980800
844,3302400
845,3639200
846,3093700
847,2982600
848,2978200
849,3153500
850,3412900
851,3909800
852,3016400
853,3018800
854,3237100
855,3476700
856,3157500
857,2983400
858,3020100
859,3520400
860,3697500
861,3296400
862,2942600
863,3001900
864,3063700
865,3062000
866,3200000
867,3104500
868,2968400
869,3436700
870,4233700
871,4642800
872,3629900
873,3922700
874,3509000
875,4028300
876,3499000
877,3503600
878,3509500
879,3973600
880,3824400
881,3512900
882,3539400
883,3856600
884,3834700
885,3288700
886,3160500
887,2939200
888,3043000
889,3954700
890,3251500
891,3151500
892,2956200
893,3077800
894,3231100
895,3501200
896,3391200
897,3037200
898,3000900
899,3406300
900,3485000
901,3108400
902,2962000
903,3046000
904,3099400
905,3352300
906,3044800
907,2979000
908,3006600
909,3069100
910,4245200
911,3088300
912,3059800
913,3018400
914,2993500
915,3570400
916,3214900
917,2965600
918,2880200
919,3002000
920,3428000
921,3560200
922,2967700
923,2898600
924,2981900
925,3553700
926,3581500
927,3036800
928,2967900
929,3248200
930,3301400
931,3602800
932,2951400
933,2946000
934,2942600
935,3052800
936,3236300
937,3168500
938,2963200
939,2993900
940,3250900
941,3411500
942,3295100
943,2944800
944,3000200
945,3357200
946,4040400
947,3511400
948,3026600
949,3115800
950,3071900
951,3308700
952,3475300
953,3028200
954,2968600
955,3135300
956,2989100
957,3651300
958,3077800
959,2945400
960,3153600
961,3030600
962,3602500
963,3019800
964,3062800
965,3059200
966,3058600
967,3138200
968,3300400
969,3133600
970,3203500
971,3129800
972,3112500
973,3725600
974,3428700
975,3647000
976,3223500
977,3447100
978,3351000
979,3224800
980,3017500
981,3059500
982,3356200
983,3491900
984,3221900
985,3096300
986,3106600
987,3014800
988,3415000
989,3276400
990,3037700
991,3088400
992,2995000
993,3732900
994,3348000
995,3057000
996,2986500
997,3052900
998,3396600
999,3545300
1000,3101900
1001,2994500
1002,3100500
1003,3369600
1004,4435600
1005,3110200
1006,2984200
1007,3065100
1008,3606100
1009,3309800
1010,3161600
1011,3070200
1012,3020100
1013,3871300
1014,3431400
1015,2988100
1016,2924400
1017,2892200
1018,3507300
1019,3470600
1020,3088100
1021,2935500
1022,2924300
1023,3119200
1024,3714800
1025,3060100
1026,2954800
1027,2898000
1028,3582400
1029,4284100
1030,3711000
1031,3404400
1032,3165700
1033,3363500
1034,3929300
1035,2950700
1036,2970200
1037,3067900
1038,3061400
1039,3283100
1040,3006500
1041,2941000
1042,3121200
1043,2987400
1044,3355700
1045,3457400
1046,2994000
1047,3062300
1048,3045200
1049,3479700
1050,3353400
1051,3011000
1052,3193500
1053,3012900
1054,3246400
1055,3604400
1056,3011700
1057,3115800
1058,3039000
1059,3046600
1060,3354200
1061,3118100
1062,3165200
1063,2966800
1064,2913000
1065,3693800
1066,3604400
1067,3082300
1068,2977500
1069,3009400
1070,3148100
1071,3276200
1072,3142000
1073,2913700
1074,2997900
1075,3184700
1076,3563000
1077,3203200
1078,3070600
1079,2998400
1080,2985900
1081,3309500
1082,3250600
1083,2957900
1084,3108100
1085,3008200
1086,3690300
1087,3339800
1088,3002500
1089,3012100
1090,2925500
1091,3039500
1092,3257800
1093,2996300
1094,3079600
1095,3025800
1096,3045300
1097,3985400
1098,3040600
1099,3006400
1100,2965500
1101,3523700
1102,3667500
1103,3171100
1104,3033200
1105,2973700
1106,2985700
1107,3708700
1108,3409200
1109,3085500
1110,2896900
1111,3136800
1112,3195500
1113,3230200
1114,3104900
1115,2914600
1116,3132600
1117,3044900
1118,4279500
1119,3105000
1120,3018400
1121,3178200
1122,3184000
1123,3294200
1124,3122400
1125,2961500
1126,3044200
1127,3236200
1128,3488300
1129,3059800
1130,2981200
1131,3274100
1132,2983800
1133,3152800
1134,3306400
1135,2983100
1136,3583500
1137,3128800
1138,3229900
1139,3936100
1140,3052700
1141,3543800
1142,3426000
1143,3953900
1144,3291500
1145,3251700
1146,3127200
1147,2937400
1148,3343600
1149,3131000
1150,3361200
1151,3130900
1152,2884600
1153,3175500
1154,3274100
1155,3108100
1156,3069000
1157,3035400
1158,2989800
1159,3974400
1160,3247100
1161,3075900
1162,2941600
1163,2983500
1164,3158600
1165,3394500
1166,3089300
1167,3008400
1168,3148900
1169,3598600
1170,3643600
1171,3006200
1172,2969900
1173,3157000
1174,2916400
1175,4553900
1176,3818800
1177,3504100
1178,3753300
1179,4546400
1180,4035400
1181,4007300
1182,3642500
1183,4194500
1184,3827300
1185,3804100
1186,3985300
1187,4792500
1188,3595100
1189,3383200
1190,3322100
1191,3823500
1192,3853700
1193,3329300
1194,3423400
1195,3378500
1196,3875400
1197,3633500
1198,3328900
1199,3434500
1200,3552200
1201,3679600
1202,3593200
1203,3237600
1204,3762300
1205,3712000
1206,3836300
1207,3332700
1208,3225100
1209,3461800
1210,3484700
1211,3546200
1212,3349400
1213,3748300
1214,3527500
1215,3884600
1216,3357700
1217,3399000
1218,3433300
1219,3409300
1220,3777400
1221,3428700
1222,3707400
1223,3401400
1224,3409000
1225,4003600
1226,3587900
1227,3380900
1228,3875500
1229,5092500
1230,4281400
1231,6147600
1232,4959200
1233,3373100
1234,3159800
1235,3070500
1236,3006200
1237,3215800
1238,3360100
1239,3046200
1240,2890000
1241,3038400
1242,3410600
1243,3919700
1244,3207300
1245,3103900
1246,2982100
1247,3011600
1248,4230700
1249,3094500
1250,3076000
1251,3021300
1252,3017400
1253,3886400
1254,3033900
1255,2924000
1256,3190800
1257,2968300
1258,3678300
1259,3219300
1260,3052400
1261,3015800
1262,3070400
1263,3450500
1264,3418000
1265,2918000
1266,2972100
1267,2923700
1268,3391400
1269,3313500
1270,3012300
1271,2934200
1272,3060100
1273,3501300
1274,3525900
1275,3068500
1276,2949900
1277,2980000
1278,3563000
1279,3555600
1280,3069100
1281,3014100
1282,3219100
1283,3079800
1284,4061300
1285,3090200
1286,3025200
1287,3501800
1288,3263500
1289,3150800
1290,3137400
1291,3201500
1292,3238200
1293,3114600
1294,3670300
1295,3615400
1296,3014300
1297,3087500
1298,3047500
1299,3144100
1300,3260900
1301,3061600
1302,3241600
1303,3064800
1304,3094100
1305,3793000
1306,3040500
1307,3223600
1308,3352800
1309,3091500
1310,3256800
1311,3298800
1312,3066800
1313,3099900
1314,3051200
1315,3770000
1316,3041700
1317,3375100
1318,3006100
1319,3050600
1320,3478000
1321,3504700
1322,3110800
1323,3061100
1324,2983600
1325,3478400
1326,3589800
1327,3205500
1328,2956800
1329,3043300
1330,3080000
1331,3427300
1332,3022600
1333,2937400
1334,3018700
1335,2973000
1336,4457200
1337,3951900
1338,3694700
1339,3284400
1340,3339500
1341,3331200
1342,2922600
1343,2875100
1344,2939700
1345,3385900
1346,3568500
1347,2950500
1348,2966200
1349,2830700
1350,3353300
1351,3605900
1352,3152700
1353,2959800
1354,2982900
1355,3015500
1356,3490000
1357,3303900
1358,3073800
1359,2934900
1360,3133500
1361,3521800
1362,3230800
1363,2937600
1364,3023200
1365,3105100
1366,3230900
1367,3524200
1368,2917300
1369,2977900
1370,3413100
1371,3822200
1372,3278500
1373,3161000
1374,2899300
1375,3045600
1376,3067300
1377,3589200
1378,3287600
1379,2981100
1380,3171300
1381,3066900
1382,3326600
1383,3241700
1384,3006500
1385,3214200
1386,3119100
1387,3473200
1388,3834300
1389,3001200
1390,3067000
1391,3028500
1392,3051100
1393,3218800
1394,3006000
1395,3100200
1396,3237800
1397,3223300
1398,3494400
1399,3125900
1400,3128600
1401,3162800
1402,3033700
1403,3696000
1404,3151500
1405,3121300
1406,3124900
1407,2963500
1408,3447200
1409,3381600
1410,3106400
1411,2960600
1412,2950700
1413,3122800
1414,3255800
1415,3140700
1416,3016800
1417,3015000
1418,2983700
1419,3697100
1420,3401100
1421,3097900
1422,3027400
1423,3009700
1424,3410700
1425,3234800
1426,3105700
1427,3077600
1428,2864700
1429,3625800
1430,3283200
1431,2997700
1432,2965200
1433,3099300
1434,3162200
1435,3287700
1436,3127400
1437,2907600
1438,2927200
1439,3087300
1440,3887000
1441,3084500
1442,3073600
1443,3016100
1444,3261900
1445,4167200
1446,3614900
1447,3724800
1448,3091300
1449,3304900
1450,3924600
1451,2977900
1452,2978300
1453,3084400
1454,3124900
1455,3632900
1456,3291800
1457,3017400
1458,2959400
1459,3162500
1460,3494500
1461,3329600
1462,2933000
1463,2995600
1464,3294500
1465,3086100
1466,3376000
1467,3031500
1468,2883400
1469,3130100
1470,3146500
1471,3688600
1472,3053200
1473,3469600
1474,3329300
1475,3042600
1476,3289700
1477,3108700
1478,3199500
1479,3080200
1480,3177500
1481,3831300
1482,2965900
1483,3223400
1484,3665300
1485,3932300
1486,4428200
1487,3897300
1488,3512700
1489,3503800
1490,4389400
1491,3659200
1492,3489200
1493,3351500
1494,3401500
1495,3780200
1496,3496000
1497,3493400
1498,3385000
1499,3806300
1500,3611100
1501,3154900
1502,3099400
1503,3099300
1504,3316600
1505,3194100
1506,3113500
1507,3053300
1508,3026400
1509,3277600
1510,3745100
1511,3094700
1512,2897900
1513,2904300
1514,3114900
1515,3489500
1516,3210100
1517,3008000
1518,2965100
1519,3064900
1520,3703300
1521,3298400
1522,2994500
1523,2913400
1524,3093300
1525,3612300
1526,3219400
1527,3089900
1528,2947200
1529,3004000
1530,3527100
1531,3702600
1532,2989300
1533,2958300
1534,3305500
1535,3163300
1536,3307600
1537,3034400
1538,2943100
1539,3009200
1540,3125000
1541,3633400
1542,3408300
1543,3037400
1544,3186600
1545,3111200
1546,3236600
1547,3228000
1548,2932200
1549,3007900
1550,3261100
1551,3325200
1552,3481700
1553,3022400
1554,3078200
1555,3099600
1556,3160900
1557,3284500
1558,3297200
1559,3003800
1560,3313200
1561,3064400
1562,3825400
1563,3063800
1564,3241000
1565,3080800
1566,3011100
1567,3359500
1568,3157100
1569,3093900
1570,3038000
1571,2964900
1572,3313100
1573,3474300
1574,3371900
1575,3059900
1576,3178300
1577,3193200
1578,3511700
1579,3198100
1580,2961300
1581,2998100
1582,2948500
1583,3853300
1584,3340100
1585,3128700
1586,2954200
1587,2931400
1588,3196500
1589,3348100
1590,3499200
1591,3046200
1592,3035500
1593,3452200
1594,3734900
1595,3058700
1596,2949900
1597,2966700
1598,3130600
1599,3478100
1600,3034500
1601,2948800
1602,2902200
1603,3149000
1604,4073300
1605,3193900
1606,2971200
1607,2998700
1608,2978400
1609,3430600
1610,3084700
1611,2897800
1612,2866300
1613,2932400
1614,3764400
1615,3746100
1616,3024400
1617,3066100
1618,2922200
1619,3880200
1620,3568800
1621,3066800
1622,3121900
1623,3168900
1624,3546500
1625,3631400
1626,3053300
1627,3033200
1628,3262200
1629,3660100
1630,3344800
1631,3052600
1632,2977600
1633,3077900
1634,3408700
1635,3456500
1636,2973600
1637,2934900
1638,3188600
1639,3166200
1640,3312800
1641,3027700
1642,3034000
1643,3001600
1644,3266800
1645,3574100
1646,3076700
1647,3023300
1648,3129000
1649,3168200
1650,3157300
1651,3287500
1652,2915000
1653,3399200
1654,4094900
1655,3918900
1656,3651600
1657,3240700
1658,3156500
1659,2966000
1660,3499300
1661,3052700
1662,3380600
1663,3312500
1664,3039500
1665,3562900
1666,3205000
1667,3302000
1668,2944000
1669,3095600
1670,3046600
1671,3265000
1672,3161500
1673,3044900
1674,3114400
1675,3020300
1676,3904100
1677,3205000
1678,3187600
1679,2969500
1680,2895100
1681,3397600
1682,3257600
1683,3036200
1684,2979000
1685,2975800
1686,3269200
1687,3699500
1688,3019100
1689,3001500
1690,2928800
1691,3207000
1692,3286100
1693,3075600
1694,2997900
1695,3026900
1696,2979300
1697,4196500
1698,3119400
1699,3096400
1700,2926200
1701,2897000
1702,3425000
1703,3190900
1704,2982100
1705,2979900
1706,3045400
1707,3384500
1708,3612200
1709,3092200
1710,2992900
1711,3034600
1712,3242600
1713,3284800
1714,2989500
1715,2924200
1716,3058800
1717,3762200
1718,3345200
1719,3144600
1720,2909500
1721,2958600
1722,3060700
1723,3303000
1724,3176800
1725,2997800
1726,2954400
1727,3072300
1728,3333300
1729,3253600
1730,2942100
1731,2833000
1732,3296000
1733,3097200
1734,3712000
1735,3126000
1736,3026400
1737,3081500
1738,3061100
1739,3706900
1740,3005400
1741,3001000
1742,3101900
1743,2988000
1744,3181000
1745,3319800
1746,3080000
1747,3082000
1748,2999200
1749,3230800
1750,3516900
1751,2849800
1752,3875000
1753,3715500
1754,4170800
1755,3459000
1756,3291600
1757,3088000
1758,3035800
1759,3496500
1760,3309800
1761,3216400
1762,2970400
1763,3051300
1764,3233900
1765,3339500
1766,3231200
1767,3109000
1768,3088700
1769,3110400
1770,4258500
1771,3091900
1772,3049800
1773,3125300
1774,2992500
1775,3554200
1776,3157300
1777,2987200
1778,2938600
1779,3071100
1780,3523700
1781,3642700
1782,3000900
1783,2958000
1784,2920400
1785,3733200
1786,3451800
1787,3120600
1788,2915700
1789,3111000
1790,3615400
1791,3267100
1792,2984000
1793,2982500
1794,3037000
1795,3444400
1796,3951400
1797,3929000
1798,3553800
1799,3837200
1800,3944600
1801,3401500
1802,3500300
1803,3957500
1804,3881400
1805,3655500
1806,3292100
1807,3497900
1808,3618700
1809,3705700
1810,3867800
1811,3472300
1812,3687600
1813,3424300
1814,3685600
1815,3426800
1816,3601400
1817,3425900
1818,3723200
1819,3733800
1820,3670300
1821,3651200
1822,3483100
1823,3535300
1824,3422000
1825,3497000
1826,3441600
1827,3437700
1828,4367400
1829,3670300
1830,3515500
1831,3286300
1832,3795000
1833,3876000
1834,3494000
1835,3300500
1836,3273900
1837,3565500
1838,4553500
1839,3476600
1840,3303300
1841,3412400
1842,3976800
1843,3377700
1844,3381500
1845,3369500
1846,5630000
1847,4213100
1848,5930500
1849,5847300
1850,3395200
1851,3017000
1852,3014100
1853,3535400
1854,3539800
1855,3308800
1856,2991300
1857,2906500
1858,2875400
1859,3365600
1860,3266000
1861,3271700
1862,3031600
1863,3022100
1864,3582100
1865,3989000
1866,3067100
1867,2935400
1868,3181400
1869,3163600
1870,3269700
1871,3076500
1872,2953800
1873,2991600
1874,3212000
1875,3712200
1876,3016700
1877,2991900
1878,3068300
1879,3213800
1880,3519400
1881,3236000
1882,3099800
1883,2978700
1884,3170100
1885,3267500
1886,3474300
1887,3048200
1888,2939000
1889,3297800
1890,3326900
1891,3156200
1892,2968800
1893,2933900
1894,3429600
1895,3583600
1896,3877500
1897,3138000
1898,3219600
1899,3537600
1900,3107600
1901,3267600
1902,3059100
1903,3221500
1904,3086500
1905,2944900
1906,3921200
1907,3150500
1908,3195200
1909,3128700
1910,3014700
1911,3316500
1912,3381400
1913,3281100
1914,3254100
1915,3070400
1916,4150700
1917,3147000
1918,3244100
1919,3016600
1920,3028500
1921,3308000
1922,3107200
1923,3566300
1924,3254800
1925,3095000
1926,3626900
1927,3464000
1928,3214800
1929,3051900
1930,3078700
1931,3439600
1932,3604100
1933,3085800
1934,2996100
1935,2966400
1936,3341700
1937,3481300
1938,2997700
1939,2937400
1940,2979300
1941,2923000
1942,3492400
1943,3115200
1944,2925000
1945,2918900
1946,3041400
1947,3480300
1948,3705200
1949,3006700
1950,3097000
1951,2959000
1952,3665300
1953,3243000
1954,2957000
1955,2983900
1956,3105400
1957,3367500
1958,3579000
1959,3018600
1960,2942000
1961,2965500
1962,3606700
1963,3689200
1964,4119800
1965,3470300
1966,3275700
1967,3867200
1968,3220000
1969,3111900
1970,2940400
1971,3192300
1972,3301400
1973,3357800
1974,2946600
1975,2908600
1976,3164100
1977,3249800
1978,3687000
1979,3015900
1980,2958600
1981,3072100
1982,3038400
1983,3332100
1984,3068300
1985,2963700
1986,3328300
1987,3296500
1988,3399900
1989,3342000
1990,2949900
1991,3113300
1992,3052200
1993,3255300
1994,3188500
1995,3025300
1996,3190600
1997,3395600
1998,3050100
1999,3874700
2000,3048800
2001,3176100
2002,3111200
2003,3056300
2004,3423700
2005,3022300
2006,3240700
2007,3064000
2008,3040400
2009,4070500
2010,3246900
2011,3153400
2012,3283800
2013,3040200
2014,3265000
2015,3194400
2016,3039500
2017,2948700
2018,3001100
2019,3520600
2020,3778700
2021,3218300
2022,3026900
2023,3001400
2024,3165200
2025,3393800
2026,3039500
2027,3028700
2028,3062400
2029,3029400
2030,4189100
2031,3012900
2032,3043400
2033,3012600
2034,3033100
2035,3597000
2036,3181200
2037,3006100
2038,3003000
2039,2962800
2040,3732100
2041,3250400
2042,3063100
2043,2977400
2044,2995100
2045,3248400
2046,3302100
2047,3095900
2048,2925500
2049,2979600
2050,3323100
2051,3549600
2052,3104100
2053,3101100
2054,3053700
2055,3804900
2056,4296100
2057,3734100
2058,3195600
2059,3277100
2060,3428800
2061,3487500
2062,3069700
2063,3051200
2064,3163500
2065,2989800
2066,3484300
2067,3160600
2068,3042900
2069,3162900
2070,2963900
2071,4188500
2072,3048500
2073,3244700
2074,3046600
2075,3058400
2076,3251900
2077,3172900
2078,2925600
2079,3351500
2080,3111500
2081,3371900
2082,3480300
2083,3186700
2084,3033600
2085,2930800
2086,3045600
2087,3181700
2088,3377000
2089,3203000
2090,3170600
2091,3147800
2092,4018100
2093,3106900
2094,3154700
2095,2998900
2096,3022600
2097,3361300
2098,3422400
2099,3733100
2100,4174100
2101,4278600
2102,3952400
2103,3530600
2104,3411100
2105,3399900
2106,4102800
2107,3515400
2108,3349200
2109,3512700
2110,4145400
2111,3753100
2112,3314500
2113,3531200
2114,3426800
2115,3585100
2116,3180200
2117,2958200
2118,3049200
2119,2972600
2120,3408300
2121,3696400
2122,2974100
2123,2859900
2124,2986000
2125,3402800
2126,3498500
2127,3020800
2128,2956600
2129,2958000
2130,3162600
2131,3771600
2132,2998600
2133,2987600
2134,2935400
2135,3087100
2136,3514000
2137,3121200
2138,2970200
2139,2940700
2140,3067800
2141,3588100
2142,3554400
2143,2985200
2144,2998300
2145,3260800
2146,3257200
2147,3286600
2148,2972700
2149,3094700
2150,3201500
2151,2985300
2152,4010100
2153,3128100
2154,3073900
2155,3132400
2156,2997800
2157,3505900
2158,3083100
2159,2989000
2160,3132300
2161,3026300
2162,3488900
2163,3233900
2164,2953800
2165,3200500
2166,2958900
2167,3161600
2168,3395800
2169,3008200
2170,3362800
2171,2984200
2172,3118100
2173,4030700
2174,2921700
2175,3206500
2176,3031900
2177,3079800
2178,3290400
2179,2998000
2180,3037100
2181,3082200
2182,3068300
2183,3235400
2184,3464400
2185,3192400
2186,3004700
2187,3064100
2188,3106500
2189,3190000
2190,3517900
2191,2962200
2192,3175900
2193,3114500
2194,3802600
2195,3068400
2196,3131700
2197,3214900
2198,3035500
2199,3794400
2200,3151900
2201,3059400
2202,3195400
2203,3090900
2204,4045200
2205,3444100
2206,3027400
2207,3109100
2208,3016100
2209,3609800
2210,3202100
2211,3019900
2212,3020500
2213,3065300
2214,3345100
2215,3690500
2216,2970600
2217,3068400
2218,3218100
2219,3316800
2220,3244600
2221,3107800
2222,3061900
2223,2913100
2224,3534600
2225,3552000
2226,3007500
2227,3108800
2228,3288500
2229,3635000
2230,3343100
2231,3045500
2232,3038200
2233,3475100
2234,3857800
2235,3797600
2236,3024500
2237,3164000
2238,3196700
2239,3133100
2240,3223300
2241,3173600
2242,3137100
2243,3195700
2244,3053800
2245,3892500
2246,3117100
2247,3163200
2248,3059100
2249,3072900
2250,3240200
2251,3150400
2252,3374100
2253,3013500
2254,3078400
2255,3478500
2256,3219800
2257,3203200
2258,3082900
2259,2953700
2260,3362800
2261,3310600
2262,3266800
2263,3005800
2264,2897700
2265,2945900
2266,3854300
2267,3234700
2268,3163400
2269,2984500
2270,3017600
2271,3331000
2272,3239000
2273,3084900
2274,2949900
2275,3185700
2276,3239400
2277,4343800
2278,4050800
2279,3649500
2280,3405800
2281,3648000
2282,3125400
2283,3008000
2284,2919900
2285,3010100
2286,3979700
2287,3017200
2288,2988200
2289,2966400
2290,2934600
2291,3498000
2292,3219700
2293,3022500
2294,2885600
2295,2941300
2296,3724200
2297,3476100
2298,3039600
2299,2931900
2300,3117600
2301,3217800
2302,3229600
2303,2984300
2304,2920300
2305,2965200
2306,3215000
2307,3465400
2308,3131700
2309,2951000
2310,2915300
2311,3134200
2312,3511900
2313,3280200
2314,2977100
2315,2998300
2316,3151000
2317,3201400
2318,3745100
2319,3033200
2320,3034500
2321,3086900
2322,2908500
2323,3342800
2324,3019900
2325,2941200
2326,3224600
2327,3018200
2328,3274000
2329,3573300
2330,2985300
2331,3357300
2332,3018300
2333,3330200
2334,3434500
2335,2990400
2336,3301700
2337,3009500
2338,3168900
2339,3747300
2340,3040500
2341,3165400
2342,3134400
2343,3034700
2344,3363800
2345,2988800
2346,3309900
2347,3003800
2348,3032900
2349,4003100
2350,3116000
2351,3495900
2352,3127300
2353,2982900
2354,3202700
2355,3074100
2356,3313100
2357,3064900
2358,3029700
2359,3375100
2360,3653900
2361,3750000
2362,3495300
2363,3572300
2364,3677900
2365,3454900
2366,3175700
2367,2954200
2368,3000400
2369,3719300
2370,3339000
2371,3087300
2372,2926900
2373,2950300
2374,3127900
2375,3193500
2376,3082800
2377,3068700
2378,2917800
2379,3017400
2380,4488800
2381,3371300
2382,3507100
2383,3313400
2384,3797500
2385,3982900
2386,3570900
2387,3436700
2388,3457400
2389,4283300
2390,3540500
2391,3367900
2392,3233500
2393,3925700
2394,4022400
2395,3117400
2396,2988900
2397,3098700
2398,3645400
2399,3735700
2400,3071200
2401,2902000
2402,3316800
2403,3302800
2404,3292800
2405,2935000
2406,2925600
2407,3179000
2408,4121200
2409,4593700
2410,3640200
2411,3576600
2412,3467600
2413,4192000
2414,3411400
2415,3631700
2416,3622400
2417,3752000
2418,3865900
2419,3604100
2420,3675200
2421,3469400
2422,3813100
2423,3293500
2424,3533700
2425,3322600
2426,3443900
2427,4277200
2428,3460300
2429,3546300
2430,3415900
2431,3852400
2432,3506500
2433,3781400
2434,3425300
2435,3340700
2436,4320500
2437,3684100
2438,3496300
2439,3603900
2440,3934900
2441,3869500
2442,3496700
2443,3281800
2444,3483500
2445,4123500
2446,3478300
2447,3289700
2448,3310700
2449,3355300
2450,4177900
2451,3461500
2452,3466900
2453,3284100
2454,4217400
2455,3941600
2456,4256800
2457,4015700
2458,7338300
2459,3522000
2460,3120700
2461,3535400
2462,4104500
2463,3267000
2464,2975500
2465,3018100
2466,3024000
2467,3121700
2468,3206700
2469,2948900
2470,3235500
2471,3133200
2472,3244000
2473,3722400
2474,2966700
2475,2969100
2476,3121600
2477,3038500
2478,3570000
2479,3056200
2480,2955500
2481,3219900
2482,3162400
2483,3586200
2484,3097500
2485,2931500
2486,3164200
2487,3060900
2488,3182800
2489,3348000
2490,3036900
2491,3119900
2492,3125400
2493,3293300
2494,3910300
2495,2995000
2496,3054200
2497,3122700
2498,3050100
2499,3332200
2500,3021900
2501,3227200
2502,3057900
2503,3065600
2504,3789400
2505,3303700
2506,2987700
2507,3016100
2508,3067800
2509,3116600
2510,3316400
2511,3664600
2512,3109200
2513,3016700
2514,3574400
2515,3680000
2516,3096300
2517,2919300
2518,3074500
2519,3218800
2520,3487200
2521,3032200
2522,3028800
2523,3039800
2524,3117900
2525,3787000
2526,2985700
2527,2990000
2528,2954100
2529,3036400
2530,3609500
2531,3228400
2532,2960000
2533,2941300
2534,3031500
2535,4139500
2536,3786100
2537,3286800
2538,3093800
2539,3101400
2540,3766000
2541,3168300
2542,3114300
2543,3090400
2544,3357600
2545,3686400
2546,3421700
2547,3091700
2548,3072000
2549,3199400
2550,3368900
2551,3050800
2552,3117100
2553,2911000
2554,3067000
2555,3329100
2556,3511300
2557,3089300
2558,2998300
2559,3061500
2560,2964900
2561,3458100
2562,3155800
2563,3041800
2564,3596000
2565,3205600
2566,3718900
2567,3035200
2568,3061700
2569,3191500
2570,3006200
2571,3178200
2572,3176800
2573,2966100
2574,3252900
2575,3058900
2576,3204300
2577,3799400
2578,2974800
2579,3364500
2580,3118300
2581,3355200
2582,3574400
2583,3242800
2584,3562600
2585,3821400
2586,4147900
2587,3249400
2588,3102100
2589,3042600
2590,2979400
2591,3179600
2592,3203500
2593,3057100
2594,2926600
2595,2968000
2596,3097300
2597,4105400
2598,3495800
2599,3038100
2600,2992500
2601,3300500
2602,3456400
2603,3227600
2604,3052200
2605,3069400
2606,3281600
2607,3775700
2608,3157300
2609,3001800
2610,2902100
2611,3034100
2612,3566900
2613,3136200
2614,2961100
2615,2889000
2616,3085800
2617,3706600
2618,3523900
2619,3074900
2620,2964200
2621,2993400
2622,3188100
2623,3276900
2624,2889200
2625,2927300
2626,3042300
2627,3158200
2628,4203100
2629,2991800
2630,2966600
2631,3043000
2632,3322300
2633,3585400
2634,3063700
2635,2947500
2636,3039900
2637,3167000
2638,3525900
2639,3312700
2640,2987400
2641,3058200
2642,3156800
2643,3097500
2644,3176900
2645,2917200
2646,2998100
2647,3064700
2648,3046800
2649,3984100
2650,2968800
2651,3105500
2652,3178500
2653,3091000
2654,3339400
2655,3130700
2656,3083100
2657,3117600
2658,3098600
2659,3314000
2660,3475700
2661,3112300
2662,3637700
2663,3762400
2664,3982900
2665,3335900
2666,3440700
2667,3277500
2668,3120400
2669,3816300
2670,3205100
2671,3125700
2672,3053000
2673,3040100
2674,3273500
2675,3200500
2676,3164400
2677,3064800
2678,2915700
2679,3291100
2680,3537500
2681,3140000
2682,3087600
2683,2984800
2684,3420100
2685,3471300
2686,3019400
2687,3044500
2688,3039900
2689,2957600
2690,3970700
2691,3271300
2692,3240800
2693,2926100
2694,3007400
2695,3292000
2696,3181200
2697,3195500
2698,3016700
2699,2986100
2700,3411400
2701,3811300
2702,3191800
2703,3098100
2704,2982900
2705,3194600
2706,3505200
2707,3110300
2708,2882500
2709,3122500
2710,3355300
2711,3804800
2712,3671800
2713,4125900
2714,3806700
2715,4065000
2716,3597300
2717,3442900
2718,3573300
2719,4613700
2720,3679700
2721,3413100
2722,3506400
2723,3293800
2724,3908500
2725,3416900
2726,3506900
2727,3323500
2728,3531300
2729,3526600
2730,3092200
2731,3002300
2732,2979700
2733,3043500
2734,3673200
2735,3076100
2736,2944600
2737,3001400
2738,3019400
2739,3843400
2740,3630200
2741,3015400
2742,3070800
2743,3248900
2744,3369200
2745,3199300
2746,3028200
2747,2953400
2748,3171900
2749,3459200
2750,3420800
2751,2918800
2752,2919400
2753,3260800
2754,3238400
2755,3279300
2756,2980300
2757,2978200
2758,3224800
2759,3145400
2760,3891800
2761,3273700
2762,2895500
2763,3201700
2764,3210700
2765,3283800
2766,3098000
2767,3004500
2768,3161700
2769,3215000
2770,3520900
2771,3822400
2772,2902400
2773,3119500
2774,3085300
2775,3140200
2776,3341400
2777,2912100
2778,3152600
2779,3534700
2780,3229800
2781,3557000
2782,3067300
2783,3180200
2784,3104400
2785,3025600
2786,3602400
2787,3102400
2788,3148600
2789,3091600
2790,3101600
2791,3414900
2792,3091700
2793,3077200
2794,3118700
2795,3052000
2796,3024100
2797,3293300
2798,3265300
2799,3066400
2800,3093500
2801,3188100
2802,3440800
2803,3474200
2804,3238600
2805,3082500
2806,2980500
2807,3297600
2808,3168500
2809,3053100
2810,3020900
2811,2954300
2812,3438500
2813,3642900
2814,3067900
2815,2976500
2816,2919000
2817,3158400
2818,3406300
2819,3136900
2820,3047800
2821,3014500
2822,3169800
2823,4739800
2824,3172100
2825,3045600
2826,3029700
2827,3156700
2828,3446400
2829,3022600
2830,3067100
2831,2997000
2832,3060400
2833,3847200
2834,3143100
2835,2924300
2836,3023800
2837,3090200
2838,3733700
2839,3254800
2840,2939600
2841,2956400
2842,3100600
2843,3261800
2844,3521000
2845,3041300
2846,2962500
2847,3647000
2848,3978600
2849,3209100
2850,3094700
2851,3094700
2852,3102200
2853,3301200
2854,3429300
2855,3030600
2856,3392500
2857,3194700
2858,3246700
2859,3212200
2860,2952400
2861,3106900
2862,3098400
2863,3069600
2864,3759500
2865,3040500
2866,3181300
2867,3195200
2868,3053900
2869,3272500
2870,3192700
2871,3033100
2872,3005100
2873,2959000
2874,3780800
2875,3367600
2876,3096500
2877,3106400
2878,3012900
2879,3102800
2880,3196400
2881,3140200
2882,3031700
2883,3023500
2884,3024600
2885,3827100
2886,3212600
2887,3018800
2888,2961700
2889,3065300
2890,3531900
2891,3374700
2892,3051900
2893,2938200
2894,2932600
2895,3462500
2896,3794700
2897,4127400
2898,3590000
2899,3479600
2900,3838100
2901,3532600
2902,3064200
2903,3016000
2904,3129500
2905,3753200
2906,3004200
2907,3115400
2908,2905300
2909,3141400
2910,3696300
2911,3232800
2912,3114600
2913,2966000
2914,3165900
2915,3514000
2916,3720900
2917,3005700
2918,2897600
2919,3169600
2920,3435100
2921,3123700
2922,3096000
2923,3033700
2924,3083700
2925,3699600
2926,3400600
2927,3029100
2928,2970000
2929,2948200
2930,3082500
2931,3270600
2932,3059200
2933,2929500
2934,2969200
2935,3157800
2936,3359400
2937,3591800
2938,2959200
2939,3003100
2940,3152400
2941,3305800
2942,3239800
2943,3027600
2944,2988500
2945,3287900
2946,3326600
2947,3761900
2948,3003500
2949,3087700
2950,3082400
2951,3124200
2952,3340400
2953,3025000
2954,2981200
2955,3074700
2956,3049500
2957,3393200
2958,3189500
2959,3019700
2960,3130400
2961,3121100
2962,3368600
2963,3338400
2964,3170000
2965,3036400
2966,3075500
2967,3121900
2968,3906500
2969,3146800
2970,3330300
2971,3654200
2972,3830700
2973,3478100
2974,3000700
2975,3423700
2976,3059000
2977,3880000
2978,3276800
2979,3478800
2980,3178000
2981,3067100
2982,3257700
2983,3414700
2984,3274300
2985,2995400
2986,2921900
2987,3146700
2988,3895600
2989,3138800
2990,3027500
2991,2862900
2992,2889100
2993,3554600
2994,3323500
2995,3236100
2996,3142500
2997,3156700
2998,3523500
2999,3320800
3000,3030400
3001,2925100
3002,3126100
3003,3348400
3004,3467000
3005,3142500
3006,3016300
3007,3087200
3008,3397000
3009,3449300
3010,3013600
3011,2980100
3012,2895400
3013,3079800
3014,3957800
3015,3065300
3016,3057600
3017,3068200
3018,3063900
3019,4108300
3020,3024100
3021,3050700
3022,3053300
3023,2958400
3024,3889000
3025,3709700
3026,3811700
3027,3568700
3028,4378500
3029,3796200
3030,3446500
3031,3369300
3032,3525300
3033,3809500
3034,3552200
3035,3342500
3036,3797000
3037,3767100
3038,4024700
3039,3337200
3040,3282700
3041,3572100
3042,3677600
3043,3476100
3044,3332900
3045,3518500
3046,3325300
3047,3502600
3048,3919400
3049,3395100
3050,3800100
3051,3449800
3052,3501200
3053,3220000
3054,3449300
3055,3438600
3056,3535100
3057,4340600
3058,3786100
3059,3771900
3060,3281200
3061,3630100
3062,3327300
3063,3764100
3064,3359900
3065,3504600
3066,3686800
3067,3627700
3068,3623100
3069,3387200
3070,3603300
3071,3894000
3072,3467700
3073,3527400
3074,5709000
3075,4012700
3076,5697400
3077,5236400
3078,3693100
3079,3218800
3080,3046400
3081,3071900
3082,3373600
3083,3597900
3084,3078000
3085,3036800
3086,2874400
3087,2998900
3088,3537900
3089,3130900
3090,2987300
3091,3025100
3092,2979900
3093,3746700
3094,3477600
3095,3059800
3096,2993200
3097,3058200
3098,3196100
3099,3415000
3100,3097900
3101,3020100
3102,2891100
3103,3250700
3104,3851700
3105,3045400
3106,3008200
3107,2857300
3108,3172300
3109,3679000
3110,3311200
3111,2948000
3112,2928400
3113,3104600
3114,3345400
3115,3647600
3116,2920900
3117,2965500
3118,3439400
3119,3208500
3120,3310200
3121,3021000
3122,3060700
3123,3340100
3124,3237500
3125,4141700
3126,3066200
3127,2903500
3128,3736800
3129,3451000
3130,3299100
3131,3095300
3132,3143300
3133,3134400
3134,3233700
3135,3806900
3136,3074800
3137,3107400
3138,2892100
3139,2953200
3140,3339800
3141,3132500
3142,3052500
3143,3131300
3144,3057100
3145,3776500
3146,3335000
3147,3206800
3148,2998900
3149,3051400
3150,3163100
3151,3181500
3152,3549300
3153,3436000
3154,3159600
3155,3499500
3156,3517900
3157,3192400
3158,3018100
3159,3202100
3160,3437100
3161,3585300
3162,3267400
3163,3043000
3164,2990400
3165,3182600
3166,3884400
3167,3060700
3168,3121300
3169,3076300
3170,3018500
3171,3580600
3172,3049500
3173,3011300
3174,2963800
3175,3333400
3176,3440400
3177,3035700
3178,2939000
3179,2982600
3180,3074400
3181,3413100
3182,3415000
3183,3123500
3184,3070600
3185,3086200
3186,3540800
3187,3237400
3188,2974000
3189,2952400
3190,3163800
3191,3162800
3192,3408300
3193,3038300
3194,3015900
3195,3037500
3196,3187800
3197,3724900
3198,3186200
3199,3109100
3200,3168400
3201,3111700
3202,3293900
3203,3119400
3204,2900000
3205,3307900
3206,3615600
3207,4283800
3208,3964700
3209,3229500
3210,3125300
3211,3008300
3212,3514700
3213,3042300
3214,3111800
3215,3121700
3216,3161600
3217,3283300
3218,3573400
3219,3246900
3220,3036400
3221,3082300
3222,3140900
3223,3236200
3224,3020500
3225,3166000
3226,3030800
3227,3309900
3228,3353100
3229,3011500
3230,3519700
3231,3158400
3232,2991200
3233,3300900
3234,3096500
3235,3072200
3236,2901200
3237,3003800
3238,3263500
3239,3689600
3240,3118400
3241,2997400
3242,2978100
3243,3118200
3244,3285500
3245,3162400
3246,3175300
3247,2944600
3248,3017100
3249,4087800
3250,3137900
3251,3000700
3252,2952600
3253,2994100
3254,3264800
3255,3218800
3256,2954400
3257,2984500
3258,3042300
3259,3666100
3260,3464900
3261,3025900
3262,3010100
3263,3014800
3264,3419100
3265,3633700
3266,3004300
3267,3003700
3268,3022600
3269,3433400
3270,3538000
3271,3126100
3272,3005900
3273,2934000
3274,3495800
3275,4144700
3276,3539900
3277,3643800
3278,3006800
3279,3505800
3280,3528900
3281,3039800
3282,3003300
3283,3506600
3284,3679900
3285,3386100
3286,2959500
3287,2902400
3288,3365000
3289,3287200
3290,3689900
3291,2905100
3292,3075700
3293,3224500
3294,2967300
3295,3215800
3296,3133600
3297,3024500
3298,3181300
3299,3155500
3300,3518400
3301,3464700
3302,2914300
3303,3211300
3304,3065400
3305,3183100
3306,3296500
3307,3353700
3308,4139600
3309,3117400
3310,3446000
3311,3496900
3312,3121400
3313,3077300
3314,3092000
3315,3308400
3316,3290100
3317,3162800
3318,3181600
3319,3079100
3320,3091800
3321,3699100
3322,3126300
3323,3012300
3324,3124500
3325,3082100
3326,3335500
3327,3467600
3328,3814400
3329,4028700
3330,4030200
3331,4105200
3332,3450700
3333,3436000
3334,3214200
3335,4332700
3336,3512400
3337,3510400
3338,3404700
3339,3735600
3340,4042600
3341,3582900
3342,3358300
3343,3270000
3344,3551200
3345,3246900
3346,3147500
3347,2895900
3348,3043700
3349,3499700
3350,3547300
3351,3050800
3352,3052900
3353,3050000
3354,3969300
3355,3394500
3356,3210300
3357,3210600
3358,3531600
3359,3531800
3360,3640200
3361,3364600
3362,3466000
3363,3347000
3364,3804700
3365,3334600
3366,3179300
3367,3451500
3368,3320800
3369,4227700
3370,3243500
3371,3132800
3372,3503300
3373,3245200
3374,3600000
3375,3524500
3376,3345800
3377,3373200
3378,3739400
3379,3551300
3380,3263500
3381,3360600
3382,3091300
3383,3473200
3384,3452700
3385,3489200
3386,3129200
3387,3134900
3388,3923800
3389,3378400
3390,3288200
3391,3080500
3392,3243800
3393,3327400
3394,3490400
3395,3302400
3396,3311200
3397,3212800
3398,3826700
3399,4106900
3400,3374500
3401,3075700
3402,3084100
3403,3390000
3404,3262500
3405,3006800
3406,2959400
3407,2990300
3408,3256600
3409,3960200
3410,3170900
3411,2927900
3412,3000900
3413,3064900
3414,3330100
3415,3121600
3416,2959700
3417,2898400
3418,2956300
3419,3790200
3420,3362600
3421,2972100
3422,3005900
3423,3022700
3424,3644200
3425,3234300
3426,2990300
3427,2987400
3428,2986700
3429,3392200
3430,3801000
3431,3080500
3432,2929600
3433,2961800
3434,3213400
3435,3743700
3436,3037200
3437,3073200
3438,3268500
3439,4270100
3440,3445900
3441,3164300
3442,3006500
3443,3018700
3444,3056300
3445,3462300
3446,2985000
3447,2886100
3448,3157800
3449,3081200
3450,3509400
3451,3627900
3452,3039400
3453,3118000
3454,3172800
3455,3426500
3456,3156000
3457,2933600
3458,3554800
3459,3295000
3460,3499000
3461,3442000
3462,3224000
3463,3167800
3464,3251700
3465,3480600
3466,3084700
3467,3545600
3468,3431700
3469,2985900
3470,3250300
3471,3816300
3472,3089500
3473,3134600
3474,2965800
3475,3218600
3476,3240200
3477,3240400
3478,3254800
3479,3115000
3480,3450300
3481,3594100
3482,3374100
3483,3232400
3484,3256700
3485,3539500
3486,3762800
3487,3340500
3488,3140800
3489,3396700
3490,3442000
3491,4218800
3492,3233600
3493,3183400
3494,3196400
3495,3756000
3496,3339100
3497,3298300
3498,3170100
3499,3365700
3500,4207400
3501,3482600
3502,3149700
3503,3261100
3504,3389500
3505,3725200
3506,3245000
3507,3192700
3508,3155000
3509,3366200
3510,4069300
3511,3382000
3512,3084600
3513,3262000
3514,4014500
3515,4275900
3516,3861200
3517,3684200
3518,3343700
3519,3824700
3520,3591600
3521,3183800
3522,3358800
3523,3008800
3524,3420600
3525,3061100
3526,2970600
3527,2957300
3528,2958900
3529,3519500
3530,3167800
3531,3034200
3532,3254700
3533,3183400
3534,3481600
3535,3365200
3536,2997400
3537,3078800
3538,3075200
3539,3134100
3540,3805500
3541,2955400
3542,3108800
3543,3075700
3544,3085600
3545,3271700
3546,3249600
3547,3086000
3548,3036200
3549,3483600
3550,3589800
3551,3320000
3552,3126500
3553,3001700
3554,2966400
3555,3347700
3556,3319800
3557,3107700
3558,2979500
3559,3212600
3560,3212100
3561,3892400
3562,2923000
3563,3069600
3564,3148900
3565,3105400
3566,3592300
3567,3187600
3568,2982500
3569,3086700
3570,3068900
3571,3948200
3572,3145000
3573,2938200
3574,3000100
3575,2970000
3576,3806400
3577,3560300
3578,3610700
3579,3193100
3580,3574200
3581,3653700
3582,3048900
3583,2992400
3584,3084100
3585,3522700
3586,3578400
3587,3086800
3588,2957100
3589,2955900
3590,3379400
3591,3360000
3592,3358400
3593,3008000
3594,3038200
3595,3168000
3596,3193600
3597,3975900
3598,3066200
3599,2986100
3600,3313000
3601,3701600
3602,3532600
3603,2968100
3604,3255900
3605,3034100
3606,3108200
3607,3180700
3608,2957800
3609,3325900
3610,3271800
3611,3307500
3612,3823200
3613,3013800
3614,3145300
3615,3176500
3616,2941000
3617,3194500
3618,3009300
3619,3438400
3620,3235600
3621,3067000
3622,3650400
3623,2998000
3624,3159700
3625,3023900
3626,2954800
3627,3299500
3628,3721500
3629,3319200
3630,3737100
3631,3940100
3632,4010300
3633,4108000
3634,3452900
3635,3430500
3636,3620000
3637,3453700
3638,3476700
3639,3445800
3640,3471600
3641,3862800
3642,3958300
3643,3349400
3644,3370500
3645,3337700
3646,3583400
3647,3612900
3648,3334700
3649,3361400
3650,3695700
3651,4343000
3652,3444500
3653,3345200
3654,3294200
3655,4118900
3656,3847500
3657,3426900
3658,3290500
3659,3661500
3660,4030700
3661,3414100
3662,3357400
3663,3341900
3664,3528200
3665,3520700
3666,3412300
3667,3380800
3668,3342700
3669,4302700
3670,4009800
3671,3391800
3672,3456400
3673,3744300
3674,3853900
3675,3722500
3676,3449500
3677,3810700
3678,4683900
3679,4921600
3680,4357100
3681,7798200
3682,4321000
3683,3184800
3684,3203100
3685,4244400
3686,3823100
3687,3315800
3688,3205600
3689,3293400
3690,3516200
3691,3539900
3692,3218000
3693,3301900
3694,3071000
3695,3619400
3696,3651500
3697,3256600
3698,3217000
3699,3254700
3700,3990500
3701,3456700
3702,3211700
3703,3263700
3704,3398400
3705,3721700
3706,3250900
3707,3299600
3708,3081400
3709,3644600
3710,3566900
3711,3197900
3712,3114500
3713,3104300
3714,4279900
3715,3653300
3716,3368900
3717,3197200
3718,3208000
3719,3505600
3720,3334900
3721,3101900
3722,2984800
3723,2892400
3724,3564900
3725,3828800
3726,3097800
3727,3124400
3728,3429000
3729,3073800
3730,3613000
3731,3174000
3732,2924000
3733,3074200
3734,3106300
3735,3627400
3736,3015800
3737,3030300
3738,3197100
3739,3685800
3740,3547300
3741,3164400
3742,3029700
3743,3114200
3744,3117200
3745,3267300
3746,3607500
3747,3015400
3748,3188600
3749,3240600
3750,3669800
3751,3200400
3752,3069700
3753,3213700
3754,3000600
3755,3319900
3756,3416100
3757,2974800
3758,3817000
3759,3220700
3760,3369700
3761,3334200
3762,3169600
3763,3037000
3764,3112900
3765,3444700
3766,3672500
3767,3194300
3768,3109000
3769,2975400
3770,3042000
3771,3359000
3772,3213600
3773,3012000
3774,3033400
3775,3014900
3776,3984100
3777,3215400
3778,2960900
3779,2975400
3780,2890400
3781,3531700
3782,3345100
3783,3011200
3784,3034500
3785,2984700
3786,3261200
3787,3923200
3788,3022800
3789,2992500
3790,3050000
3791,3055500
3792,3580300
3793,3132000
3794,3018300
3795,2926900
3796,3043700
3797,3827600
3798,2986700
3799,2946400
3800,2932600
3801,2936100
3802,3650400
3803,3201600
3804,2914900
3805,2927900
3806,2928200
3807,3383700
3808,3720500
3809,2945700
3810,2909000
3811,3146700
3812,3078600
3813,3278000
3814,3101000
3815,3038500
3816,3105300
3817,3981700
3818,4572900
3819,3610300
3820,3277800
3821,3181900
3822,3090200
3823,3486700
3824,3005100
3825,3421700
3826,3164200
3827,3225800
3828,3535500
3829,2950000
3830,3210800
3831,3039800
3832,2982800
3833,3640200
3834,3157000
3835,3191600
3836,3054900
3837,2966000
3838,3236100
3839,3495500
3840,3248400
3841,2982100
3842,2984300
3843,3169800
3844,3346200
3845,3277800
3846,3001100
3847,3012100
3848,2995200
3849,3950400
3850,3134000
3851,2978800
3852,3078500
3853,3018100
3854,3683900
3855,3208700
3856,3047100
3857,3001400
3858,3024500
3859,3367600
3860,3809700
3861,3076400
3862,2917600
3863,2898900
3864,3353300
3865,3346300
3866,2974900
3867,2883500
3868,3021200
3869,3556600
3870,3895400
3871,3063900
3872,3076100
3873,3128400
3874,3905100
3875,3878200
3876,3554300
3877,3059000
3878,3301600
3879,3848500
3880,3298400
3881,3107400
3882,2985800
3883,3114000
3884,3207700
3885,3244700
3886,3115000
3887,3071500
3888,3299100
3889,3615800
3890,3568700
3891,3009300
3892,2960600
3893,3162200
3894,3054800
3895,3403800
3896,3133300
3897,2943000
3898,3109700
3899,2946500
3900,3437200
3901,3430800
3902,2990400
3903,3289100
3904,3109500
3905,3463700
3906,3267100
3907,3378100
3908,3176500
3909,3128200
3910,3423700
3911,3432000
3912,3257100
3913,3077200
3914,3017800
3915,3223900
3916,3343600
3917,3174500
3918,3044100
3919,3015400
3920,3016400
3921,4228100
3922,3341600
3923,3121000
3924,3029500
3925,2991400
3926,3334700
3927,3213200
3928,3076300
3929,2998100
3930,3024300
3931,3444200
3932,3957500
3933,3781200
3934,4108300
3935,3882300
3936,4064500
3937,3628300
3938,3309800
3939,3334700
3940,4042900
3941,3547900
3942,3592100
3943,3415100
3944,3327500
3945,3781200
3946,3607000
3947,3465600
3948,3263800
3949,3408900
3950,3551900
3951,3005500
3952,2915000
3953,3087700
3954,3164900
3955,3293700
3956,3029500
3957,3024400
3958,3049000
3959,3366600
3960,3434100
3961,3406200
3962,2998800
3963,3257800
3964,3036200
3965,3332000
3966,3130000
3967,3045100
3968,3048400
3969,3090300
3970,3553300
3971,3847500
3972,3025200
3973,3326000
3974,3285600
3975,3477800
3976,3239500
3977,3172700
3978,3462600
3979,3478300
3980,3707300
3981,3588800
3982,3267800
3983,3135900
3984,3102400
3985,3463600
3986,3431100
3987,3241200
3988,3408200
3989,3156700
3990,4268100
3991,3407500
3992,3305400
3993,3322500
3994,3153000
3995,3544000
3996,3501200
3997,3228700
3998,3109600
3999,3209500
4000,3800900
4001,3617800
4002,3203200
4003,3352600
4004,3168300
4005,4041800
4006,3383600
4007,3158100
4008,3257700
4009,3410100
4010,4038400
4011,3162500
4012,3189000
4013,3130000
4014,3475100
4015,3817700
4016,3359600
4017,3286900
4018,3161500
4019,4139500
4020,3593400
4021,3160200
4022,3012100
4023,2975200
4024,3346000
4025,3379800
4026,2984500
4027,3027500
4028,3009700
4029,3459300
4030,3630300
4031,3036000
4032,2925300
4033,3007500
4034,3253500
4035,3390500
4036,3079800
4037,2998800
4038,3148400
4039,3281300
4040,3749500
4041,3279300
4042,2959600
4043,3147100
4044,3096700
4045,3522800
4046,3350400
4047,3083400
4048,3299700
4049,3608900
4050,3649300
4051,3340000
4052,3079100
4053,3209800
4054,2997300
4055,3477300
4056,3338700
4057,3130700
4058,3146700
4059,2950200
4060,3361500
4061,3473100
4062,3023800
4063,3582200
4064,3334900
4065,3308300
4066,3277500
4067,3070400
4068,3148000
4069,3025300
4070,3269400
4071,3794500
4072,3162500
4073,3163800
4074,2936800
4075,3031500
4076,3303300
4077,3244600
4078,3111300
4079,2939000
4080,3158900
4081,3661700
4082,3332100
4083,3027700
4084,3072000
4085,3045100
4086,3156500
4087,3398800
4088,3147200
4089,3018700
4090,3044200
4091,3381100
4092,3775100
4093,3205900
4094,3095500
4095,3097300
4096,3069300
4097,3277800
4098,3092000
4099,2894700
4100,2996500
4101,3014600
4102,3591900
4103,3304200
4104,3099300
4105,2989500
4106,2985400
4107,3466100
4108,3365200
4109,2956800
4110,3078000
4111,3070200
4112,3260500
4113,3716300
4114,3024600
4115,3029400
4116,3009300
4117,3235500
4118,3288900
4119,3021800
4120,3118300
4121,2920900
4122,3137700
4123,3400900
4124,3462600
4125,3005200
4126,2984600
4127,3767600
4128,4458300
4129,3888400
4130,3277100
4131,3076600
4132,3232800
4133,3928900
4134,3070900
4135,3022300
4136,3051000
4137,2999800
4138,3200700
4139,3097700
4140,2948700
4141,3079200
4142,2994300
4143,3717900
4144,3695400
4145,3267100
4146,3094000
4147,2949000
4148,3178700
4149,3330700
4150,3238000
4151,3133800
4152,2938000
4153,3380600
4154,3446300
4155,3218200
4156,3106200
4157,3076300
4158,3057600
4159,3621800
4160,3240400
4161,3136800
4162,3017600
4163,3049700
4164,3846400
4165,3102900
4166,3048900
4167,2880500
4168,2953400
4169,3354200
4170,3393000
4171,3062100
4172,3008800
4173,3027400
4174,3283800
4175,4210400
4176,3862700
4177,3571900
4178,3395300
4179,3309300
4180,3299300
4181,3034600
4182,3111600
4183,2992100
4184,3306900
4185,3973500
4186,2962800
4187,2937300
4188,3113400
4189,2970800
4190,4036000
4191,3099200
4192,2942900
4193,3099200
4194,3543400
4195,3549200
4196,3066700
4197,2935800
4198,2990300
4199,3216400
4200,3311700
4201,3131200
4202,3098600
4203,3002400
4204,3039300
4205,3512600
4206,3182400
4207,3015700
4208,3048400
4209,3186100
4210,3538500
4211,3355600
4212,2994800
4213,2991100
4214,3226600
4215,3430100
4216,3853500
4217,2932400
4218,3010500
4219,3347800
4220,3439300
4221,3279200
4222,2967100
4223,3025500
4224,3179200
4225,3130800
4226,3671900
4227,3016700
4228,3110700
4229,3474400
4230,3092000
4231,3352200
4232,2892900
4233,2970700
4234,3076800
4235,3003400
4236,3385800
4237,3508100
4238,3024200
4239,3738600
4240,3745600
4241,4085900
4242,3537800
4243,3683100
4244,3484000
4245,3898900
4246,3910800
4247,3621900
4248,3385200
4249,3498100
4250,4060300
4251,3592200
4252,3399100
4253,3515000
4254,3499600
4255,4559400
4256,3412400
4257,3316700
4258,3516400
4259,3614700
4260,3718200
4261,3436100
4262,3332700
4263,3341900
4264,4086500
4265,3702100
4266,3334300
4267,3389000
4268,3406800
4269,3764900
4270,3455500
4271,3388300
4272,3478800
4273,4069000
4274,3767900
4275,3304900
4276,3315200
4277,3715300
4278,4065000
4279,3534000
4280,3353900
4281,3829200
4282,4030200
4283,3624700
4284,3255300
4285,3220800
4286,3343900
4287,4374800
4288,6089900
4289,5902600
4290,5792800
4291,3461400
4292,2990600
4293,3079500
4294,2997700
4295,3369300
4296,3116200
4297,2977200
4298,3305900
4299,3011700
4300,3540100
4301,3163700
4302,2941300
4303,3057000
4304,3114300
4305,3354300
4306,3294600
4307,3037300
4308,3179200
4309,3062800
4310,3244800
4311,3539600
4312,2984200
4313,3174900
4314,3045000
4315,2900800
4316,3321000
4317,3106600
4318,3222500
4319,2963100
4320,3164900
4321,3431400
4322,3151000
4323,3391000
4324,3226100
4325,3270100
4326,3395300
4327,3505400
4328,3364800
4329,3260000
4330,3141700
4331,4191000
4332,3330300
4333,3063400
4334,3115500
4335,3201500
4336,3870300
4337,3433200
4338,3162900
4339,3137000
4340,3248700
4341,4077500
4342,3515300
4343,3229000
4344,3207000
4345,3358200
4346,3720300
4347,3294200
4348,3222400
4349,3304000
4350,4271000
4351,4170600
4352,3185200
4353,3258900
4354,3395200
4355,3863400
4356,3479100
4357,3211200
4358,3146700
4359,3423900
4360,3495700
4361,3813900
4362,3144000
4363,3542500
4364,3717500
4365,3651300
4366,3310800
4367,3370200
4368,3289300
4369,3375800
4370,3805900
4371,3317500
4372,3324800
4373,3199700
4374,2927200
4375,3903400
4376,3238200
4377,3102200
4378,2965800
4379,3040700
4380,4051700
4381,3194400
4382,3067500
4383,2984900
4384,3009100
4385,3281800
4386,3349900
4387,3217400
4388,2922800
4389,2990400
4390,3953900
4391,3335100
4392,3087600
4393,2913000
4394,3111100
4395,3169700
4396,3385800
4397,3093200
4398,2855900
4399,3000900
4400,3135200
4401,3875700
4402,3126500
4403,2864400
4404,3015400
4405,3020200
4406,3485300
4407,3153900
4408,2979300
4409,2957400
4410,3055900
4411,3733300
4412,3563000
4413,2998500
4414,2979100
4415,3049900
4416,3408600
4417,3285300
4418,2977500
4419,2982100
4420,3027500
4421,3333700
4422,3678200
4423,3041000
4424,3057400
4425,3024100
4426,3149900
4427,3601200
4428,3228200
4429,3110700
4430,2976600
4431,3792700
4432,4141000
4433,3951600
4434,3210500
4435,3221100
4436,3089800
4437,3337000
4438,2923000
4439,2993600
4440,3258300
4441,3111500
4442,3621500
4443,3217400
4444,3108700
4445,3109000
4446,3132700
4447,3294900
4448,3162700
4449,2973200
4450,3120600
4451,3117600
4452,3201600
4453,3947700
4454,3089100
4455,3240000
4456,3018200
4457,3164000
4458,3278800
4459,3009600
4460,3278800
4461,3080400
4462,3052400
4463,3705800
4464,3214700
4465,3074400
4466,3069800
4467,2905400
4468,3110900
4469,3353100
4470,3002800
4471,2921500
4472,2983100
4473,3167600
4474,4318300
4475,3911300
4476,3617600
4477,3300700
4478,3358300
4479,3314000
4480,3092100
4481,2930900
4482,3016100
4483,3473600
4484,3485700
4485,3035800
4486,2960300
4487,3039100
4488,3040700
4489,3406300
4490,2922000
4491,2872000
4492,2960600
4493,3127100
4494,3885900
4495,3148500
4496,2967400
4497,2985800
4498,3105400
4499,3507100
4500,3194500
4501,3020100
4502,3036300
4503,3208900
4504,3513700
4505,3148700
4506,3030800
4507,3002600
4508,3186900
4509,3383400
4510,3280200
4511,2998100
4512,3054900
4513,3253200
4514,3156500
4515,3879500
4516,3040100
4517,3330800
4518,3265200
4519,3229600
4520,3271300
4521,2979600
4522,3276300
4523,3052800
4524,3082500
4525,3337700
4526,3445200
4527,3294000
4528,3009800
4529,2963100
4530,3367000
4531,3386500
4532,3072800
4533,3042600
4534,3111800
4535,3260300
4536,3535000
4537,3086700
4538,2960700
4539,3091400
4540,3272200
4541,3257400
4542,3651800
4543,3923800
4544,4342800
4545,4601500
4546,3594800
4547,3491800
4548,3599400
4549,3472800
4550,3600400
4551,3507000
4552,3322500
4553,3625900
4554,4195700
4555,3779400
4556,3514400
4557,3312100
4558,3428500
4559,3911700
4560,2997600
4561,2934200
4562,2949200
4563,3159200
4564,3288800
4565,3318700
4566,2982000
4567,2977900
4568,3418300
4569,3509900
4570,3123900
4571,3025900
4572,3109300
4573,3112300
4574,3488400
4575,3252300
4576,2960800
4577,3032700
4578,3197600
4579,2962800
4580,3933500
4581,3047900
4582,3236400
4583,3137500
4584,3331300
4585,3632000
4586,3116500
4587,3151000
4588,2937600
4589,2964700
4590,3430300
4591,3116900
4592,3315200
4593,3218800
4594,3053800
4595,3729100
4596,3879800
4597,3123300
4598,3114500
4599,3021800
4600,3299500
4601,3178800
4602,3038900
4603,3038700
4604,3112500
4605,3274200
4606,3814600
4607,3296500
4608,3043900
4609,3058900
4610,2993600
4611,3419200
4612,3190300
4613,3022400
4614,2901000
4615,3079100
4616,3974800
4617,3130600
4618,3150800
4619,2989300
4620,2979900
4621,3531000
4622,3197900
4623,3010800
4624,3008400
4625,3026700
4626,3805200
4627,3738800
4628,3008300
4629,3008900
4630,2961600
4631,3279400
4632,3213300
4633,2955400
4634,3043100
4635,3008700
4636,3322700
4637,3654000
4638,3188600
4639,2859400
4640,3026600
4641,3098800
4642,3368400
4643,3070000
4644,2955600
4645,3048800
4646,3285100
4647,3420600
4648,3306800
4649,2902600
4650,3295500
4651,3018900
4652,3330600
4653,3446300
4654,2953300
4655,3128500
4656,3107600
4657,2912700
4658,3859900
4659,3062000
4660,3308600
4661,3546300
4662,3172400
4663,3344900
4664,3068900
4665,3307700
4666,3205800
4667,3127900
4668,3832300
4669,3170100
4670,3193400
4671,2961000
4672,2945300
4673,3368200
4674,3416100
4675,3539700
4676,3256400
4677,3180000
4678,3423200
4679,3764600
4680,3067100
4681,3102400
4682,3053700
4683,3937800
4684,3463000
4685,3188800
4686,3179600
4687,3263300
4688,3721700
4689,3554800
4690,3292000
4691,3237500
4692,3099500
4693,3771500
4694,3268900
4695,3238500
4696,3207700
4697,3401500
4698,3661300
4699,3284500
4700,3295700
4701,3202700
4702,3450400
4703,4041200
4704,3260300
4705,3304600
4706,3488300
4707,3440300
4708,3961200
4709,3170400
4710,3115800
4711,3426900
4712,3550000
4713,3429800
4714,3107000
4715,3176400
4716,3266200
4717,4048300
4718,3654600
4719,3333000
4720,3316900
4721,3271000
4722,3494500
4723,3369100
4724,3240500
4725,3337400
4726,3291500
4727,3549800
4728,3688900
4729,3334000
4730,3348200
4731,3196300
4732,3702600
4733,3421600
4734,3127400
4735,2940100
4736,3046200
4737,3456900
4738,3275900
4739,3099400
4740,3009400
4741,2946600
4742,3203300
4743,3262200
4744,3607000
4745,3809300
4746,3608500
4747,3545300
4748,4224900
4749,3111500
4750,2994900
4751,3008000
4752,3500100
4753,3363300
4754,3021800
4755,2903300
4756,3009900
4757,3504500
4758,3380200
4759,2993700
4760,2930800
4761,3020500
4762,3044100
4763,3480600
4764,3112300
4765,2938500
4766,2974300
4767,3032400
4768,3819400
4769,3339400
4770,3000500
4771,3033100
4772,3003700
4773,3522800
4774,3211800
4775,3017100
4776,2903000
4777,3094700
4778,3436200
4779,3781400
4780,2974100
4781,3027700
4782,3073800
4783,4150700
4784,3785700
4785,3469600
4786,3062500
4787,3262100
4788,3314300
4789,3458800
4790,2907800
4791,3061600
4792,3278500
4793,3196000
4794,3264100
4795,2971600
4796,2968300
4797,3283400
4798,3114600
4799,3764100
4800,3022000
4801,3213300
4802,3099200
4803,3020800
4804,3718400
4805,3130600
4806,3252500
4807,3184000
4808,3003300
4809,3301100
4810,3380300
4811,3249300
4812,3015700
4813,2922100
4814,3383000
4815,3292800
4816,3242900
4817,3253700
4818,3043600
4819,3604900
4820,3601000
4821,3162900
4822,3084200
4823,3048200
4824,2989500
4825,3301400
4826,3319700
4827,3117400
4828,2996400
4829,3063600
4830,3780100
4831,3578800
4832,3090500
4833,3016400
4834,3028800
4835,3231600
4836,3766300
4837,3289600
4838,3424800
4839,3324900
4840,4056400
4841,3263800
4842,3153300
4843,3244500
4844,3235100
4845,3844800
4846,3432500
4847,3250300
4848,3124000
4849,3964700
4850,4290600
4851,4013500
4852,3997800
4853,4228500
4854,4189000
4855,3680700
4856,3720300
4857,3736800
4858,4047100
4859,3685200
4860,3486200
4861,3718100
4862,3971100
4863,3557100
4864,3455900
4865,3557200
4866,3458900
4867,3919800
4868,3460200
4869,3378700
4870,3652600
4871,3267200
4872,3775100
4873,3420600
4874,3689600
4875,3619300
4876,3767300
4877,3817000
4878,3216300
4879,3514000
4880,3655600
4881,3664000
4882,3467500
4883,4009200
4884,3674300
4885,3558000
4886,4097000
4887,3577300
4888,3603800
4889,3403100
4890,3708300
4891,3418400
4892,3585300
4893,3369600
4894,3392900
4895,3952100
4896,4004600
4897,3342800
4898,3608000
4899,5249000
4900,4234200
4901,6078200
4902,4831500
4903,3362600
4904,2962700
4905,2973500
4906,3049500
4907,3077500
4908,3260700
4909,3136600
4910,2991100
4911,3100900
4912,3137800
4913,3988700
4914,3049700
4915,2917900
4916,2999800
4917,3094000
4918,3460300
4919,3187600
4920,2936900
4921,2972700
4922,3096100
4923,3502600
4924,3400300
4925,2999700
4926,3021000
4927,3215800
4928,3230400
4929,3245700
4930,3070400
4931,2929300
4932,2936600
4933,3831600
4934,3473400
4935,3228900
4936,2964900
4937,3379500
4938,3187200
4939,3251800
4940,3176800
4941,2944600
4942,3097500
4943,3115000
4944,3518800
4945,3319900
4946,2956900
4947,3268400
4948,3391700
4949,3484600
4950,3270800
4951,3145500
4952,3108000
4953,3125800
4954,3258300
4955,3652500
4956,3050700
4957,3400100
4958,3070600
4959,3083800
4960,3388600
4961,3054600
4962,3621900
4963,3454200
4964,3268500
4965,4062000
4966,3187000
4967,3054000
4968,3231400
4969,3053100
4970,3374200
4971,3516400
4972,3368200
4973,3142800
4974,3380600
4975,3639100
4976,3204200
4977,3072000
4978,3142500
4979,3031000
4980,3280400
4981,3164700
4982,3010200
4983,2951700
4984,2971900
4985,3459400
4986,3914500
4987,3115600
4988,3062400
4989,3029300
4990,3556000
4991,3120300
4992,3059900
4993,3047500
4994,3011700
4995,3727000
4996,3474900
4997,3095200
4998,3026400
4999,3110200
5000,3513700
5001,3415400
5002,3072000
5003,3068300
5004,2883000
5005,3220200
5006,3773300
5007,3033600
5008,2961900
5009,2906800
5010,3133600
5011,3294100
5012,3107200
5013,3000600
5014,2960300
5015,3058500
5016,3750600
5017,3532800
5018,2932400
5019,2982400
5020,3177300
5021,3309200
5022,3325800
5023,3026200
5024,3013100
5025,3092200
5026,3151100
5027,3913800
5028,3065500
5029,3038300
5030,3064500
5031,2985100
5032,3192800
5033,3136700
5034,3088800
5035,3464800
5036,3239300
5037,3559700
5038,3440000
5039,3338200
5040,3184000
5041,3065100
5042,3397000
5043,3255700
5044,3208500
5045,3040400
5046,2997900
5047,3189600
5048,3477800
5049,3321900
5050,3751600
5051,3851300
5052,3825000
5053,3393200
5054,3214100
5055,3067300
5056,3025600
5057,3384100
5058,3543600
5059,3275500
5060,3032500
5061,2902500
5062,3373300
5063,3169100
5064,3146200
5065,3055900
5066,3039100
5067,3179000
5068,3635000
5069,3115800
5070,3115200
5071,3029700
5072,3044300
5073,3711100
5074,3216300
5075,3051400
5076,3067900
5077,3044200
5078,3544700
5079,3395000
5080,3005700
5081,3015400
5082,2998700
5083,3262100
5084,3606300
5085,3594900
5086,3489700
5087,3181500
5088,3934400
5089,3451900
5090,3088900
5091,3041600
5092,3024700
5093,3431100
5094,3219600
5095,3081700
5096,2990200
5097,3086200
5098,3424100
5099,3497000
5100,2963500
5101,2969100
5102,3150300
5103,3317300
5104,3544700
5105,3060100
5106,2878600
5107,3318100
5108,3187600
5109,4044200
5110,3088700
5111,2918600
5112,3201900
5113,3127700
5114,3392200
5115,3090100
5116,2982600
5117,3763400
5118,3096600
5119,3437600
5120,3409700
5121,2984300
5122,3674900
5123,3150300
5124,3212300
5125,3109900
5126,2894600
5127,3223100
5128,3121000
5129,3358000
5130,3524700
5131,2992200
5132,3407500
5133,3058600
5134,3035600
5135,3203400
5136,2955700
5137,3244800
5138,3092600
5139,3043400
5140,3964200
5141,3078100
5142,3197100
5143,3060600
5144,2940500
5145,3275800
5146,3187600
5147,3218300
5148,3004200
5149,2994100
5150,3354700
5151,3331800
5152,3467700
5153,3694900
5154,3978100
5155,4305000
5156,3719800
5157,3750100
5158,3470800
5159,3820100
5160,3846000
5161,3577600
5162,3449200
5163,3491800
5164,4116800
5165,3658600
5166,3324500
5167,3582300
5168,3507000
5169,3566400
5170,3044800
5171,2981100
5172,2961400
5173,3025900
5174,3317400
5175,3116800
5176,2882800
5177,3011800
5178,2949800
5179,3852600
5180,3433600
5181,2984600
5182,3009600
5183,3050200
5184,3393500
5185,3214400
5186,3047600
5187,3015900
5188,3501600
5189,3894400
5190,3640500
5191,3047400
5192,2942400
5193,3127700
5194,3133400
5195,3227300
5196,3061600
5197,2943400
5198,3294100
5199,3206400
5200,4025200
5201,3021700
5202,3253200
5203,3019800
5204,2989500
5205,3898900
5206,3070900
5207,2926000
5208,3117700
5209,3061000
5210,3316100
5211,3670500
5212,3109300
5213,2997900
5214,3249700
5215,3371000
5216,3167500
5217,3144300
5218,2985800
5219,3047300
5220,3328300
5221,3443300
5222,3049900
5223,3062800
5224,3010600
5225,3049200
5226,3598700
5227,3268500
5228,2960100
5229,3001600
5230,2982100
5231,3334600
5232,3765900
5233,3155600
5234,2901000
5235,3077300
5236,3307200
5237,3169500
5238,3113200
5239,3054000
5240,2976000
5241,3613900
5242,3882400
5243,3148400
5244,3005800
5245,2937200
5246,3106400
5247,3247900
5248,3102000
5249,3072500
5250,2958000
5251,3021400
5252,3824900
5253,3078400
5254,3043900
5255,2955500
5256,2981900
5257,3848300
5258,3353200
5259,3033700
5260,3007400
5261,3029100
5262,3669300
5263,3693100
5264,2959400
5265,3005800
5266,3235800
5267,3669500
5268,3165900
5269,2963400
5270,3060400
5271,3632400
5272,3912200
5273,3629700
5274,3047100
5275,3040900
5276,3349700
5277,3504200
5278,3108500
5279,3096900
5280,3283900
5281,3421500
5282,3520500
5283,3398800
5284,3043300
5285,3162700
5286,3117500
5287,3283000
5288,3213300
5289,3071500
5290,3248100
5291,3013700
5292,3079300
5293,3952500
5294,3023900
5295,3076300
5296,3069100
5297,2916400
5298,3337300
5299,3042300
5300,3150400
5301,2975400
5302,2945400
5303,3404700
5304,3523300
5305,3275700
5306,3009400
5307,3052100
5308,3444800
5309,3318800
5310,3261700
5311,3010100
5312,3096400
5313,3205300
5314,3810600
5315,3210200
5316,2953900
5317,3099600
5318,2879800
5319,3797200
5320,3127200
5321,2932700
5322,3027600
5323,2898600
5324,3306400
5325,3814700
5326,3087400
5327,3017200
5328,2949000
5329,3583600
5330,3381000
5331,3032900
5332,3013400
5333,3030600
5334,3657400
5335,3330900
5336,2995200
5337,2936900
5338,2970600
5339,3067400
5340,3375100
5341,3093400
5342,2979500
5343,2902200
5344,3253700
5345,3657100
5346,3264400
5347,2976900
5348,3103400
5349,3059100
5350,3201900
5351,3309700
5352,3046000
5353,2932900
5354,3091500
5355,3397500
5356,3576900
5357,2953500
5358,3002300
5359,3114600
5360,3273600
5361,3417400
5362,3033800
5363,3028900
5364,3795800
5365,4191400
5366,4415800
5367,3269200
5368,3206100
5369,3238100
5370,3151300
5371,3270500
5372,3025100
5373,3168800
5374,3236600
5375,3153600
5376,3627800
5377,2932900
5378,3397300
5379,3105800
5380,3132100
5381,3638300
5382,3105700
5383,3226500
5384,3047400
5385,3062600
5386,3847100
5387,3004400
5388,3610800
5389,3659500
5390,3619600
5391,3491200
5392,3288300
5393,3253400
5394,3131600
5395,3172900
5396,4155000
5397,3280300
5398,3025400
5399,3027200
5400,3095400
5401,3373200
5402,3399700
5403,3044700
5404,2993700
5405,2899000
5406,3427400
5407,3426000
5408,2979300
5409,2924600
5410,2989200
5411,3158200
5412,3413700
5413,3067300
5414,3025100
5415,3040600
5416,3224300
5417,4117200
5418,3097500
5419,3115900
5420,3203800
5421,3148600
5422,3592100
5423,3076100
5424,3039500
5425,3008200
5426,2993900
5427,3811900
5428,3138400
5429,3109200
5430,2947200
5431,3058000
5432,3820900
5433,3120000
5434,2993600
5435,2950700
5436,3182000
5437,3350500
5438,3812100
5439,3033000
5440,2878100
5441,3246200
5442,3309800
5443,3240700
5444,3112400
5445,2930300
5446,3253100
5447,3491200
5448,3694200
5449,2991900
5450,2971100
5451,3137500
5452,3216400
5453,3286100
5454,3155500
5455,3049100
5456,3022800
5457,3098300
5458,3208700
5459,3623800
5460,2992000
5461,3355200
5462,3816600
5463,4305200
5464,3739000
5465,3466300
5466,3501000
5467,4091100
5468,4047600
5469,3539300
5470,3454000
5471,3322700
5472,3879000
5473,3648200
5474,3428900
5475,3381100
5476,3596900
5477,3935800
5478,3577700
5479,3426900
5480,3391200
5481,3752500
5482,3415800
5483,3463100
5484,3336700
5485,3253800
5486,3898500
5487,3692100
5488,3627200
5489,3416400
5490,3371400
5491,3521900
5492,3722600
5493,3449400
5494,3592000
5495,4124700
5496,4466100
5497,3547000
5498,3493000
5499,3333400
5500,3885800
5501,3437500
5502,3435100
5503,3422500
5504,4046000
5505,3686600
5506,3415400
5507,3872900
5508,3398500
5509,3945500
5510,4594800
5511,3744100
5512,6078000
5513,6574100
5514,3209600
5515,3047900
5516,3285800
5517,3321400
5518,3090200
5519,2959500
5520,2934600
5521,3172300
5522,3395400
5523,3350900
5524,2921900
5525,3098300
5526,3184500
5527,3622200
5528,3214300
5529,3023900
5530,2837100
5531,3237000
5532,3418700
5533,3383300
5534,2996700
5535,2956500
5536,3041200
5537,3034400
5538,3535800
5539,3000400
5540,2999700
5541,3243800
5542,3057900
5543,3621000
5544,3351200
5545,2978500
5546,3350100
5547,2965200
5548,3274200
5549,3189600
5550,3197800
5551,3100400
5552,3020200
5553,3280500
5554,3840700
5555,3226300
5556,3103000
5557,3034100
5558,3147200
5559,3304300
5560,3435300
5561,3427500
5562,3154200
5563,3469200
5564,4002200
5565,3148900
5566,3071600
5567,2995600
5568,3162200
5569,3264300
5570,3298300
5571,3184700
5572,2952700
5573,3177900
5574,3601800
5575,3560800
5576,3465900
5577,3093500
5578,3035100
5579,3663600
5580,3060800
5581,2990900
5582,3030600
5583,2995300
5584,3254200
5585,4458900
5586,3116500
5587,3135000
5588,3076700
5589,3578900
5590,3383800
5591,3027300
5592,3185600
5593,2972400
5594,3399600
5595,3745300
5596,3058400
5597,2981600
5598,3003000
5599,3603800
5600,3148000
5601,2988500
5602,3042300
5603,3058200
5604,3384600
5605,3541800
5606,3020900
5607,2970600
5608,3071300
5609,3166500
5610,3268700
5611,3081200
5612,3100300
5613,3057700
5614,3337900
5615,3894100
5616,3111000
5617,3068400
5618,2950000
5619,3070700
5620,3255600
5621,3136200
5622,3009500
5623,2963700
5624,3137000
5625,3876600
5626,3290700
5627,3044000
5628,3282200
5629,3180000
5630,3122500
5631,3309800
5632,3216800
5633,3270200
5634,3174500
5635,3395700
5636,3549500
5637,3017000
5638,3076000
5639,3172200
5640,2835200
5641,3309700
5642,3099100
5643,3079800
5644,3002300
5645,3085500
5646,3292100
5647,3374000
5648,3300100
5649,3015700
5650,2916900
5651,3413200
5652,3330800
5653,3127900
5654,3048600
5655,3073200
5656,3054100
5657,4179300
5658,3208900
5659,3063400
5660,3145200
5661,2929800
5662,3795600
5663,3116300
5664,2990200
5665,3032800
5666,2971600
5667,3825200
5668,3183400
5669,3018700
5670,2950100
5671,3010300
5672,3700800
5673,3651200
5674,3908400
5675,3442700
5676,3246700
5677,3639400
5678,3094700
5679,2968100
5680,2942300
5681,3032100
5682,3757300
5683,3113800
5684,3018700
5685,2903600
5686,3265300
5687,3311900
5688,3587000
5689,3073100
5690,2964900
5691,3518700
5692,4000900
5693,3609900
5694,3274200
5695,2988900
5696,3559100
5697,3504200
5698,3273600
5699,3292900
5700,3004400
5701,3536100
5702,3332800
5703,3166800
5704,2995500
5705,3218600
5706,3093200
5707,3272500
5708,3912300
5709,3109300
5710,3124100
5711,3120600
5712,3008000
5713,3243700
5714,3005900
5715,3198600
5716,3304700
5717,3095900
5718,3895200
5719,3059000
5720,3270800
5721,3277800
5722,3094500
5723,3336900
5724,2967000
5725,3386500
5726,4046200
5727,3166300
5728,3678700
5729,3182800
5730,3184400
5731,2953000
5732,2909100
5733,3576800
5734,3293800
5735,3077700
5736,3033800
5737,3011500
5738,3507900
5739,3326000
5740,3018200
5741,3168000
5742,2971800
5743,3169300
5744,3562200
5745,3124200
5746,3055500
5747,2908500
5748,3344500
5749,3890400
5750,3146800
5751,3032000
5752,3056700
5753,3025400
5754,3570400
5755,2959100
5756,3004200
5757,2990800
5758,2994800
5759,3851700
5760,3183500
5761,3064800
5762,3003300
5763,3018700
5764,3644000
5765,4209400
5766,4037100
5767,3649100
5768,4236400
5769,4165900
5770,3802600
5771,3450400
5772,3635200
5773,3730100
5774,3683100
5775,3358900
5776,3598900
5777,3805100
5778,4322100
5779,3429700
5780,3245700
5781,3580000
5782,3244500
5783,3169400
5784,2955500
5785,3107600
5786,3184700
5787,3333400
5788,3318900
5789,3034500
5790,3355200
5791,3226200
5792,3262400
5793,3286100
5794,3024600
5795,3063000
5796,2982800
5797,3374400
5798,3890800
5799,2897400
5800,3391000
5801,3190000
5802,3101000
5803,3374800
5804,3067000
5805,3108600
5806,2975500
5807,3133000
5808,3484600
5809,3327200
5810,3195300
5811,3099300
5812,3453500
5813,3261300
5814,3101700
5815,3104200
5816,3009600
5817,3195000
5818,3613800
5819,3579400
5820,3092200
5821,3025000
5822,3024100
5823,3067900
5824,3433200
5825,3068100
5826,2887000
5827,2944800
5828,3060600
5829,3370300
5830,3565400
5831,3076300
5832,2977900
5833,3790700
5834,3282100
5835,3188500
5836,3059900
5837,2908500
5838,3224700
5839,3925500
5840,3257700
5841,2989100
5842,2895400
5843,3167600
5844,3170200
5845,3299700
5846,3104800
5847,3007800
5848,3327600
5849,3309500
5850,3655000
5851,3006200
5852,2926700
5853,3204500
5854,2959600
5855,3575000
5856,3120600
5857,2952100
5858,3238200
5859,3079000
5860,3557000
5861,3141900
5862,3012800
5863,3164700
5864,3050800
5865,3153300
5866,3154300
5867,2956800
5868,3389200
5869,3165300
5870,3191700
5871,4026300
5872,3435200
5873,3173800
5874,2951200
5875,3116300
5876,3198100
5877,3192700
5878,3082100
5879,2968000
5880,3108400
5881,3464800
5882,3271200
5883,3228600
5884,3161300
5885,2938400
5886,3188700
5887,3116100
5888,3671600
5889,3206800
5890,3022200
5891,3590300
5892,3833100
5893,3528100
5894,3169700
5895,3158500
5896,3404000
5897,3274800
5898,3168500
5899,3077700
5900,3018100
5901,3524500
5902,3576400
5903,3140400
5904,2956500
5905,3028800
5906,3449100
5907,3398400
5908,3094300
5909,2986900
5910,3019900
5911,3495200
5912,3822300
5913,3045400
5914,2958200
5915,2975300
5916,3017400
5917,3498400
5918,3043900
5919,3114800
5920,2978100
5921,2943700
5922,3749900
5923,3474300
5924,2997800
5925,2957800
5926,3191200
5927,3394400
5928,3165500
5929,2992600
5930,3031200
5931,3144800
5932,3416200
5933,3597500
5934,2946800
5935,2980500
5936,3071800
5937,2959900
5938,3629800
5939,3204100
5940,3066100
5941,3054200
5942,3182600
5943,3573600
5944,3244700
5945,2995100
5946,3148700
5947,3130100
5948,3421500
5949,3104300
5950,2931800
5951,3150200
5952,2997900
5953,3470000
5954,3231900
5955,3129600
5956,3012900
5957,3124300
5958,3079900
5959,3554100
5960,3071400
5961,3122900
5962,3098100
5963,3018900
5964,3357200
5965,3424900
5966,3037400
5967,3044400
5968,3043800
5969,3415400
5970,3474500
5971,3065300
5972,3033600
5973,3088000
5974,3465200
5975,3919100
5976,3057900
5977,3020900
5978,3002800
5979,3163100
5980,3416600
5981,3036000
5982,3042500
5983,3007400
5984,3057000
5985,3993300
5986,3974900
5987,3606400
5988,3419500
5989,3525800
5990,3420600
5991,2917700
5992,2912400
5993,3119200
5994,3221800
5995,4243600
5996,2987700
5997,3053400
5998,3072000
5999,3656500
6000,3812900
6001,3482500
6002,3468100
6003,3147800
6004,3631500
6005,3557600
6006,2989500
6007,3001600
6008,3255900
6009,3553100
6010,3392200
6011,3074300
6012,2947500
6013,3191400
6014,3335900
6015,3468000
6016,3006000
6017,2993000
6018,3358300
6019,2950600
6020,3766200
6021,3103900
6022,2918100
6023,3303000
6024,3126100
6025,3794700
6026,3178000
6027,2987400
6028,3567700
6029,3173300
6030,3368000
6031,3027800
6032,2918100
6033,3450600
6034,3106100
6035,3327100
6036,3438600
6037,2994200
6038,3085300
6039,3033000
6040,3120300
6041,3220900
6042,3026900
6043,3381200
6044,3078400
6045,3122000
6046,3585000
6047,3055800
6048,3120100
6049,2970000
6050,2867700
6051,3268700
6052,3019500
6053,3361800
6054,3135200
6055,2994600
6056,3520300
6057,3229300
6058,3183700
6059,3065900
6060,3005800
6061,3330700
6062,3340300
6063,3284600
6064,3198200
6065,3256100
6066,3260300
6067,3523100
6068,3217300
6069,2992900
6070,2973200
6071,2999600
6072,3327100
6073,3646900
6074,3786400
6075,3871400
6076,4090200
6077,4185200
6078,3385300
6079,3493300
6080,3241200
6081,3810100
6082,3619400
6083,3223500
6084,3332700
6085,3971300
6086,3841000
6087,3693300
6088,3432100
6089,3453300
6090,3903300
6091,3461300
6092,3450900
6093,3347700
6094,3353600
6095,3806900
6096,3683200
6097,3255800
6098,3335400
6099,3957200
6100,3757900
6101,3473600
6102,3352900
6103,3712400
6104,3964100
6105,3706000
6106,3300400
6107,3320700
6108,3770600
6109,4032200
6110,3484200
6111,3327600
6112,3364500
6113,3775800
6114,3937900
6115,3446800
6116,3532900
6117,3336700
6118,4367200
6119,3440700
6120,3366600
6121,3381400
6122,4802900
6123,3991400
6124,7066000
6125,4963500
6126,3373600
6127,3120900
6128,3197200
6129,2946500
6130,3076900
6131,3338500
6132,3542100
6133,3038000
6134,2945300
6135,2961300
6136,3243200
6137,3079300
6138,3223300
6139,3059800
6140,3003600
6141,3515100
6142,4057400
6143,3147600
6144,3043000
6145,2979600
6146,3209000
6147,3340800
6148,3040900
6149,3067200
6150,3003800
6151,3014300
6152,3905900
6153,3270000
6154,2887300
6155,3048500
6156,2993500
6157,3661300
6158,3172900
6159,3041600
6160,2954900
6161,3069600
6162,3734700
6163,3278300
6164,2978000
6165,2963300
6166,3159400
6167,3269600
6168,3364600
6169,2964400
6170,2890500
6171,3035600
6172,3725300
6173,3643700
6174,3042000
6175,2926400
6176,3030300
6177,3388800
6178,3362900
6179,3011800
6180,3015300
6181,3026200
6182,3180700
6183,3652000
6184,3234300
6185,2981000
6186,3168300
6187,3161900
6188,3179000
6189,3326500
6190,2990300
6191,2921700
6192,3855700
6193,4051200
6194,3198200
6195,3029700
6196,3642300
6197,3421300
6198,3263700
6199,3355500
6200,3053500
6201,3328600
6202,3198800
6203,3324800
6204,3877600
6205,3176900
6206,3119000
6207,3148400
6208,3418400
6209,3349800
6210,3120700
6211,3117200
6212,3025600
6213,3330700
6214,3477000
6215,3084300
6216,3053600
6217,2943700
6218,2913800
6219,3217100
6220,3135500
6221,3085900
6222,2989300
6223,3056200
6224,3239900
6225,4051400
6226,2985700
6227,2932600
6228,3006300
6229,3348400
6230,3483600
6231,3075800
6232,3079400
6233,3095700
6234,3173200
6235,3827100
6236,3119700
6237,3042800
6238,2950100
6239,3013000
6240,3523200
6241,3123500
6242,2995000
6243,2933300
6244,2960300
6245,3617400
6246,3739500
6247,2885600
6248,2994700
6249,2974300
6250,3274100
6251,3335400
6252,3009300
6253,2951000
6254,2978400
6255,3336500
6256,3957300
6257,3019400
6258,2969500
6259,2939800
6260,3214800
6261,3827000
6262,3102300
6263,2998900
6264,2999600
6265,3065600
6266,3422100
6267,3313200
6268,2920200
6269,3004300
6270,3101000
6271,3172600
6272,3156400
6273,2991600
6274,2980700
6275,3135800
6276,3164400
6277,3611500
6278,3061600
6279,2917900
6280,3575500
6281,3237900
6282,3191900
6283,3013300
6284,3004400
6285,3085000
6286,3082900
6287,3303300
6288,3306100
6289,3062400
6290,3248800
6291,3142700
6292,3099700
6293,3176800
6294,3311400
6295,3898600
6296,4018700
6297,3822900
6298,3861800
6299,3671700
6300,3460300
6301,3576500
6302,3251200
6303,3266400
6304,3118400
6305,3069100
6306,3121400
6307,3927500
6308,3194000
6309,2949600
6310,2933200
6311,3058700
6312,3294600
6313,3429900
6314,3195400
6315,2959900
6316,3020400
6317,3797600
6318,3469000
6319,3017400
6320,2910500
6321,2962300
6322,3481400
6323,3335300
6324,3074500
6325,3038300
6326,3002000
6327,3435400
6328,3601700
6329,3041800
6330,2941100
6331,3073900
6332,3693900
6333,3657200
6334,3148500
6335,3035900
6336,3142700
6337,3128900
6338,3788400
6339,3057800
6340,2928400
6341,3061400
6342,3092400
6343,3144200
6344,3157300
6345,3018100
6346,3037900
6347,3172100
6348,3620400
6349,3409000
6350,3123200
6351,3334700
6352,3137600
6353,3254900
6354,3238400
6355,3055100
6356,3235000
6357,3235000
6358,3252300
6359,3900100
6360,2883300
6361,3106600
6362,2984000
6363,3039900
6364,3214800
6365,3097500
6366,3103200
6367,3128100
6368,3035600
6369,3542400
6370,3401200
6371,3197900
6372,3011000
6373,2939100
6374,3048900
6375,3273300
6376,3313700
6377,3642100
6378,4065400
6379,4202900
6380,3860600
6381,3499600
6382,3401100
6383,3657200
6384,4028500
6385,3646000
6386,3569100
6387,3508100
6388,3967500
6389,3923000
6390,3567300
6391,3474500
6392,3149800
6393,3681000
6394,3060900
6395,2949100
6396,2939500
6397,2980100
6398,3474200
6399,3494100
6400,3022400
6401,2992300
6402,2983800
6403,3668200
6404,3313100
6405,3120200
6406,2905000
6407,3618300
6408,3565700
6409,3644000
6410,2889400
6411,2997400
6412,3302600
6413,3114800
6414,3178700
6415,3041600
6416,3008600
6417,3322100
6418,3170400
6419,4022500
6420,2986800
6421,3044900
6422,3228300
6423,3112300
6424,3864500
6425,3040600
6426,2959900
6427,3078500
6428,3031600
6429,3464700
6430,3171400
6431,2957100
6432,3163600
6433,3047200
6434,3640600
6435,3210600
6436,2944200
6437,3353600
6438,3117000
6439,3437600
6440,3348400
6441,3130300
6442,3051700
6443,3202700
6444,3218700
6445,3339800
6446,3192700
6447,2957900
6448,2945100
6449,2999400
6450,3781600
6451,3227700
6452,2997100
6453,2956900
6454,2920300
6455,3382500
6456,3338200
6457,3172900
6458,2994700
6459,2959600
6460,3514600
6461,3377400
6462,3058400
6463,2977200
6464,3004600
6465,3071900
6466,3469000
6467,3402300
6468,2965300
6469,2977100
6470,2968500
6471,3507500
6472,3250600
6473,3004400
6474,2994600
6475,3002200
6476,3606900
6477,3135400
6478,3064800
6479,3008100
6480,3077000
6481,3964500
6482,3511900
6483,3020400
6484,2966100
6485,3093000
6486,3560300
6487,3660900
6488,3083000
6489,2984600
6490,2956900
6491,3344400
6492,3583600
6493,3086500
6494,3169700
6495,3096800
6496,3134900
6497,3435400
6498,3075600
6499,3074800
6500,3384000
6501,3488900
6502,3711300
6503,3314700
6504,2984000
6505,4154700
6506,3854100
6507,3304600
6508,3214000
6509,3102400
6510,3332900
6511,3487500
6512,3441600
6513,3084500
6514,3212800
6515,3098700
6516,3075700
6517,3331800
6518,3079000
6519,3206600
6520,2960500
6521,2957500
6522,3553400
6523,3463400
6524,3148300
6525,2989200
6526,3072600
6527,3304000
6528,3159100
6529,3191700
6530,2945900
6531,3143600
6532,3329900
6533,3597200
6534,3137200
6535,2964000
6536,3053400
6537,2865400
6538,3529200
6539,3265800
6540,3082000
6541,3029600
6542,3021000
6543,3381300
6544,3358200
6545,3019600
6546,2892500
6547,2934900
6548,3290600
6549,3542500
6550,3024900
6551,2996500
6552,3085300
6553,3184900
6554,4004800
6555,3096200
6556,3029000
6557,3141500
6558,2950300
6559,3435000
6560,3260700
6561,2900200
6562,2960600
6563,3003600
6564,3608800
6565,3292000
6566,2959200
6567,2936000
6568,2943500
6569,3250600
6570,3190400
6571,3046700
6572,2958600
6573,3042700
6574,3508600
6575,3551300
6576,2982100
6577,2896500
6578,2952100
6579,3188000
6580,3314400
6581,3083300
6582,2964800
6583,2934400
6584,3358300
6585,3295300
6586,3594600
6587,2978800
6588,3094400
6589,3121300
6590,3475400
6591,3382900
6592,3026600
6593,2976800
6594,3072300
6595,3167600
6596,3619000
6597,2986800
6598,3017300
6599,3130700
6600,3027400
6601,3314200
6602,3103000
6603,3079300
6604,3121300
6605,3102600
6606,3392300
6607,3428700
6608,3013200
6609,4570700
6610,4412400
6611,4649000
6612,3689700
6613,3078000
6614,3058800
6615,3618600
6616,3292500
6617,3181900
6618,3070800
6619,3061800
6620,3164800
6621,3194400
6622,3310100
6623,3085000
6624,3051800
6625,3468800
6626,3798600
6627,3430700
6628,3073300
6629,3015600
6630,3014500
6631,3344800
6632,3168500
6633,3025800
6634,2939800
6635,2952800
6636,3481600
6637,3412000
6638,3059000
6639,2956600
6640,2891300
6641,3438200
6642,3795600
6643,3124500
6644,3073800
6645,2995300
6646,3310500
6647,3421600
6648,2934800
6649,3033300
6650,3061600
6651,2978600
6652,3500200
6653,3024600
6654,3015500
6655,2982900
6656,2972900
6657,3560000
6658,3534500
6659,3062300
6660,2940300
6661,3024100
6662,3992900
6663,3229100
6664,3105500
6665,2926400
6666,3343900
6667,3936000
6668,3191700
6669,3035500
6670,2971200
6671,3142000
6672,3240400
6673,3311700
6674,3011800
6675,2987700
6676,3203600
6677,3257000
6678,3854500
6679,3111200
6680,2919700
6681,3206800
6682,3129800
6683,3168200
6684,3102000
6685,2930400
6686,3375200
6687,3824800
6688,4432700
6689,4021900
6690,3465400
6691,3462800
6692,3762300
6693,3486900
6694,3252400
6695,3546500
6696,3396000
6697,3729100
6698,4095200
6699,3615600
6700,3436800
6701,3476100
6702,3591500
6703,3574300
6704,3414600
6705,3550800
6706,4037500
6707,3439100
6708,3481400
6709,3375600
6710,3460700
6711,3570700
6712,3873800
6713,3530600
6714,3334300
6715,3705000
6716,3930500
6717,3739700
6718,3456400
6719,3348800
6720,3781400
6721,3984100
6722,3305100
6723,3354500
6724,3247800
6725,4319400
6726,3709900
6727,3321200
6728,3483200
6729,3537200
6730,4215800
6731,3320600
6732,3368700
6733,3379100
6734,4616900
6735,4856000
6736,4999100
6737,5509300
6738,7257700
6739,4753300
6740,4865800
6741,3410400
6742,3014400
6743,3045600
6744,3077600
6745,3212500
6746,3240300
6747,3042800
6748,3047900
6749,3177000
6750,3170300
6751,3966300
6752,2981700
6753,2959300
6754,3226700
6755,3276600
6756,3550100
6757,3130100
6758,3020400
6759,3172200
6760,3098200
6761,3261500
6762,3708500
6763,3059100
6764,3531700
6765,3164200
6766,3393300
6767,3162500
6768,3015000
6769,3174800
6770,3132100
6771,3803900
6772,3213400
6773,3300800
6774,3116800
6775,3119300
6776,3396300
6777,3133200
6778,3199800
6779,3068200
6780,3115500
6781,3348400
6782,3343800
6783,3307500
6784,3254200
6785,3165700
6786,3080000
6787,3182600
6788,3352400
6789,3206800
6790,3156100
6791,3100500
6792,4165200
6793,3143200
6794,3109000
6795,3071100
6796,3074800
6797,3396700
6798,3186400
6799,3101600
6800,3028500
6801,2954200
6802,3604300
6803,3385500
6804,3224200
6805,3055300
6806,3003800
6807,3413800
6808,4322900
6809,3813500
6810,3158600
6811,3219500
6812,3808500
6813,3457600
6814,3094900
6815,3308800
6816,3096600
6817,3409300
6818,3095200
6819,3069800
6820,3284500
6821,3071300
6822,4002500
6823,3231500
6824,3082300
6825,3059900
6826,3117100
6827,3939700
6828,3260200
6829,3135700
6830,3034900
6831,3255300
6832,3378400
6833,3557400
6834,3126200
6835,3026800
6836,3050200
6837,3175300
6838,3252400
6839,2947800
6840,2920000
6841,3374700
6842,3336800
6843,3963400
6844,3029400
6845,2976900
6846,3144900
6847,3159700
6848,3251100
6849,3035500
6850,3066700
6851,3125100
6852,3104600
6853,3471700
6854,3291300
6855,3120100
6856,3116200
6857,3012800
6858,3619400
6859,3214200
6860,3171200
6861,3065400
6862,2983300
6863,3224500
6864,3543000
6865,3102100
6866,3035500
6867,2964500
6868,2996000
6869,3297800
6870,3000700
6871,3161800
6872,3012000
6873,3021100
6874,3692400
6875,3312000
6876,3228800
6877,3034200
6878,2977500
6879,3465500
6880,3279700
6881,3126700
6882,3084500
6883,3016700
6884,3193000
6885,3840600
6886,3099400
6887,3068700
6888,3009500
6889,3030700
6890,3228000
6891,3412600
6892,3085700
6893,3170500
6894,2982900
6895,3653200
6896,3230600
6897,3014200
6898,3016000
6899,2995500
6900,3595700
6901,3196400
6902,3046200
6903,3008100
6904,2982700
6905,3681800
6906,3460700
6907,3046300
6908,2976600
6909,3013900
6910,3730100
6911,4059100
6912,3529300
6913,3161900
6914,3068700
6915,3963000
6916,3737400
6917,3905400
6918,3594900
6919,3614900
6920,3437500
6921,3060000
6922,2955400
6923,2850700
6924,2938600
6925,3685700
6926,3364200
6927,3011500
6928,2999800
6929,3035000
6930,3434800
6931,3201500
6932,3007200
6933,2994100
6934,3268700
6935,3804900
6936,3178500
6937,3109000
6938,2989700
6939,3352600
6940,3275100
6941,3356800
6942,2920200
6943,2920000
6944,3910600
6945,3450500
6946,3596100
6947,3080400
6948,2922800
6949,3249700
6950,2963900
6951,3414600
6952,3035400
6953,2950000
6954,3130300
6955,3037700
6956,3377000
6957,3291600
6958,3115300
6959,3227500
6960,3038800
6961,3381000
6962,3303900
6963,3004600
6964,3286500
6965,3156200
6966,3197900
6967,3654600
6968,3034600
6969,3339000
6970,3040400
6971,3031200
6972,3273600
6973,2967000
6974,3133000
6975,2909400
6976,3027600
6977,3562400
6978,3840100
6979,3072200
6980,3047300
6981,2893300
6982,3392900
6983,3260600
6984,3204700
6985,3009300
6986,2939000
6987,3252000
6988,3922400
6989,3809600
6990,4050700
6991,3739100
6992,4352900
6993,3699600
6994,3567100
6995,3455800
6996,4129300
6997,4081200
6998,3437700
6999,3635000
7000,3684100
7001,3971800
7002,3419800
7003,3451600
7004,3342700
7005,3589400
7006,3404700
7007,2975300
7008,3021100
7009,3109700
7010,3192800
7011,3151500
7012,3133000
7013,2956900
7014,2923300
7015,3590900
7016,3447200
7017,3405600
7018,2952100
7019,3263300
7020,3114800
7021,3327100
7022,3126600
7023,3069700
7024,3257500
7025,3014600
7026,3291600
7027,3452500
7028,3004000
7029,3219700
7030,3138900
7031,3159100
7032,3346500
7033,3376800
7034,3239100
7035,2950300
7036,3166700
7037,3729200
7038,3315600
7039,3064600
7040,2995700
7041,2972900
7042,3294200
7043,3034900
7044,3407700
7045,3003400
7046,3014500
7047,3461400
7048,3139300
7049,3088400
7050,3123200
7051,3063300
7052,3192700
7053,3213500
7054,3068200
7055,3035200
7056,2950000
7057,3350400
7058,3281300
7059,3252000
7060,3178600
7061,2948000
7062,2982300
7063,3623500
7064,3204200
7065,3089200
7066,3050000
7067,2993200
7068,3448000
7069,3273100
7070,3151400
7071,2935200
7072,3047600
7073,3247500
7074,3637500
7075,3077700
7076,2938300
7077,3165600
7078,3049200
7079,4574000
7080,3193100
7081,2912600
7082,2992500
7083,3090400
7084,3376200
7085,3119300
7086,2980300
7087,3083100
7088,2911400
7089,3879500
7090,3363300
7091,3008800
7092,2975600
7093,2905200
7094,3600400
7095,3183200
7096,2994100
7097,3158300
7098,3359100
7099,3693900
7100,3556100
7101,2984500
7102,3020800
7103,3131500
7104,3233300
7105,3153400
7106,3121600
7107,3108500
7108,3165100
7109,3243700
7110,3473600
7111,2971500
7112,2994300
7113,3063100
7114,2986500
7115,3449000
7116,3131000
7117,3103200
7118,3704200
7119,3888500
7120,3653100
7121,3194700
7122,3272500
7123,3206600
7124,3058100
7125,3424800
7126,3101800
7127,3139000
7128,3104000
7129,3075200
7130,3662000
7131,3211900
7132,3405600
7133,3142300
7134,3061200
7135,3112500
7136,3225600
7137,3200800
7138,3002100
7139,3151000
7140,3167700
7141,3913400
7142,3164900
7143,2911600
7144,3016500
7145,3096600
7146,3330300
7147,3433300
7148,3067600
7149,3075500
7150,2984600
7151,3232600
7152,3909200
7153,2976800
7154,2904400
7155,3045600
7156,3690700
7157,3334300
7158,3073700
7159,3010100
7160,3011300
7161,3565700
7162,3742300
7163,3054600
7164,2917000
7165,3025700
7166,3410000
7167,3448100
7168,3118600
7169,2920400
7170,3120400
7171,3368000
7172,3491400
7173,3049400
7174,2942800
7175,2983500
7176,3126000
7177,3358100
7178,3030300
7179,3039800
7180,2892300
7181,3255700
7182,3309400
7183,3638600
7184,3038300
7185,2950600
7186,3439200
7187,3609000
7188,3124900
7189,3067700
7190,2962200
7191,3157700
7192,3260800
7193,3518100
7194,2963000
7195,2899000
7196,3138200
7197,3014500
7198,3334600
7199,3125700
7200,3151800
7201,3407700
7202,3206400
7203,3418300
7204,3363100
7205,3209800
7206,3196800
7207,3160100
7208,3396000
7209,3102900
7210,3032500
7211,3136700
7212,3124100
7213,3309800
7214,3492500
7215,3259700
7216,3707000
7217,3746000
7218,3808200
7219,3437800
7220,3241000
7221,3004500
7222,3015800
7223,3382000
7224,3489700
7225,3054900
7226,2940900
7227,3020200
7228,3172300
7229,3685600
7230,3502400
7231,3882200
7232,3594400
7233,3403100
7234,3548700
7235,3046000
7236,3033000
7237,3135500
7238,3331800
7239,3462600
7240,3071900
7241,3043000
7242,3099700
7243,3450800
7244,3324800
7245,2994500
7246,2987700
7247,3053600
7248,3077500
7249,3774800
7250,3131100
7251,3013800
7252,2971400
7253,2935600
7254,4335900
7255,3320700
7256,3038600
7257,3051500
7258,3073100
7259,3351700
7260,3202600
7261,2994100
7262,2938500
7263,3199400
7264,3311200
7265,3581500
7266,2967500
7267,2955000
7268,3211400
7269,3386000
7270,3268000
7271,2971900
7272,3065600
7273,3293200
7274,3057100
7275,4193200
7276,3125000
7277,3015300
7278,3372900
7279,3093600
7280,3573000
7281,2940500
7282,2980000
7283,3224400
7284,2964300
7285,3338400
7286,3776700
7287,2985300
7288,3229800
7289,3025100
7290,3452200
7291,3220200
7292,3145300
7293,3048300
7294,3024300
7295,3594600
7296,3085800
7297,3064200
7298,3364900
7299,3523000
7300,4131900
7301,3632600
7302,3583200
7303,3408500
7304,3513700
7305,4056300
7306,3827300
7307,3466300
7308,3297400
7309,3776000
7310,3830200
7311,3461000
7312,3330000
7313,3493000
7314,3736300
7315,3690900
7316,3397400
7317,3313200
7318,3289900
7319,4153700
7320,3645900
7321,3537900
7322,3463600
7323,4467600
7324,3748700
7325,3433800
7326,3390300
7327,3303100
7328,3993600
7329,3487600
7330,3377500
7331,3436400
7332,4013500
7333,4170100
7334,3340500
7335,3317400
7336,3596800
7337,3866100
7338,3472400
7339,3678000
7340,3371700
7341,3798700
7342,3793600
7343,3568800
7344,3492100
7345,3662600
7346,4155100
7347,4450000
7348,4073500
7349,6396100
7350,5115100
7351,3542900
7352,3177000
7353,3127700
7354,3245000
7355,3160500
7356,3093000
7357,3221200
7358,3045500
7359,3402900
7360,3498900
7361,2967000
7362,3246100
7363,3145400
7364,3072500
7365,3304100
7366,2951400
7367,3157600
7368,3184800
7369,2978400
7370,3562400
7371,3344600
7372,3103300
7373,3163600
7374,2995000
7375,3377900
7376,3126000
7377,3232800
7378,2964900
7379,2981200
7380,3252600
7381,3879200
7382,3321700
7383,3131300
7384,3009500
7385,3461000
7386,3553900
7387,3185100
7388,3113100
7389,3029600
7390,3338700
7391,3583800
7392,3050200
7393,3060500
7394,2895700
7395,3106600
7396,3669500
7397,3222100
7398,3037400
7399,2953800
7400,3004600
7401,3689100
7402,3543200
7403,3148100
7404,3062300
7405,3064000
7406,3426800
7407,3100700
7408,3075600
7409,2960800
7410,3098100
7411,3687900
7412,3182000
7413,3060300
7414,2890400
7415,2967100
7416,3100100
7417,3220400
7418,3090600
7419,3017700
7420,3053300
7421,3607300
7422,4097200
7423,3342100
7424,3003800
7425,3245300
7426,4004500
7427,3377200
7428,3083900
7429,2997000
7430,3026900
7431,3063200
7432,3547300
7433,3216200
7434,3060200
7435,3345400
7436,3033900
7437,3449500
7438,3271800
7439,3032000
7440,3000700
7441,2942700
7442,3520400
7443,3303600
7444,3041700
7445,3045600
7446,3079700
7447,3361500
7448,3439400
7449,3076400
7450,3272500
7451,3079700
7452,3118700
7453,3916100
7454,3098900
7455,3186400
7456,3049700
7457,2968200
7458,3590100
7459,3040300
7460,3090900
7461,3104900
7462,2929200
7463,3268600
7464,3615200
7465,3055000
7466,2957800
7467,2958400
7468,3032900
7469,3240100
7470,3154200
7471,3116800
7472,2920700
7473,3194700
7474,4259100
7475,3276200
7476,3000300
7477,3076600
7478,3264900
7479,3433100
7480,3082900
7481,2970700
7482,2876300
7483,3125300
7484,3530100
7485,3304900
7486,3091400
7487,3031500
7488,2926100
7489,3562700
7490,3228500
7491,2926300
7492,2936900
7493,3022100
7494,3566300
7495,3360100
7496,3055200
7497,2980000
7498,3064500
7499,3230000
7500,3338500
7501,3018600
7502,2984000
7503,3172600
7504,3179800
7505,3394900
7506,3112600
7507,2918300
7508,3076200
7509,3220300
7510,3572100
7511,3423300
7512,2966500
7513,2977400
7514,3227500
7515,3194500
7516,3764800
7517,3043300
7518,3086700
7519,3676100
7520,3808600
7521,3676000
7522,3173800
7523,3311000
7524,3157200
7525,3721100
7526,3310900
7527,3080400
7528,3464300
7529,3070700
7530,3169200
7531,3416500
7532,2951800
7533,3151400
7534,2976100
7535,2977900
7536,3889400
7537,3023900
7538,3582500
7539,3890200
7540,3982400
7541,3456800
7542,3301000
7543,3028500
7544,2963200
7545,3374200
7546,3456200
7547,3146100
7548,2963200
7549,2932200
7550,2959000
7551,3266200
7552,3176300
7553,3451000
7554,3115500
7555,3036300
7556,3297800
7557,3627900
7558,3164200
7559,2961600
7560,2996600
7561,3686900
7562,3419100
7563,3055700
7564,2896100
7565,2983500
7566,3217500
7567,3581800
7568,3144700
7569,3053500
7570,3018400
7571,3207700
7572,3628300
7573,3205100
7574,3043400
7575,3058600
7576,3138900
7577,4211800
7578,3127400
7579,2986200
7580,3243700
7581,3482100
7582,3425700
7583,3126600
7584,3009400
7585,2912100
7586,3383000
7587,3774100
7588,3427200
7589,3044900
7590,2932600
7591,3085800
7592,3701800
7593,3211800
7594,2961000
7595,2946600
7596,3142800
7597,3444100
7598,3451100
7599,2938400
7600,3072100
7601,3427500
7602,4070500
7603,4376000
7604,3880300
7605,3655000
7606,3919800
7607,3853100
7608,3358500
7609,4145500
7610,3828300
7611,3857600
7612,3437800
7613,3501400
7614,3617100
7615,3991000
7616,3873700
7617,3334400
7618,3181500
7619,3035100
7620,3346600
7621,3251400
7622,3087200
7623,3134900
7624,3040400
7625,3518100
7626,3618800
7627,3355800
7628,3121100
7629,3127100
7630,2991600
7631,3202200
7632,3154900
7633,3140300
7634,2998300
7635,3050800
7636,3521300
7637,3462100
7638,3004400
7639,2950900
7640,3042800
7641,3621400
7642,3353600
7643,3066200
7644,3301900
7645,3063400
7646,3423800
7647,3541100
7648,3025600
7649,2933700
7650,3022600
7651,3220200
7652,3502700
7653,3094600
7654,2911700
7655,3041300
7656,3103500
7657,3720300
7658,3123800
7659,2926200
7660,3019200
7661,3033100
7662,3750200
7663,3146600
7664,2930800
7665,2972600
7666,3081700
7667,3362700
7668,3563300
7669,3030000
7670,3051000
7671,3111100
7672,3350000
7673,3313100
7674,2949200
7675,3071800
7676,3108500
7677,3480700
7678,3755800
7679,3119700
7680,2885900
7681,3130400
7682,2967100
7683,3395400
7684,3007500
7685,2920000
7686,3226900
7687,3072200
7688,3260900
7689,3806800
7690,2983300
7691,3197000
7692,3150700
7693,3490700
7694,3335000
7695,2970900
7696,3241800
7697,3089600
7698,3366200
7699,3460200
7700,2995900
7701,3138600
7702,3090400
7703,3100700
7704,3251500
7705,3018500
7706,3370400
7707,3222300
7708,2910500
7709,3450500
7710,3279900
7711,3360000
7712,3183400
7713,3019100
7714,3609300
7715,3130900
7716,3114500
7717,2974600
7718,3007100
7719,3330500
7720,3540900
7721,3151700
7722,3047600
7723,3051200
7724,3134900
7725,3227100
7726,3333400
7727,2958400
7728,2992900
7729,2992600
7730,3679300
7731,3950100
7732,3157700
7733,3091300
7734,3096400
7735,3640200
7736,3738600
7737,3229300
7738,3122300
7739,3359900
7740,3479800
7741,2992100
7742,2953600
7743,2931100
7744,3014300
7745,3510700
7746,3213300
7747,2985500
7748,3000700
7749,2992900
7750,3858400
7751,3642600
7752,3117800
7753,3034500
7754,2966400
7755,3227700
7756,3382400
7757,3011000
7758,3037900
7759,2905100
7760,3415100
7761,3780700
7762,3093000
7763,2897900
7764,3002300
7765,3263900
7766,3545000
7767,3101200
7768,2979100
7769,2891500
7770,3129700
7771,3507500
7772,3329200
7773,2968100
7774,3015600
7775,3154400
7776,3333700
7777,3248300
7778,3132000
7779,3003000
7780,3172100
7781,3411300
7782,3684000
7783,3072400
7784,2991400
7785,3158400
7786,3128900
7787,3318400
7788,3000900
7789,3140200
7790,3049000
7791,3169500
7792,3277100
7793,3582400
7794,3286100
7795,3024000
7796,3391400
7797,3263800
7798,3197100
7799,3172700
7800,2980700
7801,3106300
7802,3592000
7803,3628900
7804,3092700
7805,2989500
7806,3130100
7807,3156000
7808,3246000
7809,3229000
7810,2960100
7811,3168400
7812,3073300
7813,3828600
7814,3184100
7815,3004700
7816,2978700
7817,2928200
7818,3516700
7819,3228300
7820,2947900
7821,3042400
7822,2960300
7823,3236200
7824,3923100
7825,3053000
7826,2970800
7827,2900200
7828,3173500
7829,3915600
7830,3405800
7831,3525400
7832,3099600
7833,3789600
7834,3740100
7835,2972100
7836,3035700
7837,3050200
7838,3351600
7839,3307400
7840,2992900
7841,3025400
7842,2928600
7843,3401100
7844,3592000
7845,3096300
7846,3150900
7847,2988100
7848,3109000
7849,3285800
7850,3011600
7851,2976800
7852,2942100
7853,3993900
7854,4230000
7855,3846400
7856,3369700
7857,3201900
7858,3134000
7859,3262600
7860,3022100
7861,3010000
7862,3193100
7863,3143800
7864,3304300
7865,3603400
7866,2960800
7867,3241000
7868,3087400
7869,3417600
7870,3232500
7871,2960100
7872,3171000
7873,2988600
7874,3412900
7875,3530900
7876,3005300
7877,3139600
7878,3027000
7879,3247900
7880,3381100
7881,2961600
7882,3081300
7883,3097100
7884,2916400
7885,3691700
7886,3371300
7887,3239100
7888,3143100
7889,2923800
7890,3273800
7891,3192100
7892,3266900
7893,3017800
7894,3086800
7895,3575100
7896,3469500
7897,3078000
7898,2948300
7899,3021700
7900,3177600
7901,3468700
7902,3244900
7903,3013200
7904,2968400
7905,3195900
7906,3595900
7907,2998500
7908,2971000
7909,3028100
7910,3018800
7911,3623800
7912,3733400
7913,3893100
7914,3660500
7915,3868800
7916,3782000
7917,3387600
7918,3359600
7919,3287300
7920,4040900
7921,3451000
7922,3221600
7923,3324200
7924,3569800
7925,3633700
7926,3700600
7927,3393800
7928,3320900
7929,3746100
7930,4004900
7931,3345200
7932,3301400
7933,3855100
7934,3682300
7935,3880800
7936,3441300
7937,3736400
7938,3985200
7939,3796000
7940,3398700
7941,3512700
7942,3551200
7943,3842800
7944,3665800
7945,3308700
7946,3705900
7947,3498500
7948,3686200
7949,3378500
7950,3443400
7951,3657800
7952,3440500
7953,3880300
7954,4290200
7955,3451300
7956,3431900
7957,3733700
7958,3477800
7959,3487800
7960,3457200
7961,4719000
7962,4123700
7963,5560000
7964,5775000
7965,4012700
7966,3232500
7967,3067000
7968,3040900
7969,3251700
7970,3581200
7971,3234800
7972,2996300
7973,2916100
7974,3267100
7975,3282600
7976,3269700
7977,3031400
7978,2969600
7979,2986200
7980,3571900
7981,3886500
7982,3164700
7983,2916600
7984,3091900
7985,3527000
7986,3367500
7987,3004000
7988,3006600
7989,2998900
7990,3166700
7991,4279000
7992,2968100
7993,3042500
7994,3134100
7995,3344600
7996,3444500
7997,3059800
7998,2997100
7999,3015000
8000,3283400
8001,3497200
8002,3760300
8003,3495200
8004,2998700
8005,3375500
8006,3351700
8007,3064100
8008,2947600
8009,2982000
8010,3396600
8011,3451500
8012,3399600
8013,3054200
8014,3160900
8015,3179600
8016,3581400
8017,3228400
8018,3078600
8019,3267100
8020,3070800
8021,3376100
8022,3276500
8023,2977800
8024,3158300
8025,3163300
8026,3077600
8027,3422700
8028,2974100
8029,3170800
8030,3046000
8031,3063500
8032,3403300
8033,3278300
8034,3734700
8035,3697000
8036,3138700
8037,3327600
8038,3278100
8039,3825600
8040,3330200
8041,3306900
8042,3690800
8043,3230500
8044,3049500
8045,2952300
8046,3025700
8047,3260300
8048,3028500
8049,3304000
8050,2997600
8051,2982200
8052,3507000
8053,3662200
8054,3217000
8055,3078900
8056,2962400
8057,3182000
8058,3278600
8059,3374800
8060,2986900
8061,3146300
8062,3167500
8063,4058800
8064,3119000
8065,2972200
8066,3072800
8067,3211700
8068,3749000
8069,3089200
8070,3138200
8071,2919600
8072,2876700
8073,3752100
8074,3226300
8075,3059000
8076,3066600
8077,2977900
8078,3517400
8079,3203400
8080,3148500
8081,3114200
8082,3124300
8083,3530800
8084,3833100
8085,3094900
8086,3062900
8087,2977400
8088,3569400
8089,3231000
8090,3046400
8091,2980200
8092,2959300
8093,3235700
8094,3986700
8095,3106600
8096,2928900
8097,3071000
8098,3136600
8099,3428500
8100,3030000
8101,3090600
8102,3092100
8103,3044900
8104,3724800
8105,3237400
8106,2967000
8107,3035400
8108,3352800
8109,3461600
8110,3079600
8111,3056200
8112,3044300
8113,3071300
8114,3435400
8115,3394700
8116,2942400
8117,3274300
8118,3130100
8119,3416100
8120,3376700
8121,3127000
8122,3162000
8123,2983800
8124,3288200
8125,3646600
8126,2950200
8127,3619300
8128,3557200
8129,3723000
8130,3365600
8131,3328700
8132,3060000
8133,2989700
8134,3052900
8135,3647100
8136,3344500
8137,3163900
8138,3098900
8139,3065000
8140,3273900
8141,3175400
8142,3111800
8143,3002600
8144,3016200
8145,3290300
8146,3859300
8147,3084400
8148,3016400
8149,2955600
8150,3140600
8151,3541100
8152,3029100
8153,2926200
8154,2986000
8155,3273400
8156,4132500
8157,3034400
8158,3015500
8159,3075200
8160,3061700
8161,3875200
8162,3950500
8163,3698400
8164,3361600
8165,3677800
8166,3547300
8167,3015900
8168,2973600
8169,3038400
8170,3642200
8171,3558100
8172,3057500
8173,3077600
8174,3147200
8175,3517600
8176,3354200
8177,3088300
8178,2953900
8179,3102600
8180,3152600
8181,3262100
8182,3082300
8183,2995500
8184,2949700
8185,3329000
8186,3403200
8187,3352200
8188,2941600
8189,3057000
8190,3516800
8191,3728700
8192,3150100
8193,3039400
8194,3136000
8195,3237800
8196,3426600
8197,3402500
8198,3021800
8199,3208500
8200,3146400
8201,3147800
8202,3274700
8203,3081600
8204,3153200
8205,3096500
8206,3163200
8207,4142900
8208,3155800
8209,3165500
8210,3110300
8211,3070200
8212,3223100
8213,3275900
8214,3647500
8215,4050300
8216,4295800
8217,3927500
8218,3562700
8219,3488900
8220,3526400
8221,3949300
8222,3937300
8223,3448700
8224,3505700
8225,4411500
8226,3648000
8227,3420100
8228,3453000
8229,3205700
8230,3384800
8231,3199500
8232,3010200
8233,2953800
8234,3132000
8235,3708200
8236,3392300
8237,3014400
8238,3039400
8239,3028300
8240,3432000
8241,3351300
8242,3000200
8243,3166200
8244,3065500
8245,3633700
8246,3496200
8247,3015400
8248,2942000
8249,2921400
8250,3115900
8251,3262400
8252,3014800
8253,3174000
8254,3322400
8255,3462000
8256,3778500
8257,3102900
8258,3037400
8259,3112200
8260,3019600
8261,3442100
8262,3210500
8263,2953200
8264,3103800
8265,3027600
8266,3374100
8267,3538200
8268,2982900
8269,3113000
8270,2994500
8271,3199700
8272,3206700
8273,3126300
8274,3143200
8275,3341200
8276,3055800
8277,3286500
8278,3603700
8279,3150700
8280,3122000
8281,3088500
8282,3299100
8283,2936300
8284,3154900
8285,2999000
8286,3019400
8287,3371200
8288,3362000
8289,3323400
8290,3185200
8291,3225500
8292,3411900
8293,3294800
8294,3116200
8295,3056000
8296,3091400
8297,3541400
8298,3280600
8299,3313400
8300,3066200
8301,3061300
8302,2977100
8303,3479700
8304,3219200
8305,2961700
8306,3093300
8307,3188500
8308,3469100
8309,3852000
8310,2977900
8311,2934300
8312,3144900
8313,3348800
8314,3200700
8315,3064000
8316,3044700
8317,3215200
8318,3546100
8319,3546200
8320,2987300
8321,3028700
8322,3058500
8323,3019300
8324,3570400
8325,3149700
8326,2994300
8327,3007500
8328,3248900
8329,3819700
8330,3120300
8331,2942300
8332,3155200
8333,3074900
8334,3519300
8335,3070100
8336,2932500
8337,3037000
8338,3299100
8339,3288200
8340,3771000
8341,3054200
8342,3124000
8343,3361400
8344,4049900
8345,3231100
8346,3146000
8347,3626500
8348,3663200
8349,3410900
8350,3371300
8351,3000800
8352,3175300
8353,3122300
8354,3374400
8355,3278000
8356,3031300
8357,3242900
8358,2994600
8359,3550400
8360,3536500
8361,3073000
8362,3129500
8363,3135400
8364,3114700
8365,3281600
8366,2923300
8367,3121500
8368,3116600
8369,3145100
8370,3300700
8371,3640400
8372,3231100
8373,3053100
8374,3040200
8375,3371000
8376,3386000
8377,3241200
8378,2932000
8379,3042900
8380,3678300
8381,3502400
8382,3189400
8383,3045800
8384,2888500
8385,3137200
8386,3322400
8387,3141900
8388,2945000
8389,2953300
8390,3242200
8391,3842200
8392,3117700
8393,3061900
8394,2993400
8395,2980800
8396,3726000
8397,3132800
8398,3053900
8399,3060400
8400,2993100
8401,3558400
8402,3230500
8403,3009600
8404,2918300
8405,3070500
8406,3779800
8407,3201100
8408,3098600
8409,2984700
8410,3044700
8411,3828000
8412,3320200
8413,3057100
8414,2922300
8415,3068800
8416,3180600
8417,3323400
8418,2958400
8419,3082100
8420,3046600
8421,3083100
8422,3495400
8423,3260900
8424,3055500
8425,3184200
8426,3245200
8427,3326000
8428,3232600
8429,3014300
8430,3122900
8431,3113600
8432,3639500
8433,3420800
8434,3098400
8435,3444500
8436,3613800
8437,3871900
8438,3356300
8439,3089300
8440,3204700
8441,3066300
8442,3469400
8443,3284300
8444,3169000
8445,3057600
8446,2967400
8447,3345900
8448,3348900
8449,3240400
8450,3135400
8451,3075600
8452,3425000
8453,3308900
8454,3099100
8455,3013900
8456,2940100
8457,2920800
8458,3347200
8459,3273900
8460,3092200
8461,2937200
8462,3104200
8463,3540000
8464,3778800
8465,3233400
8466,3003700
8467,3116000
8468,3112900
8469,3474000
8470,3207200
8471,3065100
8472,3133000
8473,3192400
8474,4546700
8475,3933300
8476,3657000
8477,3133700
8478,3528500
8479,3156500
8480,2991900
8481,3044600
8482,2958200
8483,3718100
8484,3702000
8485,2997300
8486,3164700
8487,2971500
8488,3577000
8489,3208500
8490,2900700
8491,2998400
8492,3018600
8493,3522800
8494,3436400
8495,3045100
8496,3040600
8497,3050500
8498,3136400
8499,3569800
8500,3093200
8501,3029400
8502,2974200
8503,3225200
8504,3372400
8505,3420600
8506,2970600
8507,3043300
8508,3213400
8509,3531400
8510,3217700
8511,2998700
8512,3058100
8513,3054100
8514,3264400
8515,3486600
8516,2999800
8517,3136700
8518,3382000
8519,3190300
8520,3295400
8521,3058900
8522,3157600
8523,3848400
8524,4451100
8525,3989600
8526,3604600
8527,3400300
8528,3346500
8529,3663300
8530,3526700
8531,3830100
8532,3692200
8533,3897400
8534,3650600
8535,3430700
8536,3338600
8537,3313200
8538,3654400
8539,3619900
8540,3542400
8541,3278500
8542,3446800
8543,3563500
8544,4183200
8545,3524200
8546,3293000
8547,3420300
8548,4088600
8549,3642900
8550,3340400
8551,3517200
8552,3665900
8553,4213400
8554,3457700
8555,3302800
8556,3331000
8557,4376800
8558,3623200
8559,3384300
8560,3400500
8561,4520800
8562,3609500
8563,3362800
8564,3458500
8565,3639600
8566,4153600
8567,3476600
8568,3311500
8569,3457300
8570,3810300
8571,4197500
8572,5151700
8573,4399700
8574,6458000
8575,4464900
8576,3218300
8577,3164800
8578,3464900
8579,3461400
8580,2960200
8581,2951600
8582,3152200
8583,3296700
8584,3201000
8585,2916000
8586,2965400
8587,3164800
8588,3225800
8589,3879800
8590,3019800
8591,2919500
8592,3164200
8593,2960100
8594,3723200
8595,3192500
8596,3284900
8597,3158300
8598,3094600
8599,3450800
8600,3162300
8601,3285100
8602,3034600
8603,2993300
8604,3386900
8605,3134400
8606,3141700
8607,3043800
8608,3041400
8609,3295800
8610,3647200
8611,3445600
8612,3161600
8613,3024200
8614,3474700
8615,3630400
8616,3271600
8617,3012600
8618,3068600
8619,3230100
8620,4048200
8621,3170200
8622,3040400
8623,3110200
8624,3157900
8625,3510300
8626,3076500
8627,3020700
8628,3063200
8629,2922600
8630,3664500
8631,3445500
8632,2964600
8633,2995900
8634,3046700
8635,3267400
8636,3128100
8637,3228300
8638,3028400
8639,3228400
8640,3460600
8641,3464100
8642,3102100
8643,3021300
8644,3371700
8645,4151300
8646,3352000
8647,3063900
8648,3067600
8649,3268100
8650,3635600
8651,3344600
8652,2948700
8653,3081300
8654,3642000
8655,3744200
8656,3146200
8657,3068200
8658,3004000
8659,3240400
8660,3208700
8661,3698000
8662,3069500
8663,3137500
8664,3069900
8665,3160200
8666,3615400
8667,3010200
8668,2914500
8669,3114300
8670,2984800
8671,3247100
8672,3660000
8673,2969300
8674,3352100
8675,3079300
8676,3316600
8677,3158200
8678,3210000
8679,3326700
8680,3126500
8681,3899100
8682,3233800
8683,3378000
8684,3193600
8685,3181000
8686,3227600
8687,3126300
8688,3208900
8689,3055800
8690,2926300
8691,3399900
8692,3256400
8693,3171400
8694,3160700
8695,3044100
8696,3109400
8697,3272300
8698,3278800
8699,3168700
8700,2971800
8701,2952100
8702,3569200
8703,3533700
8704,3181800
8705,2972400
8706,3051500
8707,3249900
8708,3269500
8709,3078100
8710,2958800
8711,2964500
8712,3226900
8713,3814800
8714,3057300
8715,3044900
8716,2949800
8717,2972700
8718,3703100
8719,3130500
8720,3038400
8721,2920700
8722,3038600
8723,3610300
8724,3412400
8725,2979200
8726,2940100
8727,2952200
8728,3690400
8729,3347600
8730,2936500
8731,2885700
8732,2979900
8733,3774100
8734,3339500
8735,3022000
8736,2947700
8737,3081700
8738,3545800
8739,4294200
8740,3635800
8741,3189300
8742,3422100
8743,3540700
8744,3555400
8745,2933400
8746,2950300
8747,3077600
8748,3160600
8749,3188500
8750,3006600
8751,2987900
8752,3187700
8753,3269300
8754,3655600
8755,3333400
8756,3106200
8757,3230100
8758,3256700
8759,3418400
8760,2958600
8761,3024900
8762,3044300
8763,3040400
8764,3374100
8765,3412500
8766,3084800
8767,3093200
8768,3118000
8769,3436800
8770,3465300
8771,3074900
8772,3178500
8773,3214800
8774,3396900
8775,3510500
8776,3056900
8777,3105200
8778,3104000
8779,3143900
8780,3176500
8781,3045100
8782,3710100
8783,3810200
8784,4549600
8785,3429900
8786,3347500
8787,3209400
8788,2920400
8789,3179100
8790,3166100
8791,3234000
8792,3021600
8793,3015800
8794,3202400
8795,3834700
8796,3181400
8797,3054000
8798,2971800
8799,2922600
8800,3531200
8801,3134200
8802,3136700
8803,2931900
8804,2897300
8805,3965100
8806,3282900
8807,3118000
8808,3010300
8809,3117400
8810,3311600
8811,3257500
8812,3049500
8813,3026700
8814,2999500
8815,3384100
8816,3690700
8817,3019300
8818,3010900
8819,2992900
8820,3327200
8821,3736900
8822,3197300
8823,2977700
8824,3159300
8825,3533600
8826,4262300
8827,4162400
8828,3557800
8829,3576000
8830,3844800
8831,3458500
8832,3315400
8833,3594500
8834,3695200
8835,4293900
8836,3619800
8837,3527100
8838,3554300
8839,3813400
8840,3546700
8841,3212400
8842,3194500
8843,3172700
8844,3794300
8845,3255800
8846,3012400
8847,3092900
8848,3074200
8849,3152600
8850,3242000
8851,2977300
8852,3235900
8853,3076200
8854,3326800
8855,3315100
8856,2964300
8857,3292900
8858,3173000
8859,2980700
8860,3310700
8861,3153800
8862,3085100
8863,2962200
8864,2954300
8865,3813200
8866,3118700
8867,3146700
8868,3035300
8869,3017500
8870,3473000
8871,3366100
8872,3404600
8873,3081300
8874,2968300
8875,3404400
8876,3347900
8877,3111200
8878,3001600
8879,3121400
8880,3344100
8881,3272800
8882,3097200
8883,3001400
8884,3020900
8885,3171600
8886,3776200
8887,3381500
8888,3027700
8889,2953300
8890,2989200
8891,3276000
8892,3246500
8893,3092000
8894,2936200
8895,2979200
8896,3279500
8897,3916700
8898,2938000
8899,2925900
8900,3020300
8901,3094500
8902,3784700
8903,3148600
8904,2926000
8905,2939500
8906,3169200
8907,3759600
8908,3093100
8909,3065300
8910,2992700
8911,3205700
8912,3264800
8913,3184900
8914,2983600
8915,3013700
8916,3214400
8917,3416600
8918,3550900
8919,3107500
8920,3015700
8921,3252700
8922,3554200
8923,3414700
8924,3005100
8925,3047600
8926,3128000
8927,3146500
8928,3876400
8929,3073700
8930,2964600
8931,3233500
8932,2972400
8933,3478700
8934,3013800
8935,3110100
8936,3209700
8937,3126800
8938,3432400
8939,3811400
8940,3181900
8941,3134800
8942,3035100
8943,3214100
8944,3177000
8945,3158000
8946,2982400
8947,3078200
8948,3419100
8949,3565100
8950,3213100
8951,3015800
8952,2914800
8953,2955400
8954,3205200
8955,3939100
8956,3536400
8957,3163700
8958,3303300
8959,3796300
8960,3215500
8961,3056900
8962,3050400
8963,3053500
8964,3806200
8965,3514600
8966,3090900
8967,2972200
8968,3009300
8969,4243300
8970,3107000
8971,3099400
8972,2942100
8973,2937800
8974,3409800
8975,3079900
8976,3041000
8977,3034900
8978,3115100
8979,3455700
8980,3422500
8981,3105700
8982,3011700
8983,2981400
8984,3232200
8985,3309000
8986,3049600
8987,2933000
8988,3039800
8989,3179800
8990,3421900
8991,3277100
8992,3059100
8993,2993800
8994,3536000
8995,3717600
8996,2985500
8997,2989900
8998,2966600
8999,3143000
9000,3319500
9001,3564900
9002,3076500
9003,3199900
9004,3230200
9005,3365600
9006,3129500
9007,3044800
9008,3009100
9009,3224800
9010,3540900
9011,3720100
9012,2988700
9013,3159300
9014,3083800
9015,3156700
9016,3277400
9017,2993800
9018,3116300
9019,3286100
9020,2918100
9021,3315900
9022,3635900
9023,3003000
9024,3059800
9025,3093500
9026,3485500
9027,3147900
9028,3188400
9029,2965600
9030,3074500
9031,3606700
9032,3134100
9033,3072200
9034,2968200
9035,3104900
9036,3007100
9037,3172600
9038,3173700
9039,2974700
9040,3155400
9041,3094500
9042,3501100
9043,3799100
9044,3195900
9045,3023900
9046,2956300
9047,3412000
9048,3636700
9049,3475800
9050,3531200
9051,3080400
9052,3807900
9053,3301700
9054,2958600
9055,3086300
9056,2901500
9057,3651300
9058,3381700
9059,2983600
9060,3059800
9061,2907300
9062,3456600
9063,3779900
9064,2906000
9065,3154000
9066,3046000
9067,3370700
9068,3313500
9069,3027100
9070,3074300
9071,2998900
9072,3246800
9073,3471200
9074,2931800
9075,2990200
9076,2904600
9077,3082000
9078,3657300
9079,3077600
9080,3035500
9081,3017800
9082,3230000
9083,3678800
9084,3188700
9085,3076100
9086,2998300
9087,3014100
9088,3098100
9089,3237800
9090,2970400
9091,3022800
9092,3388200
9093,3206200
9094,3262900
9095,3545400
9096,3033700
9097,3750800
9098,3595700
9099,4069500
9100,3544900
9101,3351600
9102,3111600
9103,3372000
9104,3322100
9105,3177300
9106,3066100
9107,2976200
9108,3032200
9109,3256400
9110,3101600
9111,3000300
9112,3132300
9113,3028300
9114,3581900
9115,3242600
9116,3603200
9117,3211100
9118,3123700
9119,3231700
9120,3076300
9121,3208900
9122,2971200
9123,2884500
9124,3475900
9125,3609000
9126,3366800
9127,3126400
9128,2984200
9129,3394200
9130,3369600
9131,3200500
9132,3109200
9133,3004900
9134,3237400
9135,3748400
9136,3708000
9137,3750500
9138,3885100
9139,4183100
9140,3596100
9141,3428100
9142,3474100
9143,3215300
9144,4076700
9145,3312500
9146,3261200
9147,3366100
9148,4348000
9149,3801600
9150,3441200
9151,3335300
9152,3501600
9153,4457600
9154,3579100
9155,3445400
9156,3452900
9157,3835600
9158,3732900
9159,3563800
9160,3408000
9161,3312900
9162,3922900
9163,3938800
9164,3314900
9165,3278200
9166,3677800
9167,3799900
9168,3464900
9169,3396000
9170,3695500
9171,4004400
9172,3911500
9173,3338200
9174,3469800
9175,3432900
9176,3829600
9177,3548900
9178,3358100
9179,3633600
9180,3635400
9181,3816200
9182,3693700
9183,3450700
9184,3350500
9185,5368500
9186,4175300
9187,6059800
9188,5587200
9189,3283200
9190,3365000
9191,3235400
9192,3056900
9193,3489700
9194,2979500
9195,3106500
9196,2996600
9197,3009300
9198,3382500
9199,3533800
9200,3181700
9201,2993000
9202,3162300
9203,3124000
9204,3311500
9205,3450600
9206,3145500
9207,2909200
9208,3055100
9209,3408600
9210,3279900
9211,3001200
9212,2967600
9213,2932900
9214,3269300
9215,3234600
9216,2989500
9217,2929800
9218,3092500
9219,3248700
9220,3696900
9221,3069000
9222,3021200
9223,3111000
9224,3054400
9225,3423100
9226,3029600
9227,2973300
9228,3122700
9229,2907800
9230,3819300
9231,3675500
9232,3025800
9233,2929800
9234,2992700
9235,3447200
9236,3229700
9237,3206600
9238,2998000
9239,3012800
9240,3617300
9241,3673600
9242,2929100
9243,2982100
9244,3272800
9245,3348400
9246,3266700
9247,3058500
9248,2958400
9249,2997800
9250,3159200
9251,3382300
9252,3303300
9253,3073300
9254,3340900
9255,3192400
9256,3359000
9257,3086900
9258,2980100
9259,3472100
9260,3601400
9261,3722600
9262,3374700
9263,3068500
9264,3275000
9265,3109600
9266,3299400
9267,3138000
9268,3058200
9269,3316300
9270,3508200
9271,3298900
9272,3690700
9273,3043900
9274,3088000
9275,2986100
9276,3271700
9277,3126400
9278,3069600
9279,3220200
9280,3127300
9281,3525500
9282,3712900
9283,3315000
9284,3056700
9285,3080300
9286,3111500
9287,3207700
9288,3302200
9289,3243600
9290,2980800
9291,2992400
9292,3292400
9293,3869000
9294,2992900
9295,3097800
9296,2975300
9297,3588300
9298,3447500
9299,3091000
9300,3008900
9301,3047200
9302,3194900
9303,3952900
9304,3178600
9305,2928400
9306,3045200
9307,3303400
9308,3288400
9309,3160600
9310,3057800
9311,3006600
9312,3550200
9313,4016300
9314,3094700
9315,3090900
9316,3009500
9317,3084500
9318,3417200
9319,3021800
9320,2878600
9321,3055100
9322,2984400
9323,4496600
9324,3173200
9325,2961000
9326,3066000
9327,2999400
9328,3319900
9329,3147000
9330,2952700
9331,3000100
9332,3022000
9333,3799700
9334,3143700
9335,3116500
9336,2987300
9337,2949500
9338,3372700
9339,3312500
9340,2996100
9341,2886500
9342,3016700
9343,2999000
9344,3187100
9345,3552500
9346,3060100
9347,3740900
9348,4257000
9349,3764000
9350,3335100
9351,3161100
9352,3216700
9353,3137500
9354,3832400
9355,3068100
9356,3105500
9357,3207400
9358,3034900
9359,3183000
9360,3151300
9361,3224200
9362,3001300
9363,3035800
9364,3613800
9365,3316800
9366,3254400
9367,3035000
9368,2928400
9369,3221100
9370,3065600
9371,3155600
9372,3112200
9373,3073700
9374,3403400
9375,3293400
9376,3184900
9377,3007400
9378,2919100
9379,2962500
9380,3597900
9381,3065300
9382,3518700
9383,3158500
9384,2966500
9385,3475700
9386,3342000
9387,3038600
9388,2883700
9389,2930800
9390,3204000
9391,3202800
9392,3320600
9393,2982000
9394,3204100
9395,3223200
9396,3638700
9397,3523900
9398,3204000
9399,2925900
9400,3171800
9401,3499700
9402,3168600
9403,2938400
9404,2946900
9405,3049200
9406,3314400
9407,3910500
9408,3787400
9409,3645900
9410,3315500
9411,3423000
9412,3069100
9413,3070100
9414,2984700
9415,2915100
9416,3452100
9417,3513800
9418,3059800
9419,3154800
9420,2933300
9421,3934100
9422,3211300
9423,3053100
9424,2993400
9425,3147600
9426,3473300
9427,3525600
9428,3039900
9429,3056200
9430,3236100
9431,3399600
9432,3136300
9433,3012100
9434,2978100
9435,3182800
9436,3785400
9437,3774100
9438,3002700
9439,3039600
9440,3343500
9441,4041000
9442,4061600
9443,3810000
9444,3788300
9445,3570400
9446,3794900
9447,3827600
9448,3466800
9449,3622200
9450,3848000
9451,3697100
9452,3769900
9453,3426000
9454,4407800
9455,3806400
9456,3614200
9457,3314800
9458,3130100
9459,3243600
9460,3304800
9461,2941500
9462,3038400
9463,3103100
9464,3059600
9465,3368700
9466,3675500
9467,3231600
9468,2973000
9469,3004000
9470,3435500
9471,3385500
9472,3106500
9473,2902500
9474,2932900
9475,3393600
9476,4059800
9477,3156100
9478,2931100
9479,3024400
9480,3344100
9481,3331600
9482,3145200
9483,3063300
9484,3034900
9485,3852400
9486,3450000
9487,3066800
9488,3137900
9489,3102500
9490,3398900
9491,3530600
9492,3102800
9493,2956600
9494,3060400
9495,3531900
9496,3535900
9497,3001000
9498,3008100
9499,3034400
9500,3226200
9501,3649000
9502,3047100
9503,3033100
9504,2887500
9505,3021500
9506,3286800
9507,3614400
9508,3067200
9509,2903900
9510,3137800
9511,3406400
9512,3103600
9513,3002400
9514,2927400
9515,3042700
9516,3095700
9517,3233600
9518,3491500
9519,3093000
9520,3364500
9521,3225800
9522,3315100
9523,3091700
9524,2986200
9525,3276100
9526,3067200
9527,3423600
9528,3209700
9529,3054400
9530,3218600
9531,3145600
9532,3376900
9533,3085700
9534,2987500
9535,3255800
9536,3158400
9537,3434800
9538,3824400
9539,3128900
9540,3125200
9541,3042000
9542,3091000
9543,3214000
9544,3161600
9545,3228800
9546,2934500
9547,2940800
9548,3290400
9549,3685200
9550,3299500
9551,2957900
9552,2973200
9553,3695400
9554,3388700
9555,3160400
9556,3041900
9557,3399300
9558,3365700
9559,3474300
9560,3071600
9561,3065000
9562,3265100
9563,3331300
9564,3301800
9565,3012100
9566,3000300
9567,3090200
9568,3103900
9569,4839100
9570,3191800
9571,3105900
9572,3186400
9573,3364800
9574,3328000
9575,3192500
9576,3134400
9577,3059900
9578,3779300
9579,3789900
9580,3195500
9581,3038600
9582,3103100
9583,3273200
9584,3213200
9585,3027900
9586,2946800
9587,3114900
9588,3350800
9589,3305700
9590,3385200
9591,3005400
9592,2993100
9593,3247100
9594,3425900
9595,3084200
9596,2979300
9597,2887500
9598,3174300
9599,3566600
9600,3135100
9601,3117700
9602,2956400
9603,3269500
9604,3691400
9605,3334300
9606,3066900
9607,3145400
9608,3349600
9609,3277500
9610,3586600
9611,2972300
9612,3160400
9613,3046800
9614,3138400
9615,3486800
9616,3082700
9617,3110200
9618,3039600
9619,3009500
9620,3495800
9621,3131200
9622,3211100
9623,3061200
9624,3009200
9625,3470000
9626,3188400
9627,3155900
9628,3117300
9629,3049300
9630,3479500
9631,3293900
9632,3124300
9633,3106300
9634,2916800
9635,3124200
9636,3312700
9637,3223600
9638,3069800
9639,3056200
9640,3035800
9641,3589400
9642,3220100
9643,2985900
9644,2956900
9645,3131200
9646,3347700
9647,3302400
9648,3137000
9649,3012800
9650,3149200
9651,3218500
9652,4019500
9653,2927000
9654,3003300
9655,2948100
9656,3274400
9657,3920600
9658,3660700
9659,3609500
9660,3161400
9661,3687100
9662,3966900
9663,3014700
9664,3099100
9665,3015800
9666,3477300
9667,3266500
9668,2984200
9669,3068500
9670,2913200
9671,3233500
9672,3835500
9673,2979200
9674,2986700
9675,3171200
9676,3249400
9677,3536200
9678,3082300
9679,3084000
9680,3218700
9681,3172300
9682,3348600
9683,3631000
9684,3114900
9685,3163500
9686,3020400
9687,3418700
9688,3016700
9689,3085800
9690,3211200
9691,3228800
9692,3560700
9693,3680800
9694,3038100
9695,3161000
9696,2994600
9697,3440200
9698,3144200
9699,3061300
9700,3055000
9701,2962300
9702,3215900
9703,3655800
9704,3084500
9705,3356700
9706,3115500
9707,2980100
9708,3286700
9709,3033000
9710,3091100
9711,3004900
9712,3086900
9713,3419100
9714,3964900
9715,3057000
9716,3017200
9717,2993500
9718,3364900
9719,3097700
9720,3528400
9721,3804200
9722,3687400
9723,3838100
9724,3397200
9725,3090400
9726,2967600
9727,3027600
9728,3539100
9729,3587300
9730,3008500
9731,2928000
9732,2972200
9733,3462100
9734,3506100
9735,3059000
9736,3007900
9737,2987300
9738,3108100
9739,3335700
9740,3064800
9741,2988700
9742,3057300
9743,2968800
9744,4135200
9745,3114100
9746,3054300
9747,2902100
9748,3068000
9749,3985900
9750,3801600
9751,3814300
9752,3358000
9753,3864000
9754,3717700
9755,3416200
9756,3265000
9757,3432900
9758,3676400
9759,3470100
9760,3342600
9761,3492900
9762,3917100
9763,3648800
9764,3496100
9765,3382200
9766,3668100
9767,3738000
9768,3502400
9769,3328300
9770,3571000
9771,3425400
9772,3787000
9773,3657000
9774,3378700
9775,3701700
9776,3425400
9777,3645400
9778,3325100
9779,3537800
9780,3533400
9781,3383300
9782,3969600
9783,4364500
9784,3750000
9785,3337100
9786,3818700
9787,3439300
9788,3475700
9789,3528400
9790,3476400
9791,3899500
9792,4143300
9793,3461700
9794,3425700
9795,3852200
9796,3741000
9797,3323600
9798,3437700
9799,4490600
9800,4217600
9801,6014800
9802,5614900
9803,3514400
9804,3565400
9805,3189100
9806,3019800
9807,3002900
9808,3252900
9809,3841900
9810,3004000
9811,2950600
9812,3010900
9813,3455900
9814,3120100
9815,3146500
9816,2882600
9817,3040500
9818,3470600
9819,3413900
9820,3058000
9821,3002300
9822,3087500
9823,3309100
9824,3653400
9825,3026700
9826,2959400
9827,3032300
9828,3202200
9829,3355800
9830,3779500
9831,2972400
9832,3045100
9833,3260500
9834,3339500
9835,3176900
9836,2999200
9837,2915700
9838,3134500
9839,3511900
9840,3483600
9841,2982800
9842,3080100
9843,3199800
9844,3296700
9845,3212100
9846,2943500
9847,3049600
9848,3077000
9849,2950200
9850,3409200
9851,3296100
9852,3005900
9853,3263300
9854,3020400
9855,3212700
9856,3132400
9857,3101900
9858,3189000
9859,3170800
9860,3711100
9861,3312300
9862,3157500
9863,3148400
9864,3042000
9865,3242800
9866,3463600
9867,3075400
9868,3238100
9869,3186700
9870,3186200
9871,3918300
9872,3470200
9873,3463800
9874,3084500
9875,3512000
9876,3459600
9877,3438200
9878,3099700
9879,3097900
9880,3406600
9881,3386100
9882,3090100
9883,3023900
9884,3004600
9885,3006100
9886,3558700
9887,3663100
9888,3221800
9889,3223500
9890,3160900
9891,3787500
9892,3400000
9893,2971900
9894,3003900
9895,2960700
9896,3403500
9897,3039000
9898,3027100
9899,3019600
9900,3348800
9901,3373800
9902,3766000
9903,3063400
9904,2966700
9905,3061600
9906,3172400
9907,3262400
9908,3039500
9909,2935700
9910,2944600
9911,3353600
9912,3525100
9913,3357700
9914,3044400
9915,2898200
9916,2952400
9917,3383700
9918,2982000
9919,3051400
9920,2945200
9921,3167300
9922,3798900
9923,3185400
9924,3031200
9925,2991000
9926,3210400
9927,3581200
9928,3367000
9929,3039600
9930,3196700
9931,3152100
9932,3427300
9933,3337300
9934,3029800
9935,3159400
9936,3137200
9937,3211900
9938,3266200
9939,3063200
9940,2972200
9941,3095900
9942,3021000
9943,3335700
9944,3337600
9945,3264100
9946,3054600
9947,3010700
9948,3396500
9949,3242800
9950,3063500
9951,2992100
9952,3175800
9953,3146600
9954,3604400
9955,3443800
9956,3593700
9957,3734300
9958,3568400
9959,3527200
9960,3148000
9961,3066200
9962,3003200
9963,3644000
9964,3606600
9965,3024200
9966,2926500
9967,3155100
9968,3154200
9969,3462400
9970,3047600
9971,2877300
9972,3104000
9973,3047900
9974,3397900
9975,3371300
9976,3040200
9977,3115600
9978,2892200
9979,3682600
9980,3213300
9981,3002900
9982,3190900
9983,3089500
9984,3459900
9985,3641500
9986,2942800
9987,2999300
9988,3111200
9989,3604000
9990,3314700
9991,3043000
9992,2992400
9993,3065600
9994,3232000
9995,3900700
9996,2985600
9997,3057600
9998,3084300
9999,3531700
10000,3385500
10001,3046800
10002,3023500
10003,2992700
10004,3081900
10005,3288900
10006,3916500
10007,3082800
10008,3283800
10009,3346700
10010,3276200
10011,3053900
10012,3051200
10013,3293400
10014,3288400
10015,3490400
10016,3266400
10017,3118500
10018,3345200
10019,3264000
10020,3356300
10021,3514100
10022,3036900
10023,3196200
10024,3050200
10025,3195400
10026,3507700
10027,3040600
10028,3564000
10029,3919300
10030,4396300
10031,3418000
10032,3386300
10033,3077400
10034,3025500
10035,3251800
10036,3448400
10037,3099800
10038,3080500
10039,2929100
10040,3440100
10041,3119000
10042,3168100
10043,2904900
10044,3039900
10045,3073400
10046,3893300
10047,3217100
10048,3010800
10049,2972700
10050,2943500
10051,3580100
10052,3683500
10053,3781300
10054,4191800
10055,4130000
10056,3854400
10057,3486200
10058,3436000
10059,3506400
10060,3857000
10061,3476900
10062,3497300
10063,3562600
10064,4855000
10065,3558100
10066,3525300
10067,3438100
10068,3168200
10069,3498900
10070,3133500
10071,3000500
10072,2984500
10073,2955100
10074,3662900
10075,3042900
10076,2964100
10077,3005600
10078,2933500
10079,3511600
10080,3324300
10081,3070500
10082,2982700
10083,3020000
10084,3442100
10085,3245900
10086,3528600
10087,3314800
10088,3116300
10089,3263500
10090,3218300
10091,3074000
10092,2947300
10093,3280000
10094,3046600
10095,3217700
10096,3421700
10097,2958200
10098,3143400
10099,3156500
10100,3427900
10101,3576500
10102,3078700
10103,3064800
10104,3099900
10105,3266700
10106,3720100
10107,2978200
10108,3031200
10109,3169200
10110,3132000
10111,3265400
10112,3302900
10113,3047200
10114,3013600
10115,2905800
10116,3458600
10117,3812300
10118,3090400
10119,3040100
10120,2889600
10121,3114600
10122,3120900
10123,3158300
10124,3104200
10125,3023500
10126,3472000
10127,4074500
10128,3244700
10129,3112900
10130,3033100
10131,3106500
10132,3409400
10133,3011500
10134,2878500
10135,3172200
10136,2981700
10137,3624200
10138,3632900
10139,3162800
10140,3066700
10141,3027400
10142,3473200
10143,3213100
10144,3049800
10145,2983400
10146,3000100
10147,3444400
10148,3446800
10149,2995400
10150,3033100
10151,2981300
10152,3749100
10153,3188600
10154,3018200
10155,2953300
10156,2942200
10157,3629400
10158,3322300
10159,3052500
10160,2890200
10161,3046200
10162,3319700
10163,3368300
10164,3160100
10165,2962900
10166,2930900
10167,3066400
10168,3402700
10169,3936500
10170,2926900
10171,3092100
10172,3373600
10173,3202300
10174,3136700
10175,3067100
10176,3272200
10177,3006600
10178,3370300
10179,3505000
10180,3026800
10181,3343300
10182,3624700
10183,3472100
10184,3261500
10185,3150100
10186,3429100
10187,3160800
10188,3513200
10189,3608200
10190,3250200
10191,3117700
10192,2983700
10193,3288200
10194,3340500
10195,3212000
10196,3007600
10197,3061000
10198,3132000
10199,3309000
10200,3910000
10201,3614000
10202,3081100
10203,3182100
10204,3279400
10205,3170900
10206,3012300
10207,3080700
10208,2956900
10209,3504000
10210,3328200
10211,3104400
10212,3073100
10213,2856400
10214,3324000
10215,3187500
10216,2949900
10217,2998000
10218,2962400
10219,3266400
10220,4033900
10221,3023800
10222,3000200
10223,3032100
10224,3486700
10225,3543600
10226,3083500
10227,3017400
10228,3026600
10229,3236100
10230,3443100
10231,3598200
10232,3310700
10233,3172300
10234,3072900
10235,3629800
10236,3054300
10237,2963200
10238,3083200
10239,3064000
10240,3732000
10241,3392000
10242,3121200
10243,2978200
10244,3025200
10245,3179800
10246,3159100
10247,2936100
10248,2978200
10249,2973200
10250,3223500
10251,3342700
10252,3305700
10253,3000000
10254,3125900
10255,3009200
10256,3563700
10257,3038800
10258,2949600
10259,3270600
10260,3223900
10261,3473800
10262,3208700
10263,3068200
10264,3532300
10265,3713100
10266,3808800
10267,3275600
10268,3219500
10269,3160600
10270,3023500
10271,3514900
10272,3800800
10273,3095100
10274,3140600
10275,3000500
10276,3447900
10277,3136600
10278,3169600
10279,3063400
10280,2958400
10281,3275300
10282,3716500
10283,3211900
10284,3038000
10285,3141000
10286,3157600
10287,3317100
10288,3270500
10289,3050900
10290,2967800
10291,2941100
10292,3479900
10293,3396800
10294,3088700
10295,2942500
10296,3033800
10297,3331600
10298,3347600
10299,3139700
10300,3011000
10301,3180500
10302,3700400
10303,3412500
10304,2974000
10305,2999100
10306,3052300
10307,3607600
10308,3444200
10309,2989100
10310,2982400
10311,2911500
10312,3213900
10313,3307700
10314,3375300
10315,3105800
10316,3028100
10317,3376000
10318,3516100
10319,3007000
10320,3004600
10321,3019900
10322,3189000
10323,3546600
10324,3428700
10325,2979900
10326,2996500
10327,3180300
10328,3146700
10329,3294200
10330,3031500
10331,2856100
10332,3152700
10333,3140000
10334,3293500
10335,3344200
10336,2961300
10337,3281400
10338,2886900
10339,3154900
10340,3083900
10341,2953700
10342,3884600
10343,3853000
10344,4256800
10345,3853000
10346,3298100
10347,3070100
10348,3112800
10349,3209600
10350,2971900
10351,3123100
10352,3046900
10353,2850800
10354,3369300
10355,3307300
10356,3405200
10357,3166200
10358,3050500
10359,3469400
10360,3206500
10361,3797500
10362,3688000
10363,3999200
10364,3904100
10365,3639000
10366,3403600
10367,3491900
10368,3475300
10369,3710300
10370,3521500
10371,3284200
10372,3490900
10373,3931700
10374,4267700
10375,3391200
10376,3492600
10377,3513100
10378,3589900
10379,3426100
10380,3292700
10381,3158100
10382,4079900
10383,3511000
10384,3390200
10385,3272800
10386,3211100
10387,3756000
10388,3484300
10389,3285600
10390,3136200
10391,3248600
10392,4259500
10393,3539000
10394,3467800
10395,3973500
10396,4006600
10397,3501400
10398,3406600
10399,3236200
10400,3460000
10401,4076100
10402,3546800
10403,3309200
10404,3893300
10405,3649400
10406,3683200
10407,3406400
10408,3384100
10409,3622300
10410,3661800
10411,4178800
10412,4894300
10413,4356200
10414,6303400
10415,4772100
10416,3199900
10417,3059500
10418,3389300
10419,3518300
10420,3178700
10421,3001900
10422,2930100
10423,3363200
10424,3501800
10425,3110600
10426,2986700
10427,3071900
10428,3117400
10429,3560700
10430,3609900
10431,2981200
10432,3050200
10433,2955300
10434,3593700
10435,3103100
10436,2971300
10437,3032800
10438,2950800
10439,3821800
10440,3421100
10441,3019000
10442,2930400
10443,3051800
10444,3411800
10445,3204600
10446,2967600
10447,2979400
10448,3264200
10449,3590000
10450,3431100
10451,3008800
10452,3050200
10453,3268200
10454,3207100
10455,3630400
10456,3154300
10457,2989100
10458,3366700
10459,3134700
10460,3366000
10461,3116100
10462,3061400
10463,2979600
10464,3476800
10465,3448900
10466,3065600
10467,3026600
10468,3300700
10469,3217800
10470,3272200
10471,3631300
10472,3037600
10473,3137100
10474,3074800
10475,3459100
10476,3323100
10477,3327300
10478,3141400
10479,2971200
10480,3444700
10481,3771300
10482,3135600
10483,3014100
10484,3071900
10485,3190300
10486,3265400
10487,3391600
10488,3552600
10489,3205000
10490,3600400
10491,3601500
10492,3295100
10493,3157800
10494,3168000
10495,3315700
10496,3407600
10497,3060200
10498,3097500
10499,3132800
10500,3086100
10501,3561500
10502,3334600
10503,3060200
10504,3092400
10505,3075500
10506,3985000
10507,3525100
10508,3122100
10509,2983100
10510,3034400
10511,3398800
10512,3696000
10513,3033600
10514,2956500
10515,3004100
10516,3411900
10517,3229800
10518,2993200
10519,3017300
10520,3011300
10521,3468900
10522,3444300
10523,3093300
10524,3023400
10525,3201300
10526,3567700
10527,3487300
10528,2977400
10529,2923900
10530,3070200
10531,3147600
10532,3451900
10533,3173700
10534,3028300
10535,3000600
10536,3108200
10537,3520800
10538,3140500
10539,3071400
10540,3151800
10541,3074400
10542,3475300
10543,3905300
10544,3039600
10545,3153100
10546,3206300
10547,3262300
10548,3039500
10549,3023000
10550,3054600
10551,3170400
10552,3147800
10553,3707200
10554,2968100
10555,3087700
10556,3167900
10557,2963700
10558,3631600
10559,3082000
10560,3165300
10561,3225400
10562,3053700
10563,3450100
10564,3249000
10565,3378000
10566,3682100
10567,3583600
10568,3737600
10569,3208100
10570,3196200
10571,3141400
10572,2990000
10573,3242500
10574,3643500
10575,3439800
10576,3061500
10577,2948100
10578,3333400
10579,3090600
10580,3124200
10581,3052400
10582,3006200
10583,3325200
10584,3551400
10585,3116200
10586,3003600
10587,3020100
10588,3028000
10589,3243800
10590,3335400
10591,2975200
10592,3037900
10593,2876000
10594,3676200
10595,3555700
10596,3065600
10597,2991700
10598,2980100
10599,3370900
10600,3368200
10601,3204600
10602,2995800
10603,3030600
10604,3393300
10605,3478000
10606,2933800
10607,2979800
10608,3188800
10609,3385200
10610,3330800
10611,3084900
10612,2916600
10613,3025400
10614,3028900
10615,3443800
10616,3370400
10617,3070800
10618,3001000
10619,2957700
10620,3824800
10621,3295400
10622,3013600
10623,3229800
10624,3128000
10625,3571300
10626,3150500
10627,3109200
10628,3049600
10629,3372000
10630,3616500
10631,3401200
10632,3044700
10633,3056800
10634,3242200
10635,3524200
10636,3290100
10637,3026600
10638,3021200
10639,3306400
10640,3354200
10641,3228400
10642,3123300
10643,2919000
10644,3271500
10645,3041400
10646,3827200
10647,3174100
10648,3155300
10649,3820200
10650,4029400
10651,3903700
10652,3119300
10653,3193900
10654,3270500
10655,3392700
10656,3414100
10657,3047400
10658,3180900
10659,3153400
10660,3180300
10661,3270600
10662,3034700
10663,4065900
10664,3908100
10665,4539900
10666,3898200
10667,3457000
10668,3582600
10669,3683600
10670,3616900
10671,3615700
10672,3465000
10673,3654400
10674,4270600
10675,3827100
10676,3500800
10677,3576400
10678,3507300
10679,3695300
10680,3125600
10681,2967500
10682,3219400
10683,3024300
10684,3622200
10685,3239400
10686,3018800
10687,3089300
10688,3058500
10689,3655600
10690,3267900
10691,2911300
10692,3090500
10693,3017800
10694,4019400
10695,3234900
10696,2994000
10697,3042200
10698,3660800
10699,3568600
10700,3064200
10701,3069500
10702,3081300
10703,2972800
10704,3358600
10705,3476200
10706,3114500
10707,3097000
10708,2898700
10709,3369600
10710,3380300
10711,3042600
10712,3077200
10713,3119400
10714,3104000
10715,3703800
10716,3283500
10717,3012300
10718,3070300
10719,3099000
10720,3281600
10721,3072200
10722,2969200
10723,3208500
10724,3123100
10725,3446600
10726,3442800
10727,3124700
10728,3128400
10729,3224000
10730,3433100
10731,3379000
10732,3079100
10733,3229700
10734,2972400
10735,3141300
10736,3292900
10737,3414900
10738,3259000
10739,3087300
10740,2946400
10741,3472300
10742,3120400
10743,3118100
10744,3123000
10745,3039000
10746,3760700
10747,3509200
10748,3097600
10749,2983600
10750,2970800
10751,3308500
10752,3248700
10753,3200300
10754,2937000
10755,3166200
10756,3280100
10757,3628300
10758,3305800
10759,2953700
10760,2941200
10761,2972700
10762,3226000
10763,3445000
10764,3086100
10765,2930200
10766,3087300
10767,3688400
10768,3533200
10769,3002800
10770,2926400
10771,2921200
10772,3546600
10773,3235700
10774,3016100
10775,2985400
10776,3088400
10777,3969400
10778,3488800
10779,3104600
10780,2896000
10781,2942700
10782,3222800
10783,3246100
10784,3057000
10785,2905800
10786,2955900
10787,3222200
10788,3351300
10789,3382100
10790,3130400
10791,3158500
10792,3152300
10793,3225100
10794,3146200
10795,2989800
10796,2933000
10797,3705900
10798,4208200
10799,3612600
10800,3108000
10801,3051200
10802,3343600
10803,3350600
10804,3145900
10805,3059800
10806,3002200
10807,3113300
10808,3532300
10809,3319900
10810,3027500
10811,3033700
10812,3114400
10813,3031000
10814,3354500
10815,3072000
10816,3155300
10817,3894200
10818,3428700
10819,3589600
10820,3233500
10821,3010500
10822,3088600
10823,2952800
10824,3284500
10825,3063800
10826,2955000
10827,3197900
10828,2956600
10829,3472800
10830,3254400
10831,3110600
10832,3063900
10833,3102900
10834,3360000
10835,3414000
10836,3107000
10837,3034800
10838,3146700
10839,3037500
10840,3247100
10841,3653900
10842,3190100
10843,3024600
10844,2844400
10845,3257600
10846,3140200
10847,3056400
10848,3087300
10849,3006100
10850,3780200
10851,3405800
10852,3042800
10853,2934100
10854,2949400
10855,3150000
10856,3217000
10857,3091100
10858,3093500
10859,3074800
10860,2952700
10861,3512100
10862,3720400
10863,3031400
10864,2982400
10865,2880400
10866,3637400
10867,3199300
10868,3038200
10869,2981700
10870,3173700
10871,3725100
10872,3478300
10873,3051400
10874,2909900
10875,3098800
10876,4164300
10877,3812700
10878,3464000
10879,3086800
10880,3156800
10881,3633500
10882,3303200
10883,3031200
10884,2988600
10885,3114700
10886,3685400
10887,3244300
10888,2977700
10889,2900200
10890,3183500
10891,3275700
10892,3877900
10893,3021200
10894,2942200
10895,3080400
10896,3105200
10897,3339700
10898,3030100
10899,3009600
10900,3434300
10901,3159400
10902,3358000
10903,3132400
10904,3000100
10905,3371500
10906,3026600
10907,3587800
10908,3097900
10909,3198800
10910,3312900
10911,3051200
10912,3699400
10913,3167700
10914,3404900
10915,3046600
10916,3076000
10917,3475000
10918,3157800
10919,3321800
10920,3003800
10921,2872100
10922,3575900
10923,3455700
10924,3156900
10925,3057800
10926,3071500
10927,3074700
10928,3228100
10929,3410500
10930,3125000
10931,3071700
10932,3081300
10933,3340400
10934,3832700
10935,3127700
10936,3015000
10937,2965400
10938,3627800
10939,3280900
10940,2989000
10941,3070900
10942,3371800
10943,3564000
10944,3194900
10945,3007400
10946,2991300
10947,3045800
10948,3305800
10949,3279100
10950,3168000
10951,2949300
10952,2989500
10953,3049000
10954,3511200
10955,3260300
10956,3094900
10957,2919800
10958,3248300
10959,3629800
10960,3127500
10961,2983100
10962,2990300
10963,3332900
10964,3895800
10965,4109800
10966,3454700
10967,3277100
10968,3378800
10969,3307200
10970,2966500
10971,3002500
10972,2995100
10973,3544500
10974,4271900
10975,4432500
10976,3701800
10977,3528400
10978,3905600
10979,3579700
10980,3293700
10981,3569200
10982,3408000
10983,3691000
10984,4120100
10985,4014800
10986,3562700
10987,4159400
10988,3459100
10989,3606800
10990,3464300
10991,3356300
10992,3744500
10993,3540200
10994,3630000
10995,3383200
10996,3590900
10997,3514200
10998,3695200
10999,3513700
11000,3348400
11001,3636400
11002,3806900
11003,3614900
11004,3265200
11005,3858100
11006,3765900
11007,3688900
11008,3348100
11009,3339500
11010,3677700
11011,3892000
11012,3217500
11013,3492400
11014,3292200
11015,3838500
11016,3917200
11017,3375300
11018,3467500
11019,3451000
11020,3969800
11021,4212100
11022,4780300
11023,5547800
11024,5943300
11025,3406900
11026,3210300
11027,3359700
11028,3633800
11029,2996100
11030,2923900
11031,2918200
11032,3367000
11033,3293400
11034,3118200
11035,3057500
11036,2933400
11037,3116000
11038,3173000
11039,3518400
11040,3035600
11041,2974500
11042,3090300
11043,3209600
11044,3352500
11045,3009300
11046,3043200
11047,3141500
11048,3085100
11049,3332800
11050,3347600
11051,3257000
11052,3164000
11053,3051300
11054,3670100
11055,3075900
11056,3242300
11057,2932000
11058,2911500
11059,3493700
11060,3168900
11061,3233700
11062,3019500
11063,3195800
11064,3345500
11065,3117600
11066,3209100
11067,2969300
11068,2954000
11069,3332100
11070,3480600
11071,3430500
11072,3029900
11073,3030100
11074,3088400
11075,3224100
11076,3201300
11077,3100000
11078,3088600
11079,3007100
11080,3452100
11081,3553700
11082,3092700
11083,3001800
11084,3020900
11085,3703900
11086,3355300
11087,3042100
11088,2992700
11089,3136500
11090,3253800
11091,3618500
11092,3011400
11093,2896400
11094,3145500
11095,3139200
11096,3571800
11097,3127300
11098,2920700
11099,3048000
11100,3008800
11101,3993700
11102,3527700
11103,3077100
11104,3194800
11105,3439100
11106,3627100
11107,3239400
11108,3026500
11109,3108000
11110,3104300
11111,3459100
11112,3143400
11113,3030000
11114,2922100
11115,3128100
11116,3500800
11117,3166000
11118,3030500
11119,3063400
11120,3161800
11121,3543600
11122,3687200
11123,3119200
11124,2987700
11125,3776300
11126,3670800
11127,3138500
11128,3027600
11129,2930300
11130,3212600
11131,3417400
11132,3806300
11133,3145700
11134,3195900
11135,3149300
11136,3220600
11137,3288200
11138,2987700
11139,3190800
11140,3095400
11141,3082000
11142,3635000
11143,3339400
11144,3111500
11145,3098200
11146,2954600
11147,3329200
11148,2982700
11149,3073100
11150,3160300
11151,2949600
11152,3466900
11153,3517300
11154,3049400
11155,3015800
11156,2960200
11157,3149100
11158,3376800
11159,3262600
11160,2987800
11161,3071100
11162,3013900
11163,3494600
11164,3463700
11165,3197700
11166,2976500
11167,2928500
11168,3469400
11169,3388100
11170,3221600
11171,3070600
11172,3056000
11173,3776400
11174,3207600
11175,3084200
11176,2944700
11177,3100400
11178,3102200
11179,3753900
11180,3611600
11181,3467500
11182,3173100
11183,3617900
11184,3573100
11185,3151300
11186,2961300
11187,2967800
11188,3395700
11189,3429300
11190,3150200
11191,2968500
11192,2855500
11193,3493100
11194,3422700
11195,3228000
11196,2944200
11197,2975400
11198,3520300
11199,3284600
11200,3047400
11201,3073700
11202,3021800
11203,3095800
11204,3315200
11205,3270300
11206,3046600
11207,2991500
11208,3390000
11209,3535400
11210,3264500
11211,3027000
11212,2930300
11213,3315700
11214,3498100
11215,3700600
11216,3051900
11217,3215400
11218,3197200
11219,2993100
11220,3333400
11221,3014000
11222,2975000
11223,3631000
11224,3420800
11225,3706700
11226,3153400
11227,3230300
11228,3113300
11229,3004600
11230,3401700
11231,3083500
11232,3251100
11233,3357300
11234,3006200
11235,3380800
11236,3272600
11237,3083800
11238,2963500
11239,2935300
11240,3427300
11241,3060000
11242,3126000
11243,3084600
11244,3018400
11245,3241700
11246,3465500
11247,3958400
11248,3195100
11249,3082400
11250,3201600
11251,3304100
11252,3045000
11253,3078100
11254,3029000
11255,3000500
11256,3405200
11257,3504800
11258,2944900
11259,2943000
11260,2929900
11261,3898200
11262,3441000
11263,3017900
11264,3104000
11265,3113700
11266,3794900
11267,3316400
11268,3056900
11269,2987300
11270,3015900
11271,3630900
11272,3614200
11273,3852200
11274,3501000
11275,3169500
11276,4325900
11277,3897700
11278,4122900
11279,3702300
11280,3562400
11281,3964000
11282,3416000
11283,3461900
11284,4154400
11285,4163500
11286,3766000
11287,3446500
11288,3599300
11289,3868800
11290,3518300
11291,3335900
11292,3746300
11293,3318000
11294,3356600
11295,3175100
11296,3027100
11297,3290100
11298,2962500
11299,3357000
11300,3084900
11301,3011200
11302,3252300
11303,3054900
11304,3191000
11305,3669600
11306,3051700
11307,3324000
11308,3057400
11309,3447900
11310,3213400
11311,3346700
11312,3138700
11313,3083800
11314,3083400
11315,3262500
11316,3560200
11317,3163200
11318,2888400
11319,2985300
11320,3431500
11321,3319400
11322,3081000
11323,2958700
11324,2993400
11325,3654600
11326,3402200
11327,3079500
11328,3035500
11329,2937100
11330,3163700
11331,3350800
11332,3202400
11333,2901900
11334,3105100
11335,3124700
11336,3534300
11337,3380100
11338,2988600
11339,3006100
11340,2987100
11341,3922300
11342,3142300
11343,2930900
11344,2959200
11345,2896700
11346,3439500
11347,3532200
11348,2965400
11349,3040000
11350,3172500
11351,3244700
11352,3271300
11353,2925400
11354,3013500
11355,3025400
11356,3223600
11357,3437900
11358,3228600
11359,2942100
11360,3281200
11361,3111800
11362,3544400
11363,3169800
11364,3006600
11365,3118600
11366,3227600
11367,3589300
11368,3169800
11369,2901300
11370,3176700
11371,2981100
11372,3158600
11373,3177300
11374,3062200
11375,3093500
11376,3046600
11377,3149600
11378,3319300
11379,3179100
11380,3299600
11381,3230200
11382,3056300
11383,3324200
11384,3040600
11385,3005600
11386,2985900
11387,3009100
11388,3316100
11389,3527300
11390,3265700
11391,3049000
11392,3038900
11393,3037600
11394,3297800
11395,3305000
11396,3084000
11397,3017400
11398,2992800
11399,3917800
11400,3333200
11401,3055600
11402,3109100
11403,3019000
11404,3340500
11405,3201900
11406,2993700
11407,3174600
11408,2990500
11409,3253300
11410,4173600
11411,3345800
11412,3152500
11413,3144700
11414,3763900
11415,3342600
11416,3087200
11417,3201900
11418,3019500
11419,3455600
11420,3308400
11421,2947300
11422,2944100
11423,2930800
11424,3426800
11425,3287600
11426,2978400
11427,3091300
11428,2990200
11429,3041100
11430,4300000
11431,3175900
11432,3011300
11433,2931200
11434,3040000
11435,3242000
11436,3118700
11437,3008300
11438,2993800
11439,3435000
11440,4039700
11441,3186900
11442,3002300
11443,3079100
11444,3071800
11445,3280100
11446,3134300
11447,3025100
11448,3098700
11449,3051700
11450,3558100
11451,3695000
11452,2999600
11453,3071200
11454,3174500
11455,3081000
11456,3376000
11457,3051100
11458,3123700
11459,3229400
11460,3122600
11461,3559800
11462,3341200
11463,2973400
11464,3166900
11465,3108900
11466,3588800
11467,3169100
11468,3179100
11469,3084700
11470,3138600
11471,3376400
11472,3305800
11473,3140800
11474,2985000
11475,2990100
11476,3250800
11477,3316600
11478,3141400
11479,3060200
11480,3084900
11481,2931800
11482,3617800
11483,3566300
11484,3801600
11485,3569900
11486,3759800
11487,3270600
11488,3326200
11489,3031700
11490,2969300
11491,3333000
11492,3498100
11493,3155300
11494,2937900
11495,2965700
11496,2981400
11497,3259900
11498,3417000
11499,3214000
11500,3075800
11501,2963000
11502,3721900
11503,3443600
11504,3174400
11505,2941400
11506,3003000
11507,3367700
11508,3224100
11509,3030400
11510,2999300
11511,3063400
11512,3248200
11513,3935700
11514,2962700
11515,3039100
11516,3167900
11517,3347500
11518,3691600
11519,3161900
11520,3060100
11521,3153100
11522,3181800
11523,3420200
11524,3352100
11525,2939700
11526,3024900
11527,3161100
11528,3382300
11529,3157900
11530,2989700
11531,2910300
11532,3205700
11533,3394200
11534,3614400
11535,3095300
11536,3106600
11537,3254000
11538,3623800
11539,3326700
11540,2960000
11541,3019700
11542,3198100
11543,3373600
11544,3755800
11545,3022600
11546,3019400
11547,3157500
11548,3169200
11549,3339500
11550,2920700
11551,3036300
11552,3096400
11553,3137000
11554,3727700
11555,3105300
11556,3067100
11557,3091700
11558,3054800
11559,3259400
11560,3022300
11561,3185600
11562,3154300
11563,2995300
11564,3428300
11565,3583800
11566,2996000
11567,3150900
11568,3152100
11569,3253300
11570,3402300
11571,3165200
11572,3268800
11573,3129800
11574,2912600
11575,3359200
11576,3375600
11577,3066500
11578,2956400
11579,2930400
11580,3250800
11581,3176500
11582,3248800
11583,3038900
11584,3037800
11585,3188600
11586,3845600
11587,3666200
11588,4448700
11589,4741900
11590,4732500
11591,3654500
11592,3383100
11593,3831400
11594,3850700
11595,3795900
11596,3555200
11597,3328300
11598,3517900
11599,4037100
11600,3504500
11601,3427700
11602,3373200
11603,4573700
11604,3565700
11605,3267200
11606,3344600
11607,3409700
11608,3859100
11609,3326900
11610,3395900
11611,3298100
11612,4123700
11613,3731800
11614,3359600
11615,3213200
11616,3342800
11617,4435800
11618,3529000
11619,3322500
11620,3367000
11621,3790100
11622,3848200
11623,3730200
11624,3250200
11625,3289400
11626,3713900
11627,3432100
11628,3376800
11629,3410900
11630,3742800
11631,3907800
11632,3495900
11633,3457400
11634,3381800
11635,3581400
11636,4403500
11637,4646000
11638,4213900
11639,7255900
11640,3657700
11641,3513500
11642,3168700
11643,3082800
11644,3377100
11645,3058900
11646,3019100
11647,3081600
11648,2974600
11649,3499100
11650,3594000
11651,3185000
11652,3144100
11653,3071500
11654,3530300
11655,2999700
11656,3030300
11657,3136300
11658,3013700
11659,3480500
11660,3239900
11661,3426700
11662,3048000
11663,3015700
11664,3426000
11665,3133300
11666,3406500
11667,3186500
11668,3075000
11669,3322600
11670,3447400
11671,3157000
11672,3044100
11673,3094900
11674,3241200
11675,3315200
11676,3211900
11677,3013400
11678,2998400
11679,3017100
11680,3532000
11681,3618400
11682,3096200
11683,3066100
11684,3071400
11685,3375200
11686,3203500
11687,3053100
11688,2908300
11689,3122200
11690,3393100
11691,3745100
11692,3024000
11693,3028500
11694,3165100
11695,3638200
11696,3780400
11697,3107900
11698,3104200
11699,3120600
11700,3705100
11701,3383800
11702,2931200
11703,2973100
11704,3195800
11705,3287800
11706,3259900
11707,2956800
11708,3116800
11709,3327700
11710,3182400
11711,3288400
11712,3618700
11713,3048300
11714,3026300
11715,3656100
11716,3657300
11717,3169800
11718,3042500
11719,3375800
11720,3591500
11721,3367700
11722,3485800
11723,3148800
11724,3285800
11725,3245100
11726,3360800
11727,3195100
11728,3169700
11729,3602300
11730,3585100
11731,3506300
11732,3395400
11733,3012200
11734,3402200
11735,3007200
11736,3620000
11737,3136000
11738,2934800
11739,2985600
11740,2988400
11741,3468300
11742,3912100
11743,3006700
11744,3017900
11745,3038600
11746,3818600
11747,3649200
11748,3164800
11749,3151600
11750,2951100
11751,3642200
11752,3566400
11753,2997200
11754,2990200
11755,3143000
11756,3373800
11757,3148100
11758,3021300
11759,3033800
11760,3327100
11761,3785200
11762,3244100
11763,2938700
11764,2881800
11765,3073200
11766,3108400
11767,3366500
11768,3038700
11769,3047700
11770,3352100
11771,3220600
11772,3428800
11773,3155000
11774,3139900
11775,3200800
11776,3075300
11777,3207300
11778,3135300
11779,3113300
11780,3039500
11781,3064200
11782,2980900
11783,3375200
11784,3139300
11785,3447800
11786,3698600
11787,3842700
11788,3807000
11789,3220700
11790,3094400
11791,2990700
11792,3181300
11793,3779400
11794,3316600
11795,3040700
11796,3121300
11797,3097900
11798,3313800
11799,3264500
11800,3102900
11801,2979000
11802,3044100
11803,3587100
11804,3711700
11805,3077000
11806,3119600
11807,2864900
11808,3289300
11809,3273800
11810,2915600
11811,2964600
11812,3081300
11813,3546000
11814,3273700
11815,3039100
11816,2941500
11817,3005000
11818,3115200
11819,3670900
11820,3164900
11821,3067600
11822,3074600
11823,3080900
11824,3392700
11825,3435100
11826,3032900
11827,2994500
11828,3050800
11829,3488200
11830,3120800
11831,2935600
11832,3002400
11833,3121500
11834,3298800
11835,3530700
11836,2931800
11837,3026200
11838,3382700
11839,3502300
11840,3550700
11841,3071900
11842,2960600
11843,3081400
11844,3110100
11845,3282200
11846,3429700
11847,2961500
11848,3166200
11849,3122800
11850,3242200
11851,3171500
11852,2912200
11853,3147900
11854,3056500
11855,3365800
11856,3346100
11857,2901100
11858,3166100
11859,3004400
11860,3304500
11861,3285000
11862,2949100
11863,3204700
11864,3265900
11865,3060800
11866,3315500
11867,3282500
11868,3202900
11869,3071300
11870,2906700
11871,3375600
11872,3176200
11873,3249800
11874,2991500
11875,3067400
11876,3592800
11877,3507600
11878,3306100
11879,3077000
11880,2922000
11881,3229500
11882,3457900
11883,3191500
11884,2925400
11885,2940800
11886,2957700
11887,3551200
11888,3411200
11889,3065900
11890,3060300
11891,2983100
11892,3735500
11893,4163300
11894,3909100
11895,4091100
11896,5682200
11897,4385400
11898,4181300
11899,3785200
11900,3892100
11901,3554000
11902,3313100
11903,3513100
11904,3862900
11905,3990700
11906,3580200
11907,3445200
11908,3416500
11909,3605300
11910,3227100
11911,2980700
11912,3128900
11913,3087400
11914,3642500
11915,3308500
11916,3033600
11917,2974300
11918,3348400
11919,3647900
11920,3608800
11921,2968800
11922,2954800
11923,3260700
11924,3236500
11925,3898400
11926,2997200
11927,3363700
11928,3390400
11929,3147800
11930,3610000
11931,3004600
11932,3026400
11933,3091800
11934,3135000
11935,3349900
11936,3458200
11937,3291400
11938,3021800
11939,3214300
11940,3613600
11941,3178400
11942,3038700
11943,3121600
11944,3003600
11945,3315900
11946,3783200
11947,3018600
11948,3051900
11949,2949200
11950,3284200
11951,3060000
11952,3105100
11953,2939800
11954,2978300
11955,3172100
11956,3958500
11957,3086300
11958,3076700
11959,3060400
11960,3297500
11961,3701200
11962,3048400
11963,2941300
11964,2964600
11965,3072700
11966,3529400
11967,3839900
11968,3048100
11969,2964500
11970,3071300
11971,3404400
11972,3123800
11973,2917900
11974,3007500
11975,3060100
11976,4063600
11977,3250300
11978,3082200
11979,2922600
11980,3074800
11981,3394600
11982,3239700
11983,2968800
11984,2905400
11985,3082700
11986,3372300
11987,3238200
11988,3394200
11989,2997500
11990,3284200
11991,3197500
11992,3666300
11993,3096900
11994,2970500
11995,3541100
11996,3142600
11997,3330100
11998,3829200
11999,3075700
12000,3352100
12001,3093800
12002,3349400
12003,3049600
12004,3105700
12005,3325200
12006,3174300
12007,3179400
12008,3715500
12009,3030000
12010,3519300
12011,3134700
12012,3214100
12013,3202000
12014,2943300
12015,3177900
12016,2989400
12017,3435800
12018,3741000
12019,3213800
12020,3058400
12021,3006700
12022,3066200
12023,3171700
12024,3031100
12025,4239500
12026,3213500
12027,3545400
12028,3396700
12029,3353200
12030,3172400
12031,3274200
12032,3287300
12033,3216600
12034,3122400
12035,3088800
12036,3005500
12037,3009000
12038,3390300
12039,3284400
12040,3113700
12041,3191900
12042,3107000
12043,3372200
12044,3226800
12045,3174700
12046,2987100
12047,2973000
12048,3333300
12049,3671100
12050,2970400
12051,3011100
12052,2878400
12053,3022200
12054,3726500
12055,3277100
12056,2954500
12057,2959700
12058,2942600
12059,3711400
12060,4257100
12061,3067700
12062,2917000
12063,3106900
12064,4012900
12065,3063700
12066,3072400
12067,2953600
12068,3010900
12069,3396800
12070,3347900
12071,2965700
12072,3050400
12073,3113600
12074,3406900
12075,3162200
12076,2929100
12077,2901600
12078,3003900
12079,3407200
12080,3371300
12081,3586300
12082,3072300
12083,3132400
12084,3123100
12085,3307700
12086,2949000
12087,3002600
12088,3230500
12089,3070300
12090,3232200
12091,3717000
12092,2991700
12093,3581000
12094,3732500
12095,4002600
12096,3144100
12097,3590500
12098,3463200
12099,3221700
12100,3283400
12101,3392500
12102,3142900
12103,3126700
12104,2993700
12105,3271300
12106,3081200
12107,3009100
12108,2972700
12109,3005600
12110,3497900
12111,3145900
12112,3160600
12113,3023500
12114,2930900
12115,3489900
12116,3187900
12117,3075500
12118,2982300
12119,3014600
12120,3084700
12121,3690300
12122,3104300
12123,3022100
12124,2997200
12125,3051900
12126,3379400
12127,3166100
12128,3113600
12129,3029100
12130,3081200
12131,3877300
12132,3545100
12133,3056500
12134,2987100
12135,3160400
12136,3313200
12137,3395500
12138,3025600
12139,2998700
12140,3028200
12141,3293100
12142,3527900
12143,3082200
12144,3091300
12145,3074100
12146,3112300
12147,3547900
12148,3096700
12149,3023900
12150,3087700
12151,3374400
12152,3593400
12153,3228400
12154,2945300
12155,3076800
12156,3386800
12157,3565400
12158,3232200
12159,2925900
12160,3074100
12161,3158500
12162,3287900
12163,3762300
12164,2996800
12165,3301900
12166,3246800
12167,3387300
12168,3238100
12169,2951500
12170,3371800
12171,3330400
12172,3538300
12173,3435300
12174,3211800
12175,3209500
12176,2970700
12177,3068800
12178,3255100
12179,3031300
12180,3210000
12181,3031300
12182,2956300
12183,3669400
12184,3203400
12185,3313900
12186,3141500
12187,2987300
12188,3276200
12189,3039600
12190,3123400
12191,3082400
12192,3076100
12193,3347800
12194,3578900
12195,3218100
12196,3121700
12197,3060000
12198,3029200
12199,3320900
12200,3991200
12201,3666600
12202,4030300
12203,3807900
12204,3914200
12205,3439800
12206,3508400
12207,3452200
12208,3951000
12209,3932300
12210,4332500
12211,3911100
12212,4365900
12213,3627800
12214,3203400
12215,3505000
12216,3759800
12217,3555900
12218,3297800
12219,3399100
12220,3398800
12221,4087500
12222,3608400
12223,3438200
12224,3286300
12225,3572000
12226,3883800
12227,3889300
12228,3372000
12229,3522500
12230,4101400
12231,3704300
12232,3497800
12233,3412000
12234,3859900
12235,3671100
12236,3510700
12237,3452100
12238,3687100
12239,3550300
12240,3776800
12241,3371600
12242,3473500
12243,3451400
12244,3753000
12245,3447500
12246,3472000
12247,3590100
12248,3497500
12249,5384700
12250,3661500
12251,5886700
12252,5656800
12253,3315600
12254,3172200
12255,2972400
12256,2883600
12257,3275900
12258,3613700
12259,3652100
12260,3092600
12261,3016400
12262,3478100
12263,3190900
12264,3116200
12265,3083200
12266,2995600
12267,3245800
12268,3793800
12269,3032600
12270,2943200
12271,2892500
12272,3185500
12273,3270700
12274,3220900
12275,3078900
12276,2993900
12277,3000900
12278,3728700
12279,3272100
12280,3128400
12281,2901600
12282,3149100
12283,3150500
12284,3293700
12285,3001000
12286,3028900
12287,3042700
12288,3304500
12289,3957000
12290,2998100
12291,2901700
12292,3147900
12293,2969600
12294,3525100
12295,3120500
12296,3067100
12297,3127400
12298,2988900
12299,3785100
12300,3812800
12301,2992500
12302,3034500
12303,2968700
12304,3731100
12305,3032400
12306,2893700
12307,3082600
12308,3028600
12309,3586000
12310,3418000
12311,3028200
12312,2933900
12313,3245500
12314,3765500
12315,3267400
12316,3019200
12317,3143300
12318,3019800
12319,3220000
12320,3707000
12321,3146400
12322,3143900
12323,3073600
12324,3316600
12325,3207000
12326,2970900
12327,3068300
12328,3370700
12329,3582000
12330,3438000
12331,3336100
12332,3070100
12333,3486500
12334,3226700
12335,3384200
12336,3001400
12337,3031800
12338,3239000
12339,2954200
12340,3325800
12341,3452800
12342,2967700
12343,3070900
12344,3064900
12345,3246300
12346,3039100
12347,2989700
12348,3273900
12349,3072700
12350,3389300
12351,3396800
12352,3924800
12353,3102300
12354,3138600
12355,3194700
12356,3278800
12357,3354100
12358,3176000
12359,3050200
12360,3327200
12361,3245800
12362,3938900
12363,3512500
12364,3224500
12365,3376800
12366,3360500
12367,3076100
12368,3063400
12369,2945800
12370,3018300
12371,3544200
12372,3447300
12373,3009000
12374,3015900
12375,3034400
12376,3228000
12377,3379200
12378,3044400
12379,2904300
12380,2937900
12381,3168900
12382,3904600
12383,2929500
12384,3102700
12385,2984600
12386,3351400
12387,3512400
12388,3072800
12389,2974500
12390,2958800
12391,2883000
12392,3417800
12393,3253000
12394,3022800
12395,2936500
12396,3045300
12397,4185000
12398,3698100
12399,3487100
12400,3113200
12401,3386800
12402,3740000
12403,3261600
12404,3012400
12405,3032500
12406,3111800
12407,3356600
12408,3064000
12409,2956100
12410,2962900
12411,3181400
12412,3377500
12413,3492500
12414,2904900
12415,2925500
12416,3038100
12417,3093700
12418,3755900
12419,3046400
12420,3188300
12421,3143600
12422,3163100
12423,3511300
12424,3180600
12425,3160300
12426,3005800
12427,3089700
12428,3198200
12429,3074600
12430,3206200
12431,3217500
12432,3209200
12433,3322800
12434,3486900
12435,3179500
12436,3029500
12437,3057200
12438,3355700
12439,3398000
12440,3146800
12441,3015300
12442,3082400
12443,3072200
12444,3302700
12445,3490600
12446,3012700
12447,2916400
12448,3055000
12449,3334700
12450,3160600
12451,3024100
12452,3232200
12453,3020600
12454,3412300
12455,4013000
12456,2920200
12457,3101600
12458,2950100
12459,3212600
12460,4693500
12461,3032000
12462,3016900
12463,2992000
12464,3614200
12465,3633300
12466,2962000
12467,3005600
12468,3050400
12469,3565500
12470,3375900
12471,3010700
12472,3058600
12473,2878900
12474,3443000
12475,3252100
12476,3495000
12477,3134300
12478,3056400
12479,3216800
12480,3277100
12481,3098800
12482,3006700
12483,3046800
12484,3139000
12485,3426900
12486,3313200
12487,3056600
12488,3040400
12489,3678200
12490,3334900
12491,3120400
12492,2978700
12493,3062200
12494,3095000
12495,3451600
12496,3555900
12497,3006600
12498,2914600
12499,3241400
12500,3109000
12501,3235900
12502,3078900
12503,2972100
12504,3623600
12505,4745700
12506,4618700
12507,3971300
12508,3524200
12509,3352300
12510,3829600
12511,3605600
12512,3547400
12513,3534300
12514,4051200
12515,3832400
12516,3875700
12517,4337300
12518,4748800
12519,4003800
12520,3570300
12521,3046800
12522,2993600
12523,3343400
12524,3451300
12525,3185900
12526,3003900
12527,2960900
12528,3451300
12529,3126300
12530,3774300
12531,2987400
12532,3026700
12533,3404700
12534,3719300
12535,3179300
12536,3073100
12537,3051200
12538,3032100
12539,3478200
12540,3007400
12541,2985200
12542,3064300
12543,3019200
12544,3902600
12545,3629300
12546,3132300
12547,3099900
12548,2909800
12549,3657400
12550,3057800
12551,3001300
12552,2924000
12553,2828300
12554,3672000
12555,3826500
12556,3017400
12557,2921500
12558,3099900
12559,3518700
12560,3194500
12561,2945000
12562,2903900
12563,2974900
12564,3407600
12565,3244100
12566,3285800
12567,3038900
12568,2978400
12569,3357800
12570,3617800
12571,3113900
12572,2924700
12573,2946800
12574,3194500
12575,3432900
12576,3178500
12577,2951900
12578,2898100
12579,3193100
12580,3495800
12581,3109400
12582,2937500
12583,3044600
12584,3226200
12585,2935400
12586,3350200
12587,3222200
12588,2910100
12589,3508200
12590,3139200
12591,3261000
12592,2982300
12593,3033900
12594,3169000
12595,3256500
12596,3236100
12597,3703200
12598,3152700
12599,3263200
12600,3101200
12601,3319700
12602,3160100
12603,3192100
12604,3299700
12605,3045500
12606,3604000
12607,3783400
12608,3308900
12609,3044000
12610,3023200
12611,3108000
12612,3208400
12613,3129200
12614,3128200
12615,3082200
12616,3167100
12617,3279400
12618,3613300
12619,3109100
12620,3020500
12621,2993900
12622,3276400
12623,3278000
12624,3180300
12625,2906600
12626,3060100
12627,3688600
12628,3425400
12629,3064800
12630,2991300
12631,3268200
12632,3531900
12633,3301200
12634,3083600
12635,2991300
12636,3044100
12637,3196600
12638,3833600
12639,3556500
12640,3160500
12641,3069200
12642,3703400
12643,3353200
12644,3180900
12645,3061600
12646,3000800
12647,3315200
12648,3405600
12649,3324200
12650,2965200
12651,3004200
12652,3245900
12653,3478100
12654,3173100
12655,3056300
12656,2966000
12657,3130300
12658,3584900
12659,3335700
12660,2991400
12661,3113700
12662,3384500
12663,3257300
12664,3131200
12665,3064200
12666,2977000
12667,3098900
12668,3271300
12669,3746000
12670,3006200
12671,3049900
12672,3526700
12673,3420100
12674,3344200
12675,3043500
12676,3350200
12677,3207900
12678,3204400
12679,3323300
12680,3291800
12681,3013000
12682,3021700
12683,2911800
12684,3423300
12685,3227300
12686,3111300
12687,3117600
12688,3001800
12689,3481400
12690,3163600
12691,3225800
12692,3109900
12693,2987800
12694,3414100
12695,3358000
12696,3058300
12697,3156900
12698,3169800
12699,3211400
12700,3379700
12701,3728700
12702,3667400
12703,3897200
12704,3600700
12705,3549600
12706,3094100
12707,3096100
12708,2952500
12709,3399500
12710,3465100
12711,2996400
12712,2952400
12713,3029100
12714,3125900
12715,3399000
12716,3071200
12717,2922100
12718,3077800
12719,3087100
12720,3521600
12721,3267700
12722,2949000
12723,3081100
12724,2953200
12725,3366800
12726,3144600
12727,3073000
12728,3027700
12729,2994800
12730,3714500
12731,3342300
12732,3253000
12733,3139100
12734,3191300
12735,3391500
12736,3365900
12737,2961700
12738,3033700
12739,3177500
12740,3093800
12741,3588100
12742,3164200
12743,3085100
12744,3050400
12745,2975500
12746,3518900
12747,3125400
12748,2996000
12749,3105800
12750,3111200
12751,3419900
12752,3390000
12753,3029700
12754,3159300
12755,3111300
12756,3115600
12757,3237300
12758,3088400
12759,3252600
12760,3052300
12761,2965800
12762,3641000
12763,3240700
12764,3115500
12765,2957700
12766,3031900
12767,3362600
12768,3166200
12769,3214100
12770,3012600
12771,2983600
12772,3407200
12773,3844200
12774,3128600
12775,3103300
12776,3095400
12777,3129200
12778,3531400
12779,3221500
12780,3034700
12781,2956700
12782,3056100
12783,3424300
12784,3428900
12785,3036300
12786,2999700
12787,2956300
12788,3620000
12789,3052000
12790,3207500
12791,3053700
12792,3077900
12793,3655700
12794,3716900
12795,3130100
12796,2869300
12797,2912700
12798,3729300
12799,3143300
12800,3064400
12801,2906300
12802,3028400
12803,3503000
12804,3332900
12805,3029500
12806,3026500
12807,2992400
12808,3363000
12809,3256700
12810,3009800
12811,2945700
12812,2978300
12813,3525400
12814,3961400
12815,4125100
12816,3433200
12817,4061900
12818,4076700
12819,3539400
12820,3308800
12821,3458800
12822,3434200
12823,3741100
12824,3470400
12825,3398400
12826,3731500
12827,3354100
12828,3616200
12829,3331800
12830,3771700
12831,4029700
12832,5436500
12833,3860700
12834,3613800
12835,3496900
12836,3935700
12837,3477200
12838,4040300
12839,3512800
12840,3338200
12841,3832400
12842,3754600
12843,3485100
12844,3403500
12845,3614400
12846,3550800
12847,3730700
12848,3547800
12849,3516200
12850,3749900
12851,3908700
12852,3476700
12853,3458900
12854,3436900
12855,3756900
12856,3507700
12857,3277200
12858,3370400
12859,3379800
12860,3824900
12861,3351400
12862,3171300
12863,3294000
12864,4362900
12865,4840800
12866,5459200
12867,6200900
12868,3540100
12869,3328500
12870,3036500
12871,3101800
12872,3523000
12873,3206600
12874,3059700
12875,3026000
12876,2948300
12877,3490300
12878,3330700
12879,3568500
12880,3067100
12881,3172100
12882,3350100
12883,3366500
12884,2972400
12885,2955400
12886,2983200
12887,3125200
12888,3537100
12889,3135500
12890,3022500
12891,3141200
12892,3149400
12893,3638000
12894,3077800
12895,3084300
12896,2932400
12897,3129600
12898,3296400
12899,3691900
12900,3046800
12901,2980800
12902,3256900
12903,3318000
12904,3294500
12905,3056700
12906,3012400
12907,3009200
12908,2978400
12909,3136300
12910,3670400
12911,3020800
12912,3119700
12913,3029600
12914,3455000
12915,3280200
12916,3226400
12917,3102900
12918,3177400
12919,3429600
12920,3344600
12921,3502500
12922,3298300
12923,3062900
12924,3324800
12925,3198400
12926,3131300
12927,3058900
12928,2994800
12929,3454900
12930,3380300
12931,3724000
12932,3008800
12933,2959100
12934,3157500
12935,3247700
12936,3376800
12937,2929100
12938,3114400
12939,2970900
12940,3871200
12941,3754500
12942,3209700
12943,3006200
12944,3235000
12945,3840100
12946,3281700
12947,3075700
12948,3094400
12949,2954000
12950,3756100
12951,3314300
12952,3063400
12953,2881100
12954,3028800
12955,3386400
12956,3122900
12957,2957400
12958,2938200
12959,3041200
12960,3518900
12961,3648600
12962,3004300
12963,3039900
12964,2907200
12965,3499500
12966,3482700
12967,3154300
12968,3069000
12969,2949300
12970,3205500
12971,3351100
12972,3574000
12973,2956000
12974,3113900
12975,3295200
12976,3503200
12977,3146800
12978,3069100
12979,3038100
12980,3448400
12981,3973400
12982,3406200
12983,3086300
12984,3134900
12985,3230000
12986,3310600
12987,3070500
12988,3019600
12989,3195400
12990,3246100
12991,3578000
12992,3279900
12993,2929400
12994,3174400
12995,3118900
12996,3461000
12997,3308900
12998,3037600
12999,3240100
13000,3356400
13001,3080800
13002,3229900
13003,3595300
13004,3450500
13005,3880200
13006,4197400
13007,3227100
13008,3099200
13009,3212600
13010,3140700
13011,3209600
13012,3487800
13013,3014900
13014,3210900
13015,3211100
13016,3364300
13017,3414600
13018,3119600
13019,3103800
13020,3022300
13021,3109000
13022,3319200
13023,3254600
13024,3083700
13025,3024000
13026,2890100
13027,3394200
13028,3214300
13029,3046600
13030,3013800
13031,2962800
13032,3696800
13033,3683400
13034,3157600
13035,2963700
13036,3153700
13037,3188600
13038,3486200
13039,3367300
13040,3145600
13041,3057000
13042,3203700
13043,3853600
13044,2984900
13045,3038700
13046,2961200
13047,3049900
13048,3598300
13049,3253300
13050,3084000
13051,3035000
13052,3270600
13053,3618100
13054,3193900
13055,3017800
13056,2948600
13057,2961600
13058,3427600
13059,3048400
13060,3115500
13061,2941500
13062,3023500
13063,3688500
13064,3220900
13065,3032800
13066,3039100
13067,3333100
13068,3592900
13069,3374700
13070,3117600
13071,3028900
13072,3361800
13073,3140000
13074,3339700
13075,3261500
13076,3015300
13077,3121500
13078,3064900
13079,3344500
13080,3010700
13081,3202100
13082,3053400
13083,3086300
13084,3800000
13085,3277900
13086,3074400
13087,3077900
13088,3008200
13089,3131100
13090,3264900
13091,2912500
13092,3025400
13093,2966700
13094,2931400
13095,3342500
13096,3596200
13097,3200800
13098,3252400
13099,3072000
13100,3395100
13101,2964500
13102,3522300
13103,3392600
13104,3027900
13105,3726800
13106,3072800
13107,3344300
13108,3061900
13109,2941100
13110,3312500
13111,3178900
13112,3148800
13113,2960300
13114,2995400
13115,3579100
13116,3219300
13117,4191600
13118,3863100
13119,4308100
13120,4221800
13121,3559600
13122,3574300
13123,3410100
13124,3896100
13125,3879600
13126,3447300
13127,3420800
13128,3468700
13129,3885200
13130,3471900
13131,3511200
13132,3404900
13133,3605000
13134,3682000
13135,3169400
13136,2914000
13137,3084600
13138,3338700
13139,4128900
13140,4030000
13141,3729000
13142,3141900
13143,3506300
13144,3780800
13145,2953500
13146,3063300
13147,3182700
13148,3416700
13149,3200700
13150,3055400
13151,3080700
13152,3242400
13153,3435000
13154,3381900
13155,3076800
13156,3023900
13157,3008000
13158,3040800
13159,3302000
13160,3113100
13161,3014000
13162,3198200
13163,3177300
13164,3454300
13165,3337300
13166,3202100
13167,3481500
13168,3050300
13169,3281300
13170,3086600
13171,3202700
13172,2993700
13173,2977600
13174,3460800
13175,3432300
13176,3024200
13177,2986900
13178,2997700
13179,3147100
13180,3252400
13181,3184600
13182,3158000
13183,2969900
13184,3213400
13185,3486500
13186,3778600
13187,3007800
13188,3063200
13189,3058700
13190,3233900
13191,3223000
13192,3112700
13193,2895300
13194,3079500
13195,3261100
13196,3661300
13197,2977900
13198,2963000
13199,3032200
13200,3290600
13201,3725900
13202,3180200
13203,2969800
13204,2999600
13205,3004800
13206,3600100
13207,3200600
13208,3015300
13209,3023800
13210,2889700
13211,3509000
13212,3278500
13213,3076600
13214,3083400
13215,3040000
13216,3789000
13217,3338700
13218,3057500
13219,3100200
13220,3458200
13221,3659200
13222,3168500
13223,3011800
13224,2937500
13225,3221400
13226,3231600
13227,3281500
13228,3427500
13229,2986900
13230,3168000
13231,3594300
13232,3197700
13233,2936700
13234,2998600
13235,3200500
13236,3052000
13237,3692400
13238,3219400
13239,3053200
13240,3187800
13241,2958100
13242,3332500
13243,3153300
13244,3031700
13245,3155500
13246,3276300
13247,3483200
13248,3464900
13249,3145700
13250,3524100
13251,3243800
13252,3543300
13253,3301500
13254,3252500
13255,3098900
13256,3126900
13257,3682500
13258,3534700
13259,3090500
13260,2951300
13261,3068000
13262,3128800
13263,3274100
13264,3238100
13265,3033200
13266,2983700
13267,2943200
13268,3451400
13269,3622000
13270,3092400
13271,2961500
13272,3076500
13273,3542300
13274,3203700
13275,3061000
13276,2946600
13277,3079900
13278,3454200
13279,3709900
13280,3014300
13281,2983100
13282,3002600
13283,3195800
13284,3356900
13285,2996300
13286,3007700
13287,2972000
13288,2917700
13289,4083500
13290,3177800
13291,2978600
13292,3026800
13293,2953200
13294,4040300
13295,3281300
13296,3027400
13297,2990400
13298,3003500
13299,3401800
13300,3551700
13301,2988600
13302,3048900
13303,3336400
13304,3555900
13305,3226500
13306,2889400
13307,2974700
13308,3301800
13309,3537000
13310,3367700
13311,3454300
13312,3043300
13313,3587600
13314,3887800
13315,3594100
13316,3228200
13317,3145400
13318,3084500
13319,3708200
13320,3258800
13321,3014300
13322,2963700
13323,3029700
13324,3379400
13325,3428700
13326,3047000
13327,3192200
13328,3141100
13329,3125500
13330,3415500
13331,3063700
13332,3147600
13333,3084200
13334,3093400
13335,3288800
13336,3112600
13337,3270200
13338,3175100
13339,3078100
13340,3202100
13341,3744700
13342,3251700
13343,2961200
13344,3155800
13345,3363800
13346,3395100
13347,3250100
13348,3107400
13349,3185300
13350,3164400
13351,3723800
13352,3221100
13353,3019100
13354,2993100
13355,3090400
13356,3505700
13357,3248500
13358,3035100
13359,3059500
13360,2961400
13361,4414700
13362,3127600
13363,2993100
13364,3090600
13365,2990900
13366,3802300
13367,3140100
13368,3167300
13369,3066400
13370,3056700
13371,3687000
13372,3159500
13373,2924600
13374,3060300
13375,3005100
13376,3569300
13377,3175400
13378,2946000
13379,3101600
13380,3207800
13381,3333700
13382,3227400
13383,3383300
13384,3044700
13385,3139900
13386,3156000
13387,3250900
13388,3036100
13389,3049600
13390,3060200
13391,2972400
13392,3434700
13393,3141700
13394,3016600
13395,3206100
13396,3142900
13397,3345100
13398,3335700
13399,3108900
13400,3068700
13401,3025400
13402,3101700
13403,3252300
13404,3498000
13405,3216200
13406,3016400
13407,3025900
13408,3453600
13409,3084200
13410,3066100
13411,3192100
13412,2951900
13413,3522100
13414,3777100
13415,3161200
13416,3062200
13417,2971800
13418,3262400
13419,3232400
13420,3210600
13421,3058900
13422,2996700
13423,3551200
13424,3444300
13425,3432100
13426,3202900
13427,3077800
13428,3262400
13429,3563300
13430,3554600
13431,4043300
13432,3640500
13433,4121700
13434,3609800
13435,3390600
13436,3374000
13437,3633500
13438,3857900
13439,3355400
13440,3382700
13441,3591100
13442,4325500
13443,3824400
13444,3402300
13445,3439200
13446,3575500
13447,3600600
13448,3345600
13449,3380100
13450,3679300
13451,4589300
13452,4506400
13453,4174200
13454,4016100
13455,4137500
13456,3525500
13457,3405900
13458,3440200
13459,3893100
13460,3870700
13461,3437800
13462,3343700
13463,3761100
13464,3644300
13465,3423100
13466,3333000
13467,3583100
13468,3410900
13469,3646200
13470,3868200
13471,3823600
13472,3861000
13473,3525200
13474,3833700
13475,3383100
13476,3387600
13477,3801700
13478,4919400
13479,4370100
13480,6451200
13481,4074900
13482,3181500
13483,3266400
13484,3046600
13485,3006700
13486,2986200
13487,3252800
13488,3547100
13489,3216200
13490,3095600
13491,2931000
13492,3359000
13493,3315000
13494,3094600
13495,3020000
13496,3069800
13497,3418900
13498,3477400
13499,3070300
13500,2950900
13501,2912500
13502,3088500
13503,3659800
13504,3164700
13505,3029100
13506,3088700
13507,3121400
13508,3691800
13509,3434800
13510,3044400
13511,3070400
13512,3370700
13513,3446100
13514,3130800
13515,3059600
13516,2980000
13517,3137100
13518,3487700
13519,3298800
13520,2950000
13521,3065100
13522,3092500
13523,3689200
13524,3268000
13525,2903700
13526,2955800
13527,3247100
13528,3392800
13529,3461400
13530,2953300
13531,2909100
13532,3165400
13533,3174400
13534,3295600
13535,2945400
13536,2942500
13537,3317100
13538,3222600
13539,3468500
13540,3208000
13541,3036500
13542,3488500
13543,3201200
13544,3236400
13545,3097200
13546,2982700
13547,3207100
13548,3182700
13549,3321000
13550,3884800
13551,3136900
13552,3193300
13553,3129500
13554,3318800
13555,3120700
13556,3360500
13557,3549300
13558,3150200
13559,3522200
13560,3811100
13561,3232900
13562,3020600
13563,3164400
13564,3340600
13565,3233000
13566,3141000
13567,3095300
13568,3012700
13569,3050600
13570,3540500
13571,3233000
13572,2941900
13573,3098400
13574,2897900
13575,3455500
13576,3082600
13577,2965000
13578,3027900
13579,2960600
13580,3841700
13581,3429800
13582,3137400
13583,2959000
13584,2934000
13585,3293200
13586,3185100
13587,3001900
13588,2950200
13589,2985900
13590,3232900
13591,3668600
13592,3213600
13593,2947200
13594,2980100
13595,3104700
13596,3529100
13597,3169300
13598,2955900
13599,2964900
13600,3806800
13601,3798100
13602,3199900
13603,2983600
13604,2999700
13605,3147800
13606,3318600
13607,3184000
13608,3105200
13609,3279600
13610,3085100
13611,3427800
13612,3425300
13613,3342900
13614,3383700
13615,3625200
13616,3859500
13617,3353400
13618,3099200
13619,3215500
13620,3086500
13621,3507100
13622,3262900
13623,3013100
13624,3134200
13625,3081500
13626,3114700
13627,3142300
13628,3390100
13629,3107600
13630,3059200
13631,3099500
13632,3592100
13633,3525600
13634,3069600
13635,2873200
13636,2991400
13637,3351300
13638,3238600
13639,3151000
13640,3010000
13641,2925800
13642,3515700
13643,3346200
13644,3050900
13645,2960500
13646,3010500
13647,3362800
13648,3560100
13649,3127400
13650,3122800
13651,3084300
13652,3062000
13653,3450200
13654,3453400
13655,2977400
13656,3020700
13657,2989800
13658,3867300
13659,3196300
13660,3030000
13661,2937600
13662,3227100
13663,3394200
13664,3193200
13665,3045100
13666,2920300
13667,3282100
13668,3674600
13669,3254600
13670,2982500
13671,2995900
13672,3131300
13673,3252100
13674,3365700
13675,3231700
13676,2978000
13677,3076400
13678,3169800
13679,3322400
13680,3078900
13681,2923100
13682,3333100
13683,3330000
13684,3553700
13685,3098300
13686,2961300
13687,3280700
13688,3102700
13689,3267100
13690,3244900
13691,2902100
13692,3073500
13693,2993600
13694,3047000
13695,3255300
13696,3791700
13697,3318600
13698,3175600
13699,3313000
13700,3474600
13701,3282800
13702,3060300
13703,3031900
13704,2981400
13705,3443000
13706,3368300
13707,3041200
13708,3074100
13709,2966000
13710,3227600
13711,3153200
13712,3052800
13713,2990800
13714,2960000
13715,3297500
13716,3501900
13717,3552000
13718,2980000
13719,3065800
13720,2993300
13721,3559100
13722,3160300
13723,3091100
13724,3052300
13725,3177400
13726,3836600
13727,3260800
13728,3116300
13729,3048000
13730,3021600
13731,3471900
13732,3118200
13733,3045100
13734,2937300
13735,2902800
13736,4547300
13737,3987300
13738,4113500
13739,3767100
13740,3821600
13741,3734300
13742,3463200
13743,3273100
13744,3777300
13745,4100300
13746,3656900
13747,3401000
13748,3668300
13749,3975600
13750,3610900
13751,3216900
13752,3297500
13753,3537500
13754,3399100
13755,3455000
13756,3095000
13757,3087500
13758,3025000
13759,3121900
13760,3304000
13761,2989200
13762,3730000
13763,4046700
13764,4211000
13765,3398600
13766,3401700
13767,3190800
13768,3060900
13769,3472000
13770,3145600
13771,3128100
13772,3000100
13773,2884400
13774,3368300
13775,3390000
13776,3161900
13777,2941300
13778,3146200
13779,3142800
13780,3475400
13781,3096700
13782,3040900
13783,2927400
13784,3026300
13785,3706600
13786,3677300
13787,3086700
13788,2914400
13789,3287400
13790,3288000
13791,3174000
13792,3164500
13793,2973700
13794,3072100
13795,3620900
13796,3516000
13797,2960800
13798,2944800
13799,3136500
13800,3754000
13801,3343000
13802,2956700
13803,2982400
13804,3400200
13805,3313900
13806,3198400
13807,3377500
13808,2961300
13809,3280400
13810,3112400
13811,3311400
13812,3025700
13813,2927400
13814,3078800
13815,3025800
13816,3203700
13817,3470900
13818,2953000
13819,3225900
13820,3034000
13821,3491100
13822,3336300
13823,3023200
13824,3228300
13825,2989700
13826,3045900
13827,3208300
13828,3780400
13829,3153800
13830,2948400
13831,3061300
13832,3429100
13833,2940800
13834,3221200
13835,2965800
13836,3154800
13837,3737200
13838,3409200
13839,3223400
13840,3031800
13841,2927000
13842,3362100
13843,3226600
13844,3110300
13845,3105000
13846,2984100
13847,3398400
13848,3695600
13849,3142200
13850,3117300
13851,3042400
13852,3504800
13853,3496100
13854,3140000
13855,2901000
13856,3062800
13857,2998600
13858,3460100
13859,3301200
13860,3221700
13861,3057300
13862,2971200
13863,3497600
13864,3177500
13865,2970500
13866,2905700
13867,3010600
13868,4098500
13869,3766900
13870,3163200
13871,3102000
13872,3289500
13873,3780900
13874,3334900
13875,3079000
13876,3120200
13877,3119100
13878,3228500
13879,3746200
13880,3022800
13881,2952100
13882,3216500
13883,3354100
13884,3212700
13885,3072800
13886,3013300
13887,3149900
13888,3386300
13889,3473000
13890,3218700
13891,3186100
13892,3194700
13893,3020900
13894,3476700
13895,3016400
13896,3148800
13897,2982500
13898,2955800
13899,3648000
13900,3121300
13901,3220900
13902,3199500
13903,2937400
13904,3727700
13905,3199900
13906,3273000
13907,3147200
13908,3162400
13909,3692400
13910,3063300
13911,3284600
13912,3563700
13913,3235900
13914,3392500
13915,3117400
13916,3085200
13917,3045200
13918,3073000
13919,3312700
13920,3189500
13921,4297900
13922,3711400
13923,3719700
13924,3408100
13925,3261600
13926,3164800
13927,2995600
13928,3028800
13929,3497000
13930,3344900
13931,3015400
13932,2888600
13933,3152900
13934,3096200
13935,3370500
13936,3126500
13937,3072200
13938,3035700
13939,2936600
13940,4010900
13941,3236800
13942,2950700
13943,2988500
13944,2987800
13945,3309700
13946,3065700
13947,2997900
13948,2980700
13949,3047600
13950,3457700
13951,3649600
13952,3055900
13953,3008100
13954,3079500
13955,3729700
13956,3541300
13957,3056300
13958,3055700
13959,3430500
13960,3282900
13961,3247400
13962,3329500
13963,3171100
13964,3099100
13965,3072500
13966,3237100
13967,3048200
13968,2985300
13969,2959600
13970,3349000
13971,3272900
13972,3291100
13973,3068600
13974,3367400
13975,3281800
13976,3497300
13977,3132200
13978,3107700
13979,3132300
13980,3093100
13981,3352600
13982,3455600
13983,3043600
13984,3090100
13985,2910000
13986,3175300
13987,3250400
13988,3143500
13989,3087300
13990,2948300
13991,3047100
13992,3424400
13993,3709200
13994,3061500
13995,3021900
13996,2932700
13997,3201200
13998,3204200
13999,3212400
14000,3103900
14001,2952400
14002,3248800
14003,3258800
14004,3439300
14005,3037200
14006,3138000
14007,2979200
14008,3441500
14009,3436900
14010,3306200
14011,3018100
14012,2979600
14013,3734600
14014,3280400
14015,3104100
14016,3104000
14017,3008100
14018,3326700
14019,3216100
14020,3035700
14021,3007900
14022,3003000
14023,3417300
14024,3579000
14025,3053700
14026,2905500
14027,3033800
14028,3301700
14029,3387200
14030,3019600
14031,2954400
14032,3044500
14033,3609400
14034,3919000
14035,3137600
14036,2994400
14037,3088800
14038,3219500
14039,3340600
14040,3032400
14041,3129200
14042,2953600
14043,3507700
14044,3730600
14045,3221300
14046,3079800
14047,2969800
14048,3477400
14049,4041700
14050,3884800
14051,3548100
14052,3748400
14053,3559100
14054,3661900
14055,3785200
14056,3387300
14057,3648300
14058,3534100
14059,3578600
14060,3536000
14061,3620100
14062,3845400
14063,4013300
14064,3660300
14065,3545200
14066,3568300
14067,3641600
14068,3619100
14069,3378100
14070,3439400
14071,3374400
14072,3852300
14073,3573700
14074,4210800
14075,4635000
14076,4395600
14077,3808800
14078,3711900
14079,3609300
14080,3593900
14081,3760800
14082,3726200
14083,3426000
14084,3386500
14085,3503300
14086,3523900
14087,3358900
14088,3290300
14089,3353600
14090,4285000
14091,3798700
14092,3296400
14093,3359700
14094,3706000
14095,3935100
14096,3448700
14097,3804300
14098,4818500
14099,4690200
14100,6874500
14101,3702700
14102,4559200
14103,4293900
14104,4213300
14105,3707300
14106,4266800
14107,3369400
14108,3171000
14109,3155600
14110,3152000
14111,3771100
14112,3371300
14113,3075400
14114,2942100
14115,3407600
14116,3774100
14117,3139700
14118,3022100
14119,3080600
14120,3662700
14121,3512700
14122,3026100
14123,3012200
14124,3401600
14125,3495200
14126,3947300
14127,3447100
14128,3126100
14129,3633400
14130,3280200
14131,3357700
14132,3045500
14133,3361900
14134,3473000
14135,3122600
14136,3640300
14137,3220700
14138,3306300
14139,3398500
14140,3395800
14141,3564100
14142,3572400
14143,3493900
14144,3208300
14145,3382400
14146,3244700
14147,4110700
14148,3280200
14149,3355300
14150,3660100
14151,3743700
14152,3450800
14153,3013800
14154,3056600
14155,3994400
14156,3514300
14157,3154600
14158,2974100
14159,2881200
14160,3815700
14161,3189100
14162,3115900
14163,2979200
14164,2941000
14165,3580900
14166,3417400
14167,3311700
14168,2934100
14169,3448300
14170,4846700
14171,3770600
14172,3524400
14173,3762800
14174,3965400
14175,4130800
14176,3441300
14177,3605200
14178,3516000
14179,3825400
14180,3565800
14181,3533900
14182,3398900
14183,3347400
14184,3941500
14185,3460800
14186,3372200
14187,3073500
14188,3001400
14189,3302300
14190,3509400
14191,3324200
14192,2955200
14193,3011200
14194,3540800
14195,3830100
14196,3410100
14197,3061300
14198,2952800
14199,3763900
14200,3251000
14201,3032600
14202,2982400
14203,3064500
14204,4035700
14205,3551100
14206,3031300
14207,3008800
14208,3012000
14209,4292900
14210,3556800
14211,3078300
14212,3046100
14213,3346000
14214,3672300
14215,3309100
14216,2977300
14217,2999800
14218,3834200
14219,4352700
14220,3630000
14221,3060700
14222,3497900
14223,3071700
14224,3437200
14225,3214300
14226,3435100
14227,3346300
14228,3145400
14229,3278100
14230,2953400
14231,3577400
14232,3169000
14233,3007200
14234,3638400
14235,3222200
14236,3682400
14237,3356200
14238,3553700
14239,3488400
14240,3281100
14241,3094900
14242,2992700
14243,2966800
14244,3505000
14245,3455000
14246,3128200
14247,3004400
14248,2989500
14249,3260600
14250,3450100
14251,3313800
14252,3092200
14253,3321800
14254,3419000
14255,3400700
14256,2993500
14257,2885900
14258,3005700
14259,3617900
14260,3322000
14261,3137400
14262,2997700
14263,2989700
14264,3257200
14265,3439200
14266,3293800
14267,2958600
14268,2931200
14269,3017800
14270,3900300
14271,3059300
14272,3083700
14273,3104900
14274,3162400
14275,3610800
14276,3264600
14277,3009400
14278,3342200
14279,3419100
14280,3408500
14281,3163300
14282,2988300
14283,2884900
14284,3219400
14285,3327000
14286,3455200
14287,3025800
14288,3018800
14289,3222100
14290,3405200
14291,3377200
14292,3060500
14293,3058800
14294,3350600
14295,3138000
14296,3256200
14297,3473500
14298,2972800
14299,3237100
14300,3083200
14301,3521200
14302,3087000
14303,3234900
14304,3209500
14305,3008300
14306,3684400
14307,3189700
14308,3145900
14309,3102000
14310,3212900
14311,3289200
14312,3157100
14313,3108300
14314,3049100
14315,2987800
14316,3205400
14317,3343500
14318,3250300
14319,3068900
14320,3086300
14321,3049000
14322,3433000
14323,3270000
14324,3073000
14325,2956100
14326,3175900
14327,3592700
14328,3457500
14329,3185100
14330,3078800
14331,3061500
14332,3274000
14333,3285700
14334,3156000
14335,2959700
14336,2983900
14337,3270700
14338,3672600
14339,3313000
14340,2987400
14341,3058700
14342,3071500
14343,3770600
14344,3854400
14345,3963000
14346,3657700
14347,4040100
14348,3743200
14349,3543100
14350,3314500
14351,3752700
14352,3722700
14353,3492700
14354,3430000
14355,3846400
14356,4700600
14357,3640400
14358,3438500
14359,3538800
14360,3459100
14361,3334800
14362,3161800
14363,3057400
14364,3315800
14365,3272600
14366,3413300
14367,3677300
14368,3124200
14369,3331600
14370,3428300
14371,3368300
14372,3060900
14373,3173200
14374,4284600
14375,4219300
14376,3922400
14377,3610100
14378,3220000
14379,3184800
14380,3318800
14381,3258800
14382,3300300
14383,3154300
14384,3219600
14385,3234600
14386,4407200
14387,3591100
14388,3220500
14389,3227500
14390,3309800
14391,3475200
14392,3256400
14393,3226800
14394,3074300
14395,3645700
14396,3639800
14397,3243000
14398,3182500
14399,3193400
14400,3486200
14401,3614400
14402,3148500
14403,3141100
14404,3074400
14405,3647000
14406,3833800
14407,3190000
14408,3076100
14409,3278100
14410,3613500
14411,3214200
14412,3007700
14413,2903500
14414,2985000
14415,3423400
14416,3576500
14417,3033400
14418,3032300
14419,3010000
14420,3647000
14421,3369200
14422,3080300
14423,2947900
14424,3061300
14425,3589200
14426,3185600
14427,3567900
14428,2921500
14429,3035700
14430,3352400
14431,3464300
14432,3064600
14433,2906000
14434,3241800
14435,3015900
14436,3553400
14437,3065000
14438,3068100
14439,3115700
14440,3132700
14441,3541200
14442,3190900
14443,2980500
14444,3172800
14445,3162000
14446,3615300
14447,3096600
14448,2968400
14449,3274400
14450,3198700
14451,3494800
14452,3366900
14453,3061600
14454,3125100
14455,3078500
14456,3245300
14457,3234000
14458,3352800
14459,3135700
14460,2967700
14461,3057900
14462,3302600
14463,3248900
14464,3294000
14465,2968600
14466,3023700
14467,3425300
14468,3538000
14469,3064500
14470,3059000
14471,3180700
14472,3456000
14473,3531300
14474,3621500
14475,3157600
14476,3270600
14477,3366100
14478,3367100
14479,3190100
14480,3170900
14481,3055300
14482,3241300
14483,3237400
14484,3035500
14485,2959700
14486,3070000
14487,3061200
14488,3914900
14489,3201700
14490,2999700
14491,3054900
14492,3042800
14493,3683500
14494,3175500
14495,3044900
14496,3064500
14497,3053000
14498,3783100
14499,3216300
14500,3043300
14501,3092000
14502,3157200
14503,3413600
14504,3147300
14505,2979600
14506,3090000
14507,3174400
14508,3754100
14509,3376700
14510,3137700
14511,3030900
14512,3332400
14513,3325000
14514,3328400
14515,3207200
14516,3185900
14517,3646900
14518,3881300
14519,3656300
14520,3098200
14521,3825100
14522,3919200
14523,4019000
14524,3345200
14525,3740400
14526,3309400
14527,3182500
14528,3309300
14529,3488500
14530,3402700
14531,3149000
14532,3442500
14533,3301800
14534,3395300
14535,3240000
14536,3230300
14537,3325600
14538,3319000
14539,4221600
14540,3369900
14541,3353000
14542,3485100
14543,3268800
14544,3451000
14545,3093200
14546,3107900
14547,3467800
14548,3745800
14549,3346800
14550,3161200
14551,3305700
14552,3289000
14553,3407700
14554,3145900
14555,3205700
14556,3185900
14557,3759100
14558,3692300
14559,3623300
14560,3155400
14561,3324400
14562,3367800
14563,3207100
14564,3005900
14565,3033300
14566,3019800
14567,3289400
14568,3230200
14569,3321300
14570,2973900
14571,3059900
14572,3193300
14573,3247200
14574,3019800
14575,3120100
14576,2843700
14577,3400800
14578,3650500
14579,3088400
14580,3086900
14581,3001200
14582,3053600
14583,3308300
14584,3301100
14585,2974600
14586,3046300
14587,3421000
14588,3333100
14589,3169200
14590,3505300
14591,3172400
14592,3088400
14593,3349500
14594,3482800
14595,3058600
14596,3050700
14597,3011600
14598,3149300
14599,3291100
14600,3458600
14601,3263100
14602,3158200
14603,2933800
14604,3558600
14605,3192100
14606,3282200
14607,3163000
14608,2987200
14609,3244800
14610,3851400
14611,3114400
14612,3045900
14613,3079200
14614,3266700
14615,3269500
14616,3176300
14617,2986100
14618,2981900
14619,3096900
14620,3317300
14621,3381300
14622,3091000
14623,3079300
14624,2958800
14625,3514900
14626,3306500
14627,3069500
14628,3059700
14629,3057300
14630,4122000
14631,3468800
14632,2989500
14633,3022100
14634,3108200
14635,3560800
14636,3262400
14637,3166100
14638,3041200
14639,3037200
14640,3452200
14641,3441700
14642,3135300
14643,2965700
14644,3010900
14645,3661400
14646,3413800
14647,3040600
14648,3071000
14649,2940000
14650,3741500
14651,3953300
14652,4006400
14653,3400000
14654,3776900
14655,3865600
14656,3565500
14657,3224300
14658,3407800
14659,4044100
14660,4171700
14661,3531000
14662,3629400
14663,3471100
14664,3803600
14665,3375200
14666,3541300
14667,3466400
14668,3479800
14669,3709400
14670,3903400
14671,3326900
14672,3569900
14673,3512200
14674,3440600
14675,3748300
14676,3584800
14677,3621000
14678,3866100
14679,4025900
14680,3589800
14681,3564400
14682,3504800
14683,3751500
14684,4132300
14685,4256000
14686,4127900
14687,4249700
14688,3829700
14689,3470900
14690,3311100
14691,3733400
14692,3564300
14693,3336000
14694,3481000
14695,3312300
14696,4388900
14697,3468100
14698,3983700
14699,4550200
14700,5291100
14701,6524300
14702,3463200
14703,3509700
14704,3252900
14705,3470700
14706,3024500
14707,3042400
14708,3408400
14709,3304900
14710,2998100
14711,3151400
14712,3019200
14713,3313400
14714,3608500
14715,3145600
14716,3108500
14717,2991600
14718,3053100
14719,3337100
14720,3086500
14721,3067200
14722,2974600
14723,3596200
14724,3518100
14725,3385700
14726,3104600
14727,3000700
14728,3123300
14729,3173900
14730,3203600
14731,2967500
14732,2886600
14733,3201700
14734,3015600
14735,3379300
14736,3583800
14737,2998200
14738,3198200
14739,3028000
14740,3660300
14741,3214300
14742,3212300
14743,3091800
14744,3073200
14745,3254200
14746,3823700
14747,3226200
14748,3002800
14749,2939500
14750,3274100
14751,3136400
14752,3199400
14753,3060400
14754,3139800
14755,3280500
14756,3226700
14757,4053700
14758,3430700
14759,3359500
14760,3930600
14761,3566700
14762,3450000
14763,3245000
14764,3296200
14765,3596700
14766,3798200
14767,3174200
14768,3327000
14769,3125200
14770,3584300
14771,3302900
14772,3096700
14773,3232000
14774,3097300
14775,4104600
14776,3945600
14777,3347500
14778,3165200
14779,3264100
14780,3824500
14781,3244800
14782,3311500
14783,3078600
14784,3518600
14785,3585800
14786,3418900
14787,3142600
14788,3073200
14789,3807600
14790,3628500
14791,3277500
14792,3159300
14793,3158200
14794,3459500
14795,3461100
14796,3282600
14797,3134000
14798,3312700
14799,3296000
14800,3328200
14801,3095000
14802,3021300
14803,3183200
14804,3267400
14805,3494100
14806,3231800
14807,3175500
14808,3444700
14809,3294000
14810,3462700
14811,3023100
14812,3106900
14813,3083500
14814,3062100
14815,3502400
14816,3148800
14817,2941700
14818,3870300
14819,4267700
14820,3977700
14821,3213900
14822,3336500
14823,3265800
14824,3325400
14825,3450500
14826,3284000
14827,3173700
14828,3023900
14829,2958100
14830,3211700
14831,3285600
14832,3068400
14833,2920800
14834,2946800
14835,3663900
14836,3391200
14837,3099200
14838,3059900
14839,2903600
14840,3631800
14841,3489400
14842,2975500
14843,3017300
14844,2948500
14845,3211900
14846,3459700
14847,3481100
14848,3023300
14849,2976800
14850,3422500
14851,3381000
14852,3294500
14853,3047900
14854,3108900
14855,3107200
14856,3711700
14857,3167400
14858,2872600
14859,3013600
14860,3188500
14861,3828700
14862,3082300
14863,3171500
14864,2945400
14865,3204500
14866,3467000
14867,3152100
14868,2869800
14869,3094800
14870,3377600
14871,3220000
14872,3215600
14873,3016400
14874,3057600
14875,3330200
14876,3296500
14877,3611100
14878,3233300
14879,2929500
14880,3269400
14881,3162600
14882,3371300
14883,3007500
14884,2928400
14885,3181100
14886,3058100
14887,3380700
14888,3280500
14889,2988500
14890,3282600
14891,3161300
14892,3518600
14893,3265000
14894,2959800
14895,3235700
14896,2993200
14897,3229300
14898,3347800
14899,3179800
14900,3186800
14901,3012700
14902,2959800
14903,3398900
14904,2959700
14905,3328900
14906,3018700
14907,2965200
14908,3225700
14909,3856900
14910,3626000
14911,3112500
14912,3005000
14913,3312300
14914,3343000
14915,3206800
14916,3068600
14917,2987400
14918,3490500
14919,3463200
14920,3091000
14921,3044900
14922,2912900
14923,3014000
14924,3591000
14925,3295100
14926,3075300
14927,2963400
14928,3354900
14929,3696300
14930,3417700
14931,3031700
14932,2887300
14933,2972300
14934,3523400
14935,3061400
14936,3014400
14937,3063000
14938,3006700
14939,3676700
14940,3388200
14941,3048900
14942,2965800
14943,3394000
14944,3657300
14945,3198700
14946,2929600
14947,3024700
14948,3194000
14949,3426100
14950,3268200
14951,3367500
14952,2898000
14953,3309100
14954,3936400
14955,4104000
14956,3680600
14957,3429900
14958,3462400
14959,3993400
14960,4228300
14961,3595300
14962,3362000
14963,4268000
14964,3761100
14965,3301400
14966,3845200
14967,3672600
14968,3590800
14969,3525900
14970,2990000
14971,2871300
14972,3074800
14973,3442100
14974,3089500
14975,3032200
14976,2949500
14977,3324400
14978,3678700
14979,3335600
14980,3045600
14981,2991600
14982,3386400
14983,3316700
14984,3151900
14985,3037500
14986,2950400
14987,3236600
14988,3051700
14989,3225100
14990,3398400
14991,2970300
14992,3560800
14993,4062900
14994,3860700
14995,3278300
14996,3129700
14997,3103100
14998,3457600
14999,3629800
15000,3432800
15001,3226500
15002,3026100
15003,3181600
15004,3221500
15005,3294200
15006,3140700
15007,2983900
15008,3055800
15009,3298200
15010,3678700
15011,3000000
15012,3162400
15013,2963800
15014,3608600
15015,3487500
15016,3171300
15017,2982900
15018,3162000
15019,3184700
15020,3763500
15021,2948300
15022,2962400
15023,2962700
15024,3374300
15025,3284700
15026,3055200
15027,3007300
15028,3118000
15029,3335100
15030,3602300
15031,3297600
15032,3070200
15033,3124900
15034,3070300
15035,3302500
15036,2992700
15037,2951100
15038,3003600
15039,2905700
15040,3787700
15041,3347700
15042,3019700
15043,3091800
15044,2998100
15045,3309100
15046,3211200
15047,2951600
15048,3052300
15049,2988900
15050,3659800
15051,3317500
15052,3392300
15053,3021900
15054,3154200
15055,3128600
15056,3236800
15057,3102400
15058,3174400
15059,3220100
15060,3580200
15061,3384500
15062,3426900
15063,3034400
15064,3014900
15065,3061500
15066,3706400
15067,3206100
15068,3089800
15069,3160600
15070,3073100
15071,3412700
15072,3375400
15073,3092500
15074,3174500
15075,3052900
15076,3388900
15077,3193000
15078,3122300
15079,3142100
15080,2994500
15081,3224000
15082,3405200
15083,3754600
15084,3793600
15085,3381500
15086,3245100
15087,3304400
15088,3248600
15089,3449100
15090,3396600
15091,3545300
15092,3447000
15093,3397500
15094,3136900
15095,3071200
15096,3352200
15097,3150400
15098,3510500
15099,3230500
15100,3049200
15101,3136300
15102,3281200
15103,3699200
15104,3056500
15105,2944200
15106,3122600
15107,3314100
15108,3196300
15109,3094500
15110,2894400
15111,2935100
15112,3499600
15113,3465900
15114,3248600
15115,3143400
15116,3128500
15117,3630300
15118,3428100
15119,3247700
15120,3140700
15121,3041900
15122,3658600
15123,3358000
15124,3138600
15125,3152500
15126,3234100
15127,4573500
15128,4492000
15129,3964200
15130,3430000
15131,3845900
15132,3698600
15133,3123700
15134,3200000
15135,3124600
15136,3567000
15137,3165900
15138,3216400
15139,3143800
15140,3419200
15141,3570000
15142,3410100
15143,3283200
15144,3146600
15145,3229200
15146,3421800
15147,3229200
15148,3155900
15149,3045700
15150,3417500
15151,4031400
15152,3372300
15153,3270300
15154,3366200
15155,3223900
15156,3560100
15157,3276200
15158,3141300
15159,3333700
15160,3418500
15161,3724200
15162,3401600
15163,3080400
15164,3116400
15165,3115500
15166,3355000
15167,3098800
15168,3050800
15169,3018800
15170,3040200
15171,3252000
15172,3407000
15173,3011500
15174,3096000
15175,3122900
15176,3040000
15177,3324300
15178,3178800
15179,3298700
15180,3096100
15181,3104200
15182,3433200
15183,3820600
15184,3132500
15185,2990300
15186,2952100
15187,3320600
15188,3243600
15189,3068800
15190,2947700
15191,2970900
15192,3128900
15193,3609500
15194,3354500
15195,2934600
15196,3196100
15197,3060600
15198,3509700
15199,3208600
15200,3065000
15201,3142500
15202,2897400
15203,3703600
15204,3134200
15205,3073200
15206,3082800
15207,2945700
15208,3708000
15209,3292000
15210,3036500
15211,3032500
15212,3024500
15213,3708400
15214,3171500
15215,3064900
15216,3047900
15217,3006000
15218,3460900
15219,3261300
15220,3025100
15221,3073500
15222,3094700
15223,3095700
15224,3718300
15225,3264300
15226,3062200
15227,3064700
15228,3153800
15229,3249400
15230,3087500
15231,3032600
15232,3081000
15233,3318400
15234,3498400
15235,3611200
15236,3137700
15237,2952000
15238,3283600
15239,3611300
15240,3232800
15241,3109800
15242,3201900
15243,3097700
15244,3215200
15245,3401900
15246,3224100
15247,3198500
15248,3252000
15249,3242100
15250,3277100
15251,3054400
15252,3126800
15253,3031000
15254,3114600
15255,3591400
15256,3660800
15257,3130300
15258,3050700
15259,3012700
15260,3364100
15261,3153500
15262,3270100
15263,3839200
15264,4221800
15265,3905900
15266,6309900
15267,3926900
15268,4280200
15269,3754800
15270,3616500
15271,3618800
15272,3394400
15273,4055700
15274,3944700
15275,3593800
15276,3661400
15277,3911400
15278,3930200
15279,3608000
15280,3398800
15281,3913900
15282,4634000
15283,3860400
15284,3583400
15285,3317900
15286,4050300
15287,3633300
15288,3490000
15289,3587500
15290,3998300
15291,3879300
15292,3618300
15293,3449900
15294,3871000
15295,4112600
15296,3693200
15297,3493800
15298,3810600
15299,4733300
15300,4789900
15301,4044700
15302,4096200
15303,4023500
15304,3785000
15305,3535400
15306,3502400
15307,3685100
15308,3822800
15309,3780100
15310,3571800
15311,3844300
15312,5103700
15313,3528300
15314,5422500
15315,5948200
15316,3357600
15317,3678100
15318,3212300
15319,2937900
15320,3362600
15321,3118400
15322,3115800
15323,3085200
15324,3026500
15325,3128600
15326,3489200
15327,3386800
15328,3172300
15329,3069400
15330,3304000
15331,3379200
15332,3285900
15333,3155000
15334,3034600
15335,3046400
15336,3294400
15337,3741400
15338,3141600
15339,2943800
15340,3090000
15341,3407200
15342,3223500
15343,3093100
15344,3029600
15345,2925000
15346,3504600
15347,3543900
15348,3166300
15349,3051700
15350,2990300
15351,3321100
15352,3348100
15353,3086900
15354,2875300
15355,3019800
15356,3447400
15357,3432000
15358,3412800
15359,3060400
15360,3243700
15361,3465600
15362,3449900
15363,3031600
15364,3052800
15365,3038200
15366,3041100
15367,3443900
15368,3385300
15369,3124100
15370,3243300
15371,3001300
15372,3436400
15373,3106400
15374,3043400
15375,2921800
15376,3142100
15377,3484400
15378,3494000
15379,2967200
15380,3049500
15381,3102500
15382,4289900
15383,3247200
15384,3060200
15385,3092900
15386,3292500
15387,3384500
15388,3897000
15389,3041700
15390,2997900
15391,3152100
15392,3186600
15393,3180600
15394,3025100
15395,3060600
15396,3356700
15397,3333300
15398,3338700
15399,3302000
15400,3053900
15401,3189300
15402,3074100
15403,3285300
15404,3068200
15405,3055000
15406,3410500
15407,3200400
15408,3246000
15409,3678900
15410,3085500
15411,3321500
15412,3008700
15413,3589500
15414,3021000
15415,3023100
15416,3082900
15417,2971000
15418,3266800
15419,3126400
15420,3470700
15421,3661000
15422,3572300
15423,3905400
15424,3255900
15425,3278800
15426,3599700
15427,3207100
15428,3319100
15429,3297000
15430,3495200
15431,3224100
15432,3057700
15433,3344800
15434,3184800
15435,3035600
15436,3023800
15437,2983400
15438,3085700
15439,3230800
15440,3471400
15441,3134300
15442,3009900
15443,2949200
15444,3149800
15445,3424700
15446,3166000
15447,2944500
15448,2924700
15449,3713200
15450,3419300
15451,3187800
15452,2964700
15453,3032600
15454,3264500
15455,3361800
15456,3139900
15457,3157700
15458,3041800
15459,3129300
15460,3315700
15461,3566700
15462,2928200
15463,2956400
15464,2956000
15465,3387200
15466,3140100
15467,2934400
15468,2881700
15469,3032900
15470,3847700
15471,3122000
15472,2989100
15473,2984000
15474,3171600
15475,3867600
15476,3244500
15477,3051900
15478,2982300
15479,3249300
15480,3116100
15481,3276300
15482,3392900
15483,2992500
15484,3459100
15485,3155300
15486,3254100
15487,2980200
15488,2983300
15489,3159500
15490,3073000
15491,3513500
15492,3168200
15493,2987300
15494,3136400
15495,3115000
15496,3379700
15497,3188400
15498,3032000
15499,3341600
15500,3126300
15501,3238000
15502,3174800
15503,3534500
15504,3004800
15505,3023600
15506,3094800
15507,3349700
15508,3310200
15509,3102200
15510,2983300
15511,2956700
15512,3186100
15513,4106000
15514,3200200
15515,3111100
15516,3214200
15517,3370400
15518,3384000
15519,3215000
15520,3252200
15521,3201900
15522,3827800
15523,3585300
15524,3223100
15525,3343300
15526,3184300
15527,3721800
15528,3164700
15529,3075600
15530,3082900
15531,3151100
15532,4424100
15533,3469000
15534,3211800
15535,3211000
15536,3617100
15537,3602500
15538,3247200
15539,3074800
15540,3284800
15541,3531900
15542,3426700
15543,3442000
15544,3080200
15545,3071800
15546,3502800
15547,3376300
15548,3223500
15549,3153500
15550,3222100
15551,3641400
15552,3639300
15553,3518800
15554,3154300
15555,3271900
15556,3383600
15557,3445300
15558,3512200
15559,3065600
15560,3804900
15561,4517700
15562,4636700
15563,4166200
15564,3580300
15565,3893400
15566,3519300
15567,3379500
15568,3806400
15569,3537000
15570,4105200
15571,3575100
15572,3563100
15573,3498500
15574,3828900
15575,3563400
15576,3333800
15577,3101900
15578,3046800
15579,3233000
15580,3154500
15581,3769800
15582,3292300
15583,3039500
15584,3022600
15585,3270700
15586,3349500
15587,3210100
15588,2985400
15589,2978500
15590,3290600
15591,3315500
15592,2993100
15593,2915000
15594,2939200
15595,3297500
15596,3391800
15597,3077600
15598,3011400
15599,3026600
15600,3680700
15601,3432600
15602,3387900
15603,3033300
15604,2999600
15605,3228100
15606,4035300
15607,3902000
15608,3681100
15609,3166600
15610,3535900
15611,3350000
15612,2906600
15613,2949100
15614,3102600
15615,3218400
15616,3161900
15617,3038000
15618,2980700
15619,3064500
15620,3584700
15621,3388800
15622,3271200
15623,2980700
15624,3105000
15625,3214900
15626,3335900
15627,3108100
15628,2976800
15629,2983500
15630,3117600
15631,3372200
15632,3238600
15633,3109100
15634,3049500
15635,3115400
15636,3527200
15637,3367600
15638,3038700
15639,3335900
15640,3116200
15641,3111700
15642,3277000
15643,3179200
15644,3188200
15645,3121900
15646,3109800
15647,3318700
15648,2932100
15649,3027300
15650,3169300
15651,2928600
15652,3582900
15653,3507000
15654,3270100
15655,3135900
15656,3173700
15657,3279300
15658,3102900
15659,3395100
15660,3219400
15661,2998600
15662,3245900
15663,3173300
15664,3772000
15665,3043100
15666,3060000
15667,3099800
15668,3213900
15669,3288400
15670,3086900
15671,2976200
15672,2937400
15673,3412600
15674,3935700
15675,3044800
15676,2984200
15677,2898100
15678,3465100
15679,3316200
15680,3041900
15681,2904100
15682,2942800
15683,3560400
15684,3425800
15685,3246200
15686,3067400
15687,2951400
15688,3292900
15689,4102500
15690,3266300
15691,3002300
15692,3136400
15693,3322500
15694,3474000
15695,3561800
15696,3014800
15697,2980800
15698,3495400
15699,3428000
15700,3003800
15701,2898800
15702,3040100
15703,3041400
15704,3552100
15705,3144700
15706,2949200
15707,2970700
15708,3237700
15709,3722800
15710,3107500
15711,3042400
15712,2871800
15713,3211500
15714,3687500
15715,3142200
15716,2915200
15717,3055900
15718,3181400
15719,3332500
15720,3186600
15721,2967200
15722,3022600
15723,3044600
15724,3284800
15725,3707300
15726,3236600
15727,2970700
15728,3457700
15729,3801900
15730,3853100
15731,3168900
15732,3047200
15733,3171400
15734,3096500
15735,3183700
15736,3639700
15737,3296500
15738,3702400
15739,3604700
15740,3303800
15741,3016900
15742,3199800
15743,3003600
15744,3043500
15745,3595300
15746,3044800
15747,3157700
15748,3005900
15749,3087100
15750,3251000
15751,3158300
15752,3101800
15753,2913300
15754,3042000
15755,3186200
15756,3227800
15757,3593400
15758,2938400
15759,3010000
15760,3003600
15761,3858900
15762,3181900
15763,3136100
15764,3026900
15765,2902100
15766,3274100
15767,3877200
15768,2952000
15769,2939700
15770,3009600
15771,3269400
15772,3151500
15773,3044100
15774,3154900
15775,2988500
15776,3320400
15777,3511500
15778,3260600
15779,3099400
15780,3045000
15781,3268200
15782,3427200
15783,3139700
15784,3002600
15785,3022900
15786,3448900
15787,3635100
15788,3181800
15789,3003000
15790,3006400
15791,3128100
15792,3782800
15793,3126500
15794,2986900
15795,3009300
15796,3106100
15797,3253500
15798,3638400
15799,2985100
15800,2909700
15801,3214500
15802,3203300
15803,3167200
15804,2985800
15805,2959600
15806,3147400
15807,3202000
15808,3398000
15809,3535500
15810,2993800
15811,3136100
15812,2942600
15813,3422600
15814,3122700
15815,3037900
15816,3009100
15817,3029000
15818,3315400
15819,3081800
15820,3495400
15821,3329700
15822,3084900
15823,3104100
15824,3260000
15825,3066400
15826,3201700
15827,3099700
15828,3096200
15829,3639500
15830,3210700
15831,3178200
15832,3165300
15833,2920900
15834,3440300
15835,3060800
15836,3134800
15837,2930800
15838,2933500
15839,3491800
15840,3223800
15841,3285600
15842,3148300
15843,3018100
15844,3404700
15845,3397600
15846,3242000
15847,3003300
15848,3074100
15849,3169600
15850,3361800
15851,3646600
15852,2907600
15853,3000100
15854,3057300
15855,3484400
15856,3307300
15857,2935600
15858,2904000
15859,2934100
15860,3614900
15861,3455900
15862,2899600
15863,2882200
15864,3021100
15865,3774700
15866,3426300
15867,3151900
15868,2950900
15869,3035900
15870,3656600
15871,4075300
15872,4242200
15873,4202700
15874,3906000
15875,3663600
15876,3438400
15877,3522400
15878,3416600
15879,4074400
15880,4328000
15881,3550800
15882,3546500
15883,3804300
15884,3911700
15885,3422400
15886,3493100
15887,3570300
15888,3674200
15889,3873900
15890,3435700
15891,3938300
15892,3543700
15893,3571600
15894,3314900
15895,3800800
15896,3563900
15897,3593300
15898,3488800
15899,3834800
15900,3377700
15901,3433900
15902,3688500
15903,3497100
15904,3656800
15905,3384200
15906,3266200
15907,3754100
15908,4001300
15909,3379800
15910,3426600
15911,3548300
15912,3846200
15913,3559000
15914,3306200
15915,3361800
15916,3732800
15917,4325300
15918,4180400
15919,4094600
15920,3725600
15921,3579100
15922,4690500
15923,3590400
15924,6826100
15925,5197200
15926,3125400
15927,2966300
15928,3370400
15929,3113300
15930,2995900
15931,3014900
15932,2982000
15933,3411300
15934,3376300
15935,3656800
15936,2855300
15937,3120600
15938,3378100
15939,3315200
15940,2963900
15941,3022400
15942,2999900
15943,3525600
15944,3310400
15945,3396500
15946,3005600
15947,3130600
15948,3205100
15949,3239200
15950,2960900
15951,3024600
15952,2975000
15953,3187000
15954,3257600
15955,3194800
15956,3285700
15957,3346400
15958,3241000
15959,3447000
15960,3356500
15961,3108200
15962,3024400
15963,3140200
15964,3074600
15965,3337600
15966,3276900
15967,3261500
15968,3252500
15969,2983100
15970,3398100
15971,3023100
15972,3241900
15973,3037100
15974,2927800
15975,3456800
15976,3709000
15977,3266600
15978,3089900
15979,2963000
15980,3341600
15981,3118600
15982,3183000
15983,3050400
15984,2975700
15985,3134800
15986,3361000
15987,3332100
15988,3037100
15989,2918400
15990,2944500
15991,3244900
15992,3599400
15993,3358400
15994,3118600
15995,3139700
15996,3646500
15997,3497900
15998,3163500
15999,3100300
16000,3049500
16001,3433900
16002,3194100
16003,3056100
16004,2948800
16005,3085800
16006,3381000
16007,3308000
16008,3325500
16009,2983200
16010,2993800
16011,3506400
16012,3433500
16013,3089300
16014,2976900
16015,2927400
16016,3061500
16017,3575400
16018,3169800
16019,3082400
16020,3045300
16021,3060500
16022,3267000
16023,3203200
16024,2947300
16025,2945900
16026,3099800
16027,3537600
16028,3322100
16029,3448500
16030,2988800
16031,3488900
16032,3863100
16033,3610400
16034,3067200
16035,3217500
16036,3069200
16037,3304900
16038,3260600
16039,3185100
16040,3185200
16041,3240700
16042,2991900
16043,3245400
16044,3025900
16045,3565800
16046,3641300
16047,3376400
16048,3373200
16049,3160500
16050,3172000
16051,2986500
16052,3022900
16053,3452300
16054,3120200
16055,3217000
16056,3051500
16057,2933100
16058,3424900
16059,3310100
16060,3155600
16061,2918300
16062,3042000
16063,3628500
16064,3447800
16065,3257300
16066,3117200
16067,2983600
16068,3349000
16069,3537300
16070,3330300
16071,3057500
16072,3126500
16073,3250000
16074,3335500
16075,3101700
16076,3059000
16077,2985100
16078,3115700
16079,3668000
16080,3922400
16081,3021100
16082,2890400
16083,3057900
16084,3510300
16085,3131400
16086,3036600
16087,3027900
16088,3068900
16089,3562300
16090,3385500
16091,2947000
16092,2968700
16093,2988800
16094,3251700
16095,3208300
16096,3082000
16097,2914400
16098,3048600
16099,3285900
16100,3611500
16101,3413100
16102,3036600
16103,3125400
16104,2989800
16105,3237000
16106,2956600
16107,2980600
16108,2997000
16109,3211100
16110,3308400
16111,3437600
16112,3013900
16113,3028000
16114,3155100
16115,3368900
16116,3315800
16117,3167900
16118,3008300
16119,3081600
16120,3057700
16121,3284100
16122,3518600
16123,2970400
16124,3319400
16125,3025700
16126,3258600
16127,3010400
16128,2912900
16129,3031100
16130,3038700
16131,3595400
16132,3290200
16133,3699500
16134,3112200
16135,3069900
16136,3264700
16137,3178700
16138,3160700
16139,3085900
16140,2921200
16141,3370000
16142,3565900
16143,3474200
16144,3084500
16145,2943900
16146,2973500
16147,3251200
16148,3638200
16149,3228000
16150,2966600
16151,2922700
16152,3250500
16153,3469600
16154,3143100
16155,3014400
16156,3056600
16157,3271900
16158,3573900
16159,3109100
16160,3008300
16161,2928300
16162,3237400
16163,3546700
16164,3555300
16165,3107600
16166,3022100
16167,3352900
16168,3598200
16169,2991200
16170,2875600
16171,3030500
16172,3012000
16173,4029300
16174,3898700
16175,4054800
16176,4033200
16177,4140700
16178,3526300
16179,3313100
16180,3239000
16181,3595800
16182,3688400
16183,4077300
16184,3520900
16185,3760600
16186,3986400
16187,3543400
16188,3502100
16189,3473300
16190,3363900
16191,3361700
16192,3710800
16193,3012800
16194,3400800
16195,3199200
16196,3285700
16197,3059100
16198,3020900
16199,3163800
16200,3141200
16201,3383200
16202,3243000
16203,2893600
16204,3050800
16205,3052700
16206,3122600
16207,3305700
16208,2980300
16209,3183400
16210,3157500
16211,3093500
16212,3443300
16213,3250200
16214,3227100
16215,2991500
16216,3068400
16217,3559300
16218,3143400
16219,3058400
16220,3027100
16221,3050600
16222,3412800
16223,3391200
16224,3106300
16225,3219800
16226,2962100
16227,3197300
16228,3393900
16229,3465400
16230,3762000
16231,3714700
16232,3294400
16233,4063800
16234,3215500
16235,3077600
16236,2994200
16237,3235300
16238,3303400
16239,3085100
16240,2875500
16241,2986700
16242,3187700
16243,3425000
16244,3622200
16245,2985600
16246,3015100
16247,3060200
16248,3514500
16249,3078800
16250,3071800
16251,3054000
16252,2925900
16253,3915600
16254,3208400
16255,2982100
16256,3015400
16257,3130300
16258,3613600
16259,3221800
16260,3101500
16261,3033700
16262,2966900
16263,3390200
16264,3206800
16265,3290800
16266,3002400
16267,2964000
16268,3364700
16269,3518700
16270,2981600
16271,3032200
16272,2982600
16273,3158000
16274,3327100
16275,3626900
16276,3068200
16277,3029900
16278,3229700
16279,3571900
16280,3122300
16281,3106000
16282,2860200
16283,3124900
16284,3278300
16285,3256000
16286,3258600
16287,3190200
16288,3197500
16289,3485600
16290,3337800
16291,3144800
16292,3193700
16293,3265200
16294,3310500
16295,3352300
16296,3195800
16297,3129000
16298,3198000
16299,3092800
16300,3379100
16301,3194500
16302,3382900
16303,3508100
16304,3452200
16305,3507900
16306,3450600
16307,3153900
16308,3066900
16309,3185600
16310,3250800
16311,3099800
16312,3116300
16313,3082300
16314,3003000
16315,3320200
16316,3253700
16317,3059600
16318,3080100
16319,3097100
16320,3338900
16321,3333700
16322,3122300
16323,3040000
16324,3109100
16325,3034700
16326,3331300
16327,3445200
16328,3125900
16329,2961700
16330,2987700
16331,3502600
16332,3261100
16333,3096700
16334,2968900
16335,2985100
16336,3368800
16337,3401600
16338,3103300
16339,3037700
16340,2949200
16341,3645300
16342,3720900
16343,3640500
16344,3645600
16345,3265500
16346,3914600
16347,3345900
16348,3089300
16349,3071000
16350,3037700
16351,3170700
16352,3277300
16353,3020700
16354,2980300
16355,3021500
16356,3504500
16357,4095800
16358,3351900
16359,3031200
16360,3003100
16361,3338000
16362,3263600
16363,2970900
16364,3024600
16365,3138100
16366,3287800
16367,3414400
16368,3338700
16369,2996600
16370,3063200
16371,3259300
16372,3752100
16373,3050700
16374,3022300
16375,3162800
16376,3261900
16377,3511000
16378,3527500
16379,3040200
16380,3006700
16381,3215500
16382,3212200
16383,3058000
16384,3084600
16385,2942400
16386,3176100
16387,3098000
16388,3281600
16389,3338900
16390,3177100
16391,3469500
16392,3198600
16393,3336700
16394,3084400
16395,3205600
16396,3252500
16397,3198200
16398,3546100
16399,3214300
16400,3270000
16401,3058300
16402,3047300
16403,3283700
16404,2975800
16405,3387400
16406,3294100
16407,3142200
16408,3405700
16409,3218500
16410,3206000
16411,3050300
16412,2983600
16413,3118300
16414,3306300
16415,3129100
16416,2936000
16417,2991400
16418,2983200
16419,3285300
16420,3420400
16421,3011300
16422,3015100
16423,3056500
16424,3209800
16425,3269500
16426,3147200
16427,2923400
16428,3087700
16429,3367600
16430,3512700
16431,3245700
16432,2981900
16433,2968600
16434,3174800
16435,3483000
16436,3083300
16437,3026400
16438,2973600
16439,2937800
16440,3662300
16441,3258900
16442,3109300
16443,3045800
16444,2974600
16445,3784400
16446,3249000
16447,3011400
16448,3006000
16449,3117400
16450,3604700
16451,3290400
16452,3063400
16453,2960100
16454,3207200
16455,3620400
16456,3188400
16457,3020200
16458,3029300
16459,3247400
16460,3450500
16461,3509000
16462,3216200
16463,2981600
16464,3232000
16465,3414400
16466,3406100
16467,2977000
16468,2961700
16469,3105700
16470,3110100
16471,3524200
16472,3168200
16473,3167700
16474,3142900
16475,3150500
16476,3170700
16477,3129600
16478,2979000
16479,3047000
16480,3015300
16481,3515200
16482,3403100
16483,3627600
16484,3726600
16485,4275100
16486,3837700
16487,3856100
16488,3398100
16489,3531600
16490,3858300
16491,3577500
16492,3726500
16493,3356700
16494,3410200
16495,4370100
16496,3800200
16497,3357600
16498,3483200
16499,3663100
16500,3959700
16501,3687300
16502,3261400
16503,3414400
16504,3927600
16505,4034200
16506,3563000
16507,3495400
16508,3410000
16509,4226000
16510,3517700
16511,3508700
16512,3402500
16513,3604300
16514,3540500
16515,3278200
16516,3600600
16517,3606500
16518,3784400
16519,3624900
16520,3394700
16521,3378300
16522,3715400
16523,3827900
16524,3408100
16525,3406400
16526,3452900
16527,4237000
16528,3698400
16529,3395200
16530,3367400
16531,3553600
16532,3603200
16533,3867100
16534,4552500
16535,5479300
16536,6313500
16537,3387400
16538,3814600
16539,3776100
16540,4273300
16541,3566700
16542,3318200
16543,3093200
16544,3265600
16545,3480200
16546,3030200
16547,3247700
16548,3071300
16549,3111000
16550,3206700
16551,2959700
16552,3280500
16553,3202100
16554,2994500
16555,3637200
16556,3262200
16557,3275100
16558,3081900
16559,3067100
16560,3809900
16561,2987500
16562,3160500
16563,3104300
16564,2916500
16565,3397000
16566,3231600
16567,3217700
16568,2952400
16569,2902800
16570,3194200
16571,3065900
16572,3365500
16573,3122200
16574,3023800
16575,3107300
16576,3764300
16577,3444400
16578,2965900
16579,2995200
16580,2991100
16581,3359900
16582,3457000
16583,3096900
16584,3008100
16585,3042500
16586,3351300
16587,3479500
16588,2938600
16589,2993600
16590,3000400
16591,3434900
16592,3464100
16593,3104200
16594,2927100
16595,3006100
16596,2986300
16597,3469500
16598,3547500
16599,2976600
16600,3053000
16601,2972900
16602,3451000
16603,3197400
16604,3083300
16605,2955400
16606,2867000
16607,4416000
16608,3604300
16609,3013000
16610,3191800
16611,3584500
16612,3818700
16613,3239100
16614,3121600
16615,3142800
16616,3040000
16617,3389500
16618,3630900
16619,3063100
16620,3038300
16621,3180200
16622,3276800
16623,3101500
16624,2941800
16625,2940600
16626,3214700
16627,3423900
16628,3375300
16629,3252700
16630,3053500
16631,3161100
16632,3316400
16633,3401100
16634,3163100
16635,2932400
16636,3235300
16637,3094100
16638,3492800
16639,3261500
16640,3078000
16641,3659200
16642,4057600
16643,4009900
16644,3065600
16645,3205700
16646,3224100
16647,3161800
16648,3223200
16649,3429400
16650,3200300
16651,3087600
16652,3159300
16653,3225500
16654,3126300
16655,3245100
16656,3249900
16657,3046400
16658,3287600
16659,3376800
16660,3528800
16661,3439600
16662,3190300
16663,3864300
16664,3357700
16665,3079900
16666,2946800
16667,3106100
16668,3526000
16669,3446900
16670,3101500
16671,2901200
16672,3005700
16673,3389300
16674,3352300
16675,3194700
16676,3077100
16677,3012500
16678,3398400
16679,3522300
16680,3287900
16681,2989400
16682,3087000
16683,3206000
16684,3320400
16685,3113500
16686,3065300
16687,3116500
16688,3107600
16689,3583100
16690,3352900
16691,2987500
16692,3023000
16693,2996300
16694,4092500
16695,3310900
16696,3039800
16697,3068600
16698,3190900
16699,3258200
16700,3897600
16701,3055400
16702,3020000
16703,3142900
16704,3394600
16705,3120200
16706,3028400
16707,3030800
16708,3180600
16709,3260800
16710,3254400
16711,3390100
16712,3075100
16713,3155800
16714,3411700
16715,3502200
16716,3025800
16717,3181900
16718,3106400
16719,3103200
16720,3340500
16721,3473700
16722,3179500
16723,3177500
16724,2981000
16725,3601800
16726,3140800
16727,3114900
16728,3259000
16729,3047200
16730,3654000
16731,3222900
16732,3232000
16733,3129400
16734,3095800
16735,3339600
16736,3114700
16737,3267000
16738,3084900
16739,3031200
16740,3224800
16741,3151700
16742,3774200
16743,3019400
16744,3036400
16745,3472900
16746,3400500
16747,3254800
16748,3047900
16749,3008200
16750,3373900
16751,3572600
16752,3449300
16753,3060900
16754,2963800
16755,2923000
16756,3363600
16757,3299800
16758,3042100
16759,2950800
16760,3011800
16761,3792400
16762,3164300
16763,3064600
16764,2965100
16765,2970900
16766,3572200
16767,3557800
16768,3034600
16769,2950500
16770,2997300
16771,3127400
16772,3542000
16773,3091800
16774,2951100
16775,3004200
16776,3209100
16777,3444900
16778,3001400
16779,3047500
16780,2981900
16781,3169300
16782,3676700
16783,3315900
16784,3128300
16785,3126700
16786,3529800
16787,4548500
16788,4181100
16789,3736400
16790,3552200
16791,3714500
16792,3677000
16793,3801700
16794,3433900
16795,3516500
16796,4120200
16797,3661800
16798,3557400
16799,3546000
16800,3640000
16801,3775400
16802,3505100
16803,3378200
16804,3064800
16805,3298200
16806,3113800
16807,2994100
16808,3306800
16809,3080400
16810,3188900
16811,3122900
16812,3381700
16813,3256400
16814,2994700
16815,2953200
16816,3191300
16817,3133700
16818,3080100
16819,2954600
16820,3086900
16821,3485600
16822,3229900
16823,3170000
16824,3025500
16825,3042100
16826,3080900
16827,3241700
16828,3259600
16829,3029500
16830,3025200
16831,3127000
16832,4194400
16833,3206700
16834,3002600
16835,2996000
16836,3078000
16837,3361200
16838,3038900
16839,2989000
16840,2957900
16841,3501700
16842,3605000
16843,3165700
16844,2951300
16845,3006800
16846,2989600
16847,3551700
16848,3396700
16849,3016500
16850,2927500
16851,2922100
16852,3512100
16853,3815700
16854,4219200
16855,3451900
16856,3194700
16857,3456900
16858,3198400
16859,3006100
16860,3000800
16861,3243600
16862,3395900
16863,3213700
16864,3271600
16865,2949700
16866,3327000
16867,3385100
16868,3281300
16869,3062500
16870,2967200
16871,3232800
16872,3198000
16873,3192300
16874,3688700
16875,3114300
16876,3106400
16877,3075400
16878,3159500
16879,3199900
16880,2930300
16881,3174400
16882,3085400
16883,3477400
16884,3276000
16885,3359500
16886,3130400
16887,3030100
16888,3368400
16889,3394000
16890,3045400
16891,3205400
16892,3046600
16893,3109300
16894,3412600
16895,3138100
16896,3123100
16897,3169400
16898,2879400
16899,3487500
16900,3025600
16901,3258800
16902,3021200
16903,2984800
16904,3432400
16905,3246300
16906,3093700
16907,2935400
16908,3104200
16909,3186600
16910,3362700
16911,3177200
16912,2985400
16913,3021500
16914,3078100
16915,3818800
16916,4219800
16917,3118100
16918,3186800
16919,3230600
16920,3454600
16921,3158200
16922,3077500
16923,3119600
16924,3151900
16925,3436400
16926,3542300
16927,2972900
16928,3060400
16929,2979700
16930,3357600
16931,3073900
16932,2976500
16933,3002600
16934,2945400
16935,3683800
16936,3228000
16937,3427900
16938,2978600
16939,2995400
16940,3267300
16941,3214800
16942,3096400
16943,2966000
16944,2976000
16945,3013900
16946,3401300
16947,3339100
16948,2969200
16949,2984300
16950,3560100
16951,4091400
16952,3459600
16953,3179300
16954,3427700
16955,3075100
16956,3646800
16957,3226200
16958,3094100
16959,3188800
16960,3175300
16961,3426900
16962,3068800
16963,3127600
16964,3160700
16965,3029600
16966,3505700
16967,3331200
16968,3053200
16969,3116900
16970,3043100
16971,3360500
16972,3452100
16973,3050900
16974,3472400
16975,3379200
16976,3288400
16977,3172800
16978,3824300
16979,2993600
16980,2981100
16981,3084400
16982,3241600
16983,3094600
16984,3188900
16985,3085500
16986,3041500
16987,3520800
16988,3802900
16989,3049000
16990,2888600
16991,2965600
16992,3457900
16993,3396400
16994,3014700
16995,2998500
16996,2996100
16997,3469100
16998,3570700
16999,3135500
17000,2908900
17001,3041000
17002,3151600
17003,3623200
17004,3136100
17005,3013700
17006,3016900
17007,3035600
17008,3606500
17009,3263300
17010,3067500
17011,2989400
17012,3022700
17013,3785200
17014,3133900
17015,3041200
17016,2947800
17017,2971400
17018,3520600
17019,3182200
17020,2924600
17021,2910600
17022,3017300
17023,3559800
17024,3364000
17025,3088900
17026,2946500
17027,3232800
17028,3524500
17029,3386500
17030,3120800
17031,2915000
17032,2960500
17033,3442700
17034,3268900
17035,3036000
17036,2897600
17037,3349000
17038,3151000
17039,3452900
17040,3895100
17041,3047000
17042,3147500
17043,3047900
17044,3424100
17045,3133500
17046,3082500
17047,3372100
17048,3140600
17049,3264800
17050,3101700
17051,3469300
17052,3153800
17053,3142600
17054,3251600
17055,3225900
17056,2906800
17057,3484400
17058,3190500
17059,3154400
17060,3579900
17061,3037600
17062,3359300
17063,3290900
17064,3084500
17065,3296500
17066,2972300
17067,3052800
17068,3060300
17069,3044200
17070,3169600
17071,3519500
17072,3257200
17073,3060100
17074,3149800
17075,3580500
17076,3196200
17077,3039800
17078,3080300
17079,3039200
17080,3050200
17081,3442000
17082,3240000
17083,3064500
17084,3055100
17085,2944900
17086,3332600
17087,3368200
17088,3176400
17089,2976000
17090,2967000
17091,3830900
17092,3239200
17093,3128900
17094,2968600
17095,3030200
17096,3326900
17097,4191600
17098,3863700
17099,3899000
17100,3627500
17101,3683100
17102,4009600
17103,3398200
17104,3281600
17105,4287700
17106,3633500
17107,3420400
17108,3348000
17109,3762000
17110,3687900
17111,4091700
17112,3410800
17113,3327100
17114,3745500
17115,3417500
17116,3367400
17117,3383300
17118,3907400
17119,3855900
17120,3717800
17121,3281300
17122,3555500
17123,3452400
17124,3495900
17125,3512100
17126,3353400
17127,3551800
17128,3716300
17129,3621400
17130,3575500
17131,3539500
17132,3519800
17133,3455300
17134,3283300
17135,3321900
17136,3480400
17137,3344200
17138,3752200
17139,3824600
17140,3695000
17141,3498900
17142,3424500
17143,3461400
17144,3616300
17145,3251100
17146,3194800
17147,3881100
17148,4853100
17149,4145200
17150,5641300
17151,5208800
17152,3535600
17153,3120700
17154,2987300
17155,3140600
17156,3296300
17157,3493300
17158,3095200
17159,3043900
17160,3018000
17161,3692200
17162,3676100
17163,3851700
17164,3678600
17165,3406500
17166,3506800
17167,3282800
17168,3096900
17169,3079300
17170,3518000
17171,3381700
17172,3055400
17173,2949500
17174,3020900
17175,3001400
17176,3521800
17177,3565600
17178,3118600
17179,2994300
17180,3234800
17181,3416700
17182,3021600
17183,2920700
17184,2979100
17185,2933900
17186,3618300
17187,3328500
17188,3030400
17189,2995900
17190,3226200
17191,3654700
17192,3183700
17193,3041600
17194,3128600
17195,3247800
17196,3300500
17197,3261700
17198,3303400
17199,3029300
17200,3170700
17201,3232600
17202,3449700
17203,2960400
17204,2971500
17205,3167100
17206,3161000
17207,3559900
17208,3857100
17209,3250000
17210,3402500
17211,3121900
17212,3589200
17213,3135600
17214,3080200
17215,3110900
17216,3110900
17217,3247800
17218,3591300
17219,3338200
17220,3468200
17221,3218500
17222,3605600
17223,3253700
17224,3377700
17225,3136600
17226,3096400
17227,3552800
17228,3239200
17229,3203300
17230,3000200
17231,3150400
17232,3291000
17233,3105900
17234,3067200
17235,2892700
17236,3160600
17237,3083900
17238,3216700
17239,3613100
17240,2987000
17241,3013300
17242,2897300
17243,3846000
17244,3229500
17245,3015600
17246,3007400
17247,3105600
17248,3388800
17249,3432100
17250,2930900
17251,3005600
17252,2883500
17253,3784100
17254,3833400
17255,3798400
17256,3263500
17257,3065300
17258,4010400
17259,3350800
17260,2965000
17261,3085100
17262,3107300
17263,3382300
17264,3105700
17265,3198000
17266,3018700
17267,3196700
17268,3359700
17269,3082800
17270,3485000
17271,3104600
17272,3072700
17273,3448300
17274,3332900
17275,3047100
17276,3041000
17277,3189600
17278,3164800
17279,3310500
17280,3381200
17281,2985600
17282,3437000
17283,3763400
17284,3310700
17285,3084900
17286,3015500
17287,3327500
17288,3044500
17289,3443900
17290,3308600
17291,3011700
17292,3248700
17293,3058300
17294,3578100
17295,3262500
17296,2986200
17297,3026500
17298,2988400
17299,3357100
17300,3205600
17301,3354700
17302,3168000
17303,2999300
17304,3242000
17305,3396400
17306,2978000
17307,3138400
17308,3076000
17309,2983200
17310,3864500
17311,3126600
17312,3107200
17313,3107100
17314,3087300
17315,3282700
17316,3028800
17317,3171700
17318,2945300
17319,3038800
17320,3350300
17321,3259800
17322,3490300
17323,2997300
17324,3022100
17325,3560600
17326,3410200
17327,3144500
17328,2930000
17329,3042000
17330,3205100
17331,3302100
17332,3432200
17333,3082400
17334,2970000
17335,3004800
17336,3373100
17337,3175800
17338,3007400
17339,3010600
17340,2987500
17341,3157300
17342,3368100
17343,3352200
17344,2997300
17345,3085900
17346,3435300
17347,3636400
17348,3062900
17349,3023400
17350,2986300
17351,3015700
17352,3657700
17353,3216400
17354,2959400
17355,3094400
17356,2989800
17357,3510500
17358,3103000
17359,3082000
17360,3103800
17361,3030700
17362,4490600
17363,3342400
17364,2967500
17365,3094400
17366,3194200
17367,3301000
17368,3101300
17369,3070100
17370,3107400
17371,3168100
17372,3287200
17373,3189900
17374,3255400
17375,3018600
17376,3183400
17377,3073700
17378,3292800
17379,3010000
17380,3087700
17381,3036800
17382,3088600
17383,3615100
17384,3311300
17385,3013100
17386,2981200
17387,3277400
17388,3230000
17389,3123800
17390,3055500
17391,3329900
17392,3075200
17393,3285800
17394,3207900
17395,3279500
17396,3025800
17397,2938200
17398,3005100
17399,3524300
17400,3629400
17401,3379400
17402,3787800
17403,4477600
17404,3951300
17405,3730100
17406,3635300
17407,3575400
17408,3732900
17409,3618900
17410,3528300
17411,3470200
17412,3947200
17413,4298500
17414,3398100
17415,3455700
17416,3349200
17417,3478700
17418,3185000
17419,3060400
17420,2960900
17421,3087000
17422,3242300
17423,3726700
17424,3325500
17425,3022600
17426,3039800
17427,3176900
17428,3465400
17429,3207500
17430,2969900
17431,3115400
17432,3172400
17433,3445200
17434,3278800
17435,3073700
17436,2902900
17437,2994100
17438,3457200
17439,3014100
17440,2932000
17441,2919500
17442,2994400
17443,3749000
17444,3147000
17445,3025400
17446,2998100
17447,2982700
17448,3613000
17449,3442300
17450,3130100
17451,2910200
17452,3133300
17453,3570100
17454,3214000
17455,3293800
17456,3016500
17457,2961900
17458,3361400
17459,3315800
17460,3029900
17461,2955300
17462,3089400
17463,3159600
17464,3737600
17465,3078800
17466,2968400
17467,2962200
17468,3233700
17469,3381100
17470,3100800
17471,2963700
17472,2978000
17473,3089500
17474,3269100
17475,3307300
17476,3234000
17477,3076700
17478,3777100
17479,4101400
17480,3803100
17481,3128600
17482,3532700
17483,3096400
17484,3360200
17485,3173400
17486,3711700
17487,3090400
17488,3091800
17489,3131300
17490,3340800
17491,3132300
17492,3107400
17493,3043900
17494,2972200
17495,3381700
17496,3516800
17497,3260300
17498,3140100
17499,3109200
17500,3251100
17501,3164100
17502,2962100
17503,3017900
17504,2991200
17505,3326800
17506,4093500
17507,3075600
17508,2985500
17509,3076400
17510,3265300
17511,3188200
17512,3064900
17513,2979100
17514,2995400
17515,3352100
17516,3502700
17517,3497100
17518,3043700
17519,2861300
17520,2970300
17521,3460200
17522,3100000
17523,3164600
17524,3218200
17525,3066400
17526,3534500
17527,3410400
17528,3062100
17529,2926700
17530,3283400
17531,3873400
17532,3405800
17533,3222700
17534,3126700
17535,3351600
17536,3388100
17537,3759100
17538,3079300
17539,2988100
17540,3050000
17541,3262400
17542,3101400
17543,3030500
17544,2961100
17545,3248300
17546,3171000
17547,3211900
17548,3416200
17549,3060600
17550,3239800
17551,3085700
17552,3632300
17553,3097200
17554,2973400
17555,3127000
17556,3052600
17557,3421500
17558,3312900
17559,2972300
17560,3406900
17561,3671200
17562,3860700
17563,3347600
17564,3302700
17565,3197500
17566,2963000
17567,3779500
17568,3211000
17569,3141600
17570,3095100
17571,3006100
17572,3210500
17573,3230000
17574,3205700
17575,3119500
17576,3015800
17577,3456100
17578,3078000
17579,3729900
17580,2978700
17581,3063000
17582,3101900
17583,3479500
17584,3257500
17585,3067600
17586,3066700
17587,3036900
17588,3893800
17589,3163300
17590,2953600
17591,2964700
17592,3014200
17593,3295800
17594,3654100
17595,3416800
17596,3175400
17597,3034600
17598,3412600
17599,3358500
17600,3179000
17601,3077400
17602,3002100
17603,3896700
17604,3245100
17605,3085400
17606,3007800
17607,3020700
17608,3606700
17609,3306400
17610,3179400
17611,2969200
17612,3008500
17613,3431400
17614,3232200
17615,3045100
17616,2887700
17617,2955600
17618,3093500
17619,3307900
17620,3568500
17621,3115000
17622,2923000
17623,3254300
17624,3513100
17625,3010100
17626,3034000
17627,3006200
17628,3069000
17629,3507900
17630,3205400
17631,3417300
17632,3030700
17633,3249800
17634,3315700
17635,3033400
17636,3053200
17637,2985900
17638,3024600
17639,3151000
17640,3750400
17641,3217500
17642,3123200
17643,3024200
17644,3147900
17645,3338800
17646,3169800
17647,3108700
17648,3048700
17649,3143300
17650,3352700
17651,3316200
17652,3066300
17653,3149900
17654,3064700
17655,3377000
17656,3269800
17657,3052000
17658,3229600
17659,3036500
17660,3053400
17661,3268300
17662,3290600
17663,3369800
17664,3175400
17665,2956800
17666,3573700
17667,3079300
17668,3113900
17669,3021400
17670,2904900
17671,3335400
17672,3771600
17673,3594000
17674,3067900
17675,2951300
17676,3471300
17677,3329100
17678,2919700
17679,2976500
17680,3018900
17681,3194600
17682,3374700
17683,3370300
17684,2976800
17685,2942000
17686,3120700
17687,3509900
17688,3096400
17689,2981900
17690,2992500
17691,3007100
17692,3845000
17693,3350000
17694,3098700
17695,2996500
17696,3060600
17697,3450000
17698,3218000
17699,3018600
17700,3045900
17701,3004100
17702,3479600
17703,3216800
17704,3383500
17705,3041800
17706,3124700
17707,3317000
17708,3339100
17709,3491000
17710,2965000
17711,3277600
17712,3790700
17713,4226300
17714,3640700
17715,3640800
17716,3458200
17717,3917700
17718,3506800
17719,3373400
17720,3459700
17721,3490800
17722,3854200
17723,3980900
17724,3729400
17725,3587100
17726,3639400
17727,3569700
17728,3612500
17729,3497800
17730,3518100
17731,3990800
17732,3403700
17733,4111400
17734,3789300
17735,3664500
17736,3413000
17737,3775100
17738,3529800
17739,3312500
17740,3566900
17741,4245300
17742,3408900
17743,3577700
17744,3597200
17745,3807100
17746,3584700
17747,3351200
17748,3299400
17749,3676100
17750,3808600
17751,3538900
17752,3371400
17753,3309600
17754,4212900
17755,3493600
17756,3439300
17757,3372700
17758,3537000
17759,3575500
17760,4519700
17761,4544400
17762,4570800
17763,7083800
17764,3458400
17765,3229500
17766,3731200
17767,3422400
17768,3119600
17769,3022300
17770,2997800
17771,3545100
17772,3153200
17773,2939700
17774,2919300
17775,3065000
17776,3329300
17777,3324600
17778,3397200
17779,3012900
17780,3051400
17781,3171800
17782,3339200
17783,3062000
17784,2946300
17785,3043900
17786,3717800
17787,4682100
17788,3755400
17789,3310000
17790,3401200
17791,3374200
17792,3342000
17793,3143300
17794,3179200
17795,3187200
17796,3059800
17797,3384600
17798,3197600
17799,3391000
17800,3201000
17801,3162500
17802,3683200
17803,3361700
17804,3133100
17805,3125900
17806,3137500
17807,3404400
17808,3551600
17809,3260600
17810,3113600
17811,2881100
17812,3477900
17813,3185200
17814,3012700
17815,2857600
17816,2901900
17817,3403100
17818,3522900
17819,3412100
17820,2930500
17821,3021500
17822,3265700
17823,3560700
17824,3049000
17825,3005100
17826,3031500
17827,3088300
17828,3561100
17829,3234400
17830,2988700
17831,3031500
17832,2947600
17833,3708900
17834,3600600
17835,3112500
17836,3006000
17837,3027000
17838,4309000
17839,3265100
17840,3087000
17841,3041000
17842,3106000
17843,3463900
17844,3133300
17845,2981400
17846,3075900
17847,3124000
17848,3511800
17849,3142000
17850,3449400
17851,3059600
17852,3066400
17853,3517600
17854,3359400
17855,3046700
17856,3048400
17857,3229900
17858,3553800
17859,3555000
17860,3092100
17861,2958100
17862,3451800
17863,4015500
17864,3689200
17865,3036800
17866,3215100
17867,3185900
17868,3185800
17869,3133200
17870,3536400
17871,3490300
17872,3219600
17873,3283800
17874,3237500
17875,2939200
17876,3134300
17877,3023400
17878,3110600
17879,3390900
17880,3327100
17881,3212800
17882,3053500
17883,3103000
17884,3155300
17885,3084600
17886,3179400
17887,3009500
17888,3030500
17889,3443500
17890,3205100
17891,3652100
17892,3056200
17893,3011000
17894,3123800
17895,3490900
17896,3111500
17897,2980200
17898,3001500
17899,3005000
17900,3337900
17901,4039700
17902,3279000
17903,3116800
17904,3154900
17905,3387100
17906,3150700
17907,2972300
17908,3074100
17909,3098700
17910,3716200
17911,3326000
17912,2958000
17913,2977300
17914,3014400
17915,3474600
17916,3347100
17917,3009600
17918,3021600
17919,3140200
17920,3240800
17921,4238100
17922,3147200
17923,3020000
17924,3034000
17925,3577300
17926,3410900
17927,3008300
17928,3059000
17929,3280900
17930,3234600
17931,3201500
17932,3306700
17933,3073000
17934,3208900
17935,3015900
17936,3287900
17937,3009900
17938,3045200
17939,3229100
17940,3080400
17941,3576800
17942,3299700
17943,3096500
17944,3044200
17945,3071700
17946,3118000
17947,3284800
17948,3042400
17949,2990800
17950,3043700
17951,3092500
17952,3302100
17953,3295400
17954,3217100
17955,2994000
17956,3062400
17957,3236200
17958,3069100
17959,3235300
17960,3363700
17961,3074900
17962,3243500
17963,3974100
17964,3123400
17965,3060300
17966,2926400
17967,3198800
17968,3181600
17969,3287000
17970,3159600
17971,3049700
17972,3481200
17973,3579400
17974,3330300
17975,3045900
17976,3007600
17977,3340600
17978,3562200
17979,3212900
17980,2961900
17981,3302400
17982,2981100
17983,3720600
17984,3123800
17985,2986500
17986,2948400
17987,2965400
17988,3762800
17989,3168100
17990,2910900
17991,3035100
17992,2903300
17993,3475800
17994,3526600
17995,3473400
17996,2931900
17997,3040600
17998,3298900
17999,3305800
18000,3029700
18001,2964000
18002,3015600
18003,3516100
18004,3606000
18005,3154800
18006,3062000
18007,3063700
18008,3128600
18009,3352000
18010,3068100
18011,3440500
18012,2952300
18013,3577300
18014,4368200
18015,4753500
18016,3816000
18017,3822500
18018,3857600
18019,3484900
18020,3464700
18021,3644300
18022,3850300
18023,3736900
18024,3639200
18025,3620000
18026,3546400
18027,4120400
18028,3577200
18029,3224400
18030,3098300
18031,3056800
18032,3588500
18033,3173200
18034,2995100
18035,3147600
18036,2919000
18037,3398300
18038,3123100
18039,3115300
18040,3300600
18041,3115200
18042,3243200
18043,3181000
18044,3616700
18045,3161100
18046,3066500
18047,3246700
18048,3139100
18049,3112200
18050,3034600
18051,3036300
18052,2950200
18053,3276000
18054,3602400
18055,3054000
18056,3046400
18057,2981800
18058,3123700
18059,3768400
18060,3162600
18061,3077100
18062,3025100
18063,3237100
18064,3199600
18065,3526300
18066,3008800
18067,3014300
18068,3101600
18069,3469600
18070,3029400
18071,3061700
18072,3122400
18073,2943900
18074,3398400
18075,3709800
18076,3017200
18077,2957200
18078,2917900
18079,3954700
18080,3138700
18081,2979800
18082,3033400
18083,3139400
18084,3328500
18085,3152500
18086,3280900
18087,2991400
18088,3128700
18089,3093000
18090,3277000
18091,3080200
18092,2974300
18093,3169700
18094,3230400
18095,3627600
18096,3263200
18097,3117100
18098,3511900
18099,3886900
18100,3939100
18101,3142300
18102,3237200
18103,3087500
18104,3174800
18105,3314800
18106,3275700
18107,3174100
18108,3027700
18109,3010800
18110,3211900
18111,3079000
18112,3334700
18113,3203900
18114,2974300
18115,3333700
18116,3354600
18117,3169800
18118,3050500
18119,3171200
18120,3296800
18121,3157600
18122,3372800
18123,3126700
18124,3081600
18125,3080300
18126,3182700
18127,3648700
18128,2955700
18129,2952400
18130,2999000
18131,3767100
18132,3179300
18133,3035800
18134,3028500
18135,2926600
18136,3584100
18137,3216400
18138,3132500
18139,3004900
18140,2964300
18141,3446600
18142,3327000
18143,3224800
18144,3018500
18145,2964500
18146,3399600
18147,3757800
18148,3315200
18149,3073700
18150,3036500
18151,3611500
18152,3538000
18153,3077300
18154,2986300
18155,3056700
18156,3185700
18157,3355800
18158,3061800
18159,3036900
18160,3245700
18161,3118900
18162,3409500
18163,3104000
18164,2985500
18165,3147500
18166,3274000
18167,3673000
18168,3372800
18169,3033300
18170,3441000
18171,3622000
18172,3990200
18173,3156100
18174,3199600
18175,3072300
18176,2919200
18177,3426000
18178,3183100
18179,3163800
18180,3066500
18181,3074300
18182,3439800
18183,3334800
18184,3110100
18185,2988400
18186,3014800
18187,3222600
18188,3361200
18189,3458600
18190,3037100
18191,3028100
18192,3007800
18193,3242700
18194,3332100
18195,3018300
18196,3121300
18197,3070400
18198,3280300
18199,3828700
18200,3071200
18201,2969600
18202,3047000
18203,3862400
18204,3617600
18205,3045200
18206,3135400
18207,3124200
18208,3385000
18209,3210900
18210,3360900
18211,2994600
18212,2958700
18213,3630600
18214,3735400
18215,3240900
18216,3273800
18217,3081000
18218,3623100
18219,3514700
18220,3099500
18221,3008300
18222,3008700
18223,3374300
18224,3394900
18225,2941000
18226,2961500
18227,3053900
18228,3137600
18229,3393300
18230,3258800
18231,2987100
18232,3327400
18233,3075200
18234,3549700
18235,3239900
18236,2956600
18237,3193200
18238,3052500
18239,3354000
18240,3120900
18241,3415700
18242,3272500
18243,3129700
18244,3562200
18245,3217400
18246,3003300
18247,3090200
18248,2959800
18249,3125100
18250,3278400
18251,3277800
18252,3227900
18253,3075400
18254,2910600
18255,3625600
18256,3119200
18257,3133700
18258,2955100
18259,3043400
18260,3375200
18261,3340800
18262,3251900
18263,3081600
18264,3002600
18265,3259600
18266,3607100
18267,3119200
18268,3104900
18269,3008300
18270,3404900
18271,3364300
18272,3516500
18273,3004300
18274,3090700
18275,3199300
18276,3251800
18277,3258400
18278,2970500
18279,2991300
18280,3004900
18281,3571600
18282,3783600
18283,3119300
18284,3107000
18285,2954300
18286,3775700
18287,3195500
18288,3036500
18289,3055000
18290,2999400
18291,3519000
18292,3253900
18293,2988500
18294,3008200
18295,3032800
18296,3327600
18297,3318000
18298,2922800
18299,3016500
18300,2919900
18301,3163100
18302,3300900
18303,3398600
18304,2929400
18305,2965600
18306,3500000
18307,3442300
18308,3112900
18309,2953800
18310,3040800
18311,3155600
18312,3295400
18313,3224600
18314,3254700
18315,3190900
18316,3220000
18317,3208400
18318,3299500
18319,3060600
18320,3622700
18321,3174700
18322,3454400
18323,3238700
18324,3621100
18325,3544100
18326,3653900
18327,4171600
18328,3483000
18329,3668400
18330,3432400
18331,3585700
18332,4090100
18333,3543400
18334,3364400
18335,3314500
18336,3712300
18337,3897500
18338,3727400
18339,3409000
18340,3492700
18341,3896900
18342,3551300
18343,3328100
18344,3464100
18345,3644000
18346,4021600
18347,3547700
18348,3268600
18349,3350100
18350,4064900
18351,3994700
18352,3407000
18353,3228200
18354,3317200
18355,3791500
18356,3647600
18357,3306900
18358,3292900
18359,3785200
18360,3721900
18361,3571500
18362,3346100
18363,3587900
18364,3570300
18365,3520400
18366,3436200
18367,3271700
18368,4081600
18369,4033500
18370,3451300
18371,3440200
18372,3368500
18373,3465000
18374,4146500
18375,4548200
18376,4901300
18377,6183100
18378,3865600
18379,3214400
18380,2996800
18381,3012100
18382,3621500
18383,3289900
18384,3086700
18385,2997000
18386,2987500
18387,3571000
18388,3170900
18389,2904100
18390,2878700
18391,3081600
18392,3531900
18393,3278000
18394,2996700
18395,2940100
18396,2924200
18397,3424400
18398,3311800
18399,3258300
18400,2973200
18401,2961800
18402,3366300
18403,3361900
18404,2962600
18405,3102700
18406,2987000
18407,3992200
18408,4263000
18409,3989600
18410,3389700
18411,3148200
18412,3111700
18413,3281500
18414,3079500
18415,3415100
18416,3436200
18417,3148700
18418,3368200
18419,3194400
18420,3183100
18421,3121500
18422,3006200
18423,3332500
18424,3006900
18425,3289400
18426,3171000
18427,3042400
18428,3461900
18429,3157000
18430,3225400
18431,3018900
18432,3047200
18433,3136500
18434,3133500
18435,3122200
18436,2929900
18437,2949800
18438,3170700
18439,3532500
18440,3799500
18441,3097000
18442,3181900
18443,3176100
18444,3245300
18445,3237300
18446,2989700
18447,3208900
18448,2914500
18449,3251400
18450,4338700
18451,3348100
18452,3145500
18453,3191000
18454,3792800
18455,3361000
18456,3281800
18457,3061300
18458,3035500
18459,3522200
18460,3653600
18461,2989800
18462,2932900
18463,3109100
18464,3533400
18465,3237900
18466,2945700
18467,2945400
18468,3096200
18469,3640300
18470,3374200
18471,3311500
18472,2958700
18473,3125100
18474,3797300
18475,3680500
18476,3612300
18477,3220500
18478,3326100
18479,3425000
18480,3632900
18481,3038700
18482,2976300
18483,3139400
18484,3295800
18485,3119200
18486,3092500
18487,2995400
18488,3266700
18489,3568900
18490,3452700
18491,3325200
18492,3128000
18493,3032000
18494,3297600
18495,3289400
18496,3076700
18497,3247300
18498,3014800
18499,2993500
18500,3423300
18501,3705800
18502,3104200
18503,3012600
18504,3053900
18505,3520700
18506,3057400
18507,3598600
18508,3194300
18509,3057600
18510,3501500
18511,3142200
18512,3098700
18513,3118900
18514,3024500
18515,3393400
18516,3275200
18517,3326000
18518,3565000
18519,3012100
18520,3200700
18521,3177600
18522,3470300
18523,3088300
18524,3026300
18525,3389800
18526,3312400
18527,3178100
18528,3153700
18529,2999200
18530,2915600
18531,3206700
18532,3842600
18533,2979700
18534,3028800
18535,2909700
18536,3290700
18537,3440200
18538,3105300
18539,3010300
18540,2940700
18541,3463800
18542,3550700
18543,3209900
18544,2907100
18545,3025500
18546,3157500
18547,3540600
18548,3095900
18549,3015300
18550,3060600
18551,3095200
18552,3722600
18553,3167600
18554,3000500
18555,2946900
18556,3021500
18557,3666500
18558,3193100
18559,3030000
18560,2852700
18561,2986500
18562,3465800
18563,3214000
18564,3260600
18565,3029800
18566,2928100
18567,3500400
18568,3355900
18569,2957400
18570,3073600
18571,3063400
18572,3196800
18573,3428500
18574,3287700
18575,2965500
18576,2910400
18577,3386300
18578,3310500
18579,3144900
18580,3149400
18581,3059000
18582,3189900
18583,3602200
18584,3277400
18585,3454600
18586,3019900
18587,3438600
18588,3420200
18589,3243200
18590,2990700
18591,3291200
18592,3648000
18593,3269400
18594,3205900
18595,3246400
18596,3262300
18597,3149600
18598,3231300
18599,3306400
18600,2988700
18601,3052000
18602,3014200
18603,2994100
18604,3477300
18605,3070000
18606,3099600
18607,3078200
18608,2954900
18609,3756600
18610,3164700
18611,3187100
18612,3091200
18613,3013400
18614,3274200
18615,3246500
18616,3281300
18617,3206900
18618,3007100
18619,3177800
18620,3336300
18621,3158100
18622,3220100
18623,3418200
18624,3017900
18625,3287800
18626,3771200
18627,3188200
18628,2978300
18629,3083900
18630,3207400
18631,3560300
18632,3922100
18633,3870500
18634,4088200
18635,3710000
18636,3944500
18637,3544900
18638,3432000
18639,4036800
18640,3495500
18641,3522600
18642,3517500
18643,4168500
18644,3748800
18645,3681000
18646,3336000
18647,2991900
18648,3432900
18649,3173500
18650,3057300
18651,2885000
18652,3056600
18653,3367900
18654,3186700
18655,3457200
18656,3011300
18657,2967800
18658,3395900
18659,3309400
18660,3115200
18661,3032800
18662,3039900
18663,3315800
18664,3307300
18665,3738300
18666,3051600
18667,3091000
18668,3037700
18669,3462800
18670,3091700
18671,3055300
18672,3118600
18673,3076100
18674,3157300
18675,3201900
18676,3364600
18677,3466300
18678,3214200
18679,3276500
18680,3213400
18681,2995100
18682,3055100
18683,3212500
18684,2987900
18685,3382000
18686,3280100
18687,3073600
18688,3122000
18689,3036900
18690,3423100
18691,3033000
18692,3353500
18693,3207700
18694,3094600
18695,3572000
18696,3318200
18697,3129500
18698,3020300
18699,2981900
18700,3226100
18701,3181300
18702,3121400
18703,3049500
18704,3103700
18705,3187600
18706,3251400
18707,3736500
18708,3020200
18709,2940700
18710,3079200
18711,3547900
18712,3175500
18713,3089400
18714,2921000
18715,3013000
18716,3219200
18717,3930300
18718,3135000
18719,2942400
18720,3079500
18721,3294500
18722,3593800
18723,3952500
18724,3821900
18725,3223600
18726,3844600
18727,3469900
18728,3019300
18729,2982000
18730,2939200
18731,3591100
18732,2986600
18733,2984900
18734,2888400
18735,3004100
18736,3735200
18737,3422000
18738,3279400
18739,2945700
18740,2971400
18741,3336900
18742,3224300
18743,3022900
18744,2895400
18745,3114900
18746,3400700
18747,3554200
18748,3337200
18749,2915700
18750,3321700
18751,3054500
18752,3493100
18753,3167800
18754,3006000
18755,3041800
18756,3021200
18757,3341300
18758,3195000
18759,2962400
18760,3574000
18761,3673000
18762,3485300
18763,3243200
18764,3065100
18765,3361900
18766,3105900
18767,3361300
18768,3169000
18769,3839800
18770,3126000
18771,3012100
18772,3252400
18773,3225300
18774,3274000
18775,3157600
18776,2985600
18777,3326700
18778,3191900
18779,4040700
18780,3727300
18781,3710700
18782,3860400
18783,3330200
18784,3093000
18785,3040000
18786,2915900
18787,3208200
18788,3241700
18789,3449400
18790,3044000
18791,3021900
18792,3207400
18793,3407800
18794,3052400
18795,3102300
18796,3092400
18797,3149900
18798,3687200
18799,3307000
18800,3012000
18801,3052100
18802,2925000
18803,3562500
18804,3203700
18805,3124400
18806,3023700
18807,2990400
18808,3387500
18809,3157600
18810,3338100
18811,3016000
18812,3001700
18813,3588300
18814,3418800
18815,3080100
18816,2985000
18817,2955600
18818,3251600
18819,3270500
18820,3405600
18821,3031500
18822,3040300
18823,3100100
18824,3301000
18825,3108500
18826,2978100
18827,2979400
18828,3540500
18829,3765700
18830,3398800
18831,3007700
18832,3151600
18833,3088400
18834,3504000
18835,3306100
18836,3009500
18837,3177000
18838,3134200
18839,3250200
18840,3228600
18841,3323500
18842,3083100
18843,3090800
18844,3275300
18845,3392000
18846,3036800
18847,3086600
18848,3037700
18849,3022900
18850,3801700
18851,3071000
18852,3307400
18853,3176500
18854,3032500
18855,3342700
18856,3037100
18857,3220800
18858,2970000
18859,2858100
18860,3403500
18861,3350100
18862,3262600
18863,3051600
18864,2991200
18865,3089200
18866,3160300
18867,3335300
18868,3190800
18869,2976700
18870,3069000
18871,3355400
18872,3441500
18873,2938300
18874,3058000
18875,3067900
18876,3318400
18877,3270700
18878,3027200
18879,3005300
18880,3049000
18881,3128100
18882,3408500
18883,3299900
18884,3054900
18885,3057100
18886,3285400
18887,3736200
18888,3113400
18889,3033200
18890,3174000
18891,3170500
18892,3581000
18893,3467800
18894,2961500
18895,2992400
18896,2897800
18897,3673800
18898,3172700
18899,2956700
18900,3035400
18901,3034700
18902,3807500
18903,3268700
18904,3429900
18905,3085100
18906,3390500
18907,3272300
18908,3073900
18909,2980400
18910,3084200
18911,3035900
18912,3244900
18913,3333500
18914,3364600
18915,2945800
18916,2983500
18917,3112500
18918,3532100
18919,3023900
18920,3032700
18921,2944400
18922,3390700
18923,3308100
18924,3293200
18925,2994700
18926,3286600
18927,3190400
18928,3291800
18929,3081000
18930,2956500
18931,3127700
18932,3701200
18933,3212500
18934,3224200
18935,3387600
18936,3174100
18937,3171000
18938,3284800
18939,3372100
18940,3010300
18941,3323300
18942,3776500
18943,4190400
18944,3652000
18945,4001200
18946,3409800
18947,3496200
18948,3734900
18949,3350900
18950,3546400
18951,3262800
18952,3606900
18953,3981900
18954,3638600
18955,3305200
18956,3360500
18957,3777300
18958,3924500
18959,3550000
18960,3355900
18961,3504300
18962,3865400
18963,3740500
18964,3384400
18965,3312700
18966,3416200
18967,4010900
18968,3477000
18969,3330400
18970,3256700
18971,3596600
18972,3928100
18973,3494300
18974,3468800
18975,3378100
18976,3698000
18977,3345700
18978,3405900
18979,3268600
18980,3457800
18981,3587600
18982,3788300
18983,3283600
18984,3231900
18985,4051600
18986,3690900
18987,3422300
18988,3406000
18989,3580000
18990,3919500
18991,4756500
18992,4079300
18993,6514600
18994,4865800
18995,3186900
18996,3144200
18997,3101300
18998,3506400
18999,3478600
19000,3027000
19001,3041900
19002,3014100
19003,3340300
19004,3125900
19005,2990000
19006,3124700
19007,3225200
19008,3152500
19009,3356600
19010,3188500
19011,3132300
19012,3037000
19013,3065100
19014,3391000
19015,3067300
19016,3196700
19017,3057400
19018,3036000
19019,3592200
19020,3156400
19021,3713900
19022,3052200
19023,3051000
19024,3476700
19025,3141800
19026,3123900
19027,3090600
19028,2935800
19029,3250100
19030,3188700
19031,3971200
19032,3843400
19033,3641700
19034,3756300
19035,3401400
19036,3082000
19037,2878200
19038,2989600
19039,3311600
19040,3424500
19041,3330300
19042,2966600
19043,3025100
19044,3630800
19045,3628500
19046,3013900
19047,3002100
19048,3020500
19049,3289000
19050,3435500
19051,3135400
19052,2913000
19053,3106600
19054,3174700
19055,3457300
19056,3071700
19057,2907900
19058,3189800
19059,3251800
19060,3630500
19061,3155900
19062,2896100
19063,3104500
19064,3436200
19065,3784000
19066,3221400
19067,3041100
19068,3220200
19069,3276500
19070,3772300
19071,3228200
19072,3543400
19073,3162500
19074,3293900
19075,3308200
19076,3138500
19077,3025000
19078,3151200
19079,3066500
19080,3076500
19081,3241500
19082,3603200
19083,3496500
19084,3638100
19085,4189700
19086,3358900
19087,3422200
19088,3175800
19089,3052600
19090,3375700
19091,3080400
19092,3758100
19093,3012700
19094,2905600
19095,3160700
19096,3301600
19097,3175300
19098,3025100
19099,2942500
19100,3042700
19101,3332900
19102,3563200
19103,3002000
19104,3064600
19105,2993900
19106,3485900
19107,3254000
19108,2966100
19109,2971400
19110,3032600
19111,3298000
19112,3303900
19113,3257900
19114,2867500
19115,3071000
19116,3313800
19117,3662200
19118,3154200
19119,2988600
19120,3097300
19121,3124300
19122,3420200
19123,3147200
19124,2956900
19125,3035900
19126,2990500
19127,3611200
19128,3045600
19129,3020500
19130,2927300
19131,2942200
19132,3435000
19133,3186800
19134,3497400
19135,3075400
19136,3383600
19137,4163200
19138,3283200
19139,3013300
19140,3075400
19141,3094200
19142,3335100
19143,3323800
19144,3152000
19145,2911600
19146,3018300
19147,3221000
19148,3236600
19149,3011200
19150,3057800
19151,3086900
19152,2994600
19153,3520500
19154,3095700
19155,2955100
19156,3550300
19157,3171900
19158,3438200
19159,3242700
19160,3201300
19161,3121300
19162,2987400
19163,3303000
19164,3173400
19165,3461800
19166,3058900
19167,2983400
19168,3061600
19169,3230900
19170,3441300
19171,3331400
19172,3077000
19173,3061200
19174,3279800
19175,3800000
19176,3088800
19177,3000000
19178,3012200
19179,3267200
19180,3256500
19181,3032000
19182,3012400
19183,3108100
19184,3184900
19185,3302200
19186,3623600
19187,3096800
19188,2940000
19189,3358300
19190,3685500
19191,3104200
19192,3001200
19193,3067000
19194,3454700
19195,3671700
19196,3246200
19197,2927600
19198,2952700
19199,3045100
19200,3754700
19201,3014800
19202,3007500
19203,3011900
19204,2886500
19205,3652700
19206,3333800
19207,3046100
19208,3058500
19209,3113500
19210,3788500
19211,3106100
19212,2990800
19213,2923800
19214,3172500
19215,3292900
19216,3152700
19217,3499400
19218,2987400
19219,3240900
19220,3444500
19221,3411400
19222,3148600
19223,2890200
19224,3080800
19225,2976500
19226,3595000
19227,3109400
19228,3041700
19229,3143900
19230,3031600
19231,3259100
19232,3167800
19233,2882900
19234,3147200
19235,3033500
19236,3429800
19237,3361500
19238,3180100
19239,3281500
19240,3161200
19241,3382100
19242,3449200
19243,2966500
19244,3123700
19245,3012900
19246,2926100
19247,3325300
19248,3413300
19249,3520900
19250,3723000
19251,4395900
19252,3870200
19253,3735600
19254,3419500
19255,3439400
19256,3881200
19257,4125400
19258,3538000
19259,3620100
19260,3637400
19261,3623500
19262,3725200
19263,3426900
19264,3278900
19265,3443200
19266,3559800
19267,3283400
19268,2988800
19269,2976300
19270,3469900
19271,3355700
19272,3049000
19273,3032100
19274,3043400
19275,3380500
19276,3733400
19277,2999500
19278,2869300
19279,2976100
19280,2953900
19281,3416100
19282,3064600
19283,3031000
19284,3002400
19285,3150800
19286,3363000
19287,3042600
19288,3497900
19289,2957300
19290,2895700
19291,3852300
19292,3394300
19293,3094600
19294,3068600
19295,3408600
19296,3581000
19297,3136500
19298,3356100
19299,3000400
19300,3124000
19301,3238100
19302,3295600
19303,3065100
19304,3046100
19305,3217200
19306,2959700
19307,3560200
19308,3088400
19309,2968500
19310,3475000
19311,3059300
19312,3126000
19313,3126300
19314,3093300
19315,3159000
19316,3057400
19317,3358900
19318,3197600
19319,3498500
19320,3222700
19321,3029100
19322,3088900
19323,3347600
19324,3431700
19325,3178900
19326,3125000
19327,3188500
19328,3421400
19329,3571900
19330,3018200
19331,3022300
19332,2977700
19333,3251600
19334,3328600
19335,3027000
19336,2929500
19337,3071800
19338,3184800
19339,3338000
19340,3255600
19341,3039900
19342,3040100
19343,3295100
19344,4085200
19345,3952300
19346,3723500
19347,3346800
19348,3479800
19349,3251100
19350,3011800
19351,3025200
19352,3000700
19353,3671200
19354,3311300
19355,3039900
19356,2978900
19357,2943500
19358,3256200
19359,3125600
19360,3818300
19361,3051800
19362,2953300
19363,3532300
19364,3323000
19365,3081600
19366,3043700
19367,3184000
19368,3210900
19369,3525400
19370,3372300
19371,3010400
19372,3138900
19373,3115700
19374,3327900
19375,2988900
19376,2927000
19377,3328600
19378,3508500
19379,3885500
19380,3334900
19381,3102000
19382,3447500
19383,3122500
19384,3367600
19385,3127700
19386,3107400
19387,2980900
19388,3101800
19389,3293600
19390,3351100
19391,3446600
19392,3678200
19393,3544500
19394,3563400
19395,3085900
19396,3397600
19397,3206100
19398,2914200
19399,3689200
19400,3247300
19401,3426200
19402,3003100
19403,3055900
19404,3191200
19405,3133900
19406,3328900
19407,3062900
19408,3037900
19409,3241000
19410,3231200
19411,3365100
19412,3052700
19413,2972600
19414,3056000
19415,3677800
19416,3086300
19417,2948000
19418,3000700
19419,2974300
19420,3380300
19421,3193600
19422,3421100
19423,2974400
19424,3000300
19425,3650700
19426,4281900
19427,3691200
19428,3432600
19429,4192300
19430,3927500
19431,3559600
19432,3335600
19433,3409200
19434,3533100
19435,3437600
19436,3244300
19437,3490400
19438,3772800
19439,3299300
19440,3667300
19441,2914700
19442,3024600
19443,3031200
19444,3251500
19445,3152700
19446,2954300
19447,3027900
19448,3775400
19449,3803800
19450,3264800
19451,3531000
19452,3164700
19453,3086000
19454,3280500
19455,3254400
19456,2994200
19457,3108700
19458,3135200
19459,3046300
19460,3382900
19461,3176300
19462,3221300
19463,3120700
19464,2999100
19465,3491400
19466,3180400
19467,3173700
19468,3072400
19469,2954700
19470,3171200
19471,3118800
19472,3734800
19473,2965300
19474,2938500
19475,3155600
19476,3226200
19477,3247000
19478,3071400
19479,3175200
19480,3100000
19481,3543400
19482,3809000
19483,3089800
19484,2962700
19485,3043000
19486,3170300
19487,3217000
19488,2955400
19489,3099700
19490,3041700
19491,3277800
19492,3335300
19493,3111600
19494,2958500
19495,2930000
19496,3081700
19497,3541400
19498,3021900
19499,2925500
19500,3011000
19501,3089000
19502,4164700
19503,3375700
19504,3068200
19505,2990700
19506,2895200
19507,3513300
19508,3127000
19509,3028900
19510,2988700
19511,3045300
19512,3609200
19513,3203000
19514,3238100
19515,2915000
19516,3017200
19517,3942800
19518,3243700
19519,3017100
19520,3065600
19521,3298000
19522,3179100
19523,3327900
19524,3245700
19525,2944300
19526,3149700
19527,3262100
19528,3313100
19529,3040400
19530,3083800
19531,3214500
19532,3091500
19533,3645900
19534,3272500
19535,3098400
19536,3123600
19537,3128100
19538,3408100
19539,3089400
19540,3155700
19541,3065300
19542,3141700
19543,3600100
19544,3129000
19545,3456300
19546,3286100
19547,3124200
19548,3144200
19549,3220400
19550,3041900
19551,3603200
19552,3226900
19553,3196700
19554,3306200
19555,3273900
19556,3297600
19557,3689500
19558,4231900
19559,3577400
19560,3629300
19561,3746900
19562,3441100
19563,3908000
19564,3932300
19565,3536800
19566,3298900
19567,3912500
19568,3863800
19569,3412100
19570,3358000
19571,3406300
19572,3531700
19573,4023100
19574,3609600
19575,3449200
19576,3479200
19577,3683600
19578,3668800
19579,3383800
19580,3347400
19581,3603400
19582,4105100
19583,3505900
19584,3458500
19585,3348800
19586,3840700
19587,3504700
19588,3237700
19589,3459500
19590,3657100
19591,3834900
19592,3487100
19593,3410600
19594,3375900
19595,3991800
19596,3923600
19597,3270700
19598,3333600
19599,3338100
19600,3994100
19601,3554600
19602,3492300
19603,3392500
19604,4124600
19605,4811500
19606,4160300
19607,6840800
19608,5011400
19609,3160200
19610,2994900
19611,3441000
19612,3322600
19613,3318600
19614,2997100
19615,3017400
19616,3292900
19617,3042700
19618,3293700
19619,3290600
19620,3080300
19621,3080900
19622,2917400
19623,3288900
19624,3022800
19625,2954200
19626,3215800
19627,3067000
19628,3330300
19629,3128600
19630,3390000
19631,3266800
19632,3076800
19633,3379900
19634,3482000
19635,3043300
19636,3187000
19637,2969100
19638,2951200
19639,3416200
19640,3169800
19641,3210400
19642,2991700
19643,3017400
19644,3264200
19645,3051500
19646,3196600
19647,3100800
19648,2930900
19649,3475600
19650,3366400
19651,3927000
19652,3854400
19653,3637900
19654,3574900
19655,3527800
19656,3117100
19657,2985600
19658,3000200
19659,3466700
19660,3301600
19661,3126600
19662,2952700
19663,3045000
19664,3392900
19665,3528700
19666,3143000
19667,3073900
19668,2965600
19669,3198700
19670,3423300
19671,3454100
19672,3143800
19673,3117400
19674,3018700
19675,3447400
19676,3061600
19677,2885700
19678,2940300
19679,2876400
19680,3654300
19681,3663300
19682,3436900
19683,3156500
19684,3112100
19685,3781700
19686,3220800
19687,3003900
19688,3101700
19689,3094400
19690,3522000
19691,3116600
19692,3390400
19693,3016300
19694,3479300
19695,4148900
19696,3523100
19697,3247700
19698,3062600
19699,3248700
19700,3870800
19701,3102300
19702,3033800
19703,3104400
19704,3051900
19705,3253900
19706,3041200
19707,3030100
19708,3117800
19709,2967900
19710,3238800
19711,3463000
19712,3021000
19713,3287700
19714,3100700
19715,3345800
19716,3687600
19717,3077800
19718,3059200
19719,3170000
19720,2916600
19721,3440000
19722,3198200
19723,3394800
19724,3012900
19725,3342700
19726,3216200
19727,3083900
19728,3431500
19729,3167300
19730,3094300
19731,3316600
19732,3113500
19733,3805500
19734,3088800
19735,3087000
19736,3278600
19737,3074600
19738,3202000
19739,3031600
19740,3049900
19741,3096900
19742,3313500
19743,3344000
19744,2958300
19745,3058400
19746,2980100
19747,3138400
19748,3220500
19749,3043700
19750,2822200
19751,3147100
19752,3407800
19753,3880800
19754,3639000
19755,3166800
19756,3245600
19757,3314500
19758,3144400
19759,2938300
19760,2966900
19761,2917500
19762,3161500
19763,3577900
19764,3451500
19765,3082300
19766,2974500
19767,3053300
19768,3640900
19769,3092300
19770,3009100
19771,2942000
19772,3069700
19773,3435700
