idx,delta_ns
0,3348100
1,2333900
2,2026700
3,2200000
4,2167100
5,2668000
6,2211600
7,2425800
8,2920500
9,2415600
10,1931600
11,1746000
12,2095300
13,2168800
14,2317900
15,2275600
16,2930000
17,3581000
18,2589100
19,2121700
20,1931700
21,2069700
22,2294800
23,2197000
24,2256200
25,2594900
26,2354000
27,2234600
28,2134000
29,3151700
30,3323600
31,2250900
32,2317400
33,2132100
34,2169100
35,2253000
36,2838300
37,2638500
38,2877200
39,2570200
40,2251900
41,2520600
42,2095500
43,2184800
44,2920100
45,2213300
46,2169000
47,2625000
48,2620200
49,2817200
50,2149900
51,2205300
52,1962200
53,2120800
54,2043800
55,2219900
56,2254400
57,2664600
58,2849200
59,2423200
60,2820200
61,2858900
62,2740400
63,2373100
64,2094700
65,1990200
66,2177000
67,2193500
68,2440800
69,2512300
70,2830600
71,3698200
72,3365200
73,2401000
74,2676900
75,2688700
76,5761400
77,5840700
78,5190600
79,3963600
80,3021800
81,2933200
82,3362500
83,2577700
84,2392000
85,2281200
86,2040600
87,2018600
88,2019000
89,2350900
90,3380100
91,2277800
92,2030500
93,1847600
94,2030100
95,1759000
96,1881500
97,2239200
98,2206400
99,2565800
100,1902600
101,1679900
102,1636400
103,1667400
104,1704400
105,1876200
106,2090900
107,1913600
108,2371900
109,2895200
110,3128700
111,2112700
112,1700900
113,1830600
114,1874700
115,1956500
116,2195100
117,2275500
118,1967100
119,1931600
120,2363000
121,2275400
122,2769900
123,4104200
124,2893900
125,2512800
126,2147200
127,2091900
128,1890600
129,1977100
130,2295300
131,2094200
132,2312100
133,1911500
134,1745200
135,1729500
136,1778600
137,1745700
138,1893600
139,1936900
140,1992400
141,2186400
142,2468400
143,3201300
144,1942500
145,1779200
146,1927400
147,1943600
148,2124800
149,2578400
150,2570600
151,2228200
152,2117500
153,2007000
154,2162900
155,2541100
156,3019700
157,2178800
158,2044400
159,1800600
160,2080600
161,2298400
162,2159400
163,2049000
164,1790000
165,1930800
166,2496500
167,1709900
168,1781000
169,1847000
170,2335800
171,1877800
172,1847100
173,1864500
174,2446300
175,2736200
176,2020000
177,1957900
178,1860500
179,1739400
180,1987000
181,1892500
182,1880900
183,1889300
184,2241100
185,1943300
186,2603700
187,2027700
188,1952400
189,2389800
190,2763200
191,1931900
192,1801100
193,1998800
194,1797500
195,2009300
196,1850100
197,1922000
198,1962500
199,2291500
200,2561000
201,2029000
202,1890800
203,1753200
204,1815600
205,1866700
206,1857200
207,1976700
208,1838200
209,2301600
210,3445300
211,2074300
212,1782600
213,1716800
214,1929800
215,1864100
216,1984400
217,2091800
218,2540400
219,1989900
220,1969300
221,2086000
222,2305100
223,2964200
224,2397800
225,2024000
226,1838300
227,1921900
228,1898400
229,1718900
230,1962100
231,2018800
232,2103400
233,2469000
234,1952400
235,1793000
236,1926800
237,1884700
238,1900300
239,1958200
240,1913800
241,2251500
242,3289400
243,2216900
244,1756200
245,1694600
246,1881300
247,1724200
248,1980900
249,1862700
250,2033200
251,2074900
252,1988900
253,1979200
254,2014300
255,2226900
256,2172400
257,2597600
258,3017500
259,2084400
260,1799500
261,2042700
262,1969800
263,1787700
264,1930600
265,1921300
266,2485800
267,2521400
268,1870800
269,1775600
270,1819400
271,2031500
272,1781400
273,1850300
274,2115600
275,2417100
276,3093200
277,2297300
278,1949200
279,1859300
280,2189200
281,2036400
282,2265200
283,2066400
284,2211900
285,1882800
286,1966100
287,24113400
288,2446300
289,1847200
290,1718400
291,2027400
292,1835100
293,1857900
294,1922600
295,2143600
296,2859100
297,2499500
298,1978600
299,1723800
300,1652700
301,1655500
302,1938500
303,1849000
304,2324700
305,2237800
306,2301900
307,2142900
308,2217100
309,2087200
310,2110200
311,3415500
312,3126700
313,2088800
314,1887400
315,1744200
316,1830400
317,1954000
318,2323400
319,2202000
320,2204600
321,2351000
322,3153200
323,2334100
324,1936800
325,2046000
326,2317400
327,1866000
328,1877700
329,2017600
330,2088800
331,2836300
332,2308500
333,1821000
334,1941200
335,2041200
336,1850600
337,1824900
338,1997600
339,2383200
340,2077800
341,1999900
342,2049700
343,2028100
344,2419700
345,2754100
346,2017300
347,1919500
348,1765600
349,2024400
350,2145100
351,1921100
352,2114000
353,2017700
354,2378300
355,1890100
356,1658300
357,1639400
358,2120200
359,1991400
360,1778600
361,1906800
362,2042500
363,2366500
364,2917700
365,1932700
366,2141500
367,1900400
368,1989400
369,1966100
370,1903700
371,2035000
372,2234800
373,2038800
374,2159100
375,2043700
376,2206700
377,2791400
378,2810700
379,1987900
380,1893900
381,1935100
382,2069900
383,1920700
384,1952900
385,1983300
386,2097200
387,2328600
388,1817100
389,1726700
390,2336800
391,2195800
392,1891000
393,1864300
394,2056900
395,2132000
396,2857700
397,2131700
398,1880500
399,1782700
400,2114000
401,1939300
402,1917800
403,1961300
404,2101700
405,1939300
406,2262500
407,2109700
408,2410600
409,2913900
410,2426400
411,1965600
412,1762200
413,1850400
414,2022300
415,1792400
416,2322900
417,2686900
418,2607700
419,2433200
420,2034000
421,2160600
422,2685500
423,2128600
424,1916200
425,1989400
426,2085300
427,2345400
428,2963900
429,2027500
430,1887800
431,1677200
432,1640400
433,1925700
434,1821900
435,1879000
436,1941000
437,2263600
438,2335100
439,2070300
440,1995200
441,1893700
442,2544000
443,2607100
444,2495000
445,2108500
446,1879000
447,1814900
448,1898700
449,1885700
450,1967200
451,2003000
452,2629400
453,2075800
454,1674100
455,1810700
456,1937600
457,1860200
458,1860700
459,2024000
460,2073100
461,3647200
462,2244500
463,1684700
464,1778900
465,1903400
466,1808100
467,2024500
468,2029400
469,2336300
470,2076800
471,2144900
472,2165500
473,2373800
474,3064300
475,2270500
476,2086000
477,1862000
478,1993200
479,1816500
480,1995800
481,2230700
482,2780900
483,3340000
484,2472800
485,1900000
486,1788800
487,2127600
488,2214600
489,2047500
490,2362800
491,2827100
492,2536000
493,3316200
494,2052800
495,1836400
496,1638300
497,1946500
498,2209300
499,2055100
500,1919700
501,1980900
502,2103800
503,2050000
504,2180500
505,1986300
506,2499900
507,3245900
508,2300000
509,1917700
510,1779600
511,1886100
512,1870700
513,1904000
514,1922100
515,1969800
516,2087500
517,2473900
518,1921600
519,1795000
520,1707400
521,1965900
522,1841000
523,2137300
524,2034800
525,2076300
526,2519800
527,3113600
528,1912900
529,1627500
530,1752900
531,1999300
532,1836200
533,2020100
534,1934400
535,2047200
536,1982500
537,2066300
538,2014100
539,2489900
540,2751800
541,2522400
542,2217800
543,1715700
544,1822500
545,1770200
546,1940600
547,2434200
548,2143200
549,2182300
550,2465900
551,1762100
552,1646600
553,1691300
554,1684900
555,1880400
556,2086000
557,1790500
558,2161600
559,1939300
560,1964600
561,2673300
562,2366300
563,2114200
564,1725100
565,2196800
566,1811800
567,1848200
568,1892200
569,1959500
570,2038900
571,2579600
572,2185100
573,2132500
574,2478400
575,2780700
576,1994900
577,1847400
578,1879900
579,2161000
580,2049300
581,1941000
582,1974400
583,1929900
584,2222700
585,2088700
586,1729500
587,1993300
588,2288500
589,2102800
590,1885600
591,1914500
592,1934300
593,2186700
594,2899100
595,2314600
596,2249700
597,1839600
598,2697200
599,2241100
600,2134000
601,2091900
602,2638200
603,2395300
604,2260000
605,2053000
606,2048400
607,2759500
608,2343000
609,2230200
610,1849600
611,1931700
612,1870100
613,1897900
614,1867500
615,1892000
616,2077100
617,2997300
618,2423200
619,1836400
620,1969700
621,1926700
622,1918000
623,2069700
624,2271300
625,3049100
626,2846300
627,1992400
628,1886300
629,1716000
630,2087200
631,2050200
632,2076100
633,2241100
634,2289200
635,2026700
636,1964600
637,2028500
638,1933100
639,2583200
640,3166900
641,2126300
642,1751300
643,1879800
644,1890300
645,1882000
646,2030400
647,2110200
648,2326700
649,2793600
650,1751100
651,1706000
652,1871800
653,1993600
654,1913200
655,2027600
656,1894600
657,2351000
658,3015000
659,2012400
660,1825400
661,1829300
662,1755100
663,2032000
664,1819600
665,2232400
666,1983500
667,1967300
668,2052000
669,2078900
670,1936200
671,1878400
672,2463300
673,3304300
674,2164200
675,1949400
676,1849400
677,2426000
678,1947700
679,1854700
680,2024300
681,2333900
682,2532400
683,1858000
684,1853700
685,1725800
686,1888600
687,1788400
688,1814400
689,2089900
690,1896700
691,2308500
692,3028400
693,2175400
694,1751200
695,1698300
696,1980600
697,2026600
698,1931200
699,2210300
700,2523600
701,2083300
702,2082100
703,1995400
704,1971600
705,2976100
706,2974000
707,1992800
708,1718000
709,1752700
710,1635200
711,1844800
712,2060100
713,2157500
714,2072100
715,2170800
716,2021100
717,2258100
718,1761500
719,1668800
720,1609900
721,2290500
722,2241700
723,2188000
724,1986800
725,2389300
726,2832100
727,2173700
728,1798200
729,1989100
730,2245900
731,1777100
732,1939900
733,1849500
734,2233300
735,1977100
736,2292600
737,2533300
738,2409700
739,2591100
740,2505200
741,1956800
742,1688100
743,1675800
744,2105900
745,2608000
746,2188400
747,2105800
748,1957600
749,2265000
750,2064700
751,2122800
752,2153900
753,1835100
754,1943000
755,1930500
756,1862700
757,2021700
758,2222000
759,2375100
760,3343000
761,1948400
762,1746300
763,1849900
764,1897000
765,1886600
766,1825500
767,2043100
768,2307100
769,2168300
770,2068500
771,1937100
772,2506900
773,2724600
774,2648100
775,2237000
776,1957700
777,1912800
778,1911500
779,2007700
780,2012900
781,2048500
782,2397600
783,2176900
784,2014700
785,1765400
786,1866400
787,1918500
788,1901900
789,2030200
790,2265300
791,3019100
792,2420700
793,1919900
794,1844500
795,1828200
796,2027000
797,1997900
798,2076400
799,2222500
800,2119400
801,1996600
802,2086100
803,2492100
804,2845000
805,1948400
806,1820700
807,1832900
808,1706500
809,1786300
810,1897200
811,1918100
812,2221600
813,2399600
814,2303500
815,2251400
816,2012400
817,1751400
818,1825600
819,1855700
820,1964300
821,1890600
822,2066500
823,2623400
824,2711000
825,1829600
826,1703400
827,1870000
828,1893700
829,1899500
830,2067800
831,1961000
832,2381400
833,2043300
834,1973600
835,2222900
836,2735500
837,2714400
838,2181000
839,1918300
840,1755000
841,1939900
842,2167400
843,1937300
844,2026800
845,2070400
846,2383200
847,1735700
848,1888000
849,1684800
850,1844600
851,1924400
852,1861300
853,1918100
854,1938400
855,2028200
856,2734700
857,3010300
858,2002400
859,1760300
860,1884600
861,1834600
862,1831900
863,1880800
864,2579500
865,2275300
866,2116700
867,1972800
868,1970600
869,2136000
870,2790200
871,2481100
872,2281400
873,1706300
874,1874100
875,2005000
876,1827900
877,1979000
878,2024500
879,2291800
880,2451800
881,1800100
882,1685300
883,1955800
884,1864100
885,1892700
886,1975700
887,2206400
888,3136000
889,2192700
890,1809500
891,1821900
892,1883700
893,1859600
894,1953200
895,2293700
896,3056800
897,2188500
898,2245400
899,2237600
900,2505100
901,3604500
902,2495000
903,1961700
904,1946000
905,2287500
906,2250100
907,2204100
908,2496300
909,2505400
910,2529500
911,2649300
912,1891000
913,1811600
914,1635100
915,2329700
916,2013400
917,1845900
918,2198900
919,2273000
920,2717600
921,2273100
922,1736300
923,1781600
924,2021500
925,2102000
926,2172300
927,2018300
928,2249500
929,1935500
930,2141900
931,2028300
932,1921600
933,2829000
934,2960400
935,2009500
936,1699000
937,1823400
938,2005500
939,2056000
940,1863500
941,2283900
942,2470500
943,2571600
944,1871700
945,1848500
946,1788900
947,1912200
948,1908700
949,2219700
950,2019900
951,2269700
952,2383400
953,3184800
954,2317000
955,1907700
956,2299900
957,2509400
958,2197900
959,2293500
960,2560800
961,2337400
962,2438400
963,2473200
964,2390400
965,2529200
966,4297100
967,2365300
968,2062900
969,1860900
970,2156700
971,2006800
972,1941300
973,2128300
974,2218000
975,2466800
976,1861600
977,1720100
978,2022200
979,2119700
980,2152400
981,1797600
982,1948900
983,2012000
984,2426900
985,3043800
986,2251700
987,2264800
988,2425200
989,2202100
990,2288200
991,2220200
992,2250100
993,3023000
994,2248300
995,1993000
996,2203000
997,3012700
998,2153800
999,1882700
1000,1883000
1001,2129100
1002,1958700
1003,1798900
1004,1947900
1005,2037200
1006,2039000
1007,2417400
1008,2121400
1009,1775000
1010,1744000
1011,1959800
1012,1873700
1013,1809300
1014,1952800
1015,1987800
1016,3008200
1017,2983500
1018,1906300
1019,1707900
1020,1791300
1021,1918600
1022,1821700
1023,1852700
1024,2408100
1025,2165800
1026,2042400
1027,1913900
1028,2017300
1029,2377800
1030,3137400
1031,2350800
1032,2252200
1033,1815000
1034,1928300
1035,1755800
1036,1842200
1037,1968700
1038,2151200
1039,2270200
1040,2647000
1041,1857100
1042,1726200
1043,1872300
1044,1861300
1045,1805300
1046,1860500
1047,2205800
1048,2742700
1049,3359100
1050,2032700
1051,1744700
1052,1904400
1053,1934100
1054,2600600
1055,2014000
1056,2417700
1057,2014500
1058,1964400
1059,1915300
1060,2212900
1061,2904200
1062,2672500
1063,2142300
1064,1878000
1065,1812600
1066,2001900
1067,1708000
1068,2208000
1069,1985600
1070,1955000
1071,2665200
1072,2829800
1073,2055500
1074,2133100
1075,2657000
1076,2705500
1077,2567000
1078,3502100
1079,3457400
1080,2388100
1081,2092500
1082,1824300
1083,1880500
1084,1823300
1085,2163600
1086,1989500
1087,2021900
1088,2096700
1089,2567300
1090,2475700
1091,2899600
1092,3375000
1093,2312200
1094,1956800
1095,1868100
1096,2139100
1097,1880900
1098,1929400
1099,2065700
1100,2755300
1101,2608100
1102,2043400
1103,1880500
1104,1724400
1105,1993900
1106,1825200
1107,2021900
1108,2088500
1109,2193100
1110,2561700
1111,2493800
1112,1871600
1113,1712200
1114,1711500
1115,1760700
1116,2207600
1117,1968200
1118,2129100
1119,2112800
1120,1939600
1121,2068100
1122,2093600
1123,2035000
1124,3659000
1125,2400500
1126,1948900
1127,1737000
1128,1931800
1129,1837000
1130,1841300
1131,1927300
1132,2337900
1133,2107600
1134,2514900
1135,1859600
1136,1807900
1137,1863800
1138,2029500
1139,2071600
1140,2168800
1141,2078500
1142,2144600
1143,2765000
1144,2119300
1145,1736100
1146,1723800
1147,1864800
1148,2436800
1149,2018700
1150,2077300
1151,2180500
1152,1999200
1153,1961600
1154,1962800
1155,2113500
1156,2816300
1157,2964300
1158,2046100
1159,2005100
1160,1971500
1161,2378400
1162,2289800
1163,2919700
1164,2573700
1165,2453800
1166,2544600
1167,1937600
1168,1758800
1169,1754900
1170,2263700
1171,2072100
1172,1808800
1173,1858300
1174,1968000
1175,2345100
1176,2581400
1177,2317800
1178,2084700
1179,1920700
1180,1823800
1181,1849000
1182,1937100
1183,2169700
1184,2024800
1185,2145500
1186,2378800
1187,2002300
1188,2487500
1189,2760800
1190,2021100
1191,1811900
1192,2045700
1193,2805700
1194,3488700
1195,2961300
1196,2619400
1197,2608800
1198,3001200
1199,2309400
1200,2027900
1201,2232800
1202,2153000
1203,2057900
1204,2372900
1205,2590900
1206,2833000
1207,2868600
1208,2292900
1209,1910000
1210,2159800
1211,2464500
1212,2704500
1213,2738300
1214,2621000
1215,2293200
1216,2219900
1217,2309300
1218,2387300
1219,2867300
1220,3469400
1221,2283200
1222,2040200
1223,2198100
1224,1976200
1225,1928800
1226,1938200
1227,2113800
1228,2082300
1229,2458800
1230,1741800
1231,1820800
1232,1631400
1233,1815500
1234,1865200
1235,1890100
1236,2001400
1237,1997000
1238,2003800
1239,2291700
1240,3243000
1241,2285100
1242,2081700
1243,2141700
1244,2421500
1245,2165600
1246,2480000
1247,2176000
1248,2280500
1249,2280200
1250,1984200
1251,2243100
1252,2426400
1253,3009600
1254,2548100
1255,2010100
1256,1775100
1257,1974700
1258,2030900
1259,1812300
1260,2089400
1261,2114100
1262,2087600
1263,2542800
1264,1834500
1265,1760700
1266,2123800
1267,1892700
1268,1996000
1269,1828600
1270,1945300
1271,2276900
1272,2746000
1273,2106700
1274,2022800
1275,1946700
1276,1817000
1277,1948800
1278,1971700
1279,1861900
1280,1921300
1281,2078400
1282,2058300
1283,2262600
1284,2047400
1285,1989700
1286,2310000
1287,2870400
1288,2093100
1289,1770100
1290,1782800
1291,2167900
1292,2074700
1293,1840400
1294,1992200
1295,2055500
1296,2062800
1297,2542500
1298,2256900
1299,2046400
1300,1928600
1301,2006700
1302,1907800
1303,1945600
1304,1936500
1305,2036200
1306,3431600
1307,2709900
1308,2208700
1309,2460400
1310,2757300
1311,2303800
1312,2528000
1313,2918900
1314,2441300
1315,2321900
1316,2188300
1317,2653400
1318,3558900
1319,2522900
1320,1981200
1321,2096600
1322,2095400
1323,2080600
1324,2421500
1325,3193400
1326,3091400
1327,3092000
1328,2320700
1329,2496400
1330,2682300
1331,2796700
1332,3353900
1333,3153500
1334,3212500
1335,2378400
1336,1866200
1337,1887500
1338,1901800
1339,2151300
1340,2055300
1341,2328500
1342,2318000
1343,2471700
1344,2282100
1345,1993100
1346,2838600
1347,3414300
1348,2486000
1349,1828700
1350,1854000
1351,1986200
1352,1767000
1353,1819300
1354,2203600
1355,2399800
1356,2636800
1357,1846200
1358,1705400
1359,1655900
1360,1794100
1361,1898300
1362,2201100
1363,2048100
1364,2047300
1365,2208400
1366,3175300
1367,2133200
1368,1760600
1369,1661600
1370,2053300
1371,1894000
1372,1896200
1373,2211800
1374,2136400
1375,1947900
1376,2046400
1377,1944700
1378,2186100
1379,2470900
1380,2990300
1381,2046200
1382,1869200
1383,1679000
1384,2066400
1385,1879500
1386,2104300
1387,2093500
1388,2109100
1389,2504000
1390,1796200
1391,1674700
1392,1701900
1393,1906000
1394,2156300
1395,1954000
1396,1919000
1397,2213900
1398,2118300
1399,2839300
1400,2113400
1401,1689500
1402,2232300
1403,2181600
1404,2135400
1405,2032900
1406,2530500
1407,2660800
1408,2289700
1409,2697600
1410,2686000
1411,2612800
1412,2956700
1413,2881100
1414,1974800
1415,1932800
1416,2327000
1417,3394700
1418,2978000
1419,3378800
1420,3156500
1421,3613000
1422,3995600
1423,2411800
1424,2149700
1425,2355900
1426,2622200
1427,3072100
1428,2773000
1429,3108200
1430,3756800
1431,2506100
1432,2452700
1433,2786100
1434,2470900
1435,2378100
1436,2601900
1437,2406200
1438,2215900
1439,2275200
1440,2265400
1441,2093600
1442,2648600
1443,3161800
1444,2214500
1445,2344200
1446,2206700
1447,2337600
1448,2062900
1449,1977400
1450,2211200
1451,2210700
1452,2707300
1453,2021100
1454,2024200
1455,1890400
1456,2073800
1457,2002700
1458,1889300
1459,1913700
1460,2257800
1461,2788600
1462,3148400
1463,2030000
1464,1824700
1465,1847000
1466,1812700
1467,2058400
1468,2089600
1469,2217300
1470,2461600
1471,2341800
1472,2157500
1473,2073800
1474,2132100
1475,2275100
1476,3145300
1477,3136100
1478,2236200
1479,1873800
1480,2387400
1481,2094000
1482,1973200
1483,2097600
1484,2635800
1485,2554100
1486,2299100
1487,1994100
1488,1799800
1489,2053600
1490,1940800
1491,1832500
1492,2480700
1493,2257100
1494,2279300
1495,3260400
1496,2198800
1497,2012800
1498,1951300
1499,2801800
1500,2701900
1501,2577100
1502,2435200
1503,2369000
1504,2169500
1505,2236300
1506,2642200
1507,2347500
1508,2990400
1509,2778200
1510,2066300
1511,1804200
1512,1843500
1513,1904000
1514,2521500
1515,2813800
1516,2189700
1517,2289500
1518,2610000
1519,1966500
1520,1929000
1521,1911000
1522,1959100
1523,2143800
1524,1976300
1525,2027500
1526,2284800
1527,2600900
1528,3653100
1529,2431400
1530,3017900
1531,2517300
1532,2679300
1533,3149600
1534,3756000
1535,4100300
1536,3871100
1537,3866100
1538,5130600
1539,3090900
1540,2181500
1541,2134300
1542,2132600
1543,2537500
1544,2744800
1545,2277700
1546,2307400
1547,2474000
1548,2488400
1549,1927200
1550,2056700
1551,2429200
1552,2130000
1553,2090500
1554,2151500
1555,2243100
1556,2801300
1557,2627100
1558,2188300
1559,1980100
1560,2133300
1561,2173300
1562,2087200
1563,2112200
1564,2345200
1565,2159700
1566,2391500
1567,2010400
1568,2478000
1569,2759900
1570,2081500
1571,1900500
1572,1888300
1573,1968300
1574,2121600
1575,1976900
1576,2018400
1577,1878700
1578,2263400
1579,2421500
1580,2073100
1581,2147900
1582,2272400
1583,2182800
1584,2383900
1585,2122000
1586,2669400
1587,2864000
1588,3138600
1589,1874100
1590,1739400
1591,1702000
1592,1869000
1593,1869400
1594,1840800
1595,2061500
1596,2082000
1597,2195600
1598,2208100
1599,2033300
1600,2280000
1601,2867000
1602,2512700
1603,1878900
1604,2096900
1605,1825700
1606,1909800
1607,1875400
1608,2179700
1609,2062300
1610,2280400
1611,2099600
1612,1955200
1613,2018700
1614,1907600
1615,1857100
1616,2117900
1617,1999200
1618,2135800
1619,2611300
1620,2825400
1621,1984300
1622,1927800
1623,1987000
1624,2222800
1625,2014700
1626,2086400
1627,2097600
1628,2221400
1629,2039000
1630,2059300
1631,2664100
1632,3647700
1633,3037800
1634,2834400
1635,2369600
1636,2397800
1637,2255800
1638,2285400
1639,2367900
1640,2539400
1641,2504500
1642,1908300
1643,2168800
1644,2108600
1645,2260200
1646,2286600
1647,2390700
1648,3149600
1649,3453900
1650,2684700
1651,2448000
1652,2493900
1653,2197800
1654,2039000
1655,2377800
1656,2404200
1657,2106000
1658,2134100
1659,2105700
1660,2762100
1661,2505400
1662,2810800
1663,2124800
1664,2217000
1665,2355000
1666,2352100
1667,2314200
1668,2341200
1669,3270500
1670,2217800
1671,1903500
1672,1959300
1673,1752700
1674,2013800
1675,1956400
1676,2035500
1677,2615200
1678,2488700
1679,2447900
1680,1794400
1681,1867300
1682,1807300
1683,2006300
1684,2310000
1685,2419300
1686,2253300
1687,2089200
1688,2096400
1689,2156300
1690,2594400
1691,2620100
1692,2775600
1693,1832600
1694,1772200
1695,1855700
1696,1815200
1697,2015000
1698,2025900
1699,2203800
1700,2696700
1701,1903300
1702,2002800
1703,1622800
1704,1777800
1705,1727900
1706,1828800
1707,2076700
1708,2507400
1709,2962000
1710,2260600
1711,2429600
1712,1766100
1713,1823200
1714,1900300
1715,1958100
1716,2142100
1717,2158800
1718,2075000
1719,1965200
1720,1916200
1721,2114400
1722,2396000
1723,2729700
1724,2605300
1725,2097200
1726,1807300
1727,1780200
1728,1756500
1729,2172100
1730,1995000
1731,1978700
1732,2467900
1733,1904400
1734,2020600
1735,1811600
1736,2056400
1737,2026600
1738,2001500
1739,2046200
1740,2813300
1741,2684500
1742,1994800
1743,2769100
1744,2782000
1745,2764900
1746,3426000
1747,3681000
1748,3235500
1749,2656500
1750,2530700
1751,2948600
1752,3342600
1753,2872500
1754,2813400
1755,2034100
1756,2113200
1757,2189300
1758,2560000
1759,2345000
1760,2322100
1761,2739300
1762,2063900
1763,2073100
1764,1968000
1765,2169300
1766,2483600
1767,2277000
1768,2283500
1769,2704200
1770,2575800
1771,2165200
1772,2565900
1773,1976000
1774,2182000
1775,2508800
1776,2300000
1777,2176800
1778,2370900
1779,2398500
1780,2937700
1781,3053000
1782,2579000
1783,2111800
1784,2354600
1785,2266000
1786,2084900
1787,1911700
1788,1980500
1789,1942100
1790,1892700
1791,2162100
1792,1849300
1793,1827500
1794,2015000
1795,2120300
1796,1881500
1797,1868600
1798,1894700
1799,1901400
1800,1936200
1801,2641000
1802,2135300
1803,2959000
1804,2160200
1805,1843100
1806,1868600
1807,2008900
1808,1993100
1809,1922700
1810,2190000
1811,2424400
1812,2069400
1813,2499600
1814,2193400
1815,2161300
1816,2218900
1817,2535600
1818,2273400
1819,1990500
1820,1965500
1821,2101500
1822,2364800
1823,1880800
1824,1829100
1825,2010600
1826,2779100
1827,2265600
1828,2123700
1829,2172400
1830,2427100
1831,2541500
1832,2837600
1833,2584400
1834,2047400
1835,2491400
1836,2105800
1837,2099400
1838,2123100
1839,2506100
1840,2523500
1841,2365600
1842,2518900
1843,2563200
1844,2615400
1845,2955700
1846,3233900
1847,2776900
1848,3224800
1849,2574600
1850,2707600
1851,2381400
1852,2627700
1853,2750000
1854,2202300
1855,2254500
1856,2519200
1857,3007900
1858,2121200
1859,2076000
1860,2326100
1861,2785300
1862,3076300
1863,2414900
1864,1869900
1865,1950300
1866,3072000
1867,1949900
1868,2014100
1869,2049900
1870,2139900
1871,1936200
1872,2016500
1873,1992300
1874,2189300
1875,2496100
1876,2408800
1877,2165400
1878,2101400
1879,2476900
1880,2432100
1881,1994000
1882,2060600
1883,2182100
1884,2079100
1885,2140000
1886,1912400
1887,2077900
1888,2081100
1889,2158100
1890,1913200
1891,1952600
1892,2084900
1893,2162800
1894,2849800
1895,1882800
1896,1857900
1897,2312600
1898,2493100
1899,1909500
1900,1860000
1901,1980700
1902,2109100
1903,1889000
1904,2056800
1905,2382600
1906,2395000
1907,2764300
1908,1996000
1909,1904000
1910,2052300
1911,2675500
1912,2643700
1913,2482600
1914,2492200
1915,2382700
1916,2692500
1917,2363600
1918,2090300
1919,2708800
1920,2414800
1921,1780400
1922,1817900
1923,1959700
1924,1946800
1925,2473500
1926,1931500
1927,2429500
1928,2609200
1929,2319300
1930,1868800
1931,1778000
1932,1851100
1933,2069900
1934,2074000
1935,2551100
1936,2148800
1937,2171200
1938,2643300
1939,1849500
1940,1834300
1941,1949800
1942,2830400
1943,2632200
1944,1829800
1945,1857900
1946,1789300
1947,1891600
1948,2113200
1949,2111500
1950,2110600
1951,2165000
1952,2259400
1953,1887700
1954,1948100
1955,1894500
1956,2246000
1957,2671700
1958,2108400
1959,2091400
1960,1855900
1961,1982700
1962,2354400
1963,1769200
1964,2043200
1965,1977800
1966,2585100
1967,2085000
1968,1967300
1969,2025600
1970,2451000
1971,2675900
1972,1949000
1973,1804900
1974,2222300
1975,2448500
1976,2120300
1977,1867900
1978,1821900
1979,2741200
1980,2652400
1981,2894300
1982,2334500
1983,2071400
1984,2194200
1985,2534900
1986,2295200
1987,2490400
1988,2800500
1989,3151400
1990,2659900
1991,2208600
1992,2250500
1993,2597900
1994,2808200
1995,2448300
1996,2313400
1997,2616800
1998,2475300
1999,2525200
2000,2527100
2001,2993600
2002,2336000
2003,2100200
2004,2048000
2005,2678000
2006,2385400
2007,1821800
2008,1975500
2009,2428000
2010,2262100
2011,1965700
2012,1830800
2013,1881700
2014,1918300
2015,2177000
2016,1992700
2017,2069300
2018,1906900
2019,2706600
2020,2924200
2021,1906300
2022,1897300
2023,2229700
2024,2965000
2025,2198000
2026,1967600
2027,1983500
2028,1956000
2029,1968800
2030,1888700
2031,2062300
2032,2653300
2033,2961800
2034,2104300
2035,1918500
2036,1871100
2037,2646500
2038,2456700
2039,2193200
2040,2106600
2041,2161800
2042,2226400
2043,1801400
2044,1844600
2045,1968900
2046,2019000
2047,2363600
2048,2512800
2049,3310900
2050,3203700
2051,2662500
2052,1835700
2053,2091800
2054,2856300
2055,3726100
2056,2869100
2057,2149400
2058,1950500
2059,2021000
2060,2502800
2061,2148400
2062,2117200
2063,2571600
2064,2491400
2065,1912300
2066,1868000
2067,3278200
2068,2369600
2069,1922300
2070,1817600
2071,1829900
2072,2002600
2073,2212300
2074,2151800
2075,2412100
2076,2564600
2077,2915200
2078,2088600
2079,1975500
2080,1989500
2081,2957300
2082,3169800
2083,2211800
2084,2079300
2085,2125200
2086,3140500
2087,2682100
2088,2861600
2089,3495800
2090,2857000
2091,3018400
2092,2848500
2093,2510800
2094,3037700
2095,2983900
2096,2420000
2097,2295600
2098,3033500
2099,2529100
2100,2267800
2101,2234600
2102,2325300
2103,2348900
2104,2019900
2105,1900800
2106,1883000
2107,2098700
2108,2221300
2109,1885000
2110,1852600
2111,2173700
2112,2482600
2113,4280700
2114,3071000
2115,2896000
2116,2558900
2117,2150700
2118,2934600
2119,3121100
2120,2493300
2121,2133800
2122,1986500
2123,2426300
2124,2871800
2125,2400700
2126,2030600
2127,2035200
2128,2939300
2129,2344300
2130,2059100
2131,3156700
2132,3153400
2133,2732500
2134,2256800
2135,1911800
2136,2034400
2137,2900200
2138,3024900
2139,2803100
2140,1906100
2141,2027600
2142,2364600
2143,2595300
2144,1969100
2145,2387000
2146,1993400
2147,1768000
2148,1884000
2149,2541100
2150,2554000
2151,3352800
2152,3338300
2153,2422600
2154,2216000
2155,2784400
2156,2715400
2157,2256400
2158,2432100
2159,1861600
2160,1840900
2161,1860900
2162,2228500
2163,2777800
2164,3617200
2165,2916200
2166,2245900
2167,2185100
2168,1814600
2169,2153700
2170,2122500
2171,2019300
2172,2966100
2173,2047700
2174,1902500
2175,2010300
2176,2908100
2177,3522600
2178,4107700
2179,3378800
2180,2890700
2181,2879700
2182,2450800
2183,2551300
2184,3007300
2185,2653600
2186,2516600
2187,2935200
2188,2917600
2189,3640000
2190,3506600
2191,2578000
2192,3331100
2193,4160100
2194,3575000
2195,2850600
2196,2035200
2197,2260600
2198,2374100
2199,2872200
2200,3467100
2201,2295300
2202,1976300
2203,2748700
2204,3314500
2205,3630800
2206,3254700
2207,2281200
2208,2201200
2209,2664000
2210,2996800
2211,3447000
2212,2587400
2213,2514500
2214,2075300
2215,3205900
2216,3526100
2217,2870700
2218,1948700
2219,1966100
2220,2065900
2221,3229600
2222,2841600
2223,2747300
2224,1885300
2225,2306600
2226,1771200
2227,2203100
2228,2903300
2229,2983800
2230,3013400
2231,2604600
2232,1924800
2233,2734900
2234,3338400
2235,2746400
2236,2390100
2237,2161000
2238,2151100
2239,3177400
2240,3426400
2241,3093600
2242,2459900
2243,2702900
2244,2395500
2245,3129100
2246,3232900
2247,2429400
2248,2390500
2249,2128400
2250,3116700
2251,3717700
2252,3248700
2253,2662600
2254,3402100
2255,3073300
2256,2518900
2257,3013600
2258,2944700
2259,3233800
2260,3618800
2261,2644200
2262,2705700
2263,2973800
2264,3356500
2265,4107000
2266,3664900
2267,2979900
2268,2885300
2269,4286300
2270,4519900
2271,3592200
2272,3098200
2273,2943100
2274,3360500
2275,3485100
2276,2946700
2277,2798300
2278,2266400
2279,2079300
2280,2588900
2281,2324800
2282,2024300
2283,1780700
2284,1745600
2285,1817000
2286,1824800
2287,2019800
2288,3919200
2289,4188300
2290,3336300
2291,2258900
2292,1853200
2293,2441700
2294,3707900
2295,3019600
2296,2004200
2297,2194000
2298,1971800
2299,2238900
2300,3730300
2301,3633600
2302,3065600
2303,2466200
2304,2097000
2305,2006200
2306,1948600
2307,2005300
2308,2201700
2309,2348300
2310,2348700
2311,2104500
2312,2230700
2313,2756800
2314,3461100
2315,2276000
2316,1908600
2317,1905600
2318,2272900
2319,3646400
2320,3733800
2321,2369900
2322,1797700
2323,1658500
2324,2318000
2325,2923100
2326,3231700
2327,3289100
2328,2054700
2329,1974500
2330,2032700
2331,2920700
2332,3756000
2333,4055400
2334,2165800
2335,1909800
2336,1943600
2337,2078900
2338,1808600
2339,1913700
2340,2005300
2341,2621800
2342,2508400
2343,2003400
2344,2379600
2345,2577900
2346,2587300
2347,1844500
2348,1977600
2349,2008900
2350,2425000
2351,2675500
2352,2608700
2353,1904400
2354,1702800
2355,2200300
2356,2147100
2357,1888800
2358,2454000
2359,3377600
2360,3141100
2361,2126800
2362,2353800
2363,1971400
2364,2999000
2365,3966000
2366,2819100
2367,2126800
2368,2576700
2369,2375500
2370,2736400
2371,3680500
2372,2943000
2373,2415400
2374,1998800
2375,2018300
2376,2617100
2377,2200800
2378,1931600
2379,2001000
2380,1974200
2381,2337700
2382,3711800
2383,2181500
2384,2962300
2385,3031700
2386,2281500
2387,1914200
2388,2521400
2389,2767100
2390,2883400
2391,2374400
2392,2417100
2393,2185500
2394,3081400
2395,3122400
2396,2032200
2397,2451900
2398,2352000
2399,2186500
2400,1888900
2401,2086600
2402,2384100
2403,2020600
2404,2086400
2405,2402300
2406,1818600
2407,1762400
2408,1645200
2409,2171000
2410,2272100
2411,2030600
2412,1928400
2413,2386100
2414,2990300
2415,2268600
2416,2096200
2417,1988900
2418,2381900
2419,2231700
2420,2232800
2421,2116200
2422,2273500
2423,2320900
2424,2285400
2425,2944300
2426,3045800
2427,3074700
2428,2961700
2429,2655400
2430,2109400
2431,2202200
2432,1931400
2433,1915200
2434,1843000
2435,1991500
2436,2229900
2437,2384700
2438,3438500
2439,2821600
2440,2060100
2441,1988200
2442,2031700
2443,2813300
2444,3592300
2445,3339700
2446,2955400
2447,2253900
2448,2071600
2449,1777200
2450,1849200
2451,2022000
2452,2339600
2453,2235600
2454,2060400
2455,1931800
2456,3109700
2457,3555900
2458,3683900
2459,3077300
2460,2604800
2461,1989700
2462,1889300
2463,1819800
2464,1926700
2465,1980100
2466,2171700
2467,2079800
2468,2645700
2469,3279400
2470,3335300
2471,3340900
2472,2811000
2473,2990300
2474,3316400
2475,3825100
2476,3465700
2477,2811000
2478,2403800
2479,3507400
2480,3535300
2481,3091100
2482,2500000
2483,2327400
2484,2624700
2485,2324600
2486,2154600
2487,2330400
2488,2674500
2489,2138100
2490,2295500
2491,2537900
2492,2185800
2493,2067900
2494,1797600
2495,1847900
2496,1844000
2497,2517500
2498,2628200
2499,2376500
2500,2291300
2501,1731000
2502,1751500
2503,1758700
2504,1838300
2505,2360500
2506,3258500
2507,2502100
2508,1952800
2509,1853700
2510,1680900
2511,1739500
2512,2157200
2513,3300600
2514,2879000
2515,2339500
2516,1694000
2517,1803200
2518,2023000
2519,2595300
2520,2108100
2521,1742700
2522,1723300
2523,1769600
2524,1738700
2525,1791200
2526,1742200
2527,2193200
2528,2850700
2529,2918800
2530,2320800
2531,1671200
2532,1885800
2533,1753700
2534,1774300
2535,2129100
2536,3752900
2537,3259700
2538,2077700
2539,1738400
2540,1613700
2541,1755300
2542,2307500
2543,3435800
2544,2904000
2545,2020200
2546,1748300
2547,1862500
2548,1731300
2549,1947600
2550,2442700
2551,2615000
2552,1789900
2553,1705600
2554,1660600
2555,1737700
2556,1791700
2557,1904300
2558,1835100
2559,2097500
2560,2096800
2561,1827800
2562,1716600
2563,1535600
2564,1611300
2565,1752300
2566,2291600
2567,2836800
2568,2959500
2569,2159400
2570,2265600
2571,1714800
2572,1860000
2573,2267600
2574,2586500
2575,2848200
2576,1935600
2577,1907900
2578,1788300
2579,1962500
2580,2880800
2581,3384100
2582,3897300
2583,2740900
2584,2818200
2585,3149300
2586,3114800
2587,3024100
2588,2313400
2589,2045500
2590,1933400
2591,2327300
2592,3292800
2593,2908700
2594,2725100
2595,2251600
2596,2537900
2597,2750500
2598,3350500
2599,2795800
2600,2291400
2601,2056200
2602,2131900
2603,2737100
2604,4114400
2605,3141500
2606,2674100
2607,1987900
2608,2128700
2609,2222000
2610,2242900
2611,2573700
2612,2139400
2613,2658400
2614,2288500
2615,2075600
2616,2781700
2617,3445000
2618,2963800
2619,2484800
2620,2635000
2621,2363300
2622,3550200
2623,3294800
2624,2333800
2625,1982300
2626,2294100
2627,2062300
2628,1844200
2629,1767100
2630,1745700
2631,1898300
2632,2136700
2633,1924300
2634,2262400
2635,2757800
2636,3419100
2637,3272900
2638,2887100
2639,2496300
2640,3176700
2641,3572100
2642,3320700
2643,2786500
2644,1962200
2645,1893800
2646,2591800
2647,3306300
2648,3347200
2649,2662900
2650,2054800
2651,1952400
2652,2474000
2653,3309600
2654,3345800
2655,2791200
2656,2075400
2657,1981300
2658,2385700
2659,3664000
2660,3410700
2661,3199200
2662,2298600
2663,1914600
2664,1824700
2665,1838000
2666,1745900
2667,1715400
2668,1674400
2669,1619000
2670,1584100
2671,1545300
2672,2074200
2673,1899100
2674,3331000
2675,2475600
2676,1749500
2677,1642300
2678,1578300
2679,1643100
2680,1524900
2681,2141800
2682,2700000
2683,2913900
2684,1719100
2685,1649100
2686,1521900
2687,1612400
2688,1615200
2689,1975400
2690,2591500
2691,2723300
2692,1812100
2693,1540000
2694,1635100
2695,1628900
2696,1544200
2697,1879000
2698,2405000
2699,2658800
2700,2175100
2701,1637600
2702,1537800
2703,1538100
2704,1543100
2705,1847400
2706,1643600
2707,1603800
2708,1664800
2709,1835600
2710,1618600
2711,1701600
2712,1618000
2713,1617600
2714,1635400
2715,2140600
2716,2470000
2717,2187900
2718,1958300
2719,1757500
2720,1655600
2721,1623600
2722,1673700
2723,1634500
2724,1635000
2725,1642600
2726,1659400
2727,1635200
2728,1759500
2729,1643000
2730,1633900
2731,1554600
2732,1587100
2733,2005600
2734,2489000
2735,2140100
2736,1790000
2737,1683200
2738,1723800
2739,1541800
2740,1680400
2741,1629000
2742,1688100
2743,1535600
2744,1634700
2745,1634100
2746,1613500
2747,1836600
2748,1745500
2749,1585000
2750,1829200
2751,2540600
2752,2231100
2753,1973600
2754,1591600
2755,1606900
2756,1786400
2757,1693700
2758,1663400
2759,2394700
2760,2316400
2761,2078700
2762,1596700
2763,1665900
2764,1713400
2765,1899200
2766,1580500
2767,1867100
2768,2581700
2769,2137000
2770,1951300
2771,1594400
2772,1523500
2773,1699600
2774,1636100
2775,1833000
2776,2471400
2777,2319500
2778,2075700
2779,1626400
2780,1532000
2781,1666600
2782,1642800
2783,1720800
2784,1700300
2785,1622900
2786,1568900
2787,1623100
2788,1623200
2789,1556200
2790,1531200
2791,1525400
2792,1594100
2793,1923800
2794,2241500
2795,2436900
2796,2131600
2797,1576000
2798,1614400
2799,1722700
2800,1512000
2801,1632300
2802,1923400
2803,1791300
2804,1612400
2805,1568100
2806,1552200
2807,1516300
2808,1532900
2809,1630000
2810,1498600
2811,1520900
2812,2159300
2813,2739400
2814,2317000
2815,1861500
2816,1621800
2817,1687300
2818,1653200
2819,1517500
2820,1658000
2821,1816000
2822,1625400
2823,1733200
2824,1612100
2825,1644300
2826,1599100
2827,1513600
2828,1566200
2829,1617100
2830,2279900
2831,3024500
2832,2199300
2833,1660700
2834,1523500
2835,1596300
2836,1610200
2837,1479500
2838,1795700
2839,2326600
2840,2098900
2841,1790100
2842,1722200
2843,1642500
2844,1609100
2845,1706700
2846,1623100
2847,2387500
2848,2731900
2849,2323700
2850,1664600
2851,1604000
2852,1678900
2853,1702300
2854,1586600
2855,1727500
2856,1638000
2857,1829100
2858,1884800
2859,1617600
2860,1681800
2861,1571900
2862,1666900
2863,1662500
2864,1805800
2865,1908900
2866,2269800
2867,2114200
2868,2060400
2869,1770100
2870,1628800
2871,1638600
2872,1819100
2873,2404400
2874,2394300
2875,2577800
2876,1835700
2877,1746500
2878,1660000
2879,1515300
2880,1818000
2881,1679000
2882,1649600
2883,1653900
2884,1839100
2885,1708700
2886,1605000
2887,1695100
2888,1609500
2889,1613900
2890,2220000
2891,2452900
2892,2225100
2893,1952000
2894,1717500
2895,1609700
2896,1600100
2897,1659500
2898,1683900
2899,1635400
2900,1582100
2901,1627900
2902,1611900
2903,1879200
2904,1771600
2905,1762300
2906,1674200
2907,1976000
2908,2577400
2909,2162500
2910,1726800
2911,1641500
2912,1940900
2913,1691300
2914,1516600
2915,1718000
2916,1546200
2917,1629300
2918,1634900
2919,1693100
2920,1490800
2921,1578700
2922,1777200
2923,1612400
2924,1579200
2925,1742200
2926,2475700
2927,2057200
2928,1827300
2929,1656700
2930,1633700
2931,1787100
2932,1986800
2933,1828300
2934,1582100
2935,1591300
2936,1567100
2937,1603300
2938,1652800
2939,1677100
2940,1665800
2941,1816500
2942,1802200
2943,1603500
2944,1627000
2945,1528600
2946,1677800
2947,1546400
2948,1544500
2949,1646900
2950,1586000
2951,1867000
2952,2180600
2953,2433300
2954,2148600
2955,1741900
2956,1572600
2957,1628800
2958,1676600
2959,1656600
2960,2122300
2961,3195000
2962,3412600
2963,2897800
2964,1846100
2965,1759500
2966,1746500
2967,2317100
2968,2647200
2969,2425400
2970,2200100
2971,1692000
2972,1754600
2973,1720700
2974,2000100
2975,2188500
2976,1741400
2977,2023000
2978,1787400
2979,1790200
2980,1734900
2981,1767900
2982,1750700
2983,2274000
2984,3278000
2985,2876200
2986,1885600
2987,1576900
2988,1601400
2989,1567000
2990,1783400
2991,2314400
2992,2046100
2993,1777300
2994,1654200
2995,1632800
2996,1634400
2997,1586500
2998,1604600
2999,1793200
3000,2609500
3001,2610400
3002,2066400
3003,1661300
3004,1648300
3005,1588300
3006,1491200
3007,1668400
3008,1600600
3009,1480200
3010,1738500
3011,1681600
3012,1666400
3013,1593500
3014,1555900
3015,1646300
3016,1583700
3017,1751700
3018,2656800
3019,2590000
3020,2294300
3021,1665700
3022,1628800
3023,1625900
3024,1548900
3025,1765500
3026,2318800
3027,2260200
3028,2339000
3029,1728700
3030,1554400
3031,1516500
3032,1612600
3033,1643100
3034,1760800
3035,2487700
3036,2112300
3037,2133500
3038,1671800
3039,1624200
3040,1649900
3041,1623700
3042,1821800
3043,2307000
3044,2274800
3045,2123100
3046,1730800
3047,1637400
3048,1544400
3049,1620000
3050,1574600
3051,1863600
3052,1755600
3053,1725500
3054,1603800
3055,1670100
3056,1943500
3057,1625500
3058,1615900
3059,1623100
3060,1716700
3061,2450500
3062,2164500
3063,1926600
3064,1684100
3065,1791500
3066,1642300
3067,1617900
3068,1534900
3069,1966800
3070,2436000
3071,2215700
3072,1840500
3073,2026800
3074,1882500
3075,1626800
3076,1618500
3077,1746600
3078,2506100
3079,2115900
3080,1876900
3081,1674200
3082,1764200
3083,1874900
3084,1681300
3085,1654100
3086,2302500
3087,2138500
3088,1895100
3089,1639800
3090,1576400
3091,1740600
3092,1758400
3093,1572100
3094,1827300
3095,2588600
3096,2146500
3097,1869900
3098,1680000
3099,1545200
3100,1745500
3101,1658400
3102,1713700
3103,2375000
3104,2520400
3105,2185300
3106,1591700
3107,1648600
3108,1522800
3109,1910700
3110,2063900
3111,1771500
3112,1611400
3113,1601000
3114,1550400
3115,1658800
3116,1642600
3117,1634100
3118,1530900
3119,1637900
3120,2173300
3121,3263000
3122,2578600
3123,2182700
3124,1751000
3125,1860300
3126,1820300
3127,2117400
3128,2623700
3129,2170200
3130,1890300
3131,1672700
3132,1528100
3133,1610300
3134,1563100
3135,1571800
3136,2379200
3137,2408300
3138,2043400
3139,1730300
3140,1636000
3141,1598600
3142,1554400
3143,1601800
3144,1827800
3145,2508800
3146,2321100
3147,2102500
3148,1630400
3149,1570000
3150,1624700
3151,1590100
3152,1549000
3153,1635200
3154,1820200
3155,1595500
3156,1624200
3157,1676700
3158,1622300
3159,1527300
3160,1542200
3161,1580900
3162,1766500
3163,2472100
3164,2752000
3165,2204100
3166,1537100
3167,1640300
3168,1690100
3169,1625000
3170,1803000
3171,1817300
3172,1819300
3173,1734800
3174,1699900
3175,1583200
3176,1705900
3177,1683500
3178,1626700
3179,1622900
3180,2404700
3181,2647600
3182,2681900
3183,1701700
3184,1571600
3185,1533500
3186,1645600
3187,1568900
3188,1736200
3189,1819800
3190,1769900
3191,1792700
3192,1676800
3193,1630800
3194,1647700
3195,1628300
3196,1626900
3197,2152000
3198,2318000
3199,2118500
3200,2099000
3201,1724700
3202,1689900
3203,1633400
3204,1621400
3205,2249300
3206,2452200
3207,2124500
3208,1730800
3209,1609200
3210,1587700
3211,1594000
3212,1698100
3213,1903100
3214,2514100
3215,2567100
3216,1727900
3217,1900600
3218,1667300
3219,1674700
3220,1537900
3221,1935600
3222,2436300
3223,2195400
3224,1977200
3225,1724500
3226,1658600
3227,1607400
3228,1665700
3229,1607800
3230,1764400
3231,1614100
3232,1627600
3233,1640700
3234,1613100
3235,1481200
3236,1830100
3237,1762600
3238,1554600
3239,1863700
3240,2393100
3241,2394900
3242,2315300
3243,1701500
3244,1651500
3245,1672300
3246,1617300
3247,1870600
3248,2538100
3249,2399200
3250,2062500
3251,1684600
3252,1619600
3253,1673000
3254,1724500
3255,1875800
3256,2324200
3257,2156000
3258,1981200
3259,1561800
3260,1591300
3261,1566400
3262,1843100
3263,1763500
3264,1789200
3265,1563500
3266,1670900
3267,1667700
3268,1735900
3269,1661600
3270,1562000
3271,1620100
3272,1748300
3273,1892700
3274,1601400
3275,1722200
3276,1646800
3277,1535600
3278,1583700
3279,1617900
3280,1570100
3281,1605800
3282,1611900
3283,1866900
3284,2546400
3285,2428400
3286,1918400
3287,1618700
3288,1640300
3289,1650600
3290,1594400
3291,2015300
3292,2410800
3293,2369900
3294,1919800
3295,1580500
3296,1623600
3297,1555300
3298,1706000
3299,1596900
3300,2314700
3301,2981100
3302,2297100
3303,1758000
3304,1539600
3305,1630600
3306,1513300
3307,1561700
3308,1716200
3309,1782800
3310,1673500
3311,1638000
3312,1549100
3313,1599600
3314,1639900
3315,1608000
3316,1561700
3317,1566600
3318,2034000
3319,3249500
3320,2363600
3321,1676000
3322,1622300
3323,1583000
3324,1583400
3325,1730500
3326,1595600
3327,1678600
3328,2060200
3329,1704700
3330,1609900
3331,1680200
3332,1664700
3333,1531300
3334,1624200
3335,2057500
3336,2411900
3337,2541300
3338,1913900
3339,1662500
3340,1607800
3341,1525000
3342,1532200
3343,1803300
3344,1659400
3345,1565100
3346,1774200
3347,1691200
3348,1603900
3349,1573200
3350,1588600
3351,1648500
3352,1553900
3353,1813100
3354,1612700
3355,1679400
3356,2268300
3357,1896300
3358,1668600
3359,1643100
3360,1646600
3361,1761000
3362,2273800
3363,2255500
3364,1952200
3365,1895400
3366,1701000
3367,1632600
3368,1526500
3369,1511200
3370,1681100
3371,2404300
3372,2156100
3373,1868300
3374,1988200
3375,1685200
3376,1640600
3377,1523200
3378,1738600
3379,1600500
3380,1630000
3381,1570700
3382,1472200
3383,1649600
3384,1704800
3385,1726600
3386,1577900
3387,1565000
3388,1989700
3389,2299400
3390,1782800
3391,1646800
3392,1684800
3393,1717100
3394,1766800
3395,1725500
3396,1664900
3397,2090000
3398,2597500
3399,2310600
3400,1861300
3401,1664600
3402,1985400
3403,1878800
3404,1746200
3405,2225400
3406,2638900
3407,2295100
3408,1672400
3409,1619500
3410,1549300
3411,1791600
3412,1714100
3413,1842200
3414,2418800
3415,2140900
3416,1940600
3417,1605700
3418,1503900
3419,1604000
3420,2029300
3421,2042600
3422,2050200
3423,2267800
3424,1908000
3425,2061900
3426,1790600
3427,1616600
3428,1855800
3429,1995300
3430,2294500
3431,2282500
3432,2095500
3433,1592900
3434,1513400
3435,1617800
3436,1596300
3437,1989200
3438,1856700
3439,1673200
3440,1614000
3441,1531300
3442,1671400
3443,1566200
3444,1567200
3445,1577400
3446,1606100
3447,2182200
3448,2538600
3449,2383200
3450,2102400
3451,1720500
3452,1631500
3453,1541900
3454,1586200
3455,1667000
3456,2007900
3457,1762500
3458,1595200
3459,1584200
3460,1654600
3461,1630700
3462,1515700
3463,1500100
3464,1627200
3465,1869200
3466,1818500
3467,1621400
3468,1526900
3469,1616800
3470,1582800
3471,1686500
3472,1605000
3473,1623900
3474,1966900
3475,2411400
3476,2651100
3477,2066100
3478,1591300
3479,1599500
3480,1515200
3481,1592500
3482,1537400
3483,2081500
3484,3194500
3485,2718100
3486,1867000
3487,1685400
3488,1621900
3489,1612100
3490,1698700
3491,2069700
3492,2453700
3493,2415200
3494,1714500
3495,1635300
3496,1586500
3497,1609100
3498,1638600
3499,1663200
3500,1642900
3501,1530100
3502,1819600
3503,1615900
3504,1596500
3505,1625900
3506,1595500
3507,1579800
3508,1633400
3509,2019700
3510,3527400
3511,3907900
3512,2590500
3513,1921200
3514,1806600
3515,1934400
3516,1733700
3517,1784300
3518,2232400
3519,1957000
3520,2026000
3521,1789600
3522,1901200
3523,2314100
3524,3117200
3525,2933700
3526,2455400
3527,1890500
3528,1998100
3529,1827600
3530,2496400
3531,3051500
3532,2921400
3533,2306000
3534,1915000
3535,1868900
3536,1921700
3537,2215000
3538,2119500
3539,1831500
3540,1820600
3541,2032600
3542,1839300
3543,1796100
3544,1884000
3545,1735100
3546,1862000
3547,1838500
3548,1757500
3549,1778300
3550,1939500
3551,1752800
3552,1994200
3553,2476000
3554,2655900
3555,2546200
3556,1813300
3557,2057200
3558,2002800
3559,1777700
3560,2452900
3561,2825800
3562,2564000
3563,1888500
3564,1711900
3565,2119800
3566,2002300
3567,1950400
3568,1833200
3569,1680500
3570,1819500
3571,1830700
3572,1698400
3573,1759400
3574,1830200
3575,2111900
3576,1949000
3577,1736600
3578,1777400
3579,1795200
3580,1878600
3581,1783800
3582,1639300
3583,1888600
3584,2249500
3585,2895200
3586,2738300
3587,2283000
3588,1684700
3589,1763600
3590,1702800
3591,2641800
3592,3046100
3593,2559700
3594,2148600
3595,1714600
3596,1806600
3597,1711200
3598,2073800
3599,2994400
3600,2633100
3601,2404800
3602,1782100
3603,1662200
3604,1768500
3605,1831100
3606,2289200
3607,1877700
3608,1835600
3609,1845600
3610,1725000
3611,1724700
3612,1789800
3613,1772800
3614,1803800
3615,2780500
3616,2913400
3617,2476000
3618,1815100
3619,1741300
3620,1762100
3621,1700500
3622,1898600
3623,2282200
3624,1881300
3625,1867700
3626,1793900
3627,1763300
3628,1808800
3629,1713700
3630,1976000
3631,2819900
3632,2923700
3633,2480800
3634,1815700
3635,1782200
3636,1877600
3637,1951600
3638,1860800
3639,1943500
3640,1854800
3641,1823800
3642,1900600
3643,1802200
3644,1791100
3645,1858800
3646,1886700
3647,1815700
3648,3112200
3649,2728800
3650,2150300
3651,1836000
3652,2267600
3653,4161300
3654,4868900
3655,3816700
3656,3326800
3657,3757700
3658,3300800
3659,3352800
3660,3265300
3661,2984200
3662,2993800
3663,2721500
3664,1951800
3665,1639300
3666,1556500
3667,1567100
3668,1588500
3669,2136800
3670,2368900
3671,2151900
3672,1618200
3673,1862200
3674,1651500
3675,1603000
3676,1501700
3677,1832400
3678,2354500
3679,2202000
3680,2026800
3681,1679600
3682,1769300
3683,1713800
3684,1638100
3685,1550600
3686,1707500
3687,1669500
3688,1575000
3689,1498400
3690,1632000
3691,1595600
3692,1600300
3693,1689100
3694,1631800
3695,1825400
3696,2630800
3697,2342600
3698,1882000
3699,1680700
3700,1593500
3701,1711400
3702,1665000
3703,1661400
3704,1684200
3705,1620200
3706,1532000
3707,1620700
3708,1665700
3709,1563200
3710,1572600
3711,1746600
3712,1672200
3713,1663300
3714,1592000
3715,1719500
3716,1672600
3717,1752400
3718,1719700
3719,1647400
3720,1585400
3721,1668300
3722,1840900
3723,2312900
3724,2278700
3725,1987800
3726,1544400
3727,1565000
3728,1543600
3729,1592000
3730,1607600
3731,2088400
3732,2598100
3733,2166600
3734,1780200
3735,1598600
3736,1592000
3737,1599900
3738,2034000
3739,1670100
3740,2514900
3741,2349200
3742,2067400
3743,1690600
3744,1503400
3745,1604300
3746,1596800
3747,1538900
3748,1778200
3749,1709400
3750,1643000
3751,1611000
3752,1727400
3753,1688000
3754,1612500
3755,1536600
3756,1594500
3757,1688300
3758,1899000
3759,1829100
3760,1708200
3761,1632900
3762,1684900
3763,1632800
3764,1600000
3765,1580100
3766,1720200
3767,2392500
3768,2727500
3769,2068300
3770,1777600
3771,1497600
3772,1635600
3773,1642800
3774,1631600
3775,1712000
3776,1628100
3777,1730900
3778,1608000
3779,1634200
3780,1676400
3781,1593200
3782,1599000
3783,1541800
3784,1685600
3785,2381100
3786,2238400
3787,2147900
3788,1700600
3789,1563000
3790,1609100
3791,1608500
3792,1454000
3793,1727100
3794,1611600
3795,1654800
3796,1746600
3797,1924500
3798,1722000
3799,1599800
3800,1595700
3801,1735200
3802,1647100
3803,1653500
3804,1624100
3805,1553400
3806,1795900
3807,1772100
3808,1609500
3809,1585300
3810,1672400
3811,1700800
3812,2320500
3813,2550400
3814,2038900
3815,1772500
3816,1737400
3817,1669500
3818,1542100
3819,1566800
3820,1843900
3821,2466900
3822,2019500
3823,1829700
3824,1871800
3825,1852500
3826,1696900
3827,1606200
3828,1695600
3829,2453600
3830,2124700
3831,1889100
3832,1558500
3833,1771400
3834,1707500
3835,1685100
3836,1549400
3837,1660800
3838,1657000
3839,1635400
3840,1623900
3841,1574700
3842,1646300
3843,1731800
3844,1703300
3845,1639100
3846,1529500
3847,1906000
3848,1721900
3849,1626200
3850,1662400
3851,1563300
3852,1578500
3853,1817000
3854,1832800
3855,1641900
3856,1732900
3857,1611600
3858,1666300
3859,1555400
3860,1556500
3861,1588300
3862,1628600
3863,1717300
3864,1719400
3865,2032800
3866,2535800
3867,2355700
3868,1922900
3869,1677000
3870,1582500
3871,1587400
3872,1896000
3873,1778300
3874,2302200
3875,2205500
3876,2027700
3877,1644900
3878,1715500
3879,1626800
3880,1691200
3881,1758100
3882,1937600
3883,1681000
3884,1689600
3885,1510900
3886,1563200
3887,1524800
3888,1614900
3889,1531900
3890,1530600
3891,2241000
3892,2738500
3893,2256700
3894,1865200
3895,1641200
3896,1599300
3897,1553700
3898,1605000
3899,1602800
3900,1756800
3901,1630000
3902,1587200
3903,1730500
3904,1574400
3905,1602400
3906,1609400
3907,1611500
3908,1616900
3909,1698000
3910,3141800
3911,2444400
3912,1799100
3913,1634100
3914,1723700
3915,1625100
3916,1581100
3917,2019800
3918,3061400
3919,2674300
3920,2300800
3921,1736100
3922,1613000
3923,1664300
3924,1817700
3925,1686300
3926,1868000
3927,1834700
3928,1696600
3929,1745200
3930,1750900
3931,1699200
3932,1635600
3933,2046100
3934,2425700
3935,2405700
3936,2242400
3937,1674600
3938,1696000
3939,1543100
3940,1478200
3941,1703800
3942,1650900
3943,1664000
3944,1563600
3945,1960900
3946,1753500
3947,1644900
3948,1595800
3949,1578200
3950,1629100
3951,1789700
3952,2452200
3953,2176400
3954,2088900
3955,1685700
3956,1652500
3957,1620000
3958,1516100
3959,1605100
3960,2002000
3961,1859300
3962,2254300
3963,2491700
3964,1960700
3965,1760900
3966,1674300
3967,1615800
3968,1781600
3969,1741200
3970,1579100
3971,1689400
3972,1828900
3973,1668800
3974,1620900
3975,1589000
3976,1624700
3977,2459400
3978,2577800
3979,2208300
3980,1631000
3981,1915900
3982,1641600
3983,1547300
3984,1624700
3985,1877200
3986,2643700
3987,2208700
3988,1906100
3989,1810500
3990,1761200
3991,1633900
3992,1598000
3993,1713900
3994,2411300
3995,2197900
3996,1875700
3997,1663900
3998,1619900
3999,1786000
4000,1676900
4001,1763700
4002,1613300
4003,1609700
4004,1595700
4005,1627400
4006,1612100
4007,1662700
4008,1682400
4009,1856800
4010,1681200
4011,1770800
4012,2538500
4013,2169600
4014,1786200
4015,1547000
4016,1572900
4017,1640000
4018,1827300
4019,1858000
4020,2229900
4021,2247600
4022,2121800
4023,1731500
4024,1620800
4025,1646000
4026,1687700
4027,1637900
4028,1687400
4029,2489000
4030,2140300
4031,1848500
4032,1635000
4033,1544900
4034,1513900
4035,1581800
4036,1657600
4037,2361600
4038,2182800
4039,2147200
4040,2110200
4041,2210500
4042,2134300
4043,1858700
4044,2518000
4045,3226300
4046,2710200
4047,2495600
4048,1809500
4049,1825700
4050,1897700
4051,2719800
4052,2683500
4053,2564200
4054,1942600
4055,1845100
4056,1727200
4057,1863700
4058,2711100
4059,3223100
4060,2764400
4061,2074100
4062,1774800
4063,1733000
4064,2018400
4065,2634600
4066,2308800
4067,2032400
4068,1673700
4069,1644100
4070,1593900
4071,1598500
4072,1640700
4073,1676100
4074,1525500
4075,1699700
4076,1719900
4077,1571600
4078,1799700
4079,1616900
4080,1636800
4081,1538100
4082,1841700
4083,2458000
4084,2175900
4085,2103000
4086,1643000
4087,1696600
4088,1614700
4089,1664600
4090,1789600
4091,2175600
4092,2210700
4093,2835000
4094,1752400
4095,1660000
4096,1511800
4097,1566400
4098,1609100
4099,2045900
4100,2405700
4101,2242200
4102,1858800
4103,1733200
4104,1719400
4105,1606900
4106,1588500
4107,1670300
4108,1595700
4109,1571100
4110,1732600
4111,1535900
4112,1783200
4113,1807300
4114,1557500
4115,1650400
4116,1723600
4117,2319900
4118,2391900
4119,2174500
4120,1710700
4121,1805800
4122,1705700
4123,1634800
4124,1636500
4125,2045300
4126,1695100
4127,1599900
4128,1669900
4129,1707700
4130,2001400
4131,1824200
4132,1685800
4133,1759600
4134,2401900
4135,2271400
4136,1932900
4137,1559700
4138,1682700
4139,1762600
4140,1627700
4141,1729400
4142,1704600
4143,1683600
4144,1657200
4145,1572900
4146,1612100
4147,1600100
4148,1550800
4149,1709500
4150,1678900
4151,1569800
4152,1963000
4153,2432500
4154,2133400
4155,1735800
4156,1643300
4157,1530300
4158,1886200
4159,1865300
4160,2354400
4161,2415300
4162,2387200
4163,2348100
4164,2440000
4165,2726900
4166,2522900
4167,3355600
4168,3455900
4169,2464400
4170,1694400
4171,1596200
4172,1845500
4173,2125900
4174,2611400
4175,2097500
4176,1859700
4177,1713800
4178,1670400
4179,1580800
4180,1546500
4181,2146500
4182,2622300
4183,2453900
4184,1998300
4185,1679300
4186,1627200
4187,1605700
4188,1599500
4189,2074000
4190,2994700
4191,2902500
4192,2424400
4193,1796600
4194,1916600
4195,1692100
4196,1635700
4197,2029600
4198,1738700
4199,1680300
4200,1690000
4201,1680500
4202,1676300
4203,1625000
4204,1597900
4205,1549300
4206,1831800
4207,2837200
4208,2381100
4209,1891500
4210,1638600
4211,1663500
4212,1588500
4213,1601800
4214,1720600
4215,2578000
4216,2462500
4217,2004200
4218,1625700
4219,1636400
4220,1701200
4221,1649200
4222,1560900
4223,1785200
4224,2783500
4225,2382400
4226,1804800
4227,1530800
4228,1650300
4229,1506600
4230,1653400
4231,1717200
4232,2426400
4233,2448000
4234,1949900
4235,1679400
4236,1602900
4237,1610000
4238,1637300
4239,1573300
4240,2475500
4241,2767500
4242,2769400
4243,1785700
4244,1623800
4245,1583000
4246,1608000
4247,1620400
4248,1707200
4249,1556700
4250,1768500
4251,1693900
4252,1692700
4253,1645600
4254,1611700
4255,1619800
4256,1648900
4257,1849000
4258,2455600
4259,2144700
4260,1876500
4261,1704500
4262,1626500
4263,1655800
4264,1656000
4265,1721200
4266,1949200
4267,1950100
4268,1715700
4269,1929700
4270,1948200
4271,1686200
4272,1668200
4273,1655700
4274,1678800
4275,2089500
4276,2271700
4277,2400900
4278,1920800
4279,1677800
4280,1616800
4281,1532700
4282,1538400
4283,1731000
4284,1638100
4285,1643300
4286,1577700
4287,1674600
4288,1904600
4289,1725600
4290,1676000
4291,1601400
4292,1710900
4293,1628600
4294,1620000
4295,1578700
4296,1587200
4297,1595300
4298,1724600
4299,1601000
4300,1662400
4301,1712900
4302,2566900
4303,2114100
4304,2065300
4305,1643400
4306,1593500
4307,1866400
4308,1743000
4309,1645900
4310,2407600
4311,2539400
4312,2212200
4313,1672700
4314,1508200
4315,1671700
4316,1646300
4317,1701800
4318,1782700
4319,2520000
4320,2079100
4321,1901700
4322,1720000
4323,1545100
4324,1651000
4325,1694300
4326,1634400
4327,1698800
4328,1659700
4329,1668100
4330,1714400
4331,1597900
4332,1589700
4333,1636700
4334,1648900
4335,2038400
4336,2245400
4337,2406200
4338,2198900
4339,1733300
4340,1745900
4341,1700300
4342,1667100
4343,1753700
4344,1782100
4345,2405700
4346,2043900
4347,1894600
4348,1604400
4349,1538900
4350,1672500
4351,1574700
4352,1619900
4353,2173600
4354,2685200
4355,2241200
4356,1745400
4357,1615100
4358,1654300
4359,1531100
4360,1596400
4361,2045100
4362,1950200
4363,1693800
4364,1703900
4365,1650500
4366,1645000
4367,1606500
4368,1601300
4369,1571700
4370,1614800
4371,1898000
4372,2633700
4373,2293100
4374,1879300
4375,1623200
4376,1652600
4377,1688400
4378,1575800
4379,1582300
4380,2609000
4381,2399900
4382,2106800
4383,1660200
4384,1538600
4385,1600600
4386,1588800
4387,1639200
4388,1962000
4389,2976200
4390,2392500
4391,1911800
4392,1665400
4393,1549600
4394,1547000
4395,1585400
4396,1869700
4397,2510100
4398,2395100
4399,2179500
4400,1658300
4401,1552800
4402,1549800
4403,1556300
4404,1716400
4405,1611100
4406,1725500
4407,1864300
4408,1652300
4409,1591300
4410,1594100
4411,1561100
4412,1651000
4413,1638100
4414,1959800
4415,2567300
4416,2604000
4417,1900200
4418,1617000
4419,1643000
4420,1560400
4421,1596200
4422,1978700
4423,2642500
4424,2692500
4425,2239100
4426,1674300
4427,1607600
4428,1646300
4429,1506400
4430,1691900
4431,2458000
4432,2141100
4433,2087100
4434,1639600
4435,1599000
4436,1581900
4437,1503700
4438,1659400
4439,1713000
4440,1582400
4441,1525800
4442,1682700
4443,1925800
4444,1682000
4445,1577400
4446,1622500
4447,1570300
4448,1758500
4449,1655800
4450,1639900
4451,1621700
4452,1660600
4453,1977900
4454,1760500
4455,1562800
4456,1618400
4457,1545700
4458,2415900
4459,2928000
4460,2385000
4461,2078000
4462,1818000
4463,1613500
4464,1807800
4465,1741400
4466,1642100
4467,1679900
4468,1699900
4469,1605800
4470,1707900
4471,1848400
4472,1705600
4473,1614500
4474,1762000
4475,2250000
4476,2355700
4477,2102600
4478,1611000
4479,1573500
4480,1672400
4481,1552500
4482,1576100
4483,1677700
4484,1729600
4485,1658000
4486,1678600
4487,1643200
4488,1596800
4489,1628600
4490,2021000
4491,1715700
4492,2242200
4493,3184700
4494,2337200
4495,1830000
4496,1623400
4497,1706300
4498,1726700
4499,2015300
4500,2341300
4501,2254700
4502,2041400
4503,1569500
4504,1557400
4505,1529900
4506,1593800
4507,1786100
4508,2133700
4509,2923900
4510,3268700
4511,2413500
4512,1969800
4513,1639200
4514,2267600
4515,2603100
4516,2336100
4517,2012600
4518,1616900
4519,1631300
4520,1575200
4521,1598600
4522,1647700
4523,2018500
4524,1851900
4525,1664600
4526,1622500
4527,1675900
4528,1676200
4529,1510700
4530,1579300
4531,1550400
4532,2190400
4533,2909100
4534,2347600
4535,1682600
4536,1637600
4537,1505600
4538,1587800
4539,1557200
4540,1885700
4541,2982200
4542,2321300
4543,1740600
4544,1652800
4545,1662100
4546,1638400
4547,1520000
4548,2100500
4549,3100600
4550,2685100
4551,1965300
4552,1587700
4553,1613000
4554,1569300
4555,1604400
4556,1704200
4557,1592000
4558,1631500
4559,1717500
4560,1581800
4561,1690900
4562,1540000
4563,1648900
4564,1639100
4565,1566300
4566,2316000
4567,2446000
4568,2625500
4569,1759900
4570,1595200
4571,1645400
4572,1634400
4573,1592600
4574,1998200
4575,2141100
4576,2425200
4577,2622200
4578,1935600
4579,1811600
4580,1728000
4581,1961100
4582,2833800
4583,2722400
4584,2700000
4585,1817900
4586,1838300
4587,1821200
4588,2194200
4589,2923700
4590,2691800
4591,2553500
4592,1898800
4593,1771500
4594,1760700
4595,1938600
4596,1790100
4597,1721500
4598,1729000
4599,1747700
4600,2241300
4601,1948300
4602,1628400
4603,1595800
4604,1791600
4605,2005300
4606,1834000
4607,1607400
4608,1604700
4609,1763500
4610,1757800
4611,1627100
4612,1609300
4613,1872300
4614,2441700
4615,2062600
4616,1765400
4617,1657700
4618,1725900
4619,1779600
4620,1679100
4621,1719300
4622,2559400
4623,2128700
4624,1867000
4625,1534900
4626,1659800
4627,1528100
4628,1771700
4629,1584400
4630,1819400
4631,2564500
4632,2171600
4633,1813400
4634,1614500
4635,1690800
4636,1634800
4637,1995100
4638,1854400
4639,1685100
4640,1673500
4641,1549900
4642,1671100
4643,1523600
4644,1684700
4645,1511100
4646,1624400
4647,1763800
4648,2134300
4649,2359700
4650,2100400
4651,1647600
4652,1663700
4653,1649400
4654,1591400
4655,1583800
4656,1976600
4657,1632800
4658,1633500
4659,1622400
4660,1652800
4661,1685400
4662,1614800
4663,1578500
4664,1598800
4665,1760200
4666,2728900
4667,2316900
4668,1982600
4669,1586400
4670,1676100
4671,1641100
4672,1619200
4673,1678900
4674,1727600
4675,1824000
4676,1680900
4677,1629000
4678,1675600
4679,1642600
4680,1555500
4681,1608400
4682,1658800
4683,1695400
4684,1899600
4685,1802300
4686,1547800
4687,1646600
4688,1652000
4689,1571000
4690,1573200
4691,1604700
4692,1632000
4693,2404300
4694,3504600
4695,2335100
4696,1603800
4697,1621400
4698,1627200
4699,1667000
4700,1805400
4701,1676100
4702,1640700
4703,1694800
4704,1677000
4705,1656200
4706,1610100
4707,1644600
4708,1629300
4709,1546900
4710,2238000
4711,2426000
4712,2484400
4713,1895600
4714,1658100
4715,1637200
4716,1628000
4717,1687400
4718,1734900
4719,1697100
4720,1644200
4721,1717300
4722,1694700
4723,1692100
4724,1668200
4725,1654300
4726,1664100
4727,2077800
4728,2200800
4729,1691300
4730,1968800
4731,2168300
4732,1756100
4733,1634100
4734,1573400
4735,1703300
4736,2486800
4737,2256700
4738,1852900
4739,1816600
4740,1677400
4741,1648500
4742,1626700
4743,1666300
4744,2072700
4745,2476100
4746,2078700
4747,1737000
4748,1868000
4749,1719600
4750,1659300
4751,1585600
4752,1748900
4753,2448300
4754,2099600
4755,1835100
4756,1511100
4757,1669400
4758,1626900
4759,1547000
4760,1635500
4761,1914200
4762,2531500
4763,2089300
4764,1741500
4765,1678900
4766,1622400
4767,1759600
4768,1652200
4769,1758900
4770,1661600
4771,1569100
4772,1584200
4773,1633300
4774,1560900
4775,1545100
4776,1761900
4777,1630300
4778,1729600
4779,2277800
4780,2349500
4781,2063800
4782,1682800
4783,1465800
4784,1644400
4785,1694400
4786,1972700
4787,1957900
4788,2491100
4789,2256600
4790,2038200
4791,1637500
4792,1548200
4793,1546300
4794,1850800
4795,1822700
4796,2504900
4797,2224200
4798,2039100
4799,1613700
4800,1549300
4801,1579200
4802,1525100
4803,1775400
4804,2348800
4805,2509900
4806,2250800
4807,1730600
4808,1557000
4809,1596000
4810,1697100
4811,1559700
4812,1944200
4813,1744800
4814,1643900
4815,1681600
4816,1646800
4817,1564900
4818,1618900
4819,1515900
4820,1531200
4821,1609400
4822,2278100
4823,1683600
4824,1666800
4825,1583100
4826,1564600
4827,1682000
4828,1587900
4829,1552600
4830,1477700
4831,1635900
4832,1784000
4833,1770700
4834,1520100
4835,1621900
4836,1650100
4837,1613100
4838,1651900
4839,1554600
4840,1666800
4841,2192300
4842,2712200
4843,2358400
4844,1643200
4845,1660700
4846,1645400
4847,1575900
4848,1528100
4849,2019200
4850,2916300
4851,2811700
4852,1695600
4853,1573700
4854,1572900
4855,1557500
4856,1585100
4857,1778900
4858,2474900
4859,2474100
4860,2057100
4861,1687600
4862,1625200
4863,1637300
4864,1566800
4865,1781200
4866,2478100
4867,2417000
4868,2309700
4869,1667500
4870,1563100
4871,1606300
4872,1693300
4873,1604200
4874,1994600
4875,2496700
4876,2166700
4877,2168300
4878,1655200
4879,1590400
4880,1582000
4881,1624300
4882,1614900
4883,1597000
4884,1758900
4885,1555500
4886,1767500
4887,1680400
4888,1606400
4889,1523500
4890,1667000
4891,1665100
4892,2301200
4893,2445100
4894,2039200
4895,1863800
4896,1697500
4897,1564500
4898,1595100
4899,1662800
4900,1803300
4901,1665800
4902,1639300
4903,1630600
4904,1589500
4905,1709600
4906,1695900
4907,1597900
4908,1624500
4909,1714000
4910,1709900
4911,1686500
4912,1590800
4913,1519100
4914,1600000
4915,1884600
4916,1802800
4917,1629300
4918,1552400
4919,1728400
4920,2606200
4921,2101200
4922,1920300
4923,1598100
4924,1798200
4925,1639400
4926,1590600
4927,1576900
4928,1785700
4929,1762200
4930,1557900
4931,1659000
4932,1574700
4933,1592700
4934,1823700
4935,1733500
4936,1626400
4937,2004400
4938,2779900
4939,2102900
4940,1894200
4941,1607100
4942,1619300
4943,1958700
4944,1646000
4945,1661800
4946,1768400
4947,1573800
4948,1606300
4949,1578800
4950,1580500
4951,1651900
4952,1657000
4953,1700400
4954,1683800
4955,1733300
4956,1658700
4957,1539300
4958,1593400
4959,1567800
4960,1519500
4961,1643100
4962,1597400
4963,1810000
4964,1771700
4965,2261700
4966,2226800
4967,1988200
4968,1515900
4969,1493000
4970,1686300
4971,1564100
4972,1641700
4973,1966100
4974,2016600
4975,1669800
4976,1653600
4977,1606700
4978,1641700
4979,1657400
4980,1647400
4981,1604400
4982,1994800
4983,2528100
4984,2227900
4985,1919400
4986,1690400
4987,1632000
4988,1594200
4989,1562600
4990,1615300
4991,2067700
4992,1661000
4993,1574600
4994,1682500
4995,1558900
4996,1585500
4997,1650200
4998,1625100
4999,1519700
5000,1606600
5001,2701300
5002,2293500
5003,1977900
5004,1659900
5005,1616000
5006,1545900
5007,1605800
5008,1624100
5009,2243000
5010,3804400
5011,2555100
5012,1885400
5013,1697300
5014,1653000
5015,1697800
5016,1878500
5017,2878300
5018,2627400
5019,1917700
5020,1615200
5021,1598700
5022,1650600
5023,1694300
5024,1966400
5025,2470400
5026,2468000
5027,1999900
5028,1639200
5029,1611900
5030,1567900
5031,1625100
5032,1593200
5033,1661600
5034,1713800
5035,1833900
5036,1748500
5037,1642100
5038,1667300
5039,1511700
5040,1694600
5041,1679700
5042,1776000
5043,1682300
5044,1641000
5045,1719300
5046,1724400
5047,1608400
5048,1621500
5049,1619500
5050,1558400
5051,1801200
5052,2734500
5053,2220200
5054,2189400
5055,1785200
5056,1691700
5057,1638000
5058,1539000
5059,1865200
5060,2484900
5061,2285600
5062,2074700
5063,1773400
5064,1674000
5065,1607300
5066,1564300
5067,1664600
5068,3310800
5069,2883700
5070,3622900
5071,2103700
5072,1829300
5073,1636200
5074,1772100
5075,1729400
5076,1675500
5077,1542200
5078,1560600
5079,1801100
5080,1785100
5081,1587300
5082,1651700
5083,1697600
5084,2436900
5085,2141500
5086,1895800
5087,1551000
5088,1720600
5089,1709100
5090,1623700
5091,1613600
5092,1757400
5093,1682600
5094,1591500
5095,1548700
5096,1674100
5097,1544200
5098,1753300
5099,1802200
5100,1751900
5101,1948900
5102,2196700
5103,2275800
5104,2078600
5105,1739200
5106,1512200
5107,1718100
5108,1692300
5109,1600600
5110,2213000
5111,2472900
5112,2080900
5113,1714800
5114,1661300
5115,1625400
5116,1880200
5117,1794700
5118,1876700
5119,2365400
5120,1989900
5121,1851300
5122,1696900
5123,1507200
5124,1640100
5125,2032600
5126,2125500
5127,1961200
5128,2038000
5129,2094500
5130,2048000
5131,1852500
5132,1840400
5133,1949200
5134,2250900
5135,2692700
5136,2730200
5137,2478400
5138,1734100
5139,1783400
5140,1750400
5141,2347700
5142,1887900
5143,1818900
5144,1849300
5145,1899400
5146,1889700
5147,1704900
5148,1717500
5149,1699600
5150,2349800
5151,1881700
5152,1619900
5153,1577900
5154,1626000
5155,1560200
5156,1610000
5157,1668100
5158,1658200
5159,1839700
5160,2781100
5161,2660400
5162,2385100
5163,1804200
5164,1619200
5165,1688500
5166,1631600
5167,2276300
5168,2832500
5169,2231400
5170,1694600
5171,1513200
5172,1542100
5173,1611000
5174,1588700
5175,1755400
5176,2666300
5177,2504500
5178,1990300
5179,1606300
5180,1678300
5181,1636800
5182,1657800
5183,1789800
5184,1844900
5185,1970100
5186,1734300
5187,1655500
5188,1610200
5189,1541600
5190,1621700
5191,1605900
5192,1797800
5193,2296200
5194,2554000
5195,2342800
5196,1678800
5197,1668600
5198,1626200
5199,1572700
5200,1498900
5201,1613100
5202,1623700
5203,1607400
5204,1813500
5205,1697500
5206,1687700
5207,1521300
5208,1681700
5209,1607200
5210,2095300
5211,2534900
5212,2183600
5213,2666500
5214,1808600
5215,1585000
5216,1705700
5217,1568800
5218,1635400
5219,1771800
5220,1662200
5221,1572400
5222,1885600
5223,1716500
5224,1541100
5225,1558500
5226,1569200
5227,1540700
5228,1750600
5229,2445900
5230,2119000
5231,1867700
5232,1705200
5233,1650100
5234,1663800
5235,1545500
5236,1740300
5237,1542000
5238,1608900
5239,1660800
5240,1630800
5241,1643300
5242,1701400
5243,1707400
5244,1608300
5245,1635600
5246,1594600
5247,1682300
5248,1609000
5249,1542700
5250,1513400
5251,1563400
5252,1876500
5253,1710200
5254,1651600
5255,1572700
5256,2140300
5257,2474300
5258,2143700
5259,1762100
5260,1553300
5261,1785100
5262,1745000
5263,1591000
5264,1738800
5265,1673900
5266,1628900
5267,1611500
5268,1656200
5269,1627300
5270,1627800
5271,1685700
5272,1691300
5273,1590100
5274,2335600
5275,3210300
5276,2704800
5277,2224100
5278,2382200
5279,2131800
5280,1642600
5281,1901300
5282,1720100
5283,1596600
5284,1527800
5285,1657400
5286,1632800
5287,1552200
5288,1740600
5289,1721500
5290,1689600
5291,1653600
5292,1583200
5293,1599600
5294,1535700
5295,1676600
5296,1646400
5297,1495300
5298,1854700
5299,1674000
5300,1734700
5301,1627900
5302,1478200
5303,1630700
5304,1648100
5305,1637500
5306,1636300
5307,1600200
5308,1629700
5309,1651100
5310,1792300
5311,2480200
5312,2096300
5313,1822300
5314,1578300
5315,1639500
5316,1641200
5317,1723300
5318,1966500
5319,2231000
5320,2276900
5321,2082300
5322,1612200
5323,1472300
5324,1615100
5325,1632100
5326,1719900
5327,1853100
5328,2573700
5329,2318800
5330,1879100
5331,1593000
5332,1638600
5333,1622400
5334,1645100
5335,1839900
5336,2550500
5337,2505800
5338,2180100
5339,1523200
5340,1583500
5341,1631100
5342,1593900
5343,1923700
5344,2069300
5345,1685400
5346,1626100
5347,1694200
5348,1643200
5349,1538600
5350,1551600
5351,1619000
5352,1575200
5353,1712500
5354,1766200
5355,1718900
5356,1756800
5357,1660800
5358,1523600
5359,1630200
5360,1670700
5361,1531300
5362,1628300
5363,1731000
5364,1864200
5365,1752600
5366,1681200
5367,1595000
5368,1536400
5369,1553700
5370,1535300
5371,1596000
5372,1626300
5373,1607200
5374,2400700
5375,1835500
5376,1706700
5377,1576600
5378,1582400
5379,1668700
5380,1567800
5381,1664600
5382,1685900
5383,1634000
5384,1725200
5385,1582300
5386,1678400
5387,1674700
5388,1528200
5389,1681100
5390,1677600
5391,1618400
5392,1586900
5393,1765200
5394,1838000
5395,1620600
5396,1596900
5397,1626000
5398,1577800
5399,1595200
5400,1500100
5401,1845900
5402,1844400
5403,1689000
5404,1725000
5405,1674400
5406,1620400
5407,1614600
5408,1603400
5409,1521400
5410,1742700
5411,1805700
5412,1694900
5413,1577100
5414,2130100
5415,1658600
5416,1618800
5417,1612400
5418,1605700
5419,1660400
5420,1570000
5421,1621400
5422,1634000
5423,1585200
5424,1748900
5425,1703400
5426,1661000
5427,1504100
5428,1607100
5429,1724600
5430,1590100
5431,1471500
5432,1623400
5433,1676300
5434,1851200
5435,1742800
5436,1693200
5437,1646600
5438,1547500
5439,1626600
5440,1628400
5441,1742900
5442,1565900
5443,1589900
5444,2072600
5445,1823300
5446,1601600
5447,1602200
5448,1647900
5449,1787100
5450,1566600
5451,1645100
5452,1626900
5453,1590900
5454,1670600
5455,1675500
5456,1661600
5457,1682000
5458,1653100
5459,1620700
5460,1618000
5461,1599500
5462,1507800
5463,1584200
5464,1857000
5465,1796900
5466,1716400
5467,1629200
5468,1791000
5469,1708400
5470,1643900
5471,1601100
5472,1624300
5473,1555400
5474,1961100
5475,1604700
5476,1684000
5477,1740200
5478,1715600
5479,1724500
5480,1654600
5481,1574300
5482,1502900
5483,1527800
5484,1721600
5485,1609200
5486,1692000
5487,1573500
5488,1523200
5489,1779700
5490,1576600
5491,1581400
5492,1672600
5493,1615400
5494,1577100
5495,1615100
5496,1623700
5497,1648800
5498,1686300
5499,1657800
5500,1577800
5501,1547500
5502,1597500
5503,1630500
5504,1718500
5505,1714600
5506,1855700
5507,2017500
5508,1660700
5509,1630600
5510,1601400
5511,1607200
5512,1677300
5513,1643900
5514,1831200
5515,1884300
5516,1723600
5517,1667300
5518,1664000
5519,1553100
5520,1581600
5521,1631800
5522,1590800
5523,1487800
5524,1785400
5525,1722300
5526,1764200
5527,1635400
5528,1627200
5529,1598000
5530,1547300
5531,1624300
5532,1567400
5533,1460200
5534,1697100
5535,1912900
5536,1750600
5537,1569100
5538,1619500
5539,1603200
5540,1553900
5541,1433400
5542,1666500
5543,1602800
5544,1688500
5545,2182300
5546,1741200
5547,1666700
5548,1673800
5549,1533100
5550,1560100
5551,1613900
5552,1524700
5553,1635700
5554,1852000
5555,1754000
5556,1566600
5557,1583500
5558,1554500
5559,1617700
5560,1562500
5561,1672700
5562,1526300
5563,1583700
5564,1672200
5565,1762900
5566,1578200
5567,1671900
5568,1650400
5569,1615600
5570,1596500
5571,1641500
5572,1634700
5573,1663500
5574,1697500
5575,1947400
5576,1707700
5577,1660100
5578,1652400
5579,1586700
5580,1515500
5581,1510500
5582,1600400
5583,2123700
5584,1913500
5585,1734000
5586,1698700
5587,1684700
5588,1590000
5589,1665700
5590,1698400
5591,1564300
5592,1749900
5593,1692900
5594,1834600
5595,1852100
5596,1708700
5597,1655700
5598,1587400
5599,1560900
5600,1662000
5601,1676900
5602,1735200
5603,1622000
5604,1779900
5605,1723300
5606,1612300
5607,1600700
5608,1532900
5609,1597300
5610,1505800
5611,1971600
5612,1764100
5613,1584100
5614,1802000
5615,1773400
5616,1711900
5617,1643600
5618,1592500
5619,1644900
5620,1696300
5621,1683800
5622,1629900
5623,1542100
5624,1780800
5625,1699300
5626,1613800
5627,1648500
5628,1641200
5629,1756200
5630,1650600
5631,1570500
5632,1636100
5633,1712700
5634,1847800
5635,1694100
5636,1647500
5637,1581700
5638,1692500
5639,1636600
5640,1504000
5641,1619800
5642,1582300
5643,1609900
5644,1949500
5645,1860500
5646,1693600
5647,1575800
5648,2056400
5649,2013000
5650,2344600
5651,2020700
5652,1824700
5653,2025500
5654,1744100
5655,1674600
5656,1819700
5657,1675400
5658,1552300
5659,1683400
5660,1589200
5661,1545700
5662,1654400
5663,1737100
5664,1689300
5665,1731500
5666,1629800
5667,1619200
5668,1645100
5669,1685100
5670,1601000
5671,1615900
5672,1621100
5673,2051800
5674,1952300
5675,1840900
5676,1664300
5677,1532500
5678,1772100
5679,1486700
5680,1556600
5681,1623700
5682,1818800
5683,1713600
5684,1739500
5685,1663300
5686,1580900
5687,1711400
5688,1675300
5689,1622100
5690,1627000
5691,1567100
5692,1628300
5693,1699300
5694,1675700
5695,1616700
5696,1616700
5697,1747800
5698,1620900
5699,1649500
5700,1679400
5701,1554300
5702,1529100
5703,1915300
5704,1843300
5705,1624000
5706,1523400
5707,1616000
5708,1573300
5709,1591200
5710,1598400
5711,1624200
5712,1602600
5713,2171700
5714,2027400
5715,2101000
5716,1936000
5717,1807200
5718,1780300
5719,1835600
5720,1769000
5721,2181500
5722,1881400
5723,1817800
5724,1812200
5725,1733300
5726,1798100
5727,1847300
5728,1845700
5729,2109100
5730,1985400
5731,1972900
5732,1787100
5733,1822900
5734,1784700
5735,1680900
5736,1692200
5737,1590800
5738,1855500
5739,2035000
5740,1791000
5741,1579700
5742,1673700
5743,1609600
5744,1538900
5745,1595900
5746,1607300
5747,1614000
5748,1895000
5749,2004500
5750,1856200
5751,1674000
5752,1630400
5753,1607900
5754,1632500
5755,1508700
5756,1579700
5757,1650800
5758,1648000
5759,1727700
5760,1708000
5761,1566400
5762,1595800
5763,1599600
5764,1637300
5765,1631300
5766,1663000
5767,1657300
5768,1615000
5769,1760400
5770,1802500
5771,1683900
5772,1598600
5773,1640700
5774,1599200
5775,1559800
5776,1695700
5777,1600200
5778,1655400
5779,1620400
5780,1851200
5781,1673700
5782,1564200
5783,1547700
5784,1658300
5785,1645300
5786,1647200
5787,1647800
5788,1639000
5789,1614300
5790,1814400
5791,1607100
5792,1628900
5793,1595500
5794,1616300
5795,1780000
5796,1772600
5797,1593800
5798,1572600
5799,1555400
5800,1765100
5801,1592600
5802,1692800
5803,1590800
5804,1584900
5805,1766000
5806,1685400
5807,1639100
5808,1616300
5809,1625600
5810,2080900
5811,1642300
5812,1713300
5813,1705900
5814,1662600
5815,1766300
5816,1630300
5817,1596600
5818,1604000
5819,1538300
5820,1824200
5821,1672700
5822,1654600
5823,1614900
5824,1691900
5825,1647800
5826,1602700
5827,1621700
5828,1506800
5829,1631700
5830,1750600
5831,1554800
5832,1602300
5833,1580400
5834,1730900
5835,1685500
5836,1644100
5837,1504200
5838,1510900
5839,1637900
5840,1783400
5841,1678200
5842,1664400
5843,1684600
5844,1652200
5845,1633900
5846,1662100
5847,1613700
5848,1546000
5849,1582500
5850,1763200
5851,1710500
5852,1578700
5853,1769500
5854,1584800
5855,1574400
5856,1640000
5857,1565100
5858,1650000
5859,1665700
5860,1851100
5861,1634000
5862,1976400
5863,2095800
5864,1920700
5865,1749200
5866,2002700
5867,1672400
5868,1685100
5869,1813200
5870,2040500
5871,1991000
5872,1673200
5873,1721600
5874,1650300
5875,1516300
5876,1667800
5877,1654100
5878,1622900
5879,2009300
5880,1649400
5881,1591500
5882,1694400
5883,1564400
5884,1614600
5885,1627100
5886,1643300
5887,1586600
5888,1592700
5889,1906600
5890,1713800
5891,1626000
5892,1673300
5893,1566200
5894,1613900
5895,1596400
5896,1570300
5897,1585700
5898,1581000
5899,1939500
5900,1739300
5901,1624300
5902,1690700
5903,1583100
5904,1611900
5905,1614700
5906,1541900
5907,1631100
5908,1582600
5909,1794700
5910,1615500
5911,1586400
5912,1579900
5913,1630900
5914,1591000
5915,1683300
5916,1678200
5917,1603700
5918,1698800
5919,1685100
5920,1662500
5921,1587500
5922,1647600
5923,1525300
5924,1617400
5925,1604300
5926,1594700
5927,1681400
5928,1710000
5929,1693300
5930,1816800
5931,1652200
5932,1613600
5933,1615000
5934,1618000
5935,1448400
5936,1759600
5937,1660000
5938,1576300
5939,1665500
5940,2042200
5941,1688600
5942,1673500
5943,1614900
5944,1656800
5945,1592400
5946,1607500
5947,1614100
5948,1690800
5949,1646500
5950,1758000
5951,1686200
5952,1506500
5953,1644400
5954,1629600
5955,1557500
5956,1690100
5957,1544600
5958,1715800
5959,1564200
5960,1698800
5961,1740500
5962,1547000
5963,1682100
5964,1550900
5965,1735900
5966,1601100
5967,1503100
5968,1736200
5969,1606300
5970,2150200
5971,1635100
5972,1672500
5973,1542200
5974,1625500
5975,1934100
5976,1707000
5977,1677700
5978,1541600
5979,1540700
5980,1774000
5981,1607500
5982,1657000
5983,1610100
5984,1649800
5985,1627100
5986,1649100
5987,1589200
5988,1614500
5989,1632300
5990,1788100
5991,1596400
5992,1516700
5993,1806400
5994,1723100
5995,1639700
5996,1709100
5997,1520600
5998,1597700
5999,1526200
6000,1648700
6001,1643800
6002,1611300
6003,1672000
6004,1680300
6005,1535600
6006,1598300
6007,1629300
6008,1646400
6009,1547200
6010,1757700
6011,1875600
6012,1614300
6013,1741000
6014,1820100
6015,1671800
6016,1616000
6017,1543500
6018,1599000
6019,1551500
6020,1624000
6021,1801200
6022,1733700
6023,1714900
6024,1673300
6025,1568200
6026,1663500
6027,1591700
6028,1592100
6029,1585900
6030,1784900
6031,1773500
6032,1704900
6033,1607400
6034,1711100
6035,1639300
6036,1597300
6037,1608900
6038,1625000
6039,1591100
6040,1828500
6041,1923700
6042,1705000
6043,1813300
6044,1669000
6045,1556600
6046,1610700
6047,1689700
6048,1723800
6049,1624900
6050,1627500
6051,1790900
6052,1748900
6053,1715100
6054,1654800
6055,1628200
6056,1581100
6057,1531400
6058,1473200
6059,1569600
6060,1930000
6061,1812000
6062,1683600
6063,1629300
6064,1622500
6065,1607200
6066,1643900
6067,1599600
6068,1617700
6069,1543800
6070,1871200
6071,1837600
6072,1722900
6073,1615500
6074,1673000
6075,1555300
6076,1538700
6077,1563300
6078,1517900
6079,1715700
6080,1955700
6081,1640500
6082,1554600
6083,1632300
6084,1626100
6085,1529900
6086,1667300
6087,1542000
6088,1560200
6089,1574700
6090,1766000
6091,1799200
6092,1769000
6093,1575200
6094,1629800
6095,1594900
6096,1576900
6097,1638500
6098,1534800
6099,1788300
6100,1770500
6101,1716200
6102,1578400
6103,1641100
6104,1909000
6105,1763900
6106,1626000
6107,1618500
6108,1867500
6109,1782800
6110,1909400
6111,1669900
6112,1573100
6113,1654200
6114,1637900
6115,1634000
6116,1647000
6117,1546300
6118,1654800
6119,1685500
6120,1991800
6121,1730700
6122,1587400
6123,1604300
6124,1665000
6125,1550900
6126,1548700
6127,1706000
6128,1635700
6129,1607200
6130,2060400
6131,1756500
6132,1687600
6133,1590700
6134,1646800
6135,1564200
6136,1577800
6137,1709600
6138,1594800
6139,1568100
6140,1808500
6141,1722200
6142,1661600
6143,1649300
6144,1589200
6145,1591500
6146,1815600
6147,1689100
6148,1555600
6149,1560400
6150,1738900
6151,1693000
6152,1571400
6153,1547200
6154,1603400
6155,1595800
6156,1733400
6157,1660100
6158,1572400
6159,1597200
6160,1682200
6161,1623500
6162,1620500
6163,1556000
6164,1614400
6165,1597800
6166,1739000
6167,1614500
6168,1669600
6169,1640800
6170,1647400
6171,1687100
6172,1676900
6173,1579500
6174,1549000
6175,1883400
6176,1788600
6177,1690800
6178,1596900
6179,1644500
6180,1760900
6181,1748200
6182,1779600
6183,1581400
6184,1853200
6185,1953300
6186,1690500
6187,1702100
6188,1645900
6189,1611400
6190,2020200
6191,1711700
6192,1669000
6193,1828000
6194,1782600
6195,1693000
6196,1575900
6197,1661500
6198,1691900
6199,1626900
6200,1703600
6201,1581900
6202,1539200
6203,1794000
6204,1629900
6205,1613700
6206,1512100
6207,1568600
6208,1622900
6209,1544900
6210,1974900
6211,1756000
6212,1787500
6213,1666100
6214,1618700
6215,1696400
6216,1605100
6217,1595200
6218,1573900
6219,1580200
6220,1733600
6221,1646200
6222,1775200
6223,1661300
6224,1647600
6225,1660000
6226,1620600
6227,1541900
6228,1572500
6229,1505600
6230,1730800
6231,1730800
6232,1731300
6233,1639100
6234,1559600
6235,1654300
6236,1604900
6237,1645300
6238,1513700
6239,1564300
6240,2066300
6241,1863500
6242,1695400
6243,1668300
6244,1579500
6245,1650400
6246,1607100
6247,1598600
6248,1613700
6249,1508600
6250,2033000
6251,2103000
6252,2259300
6253,1873800
6254,1889500
6255,1736100
6256,1632200
6257,1588900
6258,2062600
6259,2080500
6260,1691000
6261,1661600
6262,1594700
6263,1642800
6264,1695500
6265,1596900
6266,1660000
6267,1535800
6268,1862000
6269,1888600
6270,1656000
6271,1642600
6272,1559000
6273,1613200
6274,1527400
6275,1540500
6276,1478900
6277,2056200
6278,2075600
6279,1782000
6280,1651500
6281,1597100
6282,1661700
6283,1607600
6284,1689700
6285,1626800
6286,1559400
6287,1630900
6288,1557600
6289,1675200
6290,1559400
6291,1659800
6292,1576700
6293,1596700
6294,1666900
6295,1572800
6296,1826300
6297,1672900
6298,1632800
6299,1718600
6300,1583000
6301,1491400
6302,1559900
6303,1503400
6304,1627400
6305,1626600
6306,1816400
6307,1589100
6308,1634900
6309,2038300
6310,1726600
6311,1564300
6312,1656200
6313,1640500
6314,1651500
6315,1685900
6316,2108200
6317,2402000
6318,2645900
6319,2029500
6320,1802400
6321,1800800
6322,1747200
6323,1935000
6324,2113100
6325,1845800
6326,1922800
6327,2005300
6328,1763000
6329,1701000
6330,1646900
6331,1938600
6332,1842800
6333,1730800
6334,1795800
6335,1821300
6336,1753000
6337,1851400
6338,1788100
6339,1885000
6340,2014000
6341,2128200
6342,2239700
6343,2068900
6344,2087700
6345,1935600
6346,1855700
6347,1696300
6348,1963500
6349,1942100
6350,1797300
6351,1614800
6352,1615400
6353,1683900
6354,1716000
6355,1592400
6356,1637300
6357,1645800
6358,1565000
6359,1603700
6360,1656800
6361,1634000
6362,1523800
6363,1686800
6364,1656000
6365,1623800
6366,1540000
6367,1649900
6368,1697800
6369,1596800
6370,1656100
6371,1597400
6372,1605200
6373,1609600
6374,2079900
6375,1674800
6376,1640400
6377,1634800
6378,1704500
6379,1613600
6380,1602900
6381,1487000
6382,1635500
6383,1543400
6384,1865000
6385,1613000
6386,1681600
6387,1581600
6388,1650500
6389,1504300
6390,1574000
6391,1500600
6392,1577300
6393,1581300
6394,1743600
6395,1726400
6396,1704200
6397,1576900
6398,1588300
6399,1576900
6400,1602000
6401,1559600
6402,1611900
6403,1547200
6404,1670300
6405,2130000
6406,1819400
6407,1743000
6408,1633400
6409,1559300
6410,1655400
6411,1672900
6412,1560900
6413,1653800
6414,1910400
6415,1685900
6416,1623900
6417,1623400
6418,1599100
6419,1544300
6420,1529100
6421,1622300
6422,1598900
6423,1630200
6424,1868600
6425,1786300
6426,1644800
6427,1720000
6428,1622400
6429,1588900
6430,1662000
6431,1524500
6432,1674500
6433,1562700
6434,1745200
6435,1696700
6436,1745400
6437,1569400
6438,1603000
6439,1607800
6440,1595500
6441,1612600
6442,1515700
6443,1766500
6444,2098700
6445,1840400
6446,1654300
6447,1630400
6448,1541400
6449,1612300
6450,1619900
6451,1527300
6452,1720700
6453,1635600
6454,1654800
6455,1721500
6456,1605500
6457,1519200
6458,1551500
6459,1657000
6460,1597600
6461,1579000
6462,1821900
6463,2052800
6464,2038700
6465,1927900
6466,1937900
6467,1667200
6468,1679300
6469,1549400
6470,1540200
6471,1986000
6472,1691800
6473,1661100
6474,1944300
6475,1626200
6476,1635500
6477,1742300
6478,1612700
6479,1645200
6480,1760900
6481,1702500
6482,1621600
6483,1650200
6484,1734800
6485,1674100
6486,1697800
6487,1521900
6488,1610300
6489,1721400
6490,1647800
6491,1601100
6492,1655700
6493,1666100
6494,1905500
6495,1561800
6496,1623300
6497,1701100
6498,1677500
6499,1704400
6500,1570800
6501,1637700
6502,1553000
6503,1598100
6504,1722700
6505,1584900
6506,1557100
6507,1650600
6508,1748300
6509,1710300
6510,1583500
6511,1515300
6512,1521800
6513,1626900
6514,1648000
6515,1608500
6516,1567700
6517,1523900
6518,1747400
6519,1602300
6520,1677300
6521,1572400
6522,1586500
6523,1537300
6524,1775800
6525,1631600
6526,1613600
6527,1621700
6528,1682300
6529,1631100
6530,1848900
6531,1620800
6532,1622800
6533,1533700
6534,1816900
6535,1692700
6536,1600500
6537,1693600
6538,1876900
6539,1726200
6540,1567100
6541,1532900
6542,1654600
6543,1521400
6544,1563500
6545,1781400
6546,1673800
6547,1678000
6548,1574300
6549,1644400
6550,1581400
6551,1619800
6552,1626700
6553,1568400
6554,1610200
6555,1774200
6556,1723000
6557,1626500
6558,1503300
6559,1701400
6560,1607900
6561,1607900
6562,1552100
6563,1544900
6564,1594400
6565,2110200
6566,1950500
6567,1737000
6568,1836300
6569,1573100
6570,1552500
6571,1562000
6572,1532500
6573,1577300
6574,1677200
6575,1905700
6576,1686800
6577,1573800
6578,1679800
6579,1526500
6580,1622100
6581,1639700
6582,1575200
6583,1565700
6584,1770300
6585,1901300
6586,1716300
6587,1642200
6588,1721200
6589,1630500
6590,1574400
6591,1594800
6592,1555200
6593,1467500
6594,1600000
6595,1786800
6596,1575500
6597,1657000
6598,1695100
6599,1708900
6600,1626600
6601,1481500
6602,1547300
6603,1696800
6604,1759800
6605,2209400
6606,1801900
6607,1643800
6608,1663600
6609,1652900
6610,1623300
6611,1509500
6612,1486900
6613,1625900
6614,1625700
6615,1739100
6616,1643500
6617,1618400
6618,1603400
6619,1574900
6620,1574600
6621,1569100
6622,1778500
6623,1664000
6624,1618200
6625,1817500
6626,1727800
6627,1613400
6628,1654400
6629,1548600
6630,1596100
6631,1653900
6632,1781800
6633,1605600
6634,1685400
6635,1712100
6636,1828400
6637,1694800
6638,1583700
6639,1523300
6640,1640200
6641,1723100
6642,1723400
6643,1622800
6644,1557800
6645,1975200
6646,1801100
6647,1565000
6648,1667300
6649,1591000
6650,1539800
6651,1759900
6652,1662800
6653,1599000
6654,1581600
6655,1846500
6656,1685300
6657,1551100
6658,1569400
6659,1624400
6660,1658300
6661,1679300
6662,1548300
6663,1578100
6664,1596400
6665,1819300
6666,1672400
6667,1578600
6668,1575500
6669,1499600
6670,1799100
6671,1634800
6672,1604700
6673,1583500
6674,1643400
6675,1952600
6676,1738100
6677,1742800
6678,1640300
6679,1638000
6680,1654200
6681,1603000
6682,1651000
6683,1515600
6684,1580300
6685,1621900
6686,1719300
6687,1662200
6688,1594300
6689,1726600
6690,1682100
6691,1631600
6692,1681600
6693,1546400
6694,1715000
6695,1805300
6696,1738100
6697,1700500
6698,1697500
6699,1695200
6700,1577000
6701,1689000
6702,1563200
6703,1597700
6704,1656900
6705,1885900
6706,1829300
6707,1639700
6708,1734600
6709,1699000
6710,1659400
6711,1552500
6712,1593600
6713,1614000
6714,1621200
6715,1723700
6716,1674200
6717,1608000
6718,1746200
6719,1531400
6720,1583100
6721,1608100
6722,1694400
6723,1606600
6724,1545400
6725,1608900
6726,1813900
6727,1772300
6728,1640200
6729,1663600
6730,1494200
6731,1563800
6732,1606800
6733,1606700
6734,1640600
6735,1747100
6736,1933300
6737,1921800
6738,1763000
6739,1629100
6740,1753000
6741,1729200
6742,1569100
6743,1610000
6744,1630000
6745,1876800
6746,1881000
6747,1735200
6748,1621900
6749,1602200
6750,1622900
6751,1507400
6752,1591800
6753,1522500
6754,1613900
6755,1921800
6756,1684200
6757,1644300
6758,1588000
6759,1566700
6760,1576000
6761,1573700
6762,1546300
6763,1571800
6764,1553900
6765,1681200
6766,1932100
6767,1673800
6768,1630100
6769,1622800
6770,1580300
6771,1522600
6772,1564300
6773,1570600
6774,1709000
6775,1680800
6776,2040000
6777,1607000
6778,1712500
6779,1602900
6780,1625800
6781,1622200
6782,1618100
6783,1516100
6784,2188400
6785,2187300
6786,1724000
6787,1758100
6788,1637300
6789,1629100
6790,1686000
6791,1677000
6792,1661700
6793,1659300
6794,1716800
6795,1908600
6796,1653900
6797,1622100
6798,1607500
6799,1649300
6800,1656800
6801,1597300
6802,1818000
6803,1776000
6804,1636400
6805,1674400
6806,1624400
6807,1571000
6808,1581300
6809,1507800
6810,1521300
6811,1559300
6812,1973600
6813,1730500
6814,1690000
6815,1900900
6816,1686100
6817,1625300
6818,1683100
6819,1631300
6820,1660400
6821,1735700
6822,1654200
6823,1516500
6824,1645200
6825,1804000
6826,1747700
6827,1536300
6828,1603800
6829,1642700
6830,1748900
6831,1751600
6832,1621000
6833,1660500
6834,1621700
6835,1686900
6836,1653400
6837,1505300
6838,1610800
6839,1572200
6840,1736100
6841,1662800
6842,1558500
6843,1614300
6844,1739600
6845,1874900
6846,1702800
6847,1625900
6848,1628100
6849,1829700
6850,1759000
6851,1631600
6852,1726900
6853,1628900
6854,1600300
6855,1804800
6856,1630800
6857,1589000
6858,1517600
6859,2104200
6860,1980700
6861,2237500
6862,2008600
6863,1982700
6864,2026000
6865,1625500
6866,1664400
6867,1909700
6868,1833400
6869,1659200
6870,1574500
6871,1642800
6872,1530900
6873,1883800
6874,1870500
6875,1575400
6876,1636100
6877,1677200
6878,1718900
6879,1681100
6880,1580200
6881,1640700
6882,1645400
6883,1785000
6884,1640900
6885,1681000
6886,1698200
6887,1657800
6888,1544300
6889,1650200
6890,1628400
6891,1548400
6892,1534200
6893,1733800
6894,1613800
6895,1710500
6896,1588600
6897,1704900
6898,1569900
6899,1624000
6900,1639800
6901,1625900
6902,1610400
6903,1590900
6904,1646000
6905,1803300
6906,1701200
6907,1713200
6908,1664800
6909,1711500
6910,1640500
6911,1531100
6912,1558900
6913,1582000
6914,2301100
6915,2148300
6916,2099500
6917,2294400
6918,1869900
6919,1774500
6920,1838400
6921,1851700
6922,2253200
6923,1887100
6924,1778800
6925,1710400
6926,1784100
6927,1793800
6928,1889500
6929,1705600
6930,1766800
6931,2421000
6932,1911500
6933,1892000
6934,1764500
6935,1681700
6936,1786100
6937,1595800
6938,1632700
6939,1705800
6940,1933800
6941,1788800
6942,1630600
6943,1596700
6944,1591400
6945,1529500
6946,1661200
6947,1668400
6948,1557300
6949,1694900
6950,2067200
6951,1962800
6952,1684800
6953,1632100
6954,1545300
6955,1688600
6956,1606800
6957,1563900
6958,1764200
6959,1556600
6960,1888400
6961,1788100
6962,1597800
6963,1568500
6964,1653500
6965,1681700
6966,1618900
6967,1531300
6968,1701500
6969,1591600
6970,2086700
6971,1669900
6972,1601600
6973,1603700
6974,1628700
6975,1604400
6976,1567300
6977,1696700
6978,1637300
6979,1689600
6980,1892700
6981,1599300
6982,1622400
6983,1554700
6984,1581600
6985,1578900
6986,1565300
6987,1720400
6988,1583700
6989,1630800
6990,1754700
6991,1711400
6992,1636100
6993,1538800
6994,1584900
6995,1547000
6996,1568900
6997,1702200
6998,1652100
6999,1599700
7000,1765600
7001,1656100
7002,1566300
7003,1537500
7004,1538700
7005,1631800
7006,1923200
7007,1933500
7008,1689400
7009,1535700
7010,1810400
7011,1688800
7012,1591200
7013,1560800
7014,1610400
7015,1557800
7016,1675200
7017,1559800
7018,1700600
7019,1492400
7020,1705700
7021,1872100
7022,1657200
7023,1518200
7024,1669100
7025,1857300
7026,1698400
7027,1588200
7028,1574400
7029,1679400
7030,1667600
7031,1648400
7032,1609300
7033,1525200
7034,1567900
7035,1612800
7036,1718400
7037,1553000
7038,1692400
7039,1503500
7040,1604200
7041,2136000
7042,1694400
7043,1566300
7044,1626700
7045,1739800
7046,1680000
7047,1544200
7048,1580300
7049,1608900
7050,1612900
7051,1951900
7052,1686200
7053,1658500
7054,1806600
7055,1989600
7056,1778100
7057,1946700
7058,1900900
7059,1641000
7060,1903500
7061,1620100
7062,1850200
7063,1801700
7064,1628400
7065,1620300
7066,1692000
7067,1600700
7068,1572400
7069,1557500
7070,1980900
7071,1718600
7072,1804300
7073,1762500
7074,1733400
7075,1623900
7076,1570500
7077,1614900
7078,1585000
7079,1533600
7080,1731400
7081,1792900
7082,1709500
7083,1557200
7084,1604200
7085,1651900
7086,1533700
7087,1639500
7088,1615600
7089,1691600
7090,1763100
7091,1699500
7092,1596500
7093,1678400
7094,1681800
7095,1653700
7096,1568800
7097,1672200
7098,1607400
7099,1533500
7100,1826000
7101,1871600
7102,1657000
7103,1677000
7104,1632100
7105,1565200
7106,1618300
7107,1650900
7108,1584900
7109,1591900
7110,1696100
7111,1611300
7112,1594100
7113,1520800
7114,1659600
7115,1515000
7116,1603100
7117,1562800
7118,1568700
7119,1570300
7120,1754000
7121,1816400
7122,1668300
7123,1663300
7124,1692400
7125,1521300
7126,1589000
7127,1550700
7128,1537800
7129,1566300
7130,1918900
7131,1970700
7132,1873500
7133,1831000
7134,1831000
7135,1793500
7136,1758400
7137,1767300
7138,1709400
7139,2261500
7140,1892100
7141,1825100
7142,1754700
7143,1681700
7144,1621200
7145,1720500
7146,1700400
7147,2001500
7148,1895400
7149,1888800
7150,1776300
7151,1743100
7152,1754300
7153,1671000
7154,1677300
7155,1721900
7156,1907900
7157,1764100
7158,1819200
7159,2051300
7160,1724200
7161,1650700
7162,1658200
7163,1652600
7164,1630800
7165,2058900
7166,1868100
7167,1730300
7168,1741800
7169,1765600
7170,1875800
7171,1878100
7172,1985300
7173,1782600
7174,1834300
7175,1695600
7176,1738200
7177,1811900
7178,1799700
7179,1612600
7180,1623800
7181,1677600
7182,1686400
7183,2108000
7184,1987000
7185,1760700
7186,2105100
7187,1714800
7188,1669900
7189,1658500
7190,1715800
7191,1753700
7192,1813400
7193,1718500
7194,1723300
7195,1676800
7196,1862600
7197,1701200
7198,1703400
7199,1693100
7200,1669500
7201,1936400
7202,1847700
7203,1725200
7204,1739800
7205,1945900
7206,1768300
7207,1708600
7208,1734100
7209,1745400
7210,1808500
7211,1633800
7212,1705700
7213,1718800
7214,1963400
7215,1819800
7216,1715500
7217,1732900
7218,1726300
7219,1942600
7220,1765400
7221,1607400
7222,1642500
7223,1724600
7224,1792800
7225,1649300
7226,1710600
7227,1719200
7228,1863900
7229,1671300
7230,1718800
7231,1813000
7232,1770700
7233,1909500
7234,2045800
7235,1733700
7236,1755400
7237,1665200
7238,1689000
7239,1738700
7240,1685100
7241,1698700
7242,1789500
7243,1857600
7244,1815900
7245,2000800
7246,1698300
7247,1658700
7248,1628300
7249,1639500
7250,1681900
7251,1510700
7252,1795000
7253,1779500
7254,1664400
7255,1736200
7256,1561400
7257,1594000
7258,1632600
7259,1618000
7260,1597200
7261,1599600
7262,1646500
7263,1820200
7264,1826700
7265,1767500
7266,1628500
7267,1559900
7268,1626100
7269,1520300
7270,1550400
7271,1603900
7272,1625500
7273,2107900
7274,2015600
7275,1694500
7276,1606800
7277,1628700
7278,1713900
7279,1645000
7280,1625600
7281,1568200
7282,1755500
7283,1704700
7284,1606300
7285,1667500
7286,1646000
7287,1621000
7288,1607600
7289,1626900
7290,1538800
7291,1558500
7292,1963000
7293,1724000
7294,1568800
7295,1634700
7296,1626300
7297,1665800
7298,1581800
7299,1543200
7300,1588300
7301,1554400
7302,2100700
7303,2102300
7304,1712800
7305,1691700
7306,1609800
7307,1641400
7308,1643000
7309,1485100
7310,1608800
7311,1711000
7312,1863400
7313,1756600
7314,1651800
7315,1564900
7316,1648000
7317,1550700
7318,1567200
7319,1613400
7320,1515100
7321,1753200
7322,1982300
7323,1608300
7324,1642300
7325,1636500
7326,1635900
7327,1663900
7328,1608500
7329,1610700
7330,1745600
7331,1610500
7332,1822100
7333,1815000
7334,1712500
7335,1670700
7336,1642800
7337,1639600
7338,1544800
7339,1526000
7340,1678700
7341,1681600
7342,1687900
7343,1686100
7344,1587200
7345,1620500
7346,1522900
7347,1506500
7348,1559200
7349,1543800
7350,1793000
7351,1595000
7352,1763900
7353,1793300
7354,1595700
7355,1622400
7356,1581600
7357,1542100
7358,1574500
7359,1636400
7360,1625600
7361,1601600
7362,1568400
7363,1789800
7364,1647400
7365,1557800
7366,1596300
7367,1585300
7368,1666300
7369,1677300
7370,1759400
7371,1618000
7372,1654000
7373,1834400
7374,1727300
7375,1566800
7376,1677300
7377,1669700
7378,2080500
7379,2047000
7380,1731300
7381,1725800
7382,1887200
7383,1747000
7384,1694700
7385,1662700
7386,1718400
7387,1754000
7388,1700500
7389,1638400
7390,1664600
7391,1678300
7392,1891900
7393,1751200
7394,1599400
7395,1620500
7396,1679000
7397,1768100
7398,1604500
7399,1571000
7400,1581400
7401,1641300
7402,1995100
7403,1656500
7404,1592700
7405,1660100
7406,1692500
7407,1624300
7408,1703000
7409,1528100
7410,1628800
7411,1549500
7412,1658400
7413,1696100
7414,1586300
7415,1717500
7416,1636700
7417,1571100
7418,1637400
7419,1572200
7420,1626100
7421,1576900
7422,1733500
7423,1688600
7424,1605600
7425,1723600
7426,1765200
7427,1724300
7428,1661900
7429,1571900
7430,1574700
7431,1582400
7432,1887100
7433,1741300
7434,1741500
7435,1642100
7436,1607700
7437,1597000
7438,1677400
7439,1656100
7440,1578300
7441,1576700
7442,1701100
7443,1681500
7444,1784300
7445,1660500
7446,1608000
7447,1568600
7448,1645300
7449,1576400
7450,1505900
7451,1641600
7452,2055800
7453,2686100
7454,1964300
7455,2311100
7456,2219100
7457,1913300
7458,1621600
7459,1656000
7460,1784200
7461,1680400
7462,1662800
7463,1645800
7464,1584900
7465,1636700
7466,1655600
7467,1640700
7468,1581000
7469,1746900
7470,1904400
7471,1736000
7472,1967000
7473,1815000
7474,1659000
7475,1620400
7476,1483800
7477,1672500
7478,1756800
7479,1608800
7480,1763400
7481,1604100
7482,1659700
7483,1552100
7484,1723000
7485,1554900
7486,1641400
7487,1590200
7488,1766200
7489,1740600
7490,1872500
7491,1728100
7492,1649500
7493,1596500
7494,1583600
7495,1629200
7496,1568600
7497,1605900
7498,1695300
7499,1574600
7500,2145500
7501,1817900
7502,1727400
7503,1642800
7504,1658800
7505,2024600
7506,1909700
7507,1848000
7508,2160700
7509,2546200
7510,2137300
7511,1816400
7512,1803800
7513,1679700
7514,1914400
7515,1932800
7516,1762900
7517,1640000
7518,2058600
7519,1908200
7520,1769400
7521,1816300
7522,2048800
7523,1935700
7524,1845600
7525,1746500
7526,1842900
7527,2288900
7528,1831000
7529,1694300
7530,1662700
7531,1713100
7532,1621700
7533,1574500
7534,1624200
7535,1537000
7536,1725900
7537,1607500
7538,1537700
7539,1544700
7540,1554700
7541,2071200
7542,1960700
7543,1716500
7544,1595900
7545,1641600
7546,1846100
7547,1729200
7548,1659200
7549,1626900
7550,1650000
7551,1600500
7552,1588900
7553,1701700
7554,1845000
7555,1634000
7556,1932700
7557,1651700
7558,1534400
7559,1827800
7560,1847000
7561,1692600
7562,1616900
7563,1641600
7564,1586700
7565,1610900
7566,1761800
7567,1720000
7568,1575100
7569,1625100
7570,1655200
7571,1633800
7572,1642100
7573,1570900
7574,1584500
7575,1534600
7576,1943300
7577,1768700
7578,1805800
7579,1804600
7580,1581200
7581,1668200
7582,1529100
7583,1561800
7584,1572300
7585,1625500
7586,1790600
7587,1631100
7588,1709100
7589,1531500
7590,1611400
7591,1504600
7592,1570100
7593,1498300
7594,1710000
7595,1830500
7596,2028800
7597,1763800
7598,1777900
7599,1599400
7600,1632400
7601,1542300
7602,1586400
7603,1611200
7604,1623800
7605,1543300
7606,1909300
7607,1795100
7608,1683700
7609,1535300
7610,1482700
7611,1526000
7612,1605800
7613,1575100
7614,1630900
7615,1560700
7616,1975700
7617,1965800
7618,1651100
7619,1656900
7620,1698200
7621,1596000
7622,1648700
7623,1593500
7624,1617800
7625,1626000
7626,1786000
7627,1970400
7628,1681000
7629,1643300
7630,1656000
7631,1564200
7632,1621000
7633,1548900
7634,1618900
7635,1588000
7636,1947500
7637,1608100
7638,1544400
7639,1592100
7640,1648600
7641,1562200
7642,1611200
7643,1534900
7644,1571300
7645,1831100
7646,2112500
7647,1918300
7648,1752300
7649,2137100
7650,1701100
7651,1600700
7652,1553100
7653,1605400
7654,1758700
7655,1843000
7656,1643200
7657,1590400
7658,1622900
7659,1591100
7660,1641800
7661,1641200
7662,1561100
7663,1609500
7664,1720600
7665,1871100
7666,1941500
7667,1740700
7668,1675000
7669,1627600
7670,1661300
7671,1601200
7672,1505000
7673,1659100
7674,1567000
7675,1753200
7676,1621300
7677,1567600
7678,1602800
7679,1660200
7680,1646000
7681,1552800
7682,1601300
7683,1701600
7684,1619000
7685,1732000
7686,1786000
7687,1644400
7688,1580500
7689,1679200
7690,1643700
7691,1560500
7692,1685700
7693,1683200
7694,1648900
7695,1610300
7696,1803400
7697,1667300
7698,1610900
7699,1640500
7700,1531900
7701,1640700
7702,1589900
7703,1672400
7704,1675500
7705,1541000
7706,1845000
7707,1662000
7708,1804000
7709,1611400
7710,1624900
7711,1625600
7712,1795900
7713,1722800
7714,1626100
7715,1642800
7716,1871000
7717,1677300
7718,1640500
7719,1607400
7720,1607900
7721,1797400
7722,1675700
7723,1678500
7724,1676500
7725,1603300
7726,1806000
7727,1658800
7728,1595100
7729,1678400
7730,1529600
7731,1939800
7732,1687300
7733,1623400
7734,1650700
7735,1777900
7736,1766400
7737,1624600
7738,1605400
7739,1594000
7740,1639700
7741,1589700
7742,1599600
7743,1588300
7744,1619200
7745,1602200
7746,1883300
7747,1929900
7748,1596000
7749,1703200
7750,2005900
7751,1848800
7752,1731000
7753,1634900
7754,1599400
7755,1840100
7756,1597900
7757,1589200
7758,1948600
7759,1854100
7760,1685200
7761,1625500
7762,1630300
7763,1595100
7764,1665900
7765,1838100
7766,1618000
7767,1628100
7768,1648000
7769,1655600
7770,1621100
7771,1619100
7772,1623700
7773,1625100
7774,1638600
7775,1782900
7776,1552900
7777,1716400
7778,1804600
7779,1720600
7780,1619300
7781,1643200
7782,1539600
7783,1758800
7784,1599500
7785,1616100
7786,1598200
7787,1768200
7788,1765700
7789,1551700
7790,1489000
7791,1629000
7792,1516400
7793,1599500
7794,1503000
7795,1740500
7796,1896000
7797,1699200
7798,1565700
7799,1689900
7800,1577100
7801,1555900
7802,1614400
7803,1638300
7804,1590200
7805,1768200
7806,1720400
7807,1787400
7808,1639700
7809,1604100
7810,1614800
7811,1692700
7812,1538900
7813,1561300
7814,1604100
7815,1579800
7816,1879200
7817,1663900
7818,1598400
7819,1576200
7820,1553000
7821,1634900
7822,1570700
7823,1599700
7824,1627500
7825,1618300
7826,1887600
7827,1724500
7828,1571000
7829,1578400
7830,1677900
7831,1624200
7832,1583400
7833,1599600
7834,1551700
7835,1941700
7836,1986200
7837,1633800
7838,1586100
7839,1650500
7840,1552700
7841,1590600
7842,1609600
7843,1558400
7844,1632300
7845,1625900
7846,1765500
7847,1750800
7848,1713500
7849,1667400
7850,1708700
7851,1549600
7852,1566100
7853,1599200
7854,1573800
7855,1831300
7856,1940300
7857,1689000
7858,1715400
7859,1586000
7860,1750000
7861,1658400
7862,1658700
7863,1591700
7864,1714600
7865,1826000
7866,2014700
7867,1738600
7868,1668800
7869,1604600
7870,1648700
7871,1637200
7872,1605200
7873,1650300
7874,1826600
7875,1819900
7876,1734000
7877,1554700
7878,1649900
7879,1620500
7880,1606900
7881,1620000
7882,1783200
7883,1598200
7884,1603300
7885,1655000
7886,1731600
7887,1602100
7888,1602400
7889,1642300
7890,1644400
7891,1539400
7892,1688600
7893,1661000
7894,1509900
7895,1758500
7896,1897300
7897,1663000
7898,1674600
7899,1533200
7900,1597100
7901,1581800
7902,1866900
7903,1850400
7904,1707800
7905,1782900
7906,1676700
7907,1670300
7908,1647700
7909,1532400
7910,1613200
7911,1717600
7912,1626600
7913,1630600
7914,1650900
7915,1661800
7916,1684600
7917,1580700
7918,1610200
7919,1571900
7920,1670000
7921,1736700
7922,1707700
7923,1512700
7924,1618300
7925,1493300
7926,1721400
7927,1725100
7928,1676000
7929,1527300
7930,1760300
7931,1662800
7932,1596000
7933,1622700
7934,1588500
7935,1522100
7936,1920700
7937,1715500
7938,1575400
7939,1658900
7940,1876700
7941,1766000
7942,1661800
7943,1556600
7944,1653600
7945,1556700
7946,1804200
7947,1603500
7948,1757000
7949,1659700
7950,1720200
7951,1556200
7952,1537500
7953,1595100
7954,1547400
7955,1665000
7956,1881300
7957,1652200
7958,1618600
7959,1675600
7960,1579500
7961,1583800
7962,1634600
7963,1659900
7964,1588600
7965,1515300
7966,2007400
7967,1652700
7968,1664900
7969,1779800
7970,1728000
7971,1651400
7972,1582400
7973,1550500
7974,1561700
7975,1536300
7976,1827300
7977,1610600
7978,1930400
7979,2143200
7980,1778600
7981,1635500
7982,1649400
7983,1634600
7984,1611300
7985,1762200
7986,1740800
7987,1781200
7988,1860800
7989,1653200
7990,1549900
7991,1728500
7992,1610600
7993,1617100
7994,1614500
7995,2341900
7996,1841900
7997,1771700
7998,1683000
7999,1927500
8000,1620800
8001,1603800
8002,1616400
8003,1621700
8004,1662600
8005,2036900
8006,1830600
8007,1699500
8008,1530300
8009,1552400
8010,1619500
8011,1614800
8012,1522200
8013,1615200
8014,1687900
8015,1830000
8016,1643200
8017,1647700
8018,1649600
8019,1621200
8020,1560900
8021,1538400
8022,1587700
8023,1486900
8024,1507000
8025,1807000
8026,1686400
8027,1841100
8028,1707500
8029,1660900
8030,1589300
8031,1575200
8032,1638500
8033,1513500
8034,1944100
8035,1982200
8036,1737500
8037,1558800
8038,1692900
8039,1578000
8040,1585200
8041,1687300
8042,1527000
8043,1735800
8044,1701200
8045,1836800
8046,1609000
8047,1627700
8048,1555200
8049,1569300
8050,1668300
8051,1567200
8052,1556500
8053,2152800
8054,2400000
8055,2317100
8056,1885600
8057,1929900
8058,1700700
8059,1702100
8060,1701600
8061,1802800
8062,1645300
8063,1841500
8064,1835500
8065,1618000
8066,1665300
8067,1594700
8068,1607600
8069,1657400
8070,1710500
8071,1743000
8072,1590100
8073,1807900
8074,1720500
8075,1580000
8076,1610700
8077,1518800
8078,1632400
8079,1584500
8080,1782800
8081,1540600
8082,1630300
8083,1853200
8084,1745300
8085,1592900
8086,1528300
8087,1526000
8088,1635700
8089,1689100
8090,1683300
8091,1622700
8092,1641200
8093,1585900
8094,1906300
8095,1746900
8096,1649400
8097,1615700
8098,1823100
8099,2005400
8100,1962000
8101,1655700
8102,1712900
8103,1855900
8104,1666900
8105,1662700
8106,1689100
8107,1732100
8108,1850900
8109,1984100
8110,2122900
8111,2336500
8112,2225900
8113,2048400
8114,2066900
8115,2142600
8116,2075300
8117,1947100
8118,2181600
8119,2028200
8120,1958700
8121,1800600
8122,1833600
8123,2360000
8124,2413900
8125,1997400
8126,1892800
8127,1789700
8128,2099800
8129,1864600
8130,1913300
8131,1840700
8132,1652100
8133,1592500
8134,1637300
8135,1539900
8136,1604600
8137,1703700
8138,1850900
8139,1751300
8140,1758500
8141,1986400
8142,1777100
8143,1686800
8144,1590000
8145,1689000
8146,1594500
8147,1764300
8148,1581500
8149,1799600
8150,1636700
8151,1646000
8152,1580000
8153,1643700
8154,1577200
8155,1524500
8156,1671400
8157,1943800
8158,1951500
8159,1806200
8160,1710600
8161,1570100
8162,1684100
8163,1617900
8164,1606700
8165,1615000
8166,1574000
8167,1728800
8168,1824300
8169,1646000
8170,1592700
8171,1617000
8172,1532900
8173,1566700
8174,1626300
8175,1486200
8176,1600000
8177,1774300
8178,1886300
8179,1610000
8180,1658400
8181,1601800
8182,1547300
8183,1597600
8184,1502700
8185,1561800
8186,1523000
8187,1707600
8188,2057800
8189,1799400
8190,1594100
8191,1519300
8192,1629400
8193,1648000
8194,1590100
8195,1644100
8196,1557600
8197,1910400
8198,1852600
8199,1703000
8200,1608500
8201,1630400
8202,1630000
8203,1614700
8204,1574300
8205,1570800
8206,1610000
8207,1765300
8208,1728700
8209,1587200
8210,1598000
8211,1613900
8212,1630600
8213,1489100
8214,1589600
8215,1577500
8216,1768800
8217,1656300
8218,1819100
8219,1643300
8220,1654700
8221,1519500
8222,1661700
8223,1538000
8224,1586600
8225,1611900
8226,1942200
8227,1687500
8228,1924100
8229,1567800
8230,1571300
8231,1644600
8232,1589200
8233,1618800
8234,1677100
8235,1909200
8236,2012000
8237,1931500
8238,1977500
8239,1962500
8240,1683600
8241,1734700
8242,1660500
8243,1630100
8244,1844500
8245,1653700
8246,1709600
8247,1756900
8248,1621100
8249,1665000
8250,1532000
8251,1666200
8252,1725400
8253,1656400
8254,1661900
8255,1601100
8256,1623600
8257,1922900
8258,1729300
8259,1538600
8260,1688100
8261,1622100
8262,1602000
8263,1866900
8264,1649500
8265,1623700
8266,1631000
8267,1731800
8268,1728600
8269,1591600
8270,1626600
8271,1572000
8272,1754600
8273,1639800
8274,1655100
8275,1523900
8276,1500300
8277,1834300
8278,1726800
8279,1568700
8280,1569100
8281,1531400
8282,1824800
8283,2085300
8284,2202600
8285,2180400
8286,2192400
8287,1911800
8288,1859200
8289,1791900
8290,1912900
8291,1881400
8292,1993600
8293,1763000
8294,1714300
8295,1727500
8296,1697400
8297,1560500
8298,1596600
8299,1788900
8300,1673700
8301,1576600
8302,1637000
8303,1832500
8304,1588900
8305,1744700
8306,1550400
8307,1681900
8308,1679000
8309,1682600
8310,1597300
8311,1544600
8312,1597000
8313,1693200
8314,1514400
8315,1626800
8316,1599000
8317,1616300
8318,1771200
8319,1797800
8320,1666100
8321,1649100
8322,1660800
8323,1621400
8324,1600600
8325,1830700
8326,1659000
8327,1796400
8328,1710700
8329,1755300
8330,1658300
8331,1625000
8332,1581700
8333,1569000
8334,1538300
8335,1885700
8336,1760200
8337,2015000
8338,1549800
8339,1637100
8340,1634800
8341,1642600
8342,1593700
8343,1611500
8344,1581700
8345,1866400
8346,1788500
8347,1780500
8348,1744100
8349,1671200
8350,1639900
8351,1662300
8352,1580100
8353,1581400
8354,1676800
8355,1783800
8356,1643800
8357,1614200
8358,1625100
8359,1687600
8360,1596800
8361,1626300
8362,1635600
8363,1583800
8364,1526300
8365,1856600
8366,1676700
8367,1568700
8368,1535500
8369,1726500
8370,1654900
8371,1638400
8372,1590800
8373,1626100
8374,1795000
8375,1948600
8376,1629600
8377,1677200
8378,1652700
8379,1642700
8380,1519700
8381,1561600
8382,1634300
8383,1569100
8384,1708100
8385,1764400
8386,1633700
8387,1648200
8388,1666700
8389,1541100
8390,1640100
8391,1591100
8392,1608200
8393,1853900
8394,1629000
8395,2100000
8396,1689200
8397,1700400
8398,1504500
8399,1593900
8400,1509700
8401,1612200
8402,1633100
8403,1736000
8404,1624300
8405,1684300
8406,1596700
8407,1709100
8408,1610800
8409,1620900
8410,1657800
8411,1674900
8412,1665500
8413,1576700
8414,1557200
8415,1718900
8416,1733200
8417,1613200
8418,1632000
8419,1653500
8420,1512600
8421,1600200
8422,1667600
8423,1572000
8424,1533400
8425,1814600
8426,1942000
8427,1602000
8428,1581600
8429,1495800
8430,1648600
8431,1780900
8432,1750900
8433,1533300
8434,1638200
8435,1659800
8436,1714900
8437,1641600
8438,1577500
8439,1639300
8440,1660100
8441,1612200
8442,1574200
8443,1590300
8444,1678000
8445,1689400
8446,1839400
8447,1611100
8448,1664700
8449,1648800
8450,1736100
8451,1605600
8452,1499800
8453,1558900
8454,1528900
8455,1454600
8456,2016700
8457,1708400
8458,1628800
8459,1686000
8460,1828800
8461,1695100
8462,1637200
8463,1557400
8464,1599800
8465,1736700
8466,1984800
8467,1849300
8468,2037300
8469,2036100
8470,1860100
8471,1815000
8472,1904200
8473,1892400
8474,2079700
8475,2023300
8476,1959300
8477,2321800
8478,2462600
8479,2243600
8480,2014600
8481,2159300
8482,2374900
8483,1998600
8484,2280300
8485,2081000
8486,1852200
8487,2002200
8488,1955500
8489,1914400
8490,2395000
8491,1996700
8492,2214700
8493,1925200
8494,1968100
8495,1954000
8496,2019300
8497,2161600
8498,2207600
8499,2179500
8500,2234700
8501,2518200
8502,2957500
8503,2019000
8504,2394400
8505,2705900
8506,2464200
8507,2251800
8508,2051600
8509,1927400
8510,2000400
8511,1890700
8512,1955700
8513,2594100
8514,2137300
8515,1938600
8516,2024900
8517,1935700
8518,1865500
8519,4062200
8520,2603800
8521,2051300
8522,1952900
8523,1796000
8524,1912200
8525,1796100
8526,1858800
8527,1833500
8528,2219400
8529,2326800
8530,1856500
8531,1692400
8532,1718800
8533,1599900
8534,1746200
8535,1770300
8536,1803300
8537,1994600
8538,2066700
8539,1892000
8540,1794400
8541,1631900
8542,1710300
8543,1760000
8544,1799200
8545,1976000
8546,2113000
8547,2445200
8548,1774900
8549,1635500
8550,1654100
8551,1843500
8552,1654100
8553,1710800
8554,2072800
8555,2553100
8556,2371600
8557,2099600
8558,1835900
8559,1793200
8560,1744000
8561,2012400
8562,1889200
8563,1864700
8564,2188000
8565,1936600
8566,2026800
8567,2264500
8568,1756900
8569,1830900
8570,1820800
8571,1806000
8572,2327700
8573,2159500
8574,1847600
8575,1822700
8576,1819100
8577,1695900
8578,1924200
8579,1892500
8580,2755500
8581,1980400
8582,1707500
8583,1623100
8584,1595700
8585,1709900
8586,1786600
8587,1846000
8588,1793000
8589,2024700
8590,2294000
8591,1770900
8592,1617400
8593,1736400
8594,1589400
8595,1788000
8596,1752900
8597,1794100
8598,1824300
8599,2270900
8600,2184400
8601,2035600
8602,1710800
8603,1795200
8604,1763800
8605,1744000
8606,1750100
8607,1793900
8608,2092300
8609,1729400
8610,1871500
8611,1746800
8612,1827200
8613,1881700
8614,2063800
8615,2255900
8616,1860600
8617,1772800
8618,1610900
8619,1682400
8620,1890300
8621,2111300
8622,1925400
8623,1950000
8624,1837900
8625,2180400
8626,1799100
8627,1760800
8628,1961200
8629,2668300
8630,2403700
8631,2078100
8632,2257700
8633,2228800
8634,2418600
8635,1880700
8636,1704300
8637,1642800
8638,1776300
8639,1695500
8640,1708400
8641,1886500
8642,2107400
8643,1947700
8644,1908600
8645,1858300
8646,1844600
8647,2035100
8648,2299800
8649,1760100
8650,1760900
8651,1668300
8652,2241500
8653,1904400
8654,1776200
8655,1715300
8656,1937200
8657,1889900
8658,1801500
8659,1884900
8660,2066600
8661,1928700
8662,1800700
8663,1770400
8664,1754400
8665,1736500
8666,1861300
8667,2286600
8668,2083300
8669,2081800
8670,2044800
8671,2337500
8672,2148700
8673,1934800
8674,2005500
8675,2003500
8676,2554200
8677,2215100
8678,2150400
8679,1969700
8680,2480800
8681,3008200
8682,2165200
8683,2305300
8684,2115100
8685,2082400
8686,2024900
8687,1959800
8688,2105500
8689,2059500
8690,2309100
8691,2293700
8692,1899800
8693,1873000
8694,1970500
8695,1937900
8696,1835700
8697,2033300
8698,2300900
8699,2682000
8700,2927500
8701,2017500
8702,1985200
8703,1992000
8704,1925500
8705,2078100
8706,2047800
8707,2161900
8708,2040600
8709,1976700
8710,2023800
8711,1935500
8712,2015800
8713,3124500
8714,2842700
8715,1934700
8716,1905700
8717,2011400
8718,1944600
8719,2044300
8720,2107900
8721,2150000
8722,2565900
8723,2106000
8724,1747600
8725,1828000
8726,1852200
8727,1929200
8728,1912600
8729,1855800
8730,1947100
8731,2003100
8732,2180500
8733,2656900
8734,1895000
8735,1941300
8736,2023400
8737,2029700
8738,1916500
8739,2380900
8740,2099700
8741,1892400
8742,2009100
8743,2259600
8744,2065200
8745,2178800
8746,3048100
8747,2217300
8748,1787700
8749,1726500
8750,2030600
8751,1941100
8752,1974800
8753,2077100
8754,2077600
8755,2204700
8756,2148400
8757,1784400
8758,1877100
8759,1796800
8760,2071500
8761,1815700
8762,1929000
8763,2306700
8764,2692200
8765,3357200
8766,2551500
8767,2051400
8768,2061900
8769,2257700
8770,2864400
8771,2393800
8772,2090100
8773,2098500
8774,2121100
8775,2068100
8776,2014800
8777,2472100
8778,3153700
8779,2200300
8780,1898100
8781,1800700
8782,1940100
8783,1839500
8784,1823900
8785,2182200
8786,2377900
8787,2420800
8788,2101800
8789,1858200
8790,1814800
8791,1960300
8792,1889400
8793,2014100
8794,2240200
8795,2131200
8796,2352800
8797,2575700
8798,1828700
8799,1757300
8800,1762300
8801,2232100
8802,2147500
8803,1934600
8804,1996000
8805,2030400
8806,1908600
8807,2047900
8808,1981600
8809,2055800
8810,2507200
8811,2857000
8812,2986600
8813,2357200
8814,2565200
8815,1993000
8816,2952300
8817,3297000
8818,3839500
8819,3363400
8820,3531300
8821,3795700
8822,3126800
8823,2480000
8824,2995900
8825,2933600
8826,3595600
8827,2361900
8828,2199700
8829,1986400
8830,1843800
8831,2148300
8832,2925000
8833,2229600
8834,1856900
8835,1818900
8836,1780700
8837,1736000
8838,1760800
8839,1777900
8840,1824500
8841,1999600
8842,1908500
8843,1962300
8844,2383700
8845,2091000
8846,2215400
8847,1762600
8848,1780400
8849,1790200
8850,1894500
8851,1770500
8852,1703500
8853,1773900
8854,1817800
8855,1913700
8856,2027600
8857,1731300
8858,1708000
8859,1664400
8860,1913700
8861,1816100
8862,1781100
8863,1899200
8864,1865700
8865,2218600
8866,2357400
8867,1732600
8868,1595000
8869,1774700
8870,1770000
8871,1619200
8872,1706800
8873,1781600
8874,2012200
8875,1942400
8876,1852300
8877,1698500
8878,1991700
8879,1974400
8880,2219000
8881,2243900
8882,1925600
8883,1676400
8884,1639600
8885,1715500
8886,1755100
8887,1802700
8888,1763500
8889,1920500
8890,2018300
8891,2035600
8892,1767300
8893,1700100
8894,1562500
8895,1731500
8896,2311400
8897,1892700
8898,1853400
8899,1854000
8900,2142100
8901,2026700
8902,1683200
8903,1616400
8904,1544000
8905,1888200
8906,1814400
8907,1715800
8908,1905300
8909,1831500
8910,1756600
8911,1709100
8912,1780800
8913,1806400
8914,2701000
8915,2677100
8916,1807800
8917,1782100
8918,1721900
8919,1718500
8920,1756100
8921,1751300
8922,1938900
8923,1858300
8924,1940800
8925,2053600
8926,1694300
8927,1663100
8928,1650400
8929,1785800
8930,1704400
8931,1813100
8932,2200600
8933,1990800
8934,1975900
8935,2228400
8936,1657100
8937,1640700
8938,1651500
8939,1751200
8940,1928700
8941,1970700
8942,1837900
8943,1887000
8944,1866600
8945,1806900
8946,1776800
8947,1808900
8948,2519400
8949,2766700
8950,1782800
8951,1628300
8952,1780500
8953,1665400
8954,1693900
8955,1689800
8956,1683600
8957,1885000
8958,2371200
8959,1840800
8960,1709100
8961,1621400
8962,1712100
8963,1619300
8964,1633200
8965,1731200
8966,1917200
8967,1993400
8968,2285300
8969,2157200
8970,1711200
8971,1639400
8972,1603900
8973,1716000
8974,1748500
8975,1784900
8976,1944400
8977,1938800
8978,1796000
8979,1771000
8980,1823100
8981,1759700
8982,1832200
8983,2281900
8984,2149300
8985,1962600
8986,1873000
8987,1668200
8988,1797300
8989,1635200
8990,1733800
8991,1721300
8992,2181900
8993,2077500
8994,2052100
8995,1724900
8996,1613700
8997,1674600
8998,1732600
8999,1713700
9000,1691800
9001,1987600
9002,1934000
9003,2645100
9004,1965400
9005,1610800
9006,1647100
9007,1744800
9008,1661300
9009,1897700
9010,1737500
9011,1824000
9012,1915000
9013,1916300
9014,1830000
9015,1824200
9016,1860700
9017,2586400
9018,1958400
9019,1673900
9020,1756700
9021,2069900
9022,1977400
9023,1793800
9024,1767000
9025,1976300
9026,1938900
9027,1855800
9028,1678700
9029,1722800
9030,1827300
9031,1805500
9032,1662100
9033,1656400
9034,1939600
9035,1929200
9036,1913700
9037,2354700
9038,1761300
9039,1979500
9040,1725300
9041,1751000
9042,1737200
9043,1998600
9044,1774100
9045,1868200
9046,1950400
9047,1879600
9048,2242600
9049,2087600
9050,2381600
9051,2222700
9052,1761600
9053,1636500
9054,1741700
9055,1775900
9056,1894800
9057,1865800
9058,1730600
9059,2226900
9060,2524600
9061,2102600
9062,1929400
9063,1670900
9064,1881600
9065,1980500
9066,1845800
9067,1919100
9068,1930800
9069,1881800
9070,2217800
9071,1961700
9072,1727500
9073,2031500
9074,2054500
9075,1973300
9076,1758400
9077,1741000
9078,1865900
9079,1896400
9080,1942100
9081,1801800
9082,2074200
9083,1956800
9084,2167500
9085,2248200
9086,1790900
9087,1751300
9088,1781300
9089,1715300
9090,1724200
9091,1979000
9092,2021900
9093,1829300
9094,2056400
9095,1830300
9096,1650100
9097,1693800
9098,1775100
9099,1747200
9100,1957300
9101,1810300
9102,1892700
9103,1759700
9104,2425500
9105,1746700
9106,1725900
9107,1603100
9108,1834600
9109,2359200
9110,1826300
9111,1791200
9112,1774800
9113,1977500
9114,1794500
9115,1856200
9116,1812600
9117,2263400
9118,2810400
9119,1929200
9120,1733100
9121,1599000
9122,1742100
9123,1731700
9124,1762100
9125,2105700
9126,2327000
9127,1927900
9128,1960200
9129,1739200
9130,1718200
9131,1735300
9132,1886700
9133,2021900
9134,1896100
9135,2242900
9136,1828100
9137,2193100
9138,1957400
9139,1628600
9140,1662600
9141,1789600
9142,2061600
9143,1968700
9144,2589900
9145,2334600
9146,2217300
9147,1927900
9148,1793000
9149,1868400
9150,1902100
9151,2773400
9152,2446300
9153,1712600
9154,1703900
9155,1670500
9156,1873300
9157,1908500
9158,1806200
9159,1892300
9160,2512100
9161,2113800
9162,1751900
9163,1692600
9164,1569700
9165,1970700
9166,1837300
9167,1698900
9168,1729500
9169,1984900
9170,2013400
9171,2517200
9172,1826900
9173,1973100
9174,2202800
9175,2410300
9176,2351800
9177,2389900
9178,2410700
9179,2349600
9180,2073100
9181,2070100
9182,2098100
9183,2396100
9184,3533400
9185,2060900
9186,2435100
9187,2029000
9188,2143000
9189,1943200
9190,2178900
9191,2548000
9192,2214700
9193,2358300
9194,1935500
9195,1756200
9196,1872300
9197,1870600
9198,2022600
9199,2281600
9200,2156600
9201,2151700
9202,2124700
9203,2063800
9204,1670100
9205,1564300
9206,1663400
9207,1793900
9208,1893300
9209,1972300
9210,2301400
9211,2115900
9212,2066400
9213,1868400
9214,1815400
9215,1942000
9216,2894000
9217,2446300
9218,1781800
9219,1711500
9220,1618800
9221,1770100
9222,1729700
9223,1717000
9224,1848700
9225,2107500
9226,2194600
9227,1686100
9228,1712800
9229,1564000
9230,1763900
9231,1741400
9232,1739800
9233,1827000
9234,2199200
9235,1865600
9236,2265300
9237,1961200
9238,1706200
9239,1642400
9240,1788000
9241,1793200
9242,1952000
9243,2251300
9244,1950100
9245,1831400
9246,1802100
9247,1735800
9248,1747900
9249,2027600
9250,2512700
9251,2399200
9252,1767800
9253,1643400
9254,1756600
9255,1717800
9256,1728400
9257,1707600
9258,1828400
9259,1853200
9260,2407500
9261,1763100
9262,1697900
9263,1718000
9264,1625800
9265,1665200
9266,1920200
9267,1710800
9268,1902300
9269,2135600
9270,2366300
9271,1783900
9272,1635000
9273,1541700
9274,1672500
9275,1689200
9276,1803600
9277,2472000
9278,2534300
9279,2225500
9280,2093900
9281,1953100
9282,2120300
9283,2528800
9284,2566200
9285,2072200
9286,1825100
9287,1728200
9288,1780400
9289,1687700
9290,1643000
9291,1758100
9292,1866400
9293,1857900
9294,2029900
9295,1695500
9296,1676600
9297,1626300
9298,1740100
9299,1721300
9300,1705000
9301,2369200
9302,1967900
9303,2114500
9304,2500300
9305,1796600
9306,1714900
9307,1617500
9308,1747900
9309,1862600
9310,1685600
9311,1723300
9312,1880600
9313,2127900
9314,1831300
9315,1826800
9316,1774000
9317,1701200
9318,2255400
9319,2311400
9320,1735800
9321,1892900
9322,1742700
9323,1699200
9324,1704400
9325,1649000
9326,1827800
9327,1855800
9328,1727200
9329,2054700
9330,1835300
9331,1713800
9332,1660200
9333,1675800
9334,1822500
9335,1870100
9336,1869700
9337,1788600
9338,1964800
9339,2770300
9340,1912400
9341,1716200
9342,1678800
9343,1924600
9344,1694800
9345,1844100
9346,1978200
9347,2057900
9348,2337900
9349,2225400
9350,1921400
9351,1877100
9352,1857800
9353,2088700
9354,2099000
9355,1708000
9356,1704800
9357,1678500
9358,1675700
9359,1713500
9360,1907600
9361,1909700
9362,1818600
9363,1842100
9364,2097500
9365,1789600
9366,2199800
9367,1807700
9368,2219000
9369,1710900
9370,1713300
9371,1853100
9372,2087800
9373,2360900
9374,2120300
9375,1854700
9376,1920700
9377,1835100
9378,1729100
9379,1748400
9380,1777100
9381,1914600
9382,1867100
9383,2166600
9384,1905300
9385,2101500
9386,2495900
9387,1857500
9388,1752100
9389,1716200
9390,1746000
9391,1898700
9392,2192800
9393,1873600
9394,1841500
9395,1977800
9396,2059700
9397,1711000
9398,1762600
9399,1671200
9400,1859000
9401,1880300
9402,1802200
9403,1804800
9404,1879000
9405,1854100
9406,2322000
9407,1745700
9408,1692800
9409,1985000
9410,1944600
9411,1712100
9412,1767600
9413,1864700
9414,1955000
9415,1798700
9416,1808900
9417,1765900
9418,2184900
9419,2518200
9420,1937500
9421,1656000
9422,1677800
9423,1725900
9424,1682000
9425,1698500
9426,1935700
9427,2088900
9428,2135200
9429,2155600
9430,1762900
9431,1692500
9432,1717200
9433,1740900
9434,1725000
9435,1796900
9436,1922500
9437,1859400
9438,1772500
9439,2283100
9440,1796900
9441,1632500
9442,1646900
9443,1741800
9444,1771000
9445,1967600
9446,1870000
9447,1775800
9448,1745200
9449,1816100
9450,1908900
9451,1806500
9452,1887700
9453,2388100
9454,2370900
9455,1879200
9456,1762200
9457,1775700
9458,1759800
9459,1780500
9460,1810600
9461,1850100
9462,1999400
9463,2078700
9464,1740800
9465,1719200
9466,1565300
9467,1771100
9468,1697500
9469,1730800
9470,1788400
9471,1847000
9472,2286800
9473,2323700
9474,1680500
9475,1625100
9476,1807100
9477,1745400
9478,1681900
9479,1711100
9480,1939100
9481,2222500
9482,1995100
9483,1870000
9484,1993500
9485,1907000
9486,2026500
9487,2376100
9488,1752000
9489,1759700
9490,1913500
9491,1796300
9492,1756200
9493,1670400
9494,1808900
9495,1845300
9496,1902300
9497,1941400
9498,1983000
9499,1825900
9500,1719100
9501,1896000
9502,1793500
9503,1784400
9504,1732600
9505,1773800
9506,1979100
9507,2241300
9508,1794900
9509,1644600
9510,1828700
9511,1767300
9512,1761200
9513,1742400
9514,1885500
9515,1955800
9516,2116700
9517,2291900
9518,2023900
9519,1938700
9520,2342100
9521,2083300
9522,1684300
9523,1646000
9524,1715600
9525,2072900
9526,1925200
9527,1822900
9528,1813900
9529,1904200
9530,1978600
9531,1680500
9532,1670300
9533,1661900
9534,2156100
9535,1888800
9536,1806100
9537,1832300
9538,1789800
9539,2055200
9540,2156500
9541,1762000
9542,1625200
9543,2152400
9544,1985900
9545,1772600
9546,1749000
9547,1796900
9548,1790800
9549,1872400
9550,1760500
9551,1927400
9552,2346100
9553,2521000
9554,1742100
9555,1688900
9556,1757300
9557,1708400
9558,1757800
9559,1749400
9560,2314000
9561,2183900
9562,1909000
9563,1917600
9564,1701600
9565,1773300
9566,1592900
9567,1703500
9568,1799200
9569,2050800
9570,1913200
9571,1802700
9572,1846800
9573,2184200
9574,1723200
9575,1653300
9576,1658000
9577,1966500
9578,1802800
9579,2009700
9580,1820200
9581,2018400
9582,1801900
9583,1798300
9584,1813100
9585,2105100
9586,2750500
9587,2566900
9588,1965800
9589,1833300
9590,1789100
9591,1911100
9592,1871900
9593,1949400
9594,1882300
9595,2060500
9596,2280200
9597,1763600
9598,1784700
9599,1659400
9600,1803700
9601,1956200
9602,1827800
9603,1775100
9604,2292200
9605,2128500
9606,2344100
9607,1751800
9608,1658700
9609,1703400
9610,1771400
9611,1662800
9612,1878600
9613,2079700
9614,1903300
9615,1914400
9616,1747400
9617,1755100
9618,2107600
9619,2294900
9620,2095100
9621,1778800
9622,1793900
9623,1684100
9624,1759200
9625,1813600
9626,1937300
9627,1922300
9628,1775200
9629,1997000
9630,2028200
9631,1851900
9632,1625600
9633,1766800
9634,1749400
9635,1837400
9636,1831000
9637,1868900
9638,2042600
9639,2557800
9640,1727500
9641,1706300
9642,1761800
9643,1874700
9644,1834200
9645,1808700
9646,1780900
9647,1805100
9648,1959300
9649,1760200
9650,1908200
9651,2100300
9652,2729000
9653,1899400
9654,1770100
9655,1663700
9656,1888400
9657,2058100
9658,1856700
9659,1801600
9660,1888700
9661,1907000
9662,2069800
9663,1699100
9664,1779000
9665,1608500
9666,1790000
9667,1748300
9668,1658700
9669,1767300
9670,1771400
9671,1830800
9672,2194700
9673,1952800
9674,1743000
9675,1852700
9676,2365100
9677,2565800
9678,2544800
9679,2295200
9680,2463800
9681,2104000
9682,2528300
9683,2543000
9684,2095700
9685,2602400
9686,1916400
9687,1793200
9688,1758500
9689,1803900
9690,2214500
9691,2040500
9692,2090100
9693,2225300
9694,2562800
9695,2233800
9696,1729400
9697,1735200
9698,2280500
9699,2235500
9700,2246000
9701,2296700
9702,2210800
9703,2459800
9704,2028400
9705,2167500
9706,1921200
9707,2011000
9708,2008800
9709,1994500
9710,1968200
9711,1926500
9712,2159200
9713,2378800
9714,2337600
9715,2198700
9716,2536000
9717,2732400
9718,1938900
9719,1980300
9720,2260500
9721,2163600
9722,1998400
9723,2199300
9724,2031900
9725,1810800
9726,2084400
9727,1896700
9728,1737900
9729,2037000
9730,1866400
9731,1797200
9732,1845200
9733,1862400
9734,1880600
9735,2440100
9736,2364300
9737,2325600
9738,1953800
9739,1925000
9740,1802700
9741,1707100
9742,1736500
9743,1907300
9744,1775800
9745,1778500
9746,2017200
9747,1862100
9748,2270900
9749,2373800
9750,1842700
9751,1822000
9752,1724900
9753,1755100
9754,1828900
9755,2017800
9756,1863600
9757,1902800
9758,2059400
9759,1816000
9760,1694400
9761,1638500
9762,1741500
9763,1811600
9764,1796800
9765,1786000
9766,1889400
9767,1800700
9768,2406500
9769,1805000
9770,1748500
9771,1655700
9772,1819900
9773,2130000
9774,1748100
9775,1755200
9776,1760700
9777,1969400
9778,1852900
9779,1810000
9780,1779000
9781,1935300
9782,2829700
9783,1960500
9784,1624700
9785,1850000
9786,1651200
9787,1721900
9788,1693100
9789,1669400
9790,1937500
9791,2117200
9792,2051000
9793,2118200
9794,2076500
9795,1990500
9796,1862500
9797,1967400
9798,2374600
9799,2514600
9800,2050800
9801,2636300
9802,1775600
9803,1681100
9804,1692500
9805,1757100
9806,1747300
9807,2043600
9808,1909300
9809,1937900
9810,1794900
9811,1807200
9812,1788300
9813,1794000
9814,2192400
9815,2314700
9816,1808900
9817,1797900
9818,1654300
9819,1635200
9820,1734900
9821,1781600
9822,1856400
9823,1771400
9824,1812700
9825,2225100
9826,1838400
9827,1745200
9828,1626500
9829,1791700
9830,1762200
9831,1700300
9832,1876800
9833,1804600
9834,2834100
9835,2199600
9836,1724600
9837,1608300
9838,1749000
9839,1713600
9840,1801900
9841,1856800
9842,1958300
9843,2160900
9844,1853400
9845,1713800
9846,1815900
9847,1743400
9848,2118000
9849,2145900
9850,1723400
9851,1955900
9852,2130200
9853,1763500
9854,1813300
9855,2122400
9856,1856200
9857,1866800
9858,2036800
9859,1754100
9860,1764400
9861,1784500
9862,1760700
9863,1626700
9864,1723300
9865,1884400
9866,2167600
9867,2271900
9868,3442500
9869,2171300
9870,1893100
9871,1754200
9872,1730200
9873,1741900
9874,1739700
9875,1886200
9876,1891200
9877,2049300
9878,1754800
9879,1739800
9880,2119100
9881,2422600
9882,1824600
9883,1677700
9884,1824700
9885,1787200
9886,2111400
9887,1839300
9888,1872600
9889,2126500
9890,2208100
9891,1845400
9892,1745800
9893,1653700
9894,1846500
9895,1874300
9896,1739900
9897,1769500
9898,1868700
9899,1885800
9900,2275000
9901,1719300
9902,1684400
9903,1653900
9904,1908600
9905,1780400
9906,1753400
9907,1784300
9908,1744900
9909,1869200
9910,2148500
9911,1966700
9912,2089500
9913,2174400
9914,2391600
9915,1796700
9916,1643900
9917,1844300
9918,2090400
9919,1915300
9920,1699600
9921,2012800
9922,1920300
9923,1945900
9924,2030200
9925,1606100
9926,1689700
9927,1709300
9928,1705700
9929,1710300
9930,1968200
9931,2011800
9932,1847700
9933,1915800
9934,2268700
9935,1782700
9936,1681100
9937,1648200
9938,1758000
9939,1774400
9940,1899900
9941,1775600
9942,2135100
9943,1952100
9944,1859500
9945,1821300
9946,1756000
9947,2230300
9948,2910100
9949,1728500
9950,1654900
9951,1716400
9952,1786900
9953,1694800
9954,1766800
9955,1796200
9956,1909600
9957,2262400
9958,1770900
9959,1758400
9960,1677700
9961,1654800
9962,1677400
9963,1739600
9964,1770200
9965,1810700
9966,2336500
9967,2399100
9968,1919200
9969,1725900
9970,1694700
9971,1793200
9972,1674600
9973,1766500
9974,2014800
9975,2138100
9976,2072900
9977,1809400
9978,1832600
9979,1828800
9980,2028900
9981,2338200
9982,1922400
9983,1761700
9984,1918600
9985,1805100
9986,1766100
9987,1838500
9988,1811700
9989,2048200
9990,2184500
9991,1799800
9992,1919100
9993,1902400
9994,1799600
9995,1735400
9996,1736700
9997,1753400
9998,1862800
9999,1801400
10000,2395900
10001,1879700
10002,1745100
10003,1641600
10004,1867300
10005,1723300
10006,1765700
10007,1831400
10008,1825300
10009,1864300
10010,2355800
10011,1888300
10012,1924200
10013,1882700
10014,2171300
10015,2109100
10016,1715200
10017,1762800
10018,1907900
10019,1956800
10020,1824600
10021,1647700
10022,1750100
10023,1767500
10024,1985200
10025,1864400
10026,1732900
10027,1673000
10028,1916800
10029,1778200
10030,1670800
10031,1761300
10032,1795700
10033,2035800
10034,2277400
10035,1965500
10036,2128600
10037,1842600
10038,1793900
10039,1772100
10040,1704500
10041,1774300
10042,2147800
10043,1824500
10044,2050400
10045,2210400
10046,1927800
10047,2152100
10048,2361600
10049,1767000
10050,1740500
10051,1710600
10052,1875600
10053,1851000
10054,1863200
10055,1788000
10056,1783400
10057,1853300
10058,2035500
10059,1708500
10060,1753300
10061,1947700
10062,2244400
10063,2590000
10064,2323800
10065,2187800
10066,2362000
10067,2651600
10068,2013200
10069,1728700
10070,2028000
10071,1721800
10072,1791700
10073,1913700
10074,1855000
10075,2058500
10076,2125200
10077,2040800
10078,2309400
10079,2187500
10080,2021100
10081,2609100
10082,3160800
10083,2065400
10084,1869900
10085,1753100
10086,2004900
10087,1878100
10088,1865000
10089,1854400
10090,1994400
10091,1898500
10092,2009700
10093,1682700
10094,1725100
10095,2039200
10096,1806800
10097,1751900
10098,1816600
10099,1934200
10100,1876100
10101,1935300
10102,2115600
10103,1662800
10104,1862800
10105,1770700
10106,1876200
10107,2061600
10108,2238700
10109,2210100
10110,2199700
10111,2021200
10112,2035400
10113,1893400
10114,2048100
10115,2185000
10116,2415100
10117,1865400
10118,1708000
10119,1694400
10120,2327700
10121,1909500
10122,1893200
10123,1923200
10124,1852900
10125,1932900
10126,1821000
10127,1733200
10128,1630200
10129,1759800
10130,1931800
10131,1865300
10132,1735300
10133,1806000
10134,1927300
10135,2095800
10136,2169400
10137,1671800
10138,1912600
10139,1727700
10140,1852400
10141,1745700
10142,1707800
10143,1748500
10144,1912700
10145,1855800
10146,1775200
10147,2286700
10148,1996700
10149,2147800
10150,2284700
10151,1769200
10152,1736400
10153,1651600
10154,1727200
10155,2234700
10156,2024500
10157,1977500
10158,1832800
10159,2046300
10160,1788800
10161,1663300
10162,1658700
10163,1683900
10164,2448300
10165,2030800
10166,1809900
10167,1811800
10168,1905500
10169,2258800
10170,1787500
10171,1693300
10172,1836200
10173,1966400
10174,1736300
10175,1823600
10176,1745500
10177,1839400
10178,1868400
10179,1739500
10180,1950000
10181,2232500
10182,2311300
10183,2204900
10184,1715200
10185,1637400
10186,1644800
10187,1698700
10188,1661000
10189,1818600
10190,1779500
10191,2038400
10192,2078400
10193,2055600
10194,1804200
10195,1639400
10196,1596600
10197,1938100
10198,2145000
10199,1920200
10200,2010300
10201,1806300
10202,1794500
10203,2163300
10204,2079700
10205,2137900
10206,2185400
10207,2760800
10208,2133300
10209,2322900
10210,1981100
10211,2139000
10212,2469200
10213,2277900
10214,1903600
10215,2192400
10216,2397100
10217,2209100
10218,1949100
10219,1979500
10220,2249100
10221,2238400
10222,2390800
10223,2265500
10224,2397900
10225,2182200
10226,2095200
10227,1872800
10228,1888700
10229,1846700
10230,1789600
10231,2203800
10232,2252500
10233,2037500
10234,2286600
10235,3016600
10236,1896000
10237,1811300
10238,1949200
10239,2611600
10240,2072000
10241,2087900
10242,1907700
10243,1822000
10244,1790400
10245,1856700
10246,1907300
10247,1997200
10248,2198400
10249,2199700
10250,1854500
10251,1772700
10252,1715300
10253,1742900
10254,1667400
10255,1722600
10256,2045200
10257,2155200
10258,2493000
10259,1957000
10260,1872100
10261,1734600
10262,1633000
10263,1751900
10264,2167600
10265,2198100
10266,1974200
10267,1959500
10268,2198800
10269,1830800
10270,1680200
10271,1579900
10272,1642600
10273,1839300
10274,1946000
10275,1870000
10276,1849300
10277,1828300
10278,1782100
10279,1725700
10280,1754900
10281,1888400
10282,2624700
10283,2415500
10284,1750500
10285,1645700
10286,1592200
10287,1733200
10288,1784800
10289,1787800
10290,1834300
10291,2437100
10292,2178300
10293,1732000
10294,1660000
10295,1675100
10296,1704600
10297,1748800
10298,1787400
10299,1836200
10300,2313300
10301,1887800
10302,2378600
10303,1689700
10304,1682500
10305,1660700
10306,1694300
10307,1698800
10308,2017300
10309,2045300
10310,1866400
10311,2207900
10312,2255800
10313,2062000
10314,1913400
10315,2500000
10316,3369100
10317,2069000
10318,1696400
10319,1687000
10320,1724400
10321,1712100
10322,1717200
10323,1969700
10324,2038800
10325,2545200
10326,1930600
10327,1777800
10328,1727800
10329,1743300
10330,1754400
10331,1914200
10332,1806900
10333,1869100
10334,2011900
10335,2350800
10336,1760500
10337,1568700
10338,1677600
10339,1720800
10340,1776200
10341,1739600
10342,1910400
10343,1973100
10344,1866700
10345,1737300
10346,1715400
10347,1728700
10348,1749200
10349,2117000
10350,2426900
10351,1949800
10352,1982200
10353,1644100
10354,1682900
10355,1708700
10356,1825500
10357,1935000
10358,1967400
10359,1896200
10360,2389000
10361,1797000
10362,1631200
10363,1668800
10364,1733400
10365,1735700
10366,1858100
10367,1781200
10368,1894000
10369,1849300
10370,2459300
10371,1876700
10372,1700800
10373,1724500
10374,1969700
10375,1808500
10376,1785900
10377,1790300
10378,1814900
10379,2072300
10380,1883500
10381,1862900
10382,1779300
10383,2012200
10384,2635000
10385,2047800
10386,1759400
10387,1878800
10388,1950000
10389,1981600
10390,2230700
10391,1770500
10392,1732500
10393,1752000
10394,2099600
10395,1655200
10396,1700300
10397,1680600
10398,1700200
10399,1924000
10400,1787700
10401,1746000
10402,1869200
10403,1744800
10404,2242700
10405,2205800
10406,1741600
10407,1755700
10408,1890800
10409,2140300
10410,1747900
10411,1697100
10412,1757500
10413,1944800
10414,1992300
10415,1773300
10416,1871000
10417,1927500
10418,2151000
10419,2314300
10420,1679000
10421,1690100
10422,1856200
10423,1994800
10424,1979100
10425,1840100
10426,1846900
10427,1918800
10428,2047300
10429,1620300
10430,1665900
10431,1658300
10432,1907900
10433,1897300
10434,1737300
10435,1688200
10436,1792800
10437,1911800
10438,2271200
10439,1880500
10440,2039400
10441,2033200
10442,1833100
10443,1671400
10444,1717800
10445,1797600
10446,1799100
10447,1763400
10448,1833800
10449,2045200
10450,2056200
10451,2208700
10452,2123900
10453,1949100
10454,1693900
10455,1685300
10456,1692800
10457,1767800
10458,2304900
10459,2005600
10460,1820400
10461,1776200
10462,1959700
10463,1666900
10464,1604300
10465,1630100
10466,1663800
10467,2347900
10468,1891900
10469,1837600
10470,1806600
10471,1782700
10472,2262400
10473,1813700
10474,1572900
10475,1797300
10476,2195900
10477,1801300
10478,1771000
10479,1785100
10480,1766600
10481,1689300
10482,1824900
10483,1754000
10484,1900600
10485,2168700
10486,2501800
10487,1939600
10488,1771000
10489,1660000
10490,1562100
10491,1789200
10492,1768200
10493,1811800
10494,2007800
10495,1896000
10496,2050900
10497,1733800
10498,1587000
10499,1674800
10500,1872200
10501,2702200
10502,1962300
10503,1959000
10504,1787200
10505,2164700
10506,2061300
10507,1690000
10508,2002100
10509,1813500
10510,1783600
10511,1816400
10512,1906100
10513,1807600
10514,1732800
10515,1778500
10516,1829100
10517,1927900
10518,1937000
10519,2235000
10520,2451100
10521,1717000
10522,1705100
10523,1730700
10524,1798500
10525,1717000
10526,1945700
10527,1771700
10528,1841400
10529,2640800
10530,1868300
10531,1738200
10532,1671000
10533,1718200
10534,2076700
10535,1767700
10536,1756200
10537,1849500
10538,2214800
10539,2323100
10540,1673000
10541,1685600
10542,1677200
10543,1894700
10544,1695900
10545,1678500
10546,1757800
10547,1985800
10548,1874700
10549,1813100
10550,1921700
10551,1902900
10552,2033000
10553,2183000
10554,2157700
10555,2192600
10556,1829400
10557,1773000
10558,1695300
10559,1862400
10560,1843800
10561,1855700
10562,1835900
10563,1948000
10564,1840200
10565,1675400
10566,1722400
10567,1747700
10568,2283800
10569,1909500
10570,1751400
10571,1839500
10572,1805400
10573,2498400
10574,1938900
10575,1980800
10576,1701300
10577,1749000
10578,1785800
10579,1642000
10580,1818300
10581,1793200
10582,1978500
10583,1856700
10584,2152100
10585,2291200
10586,2453700
10587,3051700
10588,2577800
10589,2271100
10590,2273600
10591,2167400
10592,2085500
10593,2084500
10594,2117700
10595,2115800
10596,2127200
10597,2171200
10598,2072800
10599,2062200
10600,2025000
10601,1972800
10602,2039100
10603,2194000
10604,2084600
10605,3165000
10606,2380900
10607,2037900
10608,2060300
10609,1914300
10610,1861400
10611,1829200
10612,1864600
10613,2424800
10614,1870300
10615,1828600
10616,1742500
10617,1840400
10618,2461800
10619,1757000
10620,1762200
10621,1843700
10622,2125700
10623,1730700
10624,1815000
10625,1809800
10626,1801100
10627,1813700
10628,1935000
10629,1616200
10630,2366300
10631,2069900
10632,1930100
10633,1871000
10634,1894200
10635,1786800
10636,1942800
10637,1946700
10638,2616600
10639,1837500
10640,1786700
10641,1725200
10642,1806400
10643,1983700
10644,1830100
10645,1869100
10646,2512000
10647,2349300
10648,1835400
10649,1835800
10650,1844900
10651,2320400
10652,2308500
10653,1736400
10654,1841800
10655,1871500
10656,1897900
10657,1764300
10658,1764600
10659,1748000
10660,1873800
10661,2107700
10662,1857200
10663,1627500
10664,1877200
10665,1982400
10666,1773900
10667,1748200
10668,1679000
10669,1973200
10670,1989500
10671,2419700
10672,1874900
10673,2180800
10674,1934700
10675,1822100
10676,1716200
10677,1837400
10678,1878900
10679,2071700
10680,1869300
10681,1815900
10682,2059800
10683,1981300
10684,2144300
10685,2144000
10686,1691100
10687,1832500
10688,1659900
10689,1808100
10690,1749500
10691,1910300
10692,1897100
10693,2047600
10694,2074500
10695,1769100
10696,1865000
10697,1686200
10698,1767900
10699,1823500
10700,2224200
10701,1850100
10702,1771900
10703,1816600
10704,2430700
10705,1864500
10706,1738300
10707,1672400
10708,1829900
10709,1816200
10710,1717400
10711,1858000
10712,1899300
10713,2008100
10714,1831600
10715,1798900
10716,1824100
10717,1983800
10718,2367400
10719,2125700
10720,1795800
10721,1844300
10722,1769600
10723,1788700
10724,1754700
10725,1794400
10726,2005300
10727,1971800
10728,2162500
10729,2214100
10730,2076600
10731,1818700
10732,2555500
10733,2209000
10734,2261700
10735,1929200
10736,1826600
10737,2444700
10738,2054500
10739,1663500
10740,1693200
10741,1704400
10742,1679800
10743,1950000
10744,1824200
10745,1876100
10746,2260100
10747,2148000
10748,2415100
10749,2218400
10750,2573000
10751,2588300
10752,3382300
10753,2133600
10754,1928000
10755,1944600
10756,1867700
10757,1958300
10758,2189900
10759,2702200
10760,2666500
10761,1978100
10762,1831600
10763,1802100
10764,1913300
10765,1992700
10766,2053600
10767,2049900
10768,2052700
10769,2084300
10770,2073000
10771,1665300
10772,1720700
10773,1648600
10774,1880100
10775,2079400
10776,1898700
10777,1814600
10778,1896300
10779,1789400
10780,1773400
10781,1778300
10782,1782200
10783,3200600
10784,2989300
10785,2306600
10786,1952200
10787,1951100
10788,2063700
10789,2067800
10790,2547300
10791,2312900
10792,1840800
10793,2074000
10794,1778400
10795,1743100
10796,1578600
10797,1785800
10798,1736300
10799,1862900
10800,1891400
10801,1724100
10802,1796100
10803,2494200
10804,1721300
10805,1660900
10806,1646100
10807,1842600
10808,1894700
10809,1800800
10810,1859700
10811,1887500
10812,1887800
10813,1783100
10814,1771600
10815,1855300
10816,2478700
10817,2551900
10818,1857700
10819,1633200
10820,1685100
10821,1715400
10822,1830300
10823,1992200
10824,2000100
10825,1883400
10826,1993600
10827,1948400
10828,1801000
10829,1568000
10830,1627200
10831,1778000
10832,2070600
10833,2214000
10834,2252300
10835,2124000
10836,2272900
10837,2562200
10838,1841700
10839,2016400
10840,1994500
10841,1669100
10842,1890000
10843,1829200
10844,1901300
10845,1751300
10846,1864300
10847,1716600
10848,1977400
10849,1937300
10850,2203600
10851,2414400
10852,1877000
10853,1685800
10854,1640700
10855,1775500
10856,1983400
10857,1759600
10858,1785300
10859,1839900
10860,2255200
10861,1748000
10862,1654300
10863,1693400
10864,1778300
10865,1924600
10866,1729600
10867,1743800
10868,1822600
10869,2368200
10870,2362500
10871,1853100
10872,1833300
10873,1754600
10874,1827700
10875,1752400
10876,1653300
10877,1911400
10878,1999200
10879,1894100
10880,1867300
10881,1839400
10882,1920100
10883,2068900
10884,2218800
10885,2101700
10886,1897000
10887,1746300
10888,1645600
10889,2014500
10890,1989600
10891,1869300
10892,1915900
10893,1895800
10894,2056000
10895,1741900
10896,1690900
10897,1624200
10898,1814000
10899,1766600
10900,1724800
10901,2042700
10902,1886400
10903,2257800
10904,2904000
10905,2339000
10906,1852200
10907,1749000
10908,1748000
10909,1859900
10910,1917100
10911,1848000
10912,1822900
10913,1902100
10914,1981600
10915,1749500
10916,1841800
10917,1777300
10918,1963800
10919,2266100
10920,1704900
10921,1768800
10922,1831400
10923,1852100
10924,1733200
10925,1660000
10926,2103400
10927,1843000
10928,1967600
10929,2153200
10930,2197000
10931,1769700
10932,1747400
10933,1819100
10934,1756100
10935,1691500
10936,1793700
10937,1800100
10938,2352200
10939,2286600
10940,1761800
10941,1730200
10942,1766700
10943,1738800
10944,1776000
10945,1678000
10946,1874900
10947,1908900
10948,2085400
10949,1876700
10950,1802800
10951,1885600
10952,2488900
10953,1966000
10954,1677900
10955,1683000
10956,2143100
10957,2229800
10958,1911500
10959,1805200
10960,1877000
10961,1739300
10962,2219500
10963,2027500
10964,2080100
10965,2018600
10966,2141000
10967,2028600
10968,2065000
10969,1852700
10970,1965900
10971,2038700
10972,2278500
10973,1932000
10974,1692500
10975,1630800
10976,1805500
10977,1650200
10978,1965600
10979,1832200
10980,2004600
10981,1858400
10982,1929400
10983,1828200
10984,1775900
10985,2058200
10986,2414900
10987,1777300
10988,1635200
10989,1874500
10990,1829100
10991,2170800
10992,1903300
10993,1836100
10994,2075900
10995,1826900
10996,1916000
10997,1669600
10998,1770000
10999,1717900
11000,2056700
11001,1788000
11002,1702500
11003,1724200
11004,1752100
11005,1933900
11006,2454900
11007,1771800
11008,1906900
11009,1785000
11010,1774200
11011,1741000
11012,1750800
11013,1726100
11014,2201300
11015,1766200
11016,1751600
11017,1823900
11018,2164500
11019,2084000
11020,2241000
11021,1863800
11022,1882400
11023,1648000
11024,1723800
11025,1654200
11026,1858500
11027,1904200
11028,1929900
11029,1870900
11030,1990000
11031,1731700
11032,1654900
11033,1588900
11034,1776800
11035,1737800
11036,2142100
11037,1827100
11038,1844000
11039,2084600
11040,2301600
11041,1771100
11042,1667700
11043,1708200
11044,1865300
11045,1913800
11046,1755900
11047,1735800
11048,2139700
11049,1799600
11050,1761500
11051,1758300
11052,1764000
11053,2252900
11054,2495100
11055,1754300
11056,1826500
11057,1757600
11058,1751700
11059,1749900
11060,1750000
11061,1863400
11062,1893100
11063,2031500
11064,2010600
11065,1777700
11066,1729600
11067,1658400
11068,1781700
11069,1660700
11070,1680100
11071,2009500
11072,1879900
11073,2518900
11074,2341900
11075,1677600
11076,1663500
11077,1709200
11078,1633500
11079,1656500
11080,2030200
11081,1873100
11082,2738000
11083,2896900
11084,2573000
11085,1827100
11086,1974000
11087,2687900
11088,2594900
11089,2936100
11090,2547300
11091,1866800
11092,1740500
11093,1745400
11094,1787700
11095,2026800
11096,2117600
11097,1864900
11098,1699400
11099,1801100
11100,1705700
11101,1713600
11102,1685100
11103,1857200
11104,2641100
11105,2366200
11106,2843900
11107,2221700
11108,2145800
11109,2027600
11110,1988900
11111,2260700
11112,2174300
11113,2151600
11114,1995800
11115,1932000
11116,2054400
11117,2082400
11118,2136500
11119,3511400
11120,2165400
11121,2054000
11122,1839300
11123,2085400
11124,1901300
11125,1929800
11126,2341700
11127,2618400
11128,2352200
11129,1957700
11130,1866700
11131,1743600
11132,1849300
11133,1928700
11134,2061500
11135,1963800
11136,1934500
11137,2227100
11138,2042800
11139,1751800
11140,1769700
11141,1665300
11142,2243900
11143,3955000
11144,2690900
11145,1887900
11146,1792800
11147,1754800
11148,1685400
11149,2395500
11150,2645700
11151,2447800
11152,1912500
11153,1808100
11154,1660500
11155,1832100
11156,2239700
11157,3065900
11158,3202300
11159,2513200
11160,1870700
11161,2000500
11162,1913200
11163,1698400
11164,1601300
11165,1821700
11166,1961800
11167,1691900
11168,1796000
11169,1761700
11170,1894200
11171,2341600
11172,2826700
11173,2270400
11174,2119900
11175,1794600
11176,1796200
11177,1768400
11178,1878100
11179,1913000
11180,1956900
11181,1834700
11182,1834300
11183,2332400
11184,2570500
11185,1836500
11186,1724100
11187,1792200
11188,2846000
11189,2550600
11190,2273400
11191,1916100
11192,1804900
11193,1774700
11194,2149500
11195,1735600
11196,1788000
11197,1674100
11198,1858300
11199,1790300
11200,1915500
11201,1774600
11202,1814900
11203,2182500
11204,3226600
11205,2180900
11206,1953800
11207,1844000
11208,1876900
11209,1751300
11210,2046100
11211,2233300
11212,1853900
11213,1895000
11214,1841700
11215,1756500
11216,2335100
11217,2435800
11218,2087800
11219,2037200
11220,1879900
11221,2060700
11222,2027800
11223,2043400
11224,2411900
11225,2172300
11226,1969200
11227,2544700
11228,2424700
11229,2094700
11230,1789200
11231,1746600
11232,1831200
11233,2576000
11234,3220800
11235,2804200
11236,2359000
11237,1827400
11238,1664000
11239,1899400
11240,1763800
11241,1668800
11242,1756800
11243,1811300
11244,1771700
11245,1751300
11246,1772500
11247,1771100
11248,2998900
11249,3513300
11250,4412000
11251,2805700
11252,2128300
11253,2189000
11254,2429800
11255,2311700
11256,2328100
11257,1958100
11258,1975100
11259,2135600
11260,2664800
11261,3557800
11262,3266500
11263,2465800
11264,1877400
11265,2060400
11266,2464600
11267,4351900
11268,3704800
11269,2348100
11270,1973900
11271,2134400
11272,2027900
11273,2126800
11274,2162000
11275,1847600
11276,1886200
11277,1803700
11278,1733000
11279,2168500
11280,2973800
11281,3172800
11282,2580600
11283,1890400
11284,1914500
11285,1695300
11286,2015000
11287,2564900
11288,2237400
11289,2420600
11290,1779900
11291,1676700
11292,1649700
11293,1706800
11294,1822500
11295,2569000
11296,2494200
11297,2974100
11298,1970600
11299,2321200
11300,1798100
11301,1923300
11302,2836600
11303,2512600
11304,2363600
11305,1961000
11306,1753700
11307,1816000
11308,2038000
11309,2815400
11310,2707100
11311,2269600
11312,2710900
11313,2375800
11314,1815900
11315,1742800
11316,1669500
11317,1699800
11318,1730100
11319,1650600
11320,1825800
11321,1952100
11322,2092700
11323,2625100
11324,3169600
11325,2816400
11326,2564900
11327,3046500
11328,2061000
11329,1880100
11330,2438400
11331,2314500
11332,2227300
11333,1789600
11334,1863500
11335,2463100
11336,2256900
11337,2201300
11338,1816800
11339,1769500
11340,1871400
11341,1961500
11342,1892400
11343,2299800
11344,2804200
11345,3197700
11346,2666600
11347,1965800
11348,2051900
11349,1924800
11350,2441400
11351,2198800
11352,1794100
11353,1836200
11354,1722300
11355,1781200
11356,1800800
11357,1885300
11358,2913600
11359,2360300
11360,2651000
11361,2325300
11362,1832200
11363,1791000
11364,1729400
11365,1773600
11366,2522100
11367,1958200
11368,1936900
11369,1791600
11370,1663100
11371,1646300
11372,1799100
11373,1734400
11374,1899600
11375,3154000
11376,2856500
11377,2453900
11378,1977700
11379,2018500
11380,1749300
11381,1767000
11382,1887600
11383,1826000
11384,1764800
11385,1733900
11386,1842200
11387,1769800
11388,2382400
11389,1983600
11390,2116800
11391,2194000
11392,2396300
11393,2873200
11394,2663300
11395,2402700
11396,2339900
11397,2882100
11398,3176100
11399,2756400
11400,2322900
11401,1986800
11402,2127200
11403,2349500
11404,3737600
11405,3132400
11406,2405200
11407,2593400
11408,2426000
11409,3546500
11410,4635100
11411,3371100
11412,2207900
11413,2340600
11414,3478500
11415,3683900
11416,2725200
11417,1994700
11418,1945600
11419,2067600
11420,1963700
11421,1958100
11422,2448400
11423,2081200
11424,1977400
11425,1811200
11426,1929500
11427,2568000
11428,2878600
11429,2684800
11430,2174600
11431,1880900
11432,1773100
11433,1693100
11434,1751000
11435,1600700
11436,1679500
11437,1540000
11438,1485300
11439,1807600
11440,1854700
11441,1648800
11442,1572200
11443,1745000
11444,2453500
11445,2212600
11446,1862500
11447,1586900
11448,1828300
11449,1613300
11450,1572400
11451,1504500
11452,1771500
11453,1663100
11454,1597800
11455,1602500
11456,1558700
11457,1608500
11458,1832400
11459,1719600
11460,1650600
11461,1780600
11462,2320300
11463,2251600
11464,1999900
11465,1593600
11466,1561200
11467,2059100
11468,1738700
11469,1655600
11470,1653700
11471,1641700
11472,1650800
11473,1550300
11474,1542500
11475,1576000
11476,1554900
11477,1662400
11478,1642800
11479,1674300
11480,2264800
11481,2361300
11482,2124600
11483,1587000
11484,1556900
11485,1560600
11486,1728000
11487,1697300
11488,1681400
11489,1659800
11490,1595400
11491,1653600
11492,1484800
11493,1616300
11494,1552000
11495,1526100
11496,1575200
11497,1645800
11498,2341700
11499,2717600
11500,2273200
11501,1814900
11502,1602600
11503,1634500
11504,1571600
11505,1793600
11506,1940800
11507,2208900
11508,2210900
11509,2044500
11510,1637600
11511,1531500
11512,1567200
11513,1568300
11514,1724700
11515,1850200
11516,2520000
11517,2313200
11518,1957700
11519,1575400
11520,1568700
11521,1547700
11522,1704000
11523,1834800
11524,1859400
11525,1727800
11526,1588400
11527,1671000
11528,1603000
11529,1545600
11530,1593500
11531,1561900
11532,1596500
11533,2266100
11534,3010200
11535,2620000
11536,2154100
11537,1652100
11538,1665100
11539,1544500
11540,1648600
11541,1758900
11542,1810900
11543,1583900
11544,1561800
11545,1522700
11546,1586500
11547,1573800
11548,1608900
11549,1588400
11550,1877300
11551,2573200
11552,2573500
11553,2007600
11554,1558400
11555,1632100
11556,1585000
11557,1499700
11558,1623300
11559,1704500
11560,1920400
11561,1988300
11562,1727700
11563,1629100
11564,1631700
11565,1774300
11566,1679300
11567,1654400
11568,1803400
11569,2665000
11570,2650000
11571,1907500
11572,1675300
11573,1668700
11574,1617500
11575,1656000
11576,1853200
11577,1871200
11578,1717800
11579,1761700
11580,1606700
11581,1658200
11582,1642300
11583,1594200
11584,1560600
11585,1829200
11586,2391300
11587,2222100
11588,2239100
11589,1542600
11590,1711700
11591,1509500
11592,1709700
11593,1606800
11594,2087800
11595,1597200
11596,1605300
11597,1820000
11598,1679100
11599,1649100
11600,1521100
11601,1659100
11602,1593800
11603,1754000
11604,2431900
11605,2137100
11606,1970800
11607,1739200
11608,1615200
11609,1599700
11610,1625600
11611,1748800
11612,1929400
11613,1710000
11614,1633500
11615,1587100
11616,1912500
11617,1751300
11618,1541100
11619,1639200
11620,2011500
11621,2712500
11622,2474300
11623,2035300
11624,1849700
11625,2166000
11626,1800100
11627,1557800
11628,1741900
11629,1683100
11630,1615800
11631,1565500
11632,1571800
11633,1673800
11634,1831800
11635,1787800
11636,1635600
11637,1573300
11638,1876700
11639,2519900
11640,2194600
11641,1680000
11642,1625100
11643,1652300
11644,1746600
11645,1625300
11646,1874700
11647,2680700
11648,3026600
11649,2284200
11650,1686000
11651,2065100
11652,1820300
11653,1700000
11654,2658900
11655,2289500
11656,1884900
11657,1643500
11658,1674800
11659,1751100
11660,2045000
11661,1763700
11662,1622400
11663,1595900
11664,1572700
11665,1589000
11666,1607400
11667,1621100
11668,1638000
11669,1620200
11670,1853500
11671,1850600
11672,1656500
11673,1607300
11674,1604900
11675,1510900
11676,1646600
11677,1523400
11678,1506000
11679,1560000
11680,2008900
11681,2703700
11682,2170700
11683,1804300
11684,1607400
11685,1513800
11686,1719200
11687,1598700
11688,1665200
11689,2611900
11690,2569800
11691,2159000
11692,1596800
11693,1600200
11694,1720400
11695,1678000
11696,1502800
11697,1735500
11698,1818400
11699,1540300
11700,1550800
11701,1642800
11702,1625600
11703,1675100
11704,1696900
11705,1465300
11706,1835200
11707,1819400
11708,1844400
11709,1761400
11710,1661100
11711,1595900
11712,1632100
11713,1548500
11714,1625900
11715,1679400
11716,2315900
11717,3201600
11718,2406200
11719,1670400
11720,1644900
11721,1604600
11722,1600400
11723,1921400
11724,3310400
11725,3017700
11726,2025000
11727,1718400
11728,1694000
11729,1671400
11730,1926900
11731,2606200
11732,2733900
11733,2373100
11734,1728400
11735,1815900
11736,1806800
11737,1876400
11738,1821000
11739,1662300
11740,1757600
11741,2338500
11742,2327800
11743,1756300
11744,1756100
11745,1687800
11746,1706000
11747,2483500
11748,2215500
11749,1840600
11750,1646000
11751,1692900
11752,1705700
11753,1543600
11754,1867500
11755,1847200
11756,1597000
11757,1632700
11758,1576100
11759,1780100
11760,1828500
11761,1619600
11762,1577000
11763,1563200
11764,2310600
11765,3363200
11766,4245800
11767,3712700
11768,2350100
11769,2066400
11770,1797000
11771,1826400
11772,1918200
11773,1722700
11774,2225000
11775,2045700
11776,1695400
11777,1996800
11778,3147700
11779,2859600
11780,2269800
11781,2201500
11782,1851200
11783,1770400
11784,1949800
11785,1970000
11786,1811400
11787,1572100
11788,1655500
11789,1655100
11790,1683200
11791,1788600
11792,1709500
11793,1950400
11794,2387100
11795,2228600
11796,1870900
11797,1610300
11798,1640400
11799,1823000
11800,1884900
11801,1868200
11802,1941700
11803,1814500
11804,1648300
11805,1736000
11806,1595100
11807,1605300
11808,1626700
11809,1726400
11810,1677400
11811,2166300
11812,2409400
11813,2125400
11814,1561100
11815,1619800
11816,1657600
11817,1596900
11818,1682600
11819,1750900
11820,1662100
11821,1523900
11822,1598100
11823,1660100
11824,1624900
11825,1516700
11826,1644100
11827,1616800
11828,1663200
11829,1929200
11830,2460300
11831,2065000
11832,1821900
11833,1607400
11834,1664800
11835,1572000
11836,1719600
11837,1643500
11838,1938800
11839,1751600
11840,1638000
11841,1656500
11842,1474800
11843,1668100
11844,1618500
11845,1611300
11846,1697600
11847,2150800
11848,2229400
11849,1755600
11850,1741900
11851,2053300
11852,1704000
11853,1646600
11854,1648400
11855,1628800
11856,2788100
11857,2486400
11858,2150900
11859,1750200
11860,1549600
11861,1594400
11862,1582700
11863,1608400
11864,2282500
11865,3115400
11866,2465100
11867,1566300
11868,1628000
11869,1550800
11870,1607400
11871,1567800
11872,1738800
11873,1775900
11874,1809800
11875,1651200
11876,1714000
11877,1622000
11878,1618800
11879,1610500
11880,1573800
11881,1631900
11882,1606100
11883,1587800
11884,1759500
11885,1653900
11886,1678300
11887,1552100
11888,1639400
11889,1729700
11890,1596700
11891,2037300
11892,2353100
11893,2651800
11894,2058500
11895,1594000
11896,1599500
11897,1650700
11898,1538100
11899,1690000
11900,2438200
11901,2037700
11902,2300700
11903,1725800
11904,1733600
11905,1674200
11906,1613000
11907,1852600
11908,1802100
11909,1754100
11910,1540900
11911,1907200
11912,1713400
11913,1561600
11914,1645000
11915,1614900
11916,1576600
11917,1748300
11918,1714000
11919,1628400
11920,1527700
11921,1734800
11922,1662000
11923,1564900
11924,1524800
11925,1616500
11926,2069200
11927,2398300
11928,2233200
11929,2187200
11930,1885200
11931,1601800
11932,1539900
11933,1553500
11934,1672500
11935,2173000
11936,2279500
11937,1991700
11938,1589500
11939,1674600
11940,1740300
11941,1697300
11942,1609800
11943,1642500
11944,1624400
11945,1956500
11946,1504900
11947,1581800
11948,1720100
11949,2034300
11950,1858300
11951,1638000
11952,1731900
11953,2427400
11954,2165900
11955,1876200
11956,1649500
11957,1548400
11958,2015200
11959,1772100
11960,1694400
11961,1561000
11962,1635400
11963,1600700
11964,1582500
11965,1540200
11966,1643500
11967,1626800
11968,1787600
11969,1564900
11970,1988700
11971,2820400
11972,2460800
11973,1955500
11974,1684800
11975,1657400
11976,1786500
11977,1723600
11978,1692100
11979,1664400
11980,1654600
11981,1557700
11982,1624500
11983,1554500
11984,1562000
11985,1597600
11986,1588100
11987,2037400
11988,2640700
11989,2108800
11990,1739000
11991,1663600
11992,1555300
11993,1632800
11994,1525800
11995,1521400
11996,2103900
11997,2684000
11998,2166200
11999,1772400
12000,1638000
12001,1665800
12002,1586100
12003,1590200
12004,1742600
12005,2342100
12006,2352900
12007,2226900
12008,1599100
12009,1612900
12010,1505400
12011,1573900
12012,1511700
12013,1643000
12014,1806300
12015,1651300
12016,1639600
12017,1603000
12018,1565300
12019,1634900
12020,1594800
12021,1670300
12022,1618700
12023,2285600
12024,3142600
12025,2285200
12026,1840200
12027,1568600
12028,1546300
12029,1604400
12030,1601100
12031,1706200
12032,1602900
12033,1726100
12034,1644100
12035,1695500
12036,1613800
12037,1630000
12038,1600300
12039,1594600
12040,1528700
12041,2105000
12042,2934900
12043,2224700
12044,1607800
12045,1564900
12046,1564300
12047,1652000
12048,1571700
12049,1608100
12050,1620400
12051,1647100
12052,1985100
12053,1733300
12054,1669100
12055,1651600
12056,1521900
12057,1539000
12058,1803300
12059,2324400
12060,2318700
12061,2353600
12062,1621900
12063,1578700
12064,1701600
12065,1591700
12066,1677000
12067,1640200
12068,1585800
12069,1589800
12070,1677800
12071,1877800
12072,1642500
12073,1529000
12074,1621400
12075,1597900
12076,2073000
12077,2330300
12078,2068500
12079,2024300
12080,1861800
12081,1746800
12082,1643600
12083,1632500
12084,1731200
12085,1571800
12086,1640000
12087,1626400
12088,1580100
12089,1702300
12090,1706900
12091,1647200
12092,1583900
12093,1621800
12094,1993900
12095,2649900
12096,2081700
12097,1901700
12098,1968500
12099,1652600
12100,1579300
12101,1694800
12102,1733600
12103,1586300
12104,1612000
12105,1653800
12106,1723300
12107,1683100
12108,1702000
12109,1759700
12110,1647300
12111,1589900
12112,2356500
12113,2522600
12114,2170700
12115,1650900
12116,1662700
12117,1693200
12118,1637800
12119,1632100
12120,1712400
12121,1691000
12122,1622300
12123,1664500
12124,1589400
12125,1701000
12126,1634900
12127,1741800
12128,1708800
12129,2142100
12130,2594300
12131,2459000
12132,2038300
12133,1706300
12134,1562900
12135,1779200
12136,1630500
12137,1798100
12138,1854900
12139,1596300
12140,1720800
12141,1686100
12142,1594600
12143,1534300
12144,1578400
12145,1822700
12146,1711700
12147,2279400
12148,2372100
12149,2114600
12150,1643300
12151,1596700
12152,1598200
12153,1586500
12154,1698800
12155,1918300
12156,1809800
12157,1667300
12158,1670200
12159,1540500
12160,1640500
12161,1581000
12162,1613600
12163,1580200
12164,1962200
12165,2542800
12166,2581200
12167,2041800
12168,1600800
12169,1463000
12170,1578400
12171,1557600
12172,1595700
12173,1997200
12174,1848900
12175,1690900
12176,1677900
12177,1619000
12178,1611100
12179,1588000
12180,1622100
12181,1540900
12182,1610800
12183,2852200
12184,2453700
12185,1920600
12186,1606500
12187,1556300
12188,1657700
12189,1557300
12190,1647400
12191,1787100
12192,1677200
12193,1705200
12194,1590300
12195,1529000
12196,1517800
12197,1506800
12198,1609700
12199,1600600
12200,2028100
12201,3378400
12202,2686300
12203,1995800
12204,1616400
12205,1638200
12206,1562800
12207,1736400
12208,1854700
12209,1802100
12210,1774500
12211,1710500
12212,1716700
12213,1675400
12214,1594900
12215,1603300
12216,1694200
12217,2217800
12218,2432700
12219,2545700
12220,1777800
12221,1646200
12222,1569000
12223,1538100
12224,1641000
12225,1665400
12226,1574100
12227,1664800
12228,1643200
12229,1773900
12230,1662400
12231,1549000
12232,1581200
12233,1725600
12234,1834100
12235,2580700
12236,2535600
12237,2201500
12238,1742700
12239,1723900
12240,1565200
12241,1615400
12242,1629200
12243,2005300
12244,1687500
12245,1620400
12246,1656900
12247,1797000
12248,1642300
12249,1633900
12250,1547400
12251,1517300
12252,1871400
12253,2472900
12254,2168300
12255,1808200
12256,1733900
12257,1698800
12258,1682200
12259,1610600
12260,1819400
12261,1645500
12262,1657200
12263,1637100
12264,1722100
12265,1644700
12266,1756500
12267,1657700
12268,1554900
12269,1474300
12270,2309700
12271,2545700
12272,2258200
12273,1628700
12274,1661200
12275,2016800
12276,1749800
12277,1628300
12278,1753600
12279,1582000
12280,1624500
12281,1673200
12282,1565200
12283,1589700
12284,1656800
12285,1691400
12286,1617300
12287,1559600
12288,2161800
12289,2512600
12290,2062800
12291,1636500
12292,1634600
12293,1594900
12294,1761900
12295,1671900
12296,1764200
12297,1665900
12298,1660800
12299,1643600
12300,1649500
12301,1546700
12302,1661900
12303,1475400
12304,1861800
12305,1725200
12306,2250300
12307,2379800
12308,2023400
12309,1669500
12310,1607100
12311,1613100
12312,1521100
12313,1936100
12314,1928000
12315,1752300
12316,1672100
12317,1619500
12318,1593100
12319,1596800
12320,1539800
12321,1559300
12322,1529000
12323,1970900
12324,2657800
12325,3132400
12326,2660100
12327,2412300
12328,1796800
12329,1697800
12330,2416100
12331,2714300
12332,2808900
12333,2334500
12334,2327600
12335,1922600
12336,1892900
12337,2227800
12338,1903000
12339,1848900
12340,1837600
12341,1749500
12342,1908900
12343,1813000
12344,1778700
12345,1933000
12346,2725400
12347,3124000
12348,2655300
12349,1954700
12350,1736300
12351,1754200
12352,2025800
12353,2872700
12354,2857600
12355,2500900
12356,1657200
12357,1697400
12358,1843500
12359,1947200
12360,2379200
12361,2687300
12362,2028300
12363,1869400
12364,1631400
12365,1778000
12366,1829000
12367,1932000
12368,2584600
12369,2901900
12370,2708200
12371,1749400
12372,1825400
12373,1700100
12374,2046900
12375,2623800
12376,2737300
12377,2903400
12378,1879500
12379,1733200
12380,1663700
12381,1697200
12382,2162500
12383,3155700
12384,3087100
12385,2293400
12386,1752800
12387,1820500
12388,1991500
12389,2134000
12390,2136900
12391,1946100
12392,2393400
12393,1885200
12394,1793600
12395,1769400
12396,1916500
12397,1944000
12398,1847300
12399,1705900
12400,1925400
12401,1992800
12402,1741700
12403,1762800
12404,1706100
12405,1901100
12406,2725600
12407,2617500
12408,2757400
12409,2116100
12410,1832200
12411,1736500
12412,2199500
12413,2770500
12414,2709100
12415,2479500
12416,1834000
12417,1748500
12418,1778500
12419,1792400
12420,1741900
12421,1817100
12422,1709500
12423,1970300
12424,1757200
12425,1850600
12426,1844500
12427,1758700
12428,1878700
12429,2495800
12430,2631200
12431,2525200
12432,1782900
12433,2037000
12434,1714900
12435,1914300
12436,2053100
12437,2969400
12438,2637300
12439,2118500
12440,1873300
12441,2164200
12442,1870400
12443,2078700
12444,3004600
12445,2558100
12446,1976500
12447,1776100
12448,1953200
12449,1839400
12450,1942000
12451,1903400
12452,1794800
12453,1943000
12454,1775300
12455,1702100
12456,1672700
12457,1963700
12458,1939800
12459,2148100
12460,2929700
12461,2596800
12462,1963000
12463,1697800
12464,1713900
12465,2042200
12466,2073800
12467,2761400
12468,2822700
12469,2305800
12470,1789900
12471,2253000
12472,2637200
12473,3869000
12474,3276400
12475,2886300
12476,2502800
12477,3089900
12478,4234300
12479,3669500
12480,3389700
12481,3084400
12482,3616500
12483,3810000
12484,2927000
12485,2956600
12486,2613000
12487,1920900
12488,2087100
12489,2541800
12490,2299400
12491,1976700
12492,1646300
12493,1552400
12494,1545500
12495,1723100
12496,1556200
12497,2210000
12498,2471300
12499,2136600
12500,1670900
12501,1681400
12502,1618800
12503,1630300
12504,1599700
12505,1688200
12506,1663400
12507,1611600
12508,1634900
12509,1693600
12510,1622700
12511,1614900
12512,1620400
12513,1643600
12514,1569700
12515,1809600
12516,2130100
12517,1741200
12518,1764800
12519,1674000
12520,1703300
12521,1554700
12522,1671400
12523,1543000
12524,2378500
12525,2859000
12526,2304400
12527,1681600
12528,1568000
12529,1516900
12530,1607600
12531,1661300
12532,2162400
12533,2425200
12534,2725100
12535,1630600
12536,1635300
12537,1620700
12538,1511000
12539,1590400
12540,1651300
12541,2467800
12542,2205400
12543,2587700
12544,1745100
12545,1618100
12546,1624300
12547,1678000
12548,1747500
12549,1573800
12550,1580200
12551,1666500
12552,1662400
12553,1704700
12554,1614300
12555,1607000
12556,1632100
12557,1646400
12558,2051600
12559,2414200
12560,2119500
12561,1943200
12562,1691900
12563,1628000
12564,1619300
12565,1506000
12566,1641300
12567,2282600
12568,2224000
12569,1996800
12570,1975700
12571,1845500
12572,1705100
12573,1651800
12574,1981700
12575,2428800
12576,2208700
12577,2072200
12578,1692800
12579,1831800
12580,1609000
12581,1670100
12582,1626900
12583,1716700
12584,1502300
12585,1588400
12586,1623600
12587,1640500
12588,1547400
12589,1909200
12590,1661600
12591,1613200
12592,1837900
12593,2436000
12594,2114700
12595,1867000
12596,1611000
12597,1674800
12598,1761800
12599,1651400
12600,1660000
12601,2142600
12602,2224900
12603,2060800
12604,1649500
12605,1530100
12606,1608900
12607,2004200
12608,1776600
12609,1781400
12610,2340700
12611,2109800
12612,1868900
12613,1585800
12614,1669300
12615,1612400
12616,1781700
12617,1744100
12618,1677500
12619,1624200
12620,1556700
12621,1529800
12622,1543100
12623,1748300
12624,1548900
12625,1644100
12626,1866900
12627,2118600
12628,2465600
12629,2130200
12630,1749200
12631,1646400
12632,1620000
12633,1619400
12634,1488000
12635,2015900
12636,2682300
12637,2375100
12638,1933400
12639,1614500
12640,1629100
12641,1505400
12642,1537800
12643,1557700
12644,2075900
12645,2740100
12646,2113500
12647,1804300
12648,1676000
12649,1643200
12650,1588600
12651,1636100
12652,1735800
12653,2181200
12654,1674800
12655,1556400
12656,1582400
12657,1637400
12658,1569000
12659,1571500
12660,1573900
12661,1543100
12662,1844900
12663,3377700
12664,2375100
12665,1834600
12666,1563000
12667,1645800
12668,1568200
12669,1664700
12670,1644300
12671,1828700
12672,1728700
12673,1654800
12674,1585600
12675,1594800
12676,1695800
12677,1571700
12678,1610100
12679,1749500
12680,2820700
12681,2789000
12682,2020800
12683,1552400
12684,1664100
12685,1630300
12686,1690200
12687,1786000
12688,1646900
12689,1580800
12690,1833300
12691,1674100
12692,1593300
12693,1710300
12694,1594500
12695,1548300
12696,1836900
12697,1844900
12698,1681100
12699,1693800
12700,1761000
12701,1677900
12702,1620200
12703,1709200
12704,1669300
12705,1732700
12706,2186900
12707,2330200
12708,2145900
12709,1862400
12710,1606600
12711,1650200
12712,1669200
12713,1616700
12714,1659100
12715,2343800
12716,2199800
12717,1851500
12718,1739400
12719,1742000
12720,1665600
12721,1672200
12722,1479300
12723,2270400
12724,2034100
12725,1767700
12726,1697100
12727,1920400
12728,1736600
12729,1627900
12730,1619700
12731,1728500
12732,1765500
12733,1750300
12734,1644700
12735,1578600
12736,1659500
12737,1821300
12738,1718300
12739,1689400
12740,1597200
12741,1762600
12742,2641600
12743,2146900
12744,1880100
12745,1647200
12746,1702100
12747,1720600
12748,1608700
12749,1637300
12750,1656700
12751,1596700
12752,1565000
12753,1602500
12754,1718900
12755,1577800
12756,1651100
12757,1652400
12758,1595300
12759,1665700
12760,1624200
12761,1696600
12762,1642800
12763,1687500
12764,1694200
12765,1569400
12766,1920400
12767,1735800
12768,1769800
12769,2258000
12770,2263700
12771,2088200
12772,1619400
12773,1562700
12774,1690700
12775,1831700
12776,1755100
12777,2372500
12778,2216800
12779,2026900
12780,1629500
12781,1585000
12782,1604800
12783,1588500
12784,1871200
12785,1852300
12786,1653600
12787,1667900
12788,1626500
12789,1603900
12790,1620200
12791,1633800
12792,1647600
12793,1568300
12794,2222800
12795,1819000
12796,1669200
12797,1685700
12798,1649900
12799,1701200
12800,1696200
12801,1512700
12802,1616600
12803,2223700
12804,2773700
12805,2314900
12806,1910600
12807,1718800
12808,1672300
12809,1531100
12810,1638900
12811,1679800
12812,1813100
12813,1770900
12814,1594600
12815,1590700
12816,1682700
12817,1484700
12818,1596500
12819,1662300
12820,1592500
12821,1998700
12822,3180500
12823,2510900
12824,1754700
12825,1710100
12826,1600400
12827,1630900
12828,1822100
12829,1550400
12830,1761200
12831,1693400
12832,1537200
12833,1606200
12834,1631800
12835,1525900
12836,1595900
12837,1637700
12838,1641600
12839,2467800
12840,2577800
12841,2208700
12842,1700900
12843,1629300
12844,1678900
12845,1521400
12846,1561600
12847,1860900
12848,2018100
12849,2472400
12850,2337800
12851,2176100
12852,1958000
12853,1861100
12854,2321800
12855,3075400
12856,2878100
12857,2533200
12858,1785700
12859,1768900
12860,1755200
12861,2087500
12862,1906300
12863,2557100
12864,2353000
12865,2111000
12866,1969400
12867,1721100
12868,1935600
12869,1860400
12870,1958400
12871,1820700
12872,1943300
12873,1980100
12874,1726100
12875,1778800
12876,1794400
12877,2522800
12878,3138600
12879,2266100
12880,2059900
12881,1710800
12882,1709400
12883,1556500
12884,1921300
12885,3001100
12886,2572400
12887,2167200
12888,1851600
12889,1614100
12890,1635800
12891,1713700
12892,1639700
12893,1637900
12894,1551600
12895,1649100
12896,1563400
12897,1570400
12898,1676700
12899,1705500
12900,1702300
12901,1577400
12902,1709900
12903,1593700
12904,1595100
12905,1613200
12906,1556800
12907,1683600
12908,1675200
12909,2042100
12910,1740400
12911,2501800
12912,3496200
12913,2634400
12914,2092900
12915,2075400
12916,1944300
12917,1696900
12918,2489400
12919,2359800
12920,2150200
12921,1615700
12922,1655800
12923,1633800
12924,1653700
12925,1619000
12926,1783700
12927,1648000
12928,1677900
12929,1608900
12930,1616700
12931,1602700
12932,1663100
12933,1513600
12934,1763500
12935,1775600
12936,1707200
12937,1572500
12938,1509200
12939,1617900
12940,1682100
12941,1648500
12942,1537300
12943,1648500
12944,1651400
12945,2187700
12946,2584500
12947,2207600
12948,1848100
12949,1615600
12950,1640500
12951,1666900
12952,1682600
12953,2032000
12954,2390500
12955,2339000
12956,2020400
12957,1614200
12958,1641600
12959,1705000
12960,1623300
12961,1514500
12962,1974400
12963,1766600
12964,1700800
12965,1676500
12966,1610800
12967,1613700
12968,1624000
12969,1576900
12970,1582000
12971,1561500
12972,2000100
12973,1822800
12974,1734200
12975,1666100
12976,1624600
12977,1616200
12978,1548100
12979,1495700
12980,1580500
12981,2350300
12982,2996700
12983,2175700
12984,1885600
12985,1625300
12986,1697200
12987,1782900
12988,2019100
12989,1966500
12990,1879400
12991,1659000
12992,1710900
12993,1662300
12994,1635300
12995,1642200
12996,1614600
12997,1793100
12998,2535200
12999,2281500
13000,2026500
13001,1674700
13002,1600900
13003,1689500
13004,1631800
13005,1866900
13006,1681900
13007,1638800
13008,1585700
13009,1846400
13010,1600500
13011,1680000
13012,1656100
13013,1604800
13014,1721400
13015,2781500
13016,2254100
13017,1906900
13018,1758100
13019,1629200
13020,1633200
13021,1749700
13022,1755000
13023,1614600
13024,1568900
13025,1645700
13026,1634400
13027,1694700
13028,1769300
13029,1541600
13030,1570200
13031,1622100
13032,1837400
13033,2462400
13034,2406900
13035,1854100
13036,1933900
13037,1855400
13038,1668300
13039,1635200
13040,1787500
13041,1775600
13042,1700600
13043,1543300
13044,1604900
13045,1650700
13046,1867900
13047,1719300
13048,1687100
13049,1871700
13050,2364800
13051,2235900
13052,2014900
13053,1652400
13054,1537900
13055,1861700
13056,1712500
13057,1549800
13058,1707400
13059,1655700
13060,1589400
13061,1581400
13062,1512100
13063,1671700
13064,1599400
13065,2166400
13066,1860700
13067,1818800
13068,2620300
13069,2147400
13070,1868800
13071,1637600
13072,1659200
13073,1631600
13074,1892400
13075,1624100
13076,1699000
13077,1691500
13078,1659700
13079,1638700
13080,1654900
13081,1526100
13082,1591100
13083,1550400
13084,1831500
13085,2196100
13086,2392400
13087,2141700
13088,1603600
13089,1598800
13090,1639400
13091,1510300
13092,1675500
13093,2057300
13094,1651400
13095,1621400
13096,1650700
13097,1609500
13098,1725400
13099,1604200
13100,1655200
13101,1547000
13102,1668700
13103,2106100
13104,2448700
13105,2022400
13106,1776000
13107,1712200
13108,1629200
13109,1693700
13110,1683800
13111,1622500
13112,1754600
13113,1656800
13114,1590700
13115,1573300
13116,1646600
13117,1569000
13118,1639900
13119,1508400
13120,1680800
13121,2142100
13122,2871300
13123,2309100
13124,1594900
13125,1635500
13126,1612800
13127,1678600
13128,1570500
13129,1828600
13130,1986800
13131,1681700
13132,1672200
13133,1634200
13134,1764900
13135,1612300
13136,1588700
13137,1552500
13138,1723300
13139,2264600
13140,2494700
13141,2221600
13142,1656200
13143,1600600
13144,1628000
13145,1547700
13146,1615300
13147,1743500
13148,1605300
13149,1753100
13150,1651700
13151,1649600
13152,1580400
13153,1603800
13154,1533600
13155,1559600
13156,1784300
13157,2567300
13158,2431600
13159,2360500
13160,1750300
13161,1544000
13162,1543500
13163,1587600
13164,1643200
13165,1590900
13166,1621400
13167,1637800
13168,1763700
13169,1666000
13170,1664500
13171,1607600
13172,1623000
13173,1614800
13174,2045400
13175,2546100
13176,2183300
13177,1979100
13178,1770500
13179,1636000
13180,1579900
13181,1687200
13182,1654600
13183,1594200
13184,1686700
13185,1620700
13186,1529700
13187,1700600
13188,1656900
13189,1636900
13190,1638000
13191,1657000
13192,1834900
13193,2571400
13194,2126400
13195,1835000
13196,1819400
13197,1856200
13198,1716000
13199,1670300
13200,1724300
13201,1710000
13202,1574800
13203,1611000
13204,1593400
13205,1579400
13206,1746700
13207,1732700
13208,1543200
13209,1638400
13210,1888100
13211,2631400
13212,2262500
13213,1948500
13214,1612600
13215,1732700
13216,1680800
13217,1583100
13218,1817800
13219,1741400
13220,1516700
13221,1640700
13222,1583000
13223,1587000
13224,1644100
13225,1818000
13226,1805500
13227,1677800
13228,2205800
13229,2617500
13230,2142900
13231,1793000
13232,1621800
13233,1578500
13234,1905600
13235,1726700
13236,1733300
13237,2461500
13238,2206600
13239,1933500
13240,1641000
13241,1627000
13242,1572800
13243,1817700
13244,1631200
13245,2262100
13246,2555400
13247,2160500
13248,1672500
13249,1683500
13250,1540400
13251,1547300
13252,2015200
13253,1842800
13254,1654700
13255,1669100
13256,1606200
13257,1628500
13258,1523100
13259,1595000
13260,1581500
13261,1684400
13262,1787400
13263,1773600
13264,1610600
13265,1608200
13266,1579900
13267,1537300
13268,1678300
13269,1524600
13270,1609400
13271,1672200
13272,2104500
13273,2702300
13274,2129500
13275,1799000
13276,1692900
13277,1571200
13278,1506600
13279,1633400
13280,1966000
13281,2980000
13282,2718800
13283,2283600
13284,1726100
13285,1678700
13286,1706600
13287,1614200
13288,1983100
13289,3096100
13290,2422700
13291,1953500
13292,1829000
13293,1641200
13294,1672900
13295,1693400
13296,1754000
13297,1953700
13298,1693300
13299,1647800
13300,1637400
13301,1663800
13302,1611300
13303,1649500
13304,1600900
13305,1769800
13306,3022800
13307,2465700
13308,1786500
13309,1537100
13310,1558900
13311,1714800
13312,1754000
13313,1977300
13314,2998900
13315,2995300
13316,1898600
13317,1610600
13318,1587200
13319,1641100
13320,1603100
13321,2116300
13322,2496900
13323,2614800
13324,1830300
13325,1666200
13326,1614800
13327,1609800
13328,1630400
13329,1884300
13330,2574400
13331,2594400
13332,2035300
13333,1652400
13334,1520900
13335,1650700
13336,1476700
13337,1781100
13338,2851200
13339,3143700
13340,3051800
13341,1808500
13342,1742100
13343,1721400
13344,1802100
13345,1946900
13346,1668000
13347,1616600
13348,1890000
13349,1730100
13350,1727300
13351,1744000
13352,1665900
13353,1956500
13354,2921300
13355,2500300
13356,2550900
13357,2199000
13358,1834500
13359,1623900
13360,1735100
13361,1688700
13362,1625200
13363,1625700
13364,1607700
13365,1943800
13366,1734400
13367,1623100
13368,1627000
13369,1480800
13370,2162600
13371,2416500
13372,2087900
13373,1649300
13374,1892800
13375,1893700
13376,1743400
13377,1654800
13378,1680600
13379,1761500
13380,1607900
13381,1611500
13382,1611500
13383,1581300
13384,1717000
13385,1678800
13386,1597100
13387,1745700
13388,2557000
13389,2322500
13390,1983100
13391,1633100
13392,1645700
13393,1743000
13394,1730700
13395,1585000
13396,1902800
13397,2018800
13398,2260100
13399,2179400
13400,1776200
13401,1665100
13402,2107700
13403,1917000
13404,2548100
13405,2969500
13406,2738100
13407,1901800
13408,1701800
13409,1817000
13410,1874300
13411,1999200
13412,1849600
13413,1951900
13414,1968500
13415,1780000
13416,1797600
13417,1768400
13418,1951300
13419,2627700
13420,3109700
13421,3782900
13422,3060300
13423,1980000
13424,2022000
13425,2112300
13426,1717100
13427,1643000
13428,1578600
13429,1622400
13430,1664900
13431,1630100
13432,1690700
13433,1623900
13434,2078800
13435,2053800
13436,1842100
13437,1681200
13438,1623100
13439,1602300
13440,1614300
13441,1613700
13442,1671500
13443,1947700
13444,2630000
13445,2373200
13446,1993400
13447,1620200
13448,1539800
13449,1583600
13450,1566200
13451,1770400
13452,2288200
13453,2594900
13454,2183300
13455,1626600
13456,1691600
13457,1585500
13458,1676900
13459,1529900
13460,2036900
13461,2568500
13462,1831000
13463,1998100
13464,1713300
13465,1636400
13466,1699900
13467,1486400
13468,1820800
13469,1846100
13470,1923600
13471,1629600
13472,1677300
13473,1611200
13474,1590100
13475,1518200
13476,1682500
13477,1895900
13478,2348100
13479,2850600
13480,2595300
13481,1678600
13482,1571600
13483,1620300
13484,1642800
13485,1819700
13486,2393600
13487,2239600
13488,2229500
13489,1622300
13490,1612900
13491,1668400
13492,1567800
13493,1648700
13494,1586600
13495,1676400
13496,1609300
13497,1647100
13498,1638200
13499,1696800
13500,1547800
13501,1589200
13502,1611500
13503,1587100
13504,1768900
13505,1626300
13506,1519700
13507,1665300
13508,1688800
13509,1572800
13510,1636500
13511,1529100
13512,1671500
13513,1830100
13514,2520200
13515,2096700
13516,1760900
13517,1707000
13518,1679100
13519,1630300
13520,1642600
13521,1780000
13522,2378600
13523,2350600
13524,2030600
13525,1701700
13526,1951700
13527,1660600
13528,1703100
13529,1550300
13530,2379800
13531,2490600
13532,2112500
13533,1684300
13534,1830100
13535,1811500
13536,1695900
13537,1786800
13538,1822800
13539,1587300
13540,1567700
13541,1595100
13542,1601100
13543,1834100
13544,1765300
13545,1754100
13546,1629100
13547,1814000
13548,2536700
13549,2059500
13550,1760500
13551,1609300
13552,1587800
13553,1882800
13554,1626700
13555,1673100
13556,1739100
13557,1662600
13558,1560300
13559,1699600
13560,1842900
13561,1526700
13562,1577100
13563,1846900
13564,1693200
13565,2451700
13566,2401600
13567,2179300
13568,1537600
13569,1641500
13570,1650200
13571,1526100
13572,1719500
13573,1952600
13574,1758300
13575,1667800
13576,1590200
13577,1600500
13578,1621900
13579,1618500
13580,1618500
13581,1605600
13582,1886300
13583,2590100
13584,2161400
13585,1836600
13586,1695100
13587,1586000
13588,1602200
13589,1599100
13590,1711500
13591,1784700
13592,1803500
13593,1674500
13594,1627400
13595,1593500
13596,1540500
13597,1630800
13598,1644900
13599,1679200
13600,2159800
13601,2863800
13602,2304100
13603,1636400
13604,1602100
13605,1607700
13606,1616900
13607,1622300
13608,1633900
13609,1722800
13610,1828700
13611,1610100
13612,1577100
13613,1593100
13614,1598400
13615,1646100
13616,1560000
13617,1881100
13618,2503800
13619,2585300
13620,2269400
13621,1691600
13622,1602600
13623,1568600
13624,1472600
13625,1816800
13626,1684700
13627,1669400
13628,1797200
13629,1669800
13630,1582400
13631,1649500
13632,1626100
13633,1637300
13634,1718700
13635,2310300
13636,2208600
13637,2491900
13638,1709600
13639,1634900
13640,1599400
13641,1526800
13642,1624200
13643,1643700
13644,1564400
13645,1621400
13646,1590300
13647,1921600
13648,1873700
13649,1638700
13650,1664400
13651,1598800
13652,2028800
13653,2435000
13654,2216400
13655,1710200
13656,1787900
13657,1690800
13658,1584400
13659,1650700
13660,1615200
13661,1652700
13662,1598800
13663,1585300
13664,1560600
13665,1547100
13666,1708000
13667,1730700
13668,1574800
13669,1577000
13670,1701500
13671,2427200
13672,2199900
13673,1886400
13674,1606900
13675,1681900
13676,1878600
13677,1617800
13678,1606700
13679,1724000
13680,1678700
13681,1684200
13682,1547500
13683,1675900
13684,1603100
13685,1601800
13686,1744500
13687,1621100
13688,2074900
13689,2583100
13690,2128400
13691,1681800
13692,1624800
13693,1589800
13694,1718100
13695,1719700
13696,1688800
13697,1563300
13698,1665800
13699,1652100
13700,1591300
13701,1586500
13702,1556000
13703,1662600
13704,1661500
13705,1815200
13706,2250700
13707,2372300
13708,2005400
13709,1647800
13710,1601700
13711,1539800
13712,1568900
13713,1552100
13714,2095600
13715,1675200
13716,1686500
13717,1681500
13718,1573000
13719,1638100
13720,1625000
13721,1543800
13722,1641000
13723,1646200
13724,2005600
13725,1738800
13726,1664200
13727,1578800
13728,1664300
13729,1644700
13730,1600300
13731,1608800
13732,1650700
13733,1785300
13734,2584800
13735,2437000
13736,1910400
13737,1637600
13738,1679600
13739,1599300
13740,1675100
13741,1544400
13742,2720100
13743,3049600
13744,2280300
13745,1673100
13746,1590400
13747,1631900
13748,1528000
13749,1714300
13750,1599300
13751,1979800
13752,1771200
13753,1583200
13754,1590900
13755,1578900
13756,1561200
13757,1607200
13758,1510900
13759,1757500
13760,1768700
13761,1898700
13762,1745400
13763,1560000
13764,1621000
13765,1565200
13766,1653800
13767,1660700
13768,1635800
13769,2265800
13770,3007200
13771,2319200
13772,1584700
13773,1604600
13774,1514700
13775,1652600
13776,1735700
13777,1851400
13778,1640600
13779,1809100
13780,1730600
13781,1671700
13782,1679800
13783,1592500
13784,1642600
13785,1506900
13786,1676200
13787,2491000
13788,2308900
13789,2341500
13790,1666000
13791,1588000
13792,1710700
13793,1598400
13794,1689100
13795,1706800
13796,1585900
13797,1577500
13798,1904400
13799,1663200
13800,1633300
13801,1589300
13802,1615400
13803,1520800
13804,2440500
13805,2761100
13806,2217000
13807,1883200
13808,1658500
13809,1562900
13810,1663600
13811,1765100
13812,1818300
13813,1725700
13814,1774800
13815,1587200
13816,1668000
13817,1791200
13818,1675800
13819,1647200
13820,1665300
13821,2214100
13822,2399100
13823,2213700
13824,1598600
13825,1723500
13826,1613800
13827,1615100
13828,1633300
13829,1849900
13830,2122400
13831,1860400
13832,1699500
13833,1667200
13834,1612400
13835,1943300
13836,1879800
13837,1679800
13838,1777500
13839,1717200
13840,1694300
13841,1742700
13842,1631800
13843,1698000
13844,1726200
13845,1841300
13846,1657600
13847,2058200
13848,2487900
13849,2094100
13850,1725900
13851,1694000
13852,1644600
13853,1648500
13854,1678900
13855,2027400
13856,2382900
13857,2103500
13858,1925200
13859,1657600
13860,1594400
13861,1661000
13862,1835000
13863,1792200
13864,1804800
13865,1591000
13866,1633400
13867,1667900
13868,1564400
13869,1581700
13870,1640100
13871,1526800
13872,1719600
13873,1876200
13874,1621900
13875,1658700
13876,1668400
13877,1606900
13878,1622200
13879,1624800
13880,1505300
13881,1652600
13882,1833700
13883,2258400
13884,2681400
13885,2180000
13886,1742900
13887,1587100
13888,1503300
13889,1626300
13890,1607100
13891,2043900
13892,2465300
13893,2319300
13894,1932900
13895,1564200
13896,1616200
13897,1595400
13898,1635200
13899,1942500
13900,3044100
13901,2594500
13902,2051600
13903,1680700
13904,1635100
13905,1642100
13906,1610600
13907,1797200
13908,1694000
13909,1690600
13910,1747400
13911,1581800
13912,1658800
13913,1614700
13914,1626800
13915,1506100
13916,1859400
13917,2330100
13918,2804900
13919,2070700
13920,1576400
13921,1596300
13922,1617600
13923,1584700
13924,1565100
13925,1671700
13926,1616800
13927,1839600
13928,1810400
13929,1668800
13930,1629900
13931,1649200
13932,1576200
13933,1690300
13934,1733900
13935,2421900
13936,2258600
13937,2286300
13938,1628400
13939,1531700
13940,1693700
13941,1672400
13942,1960100
13943,2431700
13944,2235600
13945,2588000
13946,1619700
13947,1608600
13948,1571400
13949,1638800
13950,1632100
13951,2280600
13952,3379700
13953,4013800
13954,2301300
13955,1863400
13956,1810600
13957,2016800
13958,1869000
13959,1785100
13960,1729600
13961,1927000
13962,1859200
13963,1765700
13964,1735700
13965,2541600
13966,3102800
13967,3130300
13968,2909100
13969,1933700
13970,1854600
13971,1811200
13972,1887200
13973,1925800
13974,1697200
13975,1696700
13976,1568400
13977,1863800
13978,1706700
13979,1582400
13980,1579100
13981,2378200
13982,2860300
13983,3064200
13984,2775900
13985,2086000
13986,1794300
13987,1860800
13988,2012600
13989,1820600
13990,1596300
13991,1659200
13992,1649800
13993,1760800
13994,1644600
13995,1616600
13996,1874500
13997,2184300
13998,2155200
13999,2070500
14000,1670600
14001,1598200
14002,1724600
14003,1657000
14004,1571100
14005,2095300
14006,2076800
14007,1722000
14008,1934400
14009,1870300
14010,1659100
14011,1739200
14012,1993900
14013,2100300
14014,2555700
14015,2268300
14016,1701100
14017,1661200
14018,1675000
14019,1627300
14020,1646900
14021,1724800
14022,1670800
14023,1644300
14024,1625800
14025,1643400
14026,1620900
14027,1561200
14028,1656500
14029,1560900
14030,1707500
14031,1972400
14032,1698100
14033,1566900
14034,1530300
14035,1650900
14036,1633800
14037,1645600
14038,1637500
14039,1608100
14040,1799400
14041,1750300
14042,1707200
14043,1632800
14044,1629100
14045,1671500
14046,1644700
14047,1616900
14048,1570600
14049,1799500
14050,2933000
14051,2758700
14052,2104900
14053,1728000
14054,1640900
14055,1632200
14056,1603900
14057,1725600
14058,2436800
14059,2663900
14060,1973400
14061,1679200
14062,1601100
14063,1611500
14064,1655500
14065,1516200
14066,1779700
14067,1846300
14068,1834500
14069,1624600
14070,1787100
14071,1697000
14072,1601600
14073,1634000
14074,1640600
14075,1626600
14076,2478100
14077,3250800
14078,2073700
14079,1695200
14080,1638700
14081,1592300
14082,1660600
14083,1680000
14084,1576500
14085,1561400
14086,1869000
14087,1739700
14088,1720400
14089,1628000
14090,1611900
14091,1637200
14092,1542600
14093,1995600
14094,2440400
14095,2434700
14096,2099600
14097,1633300
14098,1596500
14099,1744100
14100,1627500
14101,1648000
14102,1706600
14103,1614500
14104,1686400
14105,1824000
14106,1653300
14107,1672900
14108,1554700
14109,1573200
14110,1830100
14111,3061800
14112,2156600
14113,1902300
14114,1731200
14115,1630400
14116,1636900
14117,1734300
14118,1827700
14119,2505800
14120,2062100
14121,1894700
14122,1815600
14123,1760700
14124,1611800
14125,1564800
14126,1714600
14127,1744900
14128,1627500
14129,1528900
14130,1698700
14131,1498200
14132,1750500
14133,1575900
14134,1629400
14135,1661200
14136,2039700
14137,1842700
14138,1662800
14139,1670300
14140,1643300
14141,1583800
14142,1838200
14143,1676100
14144,1602100
14145,1693300
14146,1649500
14147,1533000
14148,1649300
14149,1542200
14150,1577000
14151,1638800
14152,1763000
14153,1735400
14154,1784900
14155,1672800
14156,1645100
14157,1575500
14158,1615000
14159,1635000
14160,1539700
14161,1582600
14162,1860100
14163,1648200
14164,1705000
14165,1650100
14166,1641400
14167,1683500
14168,1663800
14169,1618900
14170,1578000
14171,1638100
14172,1841900
14173,1792900
14174,1753700
14175,1722900
14176,1540700
14177,1566100
14178,1688900
14179,1610700
14180,1604700
14181,1532200
14182,1686300
14183,1804000
14184,1687100
14185,1608600
14186,1654500
14187,1646500
14188,1516200
14189,1590300
14190,1599100
14191,1524400
14192,1771700
14193,1733500
14194,1794000
14195,1572600
14196,1722300
14197,1593200
14198,1602000
14199,1564500
14200,1583300
14201,1686300
14202,2057500
14203,1857100
14204,1653200
14205,1657400
14206,1539000
14207,1602200
14208,1642100
14209,1638100
14210,1573100
14211,1597000
14212,1682000
14213,1803200
14214,1569500
14215,1693700
14216,1599300
14217,1640600
14218,1622300
14219,1603500
14220,1562600
14221,1676400
14222,1735600
14223,1745500
14224,1632100
14225,1665400
14226,1576700
14227,1671700
14228,1549500
14229,1591100
14230,1602200
14231,1638300
14232,1681400
14233,1688600
14234,1685200
14235,1671000
14236,1635000
14237,1673300
14238,1599300
14239,1582900
14240,1750200
14241,1889200
14242,1701400
14243,1702200
14244,1733000
14245,1612100
14246,1655300
14247,1675400
14248,1629100
14249,1604700
14250,1763900
14251,1572400
14252,1633000
14253,1660100
14254,1645200
14255,1538800
14256,1606700
14257,1538500
14258,1506900
14259,1663700
14260,1643600
14261,1575100
14262,1629500
14263,1809000
14264,1677800
14265,1624900
14266,1612400
14267,1645400
14268,1537500
14269,1782400
14270,1650900
14271,1698400
14272,1588900
14273,1940500
14274,1769400
14275,1567300
14276,1723100
14277,1638300
14278,1625000
14279,1576400
14280,1647500
14281,1623000
14282,1575200
14283,1908100
14284,1715400
14285,1534800
14286,1639900
14287,1700000
14288,1660800
14289,1782300
14290,1548700
14291,1628700
14292,1583000
14293,1821500
14294,1652100
14295,1615200
14296,1566400
14297,1581500
14298,1718100
14299,1591500
14300,1600000
14301,1626500
14302,1631100
14303,1957900
14304,1781900
14305,1663300
14306,1628000
14307,1704800
14308,1674700
14309,1581500
14310,1618000
14311,1604100
14312,1548000
14313,1857000
14314,1624200
14315,1620600
14316,1643100
14317,1773500
14318,1613800
14319,1693900
14320,1628000
14321,1548900
14322,1520900
14323,1938400
14324,1814700
14325,1719500
14326,1874800
14327,1830300
14328,1693600
14329,1615600
14330,1602900
14331,1632100
14332,1607900
14333,1796000
14334,1565400
14335,1860100
14336,1753400
14337,1662200
14338,1568000
14339,1646400
14340,1538900
14341,1587500
14342,1649300
14343,2063900
14344,2021600
14345,1630400
14346,1675600
14347,1649400
14348,1758900
14349,1539500
14350,1611800
14351,1562700
14352,1740000
14353,1724300
14354,1768200
14355,1636400
14356,1610500
14357,1629000
14358,1610000
14359,1615600
14360,1600500
14361,1620200
14362,1861300
14363,1816800
14364,1889900
14365,1752700
14366,1614400
14367,1679000
14368,1679500
14369,1657900
14370,1681700
14371,1650800
14372,2267800
14373,1815200
14374,1597100
14375,1666900
14376,1692800
14377,1640300
14378,1585400
14379,1706000
14380,1569900
14381,1670400
14382,1803600
14383,1713600
14384,1656000
14385,1605000
14386,1581200
14387,1536600
14388,1587800
14389,1695500
14390,1653300
14391,1612300
14392,2260300
14393,1841100
14394,1738100
14395,1661100
14396,1621000
14397,1701800
14398,1606700
14399,1654400
14400,1628200
14401,2641300
14402,2149600
14403,1847300
14404,1654800
14405,1698000
14406,1753000
14407,1698400
14408,1701500
14409,1934900
14410,1756800
14411,1711500
14412,1679100
14413,1693300
14414,1579600
14415,1647500
14416,1681600
14417,1626000
14418,1680700
14419,1640500
14420,1751700
14421,1735600
14422,1617900
14423,1669700
14424,1588800
14425,1656900
14426,1609900
14427,1654500
14428,1762700
14429,1661900
14430,1780600
14431,1671300
14432,1642900
14433,1655900
14434,1575700
14435,1616600
14436,1643900
14437,1882800
14438,1852600
14439,1659400
14440,1870700
14441,1695200
14442,1631600
14443,1628900
14444,1593800
14445,1672200
14446,1592700
14447,1712100
14448,1574100
14449,1618600
14450,1730200
14451,1693300
14452,1642100
14453,1629000
14454,1609800
14455,1542800
14456,1529800
14457,1901300
14458,1675200
14459,1681300
14460,1870900
14461,1743000
14462,1650400
14463,1618300
14464,1672200
14465,1616500
14466,1619300
14467,1699000
14468,1613500
14469,1584000
14470,1999800
14471,1795700
14472,1585200
14473,1609400
14474,1609900
14475,1813600
14476,1633800
14477,1713500
14478,1636300
14479,1668100
14480,1758400
14481,1673000
14482,1638600
14483,1648500
14484,1843800
14485,1620300
14486,1592200
14487,1529800
14488,1514200
14489,1580900
14490,1752600
14491,1665300
14492,1614000
14493,1580300
14494,1700500
14495,1667600
14496,1607900
14497,1648500
14498,1631400
14499,1584300
14500,1779100
14501,1741800
14502,1587700
14503,1597800
14504,1794500
14505,1662200
14506,1497200
14507,1502100
14508,1606500
14509,1697100
14510,1947500
14511,1761000
14512,1562800
14513,1886600
14514,1623400
14515,1626700
14516,1614400
14517,1604500
14518,1482900
14519,1665600
14520,1788200
14521,1688000
14522,1667400
14523,1993000
14524,1709200
14525,1626300
14526,1656000
14527,1612600
14528,1748000
14529,1642700
14530,1757200
14531,1565600
14532,1843000
14533,2031500
14534,2096200
14535,2193700
14536,2070800
14537,1820900
14538,1854100
14539,2257000
14540,1932300
14541,1760700
14542,1799500
14543,1691900
14544,1798000
14545,1975000
14546,1881500
14547,1999300
14548,2041000
14549,1902500
14550,1776400
14551,1835300
14552,1762800
14553,1781500
14554,1751000
14555,1764100
14556,1741400
14557,1864000
14558,1693800
14559,1632800
14560,1568900
14561,1673900
14562,1656500
14563,1644300
14564,1575800
14565,1567000
14566,1950100
14567,2059300
14568,1726800
14569,1611500
14570,1641900
14571,1646200
14572,1666200
14573,1628800
14574,1654200
14575,1534000
14576,2524600
14577,2395000
14578,2523300
14579,1889700
14580,1797600
14581,1790100
14582,1728600
14583,1516800
14584,1865300
14585,1727200
14586,1728200
14587,1615900
14588,1656300
14589,1607100
14590,1633000
14591,1583200
14592,1678200
14593,1863000
14594,2292100
14595,1887300
14596,1875700
14597,2017200
14598,1715300
14599,1700100
14600,1666600
14601,1663200
14602,1927500
14603,1897600
14604,1691300
14605,1624500
14606,1695300
14607,1612100
14608,1663100
14609,1651600
14610,1590700
14611,1651300
14612,1543300
14613,1645600
14614,1688200
14615,1638400
14616,1725900
14617,1636200
14618,1602400
14619,1528000
14620,1650300
14621,1809400
14622,1677200
14623,1675000
14624,1623600
14625,1625000
14626,1605100
14627,1659900
14628,1568400
14629,1660500
14630,1796600
14631,1675900
14632,1592700
14633,1649800
14634,1998600
14635,1619100
14636,1692900
14637,1624600
14638,1590700
14639,1556600
14640,1657600
14641,1543700
14642,1553800
14643,1702100
14644,1878500
14645,1674500
14646,1595900
14647,1567300
14648,1663100
14649,1771200
14650,1596700
14651,1585700
14652,1599700
14653,1575400
14654,1900500
14655,1626800
14656,1632600
14657,1684900
14658,1626000
14659,1758500
14660,1636300
14661,1545200
14662,1617400
14663,1690300
14664,2043300
14665,1678400
14666,1663500
14667,1621400
14668,1702300
14669,1666800
14670,1578200
14671,1548200
14672,1647400
14673,1643200
14674,1781700
14675,1598000
14676,1578900
14677,1637600
14678,1722500
14679,1536700
14680,1588200
14681,1635900
14682,1702000
14683,1584400
14684,1670600
14685,1631500
14686,1547200
14687,1770400
14688,1812000
14689,1609600
14690,1616700
14691,1617300
14692,1649300
14693,1608000
14694,1711200
14695,1632400
14696,1605500
14697,1731800
14698,1640600
14699,1577200
14700,1572000
14701,1613000
14702,1977400
14703,1587200
14704,1657300
14705,1674900
14706,1773000
14707,1643100
14708,1684100
14709,1563400
14710,1627400
14711,1566700
14712,1704800
14713,1634000
14714,1686400
14715,1692000
14716,1893600
14717,1664800
14718,1591200
14719,1587100
14720,1623900
14721,1532900
14722,1666200
14723,1531200
14724,1837900
14725,1656800
14726,1702900
14727,1601900
14728,1614800
14729,1588500
14730,1658300
14731,1654100
14732,1585700
14733,1630500
14734,1907200
14735,1857700
14736,1679200
14737,1695500
14738,1668700
14739,1596300
14740,1516400
14741,1664400
14742,1610500
14743,1532100
14744,1881400
14745,1800500
14746,1568200
14747,1633500
14748,1634100
14749,1572500
14750,1565400
14751,1640200
14752,1620400
14753,1634400
14754,2009100
14755,1695000
14756,1601500
14757,1552800
14758,1656900
14759,1667000
14760,1648000
14761,1565100
14762,1550100
14763,1510300
14764,1951200
14765,1781300
14766,1677500
14767,1656000
14768,1626800
14769,1608900
14770,1618300
14771,1618300
14772,1674500
14773,1685500
14774,1681600
14775,1677900
14776,1549800
14777,1616400
14778,1564400
14779,1616000
14780,1647000
14781,1532400
14782,1610600
14783,1680100
14784,1620900
14785,1710700
14786,1663600
14787,1616500
14788,1737800
14789,1557400
14790,1638700
14791,1647300
14792,1795600
14793,1657500
14794,1590800
14795,1672100
14796,1607800
14797,1692200
14798,1581300
14799,1592300
14800,1623200
14801,1676800
14802,1693800
14803,1754000
14804,1666000
14805,1685000
14806,1664200
14807,1602500
14808,1639200
14809,1531800
14810,1578700
14811,1637700
14812,1687700
14813,1600900
14814,1502000
14815,1851300
14816,1749400
14817,1620200
14818,1632900
14819,1564300
14820,1544500
14821,1675500
14822,1730800
14823,1661100
14824,1790200
14825,1848500
14826,1621800
14827,1659400
14828,1662400
14829,1626800
14830,1638800
14831,1741900
14832,1716700
14833,1652500
14834,1711400
14835,2233100
14836,1662100
14837,1669000
14838,1637600
14839,1580000
14840,1766800
14841,1642100
14842,1545400
14843,1614800
14844,1856000
14845,1773500
14846,1624100
14847,1601500
14848,1554200
14849,1539600
14850,1801000
14851,1598300
14852,1533800
14853,1625000
14854,1707000
14855,1696200
14856,1630900
14857,1586800
14858,1596900
14859,1613100
14860,1723700
14861,1604200
14862,1632200
14863,1610700
14864,1657800
14865,1995600
14866,1706100
14867,1687600
14868,1678700
14869,1651800
14870,1630700
14871,1622300
14872,1643800
14873,1611900
14874,1596100
14875,1757400
14876,1584600
14877,1532600
14878,1828300
14879,1764800
14880,1728100
14881,1623300
14882,1726600
14883,1525800
14884,1621700
14885,1804100
14886,1645900
14887,1699200
14888,1841000
14889,1666400
14890,1675800
14891,1613400
14892,1690500
14893,1644400
14894,1770000
14895,1649500
14896,1574200
14897,1778700
14898,1834000
14899,1733000
14900,1666100
14901,1599500
14902,1608700
14903,1623400
14904,1650600
14905,1667300
14906,1722200
14907,1644900
14908,1562300
14909,1629800
14910,1632100
14911,1591900
14912,1649200
14913,1629900
14914,1759500
14915,1727600
14916,1842800
14917,1603900
14918,1623100
14919,1565700
14920,1613400
14921,1577400
14922,1649000
14923,1581400
14924,1555700
14925,1641400
14926,2038700
14927,1714400
14928,1656900
14929,1649600
14930,1655800
14931,1574400
14932,1659100
14933,1617100
14934,1733200
14935,2109000
14936,1755200
14937,1694400
14938,1653200
14939,1613400
14940,1609400
14941,1582300
14942,1590000
14943,1636400
14944,1829000
14945,1965400
14946,1760700
14947,1602200
14948,1683000
14949,1605100
14950,1625400
14951,1611800
14952,1653600
14953,1582300
14954,1944200
14955,1761400
14956,1676400
14957,1669600
14958,1655100
14959,1653300
14960,1539600
14961,1608600
14962,1640200
14963,1715200
14964,1821700
14965,1722000
14966,1713300
14967,1564300
14968,1676500
14969,1589900
14970,1669300
14971,1593600
14972,1647800
14973,1696900
14974,2091400
14975,1767800
14976,1698900
14977,1583000
14978,1573900
14979,1574300
14980,1564700
14981,1594800
14982,1710500
14983,1677100
14984,1776300
14985,1587100
14986,1606700
14987,1544600
14988,1606400
14989,1561700
14990,1635000
14991,1834000
14992,1630100
14993,1649400
14994,1931400
14995,1759200
14996,1626700
14997,1626200
14998,1650600
14999,1582700
15000,1512200
15001,2025800
15002,1939300
15003,1861100
15004,1995300
15005,1816600
15006,1681300
15007,1756400
15008,1732600
15009,1812900
15010,1694300
15011,1648900
15012,1679200
15013,1856200
15014,1770400
15015,1622300
15016,1661100
15017,1639700
15018,1626600
15019,1620700
15020,1599700
15021,1599200
15022,1696900
15023,1798900
15024,1741300
15025,1700500
15026,1563900
15027,1547100
15028,1573300
15029,1703900
15030,1649100
15031,1569100
15032,1573900
15033,1962700
15034,1777600
15035,1638400
15036,1646100
15037,1565500
15038,1667700
15039,1682600
15040,1627100
15041,1643400
15042,1545200
15043,1657600
15044,1632000
15045,1628700
15046,1548700
15047,1701400
15048,2042500
15049,2115000
15050,1853000
15051,1691600
15052,1774900
15053,1895600
15054,1727700
15055,1619600
15056,1909600
15057,1730800
15058,1805100
15059,1737200
15060,1671300
15061,1677400
15062,1932100
15063,1765900
15064,1649000
15065,1796700
15066,1794800
15067,2121300
15068,1978200
15069,1732900
15070,1589400
15071,1924100
15072,1791100
15073,1610000
15074,1823600
15075,1711600
15076,1695800
15077,1568300
15078,1622200
15079,1641200
15080,1600400
15081,1929800
15082,1777300
15083,1777800
15084,1725700
15085,1646100
15086,1600700
15087,1670100
15088,1612900
15089,1589100
15090,1650300
15091,1890000
15092,1720000
15093,1765000
15094,1706400
15095,1563100
15096,1643300
15097,1591200
15098,1572100
15099,1549400
15100,1560800
15101,2082900
15102,1928300
15103,1800600
15104,1640200
15105,1680200
15106,1731200
15107,1591800
15108,1586800
15109,1679900
15110,1851300
15111,1878900
15112,1870300
15113,1605100
15114,1856900
15115,1602800
15116,1625400
15117,1602400
15118,1617400
15119,1628100
15120,1775000
15121,2443400
15122,1892200
15123,1631200
15124,1695400
15125,1585000
15126,1617100
15127,1627100
15128,1650500
15129,1574600
15130,2364300
15131,2124300
15132,2078800
15133,2009500
15134,1864700
15135,1762600
15136,1842700
15137,1803500
15138,2291700
15139,1870700
15140,1806700
15141,1731400
15142,1790300
15143,1755600
15144,1777500
15145,1943000
15146,1977500
15147,1909000
15148,1864800
15149,1765200
15150,1793700
15151,1706100
15152,1927800
15153,1881000
15154,1767500
15155,1782600
15156,1719300
15157,1587300
15158,1550800
15159,1635300
15160,1627900
15161,1572300
15162,1653100
15163,1627400
15164,1919000
15165,1825400
15166,1961800
15167,1719700
15168,1711000
15169,1533600
15170,1646700
15171,1636000
15172,1630900
15173,1994800
15174,2495500
15175,2676100
15176,2055400
15177,2075100
15178,1850000
15179,1697600
15180,1611200
15181,1927700
15182,2024000
15183,1766700
15184,2370500
15185,1738000
15186,1666700
15187,1679000
15188,1660700
15189,2042100
15190,1949700
15191,1749900
15192,1670200
15193,1899300
15194,1646500
15195,1631000
15196,1581300
15197,1634600
15198,1703600
15199,1668200
15200,1628100
15201,1605400
15202,1642500
15203,1797500
15204,1663100
15205,1605400
15206,1719900
15207,1693200
15208,1642400
15209,1614700
15210,1673400
15211,1570200
15212,1583300
15213,1854200
15214,1669500
15215,1594900
15216,1607400
15217,1736700
15218,1737100
15219,1657000
15220,1594900
15221,1546800
15222,1648000
15223,1995300
15224,1791000
15225,1696100
15226,1668300
15227,1672100
15228,1684900
15229,1627700
15230,1625200
15231,1554900
15232,1645000
15233,1669600
15234,1634800
15235,1646000
15236,1698400
15237,1629300
15238,1686300
15239,1552300
15240,1604500
15241,1588600
15242,1629600
15243,1825000
15244,1716500
15245,1598100
15246,1728800
15247,1639900
15248,1637800
15249,1614600
15250,1653300
15251,1530900
15252,1609500
15253,1837000
15254,1616300
15255,1791600
15256,2239400
15257,1967200
15258,2166200
15259,1952500
15260,1828700
15261,2053000
15262,2151100
15263,1914000
15264,1991200
15265,1833000
15266,1783600
15267,1806200
15268,1750500
15269,1703500
15270,1847100
15271,2019700
15272,2089100
15273,1916600
15274,1816700
15275,1791500
15276,1779000
15277,1869300
15278,1860400
15279,1881900
15280,2335000
15281,2016700
15282,1971700
15283,1947000
15284,1896800
15285,2007900
15286,2220500
15287,1773200
15288,2152300
15289,1741700
15290,1580600
15291,1588800
15292,1683400
15293,1654100
15294,1601400
15295,1577600
15296,1580100
15297,1742700
15298,1975200
15299,1710900
15300,1609000
15301,1649600
15302,1658300
15303,1501700
15304,1566100
15305,1619000
15306,1556800
15307,1873700
15308,1866300
15309,1521200
15310,1627200
15311,1521200
15312,1660400
15313,1624300
15314,1656800
15315,1606500
15316,1579000
15317,2034100
15318,2112700
15319,1712600
15320,1713800
15321,1574300
15322,1631400
15323,1492200
15324,1585200
15325,1569800
15326,1804600
15327,2011700
15328,2084800
15329,1778300
15330,1673700
15331,1656600
15332,1641900
15333,1540900
15334,1639700
15335,1716200
15336,1538800
15337,1922000
15338,1705700
15339,1558200
15340,1600200
15341,1583100
15342,1638400
15343,1618600
15344,1647100
15345,1600300
15346,1757100
15347,1774800
15348,1696900
15349,1589500
15350,1538700
15351,1600300
15352,1575600
15353,1559500
15354,1748000
15355,1739700
15356,1574000
15357,2207100
15358,1811600
15359,1642100
15360,1599500
15361,1561700
15362,1617000
15363,1653700
15364,1626900
15365,1647000
15366,1568200
15367,1836800
15368,1684700
15369,1653200
15370,1503200
15371,1549900
15372,1885600
15373,1667300
15374,1650400
15375,1619200
15376,1509600
15377,1769800
15378,1712700
15379,1675700
15380,1640900
15381,1585900
15382,1683600
15383,1633800
15384,1526200
15385,1575100
15386,1591700
15387,1980000
15388,1775500
15389,1641800
15390,1709500
15391,1601300
15392,1692400
15393,1650400
15394,1561700
15395,1576300
15396,1612200
15397,1664100
15398,1744900
15399,1627700
15400,1648200
15401,1647300
15402,1633400
15403,1581100
15404,1639600
15405,1631400
15406,1566500
15407,1764500
15408,1602800
15409,1591300
15410,1675800
15411,1702000
15412,1651100
15413,1565000
15414,1622500
15415,1647700
15416,1600900
15417,1720100
15418,1838800
15419,1598600
15420,1665000
15421,1964700
15422,1663500
15423,1627300
15424,1615600
15425,1665800
15426,1691600
15427,1665600
15428,1631600
15429,1636400
15430,1777600
15431,1591800
15432,1558500
15433,1596100
15434,1588900
15435,1643500
15436,1623400
15437,1712300
15438,1867600
15439,1679000
15440,1710600
15441,1654200
15442,1621000
15443,1532700
15444,1608000
15445,1640700
15446,1713500
15447,1829900
15448,1697500
15449,1776200
15450,1634600
15451,1591000
15452,1591100
15453,1602900
15454,1529900
15455,1594800
15456,1626700
15457,1719900
15458,2118000
15459,1704900
15460,1657700
15461,1649600
15462,1509800
15463,1628000
15464,1560200
15465,1706200
15466,1636600
15467,1733800
15468,1791200
15469,1586300
15470,1619000
15471,1550400
15472,1623700
15473,1545100
15474,1652700
15475,1586500
15476,1549900
15477,1597800
15478,1821900
15479,1790300
15480,1617600
15481,1606100
15482,1634900
15483,1600700
15484,1615100
15485,1662200
15486,1587600
15487,1663300
15488,2199300
15489,1653500
15490,1635700
15491,1683700
15492,1644000
15493,1645400
15494,1686100
15495,1605800
15496,1541000
15497,1807700
15498,1801800
15499,1687300
15500,1654300
15501,1744100
15502,1660400
15503,1579700
15504,1551000
15505,1626600
15506,1714500
15507,1755000
15508,1743200
15509,1588100
15510,1670700
15511,1627000
15512,1643100
15513,1502900
15514,1597000
15515,1604700
15516,1964300
15517,1963000
15518,1792400
15519,1681200
15520,1635400
15521,1599200
15522,1666000
15523,1611700
15524,1621600
15525,1831800
15526,1876900
15527,1763600
15528,1803100
15529,1570700
15530,1663700
15531,1674900
15532,1658700
15533,1630200
15534,1590300
15535,1688700
15536,1653000
15537,1706700
15538,1754600
15539,1641100
15540,1643400
15541,1651500
15542,1755100
15543,1559200
15544,1662100
15545,1684400
15546,1614700
15547,1791100
15548,1674800
15549,1613100
15550,1548100
15551,1591000
15552,1678500
15553,1859300
15554,1797000
15555,1646100
15556,1731600
15557,1862300
15558,1763600
15559,1623800
15560,1582600
15561,1641500
15562,1871700
15563,1644100
15564,1562800
15565,1687100
15566,1653500
15567,1749400
15568,1600700
15569,1550800
15570,1642700
15571,1624900
15572,1675000
15573,1692700
15574,1674800
15575,1536100
15576,1587800
15577,1783400
15578,1614800
15579,1631300
15580,1634000
15581,1589400
15582,1651600
15583,1587300
15584,1682600
15585,1531500
15586,1585600
15587,1790100
15588,1742000
15589,1656300
15590,1565100
15591,1864300
15592,1965500
15593,1776400
15594,1608700
15595,1683300
15596,1745600
15597,1825600
15598,1681600
15599,1703300
15600,1778400
15601,1669500
15602,1820900
15603,1651900
15604,1767600
15605,1724500
15606,1800200
15607,1678600
15608,1655800
15609,1677600
15610,1674500
15611,1711600
15612,1654400
15613,1572800
15614,1559100
15615,1594800
15616,1683600
15617,1620400
15618,1617500
15619,1777900
15620,1807700
15621,1706400
15622,1659400
15623,1547500
15624,1577300
15625,1640600
15626,2013300
15627,1780300
15628,1915100
15629,1888800
15630,2360500
15631,1935900
15632,1649800
15633,1604500
15634,1694000
15635,1880400
15636,1669100
15637,1726400
15638,1646800
15639,1585900
15640,1678800
15641,1634100
15642,1637000
15643,1583200
15644,1683300
15645,1801900
15646,1792300
15647,1630600
15648,1672300
15649,1579000
15650,1726400
15651,1554300
15652,1578200
15653,1542300
15654,1546400
15655,1623000
15656,2048800
15657,1726800
15658,1639100
15659,1687200
15660,1617200
15661,1639400
15662,1666200
15663,1610100
15664,1577900
15665,1880900
15666,1748200
15667,1625900
15668,1655800
15669,1681800
15670,1648700
15671,1724900
15672,1581100
15673,1644500
15674,1709400
15675,1748500
15676,1790900
15677,1638300
15678,1678300
15679,1573600
15680,1628100
15681,1528800
15682,1541500
15683,1579300
15684,1894100
15685,1881300
15686,1852600
15687,1672000
15688,1617600
15689,1585800
15690,1623100
15691,1581000
15692,1618100
15693,1669900
15694,1575300
15695,1856900
15696,1692600
15697,1620600
15698,1500800
15699,1603900
15700,1525400
15701,1527700
15702,1591200
15703,1678200
15704,1589900
15705,1839400
15706,1648500
15707,1675500
15708,1629500
15709,1672100
15710,1642600
15711,1562300
15712,1762400
15713,1812500
15714,1620200
15715,1752100
15716,1750700
15717,1616600
15718,1534500
15719,1657100
15720,1633700
15721,1575300
15722,1979200
15723,2219900
15724,2085700
15725,2497200
15726,1967900
15727,1761000
15728,1740700
15729,1684800
15730,2017900
15731,1794300
15732,1707400
15733,1835900
15734,1868000
15735,2116700
15736,2400400
15737,1949400
15738,2079500
15739,1956800
15740,1862900
15741,1789400
15742,1931300
15743,1748300
15744,1709400
15745,1597400
15746,1876300
15747,1924900
15748,1605700
15749,1696900
15750,1609000
15751,1734800
15752,1724200
15753,1627900
15754,1538800
15755,1603100
15756,1658000
15757,1685700
15758,1600000
15759,1663500
15760,1555000
15761,1645500
15762,1900100
15763,1707800
15764,1590300
15765,2024400
15766,2844000
15767,2898200
15768,2226600
15769,2636900
15770,2195300
15771,1769300
15772,1798200
15773,1761600
15774,1665700
15775,1602800
15776,1656600
15777,1617200
15778,2073900
15779,1837300
15780,1645500
15781,1725600
15782,1628700
15783,1686100
15784,1788300
15785,1916800
15786,1695900
15787,1681100
15788,1697800
15789,1612600
15790,1715800
15791,1692000
15792,1673900
15793,1642300
15794,1631300
15795,1633000
15796,1554800
15797,1622900
15798,1897200
15799,1654500
15800,1803800
15801,1622700
15802,1592200
15803,1651300
15804,1558400
15805,1651700
15806,1607300
15807,1619200
15808,1789000
15809,2019400
15810,1712600
15811,1596200
15812,1529500
15813,1613300
15814,1637300
15815,1631800
15816,1590400
15817,1619000
15818,1946200
15819,1837100
15820,1623900
15821,1546100
15822,1561400
15823,1571500
15824,1544300
15825,1617000
15826,1600600
15827,1628900
15828,2252600
15829,1931300
15830,1700800
15831,1680400
15832,1644400
15833,1632600
15834,1547900
15835,1605600
15836,1633100
15837,1655700
15838,1893800
15839,1659300
15840,1652200
15841,1626800
15842,1565900
15843,1741300
15844,1649700
15845,1618300
15846,1588400
15847,2052600
15848,2165700
15849,1705900
15850,1648100
15851,1565500
15852,1637400
15853,1650600
15854,1603900
15855,1625200
15856,1646200
15857,2100100
15858,1784300
15859,1663300
15860,1721900
15861,1626700
15862,1615600
15863,1550600
15864,1541100
15865,1599100
15866,1782300
15867,1781200
15868,1864900
15869,1893900
15870,1647700
15871,1621300
15872,1549900
15873,1594200
15874,1624400
15875,1534600
15876,2568100
15877,1772200
15878,1828300
15879,1677000
15880,1579900
15881,1650400
15882,1581100
15883,1621600
15884,1795400
15885,1668100
15886,1612900
15887,1751300
15888,1667600
15889,1617600
15890,1600800
15891,1634900
15892,1645700
15893,1667200
15894,1616600
15895,1671700
15896,1779400
15897,1618100
15898,1583700
15899,1582400
15900,1633700
15901,1576600
15902,1603900
15903,1850100
15904,1695100
15905,1570300
15906,1641400
15907,1847500
15908,1633300
15909,1646400
15910,1663500
15911,1606800
15912,1652800
15913,1733300
15914,1734700
15915,1635700
15916,1608500
15917,1645600
15918,1562300
15919,1559600
15920,1545000
15921,1524100
15922,1595100
15923,1592500
15924,1643000
15925,1549900
15926,1553200
15927,1829200
15928,1643500
15929,1635900
15930,1516800
15931,1668600
15932,1668800
15933,1706600
15934,1674700
15935,1643700
15936,1666300
15937,1743100
15938,1574300
15939,1599200
15940,1541400
15941,1678400
15942,1698900
15943,1725500
15944,1585000
15945,1545700
15946,1616600
15947,1957700
15948,1810200
15949,1630900
15950,1645300
15951,1578300
15952,1723500
15953,1609300
15954,1674900
15955,1638300
15956,1623600
15957,1811000
15958,1659800
15959,1632100
15960,1617700
15961,1603000
15962,1691700
15963,1859700
15964,1854400
15965,1620400
15966,1597700
15967,1712200
15968,1748700
15969,1864400
15970,1781500
15971,1710000
15972,1538700
15973,1513400
15974,1591800
15975,1645900
15976,1579500
15977,1683100
15978,1780900
15979,1623600
15980,1716200
15981,1675900
15982,1617000
15983,1645400
15984,1496500
15985,1588800
15986,1547200
15987,1974500
15988,1813300
15989,1778900
15990,1559100
15991,1593200
15992,1613200
15993,1651300
15994,1589500
15995,1529000
15996,1647000
15997,1851200
15998,1651100
15999,1805000
16000,1666800
16001,1678700
16002,1644900
16003,1568800
16004,1639900
16005,1656700
16006,1575100
16007,1814700
16008,1839900
16009,1704200
16010,1616500
16011,1578700
16012,1556500
16013,1475600
16014,1651100
16015,1604700
16016,1604000
16017,1941200
16018,1878400
16019,1743000
16020,1550400
16021,1643600
16022,1580400
16023,1646700
16024,1698100
16025,1625200
16026,1601500
16027,1913100
16028,1764400
16029,1596500
16030,1517400
16031,1649800
16032,1706300
16033,1808200
16034,1663400
16035,1648100
16036,1615400
16037,1832600
16038,1614500
16039,1692500
16040,1619300
16041,1670500
16042,1581600
16043,1616200
16044,1539300
16045,1588200
16046,1634800
16047,1938200
16048,1783400
16049,1595600
16050,1610700
16051,1663200
16052,1571800
16053,1551800
16054,1538200
16055,1610900
16056,1644100
16057,1842000
16058,1633700
16059,1687400
16060,1624100
16061,1553400
16062,1687300
16063,1624600
16064,1644000
16065,1527100
16066,1822800
16067,1777400
16068,1760200
16069,1532900
16070,1678600
16071,1637000
16072,1604600
16073,1635000
16074,1567200
16075,1799800
16076,1829000
16077,1861600
16078,1602400
16079,1591300
16080,1677800
16081,1672200
16082,1564100
16083,1570000
16084,1814200
16085,1595700
16086,1640300
16087,1860200
16088,1752900
16089,1691400
16090,1649400
16091,1565800
16092,1611300
16093,1624700
16094,1701900
16095,1597500
16096,1602900
16097,1637800
16098,1631700
16099,1691900
16100,1666100
16101,1591200
16102,1541800
16103,1840400
16104,1618900
16105,1617500
16106,1674100
16107,1896400
16108,1862200
16109,1622900
16110,1660500
16111,1617100
16112,1646500
16113,1881300
16114,1739100
16115,1688400
16116,1618900
16117,2005500
16118,1735800
16119,1602000
16120,1616000
16121,1655800
16122,1822500
16123,1610400
16124,1591900
16125,1556200
16126,1575100
16127,1796700
16128,1743100
16129,1588800
16130,1657500
16131,1894300
16132,1693200
16133,1689600
16134,1620800
16135,1558400
16136,1642200
16137,1711200
16138,1570000
16139,1649200
16140,1585600
16141,1834200
16142,1630200
16143,1593500
16144,1578000
16145,1675700
16146,1591000
16147,2172200
16148,1754800
16149,1693800
16150,1736000
16151,1800200
16152,1604400
16153,1628700
16154,1563000
16155,1632200
16156,1650500
16157,1745100
16158,1684700
16159,1709500
16160,1583400
16161,1665300
16162,1556100
16163,1589900
16164,1621500
16165,1592800
16166,1690400
16167,1826100
16168,1678500
16169,1705100
16170,1596400
16171,1544400
16172,1610300
16173,1603900
16174,1591100
16175,1682600
16176,1566200
16177,1744200
16178,1641100
16179,1907600
16180,1804700
16181,1625300
16182,1606300
16183,1611300
16184,1627600
16185,1611900
16186,1703600
16187,1723200
16188,1780400
16189,2060000
16190,1760800
16191,1670300
16192,1681300
16193,1908900
16194,1706700
16195,1625200
16196,1709400
16197,1858500
16198,1698000
16199,1736400
16200,1586000
16201,1626800
16202,1771800
16203,1765700
16204,1688500
16205,1686100
16206,1914800
16207,1738000
16208,1705900
16209,1655600
16210,1606300
16211,1674200
16212,1600200
16213,1584200
16214,1609900
16215,1630800
16216,2502900
16217,1944100
16218,1675200
16219,1594700
16220,1591800
16221,1631600
16222,1629000
16223,1640700
16224,1645500
16225,1987900
16226,1769500
16227,1642400
16228,1616900
16229,1648100
16230,1567400
16231,1668600
16232,1557600
16233,1600800
16234,1579500
16235,1839700
16236,1639100
16237,1678300
16238,1756000
16239,1722000
16240,1630100
16241,1625000
16242,1654900
16243,1687400
16244,1640900
16245,1860600
16246,1771000
16247,1652800
16248,1662500
16249,1629600
16250,1594200
16251,1535700
16252,1647600
16253,1625000
16254,1590200
16255,1721000
16256,1676000
16257,1673900
16258,1602000
16259,1544400
16260,1553200
16261,1605000
16262,1494100
16263,1775200
16264,1601400
16265,1691700
16266,1745600
16267,1625600
16268,1641000
16269,1633900
16270,1632200
16271,1636300
16272,1651500
16273,1632100
16274,1556700
16275,1670100
16276,1734700
16277,1654800
16278,1631400
16279,1640500
16280,1538500
16281,1583100
16282,1847400
16283,1800300
16284,1568600
16285,1736400
16286,1765100
16287,1703800
16288,1594900
16289,1546600
16290,1526300
16291,1705600
16292,1584200
16293,1515300
16294,1550700
16295,1667500
16296,1714600
16297,1709300
16298,1583100
16299,1539200
16300,1474800
16301,1543600
16302,1554700
16303,1632600
16304,1636500
16305,1587700
16306,1737200
16307,1757800
16308,1550400
16309,1549400
16310,1634700
16311,1773800
16312,1742300
16313,1731700
16314,1621100
16315,1639300
16316,2022800
16317,1789500
16318,1753200
16319,1571300
16320,1728200
16321,1838500
16322,2201400
16323,2253000
16324,1954500
16325,2075300
16326,1859200
16327,1754100
16328,1947800
16329,1831200
16330,1806100
16331,1776000
16332,1728600
16333,1871800
16334,2107000
16335,1840500
16336,2157500
16337,1827700
16338,1907200
16339,1852200
16340,1838500
16341,1725900
16342,1968200
16343,1935200
16344,1729700
16345,1686700
16346,1723500
16347,1704900
16348,1665900
16349,1608900
16350,1617600
16351,1547400
16352,1655300
16353,1826300
16354,1647300
16355,1947300
16356,2054300
16357,1779100
16358,2028700
16359,1687100
16360,1644700
16361,1792300
16362,1819600
16363,1802500
16364,2011200
16365,1834900
16366,1724000
16367,1575400
16368,1605300
16369,1621800
16370,1587100
16371,1774500
16372,1911000
16373,1929000
16374,2300900
16375,1772600
16376,1962400
16377,1777100
16378,1659500
16379,1564500
16380,1751700
16381,1984600
16382,1722700
16383,1650600
16384,1593700
16385,1615400
16386,1576100
16387,1642400
16388,1584800
16389,1594800
16390,1857000
16391,1693300
16392,1683300
16393,1689100
16394,1692000
16395,1557100
16396,1545200
16397,1626200
16398,1625400
16399,1587400
16400,1881500
16401,1753800
16402,1697900
16403,1678700
16404,1623600
16405,1553300
16406,1537100
16407,1488900
16408,1643100
16409,1779900
16410,1880600
16411,1806400
16412,1779900
16413,1703400
16414,1688300
16415,1598500
16416,1661800
16417,1586500
16418,1800600
16419,1700200
16420,1933800
16421,1686900
16422,1664300
16423,1603800
16424,1625500
16425,1585900
16426,1609800
16427,1596400
16428,1595200
16429,1498900
16430,1907400
16431,1658800
16432,1640200
16433,1652500
16434,1543500
16435,1611300
16436,1662500
16437,1740500
16438,1618800
16439,1608400
16440,1748900
16441,1686700
16442,1598000
16443,1636600
16444,1544500
16445,1595100
16446,1862800
16447,1684600
16448,1734300
16449,1656700
16450,1829800
16451,1813100
16452,1766500
16453,1627100
16454,1796200
16455,1755500
16456,1616000
16457,1648200
16458,1597100
16459,1567200
16460,1814500
16461,1720800
16462,1557000
16463,1641500
16464,1557400
16465,1739300
16466,1685300
16467,1656100
16468,1620100
16469,1693600
16470,2583300
16471,1658900
16472,1516800
16473,1696400
16474,1651400
16475,1718300
16476,1638200
16477,1586600
16478,1767500
16479,1792200
16480,1696000
16481,1594900
16482,1634300
16483,1681700
16484,1700100
16485,1529900
16486,1584500
16487,1631400
16488,1719300
16489,1568600
16490,1772400
16491,1611900
16492,1633200
16493,1683300
16494,1742100
16495,1581600
16496,1643700
16497,1510900
16498,1656400
16499,1677400
16500,1675600
16501,1646800
16502,1621200
16503,1939100
16504,1699900
16505,1646200
16506,1590800
16507,1661000
16508,1607900
16509,1640100
16510,1719700
16511,1715400
16512,1665000
16513,1723600
16514,1592200
16515,1603400
16516,1591600
16517,1662700
16518,1653600
16519,1674500
16520,1798900
16521,1687900
16522,1904300
16523,1629600
16524,1659900
16525,1576000
16526,1630100
16527,1556200
16528,1659000
16529,1699100
16530,1639000
16531,1699000
16532,1665800
16533,1505300
16534,1594400
16535,1654300
16536,1660700
16537,1594500
16538,1609100
16539,1554100
16540,1842100
16541,1808900
16542,1746100
16543,1744300
16544,1611200
16545,1547900
16546,1629000
16547,1594700
16548,1598000
16549,1615200
16550,1739500
16551,1787200
16552,1629300
16553,1655500
16554,1640600
16555,1576100
16556,1666200
16557,1612200
16558,1584600
16559,1625600
16560,1951500
16561,1698900
16562,1709600
16563,1630800
16564,1567700
16565,1615100
16566,1548900
16567,1651600
16568,1515600
16569,1612400
16570,1998600
16571,1589900
16572,1653600
16573,1529300
16574,1718400
16575,1658100
16576,1547500
16577,1535500
16578,1573300
16579,1745300
16580,1874800
16581,1792700
16582,1619900
16583,1638800
16584,1558800
16585,1691800
16586,1700000
16587,1598200
16588,1796400
16589,1707400
16590,1815500
16591,1721700
16592,1655600
16593,1716100
16594,1676000
16595,1558600
16596,1577100
16597,1657300
16598,1565900
16599,1622100
16600,1689000
16601,1789400
16602,1617100
16603,1540000
16604,1666800
16605,1648500
16606,1505300
16607,1770500
16608,1657700
16609,1553400
16610,1908100
16611,1740200
16612,1619900
16613,1635400
16614,1593500
16615,1599000
16616,1668400
16617,1661500
16618,1660100
16619,1615100
16620,1820400
16621,1635700
16622,1767600
16623,1624100
16624,1577200
16625,1513600
16626,1635400
16627,1632000
16628,1631300
16629,1616700
16630,1842300
16631,1712700
16632,1564500
16633,1553000
16634,1594600
16635,1499300
16636,1676400
16637,1605100
16638,1613600
16639,1576100
16640,1755600
16641,1749800
16642,1662900
16643,1572600
16644,1616400
16645,1739900
16646,1753700
16647,1578600
16648,1664100
16649,1519300
16650,1814500
16651,1959900
16652,1652400
16653,1664500
16654,1703900
16655,1693200
16656,1543900
16657,1520300
16658,1671600
16659,1592600
16660,1757000
16661,1810900
16662,1565300
16663,1520800
16664,1781800
16665,1571600
16666,1544600
16667,1701600
16668,1593800
16669,1678000
16670,1609300
16671,1709700
16672,1663800
16673,1768700
16674,1643000
16675,1682700
16676,1654600
16677,1623700
16678,1642600
16679,1690400
16680,1755000
16681,1956600
16682,1744400
16683,1790100
16684,1660900
16685,1677300
16686,1590700
16687,1582400
16688,1603900
16689,1632700
16690,1714100
16691,1770200
16692,1772400
16693,1679200
16694,2021300
16695,1888600
16696,1855200
16697,1811500
16698,1764900
16699,1971700
16700,2039300
16701,1732200
16702,1593700
16703,1650500
16704,1604700
16705,1662100
16706,1733700
16707,1618600
16708,1667800
16709,1922300
16710,2195600
16711,1699200
16712,1575300
16713,1699500
16714,1616600
16715,1713800
16716,1618300
16717,1624600
16718,1664800
16719,1850100
16720,1678300
16721,1648600
16722,1617300
16723,1661600
16724,1695800
16725,1708500
16726,1654500
16727,1680900
16728,1804300
16729,1811800
16730,1615800
16731,1635800
16732,1745100
16733,1612600
16734,1603400
16735,1554600
16736,1576900
16737,1546800
16738,1678500
16739,1832500
16740,1667700
16741,1600000
16742,1598800
16743,1587200
16744,1565000
16745,1578400
16746,1613700
16747,1631700
16748,2033000
16749,1935200
16750,1675900
16751,1660400
16752,1590400
16753,1676800
16754,1742400
16755,1607400
16756,1484700
16757,1666700
16758,1696800
16759,1868600
16760,1651400
16761,1603600
16762,1609300
16763,1595800
16764,1574100
16765,1587700
16766,1702100
16767,1659600
16768,1611800
16769,1661700
16770,1583000
16771,1628300
16772,1660000
16773,1627100
16774,1621300
16775,1565500
16776,1736800
16777,1629800
16778,1624800
16779,1933800
16780,1775200
16781,1627200
16782,1640000
16783,1541900
16784,1531600
16785,1881100
16786,2179500
16787,1795000
16788,1865600
16789,1842700
16790,1613800
16791,1739400
16792,1618400
16793,1666700
16794,1768500
16795,1694100
16796,1583300
16797,1637400
16798,1797300
16799,1805100
16800,1672000
16801,1686700
16802,1739300
16803,1662600
16804,1928800
16805,1672500
16806,1665000
16807,1554200
16808,1715300
16809,1720000
16810,1642500
16811,1612200
16812,1684900
16813,2108700
16814,2105800
16815,1779900
16816,1734000
16817,1865400
16818,1847500
16819,1652200
16820,1737700
16821,1661600
16822,1791500
16823,1764200
16824,1772200
16825,1640000
16826,1684400
16827,1815500
16828,1775800
16829,1693900
16830,1825200
16831,1763600
16832,1969200
16833,2078700
16834,1756100
16835,1619100
16836,1836000
16837,1707700
16838,1592200
16839,1844700
16840,1723600
16841,1546300
16842,1545500
16843,1635100
16844,1646100
16845,1565200
16846,2052500
16847,1886900
16848,1638300
16849,1655700
16850,1641200
16851,1575200
16852,1554800
16853,1559200
16854,1602400
16855,1485400
16856,1846500
16857,1695800
16858,1745200
16859,1790800
16860,1587600
16861,1623200
16862,1640600
16863,1606000
16864,1632700
16865,1538200
16866,1883100
16867,1746000
16868,1740800
16869,1550500
16870,1626500
16871,1608600
16872,1596600
16873,1626100
16874,1607700
16875,1631700
16876,1983800
16877,1798200
16878,1658200
16879,1628100
16880,1640400
16881,1572400
16882,1610400
16883,1607500
16884,1595100
16885,1605500
16886,1667100
16887,1832000
16888,1699000
16889,1865400
16890,1743700
16891,1657700
16892,1650000
16893,1614300
16894,1592000
16895,1541700
16896,1887800
16897,1752500
16898,1685900
16899,1630500
16900,1629400
16901,1613600
16902,1576500
16903,1560900
16904,1535500
16905,1526000
16906,1975000
16907,1810000
16908,1692900
16909,1708100
16910,1730600
16911,1750100
16912,1579600
16913,1545800
16914,1599700
16915,1729100
16916,2441300
16917,2135100
16918,2195400
16919,1943800
16920,1860000
16921,1816000
16922,1769200
16923,2018800
16924,2140600
16925,1854600
16926,1692400
16927,1667700
16928,1884400
16929,1830000
16930,1724600
16931,2116200
16932,1854200
16933,2006800
16934,1840100
16935,1781200
16936,1757900
16937,1756200
16938,1661300
16939,1635700
16940,1647600
16941,1685500
16942,1732100
16943,1939700
16944,1700200
16945,1635100
16946,1695600
16947,1628100
16948,1677400
16949,1552400
16950,1877100
16951,2023500
16952,1851000
16953,1981000
16954,1730700
16955,1671000
16956,1592000
16957,1616600
16958,1572000
16959,2197300
16960,1943600
16961,2005000
16962,1675000
16963,1651700
16964,1665500
16965,1625500
16966,1638400
16967,1713500
16968,1623500
16969,1669500
16970,1612100
16971,1866900
16972,1776800
16973,1769300
16974,1651000
16975,1596600
16976,1632000
16977,1826300
16978,1936300
16979,2302200
16980,2073900
16981,2073000
16982,1709200
16983,1635200
16984,1631000
16985,1617300
16986,1531500
16987,1568100
16988,1619600
16989,1656000
16990,1850900
16991,1824200
16992,1595900
16993,1658800
16994,1761100
16995,1609800
16996,1604400
16997,1510400
16998,1504300
16999,1540000
17000,1744400
17001,1603800
17002,1598200
17003,1662600
17004,1801000
17005,1782500
17006,1559500
17007,1500800
17008,1623800
17009,1593900
17010,1848900
17011,1834100
17012,1697200
17013,1587100
17014,1820100
17015,1760300
17016,1658700
17017,1599200
17018,1623500
17019,1626200
17020,1788600
17021,1658300
17022,1610000
17023,1671300
17024,1641300
17025,1606700
17026,1700700
17027,1721300
17028,1614300
17029,1664300
17030,1739900
17031,1635100
17032,1637800
17033,1732300
17034,1672600
17035,1582100
17036,1557900
17037,1582400
17038,1623800
17039,1549900
17040,1999300
17041,1887000
17042,1838200
17043,1701200
17044,1606200
17045,1550700
17046,1677700
17047,1554300
17048,1617600
17049,1561900
17050,1867300
17051,1712400
17052,1856500
17053,1693900
17054,1583300
17055,1642000
17056,1562000
17057,1525500
17058,1666400
17059,1718000
17060,2062100
17061,2162400
17062,1683000
17063,1528100
17064,1653200
17065,1627600
17066,1618800
17067,1592800
17068,1663400
17069,1568800
17070,1831600
17071,1860500
17072,1714700
17073,1724600
17074,1680400
17075,1666000
17076,1607200
17077,1582100
17078,1604900
17079,1577500
17080,1828300
17081,1681500
17082,1571400
17083,1646100
17084,1476100
17085,1612600
17086,1615700
17087,1645400
17088,1645000
17089,1549800
17090,1887200
17091,1729100
17092,1664100
17093,1684800
17094,1576900
17095,1589000
17096,1607900
17097,1596700
17098,1565400
17099,1752400
17100,1890900
17101,1559700
17102,1652100
17103,1624600
17104,1598200
17105,1564100
17106,1520500
17107,1508600
17108,1630300
17109,1769200
17110,2239900
17111,1696300
17112,1629000
17113,1637800
17114,1611500
17115,1616900
17116,1619000
17117,1563500
17118,1568200
17119,1688900
17120,1850900
17121,1706300
17122,1700600
17123,1592000
17124,1587500
17125,1528300
17126,1613900
17127,1551200
17128,1664600
17129,1577800
17130,1874700
17131,1684900
17132,1702200
17133,1641500
17134,1649700
17135,1605000
17136,1691300
17137,1529600
17138,1761200
17139,1720500
17140,2008000
17141,1856800
17142,1683800
17143,1704700
17144,1582200
17145,1552400
17146,1650300
17147,1716500
17148,1614100
17149,1573300
17150,1762300
17151,1704100
17152,1718500
17153,1543000
17154,1636200
17155,1580900
17156,1618200
17157,1693300
17158,1638900
17159,1541700
17160,1840200
17161,1638400
17162,1621800
17163,1661800
17164,1589800
17165,1639400
17166,1596900
17167,1648100
17168,1603100
17169,1585300
17170,1968900
17171,1873700
17172,1653600
17173,1605600
17174,1626500
17175,1571500
17176,1876900
17177,1565100
17178,1646800
17179,1580800
17180,1809200
17181,1650500
17182,1638500
17183,1639500
17184,1706200
17185,1675500
17186,1677000
17187,1660000
17188,1675900
17189,1625200
17190,1858100
17191,1688400
17192,1595800
17193,1608200
17194,1759200
17195,1659200
17196,1623300
17197,1650900
17198,1664700
17199,1519200
17200,1653700
17201,1565000
17202,1650100
17203,1626100
17204,1810600
17205,1783900
17206,1614800
17207,1650700
17208,1550700
17209,1624000
17210,1806300
17211,1604000
17212,1650100
17213,1798500
17214,1669100
17215,1590000
17216,1561800
17217,1576500
17218,1560900
17219,1635500
17220,1717300
17221,1709300
17222,1553500
17223,1653100
17224,1611800
17225,1602700
17226,1492400
17227,1499100
17228,1499400
17229,1566000
17230,1634300
17231,1702700
17232,1604400
17233,1736500
17234,1748500
17235,1603100
17236,1631600
17237,1560600
17238,1571000
17239,1564000
17240,1613600
17241,2002300
17242,1788400
17243,1723300
17244,1653600
17245,1637000
17246,1619800
17247,1638100
17248,1611000
17249,1561600
17250,1659400
17251,1851200
17252,1813000
17253,1753900
17254,1591700
17255,1566600
17256,1616500
17257,1605400
17258,1643400
17259,1688600
17260,1862100
17261,2106900
17262,1749100
17263,1869100
17264,1938200
17265,1922600
17266,2228600
17267,2449800
17268,2237600
17269,2677300
17270,2387700
17271,2066900
17272,2103100
17273,1977000
17274,2023700
17275,2022000
17276,2421500
17277,2481300
17278,2752000
17279,2289300
17280,1960600
17281,1932000
17282,1868400
17283,1840500
17284,2399600
17285,2235800
17286,2217100
17287,2243600
17288,1997500
17289,2310200
17290,2919600
17291,2348100
17292,2180700
17293,2268000
17294,2219700
17295,2252100
17296,2510400
17297,3168200
17298,2981200
17299,2204000
17300,2068400
17301,1974200
17302,2063600
17303,2012100
17304,2026500
17305,2137600
17306,2167100
17307,1943800
17308,1873300
17309,1938900
17310,2042300
17311,1961800
17312,2850000
17313,2538200
17314,2577400
17315,2017500
17316,2151900
17317,2398600
17318,2251700
17319,2352000
17320,2183800
17321,2071600
17322,1939200
17323,1814900
17324,2015700
17325,2823000
17326,3411500
17327,2659500
17328,2416200
17329,2174700
17330,2067500
17331,2049300
17332,2370900
17333,2334200
17334,2396100
17335,2269000
17336,1993300
17337,1859300
17338,2240400
17339,2314700
17340,2074900
17341,2011000
17342,2091200
17343,2311500
17344,2000200
17345,1866000
17346,1942200
17347,2317100
17348,2162100
17349,2022500
17350,1952600
17351,2262300
17352,1980200
17353,1800600
17354,2349700
17355,2600300
17356,2199000
17357,2010800
17358,2153500
17359,2392600
17360,2394500
17361,2124600
17362,1906800
17363,1885000
17364,2178100
17365,2188800
17366,2108400
17367,2110400
17368,2198000
17369,2361300
17370,2848400
17371,1846100
17372,1862400
17373,1967400
17374,2498500
17375,2123700
17376,2211300
17377,2164200
17378,1954400
17379,2006500
17380,2093400
17381,2146600
17382,2738200
17383,2874400
17384,1990300
17385,1914300
17386,1980000
17387,1935800
17388,2029400
17389,2378700
17390,2316500
17391,2258800
17392,2282700
17393,1865200
17394,1850900
17395,1934800
17396,1887600
17397,2457700
17398,2268500
17399,2022800
17400,1951100
17401,2107700
17402,2411300
17403,1955400
17404,1832500
17405,2136900
17406,2153600
17407,2060600
17408,2030600
17409,1969200
17410,1944900
17411,2053300
17412,2061700
17413,2547800
17414,2580900
17415,2466200
17416,1830200
17417,1800300
17418,1756100
17419,1880700
17420,1978200
17421,2261400
17422,2075700
17423,2129000
17424,2376600
17425,1908900
17426,1809200
17427,1776100
17428,2039100
17429,2458400
17430,2028000
17431,1934400
17432,2025600
17433,2258100
17434,2580900
17435,1887000
17436,1924600
17437,2322000
17438,2054500
17439,1980000
17440,2082300
17441,2094900
17442,2105600
17443,2287800
17444,2042800
17445,2341100
17446,2388600
17447,2542900
17448,1992500
17449,1908200
17450,1818500
17451,2526900
17452,2533800
17453,2243300
17454,2067600
17455,2023700
17456,2269400
17457,1905100
17458,2150600
17459,2280200
17460,2645600
17461,2266500
17462,2309800
17463,2152700
17464,2241800
17465,2805800
17466,1827400
17467,2053900
17468,2085700
17469,1986100
17470,1926500
17471,1960600
17472,2093500
17473,2317900
17474,2011400
17475,2326400
17476,2219300
17477,2539200
17478,2693800
17479,1914400
17480,2104600
17481,2478000
17482,2423200
17483,2467800
17484,2414200
17485,2822200
17486,2373100
17487,2451500
17488,1923800
17489,1964300
17490,2227400
17491,2018800
17492,2024700
17493,1892900
17494,2533100
17495,2738100
17496,2865700
17497,2301400
17498,2065400
17499,1906200
17500,1947300
17501,2414200
17502,2069500
17503,2095700
17504,2072800
17505,2323200
17506,2194700
17507,1994600
17508,3079200
17509,3457900
17510,3232400
17511,7167500
17512,2289600
17513,3267700
17514,3421800
17515,4123900
17516,4187400
17517,3686300
17518,2868500
17519,2800000
17520,3075400
17521,3745700
17522,3226200
17523,2143800
17524,1855400
17525,2182800
17526,2379200
17527,1744100
17528,1785100
17529,1765200
17530,1782600
17531,1815800
17532,1871200
17533,1863500
17534,2098700
17535,2333900
17536,2365000
17537,2014000
17538,2013600
17539,1926500
17540,2272500
17541,2125200
17542,1805100
17543,1746300
17544,1918000
17545,1742600
17546,1773800
17547,1813600
17548,1769900
17549,1765700
17550,2084600
17551,1867100
17552,2026300
17553,1758200
17554,1746600
17555,1774000
17556,1734300
17557,1705500
17558,2130600
17559,2294400
17560,2031700
17561,1760500
17562,2218700
17563,1832900
17564,1791600
17565,1817900
17566,1787500
17567,1855300
17568,1870800
17569,2104700
17570,1927800
17571,2048000
17572,2621400
17573,1895100
17574,1704000
17575,1646100
17576,1626800
17577,2177300
17578,2011400
17579,1817700
17580,1773000
17581,1871400
17582,2054800
17583,1664900
17584,1628300
17585,1731400
17586,1937300
17587,1904100
17588,1782300
17589,1753900
17590,1851100
17591,1815100
17592,2286400
17593,1734100
17594,1875500
17595,1640000
17596,1869600
17597,1765900
17598,1709400
17599,1853400
17600,1815500
17601,1832900
17602,1811400
17603,1863200
17604,1824800
17605,2583800
17606,2470800
17607,1753900
17608,1732700
17609,1612800
17610,1707500
17611,2070500
17612,1904300
17613,1996000
17614,1959300
17615,1888400
17616,1990300
17617,1735500
17618,1665300
17619,1790600
17620,1790200
17621,1724200
17622,1796600
17623,2102200
17624,2021000
17625,2114000
17626,1979300
17627,1665800
17628,1703600
17629,1671800
17630,1746800
17631,1733200
17632,1828000
17633,1874200
17634,1880000
17635,1802800
17636,1943200
17637,2054000
17638,2048700
17639,2085900
17640,2599900
17641,1819000
17642,1771400
17643,1663700
17644,1847300
17645,1778800
17646,1810300
17647,1783700
17648,1983100
17649,2390600
17650,1741700
17651,1709500
17652,1658200
17653,1915300
17654,1806400
17655,1702000
17656,1717200
17657,1898800
17658,2136200
17659,2421200
17660,2018100
17661,1984900
17662,1657700
17663,1814500
17664,1658500
17665,1773800
17666,1895900
17667,2428800
17668,1875200
17669,1914900
17670,1936700
17671,1810600
17672,1970500
17673,2324900
17674,1756900
17675,1998000
17676,1699100
17677,1902000
17678,1779800
17679,1807900
17680,1895500
17681,1959700
17682,2136400
17683,1716300
17684,2013900
17685,1827800
17686,1849600
17687,1704800
17688,1743500
17689,1839200
17690,1863700
17691,1848700
17692,2408000
17693,2217200
17694,1752200
17695,1789800
17696,1713900
17697,1916900
17698,1783900
17699,1771400
17700,1837900
17701,1969600
17702,2195600
17703,1866800
17704,2183900
17705,2473900
17706,1848100
17707,1756900
17708,1665500
17709,1753900
17710,2221200
17711,1916200
17712,1973400
17713,2045300
17714,2133700
17715,1701400
17716,1738600
17717,1680800
17718,1913100
17719,2192400
17720,1817100
17721,1799500
17722,1872100
17723,1818900
17724,2240800
17725,1693700
17726,1699300
17727,1928600
17728,1953900
17729,1779200
17730,1791700
17731,1768400
17732,1837100
17733,1833300
17734,1870800
17735,1924500
17736,2058300
17737,2308900
17738,2228200
17739,1703900
17740,1708200
17741,1659100
17742,1825400
17743,1900900
17744,1900400
17745,2062600
17746,1923400
17747,2122600
17748,1800300
17749,1693600
17750,1673000
17751,1720900
17752,2084900
17753,1867300
17754,1864800
17755,1911000
17756,2051000
17757,2270300
17758,1743600
17759,1727800
17760,1775000
17761,1813300
17762,1779300
17763,2072100
17764,1948300
17765,2020500
17766,1925100
17767,1810800
17768,1892800
17769,2032300
17770,2150400
17771,2580600
17772,1848400
17773,1748200
17774,1844500
17775,1791900
17776,2106400
17777,1902500
17778,2014000
17779,2141100
17780,2154200
17781,1733600
17782,1680700
17783,1667800
17784,1980100
17785,1943700
17786,1820900
17787,1760600
17788,1867300
17789,2239000
17790,2094600
17791,1745400
17792,1620700
17793,1701600
17794,1815600
17795,1735900
17796,1790800
17797,1864100
17798,2061300
17799,1960200
17800,1824700
17801,1853100
17802,2079500
17803,2447800
17804,2016200
17805,1668200
17806,1690500
17807,1629800
17808,1774700
17809,1705500
17810,1963300
17811,1808200
17812,1855200
17813,1933900
17814,1915300
17815,1853600
17816,1906600
17817,1819100
17818,1852700
17819,1836400
17820,1856800
17821,1814400
17822,1985800
17823,2420300
17824,2167000
17825,1680000
17826,1796400
17827,1829300
17828,1710000
17829,1839100
17830,1840200
17831,2119300
17832,1858400
17833,2060800
17834,1919300
17835,1792500
17836,2098300
17837,2268800
17838,1770000
17839,1712700
17840,1650500
17841,1852800
17842,2514600
17843,1926000
17844,1869800
17845,1738000
17846,1931500
17847,1938200
17848,1673400
17849,1680000
17850,1866300
17851,2232900
17852,2154100
17853,1920700
17854,1920200
17855,1953500
17856,2146300
17857,2265200
17858,1905700
17859,2175000
17860,1882200
17861,1799700
17862,1840100
17863,1792000
17864,1877300
17865,2005800
17866,1833300
17867,2343500
17868,2023900
17869,2338400
17870,2460300
17871,1795500
17872,1731600
17873,1707600
17874,1735500
17875,2106200
17876,1941000
17877,1871100
17878,1882300
17879,1915800
17880,2016600
17881,1644300
17882,1698600
17883,1629900
17884,2370000
17885,1883400
17886,1749500
17887,1760000
17888,1766700
17889,1959800
17890,2011400
17891,1733600
17892,1850100
17893,1778200
17894,1872200
17895,1719500
17896,1805300
17897,1860500
17898,1779400
17899,1797100
17900,1854200
17901,2298900
17902,2183800
17903,2385500
17904,2156400
17905,1665400
17906,1631500
17907,1698100
17908,1879900
17909,1914800
17910,1828300
17911,1998900
17912,1797700
17913,1813800
17914,1799000
17915,1760400
17916,1569600
17917,1928000
17918,1947300
17919,1782900
17920,1878300
17921,1832400
17922,1908700
17923,2255300
17924,1757000
17925,1718800
17926,1779900
17927,1580900
17928,1799000
17929,2138300
17930,1856900
17931,1895800
17932,1795400
17933,1813100
17934,1933900
17935,1851300
17936,1936700
17937,2730400
17938,2078100
17939,1757400
17940,1671500
17941,1796600
17942,1946000
17943,1886700
17944,1770900
17945,1745600
17946,1924400
17947,2124500
17948,1808200
17949,1614000
17950,1665000
17951,2006200
17952,1831200
17953,1681200
17954,1783000
17955,1934500
17956,2277400
17957,2298600
17958,1839800
17959,1898500
17960,1980200
17961,1822000
17962,1700100
17963,1802600
17964,2077700
17965,1958000
17966,1848000
17967,1812700
17968,2080900
17969,2739700
17970,3104500
17971,2546800
17972,2162800
17973,2160700
17974,2251900
17975,2084100
17976,2235200
17977,2201200
17978,2348000
17979,2130200
17980,1977600
17981,2540200
17982,2839500
17983,2309500
17984,2478500
17985,2365000
17986,3571200
17987,3258100
17988,1992800
17989,1898000
17990,1969200
17991,2046600
17992,1958100
17993,2302900
17994,2180000
17995,2014400
17996,2068100
17997,1818900
17998,1795700
17999,2118800
18000,2279400
18001,2224500
18002,1868600
18003,1915700
18004,1879000
18005,1982900
18006,1776200
18007,1725800
18008,1769300
18009,2125400
18010,2290300
18011,1819200
18012,1622900
18013,1713800
18014,1741200
18015,1637800
18016,1764600
18017,1855400
18018,1928700
18019,2581200
18020,1893500
18021,1657200
18022,1675300
18023,1741600
18024,1777100
18025,1723800
18026,1938100
18027,2151000
18028,2445500
18029,2583200
18030,2050300
18031,2233900
18032,2945400
18033,2519400
18034,1895800
18035,1910900
18036,1766900
18037,1801600
18038,1789800
18039,1737800
18040,1956000
18041,1940900
18042,2150000
18043,2124500
18044,1833000
18045,1689600
18046,1780600
18047,1816800
18048,1759100
18049,1922000
18050,2102300
18051,2248800
18052,3095300
18053,1907300
18054,1821300
18055,1749600
18056,1660200
18057,1749100
18058,1790500
18059,1948200
18060,1839100
18061,1996500
18062,1963300
18063,1929600
18064,1989400
18065,2362900
18066,1932500
18067,1738000
18068,1625600
18069,1979800
18070,1956500
18071,1772700
18072,1725700
18073,1834300
18074,1895100
18075,1935100
18076,1783800
18077,1714000
18078,1795400
18079,1854500
18080,2249100
18081,1823900
18082,1944300
18083,1986600
18084,2170500
18085,1872300
18086,1619500
18087,1828300
18088,1711300
18089,1692700
18090,1772100
18091,1841400
18092,1957600
18093,1849600
18094,1859400
18095,1813500
18096,2051700
18097,1858100
18098,2298800
18099,1991500
18100,1917600
18101,1913100
18102,1800600
18103,1742100
18104,1842100
18105,1886000
18106,1761700
18107,1807600
18108,2104900
18109,1740800
18110,1699200
18111,1687600
18112,1822200
18113,1870200
18114,1900300
18115,1930500
18116,1713300
18117,1993600
18118,2229000
18119,1726700
18120,1695600
18121,1625200
18122,1857300
18123,1974000
18124,1856000
18125,1800100
18126,1956400
18127,1822700
18128,1761700
18129,1749400
18130,2013300
18131,2593900
18132,2309200
18133,1715800
18134,1707000
18135,1570500
18136,1719800
18137,1636200
18138,1788100
18139,1926900
18140,1886300
18141,2302800
18142,1844600
18143,1648800
18144,1692400
18145,1776200
18146,1712200
18147,1755200
18148,1755300
18149,1793800
18150,2192800
18151,2496600
18152,1751400
18153,1604600
18154,1598100
18155,1784100
18156,1703600
18157,1743000
18158,1942600
18159,2533100
18160,2165300
18161,1913700
18162,1739200
18163,1949000
18164,2202700
18165,2026800
18166,1705800
18167,2196000
18168,1741400
18169,1778000
18170,1752100
18171,1766700
18172,1848400
18173,1898300
18174,2041700
18175,1779300
18176,2017700
18177,1706900
18178,1882600
18179,1739900
18180,1747700
18181,1834100
18182,1937000
18183,1914700
18184,2520300
18185,2012900
18186,1720000
18187,1692800
18188,1777500
18189,1667500
18190,1753500
18191,1761300
18192,1943100
18193,1984900
18194,2073000
18195,1846600
18196,1931200
18197,2163000
18198,2192300
18199,1707000
18200,1703400
18201,1696000
18202,2210500
18203,1830100
18204,1805300
18205,1726000
18206,1713900
18207,1981900
18208,1670700
18209,1667500
18210,1818000
18211,1862500
18212,1895000
18213,1833300
18214,1802000
18215,1736400
18216,1978400
18217,2317600
18218,1852800
18219,1715000
18220,1877300
18221,2059300
18222,1768300
18223,1714900
18224,1848000
18225,1855200
18226,1966300
18227,1856200
18228,1923800
18229,1989300
18230,2704300
18231,1839100
18232,1684900
18233,1628300
18234,1582800
18235,1913000
18236,1809500
18237,1700300
18238,2135700
18239,1853500
18240,1996200
18241,1761600
18242,1691500
18243,1752500
18244,1849100
18245,1788000
18246,1704200
18247,2231600
18248,2018900
18249,1928900
18250,2344200
18251,1772300
18252,1790500
18253,1671700
18254,1735800
18255,1708400
18256,1956100
18257,1804500
18258,1947600
18259,1839100
18260,1878000
18261,1735800
18262,1863800
18263,2151700
18264,2594600
18265,1811800
18266,1611200
18267,1595000
18268,1820000
18269,1808800
18270,1831200
18271,1742000
18272,1805300
18273,2033600
18274,2088000
18275,1667600
18276,1650400
18277,2123400
18278,1956600
18279,1760100
18280,1811900
18281,1798000
18282,2245700
18283,2468500
18284,1797000
18285,1829000
18286,1758500
18287,1721300
18288,1814200
18289,1808500
18290,1847500
18291,1957200
18292,1963200
18293,1854000
18294,1868400
18295,2010500
18296,2408400
18297,1825700
18298,1705200
18299,1578300
18300,1912900
18301,1875500
18302,2038900
18303,2121100
18304,1819800
18305,1818000
18306,1976100
18307,1681500
18308,1656400
18309,1964200
18310,1809300
18311,2108200
18312,1828800
18313,1846100
18314,2081500
18315,2289300
18316,1774300
18317,1823400
18318,1762100
18319,1821300
18320,1772300
18321,1610100
18322,1923400
18323,1780800
18324,1856000
18325,1848700
18326,1818200
18327,1927700
18328,2136600
18329,2345700
18330,2101800
18331,1627800
18332,1608700
18333,1590300
18334,1750800
18335,1757700
18336,2346800
18337,1892500
18338,1868200
18339,2067200
18340,1758400
18341,1781100
18342,1757500
18343,1711200
18344,2136300
18345,1917900
18346,1915800
18347,1903600
18348,1821700
18349,2371600
18350,1880700
18351,1735300
18352,1783000
18353,1922600
18354,1823900
18355,1741500
18356,1781900
18357,1878700
18358,1783600
18359,1893700
18360,1826300
18361,1837900
18362,2245600
18363,2387200
18364,2169900
18365,1747800
18366,1621600
18367,1717100
18368,1769800
18369,1847800
18370,1877700
18371,1999300
18372,1918000
18373,2022000
18374,1656900
18375,1662100
18376,1758400
18377,1719300
18378,1976400
18379,2219300
18380,1990600
18381,1878300
18382,1846900
18383,2028600
18384,2476600
18385,1804100
18386,1998400
18387,2055500
18388,2110300
18389,1922800
18390,2010600
18391,1996200
18392,2085600
18393,2278200
18394,2110800
18395,1928500
18396,2057500
18397,2280100
18398,2523200
18399,1928700
18400,1782200
18401,1703200
18402,1756200
18403,1728000
18404,1982500
18405,2075100
18406,2491900
18407,2313700
18408,1919800
18409,1719700
18410,1755000
18411,1722700
18412,1851100
18413,1890100
18414,1846700
18415,1826700
18416,2140400
18417,2204500
18418,1749600
18419,1657300
18420,1636900
18421,1808600
18422,2084300
18423,1823200
18424,1948900
18425,1936900
18426,1871100
18427,1766900
18428,1863000
18429,1831400
18430,2426800
18431,2370400
18432,1889500
18433,1614200
18434,1661600
18435,1824600
18436,1779300
18437,1796500
18438,1773600
18439,1882400
18440,2386500
18441,1809000
18442,1797400
18443,1667600
18444,1730400
18445,1730200
18446,1702400
18447,1815600
18448,1996400
18449,2199000
18450,2678400
18451,1968600
18452,1717100
18453,1705200
18454,1719300
18455,1799100
18456,1762500
18457,2151100
18458,2034100
18459,1904500
18460,1862200
18461,1752900
18462,1911800
18463,2459200
18464,1920600
18465,1879400
18466,1751500
18467,1922500
18468,1762700
18469,1692000
18470,1842900
18471,1816200
18472,1917400
18473,2040600
18474,1932100
18475,1693500
18476,2180700
18477,1868200
18478,1701900
18479,1827300
18480,1835300
18481,1835500
18482,2246900
18483,2208100
18484,1963000
18485,1645200
18486,1849100
18487,1726900
18488,1754800
18489,1757700
18490,2020700
18491,1920200
18492,2485900
18493,2387800
18494,2305300
18495,3201000
18496,2180900
18497,1804000
18498,1974500
18499,2122500
18500,2029400
18501,1988000
18502,2391300
18503,2362400
18504,2727200
18505,2454300
18506,2639600
18507,2772100
18508,2711500
18509,2411900
18510,2122300
18511,2030700
18512,2438200
18513,2648100
18514,1924900
18515,1794300
18516,1921500
18517,1979100
18518,1798600
18519,2069600
18520,1906500
18521,1927900
18522,2085400
18523,1814300
18524,1892600
18525,2069900
18526,2314000
18527,1982800
18528,1948800
18529,1866600
18530,2051000
18531,1770800
18532,1757500
18533,1833700
18534,2075300
18535,1939200
18536,2020400
18537,1670400
18538,1694200
18539,2063300
18540,1800900
18541,1775600
18542,1797900
18543,1896400
18544,1933100
18545,2290200
18546,1786900
18547,1680900
18548,1730900
18549,1691200
18550,1800900
18551,1668400
18552,1839100
18553,1938700
18554,1929500
18555,1825000
18556,1786900
18557,1985700
18558,2235300
18559,2395600
18560,1835500
18561,2011500
18562,1899900
18563,2501500
18564,2208400
18565,2523600
18566,2078200
18567,1874400
18568,2232500
18569,1971600
18570,1817000
18571,1659700
18572,1895300
18573,2080200
18574,2064900
18575,1964100
18576,1929200
18577,1991100
18578,2286700
18579,1674600
18580,1737700
18581,1924300
18582,2043600
18583,1799900
18584,2221700
18585,1935800
18586,1890500
18587,1843200
18588,1705100
18589,1835800
18590,2298200
18591,2534300
18592,2081700
18593,1666100
18594,1669000
18595,1679100
18596,1732500
18597,1685800
18598,1783200
18599,2121700
18600,2086800
18601,2339500
18602,1840700
18603,1673600
18604,1633200
18605,1728800
18606,1765500
18607,1794500
18608,2075500
18609,1830100
18610,2052400
18611,2399300
18612,1782600
18613,1750700
18614,1612300
18615,1720300
18616,1760000
18617,1836900
18618,1881700
18619,1720500
18620,1816800
18621,1982500
18622,1870000
18623,1925800
18624,1887200
18625,2623200
18626,2200000
18627,1774500
18628,1674400
18629,1762600
18630,1700300
18631,1692000
18632,1823000
18633,1768700
18634,1974000
18635,2230000
18636,1702300
18637,1612200
18638,1752600
18639,1797300
18640,1703000
18641,1702300
18642,1790300
18643,1893800
18644,2216200
18645,2470000
18646,1732000
18647,1720500
18648,1706800
18649,1840500
18650,1776200
18651,1845800
18652,2140400
18653,1967000
18654,1949000
18655,1713200
18656,1846700
18657,1791100
18658,2205900
18659,2271200
18660,1803100
18661,1811600
18662,1721700
18663,1708600
18664,1782300
18665,1739300
18666,1789600
18667,1881900
18668,2116100
18669,1878700
18670,1824900
18671,1655800
18672,1740200
18673,1687600
18674,1740800
18675,1746900
18676,1925700
18677,1854300
18678,2533100
18679,2187200
18680,1771100
18681,1659400
18682,1649000
18683,1689800
18684,1727100
18685,1695900
18686,1981200
18687,1926900
18688,1939800
18689,1859000
18690,1770600
18691,2126800
18692,2379400
18693,1901300
18694,1841000
18695,1670700
18696,1851100
18697,1823700
18698,1791200
18699,1804300
18700,1771900
18701,1835800
18702,2016400
18703,1855400
18704,1714300
18705,1813400
18706,1966500
18707,1715200
18708,1737300
18709,1791100
18710,2009400
18711,2435900
18712,1923600
18713,1715300
18714,1726300
18715,2109200
18716,1920200
18717,1785200
18718,1805600
18719,1878100
18720,1902100
18721,1786200
18722,1785100
18723,1837100
18724,2302200
18725,2279800
18726,1761300
18727,1706500
18728,1726400
18729,1854800
18730,1717700
18731,1685000
18732,1795000
18733,1888500
18734,1850500
18735,1990900
18736,1777300
18737,1742300
18738,1677300
18739,1792100
18740,1765100
18741,1794300
18742,2054600
18743,1719000
18744,1902400
18745,2484500
18746,1848500
18747,1722000
18748,1627000
18749,1706200
18750,1752200
18751,1911400
18752,1760900
18753,1891200
18754,2010000
18755,1801300
18756,1790300
18757,1788800
18758,1812400
18759,2479400
18760,1862200
18761,1707600
18762,1874800
18763,1812200
18764,1738500
18765,1732600
18766,1847600
18767,1852300
18768,2027200
18769,2277900
18770,1718400
18771,1777100
18772,1737700
18773,1759000
18774,1745300
18775,1778300
18776,1804500
18777,1879100
18778,2290000
18779,2266100
18780,1744600
18781,1627400
18782,1577100
18783,1802100
18784,1678700
18785,1742200
18786,1836500
18787,2087200
18788,1919000
18789,1847100
18790,1836300
18791,1929800
18792,1925200
18793,2194400
18794,1843000
18795,1839400
18796,2197300
18797,2114900
18798,1851000
18799,1806500
18800,1868100
18801,1959300
18802,2059100
18803,1810100
18804,2224600
18805,1778500
18806,1771900
18807,1720300
18808,1792000
18809,1874000
18810,1758000
18811,1861800
18812,2252800
18813,2052300
18814,1711300
18815,1727500
18816,1788700
18817,1860300
18818,1846000
18819,1737700
18820,1791300
18821,2078100
18822,2016700
18823,1890800
18824,1914000
18825,2218500
18826,2119200
18827,1742900
18828,1645000
18829,1873700
18830,2354900
18831,1864900
18832,1886300
18833,1856800
18834,1779700
18835,1886300
18836,1667500
18837,1717300
18838,1923500
18839,2156600
18840,1799100
18841,1776600
18842,1752600
18843,1841900
18844,1889800
18845,2117500
18846,1790800
18847,1774500
18848,1920000
18849,1898500
18850,1795600
18851,1788600
18852,1862300
18853,1950200
18854,2243700
18855,2124200
18856,2264200
18857,2384600
18858,3183900
18859,2464500
18860,2090600
18861,1977000
18862,1935600
18863,2071900
18864,2302800
18865,1936100
18866,2097100
18867,1896800
18868,2134400
18869,2032500
18870,1892900
18871,2061300
18872,2486100
18873,1932100
18874,2010700
18875,2187400
18876,2245900
18877,2624800
18878,1867900
18879,1901000
18880,1958800
18881,1763900
18882,1889600
18883,1747600
18884,1898800
18885,1982000
18886,1909200
18887,1925500
18888,2057400
18889,2023900
18890,2060100
18891,2668500
18892,2072100
18893,1716300
18894,1749600
18895,1749800
18896,1857400
18897,1990900
18898,1841800
18899,1816200
18900,2266300
18901,2655500
18902,2118300
18903,1780600
18904,1787800
18905,2139500
18906,1905500
18907,1810200
18908,2084500
18909,1953500
18910,2409700
18911,1874500
18912,1717800
18913,1956100
18914,2009200
18915,1784100
18916,1945900
18917,1852000
18918,1820900
18919,1702700
18920,1777400
18921,1742800
18922,2000300
18923,2216200
18924,2507400
18925,1943100
18926,1676100
18927,1607600
18928,1769000
18929,1698600
18930,1839500
18931,2065100
18932,1871100
18933,2009600
18934,2121100
18935,1700200
18936,1680000
18937,1696200
18938,1835000
18939,1678700
18940,1979900
18941,2130400
18942,1963300
18943,2071900
18944,2143000
18945,1632200
18946,1675600
18947,1703800
18948,1891600
18949,2117100
18950,1868100
18951,1792000
18952,1835100
18953,1830300
18954,1773900
18955,1702200
18956,1949500
18957,2558200
18958,2474400
18959,1912600
18960,1746700
18961,1779700
18962,1764300
18963,1771900
18964,1696200
18965,1803800
18966,2110400
18967,2284400
18968,1887500
18969,1617400
18970,1593500
18971,1778100
18972,1691700
18973,1676800
18974,1781200
18975,2209100
18976,2219900
18977,2288700
18978,1769700
18979,1649100
18980,1647100
18981,1870800
18982,1737000
18983,1915500
18984,2068200
18985,1851000
18986,1892200
18987,1835000
18988,1780400
18989,1863300
18990,2205400
18991,2261500
18992,1873500
18993,1863900
18994,1783800
18995,1697800
18996,1731500
18997,1734100
18998,1805600
18999,2077400
19000,2132900
19001,2142200
19002,1910700
19003,1816300
19004,1937400
19005,1774100
19006,1718600
19007,1762900
19008,2165000
19009,2229900
19010,2363200
19011,1775400
19012,1709800
19013,1771900
19014,1723400
19015,1807000
19016,2062700
19017,2186200
19018,2510500
19019,2649100
19020,2201700
19021,2098100
19022,2125200
19023,2795700
19024,2519700
19025,2266500
19026,2524300
19027,2496200
19028,2715800
19029,2158200
19030,2735800
19031,2432100
19032,2043200
19033,1829700
19034,1806400
19035,1956900
19036,1966900
19037,2136100
19038,2060900
19039,1992200
19040,2460900
19041,2433200
19042,1863600
19043,1665300
19044,1739900
19045,1849200
19046,1821200
19047,1883100
19048,1898200
19049,2093500
19050,1992400
19051,1862400
19052,1811400
19053,2072800
19054,2636800
19055,2363700
19056,1808400
19057,2119900
19058,1946000
19059,1732200
19060,1735700
19061,1782400
19062,1825000
19063,1870700
19064,2027500
19065,1611900
19066,1678100
19067,1745400
19068,1790400
19069,1709800
19070,1916500
19071,1891800
19072,1950400
19073,1881500
19074,2254300
19075,2008600
19076,1774500
19077,1694400
19078,1859400
19079,1763100
19080,2510400
19081,1887300
19082,1811200
19083,1861300
19084,2193800
19085,1867900
19086,1866800
19087,2766700
19088,2503800
19089,2762000
19090,2326700
19091,2938400
19092,2537000
19093,2321700
19094,2081600
19095,1832500
19096,2148000
19097,1693200
19098,1751700
19099,1832700
19100,1889000
19101,1775100
19102,1763300
19103,1933900
19104,1841500
19105,2043000
19106,2229400
19107,1810100
19108,1747500
19109,1869700
19110,1968100
19111,1743200
19112,1731600
19113,1837400
19114,2051100
19115,1842400
19116,2102100
19117,1915600
19118,1799200
19119,2831200
19120,2151700
19121,1696400
19122,1721200
19123,1613300
19124,1623600
19125,2103600
19126,1983100
19127,1925300
19128,1832600
19129,2096600
19130,1627300
19131,1610000
19132,1567800
19133,1672300
19134,1869700
19135,1859700
19136,1914400
19137,1749100
19138,1888700
19139,2286000
19140,1795200
19141,1718600
19142,1709800
19143,2028300
19144,1913600
19145,1729800
19146,1808900
19147,1801600
19148,1898400
19149,1690800
19150,1801400
19151,1869800
19152,2442500
19153,2416400
19154,1843400
19155,1671100
19156,1636900
19157,1678400
19158,1694300
19159,1858500
19160,1760100
19161,2113500
19162,1908500
19163,2065600
19164,1690800
19165,1590900
19166,1644900
19167,1777900
19168,1808700
19169,1732500
19170,2223300
19171,2093300
19172,2033900
19173,2264800
19174,1737200
19175,1742000
19176,1667600
19177,1824500
19178,1695600
19179,2095800
19180,1855000
19181,1981100
19182,1848100
19183,1734600
19184,1816800
19185,1935300
19186,1992600
19187,2713500
19188,1829700
19189,1713600
19190,1682100
19191,1758500
19192,1787200
19193,1851800
19194,1825200
19195,1930400
19196,2238600
19197,1794100
19198,1729600
19199,1792100
19200,1853900
19201,1855900
19202,1978200
19203,1841500
19204,1829600
19205,2098200
19206,2427000
19207,1825300
19208,1665800
19209,1699800
19210,1844800
19211,1793700
19212,1741600
19213,1746700
19214,2046800
19215,1984900
19216,1860800
19217,1776500
19218,1889200
19219,2029300
19220,2378700
19221,1703400
19222,1614100
19223,1778000
19224,1765600
19225,1707500
19226,1755600
19227,1898700
19228,1960400
19229,1927400
19230,1960500
19231,1739800
19232,2189900
19233,1747800
19234,1782400
19235,1776200
19236,1844500
19237,1853300
19238,1904700
19239,1892500
19240,2480300
19241,1804000
19242,1782400
19243,1727200
19244,1864500
19245,1816200
19246,1747700
19247,1841600
19248,1946900
19249,1906900
19250,2133800
19251,1857000
19252,2193700
19253,2415800
19254,2044600
19255,1698400
19256,1717200
19257,1668900
19258,2202900
19259,1829800
19260,1904500
19261,1974200
19262,1860900
19263,2008900
19264,1710400
19265,1580700
19266,1638400
19267,1808700
19268,1883600
19269,1702200
19270,1767300
19271,1813500
19272,1813000
19273,2098000
19274,2118400
19275,1724500
19276,1864100
19277,1849900
19278,1801100
19279,1818100
19280,1834600
19281,1748900
19282,1839100
19283,1871400
19284,1803000
19285,2005000
19286,2092600
19287,2216200
19288,2088100
19289,1692400
19290,1679200
19291,1634000
19292,1672200
19293,1826000
19294,2422300
19295,1979300
19296,2021200
19297,2036300
19298,1800400
19299,1667200
19300,1540400
19301,1712700
19302,1900800
19303,2141100
19304,1840500
19305,1805700
19306,1907000
19307,1995100
19308,2132400
19309,1733000
19310,1663400
19311,1744200
19312,1986800
19313,1794800
19314,1666000
19315,1814600
19316,2067200
19317,1915100
19318,1928900
19319,1793800
19320,2130900
19321,2497200
19322,2279300
19323,1744600
19324,1714100
19325,1707300
19326,1807500
19327,1908100
19328,2036600
19329,1996200
19330,1854000
19331,2031300
19332,1758000
19333,1741200
19334,1711400
19335,1699300
19336,1816900
19337,1767100
19338,2075900
19339,1857100
19340,2046700
19341,2402100
19342,1619300
19343,1714800
19344,1574100
19345,1781900
19346,1790900
19347,1934300
19348,1743600
19349,1724800
19350,1651300
19351,1909800
19352,1772600
19353,2134400
19354,2488100
19355,2706300
19356,1958400
19357,1716500
19358,1557200
19359,1734800
19360,1737300
19361,1932000
19362,2100800
19363,1852900
19364,2192000
19365,1942300
19366,1696000
19367,1671500
19368,1755800
19369,1874700
19370,2001800
19371,1832800
19372,1768000
19373,1943000
19374,2457800
19375,1898300
19376,1725000
19377,1671000
19378,2160300
19379,2528700
19380,2579300
19381,3303200
19382,2639200
19383,2320600
19384,2418200
19385,2020500
19386,2059900
19387,2156100
19388,3077100
19389,2295600
19390,1912800
19391,2165800
19392,1994300
19393,1975400
19394,2024900
19395,2077400
19396,2344000
19397,2299800
19398,1892000
19399,1960400
19400,1843000
19401,1954500
19402,1985800
19403,2127800
19404,2540600
19405,1911700
19406,2158000
19407,2365500
19408,1741300
19409,1666100
19410,1656800
19411,1827800
19412,1946500
19413,1760200
19414,1757000
19415,2139500
19416,1945700
19417,1736900
19418,1840200
19419,1836200
19420,2152500
19421,2733300
19422,1691100
19423,2251100
19424,2053600
19425,1864200
19426,1799500
19427,1988400
19428,1922200
19429,1884100
19430,1989800
19431,1997000
19432,1764400
19433,1732000
19434,1916700
19435,1795300
19436,1850600
19437,1892500
19438,2374700
19439,2192600
19440,2457200
19441,1792600
19442,1691200
19443,1664300
19444,1731200
19445,1714100
19446,1774100
19447,2173800
19448,1902700
19449,1800600
19450,1713000
19451,1874400
19452,1830100
19453,2035700
19454,2281400
19455,2221200
19456,1848500
19457,1756300
19458,1835100
19459,1731400
19460,1764500
19461,1834800
19462,1946400
19463,2088500
19464,2338700
19465,1785800
19466,1656800
19467,1763900
19468,1676000
19469,1740800
19470,1856500
19471,1817200
19472,1861900
19473,2805100
19474,1861700
19475,1700300
19476,1705800
19477,1814400
19478,1768400
19479,1827100
19480,1839300
19481,2100400
19482,1992800
19483,1832700
19484,1746800
19485,1756300
19486,2040500
19487,2261400
19488,1824200
19489,1809600
19490,1944600
19491,2094600
19492,1831900
19493,1850800
19494,1853700
19495,1988800
19496,1775600
19497,1934700
19498,1642000
19499,1763500
19500,1743800
19501,1822600
19502,1769300
19503,1711200
19504,1755800
19505,1843800
19506,2095200
19507,2214800
19508,2089800
19509,1743000
19510,1828300
19511,1787500
19512,1761000
19513,1802300
19514,1895000
19515,1909100
19516,1911200
19517,1991000
19518,1870800
19519,2086300
19520,2413800
19521,1865000
19522,1934100
19523,1801200
19524,1777100
19525,1790000
19526,2284000
19527,1872500
19528,1822600
19529,2013900
19530,1967500
19531,1818900
19532,1637700
19533,1664700
19534,1787600
19535,1770300
19536,1830200
19537,1756100
19538,1861300
19539,2673500
19540,3580300
19541,2080300
19542,2779200
19543,2697100
19544,2597300
19545,2523400
19546,2153600
19547,2194100
19548,2002500
19549,2388800
19550,2086700
19551,2256200
19552,2693100
19553,2717700
19554,2498100
19555,2448800
19556,2348600
19557,2405800
19558,2602600
19559,2675100
19560,2539900
19561,2051400
19562,1733800
19563,1745700
19564,1776800
19565,1765500
19566,1823500
19567,1807200
19568,1757800
19569,1974000
19570,2215100
19571,1823800
19572,2148100
19573,1811600
19574,2070600
19575,2306500
19576,2088100
19577,2002100
19578,1927800
19579,1802900
19580,1881100
19581,1952200
19582,1922300
19583,2274500
19584,2425300
19585,1783900
19586,1648600
19587,1622800
19588,1800600
19589,2028000
19590,2133800
19591,2086700
19592,1842900
19593,2046300
19594,1766600
19595,1659900
19596,1734600
19597,1799200
19598,1924100
19599,2065800
19600,1915700
19601,1854600
19602,1971800
19603,2297600
19604,1783300
19605,1760800
19606,2255400
19607,2369500
19608,2035500
19609,1854800
19610,1963800
19611,2215000
19612,2032000
19613,1977700
19614,2423200
19615,3106300
19616,2911700
19617,3708100
19618,2284100
19619,1868500
19620,2058100
19621,1966300
19622,1745100
19623,1856700
19624,1832900
19625,2036800
19626,2090500
19627,1747100
19628,1738800
19629,2155200
19630,1861400
19631,1838300
19632,1839900
19633,2330800
19634,1976900
19635,2278300
19636,1719900
19637,1849300
19638,1908300
19639,1886600
19640,1807400
19641,1793900
19642,1884000
19643,1853200
19644,1825800
19645,1840000
19646,1834000
19647,2058500
19648,2647500
19649,1909100
19650,1735800
19651,1607200
19652,1783200
19653,1747900
19654,1898800
19655,2103000
19656,1895700
19657,1959200
19658,1828700
19659,1641400
19660,1654600
19661,1632500
19662,1709900
19663,1862800
19664,1927500
19665,1901900
19666,1850600
19667,2085600
19668,2281300
19669,1641100
19670,1671200
19671,1779500
19672,1854600
19673,1859800
19674,1861300
19675,1721400
19676,2101800
19677,1816700
19678,1770500
19679,1941500
19680,1860100
19681,2153800
19682,2422900
19683,1723600
19684,1752400
19685,1636400
19686,1655700
19687,1701200
19688,2095600
19689,2132000
19690,2193100
19691,2316600
19692,1828700
19693,1727600
19694,1630300
19695,1774100
19696,1836500
19697,1713600
19698,1813700
19699,1774700
19700,2274300
19701,2343300
19702,1831500
19703,1757300
19704,1683600
19705,1743700
19706,1663100
19707,1761200
19708,1798200
19709,2077500
19710,1915700
19711,1884300
19712,1796700
19713,1930900
19714,2117400
19715,2245200
19716,1891700
19717,2013400
19718,1802700
19719,1814200
19720,1757700
19721,1924400
19722,1870700
19723,1828900
19724,1820500
19725,2331500
19726,2094000
19727,1895100
19728,1819200
19729,2215600
19730,2030300
19731,2004000
19732,1883100
19733,1969500
19734,2548900
19735,2177000
19736,1779600
19737,1871400
19738,1777200
19739,1798800
19740,1740800
19741,1727200
19742,1720200
19743,2176300
19744,1937500
19745,1955600
19746,2210000
19747,1877000
19748,2086400
19749,2237400
19750,1720700
19751,1837500
19752,1781400
19753,1857600
19754,1885400
19755,1809600
19756,1839600
19757,2028300
19758,1917100
19759,1925600
19760,1866600
19761,1986100
19762,1726000
19763,1789900
19764,1680700
19765,1738000
19766,1905700
19767,1967200
19768,2218300
19769,1954600
19770,1812400
19771,1737900
19772,1755200
19773,1708100
19774,1822400
19775,1727600
19776,1934500
19777,1879300
19778,2262700
19779,2171900
19780,1978800
19781,1840100
19782,2382900
19783,1945300
19784,1710100
19785,1666600
19786,1657400
19787,2200700
19788,1784800
19789,1746500
19790,1828400
19791,1875800
19792,1958700
19793,1683600
19794,1697100
19795,1702600
19796,2200600
19797,1813300
19798,1883100
19799,1791900
19800,1825200
19801,1952600
19802,2174000
19803,1802800
19804,1788700
19805,2038500
19806,1857000
19807,1749400
19808,1726500
19809,1785900
19810,1779300
19811,1846300
19812,1932800
19813,1944200
19814,1927400
19815,2118700
19816,2373500
19817,1859700
19818,1763300
19819,1722700
19820,1719000
19821,1919500
19822,1854400
19823,1939700
19824,1865700
19825,1845600
19826,2099200
19827,1667300
19828,1567100
19829,1700100
19830,1767200
19831,1738900
19832,1865900
19833,1778600
19834,1855800
19835,2022100
19836,2262600
19837,1780800
19838,1970000
19839,1757400
19840,2122700
19841,1946700
19842,1759200
19843,1732700
19844,1956100
19845,1872500
19846,1870900
19847,1842200
19848,1825400
19849,2307800
19850,2331200
19851,1800700
19852,1634800
19853,1680900
19854,1979500
19855,1732700
19856,1876300
19857,1760100
19858,2180100
19859,1911400
19860,1865400
19861,1617800
19862,1759900
19863,1825400
19864,1891800
19865,1707600
19866,1666900
19867,2181000
19868,1987000
19869,1979800
19870,2231000
19871,1956800
19872,2528500
19873,2408600
19874,2151600
19875,1948000
19876,1821900
19877,1890300
19878,1798300
19879,2373200
19880,2939200
19881,2635700
19882,2527700
19883,2599000
19884,1916400
19885,2006000
19886,1666900
19887,1728100
19888,1721400
19889,1607300
19890,1861600
19891,2282900
19892,1847900
19893,2030100
19894,2020700
19895,1991800
19896,2012000
19897,2533300
19898,2221200
19899,2144400
19900,2078700
19901,2225100
19902,2543300
19903,2119900
19904,2051600
19905,2048000
19906,2583000
19907,2008600
19908,2281100
19909,2086700
19910,2157600
19911,2076700
19912,2059000
19913,1966900
19914,2279900
19915,2814200
19916,3019400
19917,1941900
19918,1862400
19919,1944000
19920,1943100
19921,1954300
19922,1964900
19923,1914900
19924,1827700
19925,2215200
19926,1936400
19927,1791400
19928,1913000
19929,2145400
19930,2228800
19931,2635200
19932,2004100
19933,1849700
19934,2142500
19935,3249800
19936,2355900
19937,2045200
19938,2872600
19939,2119200
19940,1853700
19941,1918000
19942,1879000
19943,1943300
19944,1828700
19945,2283400
19946,2821200
19947,3081900
19948,2965500
19949,2060100
19950,1764300
19951,1744800
19952,2188100
19953,1831100
19954,1742300
19955,1848500
19956,1965700
19957,1892900
19958,1943000
19959,1733300
19960,1882400
19961,2818300
19962,2745900
19963,2369900
19964,1697700
19965,1755800
19966,1769100
19967,2286200
19968,2346600
19969,1966800
19970,1703300
19971,1715000
19972,1784700
19973,1751700
19974,1801200
19975,1845400
19976,2082300
19977,3220300
19978,3066700
19979,2093800
19980,1774400
19981,2237900
19982,2364200
19983,1682600
19984,1745800
19985,1763600
19986,1901100
19987,1723800
19988,1764500
19989,1825900
19990,1990800
19991,2482300
19992,3003800
19993,2622500
19994,2168100
19995,1810900
19996,1751200
19997,1890600
19998,2272600
19999,2978300
20000,3429800
20001,2465300
20002,1766700
20003,1753800
20004,1645000
20005,2187300
20006,2849800
20007,2879200
20008,2259000
20009,1908500
20010,1834000
20011,1754500
20012,2236600
20013,2258000
20014,2159500
20015,1853800
20016,1787700
20017,1726300
20018,1739800
20019,1743100
20020,2041800
20021,1940800
20022,1861300
20023,1890900
20024,1916300
20025,1927500
20026,1736300
20027,1756000
20028,1876100
20029,2319700
20030,2686200
20031,2593900
20032,2324500
20033,2175600
20034,2000500
20035,2113000
20036,2229600
20037,2004700
20038,1838200
20039,1954800
20040,2285400
20041,2128200
20042,1944000
20043,2343700
20044,3586100
20045,3472000
20046,3476600
20047,2800000
20048,2356200
20049,3262700
20050,3078700
20051,2209400
20052,2796500
20053,2460600
20054,2803900
20055,3321600
20056,2709000
20057,2346300
20058,2116600
20059,2165700
20060,2106300
20061,2122700
20062,2328300
20063,2569500
20064,1827300
20065,1771900
20066,1929000
20067,1948300
20068,2455700
20069,2820900
20070,2800400
20071,1968900
20072,1739900
20073,1788600
20074,2175600
20075,2354600
20076,2420100
20077,2361300
20078,2065700
20079,1715500
20080,1651400
20081,1690800
20082,2054000
20083,1991000
20084,1746100
20085,1776100
20086,1990800
20087,1842700
20088,1728700
20089,1618300
20090,1618000
20091,2330200
20092,2255000
20093,1911100
20094,1743000
20095,1724300
20096,1754900
20097,1920000
20098,1977800
20099,2564400
20100,3798400
20101,3951500
20102,2929800
20103,2342100
20104,2544200
20105,2608800
20106,2458800
20107,3194300
20108,2298800
20109,2073200
20110,2358700
20111,3179700
20112,3344800
20113,2583200
20114,1925600
20115,1954400
20116,1721800
20117,1938800
20118,1903000
20119,2722600
20120,2233900
20121,2381600
20122,2680400
20123,1976700
20124,2067300
20125,2693900
20126,2927700
20127,2722700
20128,1918000
20129,2110600
20130,1972000
20131,3186000
20132,4269900
20133,3317400
20134,2332300
20135,2807000
20136,3164800
20137,4735900
20138,3511600
20139,2015200
20140,2031500
20141,2159200
20142,1986600
20143,2036500
20144,2377200
20145,2110900
20146,2060700
20147,2108800
20148,2186800
20149,3198400
20150,3526900
20151,4120300
20152,2437100
20153,1867000
20154,2205900
20155,1887600
20156,1893500
20157,1996400
20158,1901500
20159,1824800
20160,1678900
20161,1517300
20162,1801100
20163,2519600
20164,2093500
20165,1854600
20166,1600600
20167,1877700
20168,1858800
20169,1626700
20170,1620800
20171,1673200
20172,1624400
20173,1572000
20174,1634700
20175,1580100
20176,1637000
20177,1805600
20178,1627800
20179,1654500
20180,1760800
20181,2416100
20182,2071800
20183,1839000
20184,1611200
20185,1645700
20186,1886000
20187,1622700
20188,1665100
20189,1792700
20190,1644500
20191,1588600
20192,1602400
20193,1569600
20194,1565200
20195,1670100
20196,1601300
20197,1629000
20198,1838000
20199,2355800
20200,2488300
20201,2138800
20202,1703600
20203,1676500
20204,1535200
20205,1757400
20206,1638300
20207,1683300
20208,1641300
20209,1578900
20210,1610800
20211,1601600
20212,1615300
20213,1598700
20214,1566400
20215,1825600
20216,1939200
20217,2692100
20218,2363500
20219,1785000
20220,1631100
20221,1622900
20222,1699000
20223,1587900
20224,1792700
20225,1664100
20226,1667700
20227,1589300
20228,1600600
20229,1567800
20230,1683200
20231,1536900
20232,1571900
20233,1526600
20234,2013600
20235,2705800
20236,2283600
20237,1883600
20238,1647800
20239,1584800
20240,1613000
20241,1631900
20242,1614800
20243,1791000
20244,1765500
20245,1632000
20246,1676300
20247,1547700
20248,1645600
20249,1626800
20250,1644800
20251,1695600
20252,2393600
20253,2698800
20254,2097500
20255,1523500
20256,1675200
20257,1561900
20258,1628700
20259,1592700
20260,1621600
20261,1566500
20262,2137300
20263,1826800
20264,1695200
20265,1687900
20266,1542500
20267,1635600
20268,1640700
20269,1888900
20270,2505300
20271,2284300
20272,2030800
20273,1589700
20274,1602700
20275,1599800
20276,1591300
20277,1974900
20278,1912400
20279,1690400
20280,1901500
20281,1736700
20282,1670700
20283,1557000
20284,1645100
20285,1579600
20286,1724300
20287,2530300
20288,2155200
20289,1977800
20290,1701200
20291,1567400
20292,1624600
20293,1521700
20294,1618300
20295,2130900
20296,2431800
20297,2077000
20298,1946700
20299,1753000
20300,1659100
20301,1682100
20302,1605000
20303,1744700
20304,2411700
20305,2238300
20306,2018500
20307,1667200
20308,1686400
20309,1635200
20310,1554800
20311,1614300
20312,1934100
20313,1682900
20314,1671400
20315,1549500
20316,1507900
20317,1965700
20318,1799600
20319,1669000
20320,1749900
20321,1768700
20322,2521800
20323,2159900
20324,1852100
20325,1560800
20326,1818200
20327,1781500
20328,1615300
20329,1685200
20330,1692000
20331,1750300
20332,1635100
20333,1629400
20334,1648000
20335,1591600
20336,1702200
20337,1665300
20338,1855300
20339,2470800
20340,2389200
20341,2123200
20342,1583700
20343,1568800
20344,1613200
20345,1775700
20346,1562200
20347,1700200
20348,1630200
20349,1576000
20350,1690100
20351,1638000
20352,1528500
20353,1553700
20354,1593500
20355,1815200
20356,2130100
20357,2512300
20358,2178900
20359,1981900
20360,1626000
20361,1526600
20362,1595800
20363,1678900
20364,1753200
20365,1781400
20366,1579700
20367,1589300
20368,1650400
20369,1511500
20370,1499900
20371,1612700
20372,1658400
20373,1633100
20374,1780800
20375,2510700
20376,2528900
20377,2228400
20378,1768400
20379,1589600
20380,1525100
20381,1627800
20382,1509400
20383,1860400
20384,1682100
20385,1662500
20386,1672200
20387,1672600
20388,1631000
20389,1597100
20390,1660400
20391,1667800
20392,1979400
20393,2910600
20394,2497900
20395,1982000
20396,1626100
20397,1568600
20398,1782900
20399,1599300
20400,1714700
20401,1889800
20402,1643900
20403,1580500
20404,1587100
20405,1534300
20406,1629400
20407,1527100
20408,1558300
20409,1593300
20410,1823300
20411,3296000
20412,2354500
20413,1833200
20414,1643600
20415,1642900
20416,1567600
20417,1721500
20418,1719700
20419,1670800
20420,2010100
20421,1699300
20422,1600400
20423,1662800
20424,1560500
20425,1514600
20426,1633400
20427,1851100
20428,2963300
20429,3367300
20430,2340800
20431,1728700
20432,1704400
20433,1624300
20434,2025100
20435,1730600
20436,1660500
20437,1950200
20438,1778800
20439,1642600
20440,1667100
20441,1825900
20442,1724000
20443,2015800
20444,2739600
20445,3297100
20446,3389400
20447,2143100
20448,1802800
20449,1593100
20450,1961200
20451,1784300
20452,1721200
20453,1827300
20454,1750400
20455,1701600
20456,1662000
20457,1603700
20458,1700900
20459,1996700
20460,2509900
20461,2209900
20462,1870300
20463,1659200
20464,1620100
20465,1553000
20466,1604100
20467,1735800
20468,1636700
20469,1614800
20470,1685700
20471,1678700
20472,1738100
20473,1634600
20474,1592300
20475,1580800
20476,1668000
20477,2128200
20478,2756600
20479,2222600
20480,1825300
20481,1896300
20482,1725600
20483,1663400
20484,1866700
20485,1740800
20486,1662100
20487,1604000
20488,1689300
20489,1685100
20490,1684800
20491,1700700
20492,1688000
20493,1657200
20494,1813600
20495,2461900
20496,2156500
20497,1802200
20498,1612900
20499,1598600
20500,1761800
20501,1700800
20502,1604500
20503,1850400
20504,1620600
20505,1642200
20506,1642300
20507,1632000
20508,1610100
20509,1595500
20510,2018200
20511,1710300
20512,1998000
20513,2694800
20514,2248800
20515,1822400
20516,1627800
20517,1656200
20518,1836400
20519,1608400
20520,1856200
20521,1797300
20522,1635300
20523,1593700
20524,1609100
20525,1603400
20526,1550000
20527,1663900
20528,1686600
20529,1580700
20530,1877600
20531,2436400
20532,2159800
20533,1557500
20534,1587300
20535,1565400
20536,1642600
20537,1688700
20538,1693600
20539,1703800
20540,1749400
20541,1580700
20542,1623600
20543,1637100
20544,1696700
20545,1666000
20546,1604900
20547,1686100
20548,2390700
20549,2627700
20550,2196600
20551,1823600
20552,1508900
20553,1570200
20554,1516400
20555,1548200
20556,2218500
20557,2336200
20558,1811900
20559,1887600
20560,1981800
20561,1746000
20562,1591200
20563,1669000
20564,1655200
20565,2169800
20566,2272200
20567,2036000
20568,2158700
20569,1866900
20570,1754000
20571,1686200
20572,1656100
20573,2120600
20574,3775200
20575,2830600
20576,2008800
20577,1623100
20578,1754500
20579,1756400
20580,1973000
20581,3259800
20582,2907200
20583,2216700
20584,1739900
20585,1790700
20586,1757400
20587,1806800
20588,1720900
20589,1993500
20590,1873100
20591,1901300
20592,1709400
20593,1728400
20594,1611100
20595,1608600
20596,1727400
20597,1700300
20598,1921000
20599,1868400
20600,1690300
20601,1630200
20602,1542600
20603,1653800
20604,1575900
20605,1791100
20606,3018800
20607,2936800
20608,2518400
20609,1733600
20610,1658300
20611,1647400
20612,1667200
20613,2228000
20614,2267800
20615,2348400
20616,1764000
20617,1701300
20618,1636600
20619,1632500
20620,1640600
20621,1908800
20622,3081200
20623,2319100
20624,2390400
20625,1738600
20626,1597400
20627,1623800
20628,1727700
20629,1865900
20630,1728300
20631,1612300
20632,1669600
20633,1724300
20634,1666400
20635,1631800
20636,1626000
20637,1636100
20638,1877700
20639,2539200
20640,2066600
20641,1774500
20642,1722300
20643,1705600
20644,1563800
20645,1590500
20646,1658400
20647,2511200
20648,2439200
20649,2099200
20650,1665600
20651,1735200
20652,1623900
20653,1640600
20654,1542000
20655,1712400
20656,2121200
20657,1650300
20658,1592800
20659,1617000
20660,1643700
20661,1883900
20662,1731200
20663,1686000
20664,2292300
20665,3082700
20666,3171400
20667,2398800
20668,2148500
20669,1723400
20670,1861000
20671,2675000
20672,2406100
20673,1922400
20674,1535500
20675,1632900
20676,1743000
20677,1715200
20678,1523500
20679,2087200
20680,2570500
20681,2122200
20682,1658800
20683,1655600
20684,1526300
20685,1539800
20686,1761500
20687,1785300
20688,1673400
20689,1728400
20690,1535900
20691,1585300
20692,1560300
20693,1696100
20694,1617400
20695,1607500
20696,1802700
20697,2210300
20698,2577400
20699,2100400
20700,1731300
20701,1656100
20702,1662100
20703,1522100
20704,1777100
20705,1931700
20706,2599800
20707,2245200
20708,1871600
20709,1587200
20710,1608300
20711,1534700
20712,1607100
20713,1975000
20714,2732700
20715,2903000
20716,2263100
20717,1628200
20718,1591900
20719,1561000
20720,1590900
20721,1828900
20722,1968700
20723,1782500
20724,1692800
20725,1584500
20726,1627300
20727,1567600
20728,1567100
20729,1566000
20730,1684400
20731,2629400
20732,2828200
20733,1921300
20734,1649800
20735,1562300
20736,1568000
20737,1648000
20738,1630500
20739,2212800
20740,2931200
20741,2170200
20742,1627300
20743,1623400
20744,1563600
20745,1607100
20746,1542800
20747,1790900
20748,1686500
20749,2014800
20750,1749300
20751,1558900
20752,1682700
20753,1624900
20754,1587900
20755,1680200
20756,1664800
20757,1540500
20758,1587500
20759,1833100
20760,1676100
20761,1648000
20762,1595200
20763,1564000
20764,1707200
20765,1528400
20766,1803300
20767,2437400
20768,2447000
20769,2019300
20770,1724100
20771,1628600
20772,1702000
20773,1625600
20774,1829800
20775,2502800
20776,2101900
20777,2268300
20778,1773200
20779,1688300
20780,1673000
20781,1666500
20782,1717100
20783,1616700
20784,1681200
20785,1678000
20786,1680300
20787,1831300
20788,1674600
20789,1651000
20790,1579100
20791,1830400
20792,1667100
20793,1667000
20794,1609700
20795,1576900
20796,1772300
20797,1782700
20798,1576000
20799,1564900
20800,1643500
20801,1687700
20802,2434900
20803,2188000
20804,1867600
20805,1573500
20806,1767600
20807,1719400
20808,1651400
20809,1618700
20810,1993300
20811,2516400
20812,2096800
20813,1667000
20814,1699200
20815,1948100
20816,1690400
20817,1676300
20818,1721500
20819,1653200
20820,1559600
20821,1623100
20822,1588700
20823,1606200
20824,1726600
20825,1830200
20826,1701200
20827,1564800
20828,1712200
20829,1640600
20830,1587400
20831,1495100
20832,1574600
20833,1633400
20834,1618000
20835,1817200
20836,1591400
20837,2044000
20838,2464600
20839,2233000
20840,1951700
20841,1645800
20842,1520500
20843,1892900
20844,2013800
20845,1868000
20846,2551900
20847,2220700
20848,1783700
20849,1631300
20850,1602700
20851,1601600
20852,1814900
20853,1814500
20854,1754000
20855,1672200
20856,1602500
20857,1607300
20858,1623800
20859,1618600
20860,1608300
20861,1619100
20862,2017400
20863,1716700
20864,1614400
20865,1618200
20866,1613000
20867,1608400
20868,1613500
20869,1623100
20870,1649600
20871,1608100
20872,2296100
20873,2815000
20874,2236700
20875,1907200
20876,1691100
20877,1639400
20878,1600900
20879,1620300
20880,1903000
20881,2818800
20882,2246400
20883,1890500
20884,1685700
20885,1607700
20886,1574200
20887,1653000
20888,1715900
20889,1871500
20890,1702700
20891,1678200
20892,1598500
20893,1614800
20894,1570100
20895,1640500
20896,1679100
20897,1550800
20898,1624100
20899,1751400
20900,1707600
20901,1656800
20902,1554900
20903,1630800
20904,1674500
20905,1563000
20906,1560500
20907,1843800
20908,2450100
20909,2644700
20910,2112300
20911,1745300
20912,1574000
20913,1656000
20914,1558600
20915,1744300
20916,2208800
20917,2317200
20918,2484600
20919,1724600
20920,1677600
20921,1720800
20922,1628500
20923,1897600
20924,1693200
20925,1718000
20926,1607700
20927,1793000
20928,1672900
20929,1698200
20930,1678800
20931,1538100
20932,1618700
20933,1762300
20934,1597600
20935,1622000
20936,1559300
20937,2004400
20938,1799100
20939,1703700
20940,1630400
20941,1565500
20942,1836100
20943,2419100
20944,2108900
20945,1976900
20946,1753900
20947,1707600
20948,1618400
20949,1611800
20950,1623800
20951,2124500
20952,2325200
20953,2140100
20954,1670000
20955,1835100
20956,1678900
20957,1677700
20958,1588200
20959,1683200
20960,1752500
20961,1654900
20962,1509900
20963,1612800
20964,1560800
20965,1685000
20966,1708600
20967,1678900
20968,1759700
20969,1859600
20970,1699700
20971,1577800
20972,1595600
20973,1617600
20974,1680200
20975,2164100
20976,1611100
20977,1690200
20978,2391200
20979,2805800
20980,2262000
20981,1770600
20982,1655800
20983,1858900
20984,1628300
20985,1792800
20986,1744600
20987,1743600
20988,1654300
20989,1585200
20990,1599800
20991,1535900
20992,1592400
20993,1833800
20994,1642700
20995,2411500
20996,3118000
20997,2303300
20998,1909700
20999,1678800
21000,1625600
21001,2096900
21002,1824200
21003,1705300
21004,1707400
21005,1661300
21006,1633800
21007,1679400
21008,1688600
21009,1769200
21010,1797900
21011,1904300
21012,2505600
21013,2162900
21014,1956900
21015,1625200
21016,1617700
21017,1683700
21018,1612200
21019,1830500
21020,1760300
21021,1665400
21022,1578700
21023,1542400
21024,1542900
21025,1594700
21026,1596300
21027,1605100
21028,1682500
21029,2030500
21030,2656700
21031,2428600
21032,1992400
21033,1663800
21034,1620100
21035,1597300
21036,1509400
21037,1592300
21038,1935600
21039,1716200
21040,1625900
21041,1637700
21042,1617100
21043,1587900
21044,1518700
21045,1630300
21046,1575100
21047,1615100
21048,2560100
21049,2625500
21050,2231400
21051,1625900
21052,1543600
21053,1637600
21054,1610200
21055,1668900
21056,1863100
21057,1772800
21058,1659900
21059,1621700
21060,1606300
21061,1620700
21062,1530800
21063,1589100
21064,1612600
21065,2440600
21066,2913300
21067,2674500
21068,1961900
21069,1585300
21070,1534000
21071,1646700
21072,1654900
21073,1683000
21074,1652700
21075,1813100
21076,1803100
21077,1726700
21078,1677400
21079,1584800
21080,1666800
21081,1613000
21082,1629800
21083,2342400
21084,2525100
21085,2187600
21086,1617200
21087,1532600
21088,1650100
21089,1590200
21090,1521300
21091,1810000
21092,1728400
21093,1666900
21094,1724000
21095,1648500
21096,1742100
21097,1630700
21098,1702400
21099,1651900
21100,2028400
21101,3198800
21102,2821800
21103,2656600
21104,2007100
21105,1731600
21106,1656900
21107,1867500
21108,1702500
21109,1746500
21110,1596900
21111,1712400
21112,1741500
21113,1690600
21114,1613100
21115,1654000
21116,2142000
21117,3185900
21118,3236000
21119,3142600
21120,1977400
21121,1841900
21122,1885100
21123,1857500
21124,1845700
21125,1754300
21126,1745800
21127,1824200
21128,1817300
21129,1657800
21130,1715500
21131,1970800
21132,2655900
21133,2737700
21134,2679400
21135,2131400
21136,1875800
21137,1808900
21138,1841700
21139,1775900
21140,1835400
21141,1643100
21142,1598800
21143,1576500
21144,1694000
21145,1701800
21146,1508900
21147,1595800
21148,2233000
21149,2377300
21150,2075800
21151,1759700
21152,1623200
21153,1794600
21154,1988400
21155,1610000
21156,1915000
21157,1997000
21158,1811300
21159,1680000
21160,1634600
21161,1637600
21162,1709300
21163,1772200
21164,1768000
21165,2354900
21166,2453400
21167,2024700
21168,1722800
21169,1711900
21170,1666800
21171,1699600
21172,1804400
21173,1753700
21174,1645500
21175,1554300
21176,1579600
21177,1622800
21178,1616000
21179,1550700
21180,1530200
21181,1671700
21182,2104400
21183,1780800
21184,1560100
21185,1672900
21186,1670600
21187,1743400
21188,1612300
21189,1655100
21190,1471600
21191,1582000
21192,1945600
21193,2567000
21194,2142500
21195,1907900
21196,1626600
21197,1612500
21198,1644700
21199,1674800
21200,2043500
21201,2662700
21202,2476200
21203,2144700
21204,1689700
21205,2013200
21206,1627700
21207,1620900
21208,1794900
21209,1767300
21210,1716200
21211,1691200
21212,1690200
21213,1668100
21214,1649900
21215,1584400
21216,1555000
21217,1596700
21218,1777000
21219,1773700
21220,1726700
21221,1614100
21222,1627300
21223,1593100
21224,1627100
21225,1570400
21226,1617700
21227,1865800
21228,3087900
21229,3590700
21230,2577200
21231,1907000
21232,1762200
21233,1733300
21234,2031600
21235,2778600
21236,2451800
21237,1682200
21238,1564800
21239,1645000
21240,1593300
21241,1629800
21242,1678100
21243,1572800
21244,1667100
21245,1926700
21246,1674200
21247,1627700
21248,1606500
21249,1661700
21250,1562700
21251,1539100
21252,1627800
21253,1532400
21254,1494200
21255,1869600
21256,1701600
21257,1610000
21258,1593000
21259,1572000
21260,1636700
21261,1901600
21262,2459600
21263,2384800
21264,2338900
21265,1620800
21266,1666700
21267,1659800
21268,1672700
21269,1671900
21270,2204700
21271,2352500
21272,2092800
21273,2100500
21274,1769100
21275,1605200
21276,1494100
21277,1527500
21278,1573900
21279,1717900
21280,1522400
21281,1565600
21282,1641700
21283,1806500
21284,1595100
21285,1636700
21286,1629900
21287,1680500
21288,1941300
21289,2449300
21290,2161300
21291,1751900
21292,1890200
21293,1636500
21294,1666500
21295,1615400
21296,1664900
21297,2578800
21298,2214500
21299,1871800
21300,1704300
21301,2061300
21302,1711800
21303,1603600
21304,1673100
21305,2164900
21306,2256400
21307,2107900
21308,1611500
21309,1839500
21310,1611000
21311,1582800
21312,1692800
21313,1666100
21314,1712400
21315,1597900
21316,1654900
21317,1615200
21318,1624000
21319,1546400
21320,1723300
21321,1649400
21322,1736600
21323,1769600
21324,1530800
21325,1646500
21326,1597700
21327,1658100
21328,1622200
21329,1555000
21330,1690700
21331,1626000
21332,1683800
21333,2410600
21334,2185500
21335,1978800
21336,1534100
21337,1643500
21338,1510900
21339,2035600
21340,1777700
21341,1979600
21342,2436500
21343,2189200
21344,1722400
21345,1574100
21346,1656200
21347,1611400
21348,1891500
21349,1744100
21350,1588400
21351,1582200
21352,1531800
21353,1555500
21354,1547400
21355,1632000
21356,1640000
21357,1595700
21358,1900900
21359,2010200
21360,1656000
21361,1536000
21362,1599900
21363,1682800
21364,1577900
21365,1503100
21366,1599300
21367,1588400
21368,2248900
21369,2467200
21370,2348800
21371,2021400
21372,1627700
21373,1675100
21374,1564100
21375,1591600
21376,2115800
21377,2601100
21378,2394200
21379,1961300
21380,1527900
21381,1631000
21382,1635500
21383,1518900
21384,1792400
21385,1779500
21386,1585600
21387,1621900
21388,1558600
21389,1662500
21390,1494600
21391,1613100
21392,1535000
21393,1584300
21394,1652900
21395,1709000
21396,1735700
21397,1693000
21398,1724400
21399,1532500
21400,1649500
21401,1633800
21402,1598800
21403,1485700
21404,1920000
21405,2668600
21406,2518500
21407,2002000
21408,1499100
21409,1632700
21410,1650700
21411,1533600
21412,1664500
21413,2494300
21414,2659500
21415,2226000
21416,1585000
21417,1659300
21418,1628700
21419,1638000
21420,1776200
21421,1633800
21422,1651700
21423,1835300
21424,1780000
21425,1674300
21426,1662400
21427,1687000
21428,1664700
21429,1647700
21430,1905500
21431,1702600
21432,1556400
21433,1694900
21434,1834800
21435,1714600
21436,1579200
21437,1602000
21438,1772500
21439,2266300
21440,2204600
21441,2018300
21442,1908000
21443,1657900
21444,1540100
21445,1665300
21446,1576100
21447,1706300
21448,2583400
21449,2220900
21450,1924300
21451,1724100
21452,1637000
21453,1635000
21454,1632200
21455,1719300
21456,1577000
21457,1559900
21458,1562100
21459,1504600
21460,1490500
21461,1947900
21462,1714000
21463,1647600
21464,1542200
21465,1594700
21466,1560700
21467,1602700
21468,1570000
21469,1621600
21470,1609700
21471,1751200
21472,1767000
21473,1650700
21474,1569900
21475,1780400
21476,2432900
21477,2185800
21478,1836900
21479,1634300
21480,1834600
21481,1778200
21482,1608300
21483,1736700
21484,2558600
21485,2565900
21486,2100400
21487,1709700
21488,1518900
21489,1725300
21490,1687700
21491,1652100
21492,1852100
21493,1749600
21494,1684600
21495,1624800
21496,1628300
21497,1755100
21498,1517600
21499,1717600
21500,1583700
21501,1814600
21502,2579700
21503,2188900
21504,1850000
21505,1650000
21506,1654300
21507,1602300
21508,1768800
21509,1799400
21510,2228200
21511,2367500
21512,2088400
21513,1680000
21514,1543100
21515,1593300
21516,1638600
21517,1757400
21518,1919600
21519,1661700
21520,1640600
21521,1627100
21522,1655000
21523,1587000
21524,1591300
21525,1494800
21526,1544400
21527,2105600
21528,2572200
21529,2355100
21530,2083200
21531,1713200
21532,1595500
21533,1557000
21534,1492800
21535,1681300
21536,2190400
21537,2605600
21538,2227200
21539,1853000
21540,1549600
21541,1579500
21542,1654600
21543,1630600
21544,1855000
21545,1876300
21546,1607000
21547,1658600
21548,1648700
21549,1506800
21550,1551300
21551,1587900
21552,1584300
21553,1615600
21554,2609100
21555,3291400
21556,2399300
21557,1956000
21558,1699700
21559,1634100
21560,1575800
21561,1711300
21562,1791500
21563,1749700
21564,1644400
21565,1743800
21566,1659100
21567,1527500
21568,1744500
21569,1662000
21570,1898000
21571,2423600
21572,2592300
21573,2202300
21574,1648700
21575,1584500
21576,1599200
21577,1627500
21578,1624700
21579,1673800
21580,1617800
21581,1724900
21582,1741400
21583,1618700
21584,1539000
21585,1686900
21586,1598200
21587,1687300
21588,2000200
21589,2633600
21590,2567700
21591,1961300
21592,1693600
21593,1643900
21594,1547300
21595,1629500
21596,1754700
21597,1644400
21598,1679600
21599,1748500
21600,1666500
21601,1631400
21602,1671400
21603,1607200
21604,1628500
21605,1672200
21606,2391400
21607,2373400
21608,1952100
21609,1775300
21610,1511700
21611,1611900
21612,1576700
21613,1554400
21614,1670200
21615,1687200
21616,1557400
21617,1629400
21618,1729300
21619,2108000
21620,1678400
21621,1659300
21622,1711700
21623,1887400
21624,2582700
21625,2192700
21626,1841400
21627,1709500
21628,1697800
21629,1592800
21630,1641000
21631,1607200
21632,1692900
21633,1594300
21634,1628800
21635,1617700
21636,1649200
21637,1579900
21638,1753300
21639,1635400
21640,1675600
21641,1878300
21642,2498800
21643,2105800
21644,1829500
21645,1554000
21646,1669700
21647,1977900
21648,1641700
21649,1713300
21650,2935500
21651,3104300
21652,2434600
21653,1863700
21654,2191500
21655,1824100
21656,1835100
21657,2543100
21658,2117200
21659,1962800
21660,1544100
21661,1654200
21662,1693900
21663,1839900
21664,1645800
21665,1680100
21666,1682300
21667,1643100
21668,1635000
21669,1641000
21670,1641700
21671,1665700
21672,1589100
21673,1758900
21674,1851200
21675,1901500
21676,1883900
21677,2145900
21678,1990800
21679,1739200
21680,1744700
21681,1702300
21682,2537400
21683,3001500
21684,3178600
21685,2557100
21686,1780500
21687,1745000
21688,1818600
21689,2203800
21690,2821400
21691,2659700
21692,2313800
21693,1739800
21694,1758300
21695,1752300
21696,2262900
21697,2047700
21698,1831400
21699,1888100
21700,1738500
21701,1777700
21702,1771400
21703,1752800
21704,1844900
21705,2296200
21706,2186400
21707,2556700
21708,1893800
21709,1803400
21710,1827900
21711,1811100
21712,2178800
21713,3219900
21714,3321800
21715,2885100
21716,1896100
21717,1755600
21718,1948000
21719,2301300
21720,3171200
21721,3049600
21722,1876500
21723,1814800
21724,1776500
21725,1842200
21726,1894700
21727,1758500
21728,1842500
21729,1877800
21730,1882100
21731,1826700
21732,1698300
21733,1758900
21734,2042600
21735,1831600
21736,1744600
21737,2135100
21738,1937500
21739,1843400
21740,1808500
21741,1794000
21742,2085900
21743,2583700
21744,2608300
21745,3024500
21746,1883100
21747,1682100
21748,1752800
21749,1759500
21750,2926200
21751,2918200
21752,3015900
21753,1934200
21754,1838800
21755,1699500
21756,2343000
21757,3142900
21758,2638700
21759,2774100
21760,1914500
21761,1812900
21762,1763300
21763,1800800
21764,1939400
21765,1840900
21766,1725200
21767,1807200
21768,2020300
21769,1869100
21770,1827700
21771,1875100
21772,2526700
21773,2644800
21774,2400100
21775,1770200
21776,1969500
21777,1779700
21778,1809600
21779,2349900
21780,3072100
21781,3613300
21782,3016800
21783,2252300
21784,1921900
21785,1920700
21786,1791600
21787,1756100
21788,1779600
21789,1730700
21790,1878500
21791,1813100
21792,1853200
21793,2084400
21794,1952800
21795,1756600
21796,1651000
21797,1734200
21798,1772900
21799,1793000
21800,1832800
21801,1939200
21802,2111900
21803,2814100
21804,2721900
21805,2398600
21806,1754400
21807,1753400
21808,1918500
21809,2198800
21810,2731100
21811,2682600
21812,2439000
21813,1701800
21814,1743600
21815,1866900
21816,2284700
21817,2661000
21818,4233500
21819,3294200
21820,2911500
21821,2072100
21822,2661800
21823,3212000
21824,3706800
21825,3168000
21826,3142000
21827,3516700
21828,3240100
21829,3394800
21830,3053400
21831,3388000
21832,3322700
21833,2925500
21834,2274700
21835,1830200
21836,1639700
21837,1594000
21838,1656700
21839,2397900
21840,2726300
21841,2184500
21842,1632500
21843,1602000
21844,1622700
21845,1596700
21846,1554400
21847,1665600
21848,1688600
21849,1752700
21850,1703700
21851,1639200
21852,1587300
21853,1587800
21854,1525400
21855,1652800
21856,1734100
21857,2280300
21858,3233700
21859,2330900
21860,1673500
21861,1578700
21862,1593800
21863,1571300
21864,1787100
21865,2290300
21866,2650700
21867,2312300
21868,1625500
21869,1556300
21870,1516200
21871,1622400
21872,1687800
21873,2282300
21874,2383900
21875,2570500
21876,1704500
21877,1634100
21878,1600200
21879,1603100
21880,1634100
21881,1624600
21882,1585900
21883,1637700
21884,1693100
21885,1697100
21886,1588700
21887,1652000
21888,1579800
21889,1638200
21890,1714500
21891,2377100
21892,2235300
21893,2295000
21894,1903100
21895,1665500
21896,1662000
21897,1678400
21898,1573800
21899,1747100
21900,1649900
21901,1547300
21902,1641100
21903,1760700
21904,1729200
21905,1644000
21906,1565100
21907,1673300
21908,1638900
21909,2308000
21910,2233900
21911,2068800
21912,1710200
21913,1695400
21914,1564900
21915,1696700
21916,1524500
21917,1735100
21918,1653600
21919,1638600
21920,1705600
21921,1522800
21922,1773600
21923,1774200
21924,1669100
21925,1584900
21926,1945100
21927,2603400
21928,2287700
21929,1888500
21930,1627100
21931,1919200
21932,1700600
21933,1648600
21934,1682200
21935,1658000
21936,1606100
21937,1687900
21938,1622300
21939,1621400
21940,1522100
21941,1779600
21942,1722000
21943,1593300
21944,1839100
21945,2414000
21946,2229400
21947,2044600
21948,1496000
21949,1587600
21950,1876000
21951,1803800
21952,1703700
21953,1639500
21954,1618100
21955,1682000
21956,1596500
21957,1559900
21958,1686300
21959,1621200
21960,1877700
21961,1653400
21962,2133800
21963,2398900
21964,2153400
21965,1587400
21966,1669800
21967,1638200
21968,1616500
21969,1803700
21970,1857900
21971,1765500
21972,1637700
21973,1644600
21974,1756300
21975,1547200
21976,1597400
21977,1548200
21978,1634100
21979,1952500
21980,2451600
21981,2335400
21982,2222600
21983,1662800
21984,1613800
21985,1614900
21986,1614300
21987,1679700
21988,1905500
21989,1705000
21990,1661200
21991,1603700
21992,1526500
21993,1665300
21994,1686500
21995,1558900
21996,1645300
21997,1577500
21998,2087000
21999,1729800
22000,1637800
22001,1675000
22002,1655500
22003,1644300
22004,1502100
22005,1610500
22006,1501100
22007,1968600
22008,2863300
22009,2301400
22010,1887000
22011,1575200
22012,1720800
22013,1563900
22014,1570600
22015,1866100
22016,2878500
22017,2495300
22018,1991800
22019,1622400
22020,1648300
22021,1582700
22022,1562200
22023,1835300
22024,1713500
22025,1745200
22026,1731000
22027,1551700
22028,1595600
22029,1521700
22030,1600500
22031,1531500
22032,1707400
22033,1652100
22034,1684500
22035,1665400
22036,1791400
22037,1543800
22038,1650800
22039,1537300
22040,1638100
22041,1617700
22042,1650100
22043,2642000
22044,3747300
22045,2963200
22046,1804400
22047,1648800
22048,1749000
22049,2111200
22050,2537200
22051,2482600
22052,2397400
22053,1787600
22054,1770900
22055,1681700
22056,1654600
22057,1951400
22058,1804800
22059,1745200
22060,1822500
22061,1920600
22062,2038800
22063,1889700
22064,1735000
22065,1626900
22066,1686200
22067,1647200
22068,1651100
22069,1599700
22070,1708800
22071,1616500
22072,1689700
22073,1586600
22074,1579800
22075,2230900
22076,2985700
22077,2584200
22078,2495200
22079,1845100
22080,1772100
22081,1675400
22082,1697300
22083,2310700
22084,2348600
22085,2091900
22086,1901000
22087,1688900
22088,1726100
22089,1664300
22090,1706800
22091,1958500
22092,2421300
22093,2074800
22094,1803600
22095,1715900
22096,1726500
22097,1656800
22098,1629900
22099,1750000
22100,1727600
22101,1631500
22102,1593900
22103,1643800
22104,1535000
22105,1935600
22106,1854600
22107,1665800
22108,1705800
22109,2357400
22110,2357900
22111,2109700
22112,1639000
22113,1636000
22114,1747100
22115,1754600
22116,1582600
22117,2238400
22118,2366700
22119,2087400
22120,1644600
22121,1642400
22122,1612100
22123,1854300
22124,1577600
22125,1695000
22126,2408300
22127,2219500
22128,1920100
22129,1602400
22130,1530900
22131,1603300
22132,1960400
22133,1721900
22134,1792100
22135,1665800
22136,1552100
22137,1663200
22138,1592300
22139,1608100
22140,1541700
22141,1578400
22142,1661700
22143,1906000
22144,2368900
22145,2434900
22146,2101200
22147,1602000
22148,1668900
22149,1567800
22150,1625600
22151,1824000
22152,2229300
22153,2344300
22154,2053300
22155,1747400
22156,1666300
22157,1513100
22158,1531800
22159,1516800
22160,1952300
22161,2667500
22162,2331400
22163,2060400
22164,1684100
22165,1524200
22166,1638200
22167,1682600
22168,1703700
22169,2788700
22170,3168100
22171,2917300
22172,2034900
22173,1834000
22174,1697300
22175,1890500
22176,2717300
22177,2460200
22178,2162000
22179,1640800
22180,1667700
22181,1695000
22182,1584700
22183,1712400
22184,1864500
22185,1850500
22186,1678000
22187,1608700
22188,1622200
22189,1608400
22190,1524300
22191,1596500
22192,1688700
22193,2168100
22194,3693500
22195,3362400
22196,2564600
22197,2050000
22198,1866500
22199,2189100
22200,2048400
22201,2124200
22202,1847500
22203,1805700
22204,1808800
22205,1802800
22206,1841700
22207,2095300
22208,2977600
22209,2956400
22210,2328100
22211,1743800
22212,1769800
22213,1746300
22214,1969600
22215,1851800
22216,1854100
22217,2116000
22218,1808400
22219,1746200
22220,1828900
22221,1808200
22222,2004100
22223,2359300
22224,2504900
22225,2730800
22226,2011300
22227,1631800
22228,1707800
22229,1601100
22230,1630200
22231,2353200
22232,2144100
22233,1840900
22234,2032400
22235,1716400
22236,1588200
22237,1580300
22238,1639100
22239,2009400
22240,2293000
22241,1971200
22242,1737600
22243,1905500
22244,1789100
22245,1522900
22246,1611500
22247,1769400
22248,1589300
22249,1564200
22250,1635600
22251,1593800
22252,1638900
22253,2112600
22254,1634700
22255,1650100
22256,1680200
22257,1833300
22258,2522600
22259,2133000
22260,1745500
22261,1614900
22262,1835900
22263,1592300
22264,1668500
22265,1692800
22266,2475700
22267,2256200
22268,2331500
22269,1595600
22270,1823400
22271,1760500
22272,1636700
22273,1823800
22274,1756600
22275,1655300
22276,1604500
22277,1636800
22278,1731100
22279,1636100
22280,2190600
22281,1725100
22282,1830800
22283,2341700
22284,2209800
22285,1996700
22286,1661600
22287,1612100
22288,1639800
22289,1740100
22290,1582400
22291,1837700
22292,2454400
22293,2110000
22294,1816900
22295,1608000
22296,1658600
22297,1694500
22298,1738900
22299,1675300
22300,1743500
22301,1659500
22302,1639400
22303,1635400
22304,1623800
22305,1681900
22306,1607100
22307,1607200
22308,1666600
22309,1931600
22310,2526400
22311,2068800
22312,1832400
22313,1652600
22314,1512800
22315,1535800
22316,1536900
22317,1633900
22318,2263700
22319,2975500
22320,3160300
22321,2481900
22322,1921500
22323,1742600
22324,1824700
22325,1826400
22326,1652600
22327,1724100
22328,1618000
22329,1539500
22330,1640800
22331,1632100
22332,1557700
22333,1646600
22334,1999700
22335,1845100
22336,1637100
22337,1644000
22338,1573500
22339,1588400
22340,1578500
22341,1579400
22342,1618500
22343,1853200
22344,2598700
22345,2636700
22346,2094000
22347,1669300
22348,1629800
22349,1650300
22350,1618000
22351,1797400
22352,2186700
22353,2698800
22354,2178700
22355,1631200
22356,1548400
22357,1590200
22358,1522300
22359,1544700
22360,1687400
22361,1705800
22362,1758700
22363,1763700
22364,1634700
22365,1543000
22366,1566000
22367,1673700
22368,1550900
22369,1673600
22370,1582100
22371,1710600
22372,2057400
22373,1686200
22374,1658300
22375,1562600
22376,1710100
22377,1655600
22378,1524300
22379,2211300
22380,2346400
22381,2359000
22382,1740000
22383,1569400
22384,1636700
22385,1636600
22386,1596500
22387,1699100
22388,1639300
22389,1534200
22390,1579800
22391,1899500
22392,1697200
22393,1722800
22394,1606100
22395,1545100
22396,1684200
22397,2260100
22398,2231000
22399,2136200
22400,1822500
22401,1670500
22402,1592700
22403,1559100
22404,1535500
22405,1753900
22406,1638000
22407,1636700
22408,1644000
22409,1585400
22410,2061200
22411,1732900
22412,1687600
22413,1619000
22414,1841400
22415,2502500
22416,2113700
22417,1785400
22418,1645300
22419,1856900
22420,1689400
22421,1563800
22422,1670700
22423,1707500
22424,1629700
22425,1537000
22426,1564900
22427,1606300
22428,1684300
22429,1741200
22430,1633500
22431,1601800
22432,1624900
22433,2400000
22434,2185900
22435,1916300
22436,1734800
22437,1543200
22438,1955700
22439,1861300
22440,1800800
22441,1702600
22442,1496900
22443,1594200
22444,1562400
22445,1549200
22446,1743800
22447,1647700
22448,1723500
22449,1628000
22450,1655900
22451,2504500
22452,2120600
22453,1772900
22454,1649600
22455,1690400
22456,1524700
22457,1842100
22458,1885400
22459,1762300
22460,1640200
22461,1673500
22462,1631200
22463,1705900
22464,1602900
22465,1620700
22466,1633800
22467,2064200
22468,2265800
22469,2503100
22470,2171900
22471,1704800
22472,1602700
22473,1557200
22474,1530800
22475,1689300
22476,1786800
22477,1713800
22478,1696100
22479,1597900
22480,1646600
22481,1669200
22482,1640700
22483,1554800
22484,1671200
22485,1566500
22486,2641900
22487,2634800
22488,2125500
22489,1683600
22490,1655600
22491,1593900
22492,1651700
22493,1602400
22494,1893200
22495,1881100
22496,1541300
22497,1599800
22498,1749700
22499,1680600
22500,1584200
22501,1749300
22502,1579100
22503,1782200
22504,2789400
22505,2610100
22506,2102300
22507,1738400
22508,1540300
22509,1611200
22510,1575500
22511,1564700
22512,1607000
22513,1783900
22514,1633200
22515,1547600
22516,1590200
22517,1679200
22518,1628100
22519,1533500
22520,1501700
22521,2001000
22522,2796100
22523,2814200
22524,2218000
22525,1633400
22526,1656700
22527,1615800
22528,1594200
22529,1618100
22530,1659200
22531,1785100
22532,1967400
22533,1693800
22534,1626900
22535,1602900
22536,1638800
22537,1571400
22538,1700400
22539,2236800
22540,2411100
22541,2457300
22542,1665500
22543,1680300
22544,1499800
22545,1631000
22546,1490500
22547,1671000
22548,1605600
22549,1617900
22550,1712300
22551,1907900
22552,1636400
22553,1615100
22554,1672600
22555,1504100
22556,1863400
22557,1980100
22558,1686900
22559,1674700
22560,2099000
22561,1684800
22562,1563800
22563,1620500
22564,1595100
22565,1678100
22566,2312300
22567,2242400
22568,2047400
22569,1825200
22570,1742800
22571,1543200
22572,1604700
22573,1597900
22574,1765800
22575,2510100
22576,2161900
22577,1830300
22578,1855000
22579,1622500
22580,1646800
22581,1607200
22582,1997000
22583,2693900
22584,2807400
22585,2276100
22586,1771300
22587,1633000
22588,1632900
22589,1645600
22590,1883300
22591,1690400
22592,1623900
22593,1593300
22594,1602400
22595,1719600
22596,1863100
22597,1724900
22598,1694300
22599,1821200
22600,1651000
22601,1652900
22602,1563800
22603,1643600
22604,1611000
22605,1555100
22606,1898600
22607,1610100
22608,1801900
22609,2366800
22610,2145100
22611,1910300
22612,1632000
22613,1646400
22614,1605700
22615,1902500
22616,1912000
22617,2393300
22618,2251600
22619,1964800
22620,1706700
22621,1587500
22622,1539900
22623,1643300
22624,1909300
22625,1931900
22626,2014900
22627,1684300
22628,1646900
22629,1895800
22630,1686000
22631,1670600
22632,1687900
22633,1763600
22634,1826100
22635,1716700
22636,1599100
22637,1680200
22638,1719000
22639,1559400
22640,1594200
22641,1624700
22642,1656800
22643,1943300
22644,2574200
22645,2270100
22646,2137600
22647,1680000
22648,1679900
22649,1563900
22650,1535100
22651,1599500
22652,1818600
22653,2406900
22654,2047700
22655,1913300
22656,1659800
22657,1561200
22658,1578200
22659,1569400
22660,1884200
22661,3313900
22662,2424000
22663,1813800
22664,1643100
22665,1622500
22666,1576200
22667,1612000
22668,1624400
22669,1640200
22670,1828600
22671,1640300
22672,1617800
22673,1654300
22674,1520300
22675,1637900
22676,1566800
22677,1709700
22678,2303400
22679,2387800
22680,2408600
22681,1581500
22682,1686900
22683,1502000
22684,1685100
22685,1615400
22686,2135100
22687,2447400
22688,2842100
22689,1794100
22690,1611300
22691,1553300
22692,1648800
22693,1533800
22694,1879200
22695,2719100
22696,2682700
22697,2072900
22698,1654300
22699,1616800
22700,1579100
22701,1664100
22702,1776000
22703,1592300
22704,1493800
22705,1657600
22706,1824600
22707,1702800
22708,1627000
22709,1673900
22710,1632600
22711,1934800
22712,3102300
22713,3000400
22714,2981900
22715,2217700
22716,1702300
22717,1684500
22718,1792100
22719,1600900
22720,1607600
22721,1600200
22722,1583700
22723,1671300
22724,1673100
22725,1643000
22726,1636700
22727,1848300
22728,2288600
22729,2274500
22730,2074200
22731,1638100
22732,1836800
22733,1651800
22734,1658500
22735,1645400
22736,2243000
22737,2537400
22738,2184500
22739,1616600
22740,1621100
22741,1728300
22742,1621100
22743,1551000
22744,1883800
22745,2069400
22746,2046400
22747,2364000
22748,1893200
22749,1996300
22750,2034200
22751,1822100
22752,1974500
22753,2572800
22754,2583600
22755,2282400
22756,1773000
22757,2047400
22758,1944400
22759,1893500
22760,1903800
22761,1802800
22762,1851800
22763,1737000
22764,1789100
22765,1801000
22766,2066100
22767,2379100
22768,2787900
22769,3407700
22770,2414600
22771,1737700
22772,1717100
22773,1675900
22774,1752600
22775,2247200
22776,2355600
22777,2081500
22778,1601900
22779,1576900
22780,1597000
22781,1599300
22782,1720100
22783,2227700
22784,3213000
22785,2740700
22786,2003600
22787,1592500
22788,1627200
22789,1600700
22790,1696200
22791,1783900
22792,1683400
22793,1665700
22794,1625500
22795,1559000
22796,1580800
22797,1634700
22798,1617400
22799,1560600
22800,1884400
22801,2933500
22802,2412500
22803,1827500
22804,1563400
22805,1652300
22806,1655500
22807,1578700
22808,1832800
22809,2558200
22810,2463600
22811,2007100
22812,1645500
22813,1684800
22814,1650200
22815,1563800
22816,1967400
22817,1810400
22818,1827500
22819,1737400
22820,1603300
22821,1600500
22822,1689500
22823,1636800
22824,1655000
22825,1618400
22826,1909400
22827,1697700
22828,1703600
22829,1652900
22830,1628600
22831,1622100
22832,1663100
22833,1524000
22834,1595700
22835,1979500
22836,2595600
22837,3291100
22838,2274800
22839,1597500
22840,1566900
22841,1651900
22842,1590300
22843,2082000
22844,2477400
22845,2679200
22846,1683500
22847,1658400
22848,1672200
22849,1554100
22850,1562700
22851,1614600
22852,1701800
22853,1655600
22854,1612000
22855,1826000
22856,1642400
22857,1563300
22858,1567500
22859,1644600
22860,1480700
22861,1608500
22862,1642200
22863,1628700
22864,1553600
22865,1695500
22866,1698800
22867,1548400
22868,1565700
22869,1595200
22870,1572100
22871,1658300
22872,1609400
22873,1610600
22874,1596700
22875,1661700
22876,1685000
22877,1673200
22878,1506500
22879,1546100
22880,1929600
22881,2008900
22882,1790500
22883,2376600
22884,2242400
22885,1877500
22886,1718400
22887,1583500
22888,1839500
22889,1752800
22890,1655400
22891,1598900
22892,1704600
22893,1619700
22894,1893800
22895,1776600
22896,1630100
22897,1621300
22898,1751400
22899,1738900
22900,1692200
22901,1681200
22902,1614300
22903,1657600
22904,1719100
22905,1683800
22906,1644700
22907,1723100
22908,1640100
22909,1693300
22910,1740100
22911,1670600
22912,1536300
22913,1600700
22914,1786500
22915,1650800
22916,1738600
22917,1705900
22918,1589800
22919,1623500
22920,1560600
22921,1596300
22922,1586300
22923,1658800
22924,1767300
22925,1707200
22926,1715900
22927,1795100
22928,1664000
22929,1684900
22930,1612800
22931,1586200
22932,1552900
22933,1715000
22934,1756900
22935,1644200
22936,1662600
22937,1592800
22938,1623000
22939,1602500
22940,1611500
22941,1539700
22942,1563700
22943,1652300
22944,1765700
22945,1616600
22946,1781400
22947,1619400
22948,1566400
22949,1704000
22950,1668000
22951,1607800
22952,1595100
22953,1664700
22954,1784000
22955,1875000
22956,1918900
22957,1682200
22958,1687600
22959,1595000
22960,1535100
22961,1628500
22962,1688900
22963,1666800
22964,1925500
22965,1807500
22966,1707000
22967,1488700
22968,1634300
22969,1634600
22970,1572700
22971,1548100
22972,1668100
22973,1594800
22974,1912200
22975,1729100
22976,1621200
22977,1689700
22978,1847500
22979,1592400
22980,1677700
22981,1586000
22982,1598500
22983,1638800
22984,1753700
22985,1586100
22986,1618700
22987,1644700
22988,1594400
22989,1515700
22990,1614200
22991,1512500
22992,1549300
22993,1781100
22994,1951300
22995,1794300
22996,1622500
22997,1658400
22998,1643900
22999,1666300
23000,1658200
23001,1578100
23002,1683700
23003,1652000
23004,1673100
23005,1728100
23006,1631300
23007,1612900
23008,1618300
23009,1514900
23010,1654100
23011,1513300
23012,1761800
23013,1731500
23014,1879900
23015,1621400
23016,1686700
23017,1673200
23018,1695800
23019,1551800
23020,1533800
23021,1640200
23022,1602000
23023,1607800
23024,1708600
23025,1629400
23026,1659400
23027,1577800
23028,1631500
23029,1636900
23030,1633500
23031,1965400
23032,1859700
23033,1557000
23034,1873800
23035,1710300
23036,1572200
23037,1619200
23038,1630900
23039,1484100
23040,1659700
23041,1605200
23042,1607100
23043,1642000
23044,1965100
23045,1676100
23046,1602000
23047,1611200
23048,1627400
23049,1596700
23050,1812800
23051,1595200
23052,1551200
23053,1731500
23054,1844500
23055,1665100
23056,1554700
23057,1559400
23058,1633400
23059,1771200
23060,1749000
23061,1586300
23062,1632300
23063,1806000
23064,1964600
23065,1673600
23066,1645900
23067,1557900
23068,1818400
23069,1649100
23070,1730700
23071,1628600
23072,1633400
23073,1614800
23074,1736300
23075,1617100
23076,1637600
23077,1623600
23078,1689300
23079,1671700
23080,1658600
23081,1587200
23082,1675200
23083,1592900
23084,1675900
23085,1661200
23086,1576500
23087,1645300
23088,1786500
23089,1642700
23090,1538900
23091,1602100
23092,1614600
23093,1533900
23094,1699200
23095,1739600
23096,1566700
23097,1637100
23098,1932900
23099,1709500
23100,1721400
23101,1631400
23102,1626200
23103,1636400
23104,1699200
23105,1749000
23106,1665700
23107,1647100
23108,1600000
23109,1601900
23110,1654900
23111,1620700
23112,1496200
23113,1588300
23114,1697700
23115,1735300
23116,1751800
23117,1633000
23118,1584800
23119,1529300
23120,1552300
23121,1539200
23122,1721500
23123,1684400
23124,1766200
23125,1636200
23126,1944300
23127,1631700
23128,1743400
23129,1659700
23130,1526600
23131,1677900
23132,1610900
23133,1618200
23134,1747400
23135,1873300
23136,1707700
23137,1691100
23138,1674900
23139,1620300
23140,1569900
23141,1637200
23142,1563400
23143,1608500
23144,1664500
23145,2037700
23146,1661800
23147,1698700
23148,1595900
23149,1679200
23150,1559900
23151,1654500
23152,1612300
23153,1626700
23154,1890800
23155,1966000
23156,1656200
23157,1695700
23158,1634800
23159,1659100
23160,1598900
23161,1614000
23162,1611700
23163,1545700
23164,2297900
23165,2021800
23166,1625100
23167,1640300
23168,1615600
23169,1688800
23170,1565800
23171,1527500
23172,1648700
23173,1699500
23174,1782500
23175,1720200
23176,1637800
23177,1677800
23178,1579900
23179,1642200
23180,1553500
23181,1579300
23182,1801300
23183,1619200
23184,1762800
23185,1605500
23186,1640400
23187,1635900
23188,1586100
23189,1600100
23190,1632900
23191,1629700
23192,1717700
23193,1630600
23194,1865100
23195,1698700
23196,1668200
23197,1660100
23198,1591900
23199,1632000
23200,1540400
23201,2085900
23202,1929900
23203,1823900
23204,1931900
23205,1708600
23206,1681300
23207,1679700
23208,1693700
23209,1769100
23210,1712600
23211,1644900
23212,1602900
23213,2061900
23214,1842500
23215,1626000
23216,1656600
23217,1755100
23218,1741300
23219,1668000
23220,1606300
23221,1692900
23222,1632600
23223,1831300
23224,1620100
23225,1571300
23226,1648200
23227,1574000
23228,1760700
23229,1579800
23230,1581400
23231,1649600
23232,1641900
23233,1915600
23234,1653000
23235,1638700
23236,1640800
23237,1676700
23238,1718800
23239,1615400
23240,1614900
23241,1628600
23242,1565500
23243,1770900
23244,1701400
23245,1656600
23246,1533300
23247,1644700
23248,1606000
23249,1660800
23250,1526600
23251,1610900
23252,1653400
23253,1811100
23254,1726800
23255,1626500
23256,1816700
23257,1621800
23258,1603500
23259,1609200
23260,1533900
23261,1591700
23262,1621200
23263,1973600
23264,1783400
23265,1587200
23266,1765900
23267,1673600
23268,1646500
23269,1681500
23270,1569600
23271,1588300
23272,1570000
23273,1846200
23274,1631300
23275,1750700
23276,1737500
23277,1701500
23278,1601300
23279,1648300
23280,1533000
23281,1583700
23282,1631500
23283,1908900
23284,1681200
23285,1939600
23286,2152000
23287,1796300
23288,1909600
23289,1859900
23290,1708200
23291,1664600
23292,1827100
23293,1855100
23294,1957300
23295,1729100
23296,1706800
23297,1612900
23298,1542900
23299,1562000
23300,1541100
23301,1579200
23302,1672400
23303,1906400
23304,1742300
23305,1659200
23306,1622400
23307,1623800
23308,1599000
23309,1588500
23310,1668300
23311,1528500
23312,1935600
23313,1763300
23314,1604300
23315,1633200
23316,1525000
23317,1622000
23318,1615800
23319,1569400
23320,1548700
23321,1584500
23322,2229500
23323,1842900
23324,1598200
23325,1698700
23326,1619800
23327,1603100
23328,1651400
23329,1686300
23330,1679700
23331,1882700
23332,2366300
23333,2188500
23334,2076400
23335,1818600
23336,1723200
23337,1749200
23338,1734900
23339,1906800
23340,2052600
23341,1866200
23342,1771100
23343,1691600
23344,1709700
23345,1702900
23346,1893500
23347,1775100
23348,1867200
23349,1962500
23350,1979000
23351,1857900
23352,1794900
23353,1740100
23354,1830700
23355,1717700
23356,1638100
23357,2145400
23358,1705800
23359,1702800
23360,1612600
23361,1600200
23362,1601500
23363,1619000
23364,1603100
23365,1569100
23366,1811900
23367,1573800
23368,1672500
23369,1728700
23370,1694700
23371,1555800
23372,1654700
23373,1604100
23374,1601400
23375,1652700
23376,2000200
23377,1806100
23378,1784800
23379,1738400
23380,1692900
23381,1686200
23382,1622700
23383,1545400
23384,1591500
23385,1697000
23386,1641100
23387,1548900
23388,1682700
23389,1700300
23390,1735800
23391,1612100
23392,1602800
23393,1664200
23394,1917500
23395,1858000
23396,1697100
23397,1647500
23398,2003100
23399,1810800
23400,1606100
23401,1614100
23402,1660600
23403,1650900
23404,1691700
23405,1642200
23406,1563400
23407,2003300
23408,1709200
23409,1655000
23410,1639800
23411,1565500
23412,1647600
23413,1726500
23414,1570700
23415,1538500
23416,1615900
23417,1572800
23418,1869400
23419,1670600
23420,1598200
23421,1609700
23422,1730700
23423,1727000
23424,1568100
23425,1680900
23426,1540500
23427,1630600
23428,1871700
23429,1811600
23430,1737600
23431,1643200
23432,1623700
23433,1702400
23434,1692600
23435,1514300
23436,1580600
23437,1599800
23438,1715300
23439,1636200
23440,1602800
23441,1511200
23442,1733600
23443,1572000
23444,1601900
23445,1620600
23446,1601200
23447,1543200
23448,1755200
23449,1738900
23450,1647700
23451,1633200
23452,1640600
23453,1555300
23454,1530100
23455,1613200
23456,1579200
23457,1650400
23458,1631900
23459,1719000
23460,1581200
23461,1740800
23462,1767200
23463,1658000
23464,1556300
23465,1591000
23466,1644100
23467,1652500
23468,1606200
23469,1831400
23470,1818300
23471,1721300
23472,1641900
23473,1674400
23474,1618000
23475,1614400
23476,1704700
23477,1669000
23478,1606100
23479,1787100
23480,2048700
23481,1959700
23482,2282100
23483,1878200
23484,1880300
23485,1708100
23486,1705500
23487,1706400
23488,1832400
23489,1849900
23490,1680000
23491,1548900
23492,1637800
23493,1582900
23494,1620800
23495,1568000
23496,1679500
23497,1733800
23498,1894800
23499,1621700
23500,1668800
23501,1627600
23502,1603500
23503,1513000
23504,1555000
23505,1553400
23506,1609600
23507,1758700
23508,1992400
23509,1710800
23510,1596500
23511,1667700
23512,1639600
23513,1579300
23514,1545900
23515,1663500
23516,1528100
23517,1728300
23518,1844900
23519,1699000
23520,1625100
23521,1620200
23522,1651300
23523,1649600
23524,1524900
23525,1598900
23526,1691600
23527,1726500
23528,2048300
23529,1702600
23530,1670800
23531,1608700
23532,1634300
23533,1696700
23534,1725400
23535,1728700
23536,1697300
23537,1852100
23538,1722700
23539,1593900
23540,1587600
23541,1622900
23542,1537300
23543,1615200
23544,1704800
23545,1675800
23546,1614400
23547,1692900
23548,1746500
23549,1645300
23550,1637600
23551,1526900
23552,1616400
23553,1553700
23554,1590700
23555,1696500
23556,1592600
23557,1650400
23558,1713300
23559,1661400
23560,1639300
23561,1545700
23562,1574700
23563,1648200
23564,1829300
23565,1796500
23566,1689800
23567,1827800
23568,1891800
23569,1682100
23570,1548000
23571,1546500
23572,1598300
23573,1703700
23574,1678500
23575,1613100
23576,1602200
23577,1718100
23578,1626300
23579,1646500
23580,1636700
23581,1642200
23582,1646800
23583,1825700
23584,1617000
23585,1608800
23586,1592800
23587,1535500
23588,1702500
23589,1537500
23590,1576400
23591,1679200
23592,1633400
23593,1641000
23594,1624500
23595,1548500
23596,1578900
23597,1586100
23598,1988100
23599,1670700
23600,1754800
23601,1681900
23602,1681900
23603,1684400
23604,1586100
23605,1585200
23606,1642700
23607,1576500
23608,1817300
23609,1700800
23610,1689600
23611,1537700
23612,1755000
23613,1755000
23614,1658900
23615,1541300
23616,1607000
23617,1661600
23618,1679300
23619,1647000
23620,1586000
23621,1553900
23622,2358500
23623,2217400
23624,1953900
23625,1923100
23626,1718000
23627,2100200
23628,1709300
23629,1663200
23630,1654000
23631,1617700
23632,1617700
23633,1637600
23634,1624600
23635,1573100
23636,1813100
23637,1758400
23638,1605600
23639,1725500
23640,1660200
23641,1651500
23642,1606800
23643,1606700
23644,1605900
23645,1632400
23646,1646300
23647,1778200
23648,1662900
23649,1645700
23650,1596800
23651,1612800
23652,1531900
23653,1700700
23654,1532200
23655,1610500
23656,1696100
23657,1984200
23658,1591700
23659,1842800
23660,1714200
23661,1701100
23662,1669200
23663,1597900
23664,1582100
23665,1641300
23666,1730200
23667,2045200
23668,1754200
23669,1689000
23670,1640000
23671,1539200
23672,1569900
23673,1578900
23674,1633800
23675,1669800
23676,1692900
23677,1827500
23678,1610700
23679,1640800
23680,1651600
23681,1659400
23682,1564000
23683,1554900
23684,1604400
23685,1693300
23686,1876100
23687,1971000
23688,1724500
23689,1584900
23690,1608200
23691,1525500
23692,1677700
23693,1667400
23694,1625600
23695,1571900
23696,2090400
23697,1972900
23698,1686200
23699,1659600
23700,1685300
23701,1627000
23702,1541900
23703,1675800
23704,1626800
23705,1689200
23706,1796900
23707,1776400
23708,1684900
23709,1661400
23710,1611500
23711,1648600
23712,1554700
23713,1749700
23714,1958900
23715,1673600
23716,1788200
23717,1642200
23718,1630400
23719,1616500
23720,1532300
23721,1537500
23722,1595900
23723,1600600
23724,1860600
23725,1771500
23726,2132400
23727,1711700
23728,1637500
23729,1619700
23730,1594900
23731,1584000
23732,1652300
23733,1831700
23734,1690700
23735,1586000
23736,1770900
23737,1662500
23738,1462900
23739,1614300
23740,1615900
23741,1665000
23742,1587700
23743,1933200
23744,1873100
23745,1715400
23746,2003100
23747,1807400
23748,1769400
23749,1667200
23750,1735800
23751,1824400
23752,1783700
23753,1739300
23754,1679500
23755,1735000
23756,1802000
23757,1686400
23758,1710000
23759,1763700
23760,1994800
23761,1949400
23762,2252400
23763,1781600
23764,1881000
23765,1831400
23766,1648100
23767,1719600
23768,1639500
23769,1726300
23770,1633800
23771,1674200
23772,1608200
23773,1569900
23774,1703000
23775,1688100
23776,1619300
23777,1526600
23778,1688000
23779,1570900
23780,1624000
23781,1591900
23782,1652100
23783,1703200
23784,1715600
23785,1721300
23786,1681900
23787,1610400
23788,1725400
23789,1699200
23790,1587400
23791,1665000
23792,1685600
23793,1628100
23794,1726300
23795,1739000
23796,1575100
23797,1721600
23798,1955400
23799,1827300
23800,1725000
23801,1592500
23802,1661800
23803,1600600
23804,1782900
23805,1791200
23806,1712800
23807,1970400
23808,1741800
23809,1690300
23810,1664800
23811,1645100
23812,1713000
23813,1732200
23814,1657100
23815,1705400
23816,1740300
23817,1554300
23818,1611600
23819,1577500
23820,1547100
23821,1513300
23822,1560500
23823,1661600
23824,2000200
23825,1684700
23826,1790200
23827,1539900
23828,1641400
23829,1609000
23830,1623300
23831,1601100
23832,1592600
23833,1564600
23834,1889700
23835,1728100
23836,1667800
23837,1603700
23838,1610200
23839,1529300
23840,1589400
23841,1622500
23842,1522600
23843,1490200
23844,1785200
23845,1779400
23846,1672600
23847,1564600
23848,1650200
23849,1528700
23850,1514800
23851,1630500
23852,1480800
23853,1624600
23854,1736700
23855,1978400
23856,1688200
23857,1567600
23858,1507300
23859,1604300
23860,1557200
23861,1648100
23862,1538300
23863,1558000
23864,2067200
23865,1807100
23866,1639400
23867,1679800
23868,1628800
23869,1544400
23870,1578900
23871,1561600
23872,1649100
23873,1692200
23874,1956000
23875,1700700
23876,1583700
23877,1599400
23878,1640900
23879,1644000
23880,1636600
23881,1564000
23882,1651200
23883,1899700
23884,2231100
23885,1893900
23886,1903100
23887,1866100
23888,1816500
23889,1554100
23890,1544200
23891,1627900
23892,1830800
23893,1776400
23894,1842900
23895,1617100
23896,1602500
23897,1639300
23898,1618400
23899,1548700
23900,1599300
23901,1732600
23902,1650100
23903,1738500
23904,1716100
23905,1660600
23906,1581900
23907,1655100
23908,1592100
23909,1589300
23910,1764900
23911,1602600
23912,1567100
23913,1778000
23914,1725500
23915,1641600
23916,1611200
23917,1604500
23918,1615500
23919,1597400
23920,1796800
23921,1777900
23922,1566500
23923,1902700
23924,1988700
23925,1680900
23926,1664200
23927,1554200
23928,1732700
23929,1895500
23930,2055100
23931,2132600
23932,2266500
23933,1944500
23934,1798300
23935,1709600
23936,1826200
23937,1929900
23938,1848300
23939,1768300
23940,1723200
23941,1847800
23942,1889600
23943,1865900
23944,1685400
23945,2037300
23946,2131100
23947,1815400
23948,1882300
23949,1918200
23950,1996700
23951,1894800
23952,1690400
23953,1527300
23954,1752800
23955,1964600
23956,1654600
23957,1719800
23958,1657600
23959,1666500
23960,1775400
23961,1700300
23962,1605700
23963,1583700
23964,1768900
23965,1620700
23966,1618300
23967,1653300
23968,1594800
23969,1708200
23970,1729000
23971,1565300
23972,1587500
23973,1756400
23974,1921500
23975,1766000
23976,1645400
23977,1637000
23978,1641100
23979,1788200
23980,1743600
23981,1755200
23982,1741000
23983,1713000
23984,1679400
23985,1565400
23986,1703100
23987,1560000
23988,1573700
23989,1749100
23990,1842900
23991,1601300
23992,1744700
23993,1659700
23994,1599200
23995,1603700
23996,1609200
23997,1581700
23998,1552600
23999,2128600
24000,1664100
24001,1759900
24002,1593100
24003,1619700
24004,1571200
24005,1659600
24006,1648500
24007,1585500
24008,1629700
24009,1753100
24010,1816300
24011,1637800
24012,1610700
24013,1619700
24014,1557300
24015,1605300
24016,1592400
24017,1674000
24018,1628600
24019,1766400
24020,1983700
24021,1699700
24022,1594100
24023,1607800
24024,1649700
24025,1660100
24026,1566500
24027,1608200
24028,1495400
24029,1855800
24030,1792000
24031,1648100
24032,1673800
24033,1596000
24034,1552900
24035,1610000
24036,1563100
24037,1638000
24038,1706400
24039,1851700
24040,1953800
24041,1662300
24042,1572700
24043,1649600
24044,1576400
24045,1611900
24046,1525300
24047,1648700
24048,1680800
24049,1882400
24050,1667800
24051,1603800
24052,1638600
24053,1575100
24054,1604200
24055,1635200
24056,1607900
24057,1688900
24058,1602000
24059,1668600
24060,1787100
24061,1764900
24062,1567000
24063,1582200
24064,1637800
24065,1627400
24066,1662700
24067,1752100
24068,1628500
24069,1750500
24070,1801100
24071,1705000
24072,1625000
24073,1578300
24074,1693100
24075,1477000
24076,1695000
24077,1719000
24078,1558400
24079,1551200
24080,1682000
24081,1663700
24082,1545200
24083,1556800
24084,1595200
24085,1641000
24086,1835300
24087,2168400
24088,2201800
24089,2304700
24090,2142300
24091,1841100
24092,1723700
24093,1738000
24094,1662900
24095,1740100
24096,1549000
24097,1520400
24098,1656300
24099,1707800
24100,1670800
24101,1617500
24102,1518300
24103,1582700
24104,1736100
24105,1745000
24106,1617400
24107,1561300
24108,1747200
24109,1740500
24110,1579700
24111,1706400
24112,1584400
24113,1690500
24114,1740300
24115,1639200
24116,1547900
24117,1672800
24118,1820800
24119,1724800
24120,1692900
24121,1618200
24122,1608800
24123,1816000
24124,1638500
24125,1671100
24126,1602000
24127,1584800
24128,1744100
24129,1834300
24130,1649300
24131,1638300
24132,1677600
24133,1680000
24134,1572700
24135,1513800
24136,1591400
24137,1648400
24138,1561900
24139,1834200
24140,1586300
24141,1549000
24142,1765700
24143,1568700
24144,1569700
24145,1612400
24146,1532000
24147,1587600
24148,1644200
24149,1765400
24150,1661600
24151,1658300
24152,1666500
24153,1601700
24154,1544000
24155,1581200
24156,1623700
24157,1611700
24158,1616100
24159,1985400
24160,1747400
24161,1725200
24162,1643800
24163,1562800
24164,1620700
24165,1525500
24166,1553300
24167,1492000
24168,1545600
24169,1747300
24170,1677700
24171,1815600
24172,1669900
24173,1639800
24174,1617100
24175,1572800
24176,1585600
24177,1628700
24178,1671000
24179,1833100
24180,1748600
24181,1664700
24182,1549500
24183,1610700
24184,1600100
24185,1518800
24186,1547000
24187,1548400
24188,1584200
24189,1586800
24190,1994300
24191,1844500
24192,1633500
24193,1660000
24194,1628500
24195,1655300
24196,1533000
24197,1524000
24198,1568000
24199,1749900
24200,1980200
24201,1659500
24202,1655100
24203,1657100
24204,1626200
24205,1606600
24206,1541000
24207,1604000
24208,1607100
24209,1542800
24210,1975400
24211,1643100
24212,1626200
24213,1658100
24214,1519100
24215,1649100
24216,1558200
24217,1561900
24218,1641100
24219,1698900
24220,1881200
24221,1623300
24222,1672700
24223,1609700
24224,1673800
24225,1516800
24226,1553700
24227,1557800
24228,1691000
24229,1925400
24230,2026200
24231,1773600
24232,1637700
24233,1668400
24234,1636300
24235,1633000
24236,1632500
24237,1610300
24238,1825400
24239,1802600
24240,1880500
24241,1654000
24242,1615800
24243,1547500
24244,1532600
24245,1697100
24246,1634600
24247,1535100
24248,1763100
24249,1688100
24250,1725700
24251,1685900
24252,1551400
24253,1650000
24254,1670800
24255,1633200
24256,1575500
24257,1630200
24258,1770100
24259,1941400
24260,1941000
24261,1732000
24262,1668000
24263,1649500
24264,1590800
24265,1575600
24266,1677800
24267,1766100
24268,1658800
24269,1727000
24270,1673000
24271,1669400
24272,1566600
24273,1632000
24274,1522500
24275,1556900
24276,1637900
24277,1659300
24278,1574700
24279,1686400
24280,1802200
24281,1621500
24282,1663500
24283,1528200
24284,1596000
24285,1568300
24286,1871400
24287,1638400
24288,1647800
24289,1694300
24290,1837500
24291,1690000
24292,1634500
24293,1607300
24294,1562100
24295,1688000
24296,1810100
24297,1653000
24298,1645600
24299,1664700
24300,1869200
24301,1616300
24302,1670900
24303,1556600
24304,1873400
24305,1785900
24306,1623700
24307,1631100
24308,1540000
24309,1709000
24310,1719800
24311,1617100
24312,1525700
24313,1573000
24314,1815500
24315,1867900
24316,1555200
24317,1633000
24318,1544200
24319,1675400
24320,1762400
24321,1661900
24322,1621900
24323,1861400
24324,2068000
24325,1684500
24326,1640500
24327,1679900
24328,1642100
24329,1710000
24330,1668600
24331,1592600
24332,1637000
24333,1739800
24334,1736600
24335,1641500
24336,1627600
24337,1526800
24338,1565600
24339,1818300
24340,1787900
24341,1592200
24342,1778500
24343,1696900
24344,1568900
24345,1560900
24346,1554000
24347,1498100
24348,1604300
24349,1712200
24350,1637800
24351,1812600
24352,1821100
24353,1753200
24354,1576000
24355,1637800
24356,1547900
24357,1651400
24358,1591800
24359,1908100
24360,1942900
24361,1748600
24362,1765900
24363,1614900
24364,1601100
24365,1567000
24366,1615400
24367,1543900
24368,1582500
24369,1804200
24370,1847000
24371,1713800
24372,1703900
24373,1567700
24374,1630700
24375,1616700
24376,1672400
24377,1591400
24378,1545600
24379,2019300
24380,1772100
24381,1806000
24382,1637500
24383,1591100
24384,1631600
24385,1542600
24386,1712900
24387,1598700
24388,1563700
24389,1962100
24390,1791200
24391,1546900
24392,1620700
24393,1550700
24394,1571900
24395,1571400
24396,1635000
24397,1589300
24398,1616400
24399,2403000
24400,1979400
24401,1816000
24402,1625300
24403,1577800
24404,1667000
24405,1676500
24406,1646600
24407,1722600
24408,1919300
24409,1892300
24410,1659600
24411,1687300
24412,1716100
24413,1673100
24414,1672500
24415,1615400
24416,1675800
24417,1659700
24418,1936400
24419,1624000
24420,1663900
24421,1596200
24422,1638200
24423,1542100
24424,1544600
24425,1541100
24426,1700900
24427,1996700
24428,1751700
24429,1656700
24430,1619800
24431,1615400
24432,1541600
24433,1581500
24434,1623500
24435,1516200
24436,1733800
24437,1816800
24438,1904800
24439,1785700
24440,1660700
24441,1622700
24442,1704700
24443,1586800
24444,1657900
24445,1790300
24446,1737000
24447,1597800
24448,1713100
24449,1512300
24450,1605100
24451,1546800
24452,1536100
24453,1550600
24454,1655400
24455,1708900
24456,1824000
24457,1539900
24458,1715000
24459,1697800
24460,1555100
24461,1631800
24462,1591100
24463,1626400
24464,1630100
24465,1698000
24466,1581000
24467,1558600
24468,1701500
24469,1726900
24470,1625500
24471,1617300
24472,1709300
24473,1518500
24474,2091300
24475,2113900
24476,1808400
24477,2008900
24478,1842500
24479,1635600
24480,1654100
24481,1648800
24482,1802000
24483,1586600
24484,1639100
24485,1580700
24486,1676700
24487,1629700
24488,1765300
24489,1596900
24490,1604100
24491,1572400
24492,1746900
24493,1714500
24494,1659900
24495,1617400
24496,1611300
24497,1635800
24498,2041800
24499,1614100
24500,1533400
24501,1638600
24502,1643000
24503,1658100
24504,1578400
24505,1627700
24506,1552900
24507,1548900
24508,1793700
24509,1573900
24510,1608900
24511,1638800
24512,1748900
24513,1627000
24514,1659000
24515,1593600
24516,1627600
24517,1509200
24518,1838000
24519,1695900
24520,1765800
24521,1814700
24522,1692000
24523,1599200
24524,1512300
24525,1526600
24526,1552300
24527,1582900
24528,1937300
24529,1725600
24530,1924500
24531,1984600
24532,1992600
24533,2058400
24534,1816100
24535,1743700
24536,1709400
24537,2074000
24538,2116200
24539,1828800
24540,1894600
24541,1807000
24542,1714300
24543,1752400
24544,1753400
24545,1963500
24546,2326000
24547,2020800
24548,1791100
24549,1757100
24550,1800200
24551,1783500
24552,2026900
24553,1857000
24554,2082800
24555,2214600
24556,1701300
24557,1636500
24558,1633100
24559,1627000
24560,1623300
24561,1632600
24562,1669000
24563,1607000
24564,1796300
24565,1802000
24566,1677800
24567,1581500
24568,1605700
24569,1587800
24570,1662500
24571,1643800
24572,1635700
24573,1515800
24574,2163200
24575,2063500
24576,1695000
24577,1683300
24578,1626600
24579,1685500
24580,1580500
24581,1568400
24582,1605100
24583,1788500
24584,1736400
24585,1581000
24586,1514400
24587,1666200
24588,1589300
24589,1560500
24590,1620300
24591,1601200
24592,1617100
24593,1733000
24594,2399500
24595,1715000
24596,1607800
24597,1614600
24598,1621300
24599,1646600
24600,1656800
24601,1598700
24602,1752800
24603,1732600
24604,1737800
24605,1581200
24606,1547700
24607,1652600
24608,1602700
24609,1537200
24610,1552200
24611,1621900
24612,1761800
24613,1678600
24614,1849300
24615,1648700
24616,1684800
24617,1669200
24618,1548700
24619,1644200
24620,1618700
24621,1741300
24622,1679000
24623,1658000
24624,1925600
24625,1600900
24626,1609500
24627,1674100
24628,1620900
24629,1619500
24630,1781800
24631,1690100
24632,1551600
24633,1649400
24634,1818900
24635,1629900
24636,1573100
24637,1618700
24638,1510400
24639,1765900
24640,1698700
24641,1711000
24642,1636700
24643,1634900
24644,1707000
24645,1673900
24646,1599500
24647,1634800
24648,1572900
24649,1752000
24650,1560400
24651,1671900
24652,1556400
24653,1726600
24654,1691600
24655,1741200
24656,1647300
24657,1628600
24658,1535600
24659,1659100
24660,1668300
24661,1618300
24662,1613200
24663,1608300
24664,1774200
24665,1648000
24666,1521000
24667,1596400
24668,1574300
24669,1649800
24670,1713500
24671,1580400
24672,1585500
24673,1560100
24674,1680300
24675,1691200
24676,1664000
24677,1624500
24678,1736800
24679,1683300
24680,1573000
24681,1629300
24682,1588200
24683,1629400
24684,1671900
24685,1707300
24686,1645600
24687,1689900
24688,2556900
24689,1829400
24690,2240400
24691,1995800
24692,1791000
24693,1918300
24694,1756600
24695,1876100
24696,1733200
24697,1683700
24698,1640600
24699,1548200
24700,1465800
24701,1615600
24702,1685800
24703,1794600
24704,1642600
24705,1671400
24706,1651400
24707,1708700
24708,1628400
24709,1655200
24710,1597700
24711,1560300
24712,1591200
24713,1714000
24714,2001400
24715,1648300
24716,1627900
24717,1701000
24718,1619400
24719,1516600
24720,1558000
24721,1604300
24722,1660700
24723,1987100
24724,1811400
24725,1676800
24726,1645200
24727,1636200
24728,1615400
24729,1552200
24730,1501100
24731,1667800
24732,1593400
24733,2047000
24734,1736800
24735,1730300
24736,1545500
24737,1718600
24738,1661800
24739,1590000
24740,1575000
24741,1691600
24742,1625300
24743,1738500
24744,1716800
24745,1536800
24746,1573700
24747,1581200
24748,1567400
24749,1592800
24750,1551100
24751,1643500
24752,1531600
24753,1974500
24754,1770200
24755,1777600
24756,1613300
24757,1550800
24758,1591400
24759,1618200
24760,1684000
24761,1624500
24762,1763900
24763,1961200
24764,1737400
24765,1629400
24766,1637100
24767,1563500
24768,1624500
24769,1577600
24770,1629700
24771,1696100
24772,1639200
24773,1875900
24774,1754700
24775,1647000
24776,1673700
24777,1668500
24778,1632800
24779,1595000
24780,1791200
24781,1665700
24782,1636600
24783,1796000
24784,1621300
24785,1663500
24786,1592600
24787,1669600
24788,1607900
24789,1592600
24790,1711700
24791,1685100
24792,1633300
24793,1906400
24794,1706400
24795,1642400
24796,1688200
24797,1594100
24798,1633600
24799,1690500
24800,1826900
24801,1641400
24802,1543600
24803,1700700
24804,1735800
24805,1668900
24806,1593600
24807,1598400
24808,1612000
24809,1841600
24810,1713000
24811,1538300
24812,1584500
24813,1962000
24814,1686500
24815,1563800
24816,1530500
24817,1560500
24818,1689700
24819,1725900
24820,1619000
24821,1673600
24822,1608400
24823,1972700
24824,1795600
24825,1731700
24826,1630100
24827,1685300
24828,1783400
24829,1740000
24830,1593400
24831,1697900
24832,1550800
24833,1762600
24834,1642900
24835,1664600
24836,1687800
24837,1780900
24838,1620000
24839,1660800
24840,1621100
24841,1636700
24842,1639900
24843,1787300
24844,1565800
24845,1616300
24846,1660400
24847,1653900
24848,1559200
24849,1658900
24850,1574900
24851,1621900
24852,1643500
24853,1892100
24854,1748900
24855,1619000
24856,1890700
24857,1676500
24858,1588400
24859,1631900
24860,1512900
24861,1597900
24862,1539600
24863,1791100
24864,1668300
24865,1811400
24866,1575600
24867,1633400
24868,1715000
24869,1598500
24870,1503600
24871,1541500
24872,1595600
24873,1921800
24874,1729300
24875,1695000
24876,1586700
24877,1565300
24878,1534700
24879,1603600
24880,1661300
24881,1653500
24882,1579400
24883,1731500
24884,1947200
24885,1886500
24886,1641200
24887,1608100
24888,1572600
24889,1609000
24890,1575800
24891,1631400
24892,1570000
24893,2132500
24894,1830700
24895,1685900
24896,1565500
24897,1672800
24898,1625000
24899,1575400
24900,1577700
24901,1631600
24902,1664200
24903,1915600
24904,1638300
24905,1550300
24906,1509400
24907,1566400
24908,1617600
24909,1674100
24910,1585100
24911,1603700
24912,1602500
24913,1925000
24914,1831800
24915,1618800
24916,1576100
24917,1596200
24918,1520400
24919,1632000
24920,1485300
24921,1626100
24922,1668000
24923,2292600
24924,1848800
24925,1675800
24926,1518800
24927,1646900
24928,1590200
24929,1633300
24930,1618600
24931,1702600
24932,1877400
24933,1933700
24934,1627500
24935,1602200
24936,1653300
24937,1583600
24938,1590900
24939,1594400
24940,1639100
24941,1809100
24942,1665000
24943,1802000
24944,1620900
24945,1640500
24946,1551000
24947,1560000
24948,1551900
24949,1640200
24950,1599500
24951,1867300
24952,1684500
24953,1745800
24954,1592500
24955,1652200
24956,1594400
24957,1695300
24958,1598400
24959,1600500
24960,1961400
24961,2025900
24962,1840600
24963,1743900
24964,1622100
24965,1671500
24966,1642600
24967,1600900
24968,1614800
24969,1724300
24970,1697700
24971,1678800
24972,1649800
24973,1691900
24974,1698600
24975,1624400
24976,1597900
24977,1522400
24978,1647500
24979,1819800
24980,1601000
24981,1674900
24982,1679200
24983,1662500
24984,1604100
24985,1640400
24986,1482000
24987,1599100
24988,1882600
24989,1775200
24990,1614100
24991,1591600
24992,1718100
24993,1669400
24994,1577300
24995,1599300
24996,1569600
24997,1915100
24998,2132600
24999,1735500
25000,1680300
25001,1765000
25002,1772500
25003,1679500
25004,1643700
25005,1700300
25006,1756100
25007,1818700
25008,1716200
25009,1658200
25010,1709400
25011,1673600
25012,1853700
25013,1734100
25014,1661400
25015,1889800
25016,1815800
25017,1689700
25018,1574300
25019,1605100
25020,1645400
25021,1908600
25022,1774300
25023,1664300
25024,1726900
25025,1769700
25026,1640700
25027,1554500
25028,1637700
25029,1511900
25030,1573000
25031,1682600
25032,1850200
25033,1743200
25034,1552800
25035,1657700
25036,1603000
25037,1550500
25038,1530900
25039,1646700
25040,1495600
25041,1687100
25042,1626300
25043,1712300
25044,1587700
25045,1614700
25046,1627900
25047,1670200
25048,1542700
25049,1524700
25050,1586200
25051,1613900
25052,1666000
25053,1894400
25054,1606100
25055,1621300
25056,1647400
25057,1620300
25058,1610600
25059,1544000
25060,1625700
25061,1640800
25062,1962200
25063,1783200
25064,1604600
25065,1635500
25066,1660500
25067,1635100
25068,1589900
25069,1576500
25070,1650100
25071,1923500
25072,2423500
25073,1938000
25074,1872300
25075,1813300
25076,1685600
25077,1604700
25078,1655800
25079,1672500
25080,1815900
25081,1963500
25082,1703600
25083,1618700
25084,1550600
25085,1674200
25086,1627500
25087,1569800
25088,1584900
25089,1755500
25090,1779700
25091,2056600
25092,1716700
25093,1641900
25094,1619400
25095,1600400
25096,1602000
25097,1641400
25098,1648300
25099,1772500
25100,1603000
25101,1811400
25102,1628300
25103,1532000
25104,1675900
25105,1658300
25106,1564800
25107,1570900
25108,1716300
25109,1708500
25110,1596000
25111,1727800
25112,1630500
25113,1577700
25114,1606700
25115,1593000
25116,1624100
25117,1591000
25118,1894000
25119,1713400
25120,1644900
25121,2001800
25122,1668800
25123,1650700
25124,1704400
25125,1569500
25126,1533000
25127,1871900
25128,1937100
25129,2084500
25130,2698400
25131,2126000
25132,1816500
25133,1857700
25134,1768600
25135,2060700
25136,2583900
25137,1800300
25138,1955300
25139,1805100
25140,1685700
25141,1990200
25142,1770700
25143,1983800
25144,1981400
25145,1883800
25146,1876800
25147,1964400
25148,1875000
25149,1788200
25150,1608100
25151,1646200
25152,1886100
25153,1933200
25154,1787700
25155,1555600
25156,1665800
25157,1691900
25158,1546200
25159,1658600
25160,1570100
25161,1730100
25162,1591600
25163,1517100
25164,1663000
25165,1544800
25166,1522600
25167,1932300
25168,1664500
25169,1597700
25170,1627400
25171,1951500
25172,1846000
25173,1744900
25174,1701700
25175,1644600
25176,1791800
25177,1664600
25178,1550400
25179,1541700
25180,1657000
25181,1768100
25182,1608700
25183,1687500
25184,1700800
25185,1637100
25186,1575100
25187,2422700
25188,1722300
25189,1623300
25190,1655500
25191,1601300
25192,1592000
25193,1565300
25194,1774100
25195,1656800
25196,1641800
25197,1706300
25198,1720600
25199,1632000
25200,1576800
25201,1647600
25202,1658700
25203,1520500
25204,1642600
25205,1578600
25206,1622000
25207,1830400
25208,1824600
25209,1708300
25210,1626100
25211,1705700
25212,1633800
25213,1595500
25214,1535800
25215,1546700
25216,1804700
25217,2015900
25218,1790700
25219,1614100
25220,1654700
25221,1617400
25222,1637200
25223,1630800
25224,1620400
25225,1659400
25226,1980700
25227,1675200
25228,1668900
25229,1732500
25230,1606200
25231,1619700
25232,1595900
25233,1644900
25234,1538500
25235,1534900
25236,1826400
25237,1675400
25238,1751100
25239,1591000
25240,1593700
25241,1559600
25242,1594500
25243,1667600
25244,1525200
25245,1503800
25246,1824000
25247,1694600
25248,1772600
25249,1630200
25250,1630500
25251,1566100
25252,1610200
25253,1618900
25254,1542000
25255,1716700
25256,1736000
25257,1887900
25258,1560900
25259,1577400
25260,1589000
25261,1666300
25262,1577700
25263,1515000
25264,1635500
25265,1722000
25266,1636900
25267,1792700
25268,1586100
25269,1642000
25270,1541200
25271,1593100
25272,1542900
25273,1605200
25274,1537100
25275,1833200
25276,1678100
25277,1725800
25278,1676200
25279,1588600
25280,1557600
25281,1638500
25282,1544600
25283,1648600
25284,1701300
25285,2240500
25286,2023600
25287,1696700
25288,1692800
25289,1628500
25290,1642000
25291,1646400
25292,1558700
25293,1853600
25294,1962700
25295,2306200
25296,2125900
25297,2026900
25298,1834000
25299,1643200
25300,1665800
25301,1727300
25302,1751800
25303,1564200
25304,1681300
25305,1622900
25306,1623700
25307,1546100
25308,1599000
25309,1630200
25310,1549500
25311,1768000
25312,1528400
25313,1625500
25314,1653400
25315,1828000
25316,2015700
25317,1691000
25318,1591400
25319,1624800
25320,1643900
25321,1663200
25322,1655300
25323,1614800
25324,1628600
25325,1755000
25326,1712200
25327,1680500
25328,1665600
25329,1566300
25330,1659200
25331,1720100
25332,1632800
25333,1546900
25334,1597700
25335,1768700
25336,1640600
25337,1568000
25338,1554200
25339,1617600
25340,1638600
25341,1625800
25342,1650400
25343,1594600
25344,1617900
25345,1628200
25346,1921800
25347,1635700
25348,1598100
25349,1854600
25350,1735700
25351,1576500
25352,1665600
25353,1621700
25354,1598400
25355,1679700
25356,1720100
25357,1557900
25358,1649800
25359,1678600
25360,1551200
25361,1679900
25362,1644700
25363,1581100
25364,1600800
25365,1636100
25366,1803300
25367,1545200
25368,1563500
25369,1727000
25370,1602500
25371,1667600
25372,1567700
25373,1677900
25374,1550000
25375,1608700
25376,1744900
25377,1634700
25378,1733200
25379,1672800
25380,1583900
25381,1679300
25382,1546400
25383,1573500
25384,1648700
25385,1588700
25386,1854900
25387,1783000
25388,1730400
25389,1718300
25390,1574000
25391,1701000
25392,1683000
25393,1631400
25394,1601600
25395,1587700
25396,1760700
25397,1904600
25398,1715900
25399,1582900
25400,1640000
25401,1594000
25402,1587600
25403,1586500
25404,1570500
25405,1631100
25406,1776500
25407,1818700
25408,1663300
25409,1696000
25410,1516000
25411,1586300
25412,1599800
25413,1529400
25414,1691300
25415,1645900
25416,1830000
25417,1763600
25418,1590500
25419,1724900
25420,1658500
25421,1677600
25422,1681800
25423,1638700
25424,1658500
25425,1822800
25426,1971500
25427,1668700
25428,1688400
25429,1558800
25430,1632000
25431,1524300
25432,1657700
25433,1557100
25434,1707400
25435,1649600
25436,1767200
25437,1671400
25438,1584100
25439,1575700
25440,1550000
25441,1602400
25442,1571600
25443,1532200
25444,1677000
25445,1664900
25446,1738500
25447,1673800
25448,1726100
25449,1642300
25450,1607100
25451,1621400
25452,1746900
25453,1707500
25454,1729900
25455,1652300
25456,1868500
25457,1877000
25458,1584700
25459,1647600
25460,1632600
25461,1664900
25462,1584200
25463,1630000
25464,1652500
25465,1658800
25466,1710500
25467,1719300
25468,1598200
25469,1656100
25470,1662100
25471,1548600
25472,1618100
25473,1666600
25474,1685400
25475,1590000
25476,1864500
25477,1803800
25478,1556800
25479,1512400
25480,1572900
25481,1607700
25482,1714500
25483,1687700
25484,1606000
25485,1628100
25486,1946100
25487,1805200
25488,1716100
25489,1656000
25490,1664700
25491,1736900
25492,1559300
25493,1607100
25494,1699800
25495,1591000
25496,1824400
25497,1711800
25498,1558300
25499,1645200
25500,1552900
25501,1709400
25502,1626100
25503,1617100
25504,1591400
25505,1595500
25506,1871400
25507,1758000
25508,1656600
25509,1617800
25510,1570000
25511,1588400
25512,1610500
25513,1690700
25514,1594900
25515,1580200
25516,1716900
25517,1674700
25518,1555200
25519,1634000
25520,1964300
25521,2144100
25522,1858500
25523,1869300
25524,1788400
25525,1864000
25526,1981400
25527,1690200
25528,1885400
25529,1831700
25530,1588100
25531,1651900
25532,1657600
25533,1824100
25534,1664800
25535,1904400
25536,1800500
25537,1722800
25538,1937300
25539,2187100
25540,2067700
25541,1738300
25542,1727600
25543,1637600
25544,1900500
25545,1686300
25546,1822500
25547,1743200
25548,1647200
25549,1587300
25550,1608200
25551,1664700
25552,1626300
25553,1674000
25554,1992600
25555,1827500
25556,1714900
25557,1663500
25558,1641500
25559,1631500
25560,1614000
25561,1565300
25562,1685300
25563,1629600
25564,1703800
25565,1686400
25566,1652800
25567,1522300
25568,1611900
25569,1609500
25570,1607200
25571,1577100
25572,1622300
25573,1653400
25574,1685400
25575,1704200
25576,1685100
25577,1535900
25578,1555700
25579,1636800
25580,1592100
25581,1605500
25582,1596400
25583,1614400
25584,2233500
25585,1817700
25586,1657000
25587,1567900
25588,1676600
25589,1600100
25590,1607700
25591,1615000
25592,1652800
25593,1559600
25594,2103100
25595,1979000
25596,1708400
25597,1714600
25598,1602900
25599,1654300
25600,1639800
25601,1667400
25602,1606600
25603,1921100
25604,1836600
25605,1690900
25606,1726500
25607,1574000
25608,1673900
25609,1584700
25610,1662500
25611,1518800
25612,1692800
25613,1839900
25614,1735200
25615,1610500
25616,1668100
25617,1625000
25618,1585500
25619,1609800
25620,1563400
25621,1520000
25622,1799600
25623,1910900
25624,1681900
25625,1591400
25626,1659600
25627,1609600
25628,1599100
25629,1537600
25630,1637100
25631,1714400
25632,1675800
25633,1800200
25634,1699800
25635,1678400
25636,1681800
25637,1648200
25638,1603200
25639,1536500
25640,1617700
25641,1750600
25642,1573600
25643,1833400
25644,1836700
25645,1692000
25646,1658000
25647,1506700
25648,1632300
25649,1674800
25650,1761700
25651,1691300
25652,1611800
25653,1976600
25654,1728500
25655,1731600
25656,1616400
25657,1621800
25658,1689500
25659,1839500
25660,2045700
25661,1842000
25662,1950000
25663,2082000
25664,1708500
25665,1556700
25666,1574600
25667,1716800
25668,1808400
25669,1818400
25670,1641500
25671,1678100
25672,1726200
25673,1682500
25674,1606300
25675,1605900
25676,1668900
25677,1759900
25678,1640900
25679,1646000
25680,1629400
25681,1606300
25682,2140100
25683,1723500
25684,1673300
25685,1648900
25686,1899900
25687,1722800
25688,1562500
25689,1520500
25690,1594800
25691,1607300
25692,1741400
25693,1713800
25694,1647000
25695,1602900
25696,1668800
25697,1559500
25698,1584100
25699,1534000
25700,1623400
25701,1572600
25702,1864500
25703,1695200
25704,1690700
25705,1622200
25706,1616800
25707,1597000
25708,1565300
25709,1507200
25710,1564300
25711,1683700
25712,1675500
25713,1679500
25714,1601600
25715,1604200
25716,1884700
25717,1721100
25718,1626300
25719,1630900
25720,1645600
25721,1572400
25722,1884100
25723,1983900
25724,1675200
25725,1857300
25726,2092600
25727,2198600
25728,2187700
25729,1844400
25730,2028300
25731,1994500
25732,1734700
25733,1968900
25734,1857000
25735,1652300
25736,1881500
25737,1788100
25738,1836000
25739,1840100
25740,2132700
25741,2122600
25742,1859500
25743,1774700
25744,1790000
25745,1815300
25746,1784100
25747,1688300
25748,1696000
25749,2083800
25750,1767000
25751,1663900
25752,1623600
25753,1595700
25754,1644800
25755,1532700
25756,1561300
25757,1665300
25758,1672100
25759,1785800
25760,1722400
25761,1559500
25762,1685100
25763,1602800
25764,1679200
25765,1563500
25766,1626400
25767,1616700
25768,1570100
25769,1745500
25770,2142200
25771,1964700
25772,1745200
25773,1626700
25774,1620300
25775,1622100
25776,1573600
25777,1624700
25778,1811200
25779,2387100
25780,1746800
25781,1642200
25782,1576100
25783,1569500
25784,1588900
25785,1592400
25786,1591200
25787,1599600
25788,1913600
25789,1782600
25790,1653600
25791,1512800
25792,1547800
25793,1624200
25794,1516100
25795,1524800
25796,1590300
25797,1844700
25798,1909700
25799,1686300
25800,1653400
25801,1639300
25802,1598400
25803,1678200
25804,1556000
25805,1588900
25806,1642200
25807,1608300
25808,1678600
25809,1648000
25810,1625400
25811,1611800
25812,1588600
25813,1651200
25814,1587500
25815,1610700
25816,1634900
25817,2211600
25818,1960000
25819,1712100
25820,1643800
25821,1547200
25822,1572900
25823,1567300
25824,1641000
25825,1667400
25826,1752000
25827,1553300
25828,1799900
25829,1685400
25830,1562900
25831,1565400
25832,1614200
25833,1551100
25834,1558100
25835,1667700
25836,1837000
25837,1574800
25838,1666400
25839,1673200
25840,1584600
25841,1589800
25842,1624000
25843,1613800
25844,1607800
25845,1707300
25846,1651900
25847,1515900
25848,1606000
25849,1625500
25850,1609500
25851,1611400
25852,1654100
25853,1644300
25854,1611000
25855,1668900
25856,1611600
25857,1574700
25858,1553100
25859,1727200
25860,1726100
25861,1575600
25862,1657000
25863,1631600
25864,1558400
25865,1669300
25866,1675000
25867,1570300
25868,1614100
25869,1765300
25870,1677100
25871,1606800
25872,1640800
25873,1507700
25874,1762700
25875,1594000
25876,1608700
25877,1637200
25878,1542400
25879,1918700
25880,1959200
25881,1615200
25882,1667900
25883,1682600
25884,1796900
25885,1657500
25886,1642500
25887,1579900
25888,1638200
25889,1892200
25890,1636400
25891,1641200
25892,1672500
25893,2084900
25894,1824800
25895,2243700
25896,2029900
25897,1893700
25898,1972300
25899,1725000
25900,1688400
25901,1685200
25902,1646900
25903,1626900
25904,1549800
25905,1623700
25906,1673700
25907,1523300
25908,1773300
25909,1661700
25910,1943300
25911,1895300
25912,1714700
25913,1564700
25914,1622800
25915,1606700
25916,1640200
25917,1632700
25918,1678900
25919,1801600
25920,1740400
25921,1576900
25922,1558900
25923,1637200
25924,1557300
25925,1571200
25926,1596400
25927,1546500
25928,1827600
25929,1763100
25930,1658500
25931,1576600
25932,1620400
25933,1658400
25934,1611400
25935,1584200
25936,1574200
25937,1598000
25938,1797600
25939,1750600
25940,1707900
25941,1621100
25942,1609300
25943,1574100
25944,1600800
25945,1655400
25946,1597600
25947,1676500
25948,2164900
25949,1857400
25950,1684300
25951,1572800
25952,1581900
25953,1618200
25954,1519700
25955,1648200
25956,1651900
25957,1624900
25958,2041200
25959,1812000
25960,1632900
25961,1692100
25962,1648300
25963,1567600
25964,1638500
25965,1711900
25966,1905800
25967,1954500
25968,1824200
25969,1611100
25970,1651600
25971,1597300
25972,1651900
25973,1518700
25974,1637500
25975,1561000
25976,1656600
25977,1701200
25978,1695200
25979,1649600
25980,1574300
25981,1623800
25982,1620100
25983,1698500
25984,1815700
25985,1619200
25986,1717100
25987,1682600
25988,2043300
25989,1736500
25990,1661000
25991,1736600
25992,1605900
25993,1531600
25994,1589500
25995,1890800
25996,1728900
25997,1919900
25998,1746200
25999,1637200
26000,1666600
26001,1626400
26002,1607000
26003,1674300
26004,1741900
26005,1633800
26006,1714000
26007,1814000
26008,1738100
26009,1688500
26010,1582100
26011,1642200
26012,1641300
26013,1555500
26014,1618900
26015,1541600
26016,1645400
26017,1788500
26018,1880100
26019,1671700
26020,1606300
26021,1622600
26022,1700500
26023,1645700
26024,1532400
26025,1685000
26026,1558800
26027,1766500
26028,1754900
26029,1695100
26030,1619600
26031,1607600
26032,1608600
26033,1678200
26034,1557900
26035,1582600
26036,1526600
26037,1772500
26038,1642500
26039,1566500
26040,1614400
26041,1580800
26042,1623400
26043,1747700
26044,1665000
26045,1592200
26046,1522600
26047,1868900
26048,1782500
26049,1605300
26050,1542500
26051,1640400
26052,1823400
26053,1741000
26054,1610600
26055,1629600
26056,1555300
26057,1690900
26058,1703300
26059,1765300
26060,1952300
26061,1889100
26062,1812000
26063,1678000
26064,1681400
26065,1641900
26066,1576300
26067,1659100
26068,1651500
26069,1673900
26070,1563700
26071,1577300
26072,1659800
26073,1721700
26074,1705400
26075,1567300
26076,1645300
26077,1790200
26078,1718000
26079,1592600
26080,1781200
26081,1691300
26082,1743700
26083,1617600
26084,1616200
26085,1634900
26086,1633000
26087,1840800
26088,1803600
26089,1658500
26090,1729500
26091,1586200
26092,1602000
26093,1691400
26094,1633100
26095,1575400
26096,1606800
26097,1719900
26098,1774000
26099,1760900
26100,1625300
26101,1688400
26102,1547400
26103,1633100
26104,1523500
26105,1593500
26106,1547700
26107,1771500
26108,1626200
26109,1952500
26110,1863800
26111,1809200
26112,1720100
26113,1655600
26114,1594500
26115,1593500
26116,1618700
26117,2185400
26118,1844300
26119,1742300
26120,1712400
26121,1541000
26122,1668200
26123,1702100
26124,1581900
26125,1545600
26126,1839900
26127,1757800
26128,1745700
26129,1668800
26130,1646000
26131,1662200
26132,1677600
26133,1609900
26134,1590700
26135,1732600
26136,1846600
26137,1739200
26138,1673200
26139,1648900
26140,1686300
26141,1616700
26142,1485400
26143,1591600
26144,1813900
26145,1818200
26146,2025800
26147,1761300
26148,1677600
26149,1640900
26150,1629100
26151,1644400
26152,1673600
26153,1562700
26154,1921500
26155,1800900
26156,1890900
26157,1724700
26158,1625600
26159,1652400
26160,1516500
26161,1646300
26162,1492500
26163,1727000
26164,1610300
26165,1564800
26166,1865300
26167,1658600
26168,1687200
26169,1577900
26170,1573800
26171,1573000
26172,1651200
26173,1748900
26174,1588300
26175,1853600
26176,1796200
26177,1749100
26178,1611100
26179,1686700
26180,1694400
26181,1689100
26182,1792700
26183,1674900
26184,1709000
26185,1834900
26186,1833100
26187,1720100
26188,1553200
26189,1670300
26190,1556900
26191,1955900
26192,2427200
26193,1853200
26194,1677400
26195,1799700
26196,1680700
26197,1691800
26198,1619400
26199,1685500
26200,1724300
26201,1688800
26202,1687200
26203,1740300
26204,1772900
26205,1909100
26206,1707700
26207,1628000
26208,1673100
26209,1640600
26210,1580400
26211,1634000
26212,1598700
26213,1650200
26214,1705500
26215,1973100
26216,1631600
26217,1665300
26218,1652200
26219,1714400
26220,1612200
26221,1550400
26222,1563800
26223,1642200
26224,1803600
26225,1620300
26226,1631800
26227,1596000
26228,1641600
26229,1691400
26230,1697200
26231,1633000
26232,1534900
26233,1626200
26234,1616800
26235,2053000
26236,1686500
26237,1660500
26238,1699400
26239,1685900
26240,1712200
26241,1609000
26242,1611500
26243,1595200
26244,1694600
26245,1877000
26246,1649300
26247,1871200
26248,2205600
26249,1822700
26250,1841400
26251,1887300
26252,1703700
26253,1709500
26254,1800200
26255,1582200
26256,1827000
26257,1736300
26258,1660100
26259,1631700
26260,1585800
26261,1691800
26262,1630900
26263,1773900
26264,1648900
26265,1673200
26266,1714600
26267,1699400
26268,1582900
26269,1556600
26270,1584100
26271,1601000
26272,1579800
26273,1637500
26274,1664300
26275,1664700
26276,1704800
26277,1632500
26278,1555300
26279,1600000
26280,1639900
26281,1503300
26282,1622700
26283,1525300
26284,2002000
26285,1778500
26286,1726500
26287,1614500
26288,1673000
26289,1623100
26290,1565000
26291,1576500
26292,1628600
26293,1498500
26294,1811500
26295,1756000
26296,1630500
26297,1583700
26298,1576800
26299,1509800
26300,1636500
26301,1549000
26302,1593400
26303,1677000
26304,1965500
26305,1725900
26306,1619600
26307,1633900
26308,1697500
26309,1577400
26310,1582800
26311,1559100
26312,1597000
26313,1828400
26314,2298400
26315,1834600
26316,1795900
26317,1603100
26318,1634100
26319,1583300
26320,1613200
26321,1549400
26322,1688500
26323,1945800
26324,2288900
26325,2219900
26326,1806000
26327,1807800
26328,1785100
26329,1921700
26330,1920800
26331,1902700
26332,2192500
26333,1794800
26334,1666000
26335,1745000
26336,1788000
26337,1638100
26338,1824400
26339,1950500
26340,1770900
26341,1909300
26342,1901700
26343,1808800
26344,1718400
26345,1638200
26346,1673200
26347,1676400
26348,1793700
26349,1663200
26350,1610300
26351,2064100
26352,1786200
26353,1578000
26354,1568000
26355,1540100
26356,1580200
26357,1801600
26358,1684800
26359,1615100
26360,1629500
26361,1793200
26362,1636700
26363,1537200
26364,1593500
26365,1530600
26366,1610300
26367,1735500
26368,1936600
26369,1655400
26370,1762400
26371,1747400
26372,2040600
26373,1680000
26374,1749200
26375,1595900
26376,1789800
26377,1752000
26378,1629100
26379,1690900
26380,2063300
26381,1704600
26382,1708300
26383,1742200
26384,1636600
26385,1721900
26386,1848400
26387,1603500
26388,1672900
26389,1602600
26390,1833000
26391,1630200
26392,1656300
26393,1577400
26394,1588100
26395,1509700
26396,1620200
26397,1626000
26398,1685100
26399,1578900
26400,1669000
26401,1726200
26402,1654800
26403,1554200
26404,1632900
26405,1558300
26406,1556800
26407,1567700
26408,1689400
26409,1518100
26410,1785500
26411,1882700
26412,1694200
26413,1595200
26414,1788000
26415,1627400
26416,1666300
26417,1582900
26418,1696400
26419,1607600
26420,1766900
26421,1666600
26422,1678000
26423,1577600
26424,1608000
26425,1545600
26426,1647600
26427,1606900
26428,1605500
26429,1686800
26430,1636000
26431,1692600
26432,1728300
26433,1673300
26434,1683400
26435,1574000
26436,1598000
26437,1591800
26438,1614800
26439,1620900
26440,1795700
26441,1628700
26442,1817500
26443,1732200
26444,1679400
26445,1689600
26446,1648600
26447,1597700
26448,1625400
26449,1564700
26450,1787100
26451,1759600
26452,1768300
26453,1617100
26454,1641400
26455,1594500
26456,1581700
26457,1624600
26458,1628000
26459,1583700
26460,1557100
26461,1751300
26462,1907900
26463,1637800
26464,1550100
26465,1683700
26466,1625700
26467,1641400
26468,1548400
26469,1546600
26470,2089300
26471,2574300
26472,1963400
26473,1770300
26474,1702700
26475,1624200
26476,1677000
26477,1574300
26478,1638200
26479,1671700
26480,2016600
26481,1787900
26482,1677600
26483,1630200
26484,1669600
26485,1633700
26486,1611100
26487,1545100
26488,1647500
26489,1692500
26490,1900000
26491,1581400
26492,1730900
26493,1544800
26494,1558200
26495,1640000
26496,1607300
26497,1615900
26498,1509800
26499,2144300
26500,2150700
26501,2433700
26502,2060800
26503,1903400
26504,1826400
26505,1611000
26506,1587000
26507,1864800
26508,1921500
26509,1712400
26510,1726000
26511,1647800
26512,1566600
26513,1610900
26514,1635200
26515,1543500
26516,1628500
26517,1613300
26518,1892300
26519,1903200
26520,1709000
26521,1619300
26522,1727400
26523,1567600
26524,1648700
26525,1602800
26526,1675500
26527,1683000
26528,1981200
26529,1681600
26530,1617300
26531,1579600
26532,1526400
26533,1631500
26534,1628100
26535,1586600
26536,1663000
26537,1624400
26538,1994900
26539,1728300
26540,1636100
26541,1593100
26542,1550700
26543,1668500
26544,1603600
26545,1720200
26546,1625000
26547,1699900
26548,1990500
26549,1797400
26550,1561000
26551,1594900
26552,1690500
26553,1634200
26554,1637700
26555,1731700
26556,1614800
26557,1560400
26558,1694200
26559,1596600
26560,1611700
26561,1628100
26562,1516500
26563,1836700
26564,1911000
26565,1692900
26566,1636400
26567,1677000
26568,1796200
26569,1605200
26570,1619300
26571,1518400
26572,1533900
26573,1488900
26574,1839700
26575,1697500
26576,1607800
26577,1569200
26578,2429300
26579,1933500
26580,1844500
26581,1742200
26582,1656300
26583,1821600
26584,1729900
26585,1601300
26586,1679100
26587,1898400
26588,1660700
26589,1648300
26590,1567300
26591,1655600
26592,1746700
26593,1558700
26594,1582600
26595,1621300
26596,1587100
26597,1870100
26598,1738300
26599,1606900
26600,1588000
26601,1591200
26602,1859400
26603,1609500
26604,1674100
26605,1692300
26606,1593100
26607,1912100
26608,1725700
26609,1605400
26610,1597300
26611,1792200
26612,1577700
26613,1625200
26614,1614700
26615,1663500
26616,1539300
26617,1764500
26618,1751900
26619,1588200
26620,1712900
26621,1612300
26622,1558700
26623,1550400
26624,1673300
26625,1530300
26626,1595300
26627,1852200
26628,1824500
26629,1644400
26630,1735400
26631,1659300
26632,1588400
26633,1631900
26634,1611500
26635,1611900
26636,1630100
26637,1739500
26638,1586400
26639,1624400
26640,1850100
26641,1726100
26642,1543000
26643,1676700
26644,1533600
26645,1571100
26646,1559500
26647,1810400
26648,1999600
26649,1870800
26650,1637000
26651,1624300
26652,1621300
26653,1646200
26654,1605600
26655,1632600
26656,1513300
26657,1714400
26658,1695300
26659,1849800
26660,1658400
26661,1639200
26662,1499500
26663,1636500
26664,1594800
26665,1622500
26666,1569900
26667,1887200
26668,1773500
26669,1743800
26670,1544400
26671,1643700
26672,1539900
26673,1636500
26674,1572100
26675,1640700
26676,1577500
26677,1888100
26678,2074300
26679,1769100
26680,1668500
26681,1572600
26682,1621900
26683,1571400
26684,1522900
26685,1617200
26686,1661000
26687,1776000
26688,1711800
26689,1641500
26690,1633100
26691,1672800
26692,1577600
26693,1648900
26694,1537200
26695,1662100
26696,1727100
26697,1817700
26698,1774700
26699,1658100
26700,1574200
26701,1659000
26702,1547400
26703,1526200
26704,1589600
26705,1596000
26706,1773800
26707,2010000
26708,1870000
26709,1670800
26710,1654200
26711,1617200
26712,1603100
26713,1703200
26714,1632800
26715,1862000
26716,1862500
26717,1701000
26718,1635700
26719,1616300
26720,1626400
26721,1798000
26722,1617700
26723,1664900
26724,1705800
26725,1690400
26726,1625700
26727,1698600
26728,1614600
26729,1682100
26730,1597100
26731,1712000
26732,1676900
26733,1584200
26734,1760300
26735,1831700
26736,1757900
26737,1758600
26738,1605400
26739,1641700
26740,1608800
26741,1666900
26742,1619200
26743,1586800
26744,1913000
26745,1763100
26746,1678700
26747,2007500
26748,1686600
26749,1576300
26750,1633200
26751,1616000
26752,1555300
26753,1800500
26754,1721000
26755,1716400
26756,1640800
26757,1653000
26758,1591400
26759,1530700
26760,1518400
26761,1614800
26762,1590500
26763,1743800
26764,1618200
26765,1660900
26766,1750800
26767,1751800
26768,1560800
26769,1550800
26770,1576800
26771,1659900
26772,1905400
26773,1696800
26774,1616500
26775,1655600
26776,1740800
26777,1921000
26778,2040200
26779,1531000
26780,1561900
26781,1864300
26782,1666200
26783,1626400
26784,1598300
26785,1558900
26786,1783300
26787,1722700
26788,1605900
26789,1644400
26790,1746400
26791,1975100
26792,1975400
26793,1788300
26794,1735600
26795,1710700
26796,1817600
26797,1691000
26798,1570800
26799,1771800
26800,1703700
26801,1656900
26802,1721200
26803,1610900
26804,1648900
26805,1688500
26806,1790200
26807,1745100
26808,1753400
26809,1658600
26810,1651400
26811,1520800
26812,1582900
26813,1606200
26814,1620000
26815,1659600
26816,2003900
26817,1724700
26818,1601600
26819,1735500
26820,1667800
26821,1550100
26822,1622800
26823,1531100
26824,1639100
26825,1593800
26826,1732300
26827,1707900
26828,1707200
26829,1685900
26830,1607400
26831,1649200
26832,1630400
26833,1537000
26834,1547000
26835,1728600
26836,1798300
26837,1654900
26838,1946800
26839,2065400
26840,1825500
26841,1960000
26842,1762900
26843,1667800
26844,1574000
26845,2071200
26846,1892000
26847,1581500
26848,1652700
26849,1622800
26850,1527700
26851,1640800
26852,1665600
26853,1647800
26854,1611600
26855,1797200
26856,1649700
26857,1679900
26858,1785900
26859,1554700
26860,1551900
26861,1565200
26862,1560700
26863,1574900
26864,1635300
26865,2063500
26866,1807300
26867,1706100
26868,1632600
26869,1585300
26870,1617300
26871,1585500
26872,1601600
26873,1560400
26874,1736400
26875,2010900
26876,1754200
26877,1631000
26878,1632800
26879,1544300
26880,1575400
26881,1675000
26882,1614700
26883,1563300
26884,1821000
26885,1814200
26886,1648900
26887,1651600
26888,1610500
26889,1606600
26890,1643900
26891,1498600
26892,1659800
26893,1837800
26894,1785600
26895,1827200
26896,1585700
26897,1604600
26898,1641800
26899,1563400
26900,1642700
26901,1620600
26902,1663300
26903,2234900
26904,1735400
26905,1742300
26906,1761200
26907,1663500
26908,1654600
26909,1844200
26910,1682700
26911,1643700
26912,2003300
26913,1833300
26914,1824200
26915,1691300
26916,1653400
26917,1644900
26918,1580200
26919,1588200
26920,1647200
26921,1869800
26922,1906300
26923,2069700
26924,2436200
26925,1982500
26926,1783700
26927,1829200
26928,1819500
26929,1885100
26930,1950000
26931,1701800
26932,1872200
26933,1781800
26934,1845200
26935,1778300
26936,1870500
26937,1775300
26938,2189000
26939,1841000
26940,1708700
26941,1880900
26942,1976200
26943,1906800
26944,1839800
26945,1701000
26946,1915400
26947,1736100
26948,1624600
26949,1699800
26950,1711000
26951,1715600
26952,1603500
26953,1552000
26954,1645700
26955,1616600
26956,1715600
26957,1726500
26958,1554100
26959,1658200
26960,1606300
26961,1789100
26962,1685200
26963,2067800
26964,1589700
26965,1958500
26966,1938500
26967,1772100
26968,1661200
26969,1663200
26970,1888000
26971,1788400
26972,1686200
26973,1549200
26974,1676300
26975,1651200
26976,1644500
26977,1631700
26978,1526300
26979,1471500
26980,1763900
26981,1736600
26982,1696100
26983,1712600
26984,1879900
26985,1637900
26986,1695200
26987,1575500
26988,1650200
26989,1587700
26990,1855500
26991,1700400
26992,1693300
26993,1749200
26994,1630600
26995,1648000
26996,1570900
26997,1516800
26998,1619200
26999,1556300
27000,1684700
27001,1702800
27002,1636000
27003,1770100
27004,1761300
27005,1727800
27006,1664300
27007,1673900
27008,1592200
27009,1475500
27010,1931800
27011,1755900
27012,1732000
27013,1618700
27014,1643200
27015,1634500
27016,1680500
27017,1536900
27018,1597500
27019,1567700
27020,1863000
27021,1696400
27022,1889100
27023,1667400
27024,1682500
27025,1614100
27026,1598900
27027,1683300
27028,1595400
27029,1646000
27030,1909900
27031,1772500
27032,1637300
27033,1611900
27034,1562400
27035,1599000
27036,1616300
27037,1636000
27038,1545500
27039,1535700
27040,1946400
27041,1745800
27042,1579200
27043,1564900
27044,1591700
27045,1639100
27046,1506000
27047,1554200
27048,1545000
27049,1585800
27050,1728200
27051,1738300
27052,1620700
27053,1650400
27054,1585800
27055,1572000
27056,1488700
27057,1676700
27058,1593400
27059,1660500
27060,2027300
27061,1850500
27062,1674700
27063,1608700
27064,1595300
27065,1565200
27066,1561100
27067,1573400
27068,1610100
27069,1610300
27070,1883900
27071,1911400
27072,1725100
27073,1643900
27074,1527000
27075,1702800
27076,1578100
27077,1614900
27078,1606400
27079,1713500
27080,1962700
27081,1771800
27082,1546500
27083,1571700
27084,1644500
27085,1675900
27086,1515300
27087,1587000
27088,1529500
27089,1805300
27090,1723100
27091,1657100
27092,1664600
27093,1645900
27094,1751000
27095,1559900
27096,1572600
27097,1524200
27098,1779000
27099,1966000
27100,2494500
27101,1942500
27102,1967900
27103,1742000
27104,1614000
27105,1636800
27106,1653300
27107,1859600
27108,1740000
27109,1753800
27110,1610200
27111,1628500
27112,1559900
27113,1609100
27114,1611600
27115,1608600
27116,1625000
27117,1892900
27118,1730100
27119,1800800
27120,1754500
27121,1677200
27122,1559400
27123,1560700
27124,1605000
27125,1631300
27126,1680200
27127,1671500
27128,1590200
27129,1689300
27130,1669000
27131,1697300
27132,1620200
27133,1598000
27134,1535000
27135,1841200
27136,1625400
27137,1641300
27138,1652100
27139,1672200
27140,1823900
27141,1678500
27142,1628800
27143,1644500
27144,1543500
27145,1728300
27146,1583300
27147,1525500
27148,1575800
27149,1540800
27150,1671100
27151,1602100
27152,1576600
27153,1626000
27154,1619200
27155,1736700
27156,1750200
27157,1609600
27158,1621200
27159,1639700
27160,1772300
27161,1702200
27162,1596300
27163,1658900
27164,1690900
27165,1772200
27166,1541200
27167,1560100
27168,1557800
27169,1550300
27170,2007800
27171,1707600
27172,1570700
27173,1743000
27174,1750200
27175,1700400
27176,1577700
27177,1551800
27178,1658500
27179,1649400
27180,1854800
27181,1706600
27182,1585100
27183,1744400
27184,1602600
27185,1686900
27186,1527000
27187,1647600
27188,1596500
27189,1653000
27190,1774000
27191,1717800
27192,1693500
27193,1719600
27194,1623300
27195,1651800
27196,1645600
27197,1543900
27198,1556900
27199,1627200
27200,1779400
27201,1663400
27202,1887700
27203,1766100
27204,1581500
27205,1558100
27206,1588400
27207,1652800
27208,1563500
27209,1601700
27210,1909600
27211,1633500
27212,1746200
27213,1569500
27214,1599100
27215,1523200
27216,1641000
27217,1646600
27218,1519100
27219,1565300
27220,1787600
27221,1966900
27222,1723200
27223,1612400
27224,1657000
27225,1682800
27226,1623000
27227,1612900
27228,1576200
27229,1581700
27230,1848900
27231,1764200
27232,1673300
27233,1576700
27234,1595900
27235,1519800
27236,1589900
27237,1581100
27238,1656900
27239,1574400
27240,2062500
27241,1884600
27242,1660000
27243,1693600
27244,1621300
27245,1522400
27246,1586600
27247,1560000
27248,1650900
27249,1739900
27250,2383500
27251,2013400
27252,1976500
27253,1974400
27254,1837500
27255,1795100
27256,1849800
27257,1979100
27258,2245700
27259,2072500
27260,1907600
27261,2109300
27262,2303900
27263,2139800
27264,2031000
27265,2419600
27266,2405200
27267,2139100
27268,2011000
27269,2064900
27270,1957500
27271,2070100
27272,2359600
27273,2635700
27274,2222800
27275,2167200
27276,2049500
27277,1958400
27278,2068300
27279,1992200
27280,2206900
27281,2166100
27282,2503800
27283,2269300
27284,2767800
27285,2497700
27286,2313100
27287,2024000
27288,1977600
27289,2095000
27290,2455600
27291,2464600
27292,2287300
27293,2649700
27294,2083300
27295,1926800
27296,2173100
27297,2115900
27298,2026200
27299,2061800
27300,1940200
27301,2538000
27302,2105300
27303,2346900
27304,3303900
27305,2070000
27306,1966100
27307,2068800
27308,2225400
27309,2069800
27310,2082600
27311,2460800
27312,2110200
27313,2386900
27314,2043500
27315,2198400
27316,1845900
27317,1944100
27318,1973300
27319,2408800
27320,2139800
27321,1993000
27322,2030100
27323,2101500
27324,2016700
27325,1877800
27326,1916800
27327,2204400
27328,2011800
27329,1868300
27330,2819800
27331,2096200
27332,1832100
27333,1783900
27334,1884900
27335,2282600
27336,1953600
27337,1993000
27338,2189900
27339,2005500
27340,2250100
27341,1809200
27342,1732900
27343,1885900
27344,1960300
27345,1866400
27346,2089900
27347,1947200
27348,1859800
27349,1934900
27350,2203700
27351,3388100
27352,2055800
27353,1952800
27354,2120800
27355,1960500
27356,2019600
27357,2126200
27358,2031500
27359,2163300
27360,2064600
27361,2201500
27362,2379300
27363,3208100
27364,2333800
27365,1984200
27366,2081300
27367,2269900
27368,2176400
27369,1991900
27370,2143400
27371,2072500
27372,2291600
27373,2162700
27374,2308300
27375,2084100
27376,1980000
27377,1873000
27378,1897700
27379,2035100
27380,2000800
27381,2087200
27382,3218000
27383,2203000
27384,1846400
27385,1792700
27386,1974700
27387,1909800
27388,1831800
27389,2064300
27390,2233700
27391,2107400
27392,2147900
27393,1992700
27394,2188600
27395,2453300
27396,2393500
27397,2504200
27398,2690500
27399,2341700
27400,2201900
27401,2187600
27402,2374300
27403,2562400
27404,2851000
27405,2065900
27406,1875900
27407,1783200
27408,2071700
27409,1925600
27410,1864800
27411,2147000
27412,2220400
27413,2948200
27414,2029100
27415,1976400
27416,1844200
27417,1974700
27418,2250700
27419,2187700
27420,2162500
27421,2328200
27422,2139000
27423,3390200
27424,2352700
27425,3840100
27426,3337800
27427,3036800
27428,3749800
27429,4166000
27430,4352800
27431,3438800
27432,3097800
27433,3042900
27434,3081200
27435,2874600
27436,3009300
27437,1775000
27438,1619800
27439,1598700
27440,1785400
27441,1814600
27442,2137900
27443,1825200
27444,1874600
27445,2332100
27446,2353700
27447,1789900
27448,1660700
27449,1793600
27450,1991100
27451,2001900
27452,1930200
27453,2183200
27454,2209500
27455,2087600
27456,2050500
27457,2136300
27458,2393700
27459,2775100
27460,3329400
27461,2375700
27462,1982300
27463,2095000
27464,2139000
27465,1958500
27466,2037000
27467,2144100
27468,2653500
27469,2623300
27470,2134700
27471,1983900
27472,2031200
27473,2094500
27474,2004300
27475,2148800
27476,2313400
27477,2466500
27478,2610500
27479,2041300
27480,1786200
27481,1903800
27482,1876600
27483,2549700
27484,2168400
27485,2412900
27486,1835900
27487,1960500
27488,1878400
27489,1835300
27490,2025900
27491,2377300
27492,2039700
27493,2135700
27494,2101800
27495,1925000
27496,1825300
27497,1869600
27498,1835600
27499,2072700
27500,2689300
27501,1791200
27502,1749000
27503,1726300
27504,1765800
27505,1782900
27506,1659400
27507,1907000
27508,2188900
27509,2552500
27510,1909800
27511,1667500
27512,1730000
27513,1697500
27514,1755900
27515,1726600
27516,1774800
27517,2147200
27518,1934100
27519,1836200
27520,1845800
27521,1781700
27522,1837200
27523,2443700
27524,1761100
27525,1836000
27526,2108700
27527,1779500
27528,1719200
27529,1798100
27530,1832100
27531,1876000
27532,1857600
27533,2087800
27534,1881100
27535,1779200
27536,1694700
27537,1742600
27538,1683500
27539,1760700
27540,1739700
27541,1782200
27542,1978900
27543,2266700
27544,1848500
27545,1728500
27546,1705100
27547,1774400
27548,1693600
27549,1772900
27550,1867000
27551,1968200
27552,1934100
27553,2001100
27554,1848700
27555,1905200
27556,2353000
27557,2037200
27558,1785400
27559,1798300
27560,1831600
27561,1801200
27562,1864800
27563,1858700
27564,1798100
27565,1793300
27566,1999600
27567,1679600
27568,1821400
27569,1729400
27570,1756500
27571,1898200
27572,1705400
27573,1741400
27574,2008300
27575,1994200
27576,2397500
27577,1745300
27578,1738300
27579,1734700
27580,1929700
27581,1756600
27582,1782500
27583,1788300
27584,1874000
27585,1926100
27586,1909400
27587,1746100
27588,1863100
27589,2521300
27590,2461800
27591,1836600
27592,1646400
27593,1963700
27594,1864400
27595,1767300
27596,1828800
27597,1986600
27598,1933300
27599,1908200
27600,1932900
27601,1735200
27602,1826700
27603,1569800
27604,1721700
27605,1704800
27606,1927300
27607,2056500
27608,1800100
27609,2339400
27610,2174000
27611,1894200
27612,2286800
27613,2048500
27614,2681200
27615,2000600
27616,1787200
27617,1840900
27618,1945000
27619,1749000
27620,1844000
27621,1805900
27622,1982300
27623,2750200
27624,1864500
27625,1746800
27626,1837400
27627,1678500
27628,1734800
27629,1803400
27630,1749800
27631,1716900
27632,2029300
27633,2031700
27634,1810800
27635,1742100
27636,1595600
27637,1792300
27638,1746000
27639,1773900
27640,1816700
27641,2219000
27642,1942200
27643,2573600
27644,1774100
27645,1707600
27646,1654200
27647,1722700
27648,1651400
27649,1813400
27650,2026000
27651,2049100
27652,1924300
27653,1840100
27654,1799300
27655,1805200
27656,2032600
27657,2377100
27658,1980800
27659,1736700
27660,1760200
27661,1833800
27662,1707500
27663,1700900
27664,1728700
27665,1817100
27666,1786600
27667,2006400
27668,1918200
27669,1847400
27670,1593300
27671,1819000
27672,1707100
27673,1739700
27674,1798500
27675,1833200
27676,2390900
27677,2522900
27678,1799700
27679,1619900
27680,1683700
27681,1749200
27682,1737600
27683,1833800
27684,1821300
27685,2110900
27686,1978100
27687,1770900
27688,1805900
27689,1939500
27690,2243800
27691,2175000
27692,1800600
27693,1890300
27694,2119100
27695,1792800
27696,1704900
27697,1785600
27698,1842200
27699,1823000
27700,1963600
27701,1671100
27702,1740500
27703,2094300
27704,1964100
27705,1759600
27706,1797100
27707,1723800
27708,1798400
27709,1914000
27710,2529500
27711,1811500
27712,1943100
27713,1823700
27714,1740900
27715,1707700
27716,1788200
27717,1821100
27718,1772900
27719,2143500
27720,1926300
27721,2045600
27722,1927100
27723,2530000
27724,1828000
27725,1708200
27726,1611300
27727,1762500
27728,1718400
27729,1763900
27730,2036400
27731,1805100
27732,1831600
27733,1960700
27734,1670700
27735,1569000
27736,2094500
27737,1922800
27738,1983500
27739,1914000
27740,1772600
27741,1824600
27742,2001400
27743,2113500
27744,1920400
27745,1691500
27746,1701200
27747,1968800
27748,1820200
27749,1858600
27750,1777100
27751,1952700
27752,1904400
27753,1753000
27754,1801300
27755,1912600
27756,2390900
27757,2395800
27758,1861100
27759,1700900
27760,1866300
27761,2279400
27762,1741100
27763,1807900
27764,1937700
27765,1968400
27766,2077600
27767,1745900
27768,1596200
27769,1944300
27770,1877900
27771,1787400
27772,1795700
27773,1981600
27774,2004500
27775,2033000
27776,2027400
27777,1989300
27778,2042700
27779,2020900
27780,1847500
27781,1837600
27782,2174200
27783,1952200
27784,1868400
27785,2033300
27786,1959200
27787,2011700
27788,2198600
27789,2537600
27790,2160700
27791,1811000
27792,1669900
27793,1874400
27794,1859300
27795,1852200
27796,1851700
27797,2663600
27798,2400900
27799,1897600
27800,1998500
27801,1795200
27802,1849700
27803,1756000
27804,1639900
27805,1788400
27806,1817400
27807,2154400
27808,2454000
27809,1870900
27810,1757200
27811,1751700
27812,1687000
27813,1792500
27814,1843100
27815,1819600
27816,1986300
27817,2136900
27818,2047600
27819,1827300
27820,2063900
27821,2272400
27822,2078300
27823,1792500
27824,1775300
27825,2001600
27826,1936600
27827,1842200
27828,1847900
27829,1824400
27830,1878100
27831,2037900
27832,1757600
27833,2203800
27834,2038100
27835,1746800
27836,1638900
27837,1683500
27838,1846800
27839,1854600
27840,1963000
27841,2173400
27842,1951700
27843,1715900
27844,1715500
27845,1714700
27846,1758900
27847,1776600
27848,1950800
27849,1929800
27850,1888600
27851,2224800
27852,2016500
27853,1791700
27854,1964500
27855,2257200
27856,1819400
27857,1722900
27858,1660700
27859,1794600
27860,1995000
27861,1754100
27862,1717000
27863,1764100
27864,1960900
27865,1869400
27866,1756200
27867,1859200
27868,2051500
27869,1988600
27870,1819500
27871,1775300
27872,1837000
27873,1813600
27874,2247100
27875,2355400
27876,1954400
27877,2073300
27878,1832000
27879,1886000
27880,1739900
27881,1941300
27882,1771300
27883,2045500
27884,1915700
27885,1826000
27886,1962200
27887,1900900
27888,2191400
27889,2345100
27890,1773600
27891,1823500
27892,1786600
27893,1762500
27894,1796400
27895,2015500
27896,1880800
27897,1801400
27898,1985800
27899,2559000
27900,2020600
27901,1955900
27902,2029600
27903,2409000
27904,2002500
27905,1911100
27906,1800600
27907,2027300
27908,2753500
27909,1900200
27910,1736100
27911,1877800
27912,1790700
27913,1775500
27914,1863800
27915,1794500
27916,2143200
27917,1909300
27918,1905000
27919,1798700
27920,2032100
27921,2156300
27922,2299200
27923,1771200
27924,1766200
27925,1741700
27926,1716600
27927,1785000
27928,1801400
27929,1779700
27930,2015000
27931,1857400
27932,1903100
27933,1849500
27934,1747900
27935,1638500
27936,1795600
27937,1746100
27938,2021400
27939,1956000
27940,1832800
27941,2293900
27942,2410500
27943,1771700
27944,1739300
27945,1721600
27946,2155400
27947,1777600
27948,1830900
27949,1784000
27950,1975100
27951,1794700
27952,1814300
27953,1882700
27954,1777700
27955,2353800
27956,2416500
27957,1834400
27958,1853300
27959,1708900
27960,1878300
27961,1849900
27962,1714000
27963,1865800
27964,2287500
27965,2060400
27966,1890300
27967,1665200
27968,1583100
27969,1657400
27970,1956700
27971,1847900
27972,1998200
27973,2283300
27974,2641200
27975,2774900
27976,1857900
27977,1647700
27978,1629500
27979,1820900
27980,1793300
27981,1830800
27982,2038600
27983,2206600
27984,2310900
27985,2609100
27986,2023700
27987,2375300
27988,3035800
27989,3297000
27990,2178600
27991,1954900
27992,2025900
27993,1985100
27994,1899700
27995,2080500
27996,2461500
27997,2461300
27998,1899400
27999,1968900
28000,1946600
28001,1951500
28002,1950600
28003,2200900
28004,2343200
28005,2172100
28006,2706200
28007,2173100
28008,1877600
28009,1759200
28010,1716700
28011,2044900
28012,1967800
28013,1796300
28014,1741800
28015,1786800
28016,1860300
28017,1764900
28018,1911400
28019,2074500
28020,3263900
28021,2357300
28022,1790700
28023,1661100
28024,1768800
28025,1669400
28026,1698800
28027,1982900
28028,1802300
28029,2135800
28030,2164700
28031,1759000
28032,1654100
28033,1738300
28034,1784100
28035,1939100
28036,1791800
28037,1918600
28038,2057000
28039,2046300
28040,2328900
28041,1707500
28042,1682000
28043,1671400
28044,1736700
28045,1660800
28046,2077500
28047,1881700
28048,2029700
28049,1924100
28050,1839700
28051,1887000
28052,1894300
28053,2235900
28054,2479200
28055,2181500
28056,1779800
28057,1699600
28058,1678100
28059,1707600
28060,1963700
28061,1919500
28062,1896000
28063,2043900
28064,1820400
28065,1688200
28066,1644200
28067,1726800
28068,1710200
28069,1857100
28070,1776500
28071,1899700
28072,1811000
28073,2594600
28074,1844300
28075,1716400
28076,1678100
28077,1814600
28078,1834500
28079,1779300
28080,1722800
28081,1791100
28082,1974700
28083,1892600
28084,1740000
28085,1921700
28086,1952200
28087,2171300
28088,2069400
28089,1760700
28090,1669500
28091,1799500
28092,1770400
28093,1756600
28094,1786800
28095,1821700
28096,1772100
28097,2099800
28098,1793200
28099,1663300
28100,1799900
28101,1877600
28102,1726200
28103,1859700
28104,1830500
28105,1860700
28106,1996600
28107,2322500
28108,1965500
28109,1844900
28110,1708100
28111,1792800
28112,1754700
28113,1721300
28114,1805900
28115,1743100
28116,1783800
28117,1958600
28118,1924700
28119,1803100
28120,2182500
28121,2356600
28122,2203700
28123,1782300
28124,1722600
28125,1603500
28126,2055900
28127,1794900
28128,1813800
28129,1804000
28130,1925100
28131,1807600
28132,1839300
28133,1623500
28134,1717400
28135,1766400
28136,1845300
28137,2110800
28138,1960600
28139,2442400
28140,2131800
28141,2541600
28142,2169000
28143,2022600
28144,1955300
28145,1785200
28146,1800400
28147,1764500
28148,1810700
28149,1763800
28150,1910300
28151,1792500
28152,1997700
28153,1927900
28154,2046900
28155,2511700
28156,1834600
28157,1799300
28158,1674100
28159,1788100
28160,1828100
28161,2080500
28162,1925900
28163,1941300
28164,1924400
28165,1953600
28166,1718100
28167,1649700
28168,1682000
28169,1876500
28170,2371800
28171,1816700
28172,1801200
28173,1859800
28174,2042700
28175,2349200
28176,1732100
28177,1713900
28178,1708400
28179,1996100
28180,1729300
28181,1751100
28182,1765800
28183,1897300
28184,1889600
28185,1843600
28186,1872700
28187,2116700
28188,2151800
28189,2283300
28190,1693200
28191,1705600
28192,1600000
28193,1775500
28194,1831500
28195,1986700
28196,2368700
28197,2020500
28198,2097800
28199,1699600
28200,1613000
28201,1740600
28202,1847500
28203,1856600
28204,1703100
28205,1957100
28206,1928700
28207,2106400
28208,2335700
28209,1686000
28210,1707400
28211,1773200
28212,1784800
28213,1721600
28214,2052600
28215,1914900
28216,1931500
28217,1894100
28218,1793300
28219,1781500
28220,1819300
28221,2067800
28222,2440400
28223,1882000
28224,1680100
28225,1680500
28226,1823700
28227,1727600
28228,2197300
28229,1898700
28230,2146000
28231,2125500
28232,1947500
28233,1763100
28234,1695800
28235,1626100
28236,1786500
28237,1690200
28238,1801200
28239,1767600
28240,2128800
28241,2184300
28242,2095400
28243,1705000
28244,1764400
28245,1628600
28246,1717000
28247,1739300
28248,1685600
28249,1858500
28250,1963700
28251,1871000
28252,1880800
28253,2034500
28254,1869500
28255,2115700
28256,2325600
28257,1826500
28258,2013800
28259,1787500
28260,1701100
28261,1764600
28262,1766400
28263,1799200
28264,1767200
28265,1894600
28266,2031500
28267,1796900
28268,1765700
28269,1622400
28270,1937500
28271,1745300
28272,1652300
28273,1842500
28274,1854800
28275,1944000
28276,2490300
28277,1748000
28278,1701300
28279,1727000
28280,1707200
28281,1693200
28282,1823200
28283,1751200
28284,1825700
28285,2162000
28286,2155100
28287,2074500
28288,1911500
28289,1899200
28290,2113300
28291,1997400
28292,1778300
28293,1672100
28294,1671700
28295,2580600
28296,1874200
28297,1852700
28298,1931100
28299,1751100
28300,2057700
28301,1772900
28302,1779700
28303,1800400
28304,1835000
28305,1676400
28306,1805500
28307,1855300
28308,1938400
28309,2006700
28310,2244900
28311,1901300
28312,1834700
28313,1751900
28314,1718700
28315,1775700
28316,1810400
28317,1748700
28318,1905200
28319,1797400
28320,2200200
28321,2099900
28322,2035800
28323,2128600
28324,2118700
28325,1716400
28326,1639600
28327,1626900
28328,1705300
28329,2374500
28330,1831300
28331,1767300
28332,1849800
28333,1755700
28334,1958300
28335,1680900
28336,1697800
28337,1738200
28338,2056700
28339,1784900
28340,1797800
28341,1819200
28342,1801100
28343,1855200
28344,2279400
28345,1933600
28346,1878800
28347,2094100
28348,1724900
28349,1690000
28350,1864200
28351,1830500
28352,1766200
28353,1853700
28354,1907200
28355,1868100
28356,2196100
28357,2327800
28358,2164200
28359,1670000
28360,1667600
28361,1677500
28362,2102800
28363,1947300
28364,1957100
28365,1923000
28366,1750500
28367,1977900
28368,1758200
28369,1694600
28370,1771300
28371,1888900
28372,1732500
28373,1940600
28374,2027400
28375,1934900
28376,1778700
28377,2283100
28378,1754000
28379,1811000
28380,1704800
28381,1671200
28382,2037000
28383,1873500
28384,1877400
28385,1835600
28386,1749400
28387,2043300
28388,1873500
28389,1796700
28390,1955500
28391,2702800
28392,1994400
28393,1623900
28394,1661600
28395,2151400
28396,2304100
28397,1820500
28398,1842000
28399,2056800
28400,1977100
28401,2110700
28402,1832100
28403,1954300
28404,1831300
28405,1855600
28406,1849300
28407,1887500
28408,2115600
28409,2131800
28410,2453600
28411,1987900
28412,1794500
28413,1669600
28414,1722800
28415,1768900
28416,1821200
28417,2031100
28418,1850000
28419,2039800
28420,2552800
28421,1930500
28422,2037700
28423,2136800
28424,2787000
28425,2519000
28426,1853600
28427,1867600
28428,1805300
28429,1721700
28430,1729200
28431,1693200
28432,1759000
28433,2133100
28434,2203700
28435,1914100
28436,1707000
28437,1718200
28438,1750100
28439,1739400
28440,1686000
28441,1772100
28442,2169100
28443,2132700
28444,2477800
28445,1695100
28446,1687000
28447,1748500
28448,1750000
28449,1762600
28450,1853900
28451,1970900
28452,2066500
28453,1897800
28454,1926900
28455,1817800
28456,1987500
28457,2241200
28458,2216900
28459,1971300
28460,2319900
28461,2113800
28462,1845700
28463,1839200
28464,1781900
28465,1797100
28466,1834100
28467,2109000
28468,1912000
28469,2006000
28470,1858200
28471,1791000
28472,1859600
28473,1779300
28474,1836000
28475,2035600
28476,2441500
28477,2116100
28478,1727500
28479,1636500
28480,1775000
28481,1764400
28482,1631500
28483,1651700
28484,1782500
28485,2110000
28486,1969000
28487,1757200
28488,1791700
28489,1918900
28490,2273900
28491,2222400
28492,1888100
28493,2056900
28494,2626800
28495,2025900
28496,2002000
28497,1894800
28498,1839400
28499,1722200
28500,1974600
28501,2017500
28502,2018400
28503,1714800
28504,1869900
28505,1815800
28506,1793200
28507,1787000
28508,1809200
28509,2014900
28510,2979300
28511,2345900
28512,2316600
28513,2232800
28514,1994700
28515,2007900
28516,2235200
28517,2205700
28518,2492600
28519,2140600
28520,2000000
28521,2247000
28522,2537700
28523,2525100
28524,2080100
28525,2051400
28526,2163800
28527,2096400
28528,2044200
28529,2453800
28530,2235400
28531,2359500
28532,1780300
28533,1958100
28534,1751400
28535,1714300
28536,1702900
28537,1688800
28538,1759500
28539,2054900
28540,2252000
28541,2283200
28542,1944900
28543,1743300
28544,1695700
28545,1782100
28546,1670500
28547,2059300
28548,2237600
28549,2088500
28550,1873500
28551,2256800
28552,1886500
28553,1993400
28554,2219200
28555,2316600
28556,1693200
28557,1610800
28558,1576700
28559,1923700
28560,1790700
28561,1814000
28562,1866100
28563,1999500
28564,2182600
28565,1752700
28566,1701700
28567,1683500
28568,1881200
28569,1897800
28570,1740900
28571,1827200
28572,1911600
28573,1833200
28574,2281600
28575,1855400
28576,1728900
28577,1965300
28578,2008900
28579,1789200
28580,1848100
28581,1981800
28582,1900000
28583,1776300
28584,1749600
28585,1809300
28586,2008000
28587,2201700
28588,2501300
28589,1934200
28590,1769000
28591,1668000
28592,1780100
28593,1742200
28594,1798000
28595,1989200
28596,1972500
28597,2120800
28598,1780300
28599,1708000
28600,1654800
28601,1746600
28602,1766000
28603,1719100
28604,1818100
28605,2102100
28606,2113800
28607,2280500
28608,1709500
28609,1741000
28610,1594600
28611,1758800
28612,1709500
28613,1974600
28614,1860700
28615,1952800
28616,1726100
28617,1687700
28618,1756000
28619,1809100
28620,2011900
28621,2389300
28622,2069500
28623,1885800
28624,1676000
28625,1864900
28626,1742200
28627,1899100
28628,1829300
28629,2026800
28630,2162200
28631,2094800
28632,1685300
28633,1699900
28634,1604200
28635,1734800
28636,1695800
28637,1704800
28638,1773000
28639,1925000
28640,2634500
28641,2176200
28642,1748800
28643,1741300
28644,1613000
28645,1687800
28646,1756800
28647,1799500
28648,2350600
28649,2085500
28650,1852100
28651,1776500
28652,1741600
28653,1987600
28654,2231400
28655,2085700
28656,1965600
28657,1778800
28658,1699300
28659,1824400
28660,1803600
28661,1805100
28662,1934300
28663,2203700
28664,2555800
28665,2500200
28666,2597200
28667,2176700
28668,2230400
28669,1888300
28670,1915000
28671,1907300
28672,2058400
28673,2548200
28674,1733400
28675,1712600
28676,1678800
28677,1803300
28678,1733800
28679,2004800
28680,1993400
28681,1975100
28682,2039600
28683,1880700
28684,1812800
28685,1928800
28686,2208600
28687,2243100
28688,1732600
28689,1725600
28690,2215600
28691,1868300
28692,1789500
28693,1754800
28694,1810200
28695,1753600
28696,2031600
28697,1719200
28698,1580600
28699,1865500
28700,1862200
28701,1912400
28702,1789700
28703,1872600
28704,1906100
28705,2029500
28706,2346000
28707,1738000
28708,1773500
28709,1680800
28710,1799800
28711,1673700
28712,1812600
28713,2172000
28714,1902000
28715,1793600
28716,1718600
28717,2122500
28718,1925000
28719,2077600
28720,2239500
28721,1894800
28722,1728300
28723,1731900
28724,1758000
28725,1728200
28726,2191600
28727,1883300
28728,1872100
28729,1915100
28730,2048600
28731,1783700
28732,1712100
28733,1620400
28734,1747600
28735,1829600
28736,1916600
28737,1986400
28738,1975500
28739,2233000
28740,1958500
28741,1744000
28742,1716900
28743,1785300
28744,1868600
28745,1707800
28746,1958900
28747,1877200
28748,1794300
28749,1803600
28750,1681400
28751,1803200
28752,2006900
28753,2667800
28754,2493800
28755,1666900
28756,1624600
28757,1671700
28758,1841800
28759,1665000
28760,1855400
28761,2027200
28762,1935400
28763,2102400
28764,1728900
28765,1689100
28766,1747500
28767,1770500
28768,1762900
28769,1792800
28770,1977800
28771,2096100
28772,1907000
28773,2237100
28774,1825700
28775,1771600
28776,1612400
28777,1763400
28778,1817300
28779,2334700
28780,2097000
28781,1963300
28782,1861600
28783,1901300
28784,1713800
28785,1798000
28786,2085100
28787,2531200
28788,1806100
28789,1779000
28790,1624200
28791,1813300
28792,1761500
28793,1855300
28794,1866100
28795,1849300
28796,2375600
28797,1760700
28798,1657800
28799,1703400
28800,1730400
28801,1784300
28802,1703200
28803,1772600
28804,1984800
28805,2076200
28806,2558200
28807,1804400
28808,1736200
28809,1640900
28810,1733900
28811,1801900
28812,1871100
28813,1949800
28814,2012400
28815,2039400
28816,1793600
28817,1744400
28818,1843000
28819,1889900
28820,2831300
28821,1985800
28822,1751300
28823,1803400
28824,1754500
28825,1691100
28826,1730700
28827,1814900
28828,1808500
28829,1881300
28830,2041900
28831,1653900
28832,1965800
28833,1725800
28834,1834500
28835,1707900
28836,1876000
28837,1788700
28838,2097300
28839,2479300
28840,2673400
28841,2195000
28842,2286700
28843,2167900
28844,1899100
28845,2043400
28846,2100300
28847,2020000
28848,2112400
28849,2029700
28850,1973500
28851,1950500
28852,2891600
28853,3032800
28854,2043600
28855,1890300
28856,1926500
28857,2178900
28858,2014200
28859,2112300
28860,1925300
28861,1911200
28862,2095000
28863,2121700
28864,2254900
28865,1894500
28866,1977100
28867,1930600
28868,1862900
28869,1800300
28870,1771500
28871,1796200
28872,2519200
28873,1950800
28874,1706200
28875,1800700
28876,1737000
28877,1728300
28878,1753100
28879,1773900
28880,1833200
28881,1957100
28882,1938700
28883,1847500
28884,2014400
28885,2151500
28886,2349000
28887,1761300
28888,1778400
28889,1687500
28890,2015300
28891,1795600
28892,1978700
28893,2042300
28894,1880100
28895,1768100
28896,1830300
28897,1700500
28898,1721500
28899,1782600
28900,1806000
28901,1814900
28902,1631900
28903,1763200
28904,1808400
28905,1943400
28906,2304300
28907,1821300
28908,2069900
28909,1699400
28910,1841100
28911,1774200
28912,1849100
28913,1779000
28914,1744900
28915,1857000
28916,1896800
28917,1934400
28918,1992900
28919,2653600
28920,2649000
28921,1813500
28922,1814300
28923,1832300
28924,1735200
28925,2287500
28926,1989300
28927,1900200
28928,1844000
28929,1958800
28930,1988300
28931,1807100
28932,1670600
28933,1630300
28934,1910500
28935,1906700
28936,1690300
28937,1745700
28938,1896100
28939,2060700
28940,2969200
28941,2102000
28942,2180400
28943,2027700
28944,2072100
28945,1925700
28946,1935500
28947,1905700
28948,1902600
28949,1768500
28950,1868300
28951,1938300
28952,1912500
28953,2186800
28954,2096800
28955,1707000
28956,1678400
28957,1614300
28958,1768000
28959,2136500
28960,1954000
28961,1832800
28962,1780900
28963,1895400
28964,2012300
28965,1711400
28966,1675000
28967,1733400
28968,2049500
28969,1842200
28970,1752400
28971,1758900
28972,1768300
28973,1935400
28974,2343800
28975,1819400
28976,1697700
28977,1957300
28978,1944600
28979,1722100
28980,1746300
28981,1767500
28982,1829100
28983,1920800
28984,2173500
28985,1851300
28986,2066000
28987,2181500
28988,2371400
28989,1776800
28990,1668700
28991,1577400
28992,1854000
28993,1770700
28994,1818700
28995,2007500
28996,1952300
28997,1778500
28998,1877400
28999,1715700
29000,1607300
29001,1694800
29002,1643400
29003,1690100
29004,1837800
29005,1899000
29006,1905400
29007,1840700
29008,2288800
29009,1859900
29010,1760900
29011,1706600
29012,1856200
29013,2333500
29014,2238000
29015,2096300
29016,2102000
29017,1862400
29018,1896500
29019,1727200
29020,1789200
29021,2043200
29022,2350400
29023,2117300
29024,1694700
29025,1964800
29026,2021100
29027,1726600
29028,1784100
29029,1835200
29030,2264200
29031,2047700
29032,2105200
29033,1780200
29034,1886100
29035,1685800
29036,2246800
29037,2250500
29038,2349900
29039,2046100
29040,2164600
29041,2723900
29042,2352500
29043,1799400
29044,1972100
29045,2147400
29046,2345300
29047,2041100
29048,2034300
29049,2253500
29050,2515000
29051,2138300
29052,2152800
29053,2320200
29054,2861300
29055,2570800
29056,1895500
29057,1851200
29058,1808600
29059,1843400
29060,1690700
29061,2167300
29062,1910800
29063,1966400
29064,1925600
29065,1687500
29066,1638800
29067,1590200
29068,1773000
29069,1698000
29070,2099300
29071,2037800
29072,2158700
29073,2248400
29074,2530000
29075,1950500
29076,1705400
29077,1728200
29078,1891300
29079,1900000
29080,1864200
29081,1904900
29082,1927300
29083,1882600
29084,1878800
29085,1785300
29086,1819400
29087,2675200
29088,2575200
29089,1754100
29090,1720100
29091,1751600
29092,1727900
29093,1684400
29094,1795900
29095,1777000
29096,2288000
29097,2067500
29098,1964200
29099,1827800
29100,1770400
29101,1698100
29102,1749200
29103,1709400
29104,1792200
29105,2100700
29106,1884900
29107,2295300
29108,1940200
29109,1655500
29110,1621200
29111,1867700
29112,1755600
29113,1897600
29114,2119300
29115,1900700
29116,1821500
29117,1871400
29118,1755600
29119,1788400
29120,1936300
29121,2536800
29122,2018000
29123,1804800
29124,1739300
29125,1750700
29126,1706000
29127,1663300
29128,1770100
29129,1751000
29130,1964500
29131,2233300
29132,1931800
29133,1710000
29134,1747900
29135,1754000
29136,1728200
29137,1666200
29138,1756800
29139,1969800
29140,2106700
29141,2484200
29142,1654000
29143,1732100
29144,1596200
29145,1857400
29146,1703800
29147,1878200
29148,1881300
29149,1762200
29150,1985500
29151,1819600
29152,1898600
29153,1750100
29154,1916000
29155,2304500
29156,2232800
29157,1754000
29158,1875800
29159,1756300
29160,1704800
29161,1813300
29162,1697100
29163,1754000
29164,1887900
29165,1802600
29166,1860600
29167,1909500
29168,1818700
29169,1712200
29170,1898500
29171,1814500
29172,1955400
29173,1892600
29174,1756200
29175,1836500
29176,2616500
29177,1814800
29178,1710600
29179,1725500
29180,1875400
29181,1931600
29182,1811200
29183,1819000
29184,1851600
29185,2340100
29186,1973400
29187,1813700
29188,1897300
29189,2630500
29190,2250100
29191,1681700
29192,1655800
29193,1668600
29194,1845700
29195,1802400
29196,1823900
29197,2110200
29198,2303500
29199,2722100
29200,2068800
29201,2045900
29202,1878700
29203,1855200
29204,2028700
29205,1857700
29206,1798800
29207,1821200
29208,1762000
29209,2229400
29210,1862700
29211,1787700
29212,1742600
29213,2147100
29214,1871900
29215,1726000
29216,1935000
29217,1839700
29218,1803700
29219,1973600
29220,1863500
29221,1988500
29222,2082400
29223,2378400
29224,1751600
29225,1628500
29226,1751000
29227,1794800
29228,1940600
29229,1920400
29230,1882200
29231,1939800
29232,1726300
29233,1910200
29234,1714000
29235,1720500
29236,1599100
29237,1951700
29238,1903600
29239,1948000
29240,1874200
29241,1858800
29242,2066900
29243,2048700
29244,1662400
29245,1679400
29246,2178200
29247,2050000
29248,1829500
29249,1719000
29250,1952100
29251,1824300
29252,1748800
29253,1822900
29254,1805600
29255,2285700
29256,2221600
29257,2035400
29258,1856800
29259,1694400
29260,1731800
29261,1740800
29262,1727300
29263,2057200
29264,1925800
29265,1868100
29266,2049000
29267,1741700
29268,1617700
29269,1664300
29270,1739300
29271,1799500
29272,1942700
29273,2147100
29274,1852600
29275,1929800
29276,2289700
29277,1870300
29278,1729500
29279,1720300
29280,1726000
29281,1785600
29282,1825000
29283,1785000
29284,1859600
29285,1787700
29286,1823400
29287,1813600
29288,1815300
29289,1931100
29290,2425000
29291,2405600
29292,1766700
29293,1696100
29294,1647500
29295,1721100
29296,1739400
29297,1955600
29298,1890300
29299,2108900
29300,2006300
29301,1740400
29302,1716600
29303,1643200
29304,1646200
29305,1719400
29306,2813900
29307,2013000
29308,2113800
29309,1902400
29310,2153600
29311,1758900
29312,1767400
29313,1615100
29314,2046400
29315,1788800
29316,1789900
29317,2080300
29318,1883600
29319,1911700
29320,1791500
29321,1808300
29322,1988000
29323,2196200
29324,2150300
29325,1872200
29326,1717800
29327,1646200
29328,1753300
29329,1697900
29330,1765900
29331,1990400
29332,1942300
29333,1958900
29334,2019000
29335,1887400
29336,1742300
29337,1687800
29338,1806400
29339,2111700
29340,2177600
29341,2174200
29342,1987800
29343,2651900
29344,1828800
29345,1762200
29346,1690300
29347,2087600
29348,1896400
29349,1899200
29350,1776400
29351,2049900
29352,2192000
29353,2038900
29354,1904700
29355,2034300
29356,2106700
29357,2491700
29358,2064000
29359,2400300
29360,1957600
29361,1867400
29362,2065300
29363,2178600
29364,2154900
29365,2364800
29366,2616500
29367,2478800
29368,1875800
29369,1872700
29370,1912200
29371,1822100
29372,1926300
29373,2027600
29374,1826000
29375,2313000
29376,2626400
29377,2266000
29378,1926500
29379,1895300
29380,2092300
29381,2036000
29382,2036200
29383,2241800
29384,1967300
29385,2187500
29386,2049800
29387,1903500
29388,2062600
29389,2037400
29390,2915100
29391,2777200
29392,1797400
29393,1702800
29394,1688100
29395,1778000
29396,1810900
29397,1733700
29398,1882400
29399,2417300
29400,2489800
29401,1975800
29402,1897400
29403,2095100
29404,2038600
29405,1991300
29406,1975700
29407,2085200
29408,2248100
29409,2266600
29410,1917300
29411,1759300
29412,1666000
29413,1620500
29414,1778300
29415,1733900
29416,2449300
29417,2019300
29418,1886100
29419,1879300
29420,1850600
29421,1855800
29422,2052300
29423,2425700
29424,2269100
29425,1720800
29426,1699900
29427,1762600
29428,1852400
29429,1728200
29430,1699300
29431,1717600
29432,1882800
29433,2187400
29434,1879500
29435,1713900
29436,1735600
29437,1648400
29438,1755400
29439,1713700
29440,1681000
29441,1904300
29442,2367100
29443,2367000
29444,2465100
29445,1817700
29446,1815200
29447,1674700
29448,1815000
29449,2027100
29450,2181800
29451,1951600
29452,1913500
29453,1856500
29454,1869100
29455,1840200
29456,1856400
29457,2821200
29458,3131800
29459,2115700
29460,1911600
29461,2044500
29462,2239500
29463,1746400
29464,1982500
29465,2061400
29466,2233600
29467,1872100
29468,1762200
29469,1617500
29470,1685300
29471,1729300
29472,1711400
29473,2057200
29474,2034400
29475,1885900
29476,2360600
29477,2062400
29478,1728200
29479,1693700
29480,1786600
29481,1772800
29482,1807000
29483,1704900
29484,1880300
29485,2159600
29486,1940100
29487,1815000
29488,1907300
29489,1954000
29490,2338900
29491,2188400
29492,1816000
29493,1756900
29494,1748300
29495,1714400
29496,1730000
29497,1701700
29498,1943400
29499,2055700
29500,1987800
29501,1718400
29502,2049000
29503,1837000
29504,1859900
29505,1738300
29506,1845800
29507,1868900
29508,1802800
29509,1779100
29510,2316000
29511,2005300
29512,1793400
29513,1656300
29514,2013800
29515,1782000
29516,1832300
29517,1758700
29518,1815700
29519,1985100
29520,2031400
29521,1835900
29522,1843800
29523,2003900
29524,2262800
29525,2110100
29526,2023800
29527,1997800
29528,2333100
29529,2077900
29530,2486100
29531,2749700
29532,2290900
29533,2224900
29534,2490800
29535,2073500
29536,1699000
29537,1713400
29538,1926000
29539,1758500
29540,1734900
29541,1843200
29542,1828400
29543,2015700
29544,2579100
29545,1817600
29546,1773700
29547,1619700
29548,1810500
29549,1707500
29550,1769300
29551,1785800
29552,2049000
29553,2030300
29554,2285400
29555,2247600
29556,2800300
29557,3099000
29558,2194200
29559,1744000
29560,2191800
29561,1972600
29562,1896500
29563,1963200
29564,2133700
29565,2539400
29566,2352000
29567,2126500
29568,2276400
29569,1937600
29570,1847900
29571,2152500
29572,1985000
29573,1947400
29574,1936600
29575,1961300
29576,2533800
29577,2985900
29578,2389300
29579,2049100
29580,2142900
29581,2081200
29582,1933500
29583,2671900
29584,2133800
29585,1978100
29586,1923300
29587,1866600
29588,1720100
29589,2058900
29590,2385700
29591,2829900
29592,2017000
29593,1817100
29594,1853000
29595,1877100
29596,1710900
29597,1819700
29598,1935900
29599,1861900
29600,2263100
29601,1687300
29602,1691100
29603,1615900
29604,1732600
29605,1784800
29606,1785800
29607,2032300
29608,1913100
29609,2211600
29610,2294200
29611,1746100
29612,1678500
29613,1665500
29614,1765500
29615,1949500
29616,1843900
29617,1890800
29618,2595000
29619,1901600
29620,1872600
29621,1885800
29622,1951600
29623,2445100
29624,2355900
29625,1704500
29626,1737300
29627,1724700
29628,1691800
29629,1810000
29630,1722000
29631,1934600
29632,1977500
29633,1852700
29634,1877500
29635,1885300
29636,1760000
29637,1653400
29638,1800600
29639,1665200
29640,1930000
29641,1856700
29642,1788500
29643,1915600
29644,2712000
29645,1808600
29646,1707000
29647,1811400
29648,1679900
29649,1758300
29650,1707900
29651,1748700
29652,2055500
29653,2001900
29654,1855700
29655,1775800
29656,1848000
29657,2310900
29658,2417900
29659,1742500
29660,1643400
29661,1604100
29662,1936700
29663,1791700
29664,1716900
29665,2048600
29666,2072700
29667,2026100
29668,1759600
29669,1632600
29670,1659500
29671,1799600
29672,1746700
29673,1689800
29674,1855200
29675,1803400
29676,1947000
29677,2099300
29678,2171400
29679,1886000
29680,1837300
29681,1644200
29682,1845700
29683,1694100
29684,1684900
29685,1775100
29686,1878000
29687,1878000
29688,2115100
29689,1902300
29690,1850700
29691,2182500
29692,2445800
29693,1768200
29694,1648700
29695,1699800
29696,1730600
29697,1912200
29698,1924200
29699,2038200
29700,2362700
29701,2065200
29702,1804700
29703,1662400
29704,1628600
29705,1604200
29706,1785200
29707,1807200
29708,1777800
29709,1815300
29710,1863500
29711,1873100
29712,2322100
29713,1792300
29714,1719000
29715,1842400
29716,2200500
29717,2012600
29718,2400900
29719,2039000
29720,2317300
29721,1922000
29722,1914000
29723,2112600
29724,2075500
29725,2056700
29726,2380400
29727,1827500
29728,1712400
29729,1728100
29730,1647700
29731,1697700
29732,2147400
29733,1790000
29734,1893900
29735,1824400
29736,2005600
29737,1840700
29738,1663000
29739,1695600
29740,1803200
29741,2093200
29742,1808000
29743,1743900
29744,1794100
29745,2119000
29746,2270000
29747,1730600
29748,1706100
29749,1836200
29750,2063900
29751,1818600
29752,1752900
29753,1817500
29754,2079800
29755,1924200
29756,1819800
29757,1895000
29758,2231200
29759,2346800
29760,2218300
29761,1935500
29762,2018800
29763,1942500
29764,2181700
29765,2205800
29766,2556800
29767,2346400
29768,1926500
29769,2129600
29770,1678100
29771,1613900
29772,1650800
29773,1762300
29774,1749200
29775,1958300
29776,1921300
29777,1944700
29778,1813700
29779,2307100
29780,1918300
29781,1765200
29782,1630000
29783,1879900
29784,1897000
29785,1773000
29786,1791900
29787,1776400
29788,1944900
29789,1940500
29790,1836600
29791,1818000
29792,2302100
29793,2706200
29794,1928300
29795,1681100
29796,1671400
29797,1842600
29798,1770600
29799,1731300
29800,1746500
29801,1966400
29802,1949300
29803,2090100
29804,1760300
29805,1632900
29806,1814800
29807,1743100
29808,1706600
29809,1717000
29810,2006000
29811,2216300
29812,1935700
29813,2329000
29814,1818100
29815,1752200
29816,1568800
29817,1792800
29818,1699900
29819,2215100
29820,2018600
29821,1918100
29822,1836200
29823,1859800
29824,1863600
29825,1917500
29826,2064300
29827,2536800
29828,1767700
29829,1675900
29830,1820700
29831,1784600
29832,1814100
29833,1764000
29834,1767500
29835,1913900
29836,1925900
29837,2276700
29838,1722500
29839,1801900
29840,1588700
29841,1814500
29842,1729100
29843,1745700
29844,1888900
29845,1959500
29846,1931200
29847,2375900
29848,2032700
29849,1947800
29850,1807600
29851,1814100
29852,1761600
29853,1839500
29854,2138300
29855,2183700
29856,2357000
29857,2786700
29858,2708400
29859,2108100
29860,2211400
29861,2142300
29862,2133400
29863,2073100
29864,1881800
29865,1807200
29866,1799600
29867,1890100
29868,1905000
29869,1902000
29870,2464300
29871,1813800
29872,1657600
29873,1597300
29874,1731800
29875,1684900
29876,1728800
29877,1725800
29878,1732200
29879,2636400
29880,3056900
29881,2147600
29882,2195600
29883,2500900
29884,2071800
29885,1862800
29886,2451600
29887,2343600
29888,2134900
29889,2061500
29890,1867700
29891,2153400
29892,2380200
29893,3437200
29894,2368000
29895,1949300
29896,2002600
29897,2023500
29898,2105400
29899,2040600
29900,2245100
29901,2876100
29902,1987800
29903,1731100
29904,1654600
29905,1817600
29906,1808800
29907,1689900
29908,1952200
29909,2035700
29910,2143000
29911,2355300
29912,1722000
29913,1707300
29914,1662000
29915,1932000
29916,1832700
29917,1926600
29918,1947400
29919,2003600
29920,1846400
29921,1765100
29922,1811400
29923,1749000
29924,2121500
29925,2386900
29926,1770600
29927,1828600
29928,1717800
29929,1725100
29930,1766200
29931,1803500
29932,1866400
29933,2295100
29934,3213200
29935,3032000
29936,2389200
29937,1820300
29938,1644200
29939,1762800
29940,1809800
29941,2879300
29942,2854900
29943,3097300
29944,1916200
29945,1697200
29946,1708600
29947,1755700
29948,1744200
29949,1804700
29950,1731600
29951,2185900
29952,2038200
29953,1823000
29954,1841700
29955,1787900
29956,3119000
29957,3457500
29958,2835100
29959,2329100
29960,2060700
29961,1869700
29962,2565500
29963,3668400
29964,2908500
29965,2974600
29966,2271500
29967,2070800
29968,2906800
29969,2961400
29970,2435100
29971,1934800
29972,1971500
29973,1854000
29974,2218100
29975,2462600
29976,1695400
29977,1709500
29978,1680600
29979,1930000
29980,2028100
29981,1819700
29982,1812400
29983,2522400
29984,2745800
29985,2457700
29986,2020000
29987,2121600
29988,2196400
29989,2528100
29990,2521000
29991,2344400
29992,2143200
29993,1810800
29994,1817400
29995,1904500
29996,1940300
29997,1993000
29998,3045900
29999,2342300
30000,1939100
30001,1752200
30002,1754200
30003,1906900
30004,2084800
30005,2769000
30006,2833000
30007,3000600
30008,1862400
30009,1576600
30010,1847700
30011,1989100
30012,2048400
30013,1808400
30014,1917000
30015,1946400
30016,1858200
30017,1751700
30018,1719300
30019,2068900
30020,2518500
30021,2416200
30022,1797100
30023,1767700
30024,1644200
30025,1794000
30026,1980000
30027,2049000
30028,2686200
30029,3537200
30030,3366000
30031,3007800
30032,1797800
30033,1992700
30034,2377500
30035,2048400
30036,1836100
30037,1860000
30038,2042800
30039,2070700
30040,2102500
30041,2447700
30042,2698300
30043,2320300
30044,2058900
30045,1762200
30046,1726700
30047,1760700
30048,2013400
30049,2180600
30050,1999600
30051,1839000
30052,1844000
30053,2129900
30054,2480700
30055,1842700
30056,1962900
30057,3160800
30058,3548500
30059,3188800
30060,2161100
30061,2440600
30062,2368500
30063,2497100
30064,2189200
30065,1830200
30066,1897200
30067,1864200
30068,1803600
30069,2239900
30070,3012300
30071,3592200
30072,3523100
30073,2419800
30074,1909000
30075,2295400
30076,3454200
30077,3561400
30078,2311900
30079,2028900
30080,2013500
30081,2408700
30082,3198800
30083,3069900
30084,2681100
30085,2156000
30086,2110800
30087,2365700
30088,2642700
30089,2553900
30090,2873200
30091,2377900
30092,1765700
30093,1838900
30094,2053700
30095,2913100
30096,2535000
30097,2059100
30098,1886300
30099,1920900
30100,2072000
30101,1785600
30102,2295700
30103,2430700
30104,2330300
30105,1889400
30106,2058000
30107,1929600
30108,1833500
30109,2239300
30110,2791400
30111,2486200
30112,2490500
30113,2154300
30114,1988600
30115,2303000
30116,2223600
30117,2062400
30118,2012600
30119,1850400
30120,1967100
30121,2113000
30122,2029400
30123,2098300
30124,2561700
30125,2531700
30126,2347800
30127,1765200
30128,1939900
30129,1971800
30130,1943300
30131,1920000
30132,2728000
30133,2441300
30134,2157300
30135,1696000
30136,1989500
30137,1962300
30138,2163100
30139,1970700
30140,1677000
30141,1628000
30142,1732600
30143,1805700
30144,1670900
30145,1761600
30146,1882200
30147,2225100
30148,3254200
30149,2773300
30150,2217800
30151,1801400
30152,1940600
30153,2281400
30154,2583300
30155,3262700
30156,2954200
30157,2146200
30158,1744500
30159,1823600
30160,2366700
30161,1915100
30162,2141000
30163,2133000
30164,1725400
30165,1670400
30166,1595000
30167,1719800
30168,1735100
30169,2588500
30170,2974600
30171,2830900
30172,2295900
30173,2116400
30174,1784700
30175,1952100
30176,2130500
30177,2049900
30178,1857300
30179,1947000
30180,2078400
30181,2545000
30182,2103400
30183,2676200
30184,3339800
30185,2957900
30186,2499000
30187,2238900
30188,2502900
30189,2266300
30190,2197900
30191,2107200
30192,19174400
30193,2851800
30194,3413500
30195,3991000
30196,3625800
30197,3643900
30198,5723700
30199,4605900
30200,3471300
30201,6287900
30202,13368900
30203,8734600
30204,6651500
30205,3031900
30206,2546500
30207,3200800
30208,4372000
30209,3682200
30210,2655300
30211,3701400
30212,5496700
30213,9921900
30214,3138400
30215,2551900
30216,6538100
30217,8217900
30218,3952900
30219,2342600
30220,2342600
30221,3052100
30222,2639000
30223,2224800
30224,3726000
30225,2328700
30226,3384300
30227,2920200
30228,2479000
30229,2967500
30230,7155300
30231,4005800
30232,2735700
30233,3496900
30234,2439800
30235,2414700
30236,2482900
30237,2494600
30238,2237800
30239,2097000
30240,2585600
30241,2255100
30242,2274100
30243,3565900
30244,4090000
30245,3181300
30246,2720300
30247,2404900
30248,3150700
30249,3294200
30250,2782900
30251,2031300
30252,2317600
30253,2353800
30254,2042100
30255,2035800
30256,2032800
30257,1962200
30258,1989200
30259,1982200
30260,2767600
30261,3032800
30262,2735100
30263,2741900
30264,1787900
30265,1833000
30266,1967300
30267,2304300
30268,2577700
30269,2271600
30270,1878000
30271,1675600
30272,1597400
30273,1524500
30274,1655000
30275,1746100
30276,2630900
30277,2618700
30278,2423600
30279,1677600
30280,1594200
30281,1603000
30282,1609400
30283,1597600
30284,1980200
30285,1762600
30286,1624000
30287,1540700
30288,1634100
30289,1652700
30290,1595100
30291,1609000
30292,1567800
30293,1739400
30294,2869700
30295,2515500
30296,1868800
30297,1611200
30298,1642000
30299,1587000
30300,1556900
30301,1806100
30302,2613500
30303,2693700
30304,1955900
30305,1646200
30306,1583300
30307,1597400
30308,1540300
30309,1548600
30310,1840000
30311,1685300
30312,1690900
30313,1758800
30314,1680500
30315,1704800
30316,1504200
30317,1619400
30318,1571500
30319,1952600
30320,1745200
30321,1642700
30322,1705600
30323,1544600
30324,1646700
30325,1604100
30326,1542600
30327,1575000
30328,1857500
30329,2538400
30330,2262500
30331,2112600
30332,1649600
30333,1651100
30334,1609600
30335,1599200
30336,1754400
30337,2315400
30338,2278500
30339,1968000
30340,1711700
30341,1703400
30342,1624300
30343,1578400
30344,1537000
30345,1867900
30346,1663000
30347,1681400
30348,1629700
30349,1650500
30350,2025700
30351,1664900
30352,1648600
30353,1639100
30354,1750400
30355,1577100
30356,1618200
30357,1590600
30358,1487200
30359,1650200
30360,1626700
30361,1609100
30362,1630500
30363,1538700
30364,2075200
30365,2523400
30366,2078100
30367,1734700
30368,1607900
30369,1845800
30370,1715400
30371,1606400
30372,1924200
30373,2713500
30374,2247300
30375,1907200
30376,1487000
30377,1678200
30378,1840000
30379,1700900
30380,2017300
30381,3648000
30382,3452900
30383,2489800
30384,2256500
30385,1983700
30386,1757900
30387,1708000
30388,1775400
30389,1613200
30390,1636800
30391,1698300
30392,1645900
30393,1686900
30394,1902900
30395,1824700
30396,2299000
30397,2346200
30398,1990800
30399,1666100
30400,1532800
30401,1605400
30402,1559900
30403,1730600
30404,1722200
30405,1645000
30406,1655600
30407,1577700
30408,1627800
30409,1640500
30410,1572000
30411,1666200
30412,1614200
30413,2123600
30414,2729500
30415,2111300
30416,1861700
30417,1592000
30418,1588200
30419,1539100
30420,1665400
30421,1858900
30422,1809300
30423,1674500
30424,1676400
30425,1639700
30426,1556300
30427,1571500
30428,1579000
30429,1675500
30430,1546700
30431,1604400
30432,2887400
30433,2373600
30434,1907900
30435,1671600
30436,1611700
30437,1560800
30438,1597100
30439,1545200
30440,1901900
30441,2261100
30442,1724700
30443,1643400
30444,1758600
30445,1652300
30446,1593800
30447,1605000
30448,1637400
30449,2097500
30450,3275500
30451,2302200
30452,1737500
30453,1565600
30454,1622600
30455,1557700
30456,1590400
30457,1818200
30458,1673500
30459,1957800
30460,1675100
30461,1775600
30462,1465000
30463,1636700
30464,1553400
30465,1579100
30466,1663600
30467,2436000
30468,2488300
30469,2010200
30470,1649200
30471,1599200
30472,1619400
30473,1565800
30474,1824300
30475,1729400
30476,1579400
30477,1704500
30478,2026400
30479,1742400
30480,1596500
30481,1685100
30482,1624300
30483,1754800
30484,2496400
30485,2212900
30486,1880900
30487,1695400
30488,1692700
30489,1596400
30490,1630000
30491,1611300
30492,1734500
30493,1676400
30494,1633900
30495,1605200
30496,1756000
30497,1670800
30498,1631600
30499,1675500
30500,1591600
30501,1832200
30502,2692900
30503,4032500
30504,3231900
30505,2032100
30506,1841600
30507,1945100
30508,2904600
30509,3173700
30510,2695400
30511,2077500
30512,2005800
30513,1895700
30514,2087200
30515,2874500
30516,2586100
30517,2227600
30518,2071500
30519,1837100
30520,1792100
30521,2016600
30522,2020700
30523,1860200
30524,1787900
30525,1772200
30526,1742700
30527,2316700
30528,1915200
30529,1950500
30530,1857000
30531,1788200
30532,1912800
30533,1794400
30534,1839100
30535,1890900
30536,1869200
30537,1722500
30538,2462400
30539,3266300
30540,3025700
30541,2315500
30542,1814900
30543,1997800
30544,2020100
30545,2536300
30546,2726700
30547,2581400
30548,1829100
30549,1777700
30550,1959400
30551,2001800
30552,1939800
30553,1815800
30554,1707200
30555,1761600
30556,1701300
30557,1656200
30558,1804800
30559,1810600
30560,2252000
30561,1948300
30562,1751500
30563,1728300
30564,1797800
30565,1748000
30566,1823000
30567,1717300
30568,1848400
30569,2046700
30570,2865200
30571,2677500
30572,2185500
30573,1840100
30574,1708300
30575,1792800
30576,2142500
30577,2928100
30578,2926900
30579,2445200
30580,1703700
30581,1786200
30582,1825500
30583,1699800
30584,2049500
30585,1857500
30586,1670800
30587,1792600
30588,1680500
30589,1801900
30590,1776000
30591,1729800
30592,1783400
30593,1901700
30594,1905800
30595,1790700
30596,1822000
30597,1807400
30598,1783000
30599,1740900
30600,1928500
30601,2008200
30602,2909200
30603,2953100
30604,2458300
30605,1711200
30606,1709100
30607,1765500
30608,1733800
30609,2234000
30610,3926400
30611,2798100
30612,1987400
30613,1841700
30614,1825300
30615,1651900
30616,1900400
30617,2101900
30618,1937800
30619,1738800
30620,1754200
30621,1738800
30622,1748200
30623,1711600
30624,1739600
30625,1704800
30626,1801200
30627,2128800
30628,1742900
30629,1820900
30630,1752000
30631,1723700
30632,2094000
30633,2543200
30634,2955300
30635,3085000
30636,1947700
30637,1687600
30638,1725000
30639,1719200
30640,1907500
30641,1724400
30642,2446500
30643,2941100
30644,2843900
30645,1977500
30646,2211200
30647,4319500
30648,4538100
30649,4869900
30650,3712800
30651,3041200
30652,2573700
30653,2796900
30654,2669800
30655,2579700
30656,2885900
30657,2593900
30658,2526000
30659,3855800
30660,2202700
30661,1978300
30662,1835000
30663,1710500
30664,1535400
30665,1587600
30666,1564600
30667,1690800
30668,1941500
30669,1670700
30670,1657700
30671,1854100
30672,2206900
30673,2308100
30674,2069200
30675,1613300
30676,1827100
30677,1786600
30678,1708500
30679,1654900
30680,1701800
30681,1584000
30682,1616900
30683,1618400
30684,1568000
30685,1634600
30686,1892800
30687,1940200
30688,1726400
30689,1896600
30690,2627600
30691,2105500
30692,1780100
30693,1785100
30694,1792600
30695,1774100
30696,1763600
30697,1666000
30698,1732300
30699,1549800
30700,1597900
30701,1608100
30702,1623500
30703,1666200
30704,1641800
30705,1729100
30706,1779300
30707,2303500
30708,2168700
30709,2027400
30710,1568700
30711,1639200
30712,1652900
30713,1545800
30714,1618400
30715,2109600
30716,2127100
30717,1952700
30718,1934500
30719,1965200
30720,2007400
30721,1940000
30722,2159700
30723,3346200
30724,3382000
30725,2787500
30726,1921900
30727,1962700
30728,1940300
30729,2565700
30730,2142400
30731,1970000
30732,1941500
30733,2014200
30734,1930400
30735,2249100
30736,2268500
30737,3392900
30738,3247200
30739,2891600
30740,2000300
30741,2112600
30742,2345100
30743,2468400
30744,2108000
30745,2091300
30746,2231400
30747,2191700
30748,1902200
30749,1690500
30750,2040000
30751,2914000
30752,2337500
30753,1737400
30754,1594900
30755,1620700
30756,1587100
30757,1617700
30758,1665700
30759,1587900
30760,1794600
30761,1733100
30762,1637700
30763,1737300
30764,1548600
30765,1580200
30766,1626900
30767,1885300
30768,2995300
30769,3378000
30770,2762600
30771,1696400
30772,1743500
30773,1796500
30774,1878400
30775,1832200
30776,1921200
30777,2039100
30778,1735300
30779,1819700
30780,1747700
30781,1785100
30782,1723500
30783,1847000
30784,2672900
30785,2973000
30786,3202700
30787,1862700
30788,1760600
30789,1725600
30790,1771900
30791,1628400
30792,1633000
30793,1630100
30794,1682500
30795,1882300
30796,1558800
30797,1647000
30798,1590400
30799,1883800
30800,2664500
30801,2178400
30802,1917000
30803,1863800
30804,1553400
30805,1680400
30806,1680400
30807,1714300
30808,1690200
30809,1605100
30810,1635300
30811,1658000
30812,1675300
30813,1712200
30814,1534300
30815,1634400
30816,1666200
30817,2077000
30818,2430300
30819,2131300
30820,1741300
30821,1631000
30822,1684600
30823,1688400
30824,1627200
30825,1924800
30826,1736100
30827,1604800
30828,1622500
30829,1617600
30830,1677700
30831,1611500
30832,2033100
30833,1608500
30834,1967800
30835,2478700
30836,2171700
30837,1711000
30838,1593200
30839,1684900
30840,1651200
30841,1727400
30842,1764000
30843,1703400
30844,1633800
30845,1558500
30846,1594000
30847,1598500
30848,1580400
30849,1576100
30850,1617900
30851,1698800
30852,1711100
30853,2453300
30854,2162300
30855,1884900
30856,1604500
30857,1621200
30858,1608700
30859,1523700
30860,1631000
30861,2298000
30862,1746600
30863,1667500
30864,1675500
30865,1539800
30866,1698500
30867,1613700
30868,1695600
30869,1655000
30870,2003800
30871,2639600
30872,2071100
30873,1888800
30874,1537600
30875,1648600
30876,1629700
30877,1621800
30878,1638000
30879,1820600
30880,1689500
30881,1545500
30882,1534300
30883,1605100
30884,1633700
30885,1614900
30886,1675900
30887,1619700
30888,1765400
30889,3017300
30890,3191600
30891,2237500
30892,1730700
30893,1632900
30894,1545900
30895,2079000
30896,2963500
30897,2281400
30898,2008000
30899,1863500
30900,1798200
30901,1715700
30902,1649300
30903,1992600
30904,2802900
30905,2621700
30906,1986100
30907,1658300
30908,1739600
30909,1708200
30910,1592400
30911,1713300
30912,1600100
30913,1771200
30914,1718900
30915,1660300
30916,1639400
30917,1582100
30918,1653000
30919,1716800
30920,1695500
30921,1643800
30922,1676800
30923,2028500
30924,1733100
30925,1719500
30926,1653700
30927,1691500
30928,1635400
30929,1766600
30930,2451300
30931,2280800
30932,2312600
30933,1692500
30934,1578200
30935,1680400
30936,1628700
30937,2091300
30938,2377500
30939,2175300
30940,1996300
30941,1804500
30942,1668200
30943,1715400
30944,1693400
30945,1630600
30946,1732300
30947,1658300
30948,1655300
30949,1681100
30950,1686600
30951,1669200
30952,1637100
30953,1596500
30954,1543100
30955,1817500
30956,1848800
30957,1970300
30958,1773600
30959,1701700
30960,1873300
30961,1814400
30962,1607100
30963,1621900
30964,1796100
30965,2476500
30966,2593400
30967,2334600
30968,1950600
30969,1943500
30970,1657500
30971,1653900
30972,2159200
30973,2230900
30974,2243800
30975,1558400
30976,1596400
30977,1794700
30978,1693300
30979,1689000
30980,1721700
30981,1622200
30982,1701800
30983,1593200
30984,1613500
30985,1530300
30986,1571700
30987,1865800
30988,1812700
30989,1906100
30990,1744300
30991,1738800
30992,1683900
30993,1661100
30994,1571300
30995,1477500
30996,1506200
30997,1829900
30998,1716300
30999,1766900
31000,2515000
31001,2298900
31002,1834800
31003,1598300
31004,1608500
31005,1700300
31006,1802000
31007,1883600
31008,1766400
31009,1666800
31010,1714300
31011,1638200
31012,1556400
31013,1639300
31014,2332900
31015,1938300
31016,2000900
31017,3178600
31018,3243300
31019,2775200
31020,2135800
31021,2087900
31022,2552800
31023,2069400
31024,1929800
31025,1826900
31026,1826400
31027,1819200
31028,1843100
31029,1765700
31030,1736900
31031,2744100
31032,3110200
31033,2732100
31034,1849400
31035,1780700
31036,1859600
31037,1768200
31038,2249300
31039,1902900
31040,1730200
31041,1688500
31042,1683600
31043,1863300
31044,1790100
31045,1777000
31046,1979200
31047,3340800
31048,2819600
31049,1827400
31050,1860100
31051,1649100
31052,1669600
31053,1691700
31054,2358200
31055,3304900
31056,2616300
31057,1929900
31058,1725400
31059,1589500
31060,1611300
31061,1741200
31062,2919800
31063,3090900
31064,2598600
31065,2001400
31066,1998900
31067,1871100
31068,1864800
31069,1679600
31070,1890400
31071,1855700
31072,1665900
31073,1496400
31074,1552000
31075,1516000
31076,1640300
31077,1740000
31078,2403200
31079,2457700
31080,2234200
31081,1707800
31082,1717700
31083,1645400
31084,1650000
31085,1703400
31086,1712700
31087,1639700
31088,1593400
31089,1741700
31090,1667300
31091,1611500
31092,1509300
31093,1644200
31094,1559100
31095,1830200
31096,2483300
31097,2068500
31098,2104100
31099,1755400
31100,1665100
31101,1518000
31102,1632800
31103,1616800
31104,1678500
31105,1603400
31106,1644000
31107,1663100
31108,1696300
31109,1667500
31110,1723000
31111,1543200
31112,1645600
31113,1803100
31114,2619900
31115,2243900
31116,2194500
31117,1869600
31118,1671800
31119,1644100
31120,1573200
31121,1656800
31122,1698400
31123,1589600
31124,1624900
31125,1626200
31126,1615900
31127,1897100
31128,1620700
31129,1641600
31130,1692800
31131,2191200
31132,2412700
31133,2174600
31134,1605600
31135,2055100
31136,2075400
31137,1746700
31138,2165400
31139,1817900
31140,1696300
31141,1543300
31142,1717100
31143,1656800
31144,1618200
31145,1718800
31146,1652200
31147,1728400
31148,2383200
31149,2160800
31150,1918100
31151,1596000
31152,1645200
31153,1557900
31154,2389900
31155,2259400
31156,1688200
31157,1657900
31158,1703500
31159,1573000
31160,1597200
31161,1724600
31162,1632500
31163,1928600
31164,1830600
31165,2183000
31166,2443700
31167,2110300
31168,1654100
31169,1576000
31170,1674600
31171,1611200
31172,1714400
31173,1749600
31174,1662800
31175,1691500
31176,1634800
31177,1532200
31178,1593400
31179,1584900
31180,1675200
31181,1604400
31182,1876500
31183,2287300
31184,2439600
31185,2101600
31186,1672900
31187,1654700
31188,1661300
31189,1602700
31190,1575800
31191,2003900
31192,1877300
31193,1731800
31194,1739900
31195,1571400
31196,1647600
31197,1634700
31198,1504800
31199,1601300
31200,1713500
31201,2800000
31202,2736300
31203,3077100
31204,2209000
31205,1879300
31206,1760500
31207,1838600
31208,2826000
31209,2367800
31210,2033600
31211,1678100
31212,1715400
31213,1656800
31214,1593200
31215,1784300
31216,1624500
31217,1784500
31218,1645400
31219,1554900
31220,1650100
31221,1532100
31222,1617900
31223,1583200
31224,1564300
31225,1953700
31226,3031500
31227,2518400
31228,1977900
31229,1607400
31230,1654800
31231,1652000
31232,1638100
31233,2142400
31234,2181100
31235,2148000
31236,1885300
31237,1887700
31238,1784200
31239,1636500
31240,1666300
31241,1734900
31242,2619700
31243,2411500
31244,2062500
31245,1652600
31246,1665600
31247,1495900
31248,1629400
31249,1582500
31250,2010600
31251,1634800
31252,1606600
31253,1745500
31254,1666900
31255,1679200
31256,1627100
31257,1611500
31258,1879400
31259,2326600
31260,2252000
31261,1926100
31262,1711600
31263,1711200
31264,1665300
31265,1643000
31266,1630000
31267,1706100
31268,1611500
31269,1573800
31270,1614100
31271,1564700
31272,1784500
31273,1680800
31274,1650000
31275,1593200
31276,1666000
31277,2220000
31278,2328500
31279,2066500
31280,1660400
31281,1894900
31282,1634100
31283,1604900
31284,1612000
31285,1658100
31286,1597900
31287,1603300
31288,1658900
31289,1648200
31290,1610400
31291,1962300
31292,1841000
31293,1659900
31294,1899700
31295,2442700
31296,2199400
31297,1892600
31298,1649300
31299,1607900
31300,1897300
31301,1670600
31302,1730600
31303,1823800
31304,1632800
31305,1580400
31306,1608300
31307,1588100
31308,1584000
31309,1717600
31310,1773800
31311,1678800
31312,2096700
31313,2513600
31314,2092300
31315,1805300
31316,1635700
31317,1693000
31318,1716700
31319,1941000
31320,1721700
31321,2501600
31322,2250700
31323,1868800
31324,1527900
31325,1685300
31326,1600700
31327,1629400
31328,2042300
31329,2364500
31330,2242200
31331,2034100
31332,1572500
31333,1645800
31334,1491200
31335,1687100
31336,1663500
31337,1892300
31338,1607700
31339,1648400
31340,1582800
31341,1530100
31342,1629400
31343,1678100
31344,1573100
31345,1610000
31346,2043400
31347,2732200
31348,2313100
31349,1999500
31350,1640500
31351,1593000
31352,1598800
31353,1542700
31354,1679000
31355,1941600
31356,1924500
31357,1857800
31358,1628000
31359,1760200
31360,1735900
31361,1652500
31362,1677600
31363,1985000
31364,1930400
31365,1894600
31366,1833300
31367,1614300
31368,1601400
31369,1629900
31370,1663000
31371,1745100
31372,2621500
31373,3699100
31374,2581900
31375,1939000
31376,1651800
31377,1647800
31378,1565500
31379,1763600
31380,2435500
31381,3014700
31382,2397800
31383,1719300
31384,1611000
31385,1622700
31386,1677100
31387,1726400
31388,1633300
31389,1583900
31390,1713100
31391,1703800
31392,1558100
31393,1607100
31394,1583200
31395,1587400
31396,1667000
31397,1728800
31398,1597100
31399,1632500
31400,1830300
31401,1836400
31402,1594300
31403,1586900
31404,1502200
31405,1657300
31406,1859400
31407,2455300
31408,2271700
31409,2369000
31410,1728300
31411,1641100
31412,1646500
31413,1630300
31414,1810800
31415,2488200
31416,2268000
31417,1929600
31418,1749700
31419,1620200
31420,1672300
31421,1778800
31422,1546900
31423,2093700
31424,2373700
31425,2139000
31426,1564200
31427,1774700
31428,1679000
31429,1739100
31430,1638400
31431,2064800
31432,1970000
31433,1871500
31434,1945800
31435,2115600
31436,2038500
31437,1706500
31438,1560000
31439,2028200
31440,2870000
31441,2669300
31442,2195600
31443,1726500
31444,1903700
31445,1715200
31446,1763400
31447,1750800
31448,1602700
31449,1717900
31450,1730300
31451,1646100
31452,1734300
31453,1783800
31454,1821800
31455,1879700
31456,2434700
31457,2230800
31458,1977500
31459,1639600
31460,1526800
31461,1634600
31462,1683400
31463,1599700
31464,1908700
31465,1840100
31466,1582700
31467,1634400
31468,1551600
31469,1590700
31470,1599900
31471,1564700
31472,1746900
31473,2477800
31474,3364800
31475,2844600
31476,1931500
31477,1804600
31478,1654400
31479,1660400
31480,1683900
31481,1697200
31482,1602800
31483,1682400
31484,1602300
31485,1595900
31486,1678700
31487,1629200
31488,1580300
31489,1616300
31490,2104400
31491,2701100
31492,2509200
31493,2162800
31494,1721000
31495,1612900
31496,1564500
31497,1751100
31498,1844900
31499,1681900
31500,1558700
31501,1764800
31502,1629800
31503,1606200
31504,1586500
31505,1645700
31506,1704200
31507,1797500
31508,2560500
31509,2582400
31510,2227500
31511,1561100
31512,1529300
31513,1560900
31514,1592100
31515,1516700
31516,1677800
31517,1859200
31518,1639000
31519,1652200
31520,1614100
31521,1621500
31522,1616900
31523,1544500
31524,1675500
31525,1659600
31526,2647400
31527,3000500
31528,2250800
31529,1628500
31530,1470100
31531,1614500
31532,1627700
31533,1847000
31534,1636600
31535,1869400
31536,1696700
31537,1603000
31538,1567900
31539,1573600
31540,1678200
31541,1557000
31542,1612300
31543,1699400
31544,1628800
31545,1613400
31546,1759600
31547,1724400
31548,1737200
31549,2155100
31550,1834800
31551,1706500
31552,2223400
31553,3152500
31554,2296600
31555,1636800
31556,1631500
31557,1575200
31558,1550900
31559,1594900
31560,2344300
31561,3504600
31562,3896400
31563,2827600
31564,1927600
31565,1987800
31566,1743600
31567,1772100
31568,1834700
31569,2001000
31570,2067800
31571,1749900
31572,1801700
31573,2054000
31574,1908500
31575,1812500
31576,1852500
31577,1894400
31578,2190200
31579,1993200
31580,1730300
31581,1736500
31582,2063000
31583,2928500
31584,2693000
31585,2201600
31586,2160100
31587,1764500
31588,1943300
31589,2128200
31590,2409700
31591,2174800
31592,1725900
31593,1685300
31594,1811600
31595,1719800
31596,1646800
31597,1860700
31598,2891900
31599,2639200
31600,2203200
31601,1746900
31602,1708200
31603,1737300
31604,1628100
31605,1839400
31606,1507000
31607,1589500
31608,1606700
31609,1640900
31610,1654600
31611,1671200
31612,1985600
31613,1806400
31614,2123400
31615,2650500
31616,2163900
31617,1816200
31618,1655800
31619,1628700
31620,1571200
31621,1919200
31622,1812500
31623,2341600
31624,2206500
31625,1988600
31626,1639700
31627,1662400
31628,1709500
31629,1592400
31630,2080300
31631,2422900
31632,2374700
31633,1988800
31634,1598200
31635,1632100
31636,1600500
31637,1590400
31638,1605100
31639,1994600
31640,1915700
31641,1738900
31642,1634300
31643,1633300
31644,1630300
31645,1682000
31646,1599900
31647,1528100
31648,1895500
31649,2620400
31650,2526800
31651,2079200
31652,1614300
31653,1703900
31654,1548500
31655,1673300
31656,1689400
31657,2427200
31658,2486800
31659,2089100
31660,1611700
31661,1587700
31662,1636300
31663,1588400
31664,1574300
31665,1916400
31666,2884800
31667,2281700
31668,1877800
31669,1669900
31670,1615800
31671,1564700
31672,1528100
31673,1884300
31674,1799700
31675,1774500
31676,1660100
31677,1569100
31678,1773700
31679,1587900
31680,1614100
31681,1635800
31682,1867600
31683,2298000
31684,2714400
31685,2222000
31686,1713800
31687,1574200
31688,1545800
31689,1611800
31690,1508600
31691,1706600
31692,1633500
31693,1732700
31694,1699500
31695,1655800
31696,1640200
31697,1551800
31698,1611000
31699,1609300
31700,1740300
31701,2505900
31702,2457800
31703,2261900
31704,1690000
31705,1752200
31706,1584400
31707,1596700
31708,1542900
31709,1929300
31710,1710600
31711,1659400
31712,1736600
31713,1761900
31714,1639200
31715,1595300
31716,1535400
31717,1680000
31718,2318500
31719,2419700
31720,2092300
31721,2008300
31722,1673000
31723,1710500
31724,1584000
31725,1601000
31726,1717800
31727,2431500
31728,2244000
31729,1937200
31730,1792300
31731,1637300
31732,1646200
31733,1545200
31734,1652900
31735,2520900
31736,3521500
31737,3779800
31738,2240500
31739,2410100
31740,1937000
31741,1656700
31742,1701600
31743,1560600
31744,1488000
31745,1657800
31746,1907300
31747,1785900
31748,1695600
31749,1593500
31750,1971800
31751,2528300
31752,2382000
31753,3000400
31754,2320500
31755,2031300
31756,1915300
31757,1766400
31758,1648800
31759,1632800
31760,1680000
31761,1689000
31762,1743700
31763,1826000
31764,1767700
31765,1623900
31766,1996500
31767,2469900
31768,2167300
31769,1673300
31770,1638800
31771,1526900
31772,1776700
31773,1698600
31774,1703900
31775,1664500
31776,1643500
31777,1636800
31778,1498900
31779,1698000
31780,1577100
31781,1676900
31782,1743800
31783,1649400
31784,2094700
31785,3394000
31786,2581400
31787,1908200
31788,1650100
31789,1625100
31790,1690600
31791,1843600
31792,2195000
31793,2391700
31794,2018800
31795,1655500
31796,1594100
31797,1534200
31798,1612700
31799,1768700
31800,2048700
31801,2743600
31802,2276500
31803,1919000
31804,1648300
31805,1573800
31806,1636700
31807,1663500
31808,1836700
31809,1778900
31810,1648600
31811,1668300
31812,1662600
31813,1669800
31814,1638000
31815,1709300
31816,1548900
31817,1727900
31818,2657600
31819,2370500
31820,2061300
31821,1616800
31822,1613400
31823,1664700
31824,1585500
31825,1478300
31826,1633200
31827,2058400
31828,1756100
31829,1695700
31830,1561900
31831,1661500
31832,1679200
31833,1619400
31834,1595600
31835,1741200
31836,3751500
31837,3755700
31838,2044300
31839,1694600
31840,1687600
31841,1610100
31842,1733500
31843,1767900
31844,1766800
31845,1642100
31846,1749500
31847,1688300
31848,1603200
31849,1561100
31850,1594800
31851,1798200
31852,2499100
31853,2785100
31854,2206600
31855,1652100
31856,1556400
31857,1573200
31858,1630900
31859,1688700
31860,1644400
31861,1648100
31862,1658600
31863,1754000
31864,1688600
31865,1685700
31866,1573900
31867,1646700
31868,1837500
31869,2410000
31870,2240600
31871,2128600
31872,1688800
31873,1638100
31874,1662600
31875,1554600
31876,1784900
31877,1703500
31878,1620500
31879,1586400
31880,1578700
31881,1755500
31882,1809100
31883,1679400
31884,1634800
31885,1614100
31886,2027000
31887,1644000
31888,1582200
31889,1659200
31890,1640500
31891,1829500
31892,1704500
31893,1608100
31894,1618800
31895,1861800
31896,2791000
31897,2371800
31898,1886400
31899,1686700
31900,1882300
31901,1724700
31902,1643800
31903,1650500
31904,1689900
31905,1675300
31906,1646700
31907,1610500
31908,1558200
31909,1855100
31910,1709000
31911,1578500
31912,2180800
31913,2523100
31914,2293600
31915,1837400
31916,1665900
31917,1711500
31918,1999500
31919,1731600
31920,1750900
31921,1713600
31922,1701100
31923,1615600
31924,1639500
31925,1517700
31926,1661900
31927,1540400
31928,1673300
31929,1702700
31930,2303700
31931,2370200
31932,2059900
31933,1666200
31934,1720000
31935,1544800
31936,1664500
31937,1757000
31938,1824800
31939,1670700
31940,1632100
31941,1662900
31942,1596700
31943,1629000
31944,1544600
31945,1532700
31946,1702900
31947,2205100
31948,2514400
31949,2279200
31950,2057900
31951,1709900
31952,1658400
31953,1597700
31954,1594100
31955,1573500
31956,1875100
31957,1674700
31958,1542300
31959,1628800
31960,1616100
31961,1573200
31962,1662800
31963,1689400
31964,1506300
31965,1605200
31966,2442000
31967,2470500
31968,2074200
31969,1684600
31970,1693800
31971,1567700
31972,1649400
31973,1619700
31974,1859000
31975,2282900
31976,1859100
31977,1950900
31978,1788500
31979,1676700
31980,1557300
31981,1524700
31982,1921200
31983,2911500
31984,3235400
31985,2365000
31986,1868200
31987,1689100
31988,1603700
31989,1644000
31990,1752700
31991,1674600
31992,1754500
31993,1724200
31994,1764000
31995,1597700
31996,1647800
31997,1656200
31998,1618400
31999,1668600
32000,1567800
32001,1613300
32002,1842500
32003,1675200
32004,1620000
32005,1652500
32006,1554100
32007,1626100
32008,1625200
32009,2098000
32010,2383300
32011,3193300
32012,1727900
32013,1674100
32014,1640000
32015,1539500
32016,1677800
32017,2279600
32018,2365700
32019,2446100
32020,1773900
32021,1609900
32022,1535500
32023,1550800
32024,1455400
32025,1750400
32026,1662500
32027,1716400
32028,1629200
32029,1829900
32030,1845200
32031,1638100
32032,1644900
32033,1578700
32034,1704900
32035,1729100
32036,1970100
32037,1563300
32038,1610700
32039,2003800
32040,1867500
32041,1893100
32042,1989600
32043,2224500
32044,3669500
32045,4414300
32046,2353400
32047,1646400
32048,1733300
32049,1782900
32050,2601900
32051,2135600
32052,1887900
32053,1645600
32054,1894700
32055,1913700
32056,1596000
32057,1624300
32058,1709300
32059,1642000
32060,1653100
32061,1600700
32062,1613700
32063,1591900
32064,1782300
32065,1643500
32066,1701000
32067,1971900
32068,1984100
32069,1973000
32070,1673700
32071,1661800
32072,1722900
32073,1680100
32074,1617900
32075,1594400
32076,2186100
32077,2481200
32078,2116600
32079,1712800
32080,1581100
32081,1709200
32082,1759300
32083,1656500
32084,1894500
32085,2169100
32086,1841700
32087,1729100
32088,1704700
32089,1593000
32090,2489900
32091,1719200
32092,1789000
32093,2344700
32094,2199000
32095,1967600
32096,1691300
32097,1524100
32098,1715100
32099,1590800
32100,2015300
32101,1871300
32102,2069500
32103,1990100
32104,2148600
32105,1819300
32106,1719300
32107,1701000
32108,1787400
32109,2029900
32110,1822600
32111,1730400
32112,1719800
32113,1966000
32114,1757300
32115,1834800
32116,1759400
32117,1816700
32118,2378800
32119,1863000
32120,1982800
32121,1840400
32122,1918100
32123,1791300
32124,1716900
32125,1668300
32126,2276000
32127,2604300
32128,2329600
32129,1899700
32130,1711600
32131,1644400
32132,1519800
32133,1564200
32134,1647000
32135,2097800
32136,1771600
32137,1590300
32138,1704100
32139,1716400
32140,1616200
32141,1623600
32142,1619500
32143,1582300
32144,2063600
32145,2253300
32146,1775800
32147,1678900
32148,1728800
32149,1637100
32150,1599900
32151,1587600
32152,1723300
32153,1924300
32154,2732900
32155,2420200
32156,1753600
32157,1611800
32158,1609700
32159,1705600
32160,1667200
32161,1856900
32162,3110600
32163,2542000
32164,1949700
32165,1594300
32166,1634600
32167,1579500
32168,1622600
32169,1778200
32170,1643300
32171,1782400
32172,1813700
32173,1662300
32174,1658900
32175,1608500
32176,1481700
32177,1537700
32178,1976100
32179,2541700
32180,2210200
32181,2055700
32182,1640800
32183,1661300
32184,1588300
32185,1526100
32186,1693300
32187,2298700
32188,2460900
32189,2419800
32190,1831900
32191,1585700
32192,1676100
32193,1577000
32194,1648700
32195,2264200
32196,2340600
32197,2036200
32198,1664200
32199,1713800
32200,1537400
32201,1698800
32202,1608700
32203,1653400
32204,1586000
32205,1563100
32206,1540200
32207,1616300
32208,1659800
32209,1675200
32210,1675900
32211,1559800
32212,1636000
32213,1714800
32214,1627000
32215,1615500
32216,1577600
32217,1703600
32218,1571900
32219,1668100
32220,1565800
32221,1650700
32222,1682100
32223,2259300
32224,2291000
32225,2008700
32226,1618900
32227,1619400
32228,1999300
32229,1725100
32230,1748400
32231,2193500
32232,2263500
32233,2035500
32234,1753200
32235,1697200
32236,1623400
32237,1706500
32238,1651800
32239,1962900
32240,2563800
32241,2146300
32242,1819700
32243,1634900
32244,1639500
32245,1597700
32246,1791100
32247,1840300
32248,1964400
32249,1652200
32250,1624200
32251,1729700
32252,1646600
32253,1590800
32254,1552900
32255,1844800
32256,2001700
32257,2574700
32258,2164800
32259,1719800
32260,1724100
32261,1620500
32262,1525400
32263,1636600
32264,1682900
32265,1797100
32266,1682500
32267,1567700
32268,1661000
32269,1561100
32270,1647000
32271,1532000
32272,1526000
32273,1559200
32274,1855600
32275,2513700
32276,2371300
32277,2030300
32278,1816100
32279,1772500
32280,1666900
32281,1603200
32282,1892500
32283,3000900
32284,2517200
32285,2184700
32286,1707200
32287,1626100
32288,1560000
32289,1595000
32290,1731100
32291,2692700
32292,2425900
32293,1900700
32294,1619600
32295,1608100
32296,1584200
32297,1535700
32298,1598000
32299,1745600
32300,1826200
32301,1753500
32302,1563200
32303,1683200
32304,1611000
32305,1634000
32306,1608100
32307,1602300
32308,1933000
32309,2851700
32310,3087900
32311,3255300
32312,2034800
32313,1744000
32314,1608500
32315,2341200
32316,2485700
32317,2734700
32318,1891900
32319,1660800
32320,1650100
32321,1640900
32322,1667400
32323,1810300
32324,1592900
32325,1658200
32326,1721200
32327,1664100
32328,1709200
32329,1632500
32330,1550300
32331,1668300
32332,1698100
32333,2578100
32334,2165200
32335,2166900
32336,1873800
32337,1663700
32338,1574300
32339,1572400
32340,1842600
32341,1643100
32342,1513800
32343,1600900
32344,1668100
32345,1918400
32346,1629100
32347,1626800
32348,1651800
32349,1626600
32350,1852500
32351,2494600
32352,2231400
32353,1989800
32354,1758500
32355,1674600
32356,1695900
32357,1652900
32358,1652200
32359,1616600
32360,1592100
32361,1740800
32362,1702300
32363,1646500
32364,1796100
32365,1613200
32366,1650600
32367,1830900
32368,2779500
32369,3682300
32370,2933000
32371,2069800
32372,1747800
32373,1721400
32374,1700500
32375,1668900
32376,1663200
32377,1668400
32378,1574400
32379,1619400
32380,1764300
32381,1774700
32382,1664600
32383,1980700
32384,3049700
32385,2874200
32386,2211500
32387,1749300
32388,1812400
32389,1770800
32390,1819700
32391,1699500
32392,1769400
32393,1672300
32394,1716400
32395,1696000
32396,1709400
32397,1772100
32398,1845600
32399,1667400
32400,2548400
32401,3050200
32402,3278400
32403,2235800
32404,1690200
32405,1777900
32406,1700000
32407,1733900
32408,1638200
32409,1608400
32410,1685200
32411,1642100
32412,1628600
32413,1604100
32414,1637400
32415,1771800
32416,1902400
32417,1660700
32418,1737400
32419,1596100
32420,1652800
32421,1508400
32422,1595300
32423,1506700
32424,1498500
32425,2023500
32426,2598100
32427,2347900
32428,2002100
32429,1659600
32430,1623700
32431,1575000
32432,1625000
32433,1631300
32434,2291000
32435,2725800
32436,2166500
32437,1806800
32438,1658700
32439,1600600
32440,1735000
32441,1526500
32442,1924900
32443,2802000
32444,2293700
32445,1857000
32446,1657700
32447,1658200
32448,1561100
32449,1590100
32450,1791400
32451,1929000
32452,1802700
32453,1634200
32454,1696500
32455,1608100
32456,1657300
32457,1644600
32458,1558800
32459,1582200
32460,1892200
32461,3367900
32462,2535600
32463,1907600
32464,1707000
32465,1691900
32466,1641800
32467,1768900
32468,1677700
32469,1757400
32470,1810800
32471,1660300
32472,1593300
32473,1661500
32474,1566300
32475,1536100
32476,1656000
32477,1904400
32478,2717000
32479,2754600
32480,1984900
32481,1683900
32482,1580200
32483,1601600
32484,1633400
32485,1747700
32486,1694900
32487,1556500
32488,1655100
32489,1696000
32490,1612800
32491,1595600
32492,1656500
32493,1516100
32494,1857400
32495,2803900
32496,2450700
32497,2355500
32498,1726000
32499,1677000
32500,1614600
32501,1695100
32502,1663700
32503,1506200
32504,1663800
32505,1584600
32506,1714300
32507,1724400
32508,1610700
32509,1566400
32510,1644300
32511,1674300
32512,2351100
32513,3980700
32514,4224100
32515,2410500
32516,1870800
32517,2157300
32518,2461700
32519,2138700
32520,1895800
32521,1862000
32522,1840300
32523,1633300
32524,1586700
32525,1966800
32526,1971400
32527,1682400
32528,1690800
32529,1766600
32530,1678300
32531,1746200
32532,1734900
32533,1628900
32534,2280900
32535,2550700
32536,2270800
32537,1724200
32538,1671700
32539,1887300
32540,1763300
32541,1657300
32542,1732200
32543,1650600
32544,1640200
32545,1689300
32546,1654500
32547,1527900
32548,1593500
32549,1616600
32550,1818500
32551,1922200
32552,2618300
32553,2353500
32554,2003200
32555,1560500
32556,1587200
32557,1669900
32558,1692500
32559,1586900
32560,1865000
32561,1631500
32562,1517600
32563,1541800
32564,1609800
32565,1567000
32566,1623100
32567,1617500
32568,1707100
32569,1848000
32570,2627200
32571,2254700
32572,1998100
32573,1707000
32574,1622300
32575,1563800
32576,1774800
32577,2543000
32578,3005500
32579,2989500
32580,2109800
32581,1731000
32582,1712400
32583,1638200
32584,1886100
32585,2629700
32586,2517100
32587,2532500
32588,2004500
32589,1702800
32590,1612200
32591,1541400
32592,2130500
32593,2181800
32594,1777300
32595,1639100
32596,1692500
32597,1572800
32598,1593700
32599,1556600
32600,1575700
32601,2020200
32602,2000700
32603,1704600
32604,1615900
32605,1603200
32606,1579100
32607,1609500
32608,1601400
32609,1669000
32610,1867200
32611,2484400
32612,2983800
32613,2262900
32614,1698400
32615,1623400
32616,1709100
32617,1654500
32618,1681500
32619,2486200
32620,2522000
32621,2059600
32622,1767500
32623,1544100
32624,1608200
32625,1616900
32626,1731100
32627,2279900
32628,3058300
32629,2373500
32630,1685100
32631,1644400
32632,1603500
32633,1596200
32634,1788100
32635,1937500
32636,1704600
32637,1699100
32638,1784000
32639,1631900
32640,1579600
32641,1610300
32642,1674600
32643,1540200
32644,2195100
32645,3163800
32646,3782500
32647,2711200
32648,1860000
32649,1787500
32650,2268300
32651,3059800
32652,3110300
32653,2374400
32654,1819900
32655,1748200
32656,1805500
32657,1861100
32658,1836500
32659,1771900
32660,2081900
32661,2197800
32662,1916000
32663,1710400
32664,1732600
32665,2015700
32666,3019100
32667,2800400
32668,2181000
32669,1991500
32670,1656900
32671,1636900
32672,1690200
32673,1701600
32674,1621800
32675,1558100
32676,1643400
32677,1641600
32678,1744400
32679,1724400
32680,1616300
32681,1663200
32682,2144500
32683,3149400
32684,2660000
32685,2124400
32686,1862300
32687,1699800
32688,1571200
32689,1628300
32690,1631300
32691,1487000
32692,1617500
32693,1517500
32694,1638300
32695,1691300
32696,1962500
32697,1771900
32698,1668200
32699,1934100
32700,2477800
32701,2141900
32702,1798700
32703,1677900
32704,1591800
32705,1818800
32706,1705500
32707,1723900
32708,2558300
32709,2150400
32710,2054800
32711,1650200
32712,1673200
32713,1558600
32714,1791200
32715,1906900
32716,1672800
32717,1648500
32718,1732800
32719,1585400
32720,1597100
32721,1501900
32722,1578500
32723,1562100
32724,1750700
32725,1879600
32726,3363000
32727,3496300
32728,2549400
32729,2351700
32730,1991400
32731,2004300
32732,1703300
32733,1611800
32734,1674900
32735,1582900
32736,1626100
32737,1627500
32738,1640800
32739,1588000
32740,1721800
32741,2375800
32742,2392600
32743,2100300
32744,1587400
32745,1538600
32746,1626700
32747,1569900
32748,1609000
32749,1663800
32750,2562700
32751,2228100
32752,1910900
32753,1625500
32754,1656000
32755,1656200
32756,1870400
32757,1880900
32758,1937400
32759,1941400
32760,1711200
32761,1656100
32762,1776300
32763,1622600
32764,1629600
32765,1656700
32766,1616800
32767,1768000
32768,1832900
32769,1613200
32770,1661800
32771,1583500
32772,1523400
32773,1633600
32774,1552400
32775,1633400
32776,1799900
32777,1647700
32778,1867600
32779,2068700
32780,1957600
32781,1664100
32782,1632500
32783,1555100
32784,1665600
32785,1664200
32786,1663700
32787,1684300
32788,1981700
32789,1638900
32790,1730000
32791,1592700
32792,1585600
32793,1653700
32794,1748000
32795,1690700
32796,1626800
32797,1629200
32798,1775700
32799,1652700
32800,1649400
32801,1642300
32802,1610400
32803,1652300
32804,1781900
32805,2455100
32806,2185600
32807,2108100
32808,1736600
32809,1662000
32810,1690600
32811,1674700
32812,1815400
32813,2297400
32814,2381700
32815,2153800
32816,1814500
32817,1619300
32818,1689500
32819,1593600
32820,1565300
32821,1894900
32822,1782900
32823,1600300
32824,1892500
32825,2080500
32826,1787500
32827,1727000
32828,1599700
32829,1680000
32830,1784000
32831,1588700
32832,1551400
32833,1873600
32834,2151900
32835,1825700
32836,1698400
32837,1612700
32838,1764700
32839,1685600
32840,1711900
32841,1574800
32842,1657300
32843,1666900
32844,1746100
32845,1600800
32846,1622000
32847,1583400
32848,1576000
32849,1687500
32850,1662300
32851,1696400
32852,1615200
32853,1573200
32854,1869500
32855,1820300
32856,1661800
32857,1679300
32858,1881800
32859,1716600
32860,2277900
32861,1958500
32862,1836300
32863,1844300
32864,1716500
32865,1579400
32866,1680000
32867,1628300
32868,1620400
32869,1548900
32870,1670900
32871,1504000
32872,1644400
32873,1704800
32874,1708700
32875,1587600
32876,1777900
32877,1594200
32878,1534000
32879,1626800
32880,1651600
32881,1543000
32882,1580400
32883,1559500
32884,2003300
32885,1856300
32886,1641400
32887,1672500
32888,1567500
32889,1681300
32890,1652100
32891,1631600
32892,1672500
32893,1804000
32894,1713000
32895,2237700
32896,2407000
32897,2116700
32898,1797000
32899,1612300
32900,1715300
32901,1497700
32902,1838900
32903,1887100
32904,2557100
32905,2128000
32906,1865200
32907,1668800
32908,1659100
32909,1664800
32910,1701800
32911,1767700
32912,2776200
32913,2515300
32914,2296100
32915,1750000
32916,1660300
32917,1592200
32918,1623200
32919,1548300
32920,1989900
32921,1613900
32922,1629600
32923,1523900
32924,1643700
32925,1568600
32926,1740800
32927,1656300
32928,1651400
32929,1768100
32930,1786500
32931,1728000
32932,1604600
32933,1671500
32934,1628400
32935,1603300
32936,1663500
32937,1584200
32938,1626800
32939,1739200
32940,1762300
32941,1658300
32942,1642800
32943,1625100
32944,1588800
32945,1613500
32946,1602400
32947,1477800
32948,1590700
32949,2025900
32950,1853600
32951,1633100
32952,1606900
32953,1606000
32954,1678600
32955,1595700
32956,1555600
32957,1596100
32958,1664700
32959,1784300
32960,1789900
32961,1750100
32962,1681000
32963,1684000
32964,1598200
32965,1618900
32966,1614600
32967,1594000
32968,1631300
32969,1658800
32970,1674800
32971,1687500
32972,1675000
32973,1563500
32974,1604600
32975,1574300
32976,1609800
32977,1557700
32978,1775400
32979,1761400
32980,1722500
32981,1637400
32982,1709300
32983,1558500
32984,1685900
32985,1593000
32986,1537200
32987,1830800
32988,1819500
32989,1634000
32990,2143800
32991,1611400
32992,1838800
32993,2041500
32994,1994300
32995,1900900
32996,1759400
32997,1668100
32998,1637400
32999,1668200
33000,1618800
33001,1643300
33002,1658600
33003,1549000
33004,1658000
33005,1825300
33006,1647000
33007,1554200
33008,1658300
33009,1728800
33010,1630900
33011,1565500
33012,1661100
33013,1697600
33014,1626200
33015,1867800
33016,1789100
33017,1673300
33018,1583200
33019,2026300
33020,1692600
33021,1627200
33022,1512600
33023,1625800
33024,1654000
33025,1721500
33026,1645600
33027,1673100
33028,1563200
33029,1952600
33030,1615800
33031,1573600
33032,1655500
33033,1585600
33034,1785600
33035,1638200
33036,1645400
33037,1561300
33038,1570700
33039,1769900
33040,1676900
33041,1645800
33042,1627900
33043,1726800
33044,1730400
33045,1562600
33046,1516600
33047,1630600
33048,1620300
33049,2001200
33050,1774100
33051,1639500
33052,1637500
33053,1847600
33054,1692100
33055,1560200
33056,1648700
33057,1652700
33058,1646100
33059,1669200
33060,1659500
33061,1655400
33062,2013500
33063,2174600
33064,1771800
33065,1911300
33066,1838500
33067,1680200
33068,2059700
33069,2083400
33070,2136100
33071,1910500
33072,1646500
33073,1667200
33074,1693500
33075,1618900
33076,1539500
33077,1710600
33078,1688800
33079,1868900
33080,1763800
33081,1600300
33082,1668400
33083,1675800
33084,1606100
33085,1494600
33086,1534600
33087,1957700
33088,1725900
33089,1986200
33090,1996800
33091,1765900
33092,1686700
33093,1660300
33094,1692600
33095,1665500
33096,1707700
33097,1680100
33098,1809900
33099,1656200
33100,1686300
33101,1667600
33102,1725100
33103,1645400
33104,1764100
33105,1706500
33106,1764000
33107,1936100
33108,1647500
33109,1532600
33110,1630100
33111,1579400
33112,1630600
33113,1618800
33114,1645100
33115,1549200
33116,1833200
33117,1927600
33118,1722100
33119,1680100
33120,1663500
33121,1661600
33122,1564100
33123,1528600
33124,1575700
33125,1678000
33126,1911100
33127,1812200
33128,2189500
33129,2072100
33130,1976900
33131,1774900
33132,1688200
33133,1645100
33134,1610400
33135,1902400
33136,1769300
33137,1789600
33138,1669100
33139,1615600
33140,1613500
33141,1694300
33142,1634800
33143,1634500
33144,1731400
33145,2180400
33146,1801000
33147,1654600
33148,1662300
33149,1612000
33150,1575800
33151,1725400
33152,1718800
33153,1670700
33154,1745400
33155,1663800
33156,1654900
33157,1561600
33158,1621400
33159,1668700
33160,1852400
33161,2057000
33162,1909000
33163,1702900
33164,1918100
33165,1677900
33166,1647400
33167,1597900
33168,1671900
33169,1577800
33170,1688900
33171,1686600
33172,1599700
33173,1568100
33174,1743700
33175,1720900
33176,1588600
33177,1613700
33178,1592500
33179,1539100
33180,1549000
33181,1766700
33182,1834200
33183,1702800
33184,1838900
33185,1664500
33186,1592500
33187,1539600
33188,1845700
33189,1625200
33190,1884400
33191,1597300
33192,1548600
33193,1539700
33194,2290200
33195,1655200
33196,1623500
33197,1647300
33198,1634500
33199,1621200
33200,1750400
33201,1777400
33202,1597300
33203,1933800
33204,2329800
33205,1918300
33206,1763200
33207,1646100
33208,1949100
33209,1918100
33210,1724400
33211,1627200
33212,1714600
33213,1733600
33214,1566500
33215,1665200
33216,1617000
33217,1677200
33218,1876900
33219,1951800
33220,2129100
33221,2004800
33222,2017100
33223,1792900
33224,1730400
33225,1767900
33226,2023300
33227,1832200
33228,1833100
33229,1666300
33230,1847700
33231,1895700
33232,1879800
33233,1904600
33234,1996600
33235,2054400
33236,1903300
33237,1718000
33238,1741500
33239,1835900
33240,2408200
33241,1842400
33242,1661500
33243,1717400
33244,1579100
33245,1659300
33246,1567500
33247,1595000
33248,1584500
33249,1671600
33250,1678300
33251,1592400
33252,1743200
33253,1730600
33254,1585000
33255,1641100
33256,1650000
33257,1611800
33258,1563200
33259,1621800
33260,1681200
33261,1636800
33262,1933500
33263,1886500
33264,1715800
33265,1658900
33266,1538000
33267,1646600
33268,1606800
33269,1678300
33270,1730500
33271,1791300
33272,1808400
33273,1741000
33274,1626300
33275,1677400
33276,1569400
33277,1798800
33278,1610800
33279,2093000
33280,1874200
33281,1706100
33282,1683000
33283,1570800
33284,1535700
33285,1742700
33286,1616200
33287,1614000
33288,1618300
33289,1719400
33290,1672200
33291,1608800
33292,1487900
33293,1571400
33294,1681400
33295,1709200
33296,1567600
33297,1640000
33298,1624700
33299,1873000
33300,1716200
33301,1603300
33302,1618100
33303,1620900
33304,1677600
33305,1638800
33306,1534300
33307,1560100
33308,1544600
33309,1836200
33310,1723700
33311,1692600
33312,1580600
33313,1758800
33314,1633400
33315,1538800
33316,1545700
33317,1623800
33318,1710100
33319,1705600
33320,1685700
33321,1720600
33322,1676000
33323,1641100
33324,1571700
33325,1666600
33326,1577700
33327,1605100
33328,1645600
33329,1737500
33330,1746700
33331,1696900
33332,1664200
33333,1643600
33334,1695100
33335,1575800
33336,1641900
33337,1954000
33338,1799200
33339,2020900
33340,1768500
33341,1698700
33342,1691300
33343,1657700
33344,1599200
33345,1606700
33346,1703400
33347,1623500
33348,1599900
33349,1745400
33350,1755600
33351,1674000
33352,1523100
33353,1563600
33354,1547000
33355,1543600
33356,1653500
33357,1708500
33358,1627300
33359,1788100
33360,1652300
33361,1603300
33362,1598100
33363,1554000
33364,1461700
33365,1634600
33366,1682000
33367,1578200
33368,1542600
33369,1690900
33370,1800300
33371,1704200
33372,1562700
33373,1607200
33374,1574100
33375,1546900
33376,1953400
33377,1739100
33378,1709400
33379,1741000
33380,1955600
33381,1637100
33382,1572600
33383,1626100
33384,1603600
33385,1667400
33386,1655600
33387,1613600
33388,1623100
33389,1656900
33390,1766400
33391,1589300
33392,1642300
33393,1644000
33394,1871900
33395,1727200
33396,1651900
33397,1606200
33398,1617400
33399,1869500
33400,1655400
33401,2000200
33402,1762300
33403,1873800
33404,1700500
33405,1619400
33406,1611300
33407,1535500
33408,1629300
33409,1967600
33410,1745300
33411,1652400
33412,1590700
33413,1802800
33414,1654300
33415,1650900
33416,1565400
33417,1635800
33418,1654100
33419,1873100
33420,1699500
33421,1696600
33422,1699300
33423,1614400
33424,1672800
33425,1997100
33426,1951400
33427,1974300
33428,1966900
33429,1621100
33430,1704900
33431,1632800
33432,1610800
33433,1739600
33434,1547800
33435,1608200
33436,1591100
33437,1524000
33438,1763500
33439,1715400
33440,1618100
33441,1853200
33442,1748700
33443,1660000
33444,1629200
33445,1700100
33446,1628700
33447,1659300
33448,1837500
33449,1762800
33450,1696300
33451,1922500
33452,2240200
33453,1835800
33454,1976300
33455,2018100
33456,2106900
33457,1908400
33458,1834600
33459,1648600
33460,1657100
33461,1608500
33462,1583300
33463,1653000
33464,1607500
33465,1654900
33466,1662800
33467,1833600
33468,2030200
33469,1724300
33470,1652500
33471,1688400
33472,1627100
33473,1673000
33474,1524000
33475,1600600
33476,1778700
33477,1805800
33478,1596000
33479,1614100
33480,1654500
33481,1643400
33482,1510400
33483,1577300
33484,1703900
33485,1645500
33486,2000300
33487,1787300
33488,1661400
33489,1660500
33490,1624000
33491,1582300
33492,1604200
33493,1519100
33494,1639000
33495,1631800
33496,1792600
33497,1772600
33498,1726700
33499,1692700
33500,1569400
33501,1567000
33502,1627900
33503,1557100
33504,1539500
33505,1639000
33506,1816200
33507,1904800
33508,1760700
33509,1559200
33510,1653700
33511,1568900
33512,1559500
33513,1674100
33514,1647200
33515,1740100
33516,1815200
33517,1799500
33518,1665800
33519,1579700
33520,1625500
33521,1578700
33522,1594600
33523,1510500
33524,1721000
33525,1664800
33526,1887100
33527,1686400
33528,1697000
33529,1532000
33530,1619600
33531,1631800
33532,1561300
33533,1590700
33534,1865200
33535,1777700
33536,1774900
33537,1646700
33538,1693800
33539,1630900
33540,1705400
33541,1659800
33542,1590500
33543,1819000
33544,1857800
33545,1816500
33546,1774200
33547,1634500
33548,1666700
33549,1624400
33550,1633400
33551,1601500
33552,1752100
33553,1646800
33554,1742400
33555,1718100
33556,1757400
33557,1694300
33558,1656400
33559,1514400
33560,1552900
33561,1520200
33562,1690900
33563,1569100
33564,1654100
33565,1582400
33566,1913200
33567,1619800
33568,1601400
33569,1555100
33570,1541800
33571,1726700
33572,1718500
33573,1642300
33574,1747100
33575,1566300
33576,1926500
33577,1773500
33578,1692900
33579,1581100
33580,1623500
33581,1713400
33582,1689200
33583,1732700
33584,1606600
33585,1549800
33586,1946200
33587,1681200
33588,1614800
33589,1614600
33590,1648800
33591,1586100
33592,1593200
33593,1594700
33594,1554500
33595,1529700
33596,1860100
33597,1692100
33598,1716900
33599,1617800
33600,1773800
33601,1642300
33602,1562500
33603,1618600
33604,1701200
33605,1633000
33606,2148100
33607,1685500
33608,1621000
33609,1908500
33610,1792500
33611,1623900
33612,1634500
33613,1591900
33614,1690700
33615,1649300
33616,1725200
33617,1669900
33618,1823100
33619,1577100
33620,1585000
33621,1572000
33622,1556500
33623,1586700
33624,1684900
33625,1511800
33626,1847900
33627,1677500
33628,1771000
33629,1529900
33630,1639700
33631,1637600
33632,1585900
33633,1635700
33634,1520800
33635,1542600
33636,1902800
33637,1889400
33638,1700700
33639,1587900
33640,1615200
33641,1566000
33642,1622100
33643,1628400
33644,1639300
33645,1527900
33646,1910500
33647,2173900
33648,1829100
33649,1655400
33650,1696600
33651,1657900
33652,1585100
33653,1598300
33654,1592000
33655,1660800
33656,2016400
33657,1950600
33658,1907600
33659,1911000
33660,1938300
33661,1666500
33662,1614800
33663,1620700
33664,1651500
33665,1988700
33666,1690600
33667,1644700
33668,1642600
33669,1611300
33670,1663900
33671,1669500
33672,1521200
33673,1547500
33674,1860600
33675,2023700
33676,1775600
33677,1622200
33678,1722100
33679,1556900
33680,1643800
33681,1611200
33682,1625300
33683,1562800
33684,1952500
33685,2287400
33686,1792500
33687,1641200
33688,1693700
33689,1679700
33690,1596800
33691,1613600
33692,1611900
33693,1750900
33694,1898700
33695,1791300
33696,1715300
33697,1694300
33698,1605200
33699,1688000
33700,1710100
33701,1777000
33702,1643700
33703,1618200
33704,1984700
33705,1732700
33706,1679700
33707,1631700
33708,1525700
33709,1705500
33710,1602200
33711,1808500
33712,1694700
33713,1842400
33714,1820600
33715,1701700
33716,1645400
33717,1574600
33718,1632200
33719,1623100
33720,1488800
33721,1706300
33722,1626500
33723,1693200
33724,1964600
33725,1636600
33726,1635000
33727,1572400
33728,1604400
33729,1572400
33730,1695500
33731,1739500
33732,1685800
33733,1708200
33734,1746200
33735,1559300
33736,1533100
33737,1635600
33738,1615200
33739,1901900
33740,1618600
33741,1695600
33742,1653600
33743,1694500
33744,2087600
33745,1746700
33746,1572800
33747,1600800
33748,1586900
33749,1840100
33750,1626200
33751,1704800
33752,1624600
33753,1752000
33754,1764400
33755,1657600
33756,1550100
33757,1633000
33758,1740800
33759,1745500
33760,1639800
33761,1672200
33762,1567900
33763,1738400
33764,1678200
33765,1554900
33766,1673900
33767,1543500
33768,1707500
33769,1698200
33770,1607600
33771,1641500
33772,1593200
33773,1764400
33774,1775200
33775,1713000
33776,1602500
33777,1754600
33778,1718100
33779,1665000
33780,1725200
33781,1660300
33782,1544800
33783,1873000
33784,2111500
33785,1556000
33786,1677600
33787,1772500
33788,1650300
33789,1678100
33790,1644200
33791,1595500
33792,1617200
33793,1964400
33794,1689100
33795,1676600
33796,1770400
33797,1655500
33798,1823300
33799,2037600
33800,2092900
33801,2249300
33802,2514100
33803,2340600
33804,2181400
33805,1792700
33806,1700800
33807,1577900
33808,1696200
33809,1594900
33810,1706400
33811,1839000
33812,1795500
33813,1968300
33814,2070500
33815,2091400
33816,2040500
33817,1748100
33818,1886700
33819,2023000
33820,1988600
33821,1859700
33822,1818000
33823,1724000
33824,1783800
33825,1711000
33826,1665200
33827,1838500
33828,2104300
33829,2189500
33830,1882100
33831,1780200
33832,1831900
33833,1798100
33834,2080300
33835,2146900
33836,1778100
33837,2091800
33838,1824100
33839,1632200
33840,1608500
33841,1622800
33842,1668400
33843,1567400
33844,1641700
33845,1558300
33846,1639400
33847,2012700
33848,1741600
33849,1676200
33850,1626000
33851,1535700
33852,1655100
33853,1582200
33854,1980400
33855,1771900
33856,2230400
33857,2102600
33858,1769700
33859,1638700
33860,1620600
33861,1587500
33862,1582800
33863,1633100
33864,1598500
33865,1682800
33866,2185700
33867,1754000
33868,1644800
33869,1723100
33870,1645800
33871,1622300
33872,1627400
33873,1586100
33874,1793400
33875,1979100
33876,2053800
33877,1751600
33878,1625000
33879,1670800
33880,1604800
33881,1682100
33882,1699900
33883,1641200
33884,1691800
33885,1676400
33886,1675600
33887,1579100
33888,1691800
33889,1534000
33890,1893900
33891,2042100
33892,1878400
33893,1827400
33894,1644200
33895,1796000
33896,1631800
33897,1666400
33898,1677200
33899,1552100
33900,1569200
33901,1534800
33902,1640400
33903,1685000
33904,1759900
33905,1764500
33906,1688800
33907,1718000
33908,1588800
33909,1583700
33910,1536600
33911,1730000
33912,1830100
33913,1744600
33914,1805800
33915,1741900
33916,1659500
33917,1625600
33918,1672900
33919,1560100
33920,1602900
33921,1819400
33922,1730700
33923,1714900
33924,1818700
33925,1840900
33926,1657700
33927,1769000
33928,1585900
33929,1617500
33930,1741100
33931,1945100
33932,1639100
33933,1607000
33934,1961700
33935,1721100
33936,1707600
33937,1545800
33938,1618300
33939,1668100
33940,1623800
33941,1549200
33942,1545900
33943,1602400
33944,1860300
33945,1665200
33946,1696600
33947,1642200
33948,1690900
33949,1688200
33950,1590300
33951,1621100
33952,1604500
33953,1635500
33954,1731800
33955,1706400
33956,1620100
33957,1621400
33958,1846700
33959,1687200
33960,1668200
33961,1621300
33962,1660500
33963,1468800
33964,1988400
33965,1787800
33966,1691300
33967,1861700
33968,1791100
33969,1654500
33970,1641600
33971,1650800
33972,1688100
33973,1594200
33974,1834000
33975,1598200
33976,1518700
33977,1969600
33978,1734600
33979,1674400
33980,1629400
33981,1612500
33982,1645700
33983,1675300
33984,1909000
33985,1666600
33986,1712800
33987,1680200
33988,1574900
33989,1606900
33990,1665800
33991,1656200
33992,1550700
33993,1614800
33994,1738500
33995,1660400
33996,2017100
33997,1711600
33998,1628300
33999,1651300
34000,1642200
34001,1672300
34002,1659600
34003,1802700
34004,1720100
34005,1741500
34006,1570200
34007,1543400
34008,1633400
34009,1623300
34010,1580400
34011,1642500
34012,1578300
34013,1668200
34014,1983100
34015,1669700
34016,1722500
34017,1665600
34018,1563400
34019,1661800
34020,1643500
34021,1558500
34022,1599700
34023,1637500
34024,1903500
34025,1706600
34026,1756100
34027,1685500
34028,1599600
34029,1640100
34030,1612900
34031,1503200
34032,1677600
34033,1862600
34034,1866100
34035,1598200
34036,1652100
34037,1591400
34038,1666700
34039,1599600
34040,1529200
34041,1648900
34042,1616800
34043,2176500
34044,2025000
34045,2282100
34046,1850900
34047,1808000
34048,1862700
34049,1618800
34050,1600400
34051,1927500
34052,1896000
34053,1755900
34054,1564800
34055,1648800
34056,1575900
34057,1669400
34058,1519000
34059,1612700
34060,1768400
34061,1834000
34062,1898500
34063,1760600
34064,1622100
34065,1654500
34066,1555800
34067,1633600
34068,1527200
34069,1616200
34070,1715200
34071,1750300
34072,1849400
34073,1704100
34074,1550500
34075,1505700
34076,1540100
34077,1519100
34078,1724800
34079,1939300
34080,1691100
34081,1651200
34082,1746500
34083,1726400
34084,1627500
34085,1573400
34086,1657300
34087,1556300
34088,1585700
34089,1704500
34090,1659800
34091,1618900
34092,1679600
34093,1662000
34094,1612600
34095,1633900
34096,1668100
34097,1626800
34098,1639600
34099,2102500
34100,1876800
34101,1732500
34102,2235500
34103,1876200
34104,1750000
34105,1653600
34106,1803400
34107,1855600
34108,1745200
34109,1778800
34110,1655400
34111,1928400
34112,1799600
34113,1681700
34114,1772700
34115,1815300
34116,1852500
34117,1923300
34118,2247600
34119,1810000
34120,2377900
34121,2116200
34122,2296500
34123,2060700
34124,1851200
34125,1925000
34126,1666800
34127,1596500
34128,1914300
34129,1799100
34130,1734800
34131,1636800
34132,1608100
34133,1678100
34134,1713200
34135,1711300
34136,1764300
34137,1636100
34138,1753500
34139,1641400
34140,1804300
34141,2157600
34142,1846100
34143,1618100
34144,1636300
34145,1682100
34146,1617400
34147,1641700
34148,1755500
34149,1605700
34150,1606200
34151,1722000
34152,1595800
34153,1648300
34154,1592600
34155,1637800
34156,1606700
34157,1563900
34158,2068700
34159,1703800
34160,1888000
34161,1873800
34162,1710500
34163,1677500
34164,1661800
34165,1634100
34166,1679800
34167,1814800
34168,1713700
34169,1745400
34170,1648300
34171,1635700
34172,1606300
34173,1593900
34174,1544500
34175,1626400
34176,1673300
34177,1814700
34178,1692100
34179,1807800
34180,1714700
34181,1678400
34182,1566300
34183,1648500
34184,1659800
34185,1631900
34186,1720300
34187,1811700
34188,1955700
34189,1797800
34190,1589500
34191,1614700
34192,1567300
34193,1607700
34194,1559600
34195,1707300
34196,1633500
34197,1973100
34198,1947900
34199,1679400
34200,1610200
34201,1596200
34202,1601300
34203,1648300
34204,1674900
34205,1577700
34206,1568900
34207,1836700
34208,1652400
34209,1570200
34210,1620400
34211,1717600
34212,1580000
34213,1696800
34214,1560200
34215,1570600
34216,1646900
34217,2020700
34218,1763200
34219,1602400
34220,1578300
34221,1637000
34222,1689000
34223,1576400
34224,1602500
34225,1573700
34226,1884500
34227,1829600
34228,1659800
34229,1682300
34230,1591300
34231,1691300
34232,1637800
34233,1595100
34234,1534000
34235,1641400
34236,2254300
34237,2689000
34238,1963800
34239,1946100
34240,1623000
34241,1658000
34242,1623700
34243,1604400
34244,1918800
34245,1698300
34246,1652100
34247,1613000
34248,1598100
34249,1622800
34250,1525300
34251,1665200
34252,1529300
34253,1771400
34254,1654600
34255,1821100
34256,1879700
34257,1661400
34258,1582000
34259,1716100
34260,1673500
34261,1583000
34262,1747100
34263,1620800
34264,1624200
34265,1665800
34266,1962700
34267,1689900
34268,1587800
34269,1626900
34270,1639200
34271,1633400
34272,2137900
34273,1909800
34274,1649700
34275,1972700
34276,1859500
34277,1642000
34278,1712000
34279,1722000
34280,1660900
34281,1689900
34282,1673300
34283,1600200
34284,1620200
34285,1831600
34286,1709600
34287,1603300
34288,1643100
34289,1757800
34290,1546100
34291,1642100
34292,2020500
34293,1981300
34294,2120900
34295,1905600
34296,1686500
34297,1666100
34298,1736500
34299,1693900
34300,1730400
34301,1624800
34302,1599500
34303,1668500
34304,1935200
34305,1660900
34306,1633000
34307,1858600
34308,1640100
34309,1573000
34310,1614000
34311,1670200
34312,1656500
34313,1694200
34314,1849800
34315,1641500
34316,1549300
34317,1632100
34318,1625500
34319,1598500
34320,1660100
34321,1598000
34322,1586400
34323,1668400
34324,1830000
34325,1716900
34326,1774800
34327,1713000
34328,1678200
34329,1630800
34330,1493200
34331,1643500
34332,1681600
34333,1607000
34334,1845300
34335,1698300
34336,1902100
34337,1613300
34338,1559200
34339,1560900
34340,1671000
34341,1686200
34342,1637000
34343,1503700
34344,1676000
34345,1901800
34346,1712100
34347,1750900
34348,1567400
34349,1603800
34350,1594700
34351,1581000
34352,1678700
34353,1567100
34354,1715200
34355,2025500
34356,1739100
34357,1630500
34358,1624000
34359,1686300
34360,1616500
34361,1619100
34362,1523100
34363,1732300
34364,1831100
34365,2027000
34366,1606400
34367,1714200
34368,1587500
34369,1602300
34370,1715500
34371,1650100
34372,1615200
34373,1742600
34374,1912200
34375,1695400
34376,1611000
34377,1521900
34378,1679100
34379,1719400
34380,1696700
34381,1617100
34382,1634500
34383,1930600
34384,1680800
34385,1679900
34386,1555100
34387,1695000
34388,1597000
34389,1594100
34390,1633300
34391,1511900
34392,1812700
34393,2209500
34394,1870300
34395,1632000
34396,1644300
34397,1637500
34398,1576800
34399,1666200
34400,1599100
34401,1616300
34402,1952000
34403,2330900
34404,2209900
34405,2007900
34406,1805800
34407,1811600
34408,1780600
34409,1813900
34410,1934400
34411,1805800
34412,2221400
34413,1815100
34414,1793700
34415,1784000
34416,1895300
34417,1809300
34418,1989000
34419,1847300
34420,2300300
34421,1971400
34422,1852300
34423,1820800
34424,1768200
34425,1619100
34426,1754000
34427,1778800
34428,1648700
34429,1876700
34430,1773700
34431,1584000
34432,1653900
34433,1747100
34434,1625200
34435,1506000
34436,1796300
34437,1608000
34438,1634100
34439,1808200
34440,1752700
34441,1641800
34442,1600400
34443,1646500
34444,1656300
34445,1730600
34446,1947100
34447,1695500
34448,1667300
34449,1778100
34450,1657400
34451,1667100
34452,1616900
34453,1582000
34454,1632200
34455,1818100
34456,1683900
34457,1629000
34458,1631000
34459,2090900
34460,1775600
34461,1712900
34462,1589300
34463,1609300
34464,1739400
34465,1649100
34466,1609800
34467,1615400
34468,1673800
34469,1795500
34470,1635600
34471,1814600
34472,1644500
34473,1713100
34474,1646300
34475,1587700
34476,1643200
34477,1553700
34478,1616000
34479,1741300
34480,1627800
34481,1598000
34482,1697200
34483,1718000
34484,1588500
34485,1528600
34486,1558800
34487,1634800
34488,1496100
34489,1831600
34490,1636000
34491,1595300
34492,1549800
34493,1725100
34494,1714000
34495,1579100
34496,1699300
34497,1645200
34498,1573900
34499,1647200
34500,1574300
34501,1626700
34502,1739300
34503,1659900
34504,1655300
34505,1632100
34506,1575900
34507,1578400
34508,1550500
34509,1654400
34510,1714500
34511,1631400
34512,1647700
34513,1670000
34514,1570800
34515,1628900
34516,1578700
34517,1635800
34518,1659700
34519,1781600
34520,1949300
34521,1772000
34522,1603700
34523,1686100
34524,1675200
34525,1575400
34526,1643900
34527,1581400
34528,1610400
34529,1696000
34530,1698900
34531,1699700
34532,1607800
34533,1539200
34534,1655600
34535,1658100
34536,1535200
34537,1589400
34538,1520900
34539,1620700
34540,2014300
34541,1628600
34542,1572900
34543,1674000
34544,1634500
34545,1637800
34546,1690200
34547,1669900
34548,1585700
34549,1550700
34550,1877600
34551,1738200
34552,1674400
34553,1603400
34554,1599200
34555,1561600
34556,1582300
34557,1599700
34558,1589300
34559,1551800
34560,2403900
34561,1726700
34562,1751700
34563,1668900
34564,1645100
34565,1626600
34566,1607900
34567,1566000
34568,1624200
34569,1892800
34570,1847400
34571,1703900
34572,1565700
34573,1677400
34574,1752100
34575,1668600
34576,1588800
34577,1572900
34578,1720900
34579,1810400
34580,1783700
34581,1615600
34582,1614300
34583,1672500
34584,1534800
34585,1548400
34586,1545600
34587,1549400
34588,1647200
34589,1779500
34590,1894500
34591,1660800
34592,1643500
34593,1658500
34594,1591800
34595,1676200
34596,1598100
34597,1738900
34598,1648200
34599,1653600
34600,1765300
34601,1734900
34602,1635900
34603,1623600
34604,1547200
34605,1618600
34606,1552900
34607,1665100
34608,1607800
34609,1641300
34610,1902800
34611,1972200
34612,2087300
34613,2160500
34614,2166500
34615,2201100
34616,1959100
34617,1787600
34618,2053200
34619,1747700
34620,1634800
34621,1560600
34622,1524600
34623,1565100
34624,1560900
34625,1589000
34626,1684800
34627,1554100
34628,1793400
34629,1670100
34630,1520200
34631,1622500
34632,1567900
34633,1594200
34634,2021200
34635,1890300
34636,2245100
34637,2049200
34638,2030300
34639,1683000
34640,1706700
34641,1675300
34642,1691100
34643,1712800
34644,1687200
34645,1576800
34646,1622300
34647,1861100
34648,1584600
34649,1614300
34650,1603000
34651,1877700
34652,1825100
34653,1726200
34654,1715600
34655,1594900
34656,1521900
34657,1731200
34658,1674500
34659,1673600
34660,1621600
34661,1558300
34662,1720500
34663,1691000
34664,1585400
34665,1613400
34666,1491900
34667,1747600
34668,1680300
34669,1685900
34670,1677500
34671,1658900
34672,1551200
34673,1644600
34674,1560200
34675,1642700
34676,1604900
34677,1831100
34678,1683900
34679,1862900
34680,1933900
34681,1836900
34682,1679600
34683,1702500
34684,1713600
34685,1724300
34686,1730700
34687,1855300
34688,1778900
34689,1641300
34690,1560100
34691,1676900
34692,1598400
34693,1672600
34694,1648600
34695,1582700
34696,1545100
34697,1754400
34698,1673500
34699,1691700
34700,1707800
34701,1651600
34702,1688100
34703,1679200
34704,1517300
34705,1582400
34706,1629000
34707,1990800
34708,1860300
34709,1666400
34710,1597000
34711,1580400
34712,1637200
34713,1650600
34714,1655300
34715,1658800
34716,1691300
34717,1983300
34718,1785100
34719,1859600
34720,1661600
34721,1629700
34722,1824200
34723,1619200
34724,1512400
34725,1594000
34726,1722600
34727,1797300
34728,1700600
34729,1593300
34730,1609600
34731,1569300
34732,1646600
34733,1628500
34734,1586700
34735,1743400
34736,1771600
34737,1712500
34738,1698900
34739,1638800
34740,1647800
34741,1607200
34742,1616400
34743,1671800
34744,1663500
34745,1707600
34746,1844700
34747,1825500
34748,1635400
34749,1640400
34750,1569800
34751,1610100
34752,1645300
34753,1559900
34754,1710300
34755,1984700
34756,1997300
34757,1630900
34758,1739400
34759,1590500
34760,1641400
34761,1669600
34762,1713200
34763,1762700
34764,1652900
34765,1776400
34766,1874100
34767,1680100
34768,1570800
34769,1680500
34770,1575400
34771,1550800
34772,1528300
34773,1689600
34774,1645400
34775,1737200
34776,1817800
34777,1665400
34778,1636900
34779,1565800
34780,1616400
34781,1573800
34782,1529400
34783,1703500
34784,1656700
34785,1632600
34786,2008300
34787,1803200
34788,1671600
34789,1612800
34790,1573900
34791,1696500
34792,1782000
34793,1766400
34794,1544100
34795,1661500
34796,2045900
34797,1871200
34798,1975400
34799,1927500
34800,1994900
34801,1927500
34802,1749900
34803,1892400
34804,1843200
34805,2058800
34806,1936900
34807,2063300
34808,2553900
34809,2383900
34810,2242200
34811,2034900
34812,2136000
34813,2007200
34814,2125100
34815,1991900
34816,2571600
34817,2505800
34818,2190500
34819,2381200
34820,2777700
34821,2579400
34822,2361900
34823,2063600
34824,1979600
34825,1911100
34826,2038300
34827,2368300
34828,2050700
34829,3183800
34830,3272000
34831,2284500
34832,2006400
34833,1888800
34834,2250900
34835,2126600
34836,2328600
34837,2013900
34838,2043900
34839,1988500
34840,1888800
34841,1885700
34842,2461200
