idx,delta_ns
0,3021300
1,3477100
2,2974300
3,3496200
4,3148000
5,2986800
6,2893800
7,3185400
8,3076100
9,3249600
10,2959400
11,3042800
12,3352300
13,3115500
14,3171100
15,3041900
16,2940500
17,3006700
18,3020300
19,2919500
20,3162100
21,3029000
22,3064700
23,3656700
24,3162200
25,3360700
26,3009700
27,3023900
28,3146500
29,2986700
30,3365300
31,3128900
32,3138400
33,3508900
34,3079000
35,3174100
36,3149400
37,3121900
38,3300800
39,2957300
40,3252800
41,3569200
42,3263400
43,3285200
44,3294600
45,3047600
46,3241000
47,3224400
48,2928900
49,3122900
50,2877300
51,3343900
52,3213000
53,3074300
54,3403300
55,3119900
56,3164900
57,3257800
58,3143700
59,3386900
60,2945000
61,3352000
62,3680400
63,3330200
64,3146700
65,2932900
66,3051900
67,3268300
68,3016500
69,2970300
70,2870700
71,3031000
72,3889700
73,3120700
74,3023200
75,3320300
76,3009100
77,3791500
78,3118600
79,2931800
80,3014100
81,2920400
82,3290100
83,3260700
84,3103600
85,3373400
86,2891300
87,3373500
88,3247500
89,3135000
90,2971200
91,2897000
92,3140700
93,3702300
94,3117800
95,3082000
96,3559500
97,3118500
98,3234500
99,3000400
100,3007800
101,2946600
102,3200200
103,3082000
104,3266800
105,3016800
106,3720900
107,3244500
108,3179800
109,3066100
110,2982100
111,2830600
112,4155900
113,3616400
114,3382800
115,3102000
116,3245900
117,3463600
118,3368700
119,3237700
120,2979400
121,3238500
122,3100700
123,2946300
124,3321800
125,3196400
126,3121800
127,3394100
128,3034400
129,3583100
130,3052700
131,3195400
132,3119400
133,2935700
134,3149900
135,3223900
136,3327100
137,3227100
138,2930700
139,2981900
140,3200900
141,3125400
142,3053000
143,2999000
144,2980000
145,3105900
146,3423200
147,3115500
148,3331000
149,3014000
150,3219200
151,3262400
152,2935500
153,2974700
154,3114500
155,3032000
156,3464400
157,3095100
158,3025200
159,3427500
160,3295800
161,3362800
162,3041900
163,2937100
164,3010800
165,3529700
166,3708800
167,3041400
168,3042000
169,3331000
170,3398100
171,3454700
172,3042200
173,3079800
174,3049100
175,3373400
176,3287400
177,3237300
178,3070400
179,3488000
180,3605500
181,3381500
182,3118800
183,2918600
184,3258600
185,3002100
186,3029600
187,3619400
188,2977400
189,3036800
190,3582700
191,3124800
192,3277700
193,3028800
194,3259000
195,3517000
196,3103900
197,3730400
198,3037000
199,3164900
200,3396800
201,3021800
202,3340200
203,2976500
204,3324100
205,3011100
206,2876300
207,3076200
208,3277300
209,3190400
210,3227000
211,2932600
212,3060500
213,3241900
214,3458500
215,3161300
216,3038300
217,2990500
218,3500000
219,3382000
220,3117500
221,3353900
222,2976200
223,3480300
224,3191800
225,2995900
226,2962900
227,3086700
228,3401900
229,3370800
230,2997300
231,3275800
232,2885000
233,3367900
234,3523400
235,3018800
236,2842700
237,3003900
238,3141400
239,3466600
240,3038800
241,2978300
242,3560100
243,3478700
244,3616300
245,4082700
246,3355000
247,3332500
248,3469200
249,3527600
250,3058700
251,2964600
252,3853000
253,3092600
254,3226500
255,2960400
256,2910400
257,3021600
258,3063100
259,3264200
260,3085700
261,2980900
262,4421300
263,3459600
264,4132900
265,3103600
266,3329900
267,3169600
268,3244200
269,3633200
270,3076300
271,3355400
272,3360900
273,3125400
274,3390100
275,3066300
276,3590300
277,3667400
278,3972100
279,3687400
280,3619500
281,3818400
282,3547900
283,3802300
284,3564300
285,3276800
286,3215200
287,3574200
288,3993200
289,3296400
290,3556300
291,3496900
292,3483100
293,3934400
294,3494700
295,3397500
296,3365800
297,3805500
298,3584700
299,3349900
300,3804900
301,3535200
302,3944900
303,3354600
304,3179900
305,3237900
306,3749500
307,3824100
308,3370400
309,3799100
310,3771500
311,3869600
312,3326600
313,3402500
314,3243600
315,3643900
316,3807200
317,3397000
318,3338900
319,4252100
320,3428000
321,3537000
322,3428300
323,3348200
324,3445700
325,4181000
326,4495600
327,4712300
328,7364900
329,3515000
330,3092800
331,3022800
332,2973300
333,3204300
334,3317900
335,3020900
336,3523100
337,3048700
338,3290400
339,3302000
340,3020700
341,3199800
342,3050900
343,3149500
344,3299500
345,3030500
346,3329100
347,3294400
348,2960900
349,3453100
350,3003900
351,3039300
352,3040400
353,3060100
354,3040200
355,3308200
356,3137200
357,3396000
358,3130100
359,3085800
360,3200700
361,3087000
362,2897000
363,3273500
364,2975700
365,3436900
366,3437800
367,3143400
368,3380200
369,3074900
370,3459900
371,3212100
372,2999600
373,3032100
374,3038900
375,3226800
376,3191800
377,3050300
378,3400500
379,2878100
380,3853500
381,3721700
382,3083600
383,2961500
384,2952600
385,3062200
386,3245700
387,2990400
388,3053800
389,3287600
390,3116900
391,3171300
392,3018300
393,3065100
394,2947100
395,3118200
396,3165600
397,3170000
398,3014800
399,2956200
400,3793900
401,3163000
402,3419800
403,3094000
404,3135700
405,3111900
406,3063600
407,3582300
408,3016200
409,3141700
410,3218700
411,2921300
412,3527100
413,3019100
414,3315500
415,3227700
416,2995400
417,3403000
418,3293400
419,3971700
420,3708200
421,3134300
422,3231100
423,3123500
424,3147900
425,3057600
426,3049500
427,3136600
428,3374300
429,3177400
430,3280400
431,2892100
432,2919400
433,3530200
434,3172300
435,3030200
436,2921700
437,2991200
438,3497000
439,3175700
440,2955000
441,3641100
442,3008800
443,3231900
444,3308800
445,3002600
446,3054700
447,2960600
448,3237300
449,3261200
450,2997800
451,2985700
452,3558800
453,3067100
454,3363000
455,3066700
456,2972500
457,2885900
458,2954600
459,3504800
460,3192600
461,2996700
462,3417300
463,3099200
464,3486100
465,3109800
466,2986600
467,2914100
468,3106600
469,3183900
470,3533100
471,3098300
472,3025600
473,3790400
474,3195500
475,3223400
476,2948500
477,2905600
478,3094800
479,2992600
480,3299900
481,3120700
482,3051600
483,3618000
484,3109800
485,3328200
486,3154000
487,2944700
488,3112900
489,3014900
490,3112000
491,3228500
492,2910100
493,3304000
494,3412800
495,2995000
496,3296100
497,3036200
498,3166500
499,3140700
500,2962900
501,3298700
502,3046200
503,3479500
504,3993500
505,3101600
506,3494500
507,3252500
508,2973600
509,3127600
510,2975500
511,3153000
512,3273900
513,3139600
514,2984100
515,3462000
516,3055900
517,3291200
518,3230400
519,3002800
520,2921600
521,2988300
522,3560300
523,3765100
524,3075500
525,3322200
526,2978600
527,3381900
528,3049100
529,3091500
530,3092700
531,2927400
532,3251800
533,3220800
534,3082900
535,3229600
536,2896100
537,3273300
538,3284000
539,2997700
540,2899300
541,2966000
542,3503400
543,3691600
544,3223700
545,2952200
546,3655400
547,3223900
548,3192500
549,3076700
550,2960500
551,2950600
552,3528400
553,4124500
554,3742700
555,3208200
556,3660900
557,3024400
558,3500000
559,3092700
560,2906300
561,3408500
562,3674200
563,3963900
564,3479700
565,3674000
566,3168200
567,2984600
568,3248700
569,2995400
570,3249700
571,3090400
572,2974600
573,3504100
574,3256600
575,3478200
576,3404800
577,3096300
578,3307500
579,3023600
580,3254200
581,3551600
582,4158100
583,4260200
584,3830800
585,3702800
586,3757600
587,3833500
588,3424200
589,3845400
590,3727900
591,3600300
592,3623900
593,3964200
594,3636600
595,3712200
596,3332000
597,3330700
598,3019300
599,3089300
600,3044200
601,3109600
602,3553300
603,3145600
604,3161100
605,3289000
606,3210700
607,3629900
608,3082100
609,2980800
610,2886500
611,3016900
612,3555700
613,3057400
614,3000500
615,3397500
616,2907600
617,3539700
618,3158400
619,2860700
620,2931600
621,2912800
622,3471900
623,3382500
624,3010900
625,2992100
626,3365500
627,3421200
628,3290500
629,2869900
630,2991000
631,3007200
632,3133300
633,3220500
634,3104400
635,2996300
636,3452800
637,3269700
638,3229500
639,3108200
640,2906400
641,2951200
642,3330500
643,3171800
644,3538900
645,2971100
646,2994500
647,3526100
648,3310200
649,3173500
650,2971200
651,3304400
652,3175700
653,2985700
654,3259000
655,3144400
656,3554700
657,3654600
658,2965600
659,3496900
660,3215200
661,3160600
662,3023000
663,3103100
664,3047100
665,3263000
666,3075100
667,3633000
668,2945200
669,3041300
670,3232500
671,3125100
672,3049800
673,3352400
674,3029400
675,3658100
676,3284700
677,3172000
678,3549400
679,2900700
680,3281300
681,3640200
682,3168600
683,2955300
684,3141400
685,3195300
686,3290000
687,3154400
688,3237400
689,3109000
690,3173100
691,3223400
692,3186500
693,2935800
694,2921900
695,2930900
696,4305500
697,3500100
698,3106900
699,2968100
700,3070900
701,3284700
702,3003500
703,2906700
704,3083100
705,3111800
706,3318200
707,3084300
708,3077500
709,3404400
710,3130200
711,3591800
712,3179000
713,3027000
714,2952500
715,3129500
716,3185600
717,3316100
718,2932700
719,3054300
720,3495500
721,3259400
722,3331800
723,3017900
724,2916800
725,3239900
726,3136400
727,3582700
728,3115000
729,3032000
730,4195100
731,3203000
732,3400100
733,3008000
734,3247200
735,3156400
736,3050600
737,3362600
738,3224400
739,3115000
740,3493000
741,3090400
742,3158300
743,3099500
744,3130200
745,3035600
746,2886200
747,3237900
748,3557400
749,3231100
750,3057300
751,3290100
752,3114600
753,3206100
754,3121700
755,2992700
756,2941200
757,2960000
758,3238300
759,3462800
760,3150100
761,3261200
762,3117800
763,3173100
764,3277300
765,3004200
766,2972600
767,3012900
768,2994200
769,3383900
770,3195200
771,2918800
772,3628800
773,3159100
774,3725900
775,3073800
776,3047300
777,2915600
778,3027800
779,3627500
780,3159800
781,2994000
782,3488900
783,3282700
784,3665900
785,3044400
786,2921300
787,3043800
788,2954000
789,3254700
790,3293600
791,2990200
792,3042800
793,3393200
794,3179100
795,3209200
796,2969500
797,2993100
798,3038800
799,3306200
800,3475100
801,3129600
802,3061900
803,3441800
804,3088400
805,3361500
806,3092600
807,3020500
808,3079800
809,2971200
810,3047100
811,3243300
812,2979300
813,3252300
814,3359900
815,2969500
816,3441700
817,3071900
818,3253200
819,3595800
820,3075600
821,3293500
822,3015000
823,3227500
824,3585300
825,3165100
826,3420800
827,3201600
828,3091600
829,3014200
830,2996900
831,3102200
832,3363900
833,3230500
834,3109100
835,3333800
836,3203900
837,3533400
838,3300900
839,3019000
840,3069900
841,3148300
842,3397300
843,3364500
844,3022300
845,3388500
846,2917000
847,3295900
848,3310300
849,2933000
850,2915600
851,2844600
852,3478500
853,3358600
854,3024600
855,3608800
856,2965400
857,3206200
858,3363000
859,3076600
860,2999400
861,2890000
862,3058700
863,3760500
864,3087800
865,2932600
866,3401700
867,3145800
868,4351900
869,3840800
870,3604900
871,3301400
872,3793900
873,3674000
874,3999900
875,3175100
876,3347000
877,3340000
878,3022200
879,2949800
880,3004500
881,3165300
882,3206700
883,3219600
884,3030200
885,3318800
886,3315700
887,3402200
888,3262800
889,2993100
890,2977600
891,3391400
892,3847200
893,4169600
894,3701300
895,4096600
896,3474200
897,3868600
898,3409500
899,3416100
900,3540000
901,3511900
902,3899100
903,3801500
904,3469800
905,3669400
906,3797000
907,3370500
908,3461700
909,3369000
910,3298200
911,3852600
912,3541300
913,3584000
914,3625800
915,3748900
916,3748000
917,3554900
918,3443200
919,3224700
920,3512900
921,3694400
922,3421300
923,3775900
924,3458500
925,3978000
926,3531900
927,3369100
928,3229300
929,3295400
930,3678100
931,3340000
932,3529300
933,3638700
934,4101000
935,3641500
936,3372200
937,3562200
938,3417800
939,4148400
940,4907000
941,4295700
942,7470300
943,3578600
944,3158800
945,3036500
946,3037700
947,3440000
948,3178300
949,3003400
950,3805700
951,3082300
952,3233300
953,3026400
954,2965000
955,3202300
956,3019400
957,3140300
958,3235100
959,3050400
960,3574000
961,3142700
962,3424700
963,3390000
964,3018600
965,2969600
966,3118700
967,3084400
968,3323000
969,2948800
970,3247900
971,3304200
972,2932100
973,3270600
974,2987700
975,3172100
976,3042600
977,3369700
978,3145500
979,3245100
980,3459400
981,3482500
982,3000600
983,3636900
984,3230900
985,3470300
986,3087300
987,3022300
988,3270200
989,3297700
990,3111500
991,3065900
992,3350800
993,3164100
994,3266200
995,3182800
996,3020300
997,2960200
998,2990500
999,3481500
1000,3235400
1001,3115700
1002,3278100
1003,3169900
1004,3260700
1005,3628800
1006,2995000
1007,2964400
1008,3224900
1009,3130600
1010,3307200
1011,3029800
1012,2956800
1013,3576300
1014,3019400
1015,3278900
1016,3032300
1017,2943500
1018,3024600
1019,2942500
1020,3683200
1021,3096500
1022,3004700
1023,3517500
1024,3162200
1025,3489100
1026,3063400
1027,3054300
1028,3037000
1029,3125000
1030,3268800
1031,3267000
1032,3024800
1033,3142300
1034,3545800
1035,3807200
1036,3426100
1037,3045300
1038,3104900
1039,2964200
1040,3136900
1041,3743100
1042,3193200
1043,3116800
1044,3283100
1045,3268900
1046,3409100
1047,2963300
1048,3036700
1049,2990700
1050,3094000
1051,3747600
1052,3242800
1053,3269100
1054,3142400
1055,3198800
1056,3355900
1057,3047600
1058,3004800
1059,3024100
1060,3062300
1061,3189300
1062,3165700
1063,3066400
1064,2970000
1065,3608200
1066,3082800
1067,3256600
1068,3035500
1069,2998500
1070,2986200
1071,3073200
1072,3175300
1073,3196000
1074,2954900
1075,3781600
1076,2981300
1077,3070900
1078,3231500
1079,2972800
1080,3275400
1081,3051500
1082,2998200
1083,3247400
1084,3035700
1085,3264900
1086,3746100
1087,2999500
1088,3311700
1089,2973100
1090,3151300
1091,3056000
1092,2871200
1093,3432300
1094,3186300
1095,3265000
1096,3558800
1097,2975400
1098,3309700
1099,3146000
1100,3083200
1101,3017400
1102,3091200
1103,3219200
1104,3614900
1105,3088600
1106,3073800
1107,3266000
1108,2949300
1109,3281100
1110,3186100
1111,2921500
1112,2874400
1113,3044100
1114,3371500
1115,3344400
1116,3047900
1117,3328200
1118,3053200
1119,3028400
1120,3508500
1121,3025200
1122,3045800
1123,2959900
1124,3156000
1125,4074300
1126,3243600
1127,3085800
1128,3393100
1129,3241500
1130,3400000
1131,2971700
1132,2881200
1133,3000400
1134,3005900
1135,3275300
1136,3437300
1137,3091400
1138,3343600
1139,3120600
1140,3718000
1141,3189300
1142,2905600
1143,3005700
1144,3299700
1145,3278400
1146,3306000
1147,3430700
1148,3259500
1149,3102900
1150,3131900
1151,3268800
1152,2950700
1153,3059400
1154,3006600
1155,2957400
1156,3412400
1157,3033500
1158,3319600
1159,3469000
1160,3076400
1161,3276300
1162,3098200
1163,3200000
1164,3114500
1165,2918700
1166,3126600
1167,3286100
1168,3152300
1169,3070500
1170,3489500
1171,3038200
1172,3262700
1173,3571000
1174,3109800
1175,3036400
1176,3033200
1177,3328300
1178,3975200
1179,4520700
1180,3963900
1181,4059500
1182,3493000
1183,3003200
1184,3004100
1185,2951700
1186,3213000
1187,3237200
1188,3066200
1189,3389300
1190,3046300
1191,3766900
1192,3473600
1193,3014800
1194,2967700
1195,3097700
1196,3641600
1197,4095600
1198,4238700
1199,3915300
1200,3751200
1201,3710500
1202,3533500
1203,3359500
1204,3417600
1205,4030400
1206,3617000
1207,3728000
1208,3628900
1209,3556900
1210,3821800
1211,3388800
1212,3335500
1213,3165200
1214,3112500
1215,3322600
1216,3064200
1217,3089300
1218,3407100
1219,3170400
1220,3259400
1221,3051800
1222,2921900
1223,3204700
1224,3131800
1225,3367800
1226,3338300
1227,3276700
1228,3325500
1229,3038400
1230,3228800
1231,3225800
1232,2925400
1233,3052000
1234,3044700
1235,3014400
1236,3396300
1237,3087000
1238,3188100
1239,3241300
1240,2869800
1241,3523300
1242,3147300
1243,3174200
1244,3201900
1245,2994000
1246,3293200
1247,3146500
1248,3175300
1249,3472200
1250,3043400
1251,3155800
1252,3310700
1253,3140200
1254,3074400
1255,2877800
1256,3316100
1257,3279000
1258,3389700
1259,3350100
1260,3112300
1261,3069600
1262,3256800
1263,3061200
1264,2986300
1265,2977000
1266,3031000
1267,3330100
1268,3390300
1269,3015700
1270,3422900
1271,3010600
1272,3696500
1273,3432700
1274,3070000
1275,2950600
1276,3063000
1277,3313400
1278,3549800
1279,3064200
1280,3065000
1281,3341700
1282,3166300
1283,3178300
1284,2964200
1285,3023600
1286,3054400
1287,3445000
1288,3322700
1289,3179900
1290,3041900
1291,3467700
1292,3495400
1293,3723900
1294,3260300
1295,3126900
1296,3341100
1297,3438200
1298,3450400
1299,3273900
1300,3151400
1301,3735000
1302,3147200
1303,3403000
1304,3197800
1305,3107300
1306,3295400
1307,3080100
1308,3296600
1309,3162500
1310,3196100
1311,3924600
1312,3291700
1313,3279000
1314,3216100
1315,3536000
1316,3646500
1317,3106500
1318,3654600
1319,3090800
1320,3236800
1321,3975400
1322,3143500
1323,3362200
1324,3127100
1325,3412200
1326,3252000
1327,3193700
1328,3795400
1329,3389100
1330,3302400
1331,3673400
1332,3248200
1333,3261300
1334,3343900
1335,3172300
1336,3282400
1337,3077400
1338,3364200
1339,3268100
1340,3176400
1341,3364300
1342,2997300
1343,3895400
1344,3688000
1345,3105600
1346,3035400
1347,3058800
1348,3519800
1349,3210700
1350,3146900
1351,3330800
1352,2990100
1353,3294700
1354,3174000
1355,2975400
1356,3025100
1357,2924000
1358,3269500
1359,3340500
1360,2927400
1361,3224700
1362,3133800
1363,3391600
1364,3237300
1365,2965300
1366,2969700
1367,3016000
1368,3189600
1369,3224300
1370,3089000
1371,3056100
1372,3495800
1373,3735800
1374,3576400
1375,3091800
1376,3014200
1377,3268100
1378,3045900
1379,3094200
1380,3222700
1381,3092200
1382,3106900
1383,3505900
1384,3064500
1385,3234300
1386,3077900
1387,3049800
1388,2991300
1389,2857700
1390,3220300
1391,3130300
1392,3492700
1393,3575000
1394,3060000
1395,3496900
1396,3184500
1397,3279200
1398,3089700
1399,2972500
1400,3069300
1401,3327100
1402,3059400
1403,3029600
1404,3397800
1405,3130400
1406,3210500
1407,3082000
1408,3024100
1409,2993000
1410,2935500
1411,3289200
1412,3189100
1413,3047200
1414,3475700
1415,3031600
1416,3396300
1417,3388400
1418,3042600
1419,2943000
1420,2887000
1421,3079100
1422,3325700
1423,3081200
1424,3035000
1425,3446500
1426,3025600
1427,3480500
1428,3203400
1429,3008200
1430,3035500
1431,3147600
1432,3728800
1433,3217500
1434,2987600
1435,3423000
1436,3485900
1437,3861100
1438,3209700
1439,3108500
1440,2925100
1441,3144800
1442,3419600
1443,3237400
1444,2988000
1445,3521400
1446,3364800
1447,3424700
1448,3549100
1449,3173800
1450,3101800
1451,3214500
1452,3477100
1453,3396900
1454,3147100
1455,3797100
1456,3279500
1457,3646000
1458,3274800
1459,3200600
1460,3204600
1461,3571800
1462,3366900
1463,3208100
1464,3152000
1465,3575800
1466,3548500
1467,3577500
1468,3233300
1469,3111500
1470,3044000
1471,3228800
1472,3581500
1473,3374400
1474,3041200
1475,3948900
1476,3255500
1477,3599500
1478,3212700
1479,3156200
1480,3125900
1481,3175500
1482,3685400
1483,3276700
1484,3288400
1485,4068500
1486,3758400
1487,3984100
1488,3393500
1489,3764600
1490,3643300
1491,4519000
1492,3666500
1493,3476400
1494,3392200
1495,3200400
1496,3244700
1497,3039000
1498,3345800
1499,3202600
1500,3024400
1501,3646100
1502,3096200
1503,3441500
1504,4174500
1505,3917200
1506,3615700
1507,3608200
1508,3380300
1509,3538700
1510,3920900
1511,3782700
1512,3607100
1513,3613700
1514,3361500
1515,3918900
1516,3564500
1517,3487000
1518,3509800
1519,3574500
1520,3846100
1521,3565900
1522,3658500
1523,3431200
1524,3525700
1525,3802000
1526,3444100
1527,3351900
1528,3570800
1529,4091100
1530,3417700
1531,3338100
1532,3688400
1533,3883400
1534,3642700
1535,3503400
1536,3358300
1537,3520700
1538,4005600
1539,3423300
1540,3437400
1541,3789100
1542,3698800
1543,3517500
1544,3474300
1545,3187600
1546,3572400
1547,3937200
1548,3705600
1549,3500000
1550,3623600
1551,3446600
1552,4874200
1553,3701600
1554,5595600
1555,6583700
1556,3239400
1557,2995900
1558,3638000
1559,3338600
1560,3166800
1561,2976300
1562,2925100
1563,3197100
1564,2995100
1565,3385400
1566,3085300
1567,3022100
1568,3780300
1569,2950700
1570,3218300
1571,3113600
1572,2921400
1573,3254800
1574,3131900
1575,3253900
1576,3646000
1577,2998500
1578,3224100
1579,3102300
1580,3030300
1581,3184200
1582,3039000
1583,3274300
1584,2989700
1585,3046400
1586,3717500
1587,3180500
1588,3288600
1589,3233100
1590,2937500
1591,3222400
1592,3172000
1593,3764600
1594,3161000
1595,2962500
1596,3338700
1597,3088000
1598,3476800
1599,3075900
1600,3393100
1601,3166800
1602,3280400
1603,3037500
1604,3129800
1605,2950800
1606,2904700
1607,3668500
1608,3428900
1609,3043300
1610,3565700
1611,3137400
1612,3436300
1613,3239700
1614,2932400
1615,2968400
1616,2938900
1617,3529300
1618,3692700
1619,3087600
1620,3532700
1621,3044100
1622,3294800
1623,3319300
1624,2936600
1625,2933300
1626,2980500
1627,3476300
1628,3574100
1629,3090300
1630,3489100
1631,3032100
1632,3416900
1633,3376700
1634,3028900
1635,2996700
1636,2945300
1637,3274300
1638,3451200
1639,3049200
1640,2962900
1641,3454600
1642,3138200
1643,3225800
1644,3101800
1645,2875000
1646,3001900
1647,3666500
1648,3802600
1649,3217200
1650,3146200
1651,3726600
1652,3240100
1653,3282800
1654,3213500
1655,3015000
1656,3103500
1657,3063800
1658,3315100
1659,3204900
1660,3023600
1661,3178900
1662,3513200
1663,3496700
1664,3431600
1665,3033100
1666,3153000
1667,3018300
1668,3072600
1669,3381600
1670,3001000
1671,3081800
1672,3550400
1673,3041500
1674,3185700
1675,3102800
1676,3099100
1677,2947300
1678,3005400
1679,3127400
1680,3192900
1681,3151000
1682,3036400
1683,3467700
1684,3139500
1685,3132900
1686,3102300
1687,3070100
1688,3155300
1689,3008900
1690,3197400
1691,3356000
1692,3324300
1693,3418100
1694,3128200
1695,3296300
1696,3652300
1697,3471400
1698,3127600
1699,3136000
1700,3310100
1701,3467200
1702,3108700
1703,3785900
1704,3169200
1705,3594500
1706,3323800
1707,3169700
1708,3190400
1709,3157600
1710,3605800
1711,3237100
1712,3130400
1713,3727600
1714,3186300
1715,3727400
1716,3178300
1717,3023500
1718,3049200
1719,3154700
1720,3703700
1721,3218000
1722,3271900
1723,3529200
1724,3237200
1725,3448800
1726,3152300
1727,3251000
1728,3166800
1729,3267800
1730,3640400
1731,3223100
1732,3377500
1733,3312500
1734,3296800
1735,3424300
1736,3253600
1737,3173100
1738,3190900
1739,3647100
1740,3647800
1741,3605200
1742,3412300
1743,3147200
1744,3075400
1745,3079100
1746,3015800
1747,2921700
1748,3336100
1749,3298800
1750,3230500
1751,3246300
1752,3061200
1753,3643000
1754,3087700
1755,3250800
1756,3488800
1757,3096000
1758,3142400
1759,2884600
1760,3057000
1761,3286000
1762,3027600
1763,3298800
1764,3449800
1765,3056600
1766,3585400
1767,3113600
1768,3065300
1769,3048600
1770,2950500
1771,3322200
1772,3015400
1773,3158000
1774,3401800
1775,2959600
1776,3233200
1777,3205100
1778,3133800
1779,3059700
1780,3019900
1781,3233800
1782,3274300
1783,3410500
1784,3186900
1785,3249000
1786,3029900
1787,3471300
1788,3820200
1789,3568300
1790,3592900
1791,3232600
1792,3896600
1793,3291900
1794,3303600
1795,3543600
1796,4088100
1797,4124800
1798,4024600
1799,3757700
1800,3928700
1801,3944900
1802,3377800
1803,3555500
1804,3284800
1805,4148700
1806,4196800
1807,4430300
1808,4119900
1809,4075800
1810,3764800
1811,3759000
1812,4042200
1813,4318800
1814,3696900
1815,3386400
1816,3716500
1817,3844200
1818,3767200
1819,3673500
1820,3611100
1821,4405800
1822,3807100
1823,3284300
1824,3187200
1825,3250600
1826,3166700
1827,3534700
1828,3432000
1829,3249300
1830,3946500
1831,3240700
1832,3559500
1833,3285200
1834,3408400
1835,3136600
1836,3233200
1837,3499600
1838,3269100
1839,3482300
1840,3584200
1841,3175600
1842,3468600
1843,3340300
1844,3522600
1845,3311400
1846,3323900
1847,3527200
1848,3562000
1849,3350400
1850,3556200
1851,3508600
1852,3374300
1853,3274600
1854,3234100
1855,3069700
1856,3370000
1857,3431400
1858,3611400
1859,3229700
1860,3613300
1861,3440300
1862,3366200
1863,3232100
1864,3280500
1865,3191500
1866,3341000
1867,3488600
1868,3208900
1869,3724400
1870,3284500
1871,3300600
1872,3329300
1873,3170700
1874,3188900
1875,3021600
1876,3404600
1877,3486800
1878,3173600
1879,2974000
1880,3432700
1881,3219900
1882,3268300
1883,3012600
1884,2973300
1885,2900100
1886,3059200
1887,4278700
1888,3237100
1889,2980200
1890,3564700
1891,3007200
1892,3302200
1893,3041900
1894,2962500
1895,2939900
1896,3374400
1897,3316400
1898,3178200
1899,3033600
1900,3933400
1901,3315600
1902,3630600
1903,3284500
1904,3003000
1905,3139900
1906,3127800
1907,3420500
1908,3331500
1909,3064500
1910,3696800
1911,3181600
1912,3335500
1913,3079400
1914,2893900
1915,2990500
1916,2890500
1917,2922300
1918,3259100
1919,3018000
1920,3780100
1921,3661700
1922,3073500
1923,3151100
1924,3514000
1925,3060200
1926,3273400
1927,2929100
1928,3253800
1929,3493600
1930,3233100
1931,3333400
1932,3009100
1933,3215500
1934,3588000
1935,3159600
1936,2939700
1937,2963100
1938,3096100
1939,3500600
1940,3098900
1941,3027900
1942,3583900
1943,3194400
1944,3558800
1945,3122500
1946,2954700
1947,2965100
1948,2977900
1949,4295900
1950,3410200
1951,3168200
1952,3613700
1953,3295500
1954,3398000
1955,3137900
1956,3021600
1957,2978200
1958,3182400
1959,3315900
1960,3099800
1961,3016100
1962,3362200
1963,3279700
1964,3346400
1965,3087500
1966,3054400
1967,3112300
1968,3219100
1969,3382200
1970,3322000
1971,3124300
1972,3307200
1973,3093300
1974,3357000
1975,3163300
1976,3000200
1977,2950700
1978,3015200
1979,3320100
1980,3398300
1981,3005900
1982,2975700
1983,3516100
1984,3031900
1985,3210600
1986,2995400
1987,2929800
1988,3236700
1989,3219200
1990,3117600
1991,3256200
1992,3302800
1993,3405500
1994,3060200
1995,3062000
1996,3209800
1997,2911400
1998,3456800
1999,3388800
2000,3014400
2001,3526800
2002,3061800
2003,3039900
2004,3665500
2005,3035200
2006,3323300
2007,2947000
2008,3042000
2009,2976500
2010,2963000
2011,3233300
2012,3177900
2013,3153800
2014,3418300
2015,3149500
2016,3151500
2017,3191300
2018,3540700
2019,3032000
2020,2961700
2021,2924000
2022,3277700
2023,3120900
2024,3050800
2025,3500200
2026,2926600
2027,3243800
2028,3173800
2029,2968000
2030,3124900
2031,2974300
2032,3069700
2033,3314000
2034,3127000
2035,2994700
2036,3656700
2037,3279100
2038,3643400
2039,3080900
2040,2973000
2041,2998500
2042,2959000
2043,4663300
2044,3576600
2045,3135400
2046,3712700
2047,3674600
2048,3346000
2049,3171500
2050,3114200
2051,3140800
2052,3448200
2053,3339800
2054,3246800
2055,3308400
2056,3054100
2057,3496700
2058,3275500
2059,3196000
2060,3350400
2061,3283200
2062,3311000
2063,3357600
2064,3198700
2065,3089900
2066,3877400
2067,3525800
2068,3183300
2069,3105200
2070,3128100
2071,3741700
2072,3441300
2073,3452100
2074,3258200
2075,3622100
2076,3095700
2077,3353100
2078,3299000
2079,3117300
2080,3260400
2081,3318400
2082,3193200
2083,3372700
2084,3157200
2085,3403800
2086,3483200
2087,3514200
2088,3400300
2089,3515600
2090,3865100
2091,3324900
2092,3935900
2093,3203500
2094,3263800
2095,3460800
2096,3046700
2097,3286900
2098,3315800
2099,3115200
2100,2956700
2101,3040900
2102,3400200
2103,3673800
2104,3761200
2105,4102600
2106,3463900
2107,3558700
2108,3726000
2109,3965900
2110,3616000
2111,3685800
2112,3668000
2113,3626000
2114,3548800
2115,3465900
2116,4132900
2117,3578600
2118,3294200
2119,3506200
2120,3379400
2121,3667000
2122,3641900
2123,3548900
2124,3859800
2125,3875900
2126,3425100
2127,3452500
2128,3405900
2129,3255100
2130,3687500
2131,3361200
2132,3427500
2133,3918900
2134,3844300
2135,3551100
2136,3278500
2137,3231500
2138,3765100
2139,3670900
2140,3448800
2141,3543300
2142,3644500
2143,3706000
2144,3593200
2145,3427500
2146,3521900
2147,3493800
2148,3753200
2149,3939700
2150,3446600
2151,3713400
2152,3591000
2153,3742500
2154,3377000
2155,3355100
2156,3412100
2157,5240100
2158,4338400
2159,6200200
2160,4806600
2161,3419900
2162,3228600
2163,3380200
2164,2930500
2165,2960900
2166,3415300
2167,3096900
2168,3272500
2169,3275800
2170,3012600
2171,3299900
2172,3105100
2173,3166800
2174,2998600
2175,3101800
2176,3009500
2177,3341500
2178,3456800
2179,3140700
2180,3202000
2181,3029600
2182,3835800
2183,3174800
2184,2907200
2185,2921500
2186,2968600
2187,3335000
2188,3969700
2189,2996200
2190,3529100
2191,2886300
2192,3470600
2193,3129500
2194,3004400
2195,2914100
2196,2915200
2197,3105000
2198,3474900
2199,3016900
2200,3014800
2201,3412600
2202,3129500
2203,4134300
2204,3116800
2205,3157800
2206,3048600
2207,3329100
2208,3379100
2209,2982200
2210,2968600
2211,3611200
2212,3488800
2213,3161000
2214,2943900
2215,2905300
2216,2915100
2217,3153800
2218,3509300
2219,3211100
2220,3080300
2221,3288900
2222,3599900
2223,3435600
2224,3090900
2225,2923900
2226,3083500
2227,2995400
2228,3147200
2229,3194700
2230,2957800
2231,3513500
2232,3105000
2233,3031600
2234,3388200
2235,3083200
2236,3071100
2237,3309900
2238,3014700
2239,3215900
2240,3081900
2241,3012700
2242,3773400
2243,3071400
2244,3161700
2245,3154100
2246,3002100
2247,3280000
2248,2957400
2249,3009100
2250,3227700
2251,2971400
2252,3928700
2253,3541400
2254,3128700
2255,3315800
2256,3228100
2257,3168500
2258,3089300
2259,3261700
2260,3402800
2261,3333500
2262,3232400
2263,3240200
2264,3024000
2265,3211200
2266,3142500
2267,3071100
2268,2944700
2269,3054700
2270,3290200
2271,3484100
2272,3216100
2273,3251700
2274,3078400
2275,3094000
2276,3315300
2277,3201800
2278,2988800
2279,2928500
2280,2939500
2281,3382700
2282,3173400
2283,2997100
2284,3541300
2285,3044600
2286,3367800
2287,3289000
2288,2949900
2289,2925500
2290,2957000
2291,3232100
2292,3292500
2293,3097400
2294,2962800
2295,3521100
2296,3121000
2297,3237300
2298,2973600
2299,2898300
2300,2962300
2301,2877300
2302,3590600
2303,3167800
2304,3038600
2305,3507200
2306,3298500
2307,3772200
2308,3146800
2309,2908600
2310,2920600
2311,3228200
2312,3477000
2313,3255300
2314,3118500
2315,3240000
2316,3700800
2317,3239800
2318,3053000
2319,3012300
2320,2907200
2321,3181700
2322,3210500
2323,3493800
2324,3018000
2325,3102600
2326,3367600
2327,3150400
2328,3409600
2329,3029100
2330,2947200
2331,3208700
2332,3480700
2333,3255000
2334,3097900
2335,3284500
2336,3083300
2337,3030100
2338,3506800
2339,3258100
2340,2996500
2341,3148400
2342,3107300
2343,3057000
2344,3391700
2345,3463600
2346,3735500
2347,3619000
2348,3363900
2349,3149700
2350,3001600
2351,3042300
2352,3050500
2353,3100300
2354,3222900
2355,3035100
2356,3560800
2357,3303100
2358,3071200
2359,3324500
2360,3083500
2361,3162700
2362,2984600
2363,3086300
2364,3557500
2365,3219300
2366,3034400
2367,3569600
2368,2954500
2369,3146100
2370,3598100
2371,3237500
2372,3100400
2373,2896000
2374,3074300
2375,3327900
2376,3030100
2377,3023800
2378,3454400
2379,3057300
2380,3587300
2381,2995500
2382,3034700
2383,2910500
2384,2917900
2385,3396200
2386,3214000
2387,3062600
2388,3274300
2389,3066700
2390,3733600
2391,3881200
2392,3517900
2393,3389200
2394,3680900
2395,3517400
2396,3195300
2397,3319200
2398,3159200
2399,3184400
2400,3454100
2401,3161800
2402,3174400
2403,3066800
2404,3223200
2405,3314700
2406,3332700
2407,3239300
2408,3612300
2409,3589000
2410,3559600
2411,3203200
2412,3137800
2413,3788300
2414,5238700
2415,4954400
2416,5064800
2417,3947500
2418,3886200
2419,3610000
2420,3956600
2421,3686700
2422,3871500
2423,4148400
2424,4292900
2425,3656100
2426,3610400
2427,4001000
2428,3958700
2429,3604000
2430,3291900
2431,3377700
2432,3299800
2433,3482300
2434,3386200
2435,3007600
2436,3456600
2437,3239200
2438,3283700
2439,3136800
2440,3155700
2441,3130500
2442,3264400
2443,3126600
2444,3063900
2445,3388200
2446,3035000
2447,3283100
2448,3234700
2449,3045500
2450,2918000
2451,2999800
2452,3191300
2453,3368900
2454,3107300
2455,3143900
2456,3045900
2457,3311000
2458,3582400
2459,2983300
2460,3053100
2461,2930200
2462,2965800
2463,3348900
2464,3021900
2465,3021100
2466,3342100
2467,3017700
2468,3378200
2469,3092300
2470,2890400
2471,2881100
2472,2927900
2473,3413700
2474,3319700
2475,3019800
2476,2970700
2477,3357900
2478,3503100
2479,3456100
2480,3217500
2481,2887200
2482,2909000
2483,3099700
2484,3417700
2485,3134200
2486,3050200
2487,3337600
2488,3310100
2489,3397500
2490,3108700
2491,2925700
2492,2874700
2493,3290000
2494,3276900
2495,3429400
2496,3350200
2497,3400100
2498,3174200
2499,3133600
2500,3145500
2501,2953500
2502,3024200
2503,3138300
2504,3297300
2505,3374100
2506,3043500
2507,3223800
2508,3902700
2509,3065200
2510,3595000
2511,3018300
2512,3509500
2513,3186800
2514,3066200
2515,3290000
2516,3035300
2517,3230000
2518,3340400
2519,3049600
2520,3412000
2521,3108500
2522,3094500
2523,2926200
2524,3088600
2525,3343800
2526,3387600
2527,3068500
2528,2975800
2529,3536800
2530,3005400
2531,3241100
2532,3553500
2533,3044900
2534,2899800
2535,2937800
2536,3443400
2537,3065300
2538,3017700
2539,3303000
2540,3126600
2541,3263100
2542,3281500
2543,3099600
2544,2990600
2545,3113500
2546,3285400
2547,3685500
2548,3136500
2549,3356900
2550,3016700
2551,3248500
2552,3401600
2553,3052000
2554,2954900
2555,2929600
2556,3452300
2557,3344600
2558,3116500
2559,2949700
2560,3616500
2561,3261900
2562,4030500
2563,3141800
2564,3101000
2565,3069300
2566,3108200
2567,3256400
2568,3221700
2569,3101100
2570,3684800
2571,3118600
2572,3270100
2573,3107900
2574,3028000
2575,3316600
2576,3265100
2577,3742600
2578,3395500
2579,3014600
2580,3539000
2581,2999000
2582,3087700
2583,3127200
2584,2932600
2585,3145200
2586,3093300
2587,3098800
2588,3198300
2589,2943100
2590,3190100
2591,3413900
2592,3359600
2593,3117400
2594,3036700
2595,3225200
2596,3032900
2597,2990800
2598,3482400
2599,3230000
2600,3258900
2601,3344000
2602,2996600
2603,3273400
2604,3139600
2605,3066700
2606,3021900
2607,2979300
2608,3145200
2609,3226100
2610,3789400
2611,3585300
2612,3318600
2613,3124500
2614,3209500
2615,3068300
2616,3136500
2617,3019600
2618,3077500
2619,3453100
2620,3151400
2621,3227000
2622,3302300
2623,3077600
2624,3216300
2625,3337400
2626,3130500
2627,3156100
2628,3045600
2629,3452400
2630,3384800
2631,3132100
2632,3489800
2633,2966000
2634,3209900
2635,3237500
2636,2952200
2637,2998300
2638,2950700
2639,2911500
2640,3541700
2641,3044500
2642,3023100
2643,3342500
2644,3166700
2645,3450700
2646,3067300
2647,2960100
2648,3027600
2649,3301000
2650,3645600
2651,3133900
2652,3053100
2653,3436100
2654,3103900
2655,3195000
2656,3146300
2657,2970000
2658,3012800
2659,3144900
2660,3667100
2661,3270700
2662,3049700
2663,3110700
2664,3793800
2665,3242400
2666,3305900
2667,3024200
2668,2971200
2669,3191700
2670,3049500
2671,3214700
2672,3091100
2673,3263400
2674,3524900
2675,3162900
2676,3211700
2677,3054300
2678,2984600
2679,3065300
2680,3184200
2681,3318600
2682,3362800
2683,2966500
2684,3304700
2685,3266300
2686,3019800
2687,3288200
2688,3111400
2689,3227300
2690,2914800
2691,3022600
2692,3440100
2693,3180100
2694,3266000
2695,3267700
2696,3167700
2697,3299100
2698,3114400
2699,3857700
2700,3538800
2701,3604900
2702,3469500
2703,3248000
2704,3123100
2705,3341600
2706,3037100
2707,3369000
2708,3249800
2709,2960900
2710,2906300
2711,2952600
2712,3112900
2713,3328200
2714,3090000
2715,3009700
2716,3237400
2717,3278800
2718,3837000
2719,3216500
2720,2987900
2721,2891600
2722,3066200
2723,3855600
2724,4023700
2725,3895800
2726,3559500
2727,4287300
2728,4242300
2729,4442100
2730,3779200
2731,3889200
2732,3482300
2733,3461300
2734,3589400
2735,4160300
2736,3788700
2737,3394200
2738,3438900
2739,3848100
2740,3911800
2741,3455800
2742,3317300
2743,4013300
2744,3551200
2745,3834100
2746,3378700
2747,3297000
2748,4131300
2749,3862000
2750,3535200
2751,3408600
2752,3745600
2753,3539900
2754,3675300
2755,3453400
2756,3326500
2757,3481500
2758,3411400
2759,3817400
2760,3335800
2761,3307700
2762,4062700
2763,3794700
2764,3609800
2765,3347500
2766,3638800
2767,3392600
2768,3845600
2769,3424900
2770,3456100
2771,3861500
2772,4977100
2773,3934300
2774,5530700
2775,5708200
2776,3570400
2777,3154900
2778,3586700
2779,3474900
2780,2975500
2781,3264800
2782,3142200
2783,2897800
2784,2983600
2785,2995200
2786,3467300
2787,3279300
2788,2995700
2789,3584600
2790,3062900
2791,3217900
2792,3489400
2793,3227300
2794,2973600
2795,3031900
2796,3384200
2797,3587800
2798,2986400
2799,3419800
2800,3028300
2801,3166700
2802,3540500
2803,3128900
2804,2985200
2805,2895400
2806,3088200
2807,3494700
2808,3144700
2809,2971500
2810,3464900
2811,3056900
2812,3749100
2813,3188100
2814,3160900
2815,2898000
2816,3147800
2817,3687400
2818,3147600
2819,3097800
2820,3276100
2821,3149600
2822,3180300
2823,3203300
2824,2915600
2825,2961900
2826,3086300
2827,3192900
2828,3251700
2829,2977300
2830,3071200
2831,3535200
2832,3046500
2833,3412400
2834,3169000
2835,2996100
2836,3413600
2837,3519300
2838,3465400
2839,3156000
2840,2984300
2841,3577100
2842,3104700
2843,3395000
2844,3139400
2845,2958200
2846,3323800
2847,3206600
2848,3395700
2849,3398100
2850,3153300
2851,3467100
2852,2929800
2853,3118000
2854,3172200
2855,2961000
2856,3117500
2857,2945000
2858,3001900
2859,3206000
2860,3031800
2861,3216100
2862,3291600
2863,3088000
2864,3413500
2865,3284700
2866,3593100
2867,3073000
2868,3201500
2869,3484400
2870,3280700
2871,3264800
2872,3522900
2873,3045700
2874,3202100
2875,3256000
2876,3056700
2877,3058400
2878,2960000
2879,2989700
2880,3677700
2881,3304600
2882,3020000
2883,3574700
2884,3029000
2885,4059300
2886,3182000
2887,3001100
2888,2987600
2889,3277100
2890,3454600
2891,3106700
2892,2975000
2893,3562300
2894,3184100
2895,3310100
2896,3138000
2897,2904400
2898,2994400
2899,3031700
2900,3296000
2901,3139300
2902,2896900
2903,3029700
2904,3487700
2905,3114000
2906,3215900
2907,3086200
2908,3013300
2909,3131500
2910,3051000
2911,3163400
2912,3059400
2913,2927700
2914,3861300
2915,3280700
2916,3602900
2917,3097600
2918,3154000
2919,3119900
2920,2983300
2921,3136200
2922,3236200
2923,3050400
2924,3033500
2925,3556300
2926,3231800
2927,3204000
2928,3104300
2929,3080300
2930,2943800
2931,2964300
2932,3245400
2933,3220900
2934,3159800
2935,3277400
2936,3034700
2937,3574900
2938,3694000
2939,3126300
2940,3047100
2941,3197700
2942,3368000
2943,3284900
2944,3116900
2945,3301000
2946,3020300
2947,3265100
2948,3227000
2949,3033800
2950,2964300
2951,3128100
2952,3292900
2953,3913700
2954,3284500
2955,2951600
2956,3323400
2957,3136100
2958,3401300
2959,2952500
2960,2918000
2961,3071600
2962,3000500
2963,3950400
2964,3424600
2965,3059800
2966,3645500
2967,3160700
2968,3622000
2969,2965200
2970,3109900
2971,3131200
2972,3141200
2973,3472700
2974,3201300
2975,2991300
2976,3602600
2977,3735300
2978,3258400
2979,2978500
2980,3011100
2981,2955700
2982,3316400
2983,3192100
2984,3214000
2985,3045800
2986,3020900
2987,3957800
2988,3302400
2989,3292600
2990,3091300
2991,3164500
2992,3073900
2993,2948200
2994,3234800
2995,2970700
2996,3133900
2997,3411000
2998,3045300
2999,3247300
3000,3007700
3001,2991200
3002,3530900
3003,3506900
3004,4247300
3005,3280600
3006,3404900
3007,3610500
3008,3037700
3009,3196600
3010,2922000
3011,3446100
3012,3125200
3013,3017600
3014,3391400
3015,3076600
3016,3201800
3017,3265800
3018,2919200
3019,3210700
3020,3061800
3021,3251300
3022,3267300
3023,2872800
3024,3113200
3025,3548800
3026,3691100
3027,3835500
3028,4313100
3029,4139000
3030,3692200
3031,3483900
3032,3538300
3033,3538500
3034,4525800
3035,4456200
3036,4182400
3037,4054000
3038,3685100
3039,3317300
3040,3480800
3041,3348800
3042,3662500
3043,3330000
3044,2996400
3045,3481400
3046,2955500
3047,3319100
3048,3147100
3049,2986200
3050,2910600
3051,2910400
3052,3215600
3053,3819200
3054,3085000
3055,3082500
3056,3421700
3057,3095400
3058,3302700
3059,3075800
3060,2957800
3061,2984800
3062,3075000
3063,3319800
3064,3120700
3065,3011700
3066,3391400
3067,3060900
3068,3166900
3069,3113400
3070,3010600
3071,3376700
3072,3089000
3073,3122500
3074,3635400
3075,3070300
3076,3209500
3077,3463300
3078,3133200
3079,3240400
3080,2992200
3081,3190300
3082,3029300
3083,3059700
3084,3479300
3085,3048900
3086,3296900
3087,3594300
3088,3179600
3089,3575700
3090,3189900
3091,3249100
3092,2996100
3093,3043600
3094,3126600
3095,3179700
3096,3110000
3097,3027400
3098,3509900
3099,3340600
3100,3292000
3101,3325000
3102,3124300
3103,3025100
3104,3080600
3105,3574800
3106,3176400
3107,2973800
3108,3765100
3109,2968100
3110,3249600
3111,3253900
3112,3008400
3113,3049700
3114,3041800
3115,3142500
3116,3484100
3117,3100600
3118,3455100
3119,3016800
3120,3194100
3121,3384500
3122,3054800
3123,3092400
3124,3032600
3125,3178800
3126,4348500
3127,3187900
3128,3090600
3129,3368100
3130,3294700
3131,3184700
3132,3002000
3133,2938700
3134,2967800
3135,3108700
3136,3369400
3137,3158000
3138,3032500
3139,3348700
3140,3011100
3141,3736500
3142,3157700
3143,3059100
3144,3113600
3145,3310700
3146,3344400
3147,3066400
3148,3102000
3149,3226500
3150,3592000
3151,3662900
3152,3326300
3153,3181700
3154,3065800
3155,3211100
3156,3147800
3157,3351700
3158,3088200
3159,3478000
3160,3576700
3161,3145600
3162,3169300
3163,3062800
3164,3207700
3165,3065600
3166,2982800
3167,3353100
3168,3134400
3169,3192400
3170,3313400
3171,2974700
3172,3302500
3173,3101100
3174,3415900
3175,3450600
3176,3129800
3177,3536000
3178,3199100
3179,3209600
3180,3650100
3181,3117000
3182,3325200
3183,3068600
3184,3212800
3185,3020800
3186,3100000
3187,3167200
3188,3320400
3189,3039700
3190,3030600
3191,3610600
3192,4320100
3193,4498500
3194,3798700
3195,3232500
3196,3300100
3197,3964900
3198,3401700
3199,3162800
3200,4046500
3201,3491700
3202,3581100
3203,3207400
3204,3105600
3205,3245200
3206,3470400
3207,3611100
3208,3260900
3209,3750900
3210,3206000
3211,3798800
3212,3502000
3213,3246800
3214,3235300
3215,3673400
3216,4327100
3217,3670800
3218,3849200
3219,4273900
3220,4240900
3221,3592800
3222,3601000
3223,3697000
3224,4057500
3225,3954100
3226,3679800
3227,3984000
3228,3682000
3229,3838900
3230,3504300
3231,3723700
3232,3686000
3233,3832500
3234,3658500
3235,3714700
3236,3808800
3237,3708200
3238,3975100
3239,3744000
3240,3637400
3241,3670100
3242,3881400
3243,3779700
3244,3703200
3245,4002800
3246,3731500
3247,3554700
3248,3979800
3249,3852600
3250,3869500
3251,3923300
3252,4368200
3253,3812500
3254,3776800
3255,3470500
3256,3527300
3257,3265200
3258,3202300
3259,3124800
3260,3632200
3261,3333900
3262,3245000
3263,3329300
3264,2973100
3265,3260200
3266,3592600
3267,3750600
3268,3276500
3269,3064300
3270,3553400
3271,3395400
3272,3228200
3273,3399200
3274,2998100
3275,3601800
3276,3221000
3277,3014800
3278,2918200
3279,2965500
3280,3393700
3281,3340300
3282,3058000
3283,3004100
3284,3506100
3285,3350700
3286,3355600
3287,3120300
3288,2893800
3289,2929100
3290,3186400
3291,3208400
3292,3151300
3293,3025400
3294,3481000
3295,3532300
3296,3931200
3297,3706000
3298,3191300
3299,2941700
3300,3154900
3301,3227400
3302,3026100
3303,2937900
3304,3418400
3305,3321400
3306,3561900
3307,3160900
3308,3044100
3309,2908900
3310,3199400
3311,3285200
3312,3331800
3313,3007800
3314,2991600
3315,3605200
3316,3049600
3317,3210400
3318,2921500
3319,2910900
3320,3178700
3321,3153300
3322,3421400
3323,3166200
3324,3051700
3325,3694000
3326,3742300
3327,4402000
3328,3505700
3329,3645600
3330,3534000
3331,3709100
3332,3514700
3333,3394500
3334,3731900
3335,3358500
3336,3767100
3337,3649600
3338,3913000
3339,4040800
3340,4437000
3341,4176600
3342,3540300
3343,4002700
3344,3468300
3345,3593200
3346,3426300
3347,3248300
3348,3377400
3349,3646000
3350,3682200
3351,3843500
3352,3770100
3353,3162600
3354,3749800
3355,3323700
3356,3454900
3357,3242300
3358,3259800
3359,3939500
3360,3549000
3361,3443300
3362,3484800
3363,3307700
3364,3801100
3365,3363300
3366,3369500
3367,3418900
3368,3807200
3369,3827700
3370,3317400
3371,3820700
3372,3269400
3373,3675900
3374,3317600
3375,3988700
3376,4601800
3377,6130000
3378,5444100
3379,3199000
3380,3619000
3381,3833500
3382,3115800
3383,3101400
3384,3032900
3385,3025200
3386,3377000
3387,3103500
3388,2977200
3389,3407500
3390,3194700
3391,3517500
3392,2989700
3393,3214600
3394,2941400
3395,3225800
3396,3410800
3397,3163700
3398,2897800
3399,3007600
3400,4040400
3401,3664600
3402,3330300
3403,3012400
3404,3139200
3405,3088600
3406,3131000
3407,3340000
3408,2949200
3409,3021800
3410,3643800
3411,3058500
3412,3295600
3413,3071100
3414,3405400
3415,3128500
3416,3008500
3417,3570300
3418,3132700
3419,3590500
3420,3822400
3421,3196900
3422,3304600
3423,2981900
3424,3301500
3425,3210600
3426,3081700
3427,3684900
3428,3084500
3429,3266900
3430,3302100
3431,3070300
3432,3224600
3433,3053500
3434,3326000
3435,3150600
3436,3225100
3437,3055800
3438,3241700
3439,3064400
3440,3356100
3441,3132700
3442,2990900
3443,3237400
3444,3033300
3445,3107400
3446,2944500
3447,3021900
3448,3185900
3449,3395900
3450,3283600
3451,3304600
3452,3017000
3453,3309600
3454,3197300
3455,2937100
3456,3057400
3457,2900700
3458,2997300
3459,3490600
3460,3045900
3461,3085900
3462,3295900
3463,2932500
3464,3454100
3465,3079200
3466,3017700
3467,2950900
3468,2953700
3469,3959000
3470,3580200
3471,3244900
3472,3408000
3473,3215000
3474,3430500
3475,3133500
3476,3122900
3477,3003800
3478,3077800
3479,3245600
3480,3121700
3481,2997500
3482,2898400
3483,3770500
3484,3102700
3485,3299100
3486,2970300
3487,3029600
3488,3179800
3489,3008700
3490,3588400
3491,3081000
3492,2913200
3493,3740200
3494,3095200
3495,3221400
3496,3113400
3497,3048600
3498,3092600
3499,2949900
3500,3110400
3501,3292300
3502,3115000
3503,3115200
3504,3218100
3505,2928200
3506,3255600
3507,2890500
3508,3213000
3509,2915500
3510,3319100
3511,3587000
3512,3207500
3513,3205800
3514,3267900
3515,2949200
3516,3257300
3517,3663800
3518,3258800
3519,2961400
3520,2948200
3521,3226400
3522,3292700
3523,2966700
3524,3124300
3525,3327600
3526,3040200
3527,3442100
3528,3044600
3529,2850200
3530,2882800
3531,3111700
3532,3337900
3533,3041600
3534,3077200
3535,3240900
3536,2836500
3537,3391000
3538,3270900
3539,2965300
3540,2993300
3541,2963800
3542,3336000
3543,3538000
3544,3066000
3545,3151800
3546,3080400
3547,3048400
3548,3298500
3549,3095800
3550,3053800
3551,3057500
3552,3168400
3553,3340500
3554,3397800
3555,3313000
3556,3040100
3557,3575000
3558,3762200
3559,3268300
3560,2991400
3561,2960000
3562,3233800
3563,3193000
3564,3279000
3565,3034800
3566,3002800
3567,3537200
3568,3070700
3569,3161600
3570,2998900
3571,3020900
3572,2986800
3573,3756500
3574,4024700
3575,3214700
3576,3018100
3577,3613600
3578,3234700
3579,3398900
3580,2883600
3581,2929600
3582,3559800
3583,3215100
3584,3233700
3585,3092600
3586,3056100
3587,3466500
3588,3130200
3589,3152600
3590,3085200
3591,2872500
3592,3158500
3593,2965800
3594,2989100
3595,3548300
3596,3017700
3597,3292600
3598,3276800
3599,2998900
3600,3172700
3601,3019800
3602,3396200
3603,3623300
3604,3528800
3605,3461800
3606,3303100
3607,3386700
3608,3263000
3609,3010300
3610,3459300
3611,3300600
3612,3089900
3613,2958600
3614,3006900
3615,3318800
3616,3231500
3617,3119000
3618,3044600
3619,2932900
3620,3036800
3621,3534500
3622,3171600
3623,2974500
3624,2837600
3625,2971400
3626,4108700
3627,3232100
3628,3073800
3629,3244800
3630,2884200
3631,3876100
3632,3825400
3633,4144600
3634,3577100
3635,3974900
3636,3670000
3637,3553900
3638,3483300
3639,3609000
3640,3752300
3641,3693400
3642,3460900
3643,3732900
3644,3787800
3645,3721400
3646,3310200
3647,3809900
3648,3567000
3649,4007600
3650,3750800
3651,3266300
3652,3048500
3653,2955700
3654,3326100
3655,3042600
3656,3062400
3657,3603400
3658,2930600
3659,3645200
3660,3160400
3661,2970000
3662,3105800
3663,2947600
3664,3079000
3665,3309300
3666,2954300
3667,3165200
3668,3290700
3669,3084300
3670,3316200
3671,3049800
3672,3125400
3673,2940700
3674,2917900
3675,3358300
3676,3050700
3677,3483100
3678,3243400
3679,2961700
3680,3580000
3681,3349400
3682,3040400
3683,2991000
3684,2990200
3685,3218800
3686,3351200
3687,3134500
3688,2965300
3689,3329300
3690,3166900
3691,3362400
3692,3446400
3693,3017900
3694,3012400
3695,3043800
3696,3751500
3697,3250700
3698,3081800
3699,3406000
3700,3048400
3701,3465600
3702,3106600
3703,2912300
3704,2925500
3705,2922300
3706,3425400
3707,3379400
3708,3014900
3709,2959600
3710,3557300
3711,3892100
3712,3428000
3713,3059600
3714,2941600
3715,2980000
3716,3071500
3717,3278400
3718,3018900
3719,3030300
3720,3480800
3721,3186300
3722,3282000
3723,3077800
3724,3065600
3725,3076000
3726,3259000
3727,3294100
3728,3148400
3729,3063000
3730,3463800
3731,3538000
3732,3662300
3733,3186200
3734,2864100
3735,3153100
3736,3053400
3737,3201700
3738,3242700
3739,3048300
3740,3121800
3741,3526200
3742,3155000
3743,3184400
3744,3014500
3745,3146300
3746,3047700
3747,3019400
3748,3509200
3749,3243200
3750,3267800
3751,3250600
3752,2964300
3753,3263300
3754,3156500
3755,3455700
3756,3051200
3757,2957400
3758,3139200
3759,3329100
3760,3737900
3761,3535800
3762,3355000
3763,3637200
3764,3243000
3765,3056900
3766,2980700
3767,3061100
3768,3081500
3769,3406900
3770,3128400
3771,3049000
3772,3183300
3773,3329500
3774,3284600
3775,3074000
3776,2870000
3777,2957000
3778,2929600
3779,3529900
3780,3731700
3781,3168500
3782,3679400
3783,3110800
3784,3726700
3785,3185800
3786,3177600
3787,3030000
3788,2837600
3789,3499400
3790,3185000
3791,3025400
3792,3544600
3793,2948900
3794,3815000
3795,3333900
3796,2979100
3797,2900500
3798,2951600
3799,3295700
3800,3260700
3801,2977100
3802,2963500
3803,3385600
3804,2986000
3805,3322300
3806,3056100
3807,2975600
3808,2951100
3809,3070900
3810,3151900
3811,3194100
3812,3009300
3813,2945800
3814,3569900
3815,3224200
3816,3248300
3817,2943000
3818,3000700
3819,3137500
3820,3116100
3821,3419500
3822,3062900
3823,2971700
3824,3543700
3825,3115100
3826,3293500
3827,3048600
3828,2969500
3829,3648700
3830,3230300
3831,3053700
3832,3198000
3833,3170400
3834,3239700
3835,3203600
3836,3340200
3837,3401700
3838,3128600
3839,2999400
3840,3173600
3841,3051000
3842,3225800
3843,3399900
3844,3424500
3845,3910000
3846,3716200
3847,3892500
3848,3733400
3849,3750600
3850,3682300
3851,4139500
3852,3261500
3853,3343100
3854,3521600
3855,3313300
3856,3618100
3857,3230600
3858,3160100
3859,3094400
3860,3209200
3861,3846500
3862,3351500
3863,3376500
3864,3664500
3865,4108200
3866,3655100
3867,3450000
3868,3147600
3869,2937000
3870,3330200
3871,3147200
3872,2899300
3873,3011200
3874,3446600
3875,3384500
3876,3145900
3877,3012200
3878,3032800
3879,3001500
3880,3216800
3881,3318800
3882,3020400
3883,3130200
3884,3253600
3885,3424400
3886,3829900
3887,3017000
3888,3012400
3889,3017000
3890,3080900
3891,3320500
3892,3234900
3893,3030100
3894,3016300
3895,3756100
3896,3183900
3897,3137000
3898,3056800
3899,2961100
3900,3013000
3901,3056600
3902,3631700
3903,3086100
3904,3058500
3905,3368800
3906,2978800
3907,3445100
3908,3039600
3909,3134200
3910,3572400
3911,3501600
3912,3844300
3913,3419800
3914,3359500
3915,3527300
3916,3212100
3917,3115300
3918,2939900
3919,3343100
3920,3080700
3921,3004600
3922,3226300
3923,3329000
3924,3331300
3925,3380300
3926,3173500
3927,3292400
3928,3219000
3929,3069000
3930,2983200
3931,3048000
3932,2978200
3933,3273700
3934,3305800
3935,3055700
3936,3520500
3937,2953200
3938,3535300
3939,3562500
3940,3645400
3941,3646200
3942,3545700
3943,3901500
3944,3253500
3945,3563200
3946,3756600
3947,3928100
3948,3519500
3949,3291800
3950,3256600
3951,3393900
3952,4163100
3953,3308000
3954,3580800
3955,3497700
3956,3821300
3957,3657200
3958,3312900
3959,3417500
3960,3305000
3961,4451000
3962,4571400
3963,4151400
3964,3888300
3965,4059400
3966,3271400
3967,3281800
3968,3308700
3969,3516800
3970,3845700
3971,3694900
3972,3454000
3973,3699200
3974,3679000
3975,3610300
3976,3311400
3977,3222900
3978,3465300
3979,3734200
3980,3453400
3981,3412200
3982,3756100
3983,3522600
3984,3887000
3985,3375700
3986,3228600
3987,3487800
3988,3331900
3989,4437900
3990,4538000
3991,5779700
3992,6417400
3993,3174700
3994,3108700
3995,3109100
3996,2944800
3997,3541200
3998,3014300
3999,3116900
4000,3381100
4001,3034400
4002,3315100
4003,3016500
4004,3127900
4005,3052400
4006,2990500
4007,3339900
4008,3083200
4009,3282400
4010,3121200
4011,3400100
4012,3491100
4013,3125300
4014,3422300
4015,3090600
4016,2998400
4017,3046600
4018,3258400
4019,3033500
4020,3110400
4021,3294800
4022,2998600
4023,3513400
4024,3168100
4025,2988400
4026,2936000
4027,3044900
4028,3234700
4029,3406300
4030,3071500
4031,3432800
4032,3079900
4033,3760700
4034,3462600
4035,3028200
4036,2988300
4037,2934200
4038,3293000
4039,3210600
4040,2991500
4041,2990200
4042,3490000
4043,3199200
4044,3277000
4045,2999000
4046,2848800
4047,2871300
4048,3357400
4049,4074100
4050,3252600
4051,3015300
4052,3655300
4053,3237700
4054,3203800
4055,2967800
4056,2999800
4057,2996000
4058,3262200
4059,3269700
4060,3300600
4061,2897000
4062,2961200
4063,3433100
4064,2925500
4065,3117800
4066,2944200
4067,3208400
4068,3079000
4069,3029100
4070,3489900
4071,3106900
4072,3060300
4073,3837100
4074,2971300
4075,3384800
4076,3090200
4077,2934500
4078,3132700
4079,2893200
4080,3125100
4081,3350600
4082,3087200
4083,3775400
4084,3449400
4085,3554000
4086,3512200
4087,3423900
4088,3138700
4089,3039700
4090,3168900
4091,3221800
4092,3247600
4093,3024200
4094,3598100
4095,3154400
4096,3143800
4097,3187700
4098,3050100
4099,3062300
4100,3010700
4101,3620000
4102,3418200
4103,3093700
4104,3287400
4105,3000400
4106,3225400
4107,3313800
4108,3078100
4109,2999200
4110,2898000
4111,3180700
4112,3523700
4113,2976800
4114,3072200
4115,3238600
4116,3004100
4117,3446100
4118,3045700
4119,2976100
4120,3008500
4121,3006800
4122,3451000
4123,3103800
4124,3059200
4125,3282900
4126,2912900
4127,3672900
4128,3146200
4129,2937600
4130,2967700
4131,2928800
4132,3304700
4133,3273600
4134,3016400
4135,3080800
4136,3274100
4137,3628200
4138,3474200
4139,3087700
4140,2999200
4141,2899600
4142,3329700
4143,3340700
4144,3081000
4145,3031700
4146,3290000
4147,3157700
4148,3288400
4149,3076000
4150,3050200
4151,2906400
4152,3003500
4153,2952800
4154,3296200
4155,2975800
4156,3039800
4157,3958000
4158,3095100
4159,3168300
4160,2970900
4161,3020600
4162,3176700
4163,3048300
4164,3108000
4165,3389200
4166,3169700
4167,3105000
4168,3516300
4169,3241500
4170,3129200
4171,3372300
4172,3503500
4173,3220500
4174,3198800
4175,3262100
4176,3194400
4177,3190500
4178,3265600
4179,3099800
4180,3225500
4181,3105500
4182,3267900
4183,2910700
4184,2923400
4185,3320200
4186,3216300
4187,3246700
4188,3393200
4189,3116300
4190,3398100
4191,3483500
4192,3525700
4193,3149200
4194,2961700
4195,3265100
4196,3223300
4197,3298000
4198,3325100
4199,2894600
4200,3336200
4201,3299000
4202,3092300
4203,2875100
4204,3101200
4205,2953700
4206,4294700
4207,3164800
4208,3066000
4209,3227200
4210,3539400
4211,3959900
4212,3640600
4213,3235700
4214,3141700
4215,3335600
4216,3513000
4217,3014600
4218,3032800
4219,3427800
4220,3111000
4221,3122800
4222,3106800
4223,2959900
4224,2941000
4225,3256300
4226,3580700
4227,3159900
4228,3014700
4229,3402500
4230,3053200
4231,3279700
4232,3063900
4233,2986800
4234,3148200
4235,3234300
4236,3171900
4237,3383400
4238,3007300
4239,3344700
4240,3564600
4241,3486300
4242,3405300
4243,2985100
4244,3442800
4245,3858300
4246,4644600
4247,3794400
4248,3789400
4249,3568000
4250,3810100
4251,3537800
4252,3489300
4253,3509100
4254,3358800
4255,3937900
4256,3502800
4257,3988100
4258,3827300
4259,3519300
4260,3365700
4261,3099000
4262,2968200
4263,2871300
4264,2995600
4265,3487100
4266,3226300
4267,2959600
4268,3551700
4269,3031500
4270,3275600
4271,3640500
4272,3824800
4273,3596300
4274,3311800
4275,3650900
4276,3127700
4277,2963900
4278,3432800
4279,2998300
4280,3442500
4281,3137600
4282,2993200
4283,2945000
4284,3030600
4285,3290500
4286,3267800
4287,2935000
4288,3019700
4289,3458600
4290,3658700
4291,3319800
4292,2966800
4293,2926200
4294,3019000
4295,3142400
4296,3295800
4297,2992000
4298,3062800
4299,3521000
4300,3253500
4301,3336300
4302,3017200
4303,2987600
4304,3034900
4305,3159600
4306,3097200
4307,3299900
4308,2942500
4309,2998300
4310,3583700
4311,3379700
4312,3432300
4313,2988900
4314,3245800
4315,2955000
4316,2959800
4317,3339400
4318,3061700
4319,3027000
4320,3673000
4321,3075400
4322,3605300
4323,3077900
4324,3243900
4325,2978000
4326,3105000
4327,3735700
4328,3168900
4329,3426200
4330,3079300
4331,2986700
4332,3233800
4333,3140900
4334,3130200
4335,3063300
4336,2994900
4337,3101400
4338,3203100
4339,3081300
4340,3183600
4341,3399000
4342,2934300
4343,3495800
4344,3489200
4345,3510000
4346,3074800
4347,2973400
4348,3242100
4349,3384800
4350,3042100
4351,3468400
4352,3001600
4353,3202300
4354,3305700
4355,3060700
4356,2911400
4357,2923000
4358,3017500
4359,3302900
4360,3421200
4361,3029900
4362,3257800
4363,2993200
4364,3471300
4365,3150300
4366,3057000
4367,2905800
4368,2975600
4369,3641400
4370,3252500
4371,2992500
4372,3506900
4373,3134700
4374,3434800
4375,3197700
4376,3043300
4377,3022000
4378,2983500
4379,3717600
4380,3318600
4381,3056400
4382,2995800
4383,3665600
4384,3365100
4385,3198200
4386,2980200
4387,3066200
4388,2905400
4389,3083600
4390,3480500
4391,3042500
4392,2984200
4393,3529300
4394,3534400
4395,3673800
4396,3070900
4397,3146100
4398,3013200
4399,3603700
4400,3381600
4401,3110000
4402,3094500
4403,3336600
4404,3287600
4405,3211200
4406,3094300
4407,2913600
4408,2877000
4409,3288300
4410,3046000
4411,3286500
4412,2919500
4413,2964100
4414,3884300
4415,3368000
4416,3434000
4417,3119300
4418,3052000
4419,2939600
4420,3055400
4421,3228700
4422,3108000
4423,3091300
4424,3425400
4425,3178800
4426,3312500
4427,2982200
4428,3176600
4429,2957800
4430,2877300
4431,3081500
4432,3140600
4433,3188900
4434,3048600
4435,3236400
4436,3037500
4437,3110700
4438,3066600
4439,2989900
4440,2853500
4441,3109800
4442,3041300
4443,3869200
4444,3108900
4445,3091600
4446,3354300
4447,3263300
4448,3319900
4449,3007800
4450,2980400
4451,3049300
4452,3045000
4453,3689200
4454,3037900
4455,3052700
4456,3408400
4457,3094300
4458,3189000
4459,3010300
4460,2949900
4461,3045500
4462,3157500
4463,3291800
4464,3262000
4465,3147100
4466,3093900
4467,3547300
4468,3632200
4469,3238800
4470,2953400
4471,3024300
4472,3205000
4473,3012400
4474,3384400
4475,3150000
4476,3033700
4477,3467100
4478,3108200
4479,3373500
4480,3015200
4481,2954200
4482,3167300
4483,3218200
4484,3538600
4485,3115000
4486,3098500
4487,3464500
4488,2933300
4489,3221300
4490,3138000
4491,3106600
4492,3024700
4493,3022900
4494,3215700
4495,3261900
4496,3088100
4497,3170700
4498,3606100
4499,3122100
4500,3086700
4501,2968300
4502,3470200
4503,3576600
4504,3202800
4505,3480300
4506,3179200
4507,3175100
4508,3307400
4509,3173700
4510,3454900
4511,3141100
4512,3071700
4513,2902500
4514,3013200
4515,3120700
4516,3358100
4517,3125700
4518,3025000
4519,3325900
4520,3099100
4521,3592400
4522,3623100
4523,3501300
4524,3575200
4525,3252400
4526,3525000
4527,3175500
4528,3084800
4529,3427300
4530,3167100
4531,3419200
4532,3017800
4533,3055900
4534,2927800
4535,2974000
4536,4299400
4537,3196100
4538,3114200
4539,3133900
4540,3754500
4541,3429100
4542,3017300
4543,3015200
4544,2973500
4545,2967900
4546,3873600
4547,3174200
4548,3036200
4549,3310700
4550,3233900
4551,3743100
4552,3126300
4553,2873200
4554,2986300
4555,3301200
4556,4534200
4557,4039900
4558,3599800
4559,4089800
4560,3678200
4561,3500300
4562,3364700
4563,3281100
4564,3581900
4565,3791000
4566,3507000
4567,3519500
4568,3937400
4569,3571400
4570,3774900
4571,3393500
4572,3580100
4573,3441300
4574,3517600
4575,3584100
4576,3561300
4577,3604600
4578,3387300
4579,3616300
4580,3387000
4581,3604900
4582,3418600
4583,3415500
4584,4082000
4585,3462800
4586,4356100
4587,4276200
4588,4471200
4589,3837800
4590,3486300
4591,3449600
4592,3513300
4593,3533600
4594,3455400
4595,3797500
4596,3357700
4597,3664700
4598,4030900
4599,3674400
4600,3395900
4601,3360800
4602,3630700
4603,3405200
4604,4041100
4605,4366700
4606,4433000
4607,6446500
4608,4101100
4609,3201700
4610,3360500
4611,3110300
4612,3026900
4613,3170100
4614,3033200
4615,3901400
4616,3093700
4617,3032900
4618,2907800
4619,2963200
4620,3353200
4621,3198700
4622,3109400
4623,3264100
4624,2875500
4625,3478700
4626,3554000
4627,3042100
4628,2941500
4629,2983100
4630,3401700
4631,3207900
4632,3099200
4633,3003000
4634,3736400
4635,3509300
4636,3308200
4637,3093800
4638,3021500
4639,2959600
4640,3107100
4641,3458200
4642,3136100
4643,3015500
4644,3270900
4645,3216100
4646,3318700
4647,2982000
4648,2964100
4649,3056000
4650,3589700
4651,3808200
4652,3253800
4653,3204600
4654,3332500
4655,3018300
4656,3182700
4657,3160400
4658,3033800
4659,3107000
4660,3103000
4661,2994000
4662,3274200
4663,2984000
4664,3268800
4665,3457800
4666,3239800
4667,3797300
4668,3014400
4669,3397200
4670,3086700
4671,2932200
4672,3292100
4673,3109500
4674,3221400
4675,3169300
4676,2915300
4677,3246800
4678,3074600
4679,3099300
4680,3076200
4681,2906800
4682,3001500
4683,3308400
4684,3247900
4685,3299000
4686,3112500
4687,2976200
4688,3464200
4689,3189400
4690,3024200
4691,2969100
4692,3015500
4693,3276100
4694,3364700
4695,2955200
4696,3030000
4697,3609900
4698,3098200
4699,3766500
4700,3397100
4701,3060300
4702,3118100
4703,3573700
4704,3554300
4705,3172300
4706,2955900
4707,3650900
4708,3386700
4709,3242500
4710,3045100
4711,3002300
4712,3015500
4713,3171700
4714,3485000
4715,3052300
4716,2980400
4717,3523200
4718,3159700
4719,3416600
4720,3019300
4721,2954500
4722,3038100
4723,3168600
4724,3258100
4725,3099500
4726,3085100
4727,3036100
4728,3550700
4729,3213000
4730,3194900
4731,3015100
4732,3045300
4733,3104500
4734,3060900
4735,3346600
4736,3040000
4737,3070400
4738,3534200
4739,3056700
4740,3338500
4741,3034100
4742,3002200
4743,3116700
4744,3029700
4745,3097800
4746,3177000
4747,2988900
4748,3550000
4749,3384600
4750,3333200
4751,3194700
4752,3029700
4753,3429500
4754,3058400
4755,3117900
4756,3177700
4757,2975300
4758,3219200
4759,3156400
4760,2974800
4761,3319800
4762,3121300
4763,3195900
4764,3034000
4765,2949300
4766,3012700
4767,3207500
4768,3252600
4769,3178800
4770,3206200
4771,2946000
4772,3729500
4773,3260800
4774,2996400
4775,2935100
4776,3041900
4777,3313700
4778,3676700
4779,3200600
4780,3305200
4781,3002900
4782,3186200
4783,3211600
4784,3041800
4785,2965700
4786,2936200
4787,3269300
4788,3594800
4789,3220300
4790,3053600
4791,3646700
4792,3121800
4793,3313900
4794,2975700
4795,2967300
4796,2859800
4797,3010700
4798,3345100
4799,3084200
4800,2990600
4801,3411000
4802,3094700
4803,3599200
4804,3094200
4805,2987100
4806,2927100
4807,3027800
4808,3973300
4809,3654300
4810,3035800
4811,3516800
4812,3111800
4813,3519900
4814,3383800
4815,3087900
4816,2917900
4817,3110000
4818,3132400
4819,3247100
4820,2946300
4821,2953200
4822,4250700
4823,3886700
4824,3700600
4825,3275600
4826,3361500
4827,3202600
4828,3620700
4829,3257900
4830,3070200
4831,3433800
4832,3183800
4833,3242700
4834,3090000
4835,2896300
4836,3105200
4837,3061800
4838,3056300
4839,3214800
4840,3080800
4841,3220100
4842,3572800
4843,3034700
4844,3493400
4845,3384400
4846,3106800
4847,3028700
4848,2955200
4849,3268500
4850,3136500
4851,3148200
4852,3501600
4853,2955800
4854,3207700
4855,3351400
4856,3212200
4857,3118800
4858,2986900
4859,3162400
4860,3711400
4861,3619700
4862,4433800
4863,4193700
4864,3991500
4865,3477700
4866,3463400
4867,3524600
4868,3476900
4869,3903100
4870,3297300
4871,3720900
4872,3475200
4873,4173600
4874,3541200
4875,3514200
4876,3264700
4877,3542200
4878,3390500
4879,3275100
4880,3037200
4881,3352700
4882,3241400
4883,3511600
4884,3079800
4885,2949800
4886,2887900
4887,3086700
4888,3311500
4889,3213600
4890,3082800
4891,3438500
4892,3236200
4893,3480400
4894,3171300
4895,3046400
4896,3074000
4897,3397700
4898,3936000
4899,3849300
4900,3291400
4901,3717300
4902,2991000
4903,3303500
4904,3182300
4905,2988000
4906,3214200
4907,3105000
4908,3377100
4909,3314900
4910,3145200
4911,3711900
4912,3082100
4913,3254400
4914,3122400
4915,2942200
4916,3347500
4917,3245700
4918,3506300
4919,3438000
4920,3259100
4921,3409200
4922,3759200
4923,3316600
4924,3133900
4925,3276900
4926,3177800
4927,3007700
4928,2902100
4929,3346300
4930,3220700
4931,3086600
4932,3533500
4933,2960400
4934,3403000
4935,3655600
4936,3253500
4937,3064800
4938,2948400
4939,3174800
4940,3442500
4941,3644000
4942,3415900
4943,3249400
4944,3690800
4945,3398800
4946,3305500
4947,3257900
4948,3228600
4949,3497400
4950,3328200
4951,3311500
4952,3584900
4953,3274800
4954,3617800
4955,3210100
4956,3038500
4957,2936000
4958,3000400
4959,3666200
4960,3157200
4961,3238200
4962,2956200
4963,2980800
4964,3541900
4965,3148400
4966,2924600
4967,3061600
4968,2856400
4969,3309600
4970,3141300
4971,2932000
4972,3030200
4973,3495400
4974,3383700
4975,3277900
4976,2937000
4977,2877300
4978,2996500
4979,3251100
4980,3970200
4981,3032500
4982,3027900
4983,3548000
4984,3378000
4985,3196500
4986,3119200
4987,2961900
4988,3166500
4989,3040400
4990,3240000
4991,3305100
4992,2990600
4993,3356700
4994,3640500
4995,3453700
4996,3288200
4997,2989600
4998,3134900
4999,3253000
5000,3148600
5001,3264300
5002,3108800
5003,3211900
5004,3503500
5005,3528600
5006,3173100
5007,2902800
5008,3385400
5009,3443300
5010,3147200
5011,3593100
5012,3124800
5013,3243100
5014,3510200
5015,3040000
5016,3135400
5017,3048100
5018,3079400
5019,3040200
5020,2947300
5021,3239400
5022,3198000
5023,3008000
5024,3101400
5025,3521500
5026,3046600
5027,3200600
5028,3090200
5029,3115100
5030,3001800
5031,2956900
5032,3621000
5033,3161200
5034,3076700
5035,3332100
5036,3114200
5037,3173000
5038,3142100
5039,3087700
5040,3026500
5041,2892100
5042,3007500
5043,3355400
5044,3063000
5045,3016400
5046,3277600
5047,3104400
5048,3488000
5049,2987300
5050,3056600
5051,2935700
5052,3227500
5053,3422100
5054,3176000
5055,2977200
5056,3573500
5057,2891100
5058,3899300
5059,3289400
5060,3054900
5061,2906500
5062,2939500
5063,3392900
5064,3235300
5065,2961700
5066,3106900
5067,3160600
5068,3332100
5069,3290000
5070,2949700
5071,2909500
5072,2986700
5073,3207500
5074,3518600
5075,3108800
5076,2915200
5077,3618800
5078,3175300
5079,3383600
5080,3111800
5081,3013600
5082,2833800
5083,3258800
5084,3581100
5085,3415400
5086,3083100
5087,2954800
5088,3699600
5089,3108800
5090,3211000
5091,2934400
5092,2874200
5093,3030800
5094,3111300
5095,3445500
5096,2985900
5097,3019400
5098,3728600
5099,3088000
5100,3675300
5101,3187500
5102,3126700
5103,3116600
5104,3023600
5105,3203800
5106,3215400
5107,3158300
5108,3055700
5109,3478800
5110,3131200
5111,3346900
5112,3145100
5113,2928500
5114,3060200
5115,2991000
5116,3135100
5117,3640900
5118,4062900
5119,3478300
5120,2983300
5121,3318100
5122,3026200
5123,2913300
5124,3313300
5125,3061700
5126,3297500
5127,3220300
5128,2991000
5129,3446900
5130,2995200
5131,3081000
5132,3866800
5133,3541700
5134,3619700
5135,3074800
5136,3496400
5137,3171700
5138,3032000
5139,3491700
5140,3014200
5141,3410900
5142,3165400
5143,2950300
5144,3057600
5145,2931000
5146,3098500
5147,3272000
5148,2953500
5149,3118500
5150,3274000
5151,3383900
5152,3412100
5153,2954900
5154,3071500
5155,2859000
5156,3065400
5157,3197600
5158,4346900
5159,3132800
5160,3473400
5161,3220700
5162,3167700
5163,3011100
5164,3175200
5165,3223600
5166,3344200
5167,3366700
5168,3164900
5169,3006800
5170,3485400
5171,3949500
5172,4368600
5173,3689800
5174,3716900
5175,3425900
5176,3713400
5177,3638000
5178,3313300
5179,3468300
5180,3858400
5181,3608400
5182,3778700
5183,3550500
5184,3541200
5185,3617700
5186,4117600
5187,3473500
5188,3548900
5189,3738900
5190,3755900
5191,3686800
5192,3487700
5193,3292100
5194,3387600
5195,3628600
5196,3614500
5197,3337700
5198,3784900
5199,3309200
5200,4049300
5201,3462100
5202,3375300
5203,3326200
5204,3549700
5205,3651300
5206,3328200
5207,3367300
5208,3606200
5209,4198800
5210,4439300
5211,3968000
5212,3720600
5213,3910500
5214,3454500
5215,3498300
5216,3613200
5217,3407200
5218,3847000
5219,3844400
5220,4211900
5221,4495800
5222,6854700
5223,3986900
5224,3190700
5225,3030600
5226,3293200
5227,3048000
5228,2971600
5229,3076200
5230,2934100
5231,3360500
5232,3216500
5233,3038600
5234,3242100
5235,3651500
5236,3129100
5237,3129400
5238,3397800
5239,3105300
5240,3144800
5241,3102000
5242,3353100
5243,3058200
5244,3232200
5245,3479100
5246,3313100
5247,3604600
5248,3028500
5249,3027200
5250,3038200
5251,2912900
5252,3158000
5253,3072000
5254,3233400
5255,3233900
5256,2933000
5257,3611600
5258,3063600
5259,3058500
5260,2991100
5261,2942000
5262,2951500
5263,3204200
5264,3535500
5265,3343300
5266,3341800
5267,3054600
5268,3378700
5269,3232800
5270,2977000
5271,2938300
5272,3148200
5273,3637100
5274,3183500
5275,3047900
5276,3364900
5277,3016000
5278,3335100
5279,3354100
5280,3138500
5281,2987000
5282,3082500
5283,3360800
5284,3564500
5285,3076200
5286,3001400
5287,3496100
5288,3179600
5289,3522900
5290,3063700
5291,3010900
5292,2966800
5293,2909300
5294,3567100
5295,3083500
5296,2969200
5297,3480900
5298,2990700
5299,3761200
5300,3140700
5301,2999500
5302,2965600
5303,2971400
5304,3400200
5305,3399800
5306,3017000
5307,3106400
5308,3284700
5309,3252400
5310,3275300
5311,3037000
5312,2957000
5313,2931800
5314,3641200
5315,3699900
5316,3163900
5317,3236800
5318,3609400
5319,3261300
5320,3731300
5321,3079300
5322,3054400
5323,3125200
5324,2944900
5325,3516200
5326,3044400
5327,3110000
5328,3568000
5329,3077800
5330,3279900
5331,3074700
5332,2999100
5333,2972300
5334,3007000
5335,3337900
5336,3307200
5337,3049000
5338,3079300
5339,3407500
5340,3183800
5341,3151900
5342,3332900
5343,3099000
5344,3123300
5345,3121300
5346,3327400
5347,3187700
5348,3169200
5349,3608800
5350,2982000
5351,3229600
5352,3005300
5353,3196900
5354,3019300
5355,2978600
5356,3097100
5357,3320500
5358,3034700
5359,3074600
5360,3264700
5361,3051100
5362,3518600
5363,3226900
5364,3093100
5365,3006900
5366,2916000
5367,3499100
5368,3131200
5369,2990700
5370,3393300
5371,2956500
5372,3585200
5373,3184400
5374,3094800
5375,2982000
5376,3249100
5377,3283600
5378,3232100
5379,3015500
5380,3060000
5381,3308100
5382,3613300
5383,3255700
5384,2964500
5385,2963400
5386,3021300
5387,3110900
5388,3662500
5389,3463500
5390,2995800
5391,3706500
5392,3312300
5393,3350100
5394,3087900
5395,3054400
5396,3146800
5397,3452000
5398,3193400
5399,2955700
5400,3070700
5401,3408700
5402,3143400
5403,3337100
5404,3063800
5405,2948300
5406,3334300
5407,3149100
5408,3418100
5409,3382400
5410,3000600
5411,3241200
5412,3495500
5413,3148000
5414,3192000
5415,2920500
5416,3274300
5417,3072800
5418,3036600
5419,3567500
5420,3296800
5421,3143200
5422,3598900
5423,2965100
5424,3500600
5425,3018500
5426,3447300
5427,3436100
5428,3124900
5429,3310800
5430,3088900
5431,3167300
5432,3504700
5433,3115800
5434,3356200
5435,3487200
5436,3717200
5437,3424200
5438,3353500
5439,3590500
5440,3368600
5441,3085600
5442,3371400
5443,3092400
5444,3186000
5445,3139700
5446,2953900
5447,3002100
5448,2890400
5449,3097000
5450,3439600
5451,3014200
5452,3119500
5453,3331700
5454,3211300
5455,3537900
5456,3050100
5457,3092100
5458,2958800
5459,2931200
5460,3336600
5461,3053900
5462,3084400
5463,3373700
5464,2966700
5465,3259400
5466,3134700
5467,3052100
5468,2885700
5469,3080100
5470,3516300
5471,3365800
5472,3015200
5473,3132200
5474,3310600
5475,4401400
5476,4372400
5477,4054400
5478,3640200
5479,3570200
5480,3982100
5481,3414000
5482,3448300
5483,4312700
5484,3906100
5485,3879600
5486,3482000
5487,3457800
5488,3496100
5489,3934500
5490,3403400
5491,3378900
5492,3328500
5493,3189100
5494,3290400
5495,2975900
5496,3071000
5497,3015000
5498,2979900
5499,3419800
5500,3120400
5501,3181600
5502,3281900
5503,3246000
5504,3296100
5505,2970500
5506,3266200
5507,2853000
5508,2955600
5509,3398200
5510,3317700
5511,3204600
5512,2988200
5513,3388700
5514,3199100
5515,3440900
5516,3223800
5517,2919100
5518,2979600
5519,3003300
5520,3881300
5521,3692600
5522,3886000
5523,3842000
5524,3648200
5525,3457100
5526,3048900
5527,2947100
5528,3117800
5529,3257400
5530,3290800
5531,3005100
5532,3023900
5533,3380100
5534,3283500
5535,3180800
5536,3009000
5537,3010700
5538,2956400
5539,3036600
5540,3829500
5541,3159100
5542,3009300
5543,3435100
5544,3113000
5545,3390000
5546,3092000
5547,3333600
5548,2973000
5549,3380600
5550,3700400
5551,3259500
5552,3187000
5553,3225200
5554,3258200
5555,3377600
5556,3094900
5557,2989300
5558,3043400
5559,3048500
5560,3131000
5561,3590000
5562,3093100
5563,3015600
5564,3525200
5565,3406900
5566,3273800
5567,2943400
5568,3003700
5569,3105700
5570,3040400
5571,3269600
5572,3143500
5573,3102800
5574,3763900
5575,3144300
5576,3441900
5577,3388600
5578,3197100
5579,3265200
5580,2953300
5581,3125000
5582,3131600
5583,2988100
5584,3115700
5585,3520900
5586,3283900
5587,3248500
5588,3880600
5589,3880200
5590,3732000
5591,3594200
5592,3273200
5593,3492800
5594,3269400
5595,3028800
5596,3378500
5597,3334300
5598,3084400
5599,2894800
5600,2906500
5601,3162100
5602,3599200
5603,3081900
5604,3032400
5605,3295300
5606,3062600
5607,3616700
5608,3147300
5609,3073000
5610,2975600
5611,3005000
5612,3770900
5613,3126400
5614,2999400
5615,3641800
5616,3029900
5617,3461100
5618,3113500
5619,2962200
5620,3055200
5621,2961600
5622,3575700
5623,3722900
5624,3105300
5625,3728400
5626,3133200
5627,3708500
5628,3164400
5629,3250300
5630,3091800
5631,3170500
5632,3407800
5633,3190200
5634,2928000
5635,3025600
5636,3715600
5637,3389700
5638,3021200
5639,3008200
5640,2912100
5641,2824300
5642,3223500
5643,3205800
5644,3044600
5645,2974700
5646,3450200
5647,3249400
5648,3445900
5649,3009300
5650,3062200
5651,3271500
5652,3271700
5653,3475900
5654,3199300
5655,2926800
5656,3257500
5657,3555500
5658,3201700
5659,3180900
5660,2937200
5661,3093100
5662,2995500
5663,3116100
5664,3122200
5665,2913200
5666,3301400
5667,3635300
5668,3067200
5669,3286500
5670,3090700
5671,3637900
5672,3374800
5673,3103000
5674,3306200
5675,2994300
5676,3702600
5677,3595800
5678,3029700
5679,3312500
5680,3228800
5681,3104500
5682,3113600
5683,3065200
5684,3215200
5685,3382300
5686,3247000
5687,3121300
5688,3328200
5689,3198600
5690,3279800
5691,3125200
5692,3077600
5693,2989400
5694,2956200
5695,3512600
5696,3159400
5697,3076800
5698,3300300
5699,2874200
5700,3614100
5701,3090600
5702,3035100
5703,2922700
5704,3056400
5705,3478400
5706,3109500
5707,3007300
5708,3032300
5709,3464000
5710,3450900
5711,3218100
5712,3093300
5713,2904300
5714,2958800
5715,3283300
5716,3520400
5717,3219300
5718,3033800
5719,3436500
5720,3151900
5721,3338700
5722,3084000
5723,3048200
5724,2920800
5725,3199100
5726,3454400
5727,3169800
5728,3107400
5729,3427200
5730,3130700
5731,3432800
5732,3308900
5733,2908300
5734,2995700
5735,3570600
5736,3424000
5737,3238700
5738,2892700
5739,3329300
5740,3393600
5741,3084600
5742,3271700
5743,3245300
5744,3320600
5745,3740900
5746,3717900
5747,3583500
5748,3015500
5749,3300500
5750,3715000
5751,3700600
5752,3280900
5753,3013200
5754,3055000
5755,2877200
5756,3077500
5757,3232600
5758,3105900
5759,3171100
5760,3266100
5761,2889000
5762,3320900
5763,3143200
5764,3077900
5765,2871600
5766,2984700
5767,3361300
5768,3396600
5769,3090800
5770,3072400
5771,3305100
5772,3504400
5773,3243300
5774,3031300
5775,2989000
5776,2844400
5777,3606700
5778,3679200
5779,3181700
5780,3044300
5781,3368400
5782,3137100
5783,3985200
5784,3935800
5785,3690500
5786,3377300
5787,4049700
5788,3354100
5789,3468800
5790,3744600
5791,3756500
5792,3600800
5793,3424300
5794,3326100
5795,3563600
5796,3971600
5797,3777500
5798,3652500
5799,3758000
5800,4599200
5801,3958700
5802,3606400
5803,3660800
5804,3954100
5805,3771800
5806,3811500
5807,3881500
5808,4073800
5809,3864700
5810,3639100
5811,3435000
5812,3996700
5813,3565000
5814,3934000
5815,3551700
5816,3809300
5817,3711100
5818,3781000
5819,3671700
5820,3852800
5821,3714400
5822,3655100
5823,3842300
5824,3465100
5825,3881700
5826,4037100
5827,3822600
5828,3522600
5829,4124700
5830,4416900
5831,4678100
5832,4151500
5833,3669400
5834,3782500
5835,5682100
5836,3885900
5837,5972300
5838,6199900
5839,3599100
5840,3298500
5841,3393400
5842,3318300
5843,3866100
5844,3277700
5845,3605400
5846,3319800
5847,3132000
5848,3645100
5849,3355600
5850,3163500
5851,3761100
5852,3238300
5853,3396500
5854,3233300
5855,3129000
5856,3248900
5857,3252200
5858,3795000
5859,3265700
5860,3373300
5861,3514500
5862,3549500
5863,3423900
5864,3282400
5865,3190400
5866,3415600
5867,3604300
5868,3613500
5869,3159300
5870,3020600
5871,3668200
5872,3757400
5873,3210200
5874,2998300
5875,2963700
5876,3357500
5877,3422600
5878,3377900
5879,2923500
5880,3109200
5881,3611600
5882,3340600
5883,3237100
5884,3122600
5885,3024000
5886,3368900
5887,3204200
5888,3185400
5889,3271700
5890,2942300
5891,3861100
5892,3003700
5893,3622000
5894,3058200
5895,3189000
5896,3023600
5897,2984300
5898,3264400
5899,3110000
5900,3106200
5901,3176800
5902,3311000
5903,3254400
5904,3131200
5905,3347400
5906,3264700
5907,2981400
5908,3266400
5909,3500600
5910,3150500
5911,3164000
5912,3291100
5913,3118700
5914,3228700
5915,3143600
5916,3136500
5917,2989400
5918,2996900
5919,3344300
5920,3321600
5921,3884700
5922,3170400
5923,3090800
5924,3261100
5925,3596500
5926,3183800
5927,3085100
5928,3194600
5929,3272600
5930,3522100
5931,3137200
5932,3383700
5933,2979100
5934,3292300
5935,3160100
5936,3021000
5937,3054200
5938,2987800
5939,2973200
5940,3669100
5941,3045400
5942,3079000
5943,3417500
5944,3039400
5945,3659700
5946,3216400
5947,2990300
5948,3029100
5949,3180500
5950,3233200
5951,3214000
5952,3085700
5953,3267800
5954,2969200
5955,3401700
5956,3109600
5957,2979000
5958,2960500
5959,3123900
5960,3057500
5961,3325300
5962,2932200
5963,2975700
5964,3602000
5965,3171300
5966,3229700
5967,2909400
5968,2937800
5969,2941200
5970,3293700
5971,3430200
5972,3108500
5973,2962500
5974,3319200
5975,3313500
5976,3297900
5977,3103300
5978,3006900
5979,3362500
5980,3165800
5981,3108300
5982,3232700
5983,2985700
5984,3164500
5985,3791000
5986,3464600
5987,3293800
5988,2973700
5989,3151600
5990,3001900
5991,3076000
5992,3136400
5993,3281300
5994,3530700
5995,3709600
5996,3052700
5997,3363300
5998,3072900
5999,3184700
6000,2962900
6001,2998600
6002,3095900
6003,3281700
6004,3139100
6005,3067500
6006,3538100
6007,2987400
6008,3159700
6009,3531200
6010,3062600
6011,3010300
6012,3045100
6013,3206600
6014,3142400
6015,3018500
6016,3461100
6017,3119600
6018,3369900
6019,3107300
6020,2961500
6021,2996000
6022,2934200
6023,3102200
6024,3351100
6025,3095000
6026,3084800
6027,3568900
6028,3289700
6029,3409600
6030,3119400
6031,3070800
6032,2991600
6033,3045800
6034,3456600
6035,3103600
6036,3070300
6037,3427300
6038,4008500
6039,4667500
6040,3760000
6041,3058200
6042,3389600
6043,3369500
6044,3346200
6045,2980800
6046,2984300
6047,3525800
6048,3338900
6049,3274100
6050,3080800
6051,3050900
6052,3044000
6053,3016700
6054,3356300
6055,3068900
6056,2973900
6057,3398000
6058,3010600
6059,3414700
6060,3149700
6061,2977200
6062,3022100
6063,2977000
6064,3038700
6065,3271800
6066,2908000
6067,3750700
6068,3347500
6069,3190400
6070,3257100
6071,3026500
6072,3060100
6073,3105400
6074,3255100
6075,3479300
6076,3069300
6077,3342500
6078,3297000
6079,2946800
6080,3444000
6081,2954200
6082,3350000
6083,3801600
6084,4071300
6085,4231800
6086,3515800
6087,3517600
6088,4000600
6089,3581200
6090,3744900
6091,3446900
6092,3461600
6093,3487900
6094,4216300
6095,3473800
6096,3525400
6097,3634400
6098,3217300
6099,3345400
6100,3056200
6101,2884500
6102,3051000
6103,3047200
6104,3566300
6105,3007900
6106,3008000
6107,3487100
6108,2983900
6109,3425800
6110,3113900
6111,3016600
6112,3120600
6113,3052000
6114,3362200
6115,3190600
6116,2992400
6117,3081300
6118,3570000
6119,3446900
6120,3382900
6121,2952500
6122,3003000
6123,3076100
6124,3388600
6125,3258300
6126,2946400
6127,3058100
6128,3494000
6129,3400000
6130,3495300
6131,3131000
6132,2965800
6133,3254500
6134,3037300
6135,3422500
6136,3112300
6137,3055100
6138,3267100
6139,3692100
6140,4107900
6141,3678700
6142,3267800
6143,3240500
6144,3099600
6145,3484100
6146,3135500
6147,2974100
6148,3464400
6149,2976900
6150,3561700
6151,3092600
6152,3032800
6153,3540000
6154,3056000
6155,3289500
6156,3128600
6157,2938300
6158,3153100
6159,3691800
6160,3382500
6161,3214200
6162,3014900
6163,2977700
6164,2981500
6165,3167500
6166,3137100
6167,3116200
6168,3434300
6169,3316000
6170,3057600
6171,3312800
6172,2946700
6173,3205900
6174,2932200
6175,2898000
6176,3184200
6177,3119600
6178,3217900
6179,3165400
6180,3241600
6181,3173000
6182,3191500
6183,3760600
6184,3100600
6185,2964900
6186,3182900
6187,3610900
6188,3016400
6189,2938600
6190,3577700
6191,3001200
6192,3583000
6193,3025100
6194,3018100
6195,3013200
6196,3161900
6197,3606200
6198,3316600
6199,3026500
6200,3493000
6201,3002900
6202,3457300
6203,3038800
6204,2998700
6205,2964800
6206,3044000
6207,3255700
6208,3446000
6209,2968100
6210,2992100
6211,3313400
6212,3303200
6213,3242300
6214,2954200
6215,2991000
6216,2995200
6217,3224900
6218,3295000
6219,3146700
6220,2969900
6221,3098700
6222,3400800
6223,3280400
6224,3235100
6225,3053600
6226,3027600
6227,3138900
6228,3097800
6229,3159200
6230,3060400
6231,2972900
6232,4287000
6233,3316300
6234,3396200
6235,3036000
6236,3161000
6237,3083800
6238,3028400
6239,3647900
6240,2977700
6241,3323200
6242,3206100
6243,3024300
6244,3132100
6245,2991200
6246,3422300
6247,3152500
6248,3042800
6249,3154800
6250,3402700
6251,3040700
6252,3085500
6253,3419300
6254,3392900
6255,3484300
6256,3409700
6257,3046500
6258,3085400
6259,3240500
6260,3330900
6261,3454400
6262,3088600
6263,3557900
6264,3183900
6265,3352200
6266,3052500
6267,3001000
6268,2905700
6269,2958600
6270,3135400
6271,3167900
6272,2904000
6273,3126500
6274,3050200
6275,3129900
6276,3246100
6277,2973400
6278,2955900
6279,2923100
6280,3044900
6281,3932400
6282,3153800
6283,3044700
6284,3365000
6285,2904400
6286,3466000
6287,3113200
6288,3108600
6289,2986500
6290,3264800
6291,3647600
6292,3284000
6293,3095000
6294,3002700
6295,3555800
6296,3182600
6297,3128700
6298,2948600
6299,2986000
6300,3427100
6301,3034600
6302,3327600
6303,3043900
6304,2954200
6305,3445300
6306,3137200
6307,3557200
6308,3063700
6309,2988100
6310,3132200
6311,3039200
6312,3410100
6313,3079300
6314,2954600
6315,3241000
6316,3499600
6317,3201300
6318,3116000
6319,3156800
6320,3017900
6321,3008100
6322,2967700
6323,3225800
6324,3056700
6325,3165200
6326,3262800
6327,3031900
6328,3465300
6329,3079900
6330,3077700
6331,2964000
6332,2960000
6333,3113100
6334,3218600
6335,3255800
6336,3111500
6337,3356800
6338,3330300
6339,3301400
6340,3116800
6341,3099500
6342,2926200
6343,3047200
6344,3683000
6345,3242400
6346,3184800
6347,3312900
6348,2996600
6349,3793500
6350,3955000
6351,3809100
6352,3265700
6353,3069000
6354,3902000
6355,3348700
6356,3124400
6357,3625900
6358,3552800
6359,3253700
6360,2992500
6361,3060800
6362,3038500
6363,3075600
6364,3271600
6365,3031200
6366,3062700
6367,3289200
6368,3164200
6369,3385700
6370,3024900
6371,2903800
6372,2926600
6373,3138700
6374,3285800
6375,3195500
6376,2986500
6377,3070400
6378,3537200
6379,3396100
6380,3422100
6381,3031100
6382,3018800
6383,3228800
6384,3309900
6385,3375300
6386,3109600
6387,3047000
6388,3701600
6389,3152700
6390,3293200
6391,3290400
6392,3054800
6393,3253000
6394,3713500
6395,4419700
6396,3634100
6397,3705700
6398,3923000
6399,3751700
6400,3487300
6401,3592100
6402,3415100
6403,3311700
6404,3923900
6405,3747300
6406,3446600
6407,3930500
6408,3677200
6409,3588800
6410,3946000
6411,3406000
6412,3443400
6413,3750400
6414,3632300
6415,3466500
6416,3692400
6417,3594200
6418,3566300
6419,3443100
6420,3251500
6421,3218900
6422,3424400
6423,3804500
6424,3483100
6425,3430300
6426,3770500
6427,3903600
6428,3440900
6429,3328000
6430,3327700
6431,3452700
6432,4003000
6433,3399500
6434,3422500
6435,3634900
6436,3585600
6437,3849900
6438,3319300
6439,3307800
6440,3311300
6441,3892200
6442,5216700
6443,3946500
6444,6801200
6445,4879900
6446,3107700
6447,2974600
6448,2954100
6449,3982400
6450,3985200
6451,3903700
6452,3178400
6453,3243700
6454,3180700
6455,2984000
6456,3037600
6457,3384600
6458,3304100
6459,3290000
6460,3122800
6461,3002500
6462,3830900
6463,3189300
6464,3435200
6465,3150700
6466,3003400
6467,3098100
6468,3036200
6469,3306400
6470,3145300
6471,3033100
6472,3345500
6473,3439900
6474,3384000
6475,3431200
6476,3018400
6477,3262700
6478,3157500
6479,3050100
6480,3344200
6481,2981400
6482,3075400
6483,3596900
6484,3053200
6485,3349800
6486,3042100
6487,3471600
6488,3153900
6489,3081700
6490,3680200
6491,3238600
6492,3017500
6493,3610000
6494,2987500
6495,3500200
6496,3162400
6497,2957500
6498,2895200
6499,2964700
6500,3330200
6501,3315600
6502,2965200
6503,3286700
6504,3060100
6505,3364100
6506,3186000
6507,3071000
6508,2952800
6509,2909000
6510,3294400
6511,3613400
6512,3124200
6513,2928500
6514,3612000
6515,3069200
6516,3298600
6517,3030300
6518,2923500
6519,2836800
6520,3045400
6521,3228000
6522,3229400
6523,2983000
6524,2943300
6525,3476300
6526,3039600
6527,3566400
6528,2999700
6529,2942500
6530,3247800
6531,3052400
6532,3423200
6533,3151400
6534,3104500
6535,3431500
6536,3124800
6537,3281800
6538,3085700
6539,2895100
6540,3714000
6541,3068100
6542,3253400
6543,3333300
6544,3427800
6545,3425000
6546,3483200
6547,3414100
6548,3011500
6549,2982400
6550,2919700
6551,2992500
6552,2963800
6553,3325400
6554,3293000
6555,3348900
6556,3533100
6557,3010600
6558,3511000
6559,3152200
6560,3060500
6561,3030200
6562,2942200
6563,3474500
6564,3263400
6565,3047800
6566,3484300
6567,2984700
6568,3263700
6569,3217500
6570,3019200
6571,2960000
6572,3000900
6573,3052000
6574,3365400
6575,3158800
6576,3140500
6577,3241800
6578,2940500
6579,3137000
6580,3290000
6581,3114800
6582,2926100
6583,2902700
6584,3150500
6585,3383700
6586,3105000
6587,3102100
6588,3177900
6589,2977800
6590,3263000
6591,3147800
6592,2984200
6593,2913200
6594,2848900
6595,3264300
6596,3164700
6597,2942000
6598,2895300
6599,3868500
6600,3467800
6601,3103000
6602,2944900
6603,3054100
6604,2962000
6605,3141700
6606,3352900
6607,3377500
6608,3105500
6609,3669200
6610,3128100
6611,3129900
6612,3017100
6613,2947300
6614,3240800
6615,3056600
6616,3465100
6617,3159700
6618,3135000
6619,3364600
6620,2928200
6621,3344900
6622,3066700
6623,2892300
6624,3024600
6625,2990100
6626,3029400
6627,3289100
6628,2984300
6629,3121700
6630,3416300
6631,3029300
6632,3381100
6633,3029200
6634,3090800
6635,3078100
6636,2944500
6637,3163300
6638,3207700
6639,3042100
6640,3044800
6641,3480500
6642,3166900
6643,3291000
6644,3277200
6645,3086600
6646,3098500
6647,2911500
6648,3373300
6649,3593800
6650,3249300
6651,3371700
6652,2990700
6653,3525400
6654,3850300
6655,3501600
6656,3726400
6657,3320300
6658,3550700
6659,2991900
6660,2952100
6661,3475500
6662,3108400
6663,4180100
6664,3358500
6665,3058600
6666,3094300
6667,3158600
6668,3418900
6669,3103400
6670,2958500
6671,3352300
6672,3037200
6673,3308000
6674,3028900
6675,2983900
6676,2987300
6677,3024700
6678,3132600
6679,3170400
6680,3029100
6681,3111700
6682,3822500
6683,3257700
6684,3323900
6685,2988800
6686,3112600
6687,3176800
6688,3144800
6689,3317100
6690,3048600
6691,3084900
6692,3371800
6693,3068000
6694,3122900
6695,3052100
6696,3082900
6697,3276300
6698,3069200
6699,3202600
6700,3206900
6701,3007300
6702,3465300
6703,4502400
6704,4785500
6705,4269600
6706,3507100
6707,3269800
6708,3489800
6709,3561000
6710,3694500
6711,3545500
6712,3651900
6713,3681100
6714,3617400
6715,3593100
6716,3410900
6717,3629600
6718,3878200
6719,3274900
6720,3091100
6721,3265300
6722,3049300
6723,3174600
6724,3190600
6725,3020500
6726,2942100
6727,2926700
6728,3321600
6729,3236100
6730,3043300
6731,3341400
6732,2901600
6733,3512100
6734,3308500
6735,3011700
6736,2926000
6737,2991600
6738,3103200
6739,3509300
6740,3060100
6741,3017700
6742,3218600
6743,3062900
6744,3731600
6745,3067300
6746,3025300
6747,3010300
6748,3015300
6749,3614300
6750,3131500
6751,3104800
6752,3233000
6753,3258600
6754,3767600
6755,3108500
6756,3055000
6757,2915800
6758,3043900
6759,3153500
6760,3195300
6761,3099700
6762,2949100
6763,3914000
6764,4225100
6765,3692800
6766,3329000
6767,3227300
6768,3682600
6769,3564900
6770,3213700
6771,3172400
6772,3229100
6773,3001100
6774,3286900
6775,3157300
6776,3278900
6777,3251300
6778,3056900
6779,3133900
6780,3629000
6781,2981200
6782,3261000
6783,3291200
6784,3228400
6785,3288000
6786,2962200
6787,3297200
6788,3024000
6789,2939300
6790,3282800
6791,3295600
6792,3105000
6793,3535700
6794,3175700
6795,3274500
6796,3278600
6797,3002600
6798,2893500
6799,2957700
6800,3160200
6801,3161200
6802,3487800
6803,3105800
6804,3396000
6805,3333300
6806,3591300
6807,3129500
6808,2998200
6809,3090800
6810,3207300
6811,3609800
6812,3092900
6813,2997800
6814,3460800
6815,2913900
6816,3541300
6817,3065600
6818,3073000
6819,3016500
6820,3236500
6821,3704100
6822,3237000
6823,3356500
6824,3077600
6825,3012600
6826,3386800
6827,3097100
6828,3043200
6829,2924400
6830,3040200
6831,3220900
6832,3242800
6833,2955400
6834,2992300
6835,3346900
6836,3147300
6837,3399100
6838,3052300
6839,2992600
6840,3024400
6841,3476800
6842,3179700
6843,3142900
6844,2991100
6845,3271900
6846,3453900
6847,3351800
6848,3436600
6849,3104400
6850,3376200
6851,3651100
6852,3318000
6853,3147000
6854,3104200
6855,3295400
6856,3314700
6857,3439700
6858,3221300
6859,3051400
6860,3016500
6861,2961200
6862,3004500
6863,3350700
6864,3086200
6865,3319500
6866,3300000
6867,3037600
6868,3432900
6869,2978400
6870,3068500
6871,3017100
6872,3025300
6873,3385800
6874,3303600
6875,3122600
6876,3229500
6877,3039200
6878,3091700
6879,3303300
6880,3119300
6881,3055200
6882,2779800
6883,2929600
6884,3304300
6885,3167900
6886,3285100
6887,2995500
6888,2852000
6889,3325700
6890,3295200
6891,2995700
6892,2951400
6893,3002700
6894,3130100
6895,3415100
6896,3031300
6897,3045800
6898,3287200
6899,3059300
6900,4326700
6901,3129900
6902,2945800
6903,3112600
6904,3347900
6905,3326600
6906,3067900
6907,3033600
6908,3428100
6909,3231800
6910,3494100
6911,3075600
6912,3017900
6913,2856300
6914,3196300
6915,3229000
6916,3094300
6917,2939000
6918,2963600
6919,3932600
6920,3276500
6921,3184900
6922,2924100
6923,2924400
6924,3069600
6925,3036600
6926,3638300
6927,2983600
6928,3017200
6929,3590100
6930,3032900
6931,3211200
6932,3057000
6933,3011900
6934,3076900
6935,3016300
6936,3070800
6937,3147700
6938,3151900
6939,3167000
6940,3390700
6941,3087100
6942,3305500
6943,3295400
6944,3201600
6945,2940600
6946,2996000
6947,3286300
6948,3195100
6949,3065900
6950,3294500
6951,3049300
6952,3155700
6953,3323000
6954,3160800
6955,2899400
6956,3028900
6957,3220800
6958,3438200
6959,3082300
6960,3036800
6961,3422900
6962,2971400
6963,3991900
6964,3773300
6965,3501300
6966,3294700
6967,3059200
6968,3686100
6969,3122200
6970,3134900
6971,3305100
6972,3280300
6973,3250400
6974,2947200
6975,2980900
6976,2927900
6977,3019500
6978,4049400
6979,3627500
6980,3062200
6981,3645900
6982,3327800
6983,3255200
6984,3054200
6985,2921900
6986,2974600
6987,3330600
6988,3394700
6989,3002200
6990,2986100
6991,3085300
6992,3356400
6993,3191000
6994,3123100
6995,2999800
6996,3023400
6997,3463700
6998,3477100
6999,3426100
7000,3083800
7001,3180600
7002,3574200
7003,3138000
7004,3305200
7005,2871500
7006,3106500
7007,3088400
7008,3039500
7009,3364500
7010,2953800
7011,3319100
7012,3516900
7013,3006500
7014,3648000
7015,3128500
7016,3516100
7017,3637100
7018,4085800
7019,3737000
7020,3474000
7021,3727800
7022,3783900
7023,3983400
7024,3811700
7025,3524200
7026,3341700
7027,3397000
7028,4601000
7029,3434800
7030,3313700
7031,3936800
7032,3515400
7033,3673100
7034,3408700
7035,3346800
7036,3487700
7037,3605100
7038,3477800
7039,3485700
7040,3437700
7041,3381300
7042,3977500
7043,3474700
7044,3209500
7045,3288100
7046,3671700
7047,4282400
7048,3390400
7049,3561500
7050,3560500
7051,3985900
7052,3413400
7053,3327000
7054,3268300
7055,3225900
7056,3864900
7057,3440600
7058,3447300
7059,3519500
7060,3888000
7061,3761800
7062,3425600
7063,3310400
7064,3367700
7065,4065400
7066,4570000
7067,4182500
7068,7337600
7069,4180100
7070,3106500
7071,3028100
7072,4229500
7073,3945200
7074,3744300
7075,3328100
7076,3827900
7077,3145600
7078,3287300
7079,2973500
7080,2903800
7081,3142400
7082,3059100
7083,3405400
7084,3129700
7085,3454200
7086,3427300
7087,2994200
7088,3242100
7089,2966700
7090,3310900
7091,3058200
7092,2974200
7093,3312500
7094,3361100
7095,3348000
7096,3415000
7097,3062500
7098,3047700
7099,3179000
7100,3227600
7101,3036300
7102,2917400
7103,3060800
7104,3467800
7105,2948100
7106,3549900
7107,3506600
7108,2928000
7109,3506100
7110,3286300
7111,3121100
7112,3099400
7113,3063900
7114,3269300
7115,3382000
7116,3066100
7117,3387200
7118,2988300
7119,3335000
7120,3198700
7121,3192400
7122,2956200
7123,2887300
7124,3058700
7125,3467400
7126,3135000
7127,3008400
7128,3268000
7129,3094700
7130,3592500
7131,3108400
7132,2860200
7133,3002900
7134,3121800
7135,3625400
7136,3119000
7137,2990200
7138,2937200
7139,3475100
7140,3337500
7141,3223800
7142,3077100
7143,2910600
7144,2953600
7145,3203000
7146,3757500
7147,3011400
7148,2948500
7149,3548300
7150,3204100
7151,3143200
7152,2970700
7153,3103500
7154,2990000
7155,3714900
7156,3557600
7157,3148100
7158,3101200
7159,3660900
7160,3402400
7161,3619700
7162,3228500
7163,3016000
7164,3085900
7165,3414700
7166,3400400
7167,3100700
7168,2947600
7169,4014000
7170,2980300
7171,3193900
7172,3186400
7173,3103500
7174,3041100
7175,2966500
7176,3039200
7177,3079600
7178,3515600
7179,3166700
7180,3386300
7181,3363900
7182,3371400
7183,3126300
7184,3149400
7185,3026100
7186,2974100
7187,3283600
7188,3232800
7189,3127400
7190,3342800
7191,3259400
7192,3222600
7193,3270700
7194,3096200
7195,2889200
7196,2958800
7197,3171300
7198,3236600
7199,3116300
7200,3056000
7201,3264100
7202,2819200
7203,3415000
7204,3193200
7205,2979500
7206,2945600
7207,2877400
7208,3529200
7209,3335900
7210,3045500
7211,2934500
7212,3428100
7213,3469300
7214,3238100
7215,2979900
7216,2961100
7217,2991600
7218,3170400
7219,3295400
7220,3281600
7221,3049600
7222,3315300
7223,3170700
7224,3487000
7225,3321100
7226,3031600
7227,2877200
7228,3146800
7229,3387000
7230,3103900
7231,3030200
7232,2958400
7233,3942200
7234,3272600
7235,3017100
7236,3172000
7237,2911700
7238,3253200
7239,3250000
7240,3150500
7241,3045100
7242,3224500
7243,3270600
7244,3033500
7245,3172400
7246,2923400
7247,3028100
7248,3277400
7249,3085300
7250,3272900
7251,3135900
7252,3139000
7253,3180000
7254,3417100
7255,3245700
7256,3143000
7257,3040100
7258,3010200
7259,2986900
7260,2924800
7261,3151100
7262,3294000
7263,3151900
7264,3411300
7265,2982600
7266,3492900
7267,3640400
7268,3612500
7269,3549600
7270,3423000
7271,3261100
7272,3277200
7273,3272000
7274,3295200
7275,3009500
7276,3183400
7277,3182800
7278,3077100
7279,3023200
7280,2884500
7281,3233100
7282,3416800
7283,2936100
7284,2972800
7285,3537500
7286,3330700
7287,3978700
7288,3234300
7289,3119700
7290,2962800
7291,3335000
7292,3323400
7293,2940200
7294,3029100
7295,3522700
7296,3307600
7297,3242500
7298,2900200
7299,2962000
7300,2961600
7301,3236700
7302,3657500
7303,3168700
7304,3089000
7305,3424900
7306,3206700
7307,3362900
7308,2958200
7309,3119100
7310,2914000
7311,3064200
7312,3211400
7313,3335600
7314,2882100
7315,3069200
7316,3550800
7317,3285800
7318,3221500
7319,3002100
7320,3064100
7321,3420800
7322,3767300
7323,4171500
7324,4289000
7325,3975500
7326,3594000
7327,3817700
7328,3480100
7329,3511000
7330,3437000
7331,3521300
7332,3643600
7333,3440600
7334,3710800
7335,3608800
7336,3918400
7337,3439400
7338,3307000
7339,3098200
7340,3000900
7341,3236500
7342,3050000
7343,3062600
7344,3022400
7345,3330700
7346,3127200
7347,3206800
7348,3267000
7349,3139400
7350,2921800
7351,3275200
7352,3544200
7353,3353300
7354,3076700
7355,3428600
7356,3045500
7357,3166400
7358,3357500
7359,3174700
7360,2995200
7361,2980100
7362,3261200
7363,3318100
7364,2955000
7365,2930100
7366,3453600
7367,3162300
7368,3688300
7369,3153500
7370,2991200
7371,2894300
7372,2958500
7373,3362900
7374,2965500
7375,3101700
7376,3307700
7377,3041400
7378,3633000
7379,3141700
7380,2904300
7381,2965400
7382,3010200
7383,3980400
7384,3075900
7385,3012800
7386,2987500
7387,4211500
7388,4382700
7389,3766400
7390,3490600
7391,3201600
7392,3174000
7393,3286000
7394,2976900
7395,2945500
7396,3677500
7397,3391200
7398,3269900
7399,2901200
7400,2933600
7401,3082600
7402,3042800
7403,3711100
7404,3194800
7405,2981700
7406,3221300
7407,3361200
7408,3268000
7409,3081800
7410,3049800
7411,3018800
7412,3099600
7413,3093000
7414,3214200
7415,3028600
7416,3456300
7417,3663900
7418,2915200
7419,3139000
7420,3183900
7421,3551200
7422,3300100
7423,3095400
7424,3370800
7425,3103200
7426,3164400
7427,3481400
7428,2920700
7429,3263100
7430,3042500
7431,3285500
7432,3096900
7433,2975200
7434,3146700
7435,3267000
7436,3281700
7437,3260400
7438,3376800
7439,3093400
7440,3129500
7441,3191900
7442,3063900
7443,3122400
7444,3056700
7445,3307900
7446,3193700
7447,3020200
7448,3597900
7449,3026600
7450,3187700
7451,3217100
7452,2961700
7453,3218200
7454,2931600
7455,3359100
7456,3525000
7457,3092400
7458,3103300
7459,3392800
7460,3264200
7461,3213900
7462,3036600
7463,3027700
7464,2940800
7465,3118100
7466,3924200
7467,3423000
7468,3224300
7469,3329100
7470,3092800
7471,3710100
7472,3249500
7473,3207400
7474,2967700
7475,3104700
7476,3637300
7477,3015200
7478,3100200
7479,3375400
7480,3331900
7481,3423600
7482,3195200
7483,2950200
7484,3014100
7485,3251800
7486,3485200
7487,3169300
7488,2998300
7489,2971100
7490,3712400
7491,3476100
7492,3234300
7493,2985500
7494,2952300
7495,3108600
7496,3123200
7497,3280500
7498,3027400
7499,3535500
7500,3152900
7501,3340400
7502,3333700
7503,3073800
7504,3017600
7505,3049300
7506,2960300
7507,3214400
7508,3078300
7509,3029400
7510,3096500
7511,3691700
7512,3169800
7513,3190000
7514,3443100
7515,3518600
7516,3109200
7517,3193800
7518,3210600
7519,3188900
7520,3044300
7521,3303500
7522,3105000
7523,3424600
7524,3185100
7525,2964300
7526,3143500
7527,3158200
7528,3521600
7529,3193200
7530,3106800
7531,3437100
7532,3010500
7533,3367400
7534,3251700
7535,3063100
7536,2988500
7537,2990200
7538,3412900
7539,3263300
7540,2986700
7541,2998900
7542,3423400
7543,3642400
7544,3314000
7545,3004800
7546,3133900
7547,2973700
7548,3174000
7549,3340600
7550,2954700
7551,3041700
7552,3400600
7553,3331700
7554,3395600
7555,3054600
7556,2977300
7557,2901400
7558,3302100
7559,3564200
7560,3111300
7561,3022700
7562,2927200
7563,3997500
7564,3468600
7565,3160700
7566,2988500
7567,2904100
7568,3153000
7569,3459200
7570,3205400
7571,2919500
7572,2996600
7573,4023800
7574,3837600
7575,4164200
7576,3200900
7577,3377700
7578,3145500
7579,3788200
7580,3223800
7581,2888700
7582,3233700
7583,3328500
7584,3362800
7585,3136300
7586,2915100
7587,3144000
7588,2974000
7589,3097000
7590,3513900
7591,3182000
7592,3274900
7593,3168000
7594,3042700
7595,3514500
7596,3172600
7597,3101600
7598,3099200
7599,2976900
7600,3329800
7601,3586600
7602,3510500
7603,3696000
7604,2996900
7605,3274300
7606,3222200
7607,3474400
7608,3005400
7609,2979600
7610,3159600
7611,3615300
7612,3063700
7613,2981400
7614,3566300
7615,3289800
7616,3150400
7617,3027200
7618,2892000
7619,3017000
7620,3311800
7621,3484600
7622,3088100
7623,3063300
7624,3426900
7625,3262200
7626,3579300
7627,3073700
7628,2905700
7629,2996000
7630,3509000
7631,4223600
7632,3835800
7633,3685600
7634,3885300
7635,3599400
7636,3624200
7637,3432100
7638,3321400
7639,3607900
7640,3605500
7641,3531600
7642,3679300
7643,4557200
7644,3677500
7645,3631000
7646,3433300
7647,3496100
7648,3470600
7649,3814200
7650,3524400
7651,3286500
7652,3939700
7653,3510600
7654,3574000
7655,3381600
7656,3697200
7657,3369400
7658,3381700
7659,3501300
7660,3357200
7661,3604300
7662,3713700
7663,3941300
7664,3535400
7665,3506500
7666,3312200
7667,3399800
7668,3738900
7669,3552700
7670,3539600
7671,3544400
7672,3600300
7673,3583100
7674,3653700
7675,3413200
7676,3342200
7677,3901300
7678,3617300
7679,4253600
7680,4412700
7681,4429400
7682,6821400
7683,3775000
7684,3133200
7685,4188300
7686,3237400
7687,3049200
7688,3461000
7689,2948300
7690,3988700
7691,3203800
7692,2988100
7693,2966000
7694,3035500
7695,3794300
7696,3994700
7697,3836800
7698,3446300
7699,3506800
7700,3341700
7701,3097600
7702,3047800
7703,2971000
7704,3096500
7705,3321800
7706,2987800
7707,2928500
7708,3488000
7709,3359200
7710,3340400
7711,3043600
7712,2985700
7713,2916200
7714,3235000
7715,3186300
7716,3239500
7717,2992700
7718,3006000
7719,4015200
7720,3411300
7721,3239700
7722,3001600
7723,3003500
7724,3233600
7725,3236700
7726,3551700
7727,3025100
7728,3047900
7729,3505600
7730,2930400
7731,3286100
7732,2994500
7733,3004800
7734,3188800
7735,3129500
7736,3341200
7737,3025400
7738,2979700
7739,3305900
7740,3423000
7741,3534100
7742,3220300
7743,3114600
7744,3133800
7745,3006400
7746,3246700
7747,3171600
7748,3018400
7749,3352000
7750,3190800
7751,3128900
7752,3396000
7753,3196900
7754,3022900
7755,3001900
7756,3086000
7757,3292400
7758,3131600
7759,3235100
7760,2976500
7761,3485000
7762,3524200
7763,3324800
7764,3101500
7765,2987400
7766,3086900
7767,3105300
7768,3520600
7769,3412400
7770,3288900
7771,3285400
7772,3419500
7773,3328300
7774,3089700
7775,3134400
7776,3072200
7777,3213900
7778,3852700
7779,3149200
7780,3022100
7781,3591300
7782,3054300
7783,3571500
7784,3039500
7785,2927200
7786,2985300
7787,3017600
7788,3376900
7789,3105400
7790,3053100
7791,3556700
7792,3138300
7793,3271900
7794,3084100
7795,3075700
7796,2982200
7797,3336100
7798,3465100
7799,3160400
7800,3115700
7801,3190800
7802,3489100
7803,3436400
7804,3201100
7805,3092100
7806,3016300
7807,3044400
7808,2969700
7809,3203700
7810,3059100
7811,3116000
7812,3391900
7813,3073500
7814,3098400
7815,3052100
7816,3118500
7817,3381600
7818,3177000
7819,3203200
7820,3294500
7821,3063300
7822,3139900
7823,3491400
7824,3108700
7825,3088700
7826,3054500
7827,3143300
7828,2960800
7829,2921100
7830,3669300
7831,3433500
7832,3340500
7833,3427300
7834,2936200
7835,3270700
7836,3095400
7837,3162800
7838,2947100
7839,2977900
7840,3265400
7841,3268100
7842,3163000
7843,3047300
7844,3553100
7845,3017600
7846,3260300
7847,3278000
7848,2964300
7849,3002800
7850,2977300
7851,3703400
7852,3296600
7853,2995200
7854,3501800
7855,2970000
7856,3346100
7857,3088100
7858,2931200
7859,2896200
7860,3052100
7861,3526400
7862,3202500
7863,3079100
7864,3144400
7865,3257200
7866,3799900
7867,3302800
7868,3060100
7869,3036500
7870,3102500
7871,3232100
7872,3269800
7873,2972200
7874,3131100
7875,3169300
7876,3342200
7877,4056200
7878,3576500
7879,3242400
7880,3001000
7881,3564300
7882,3631200
7883,3051300
7884,3056500
7885,3587200
7886,3291200
7887,3184900
7888,3132600
7889,3064800
7890,3084700
7891,3107900
7892,3413000
7893,3103100
7894,3085000
7895,3395800
7896,3115600
7897,3230600
7898,3009000
7899,2943100
7900,3498400
7901,3254200
7902,3175700
7903,3160400
7904,2973800
7905,3687900
7906,3526800
7907,3238200
7908,3125200
7909,3222200
7910,3205400
7911,3145900
7912,3121700
7913,3235800
7914,3037000
7915,3250600
7916,3337400
7917,3109700
7918,3491400
7919,3310400
7920,3110100
7921,2999900
7922,2966900
7923,3233600
7924,3272700
7925,2996200
7926,3133900
7927,3400400
7928,3342300
7929,3400100
7930,3069300
7931,2982900
7932,2983100
7933,3330200
7934,3717700
7935,3694400
7936,4325400
7937,3797100
7938,4094100
7939,3497700
7940,3415100
7941,3356000
7942,3299500
7943,3907900
7944,3440200
7945,3589400
7946,3788100
7947,4059700
7948,3577600
7949,3410100
7950,3335600
7951,3180100
7952,3494000
7953,3023600
7954,3099200
7955,3229100
7956,3095700
7957,3521100
7958,3018700
7959,2901300
7960,2952300
7961,2955000
7962,3302500
7963,3157100
7964,3066000
7965,2974100
7966,3706000
7967,3462600
7968,3380500
7969,3122800
7970,3013800
7971,3044600
7972,3012700
7973,3328700
7974,3222700
7975,3050700
7976,3563600
7977,3044300
7978,3309700
7979,3164200
7980,2989000
7981,3245000
7982,3187800
7983,3440700
7984,3256100
7985,3031400
7986,3394900
7987,3333800
7988,3208100
7989,3164900
7990,3026700
7991,3075000
7992,3065800
7993,2908800
7994,7239900
7995,3199200
7996,3577000
7997,2998800
7998,3271300
7999,2903400
8000,3001800
8001,2973100
8002,2970700
8003,3689000
8004,3123300
8005,3123600
8006,3050300
8007,3471000
8008,3518500
8009,3135600
8010,3636900
8011,3870200
8012,3478400
8013,3760700
8014,3304600
8015,3032400
8016,3521300
8017,3082000
8018,3391900
8019,3299600
8020,3117300
8021,2956500
8022,2926000
8023,3346400
8024,3303100
8025,2987400
8026,2948700
8027,3462300
8028,3190400
8029,3656000
8030,3230600
8031,3039200
8032,3035100
8033,3136000
8034,3678700
8035,3310700
8036,3043700
8037,3442700
8038,3091400
8039,3352400
8040,2940600
8041,2969600
8042,2911300
8043,2963500
8044,3414900
8045,3099100
8046,2954800
8047,2958700
8048,3429300
8049,3268400
8050,3184000
8051,3009100
8052,2934200
8053,3013700
8054,3741500
8055,3476800
8056,3052500
8057,3002600
8058,3597900
8059,3380200
8060,3318400
8061,2830300
8062,3018300
8063,3107500
8064,3054500
8065,3244700
8066,3071200
8067,3031000
8068,2975400
8069,3690200
8070,3406000
8071,3130800
8072,3085800
8073,2903800
8074,3125800
8075,3083500
8076,3415800
8077,3046200
8078,2979700
8079,4245200
8080,3240800
8081,3295400
8082,3018700
8083,3130700
8084,3064400
8085,3177000
8086,3300600
8087,3104000
8088,3261100
8089,3580700
8090,3020400
8091,3627300
8092,3042700
8093,3273700
8094,3059600
8095,3055100
8096,3195100
8097,3218500
8098,3065000
8099,3135600
8100,3198500
8101,3392800
8102,3120300
8103,3243600
8104,3165900
8105,2928000
8106,2999500
8107,3627700
8108,3140500
8109,3080600
8110,3396200
8111,2965600
8112,3268500
8113,3151500
8114,3059200
8115,2994300
8116,2862500
8117,3104700
8118,3342000
8119,3051300
8120,3029600
8121,3615700
8122,3488400
8123,3363500
8124,3152900
8125,3021200
8126,2982500
8127,3553000
8128,3493700
8129,3241600
8130,3150900
8131,3172500
8132,3189500
8133,3187400
8134,2998200
8135,3012600
8136,3078300
8137,3185800
8138,3435100
8139,3198000
8140,2925700
8141,3198400
8142,3840000
8143,3353600
8144,3070900
8145,2904100
8146,3007500
8147,3259600
8148,3194900
8149,3285900
8150,3017200
8151,3036400
8152,3681400
8153,3016000
8154,3223700
8155,2923300
8156,2887600
8157,3238100
8158,3193800
8159,3642700
8160,3078800
8161,3022400
8162,3605400
8163,3089400
8164,3278600
8165,2953200
8166,3024400
8167,3046300
8168,3066000
8169,3146500
8170,3373800
8171,3020800
8172,3225100
8173,3284400
8174,3163000
8175,3670000
8176,3069100
8177,3196800
8178,3016400
8179,3094900
8180,3409200
8181,3137900
8182,3427500
8183,3275400
8184,3060000
8185,3252900
8186,2972600
8187,3686200
8188,3494600
8189,3721500
8190,3390500
8191,3457100
8192,3497300
8193,3513500
8194,3108000
8195,3293200
8196,3105000
8197,2985100
8198,2931300
8199,3101900
8200,3328700
8201,3328600
8202,3001800
8203,2985600
8204,3436200
8205,3152400
8206,3289400
8207,3007000
8208,2934600
8209,2959300
8210,3020900
8211,3583900
8212,3049900
8213,3069500
8214,3387100
8215,2936600
8216,3660300
8217,3475100
8218,3120300
8219,3111100
8220,3075400
8221,3380300
8222,3279000
8223,3063200
8224,3055500
8225,3360800
8226,3759500
8227,3200300
8228,3041100
8229,2970400
8230,3022200
8231,3232000
8232,3316500
8233,2977400
8234,3133500
8235,3376600
8236,3203600
8237,3295300
8238,2948900
8239,3021100
8240,3008800
8241,3302700
8242,3331500
8243,3024300
8244,3048600
8245,3038500
8246,3997300
8247,4123900
8248,3972000
8249,3697700
8250,3613900
8251,3773900
8252,3566600
8253,3458000
8254,3467200
8255,3887300
8256,3579300
8257,3406800
8258,4024700
8259,3646600
8260,3633500
8261,3641400
8262,3316600
8263,3434800
8264,3698000
8265,3487200
8266,3460100
8267,3454600
8268,3379000
8269,3436900
8270,3538700
8271,3305200
8272,3546600
8273,3446100
8274,3235000
8275,3427700
8276,3727000
8277,3465300
8278,3401300
8279,3453500
8280,3998400
8281,3528500
8282,3344000
8283,4219800
8284,3634900
8285,3418100
8286,3440400
8287,3237600
8288,3275400
8289,4254500
8290,3709800
8291,3390400
8292,3754400
8293,4141600
8294,3725500
8295,3979200
8296,4767400
8297,5386300
8298,6464300
8299,3288200
8300,3596700
8301,3535400
8302,3212000
8303,3026600
8304,2962600
8305,2993000
8306,3517700
8307,3208100
8308,3067100
8309,2930000
8310,3673200
8311,3326400
8312,3070600
8313,3058600
8314,2899100
8315,3162600
8316,3232700
8317,3362300
8318,3075600
8319,2980200
8320,3746500
8321,3670600
8322,4142200
8323,3681400
8324,3357000
8325,3472200
8326,3330000
8327,3079200
8328,2981200
8329,3266600
8330,3245000
8331,3277000
8332,3314100
8333,3008900
8334,3820300
8335,3253700
8336,3100600
8337,3206500
8338,2996300
8339,3383700
8340,3059700
8341,3399500
8342,3632000
8343,3640800
8344,3230200
8345,3078600
8346,2976000
8347,3366700
8348,3229500
8349,3073500
8350,3409900
8351,2980500
8352,3588100
8353,3352500
8354,3084600
8355,2916500
8356,2980700
8357,3537300
8358,3284000
8359,2933600
8360,3010100
8361,3414400
8362,3137500
8363,3233500
8364,3030600
8365,3028500
8366,2952200
8367,2946600
8368,3571500
8369,3061500
8370,3001600
8371,3522900
8372,3235100
8373,3412800
8374,3089000
8375,2954300
8376,2871000
8377,3277600
8378,3654000
8379,3100200
8380,3004300
8381,2943400
8382,3935100
8383,3734000
8384,3277700
8385,3033400
8386,3275600
8387,3154300
8388,3327800
8389,3165000
8390,3012500
8391,3242200
8392,3435400
8393,3437900
8394,3430800
8395,3084200
8396,3019800
8397,3103600
8398,3182900
8399,3222300
8400,2923900
8401,3117100
8402,3509300
8403,3202200
8404,3521400
8405,3021800
8406,3050700
8407,3016400
8408,3111500
8409,3484100
8410,3130600
8411,3018100
8412,3158400
8413,3698400
8414,3257100
8415,3076400
8416,3128400
8417,3114000
8418,3003800
8419,3097600
8420,3264600
8421,3294000
8422,3227500
8423,3570400
8424,3094200
8425,3158000
8426,3091800
8427,3119500
8428,3337700
8429,3020700
8430,3229400
8431,3392700
8432,3114200
8433,3428800
8434,2980700
8435,3292200
8436,3099000
8437,3125100
8438,3074900
8439,2954800
8440,3404700
8441,3205800
8442,3216100
8443,3143000
8444,3411700
8445,3566900
8446,3367100
8447,3005500
8448,2979400
8449,3004000
8450,3152200
8451,3279200
8452,3319800
8453,3036400
8454,3552200
8455,3275700
8456,3631100
8457,2957300
8458,3014200
8459,2968500
8460,3037500
8461,3693500
8462,3151100
8463,3114200
8464,2971100
8465,3871400
8466,3302100
8467,3041800
8468,3063600
8469,3022500
8470,3022200
8471,3210100
8472,3173000
8473,3095300
8474,3101500
8475,3443900
8476,2984100
8477,3272700
8478,3044400
8479,3063300
8480,3182200
8481,3025500
8482,3541000
8483,3151900
8484,3058800
8485,3265300
8486,3358700
8487,3242600
8488,3151800
8489,2909800
8490,3595400
8491,3659400
8492,4181400
8493,3318900
8494,3497800
8495,3235300
8496,2958800
8497,3562900
8498,3168700
8499,3150900
8500,2943000
8501,2949900
8502,3181400
8503,3396800
8504,3314000
8505,3137000
8506,3422700
8507,3063600
8508,3245400
8509,3081400
8510,2928400
8511,2912700
8512,2985500
8513,3290300
8514,3505900
8515,3134500
8516,3434700
8517,2974500
8518,3348400
8519,3195900
8520,3006800
8521,2937000
8522,2972000
8523,3111600
8524,4049400
8525,3433500
8526,3131900
8527,3557900
8528,3750000
8529,3296900
8530,2961000
8531,2929700
8532,2895100
8533,3273300
8534,3282200
8535,3005200
8536,2966700
8537,3558400
8538,3213400
8539,3265600
8540,2993700
8541,3025000
8542,2898500
8543,3288700
8544,3254700
8545,3032400
8546,2897100
8547,2919700
8548,3858400
8549,4355700
8550,4144100
8551,3607400
8552,3802400
8553,3769200
8554,3568200
8555,3348200
8556,3784300
8557,3807900
8558,3873200
8559,3504900
8560,3372800
8561,3426000
8562,3524800
8563,3760100
8564,3288500
8565,3447700
8566,3480700
8567,3557300
8568,3488000
8569,2868000
8570,3141300
8571,3022200
8572,3264900
8573,3612900
8574,3113900
8575,3240700
8576,3284100
8577,3188900
8578,3360900
8579,3299600
8580,3254100
8581,3064300
8582,2971500
8583,3676200
8584,3248300
8585,3054500
8586,3418400
8587,3092500
8588,3447600
8589,3268300
8590,3138800
8591,3036400
8592,2980900
8593,3184700
8594,3445900
8595,3145000
8596,3037500
8597,3540900
8598,3449400
8599,3336600
8600,3010700
8601,2999100
8602,3021900
8603,2965700
8604,3353900
8605,3040900
8606,3476100
8607,3190400
8608,3049200
8609,3520600
8610,3121600
8611,2924600
8612,3009300
8613,3011900
8614,3520200
8615,3413100
8616,3033800
8617,2952900
8618,3402700
8619,3543800
8620,3193100
8621,3027600
8622,3058700
8623,2963700
8624,3549300
8625,3425100
8626,3106300
8627,3063100
8628,3385100
8629,3176200
8630,3216900
8631,3028700
8632,3049400
8633,2990600
8634,3544800
8635,4396700
8636,3750200
8637,3615300
8638,3286600
8639,3335300
8640,3154200
8641,2979900
8642,2927400
8643,3481600
8644,3340200
8645,3276600
8646,3010500
8647,3017100
8648,3558300
8649,3037600
8650,3463700
8651,3138500
8652,3069100
8653,3149700
8654,3035400
8655,3199800
8656,3287600
8657,2928500
8658,3246300
8659,3303300
8660,3365100
8661,3207100
8662,3075900
8663,3184900
8664,2984100
8665,2988200
8666,3266600
8667,2924600
8668,3402300
8669,3143700
8670,2988000
8671,3482100
8672,3017800
8673,2961200
8674,3099500
8675,2950800
8676,3121100
8677,3258000
8678,3201800
8679,3056600
8680,3205700
8681,3004300
8682,3121800
8683,3593800
8684,3199600
8685,2942500
8686,3186000
8687,3410800
8688,3183900
8689,3077500
8690,3470700
8691,3062600
8692,3458500
8693,3831100
8694,3209800
8695,3155300
8696,3076300
8697,3500000
8698,3251100
8699,3175400
8700,3358200
8701,2942800
8702,3636800
8703,3194300
8704,3020900
8705,2933400
8706,2961500
8707,3353200
8708,3235800
8709,2934100
8710,2965800
8711,3570000
8712,3309600
8713,3340300
8714,3033900
8715,2927700
8716,2980600
8717,3184200
8718,3379800
8719,2976400
8720,3501100
8721,3191900
8722,3572900
8723,3442900
8724,3219300
8725,3106400
8726,2920900
8727,3435900
8728,3280800
8729,3129000
8730,2926200
8731,3000900
8732,3811600
8733,3234000
8734,3129600
8735,2977700
8736,3248800
8737,3276800
8738,3105100
8739,3371500
8740,2976800
8741,3350900
8742,3904400
8743,3189100
8744,3176900
8745,3044100
8746,3103000
8747,3116400
8748,2985900
8749,3279800
8750,3182500
8751,3176600
8752,3447100
8753,2979600
8754,3100800
8755,3019400
8756,3148100
8757,3062100
8758,2978300
8759,3352300
8760,3399500
8761,3166400
8762,3247600
8763,3337600
8764,3242400
8765,3354900
8766,3130600
8767,3225800
8768,3047800
8769,2989300
8770,3371900
8771,3220500
8772,3060900
8773,3492800
8774,3207500
8775,3464500
8776,3246700
8777,3044100
8778,3090200
8779,2962200
8780,3308000
8781,3434000
8782,3127800
8783,3046600
8784,3513600
8785,3286400
8786,3196500
8787,2956400
8788,3033800
8789,2935200
8790,3414600
8791,3523900
8792,3074900
8793,3218500
8794,3205500
8795,2969800
8796,4150200
8797,3571700
8798,3586300
8799,3131600
8800,3586600
8801,3360800
8802,3047100
8803,3091700
8804,3235800
8805,3226800
8806,3210200
8807,2966600
8808,2936800
8809,2875300
8810,3349300
8811,3444200
8812,2969000
8813,3019200
8814,3031900
8815,3803500
8816,3474800
8817,3005400
8818,2974900
8819,2898600
8820,3179900
8821,3077100
8822,3241900
8823,3074500
8824,3061800
8825,3529500
8826,3109600
8827,3652900
8828,3084300
8829,2984600
8830,3380700
8831,3339100
8832,3254800
8833,3118600
8834,2998800
8835,3973700
8836,3726400
8837,3297500
8838,3065700
8839,3025300
8840,2955600
8841,2977300
8842,3476400
8843,3257100
8844,2994200
8845,3076400
8846,3604900
8847,3252200
8848,3211200
8849,3036500
8850,3121900
8851,2901300
8852,3288000
8853,3368100
8854,3071900
8855,3168400
8856,3378700
8857,3108900
8858,3376500
8859,2943100
8860,3712800
8861,3695200
8862,4223500
8863,3699600
8864,3652300
8865,3411800
8866,4130900
8867,3738800
8868,3418000
8869,3403000
8870,3282200
8871,3427600
8872,4049500
8873,3419200
8874,3569100
8875,3927900
8876,3905200
8877,3578900
8878,3425700
8879,3409500
8880,3510300
8881,3827100
8882,3393600
8883,3428500
8884,3935800
8885,3869200
8886,3634300
8887,3372000
8888,3295100
8889,3294100
8890,3975400
8891,3533700
8892,3455200
8893,3623700
8894,3633700
8895,3849800
8896,3432100
8897,3265700
8898,3438600
8899,3499500
8900,3493400
8901,3284500
8902,3509600
8903,3786900
8904,3588900
8905,3482300
8906,3259100
8907,3764300
8908,3664100
8909,3671900
8910,4839100
8911,4536600
8912,7078100
8913,4564900
8914,3218800
8915,3119200
8916,2987900
8917,3152700
8918,3150700
8919,3328000
8920,3936300
8921,3069500
8922,3190700
8923,3064500
8924,3220600
8925,3100100
8926,3007700
8927,3353100
8928,3072200
8929,3341300
8930,3064500
8931,3464500
8932,3629700
8933,3171800
8934,3168000
8935,3113700
8936,2916100
8937,3619400
8938,3249900
8939,3142500
8940,3033000
8941,3441500
8942,3206800
8943,3578300
8944,3424200
8945,3931300
8946,3479200
8947,3458900
8948,3639900
8949,3208000
8950,3207300
8951,3081500
8952,3588800
8953,3269600
8954,3079500
8955,2979100
8956,3111400
8957,3410600
8958,3289400
8959,2999400
8960,2918900
8961,3665100
8962,3497200
8963,3168400
8964,2909100
8965,2950800
8966,2999800
8967,3233600
8968,3256900
8969,3025700
8970,3120900
8971,3274200
8972,3200400
8973,3606300
8974,3046700
8975,2979100
8976,2925600
8977,3186300
8978,3084800
8979,3255700
8980,2937000
8981,3100300
8982,3574600
8983,3336700
8984,3153900
8985,2994000
8986,2992900
8987,3160200
8988,3064800
8989,3397100
8990,3034500
8991,3034000
8992,3645400
8993,3140000
8994,3550800
8995,3099300
8996,3031400
8997,3581000
8998,3400300
8999,3312200
9000,3224200
9001,3392700
9002,3271400
9003,3509500
9004,3263800
9005,3119000
9006,3107700
9007,3057800
9008,3024200
9009,3413900
9010,3338600
9011,3183600
9012,3222900
9013,3375500
9014,3338000
9015,3151400
9016,3106000
9017,3065100
9018,2987600
9019,3028000
9020,3530400
9021,3131400
9022,3158800
9023,3337100
9024,2981400
9025,3570200
9026,3202700
9027,3121100
9028,2962300
9029,3021000
9030,3310400
9031,3440000
9032,3056500
9033,2975100
9034,3452300
9035,3483600
9036,3261600
9037,3028000
9038,3010300
9039,2976800
9040,2968600
9041,3566000
9042,3036500
9043,3095100
9044,3282200
9045,3353000
9046,3305400
9047,3080600
9048,3203200
9049,2926200
9050,3282600
9051,3479000
9052,3284300
9053,3237700
9054,2975100
9055,3611200
9056,3149900
9057,3425100
9058,2869000
9059,2965200
9060,3276400
9061,3538100
9062,3401200
9063,3048800
9064,3047100
9065,3715100
9066,3082600
9067,3477900
9068,2997100
9069,3086500
9070,3014200
9071,3047900
9072,3313900
9073,3009400
9074,3215900
9075,3271800
9076,2979500
9077,3617400
9078,3149000
9079,3175700
9080,3042200
9081,3005900
9082,3358200
9083,3157500
9084,3122400
9085,3057400
9086,3302600
9087,3199800
9088,3246100
9089,3176000
9090,3171900
9091,3150900
9092,3173300
9093,3150600
9094,3314700
9095,3434800
9096,3330300
9097,3034100
9098,3382200
9099,3401300
9100,3636500
9101,3647100
9102,3454400
9103,3428600
9104,3146300
9105,2980500
9106,3503400
9107,3141200
9108,3409000
9109,3092800
9110,3007600
9111,3002700
9112,3293100
9113,3633600
9114,3291700
9115,3018000
9116,3528000
9117,3047200
9118,3594500
9119,3357700
9120,3066400
9121,3088600
9122,3091200
9123,3474100
9124,3167900
9125,2992500
9126,3048700
9127,3394400
9128,3687100
9129,3193100
9130,2980800
9131,2985700
9132,3083500
9133,3459800
9134,3369000
9135,3020700
9136,3116300
9137,3274800
9138,3528100
9139,3395400
9140,2977900
9141,2956000
9142,3018500
9143,3416800
9144,3653300
9145,3167300
9146,3200000
9147,3953700
9148,3067700
9149,3529700
9150,3162300
9151,3049000
9152,3167600
9153,3110000
9154,3229700
9155,2976600
9156,3046100
9157,3360500
9158,3196100
9159,3461800
9160,3088000
9161,2895000
9162,3441700
9163,3730000
9164,4747500
9165,3865100
9166,3863800
9167,3987000
9168,3967200
9169,3437100
9170,3548000
9171,3555000
9172,3479400
9173,4230100
9174,3540700
9175,3796800
9176,3711800
9177,3770900
9178,3263200
9179,3203600
9180,3083000
9181,2948300
9182,3068000
9183,3183400
9184,3152000
9185,3079500
9186,3202100
9187,2929000
9188,3217400
9189,3354400
9190,3146700
9191,2906400
9192,2939600
9193,3124700
9194,3398500
9195,3052200
9196,3132300
9197,3374600
9198,3504500
9199,3321700
9200,3143000
9201,3043300
9202,2957900
9203,3046100
9204,3603200
9205,3070500
9206,2998200
9207,3573900
9208,3067300
9209,3559200
9210,3116000
9211,2967600
9212,2930200
9213,2946100
9214,3712900
9215,3224300
9216,3030200
9217,2975700
9218,3972000
9219,3386400
9220,3032900
9221,2951600
9222,2995900
9223,3036800
9224,3614200
9225,3204900
9226,2957300
9227,2948200
9228,3440300
9229,3650200
9230,3150400
9231,3018900
9232,2934400
9233,2980700
9234,3168900
9235,3850400
9236,3057800
9237,2978700
9238,3691700
9239,3339200
9240,3385300
9241,3033200
9242,3046800
9243,3198400
9244,3161300
9245,3295700
9246,3175100
9247,2977900
9248,3196000
9249,3437200
9250,3755200
9251,3309800
9252,2945000
9253,3338200
9254,3229100
9255,3335400
9256,3140200
9257,3452400
9258,3939200
9259,4279100
9260,3947600
9261,3366600
9262,3211900
9263,2953100
9264,2997500
9265,3754800
9266,3127100
9267,3061800
9268,3356000
9269,3021800
9270,3320300
9271,3050400
9272,3076900
9273,2973400
9274,3046600
9275,3320900
9276,3439300
9277,2952600
9278,3053200
9279,3597800
9280,3070300
9281,3545100
9282,3275600
9283,2944900
9284,3078000
9285,3075400
9286,3318000
9287,3046700
9288,2975300
9289,3539500
9290,2997700
9291,3380900
9292,3135100
9293,3003600
9294,2963400
9295,2944300
9296,3380900
9297,3637500
9298,3072200
9299,3022000
9300,3492300
9301,3460200
9302,3175100
9303,3057200
9304,2939700
9305,2910000
9306,3326400
9307,3785000
9308,3097000
9309,3153200
9310,3547500
9311,3503300
9312,3362800
9313,3149200
9314,3181600
9315,3182400
9316,3556400
9317,3348800
9318,3263800
9319,3119600
9320,3503200
9321,3186400
9322,3382200
9323,3050400
9324,3007300
9325,3171400
9326,2985800
9327,3097500
9328,3044900
9329,3108400
9330,3031800
9331,3916100
9332,3240400
9333,3029600
9334,3074700
9335,3141900
9336,2951600
9337,3288300
9338,3355800
9339,3134100
9340,3405600
9341,3300600
9342,3131400
9343,3289800
9344,3030600
9345,3062400
9346,2958600
9347,2959200
9348,3242800
9349,3139900
9350,3153200
9351,3070500
9352,3570800
9353,3293200
9354,3141300
9355,3403500
9356,3376000
9357,3150800
9358,3270400
9359,3217600
9360,3081900
9361,3070500
9362,3351600
9363,3159300
9364,3181100
9365,3196800
9366,3141900
9367,2939200
9368,3018700
9369,3671900
9370,3243300
9371,3045000
9372,3335700
9373,2985400
9374,3358600
9375,3117200
9376,3020300
9377,2982500
9378,2939200
9379,3307900
9380,3272300
9381,3097900
9382,3013500
9383,3469700
9384,3042900
9385,3302900
9386,3019800
9387,3051700
9388,2921400
9389,3599000
9390,3669000
9391,3098600
9392,3032300
9393,3412300
9394,3082900
9395,3426200
9396,3091900
9397,2993300
9398,2977100
9399,3202800
9400,3518800
9401,3176300
9402,3062100
9403,2895300
9404,3468700
9405,4205000
9406,3743500
9407,3589700
9408,3176600
9409,3321100
9410,3470800
9411,3014200
9412,2984900
9413,3098900
9414,3452300
9415,3423900
9416,3143800
9417,2946000
9418,3002700
9419,3382600
9420,3383000
9421,3340600
9422,3112200
9423,3057800
9424,3474600
9425,3191000
9426,3199900
9427,3023900
9428,3210800
9429,3384700
9430,3119700
9431,3210900
9432,3019800
9433,3204600
9434,3762000
9435,3002800
9436,3407300
9437,3008700
9438,3154100
9439,3185800
9440,3031700
9441,3626200
9442,3169500
9443,3106800
9444,3043300
9445,3474200
9446,3237600
9447,3111000
9448,3242200
9449,3049700
9450,2901900
9451,3082800
9452,3262800
9453,3503000
9454,3511200
9455,3297600
9456,3107800
9457,3745300
9458,3233600
9459,3036700
9460,3011800
9461,3009800
9462,3356600
9463,3233300
9464,2991100
9465,3523400
9466,2924300
9467,3494400
9468,3183600
9469,3047900
9470,2981400
9471,2969900
9472,3632900
9473,3933700
9474,3770000
9475,3622800
9476,4582800
9477,4061100
9478,3430300
9479,3498700
9480,3752100
9481,3737900
9482,3444700
9483,3292400
9484,4064200
9485,3564400
9486,3644700
9487,3425500
9488,3428300
9489,3493900
9490,3980900
9491,3519100
9492,3418500
9493,3275300
9494,4097000
9495,4227300
9496,3393600
9497,3266800
9498,3486500
9499,3373700
9500,3857000
9501,3381200
9502,3652900
9503,3666200
9504,3771000
9505,3564500
9506,3599500
9507,3605000
9508,3412100
9509,3942500
9510,3412200
9511,3514800
9512,3453700
9513,3461200
9514,3550300
9515,3348100
9516,3573700
9517,3405000
9518,3508400
9519,3392100
9520,3417100
9521,3995800
9522,6431900
9523,6614000
9524,4690800
9525,3212000
9526,3310500
9527,3265300
9528,3096000
9529,3244600
9530,2944000
9531,3279200
9532,3237700
9533,2985700
9534,2947700
9535,2978100
9536,3346900
9537,3601700
9538,2997300
9539,3060700
9540,3384900
9541,3120900
9542,3581100
9543,3020600
9544,3024200
9545,2999900
9546,2978600
9547,3892700
9548,3094400
9549,3002500
9550,3380600
9551,3130300
9552,3602700
9553,2969500
9554,2905900
9555,3022600
9556,2984400
9557,3569400
9558,3230900
9559,3008000
9560,3060100
9561,3316000
9562,3817000
9563,3221600
9564,2926000
9565,3056200
9566,3424300
9567,3833800
9568,4017600
9569,3681600
9570,3202300
9571,3770200
9572,3298600
9573,3155600
9574,2998800
9575,2972900
9576,3176700
9577,3346900
9578,3123100
9579,3020400
9580,3087000
9581,3434900
9582,3102900
9583,3290000
9584,2958300
9585,2881200
9586,3300700
9587,3048700
9588,3530500
9589,3099500
9590,3155600
9591,3485400
9592,3039100
9593,3372700
9594,2950700
9595,2947300
9596,3311700
9597,3034500
9598,3132200
9599,3253800
9600,2897900
9601,3242900
9602,3192400
9603,3190000
9604,3367400
9605,3031500
9606,3140700
9607,2989900
9608,3083800
9609,3384300
9610,2999400
9611,3647600
9612,3371300
9613,3829400
9614,3356700
9615,3266700
9616,3209200
9617,3109000
9618,3062400
9619,3128300
9620,3343600
9621,3152600
9622,3053900
9623,3451800
9624,3473400
9625,3309900
9626,3108600
9627,2987600
9628,3012200
9629,3158900
9630,3522500
9631,3164800
9632,2953900
9633,3434100
9634,3217900
9635,3336100
9636,3057200
9637,2986100
9638,2883900
9639,3045100
9640,3795000
9641,3220100
9642,3104900
9643,3314500
9644,3057500
9645,3372700
9646,3010400
9647,2972100
9648,2964700
9649,2960300
9650,3232300
9651,3372800
9652,3033600
9653,2975100
9654,3378400
9655,3081300
9656,3295600
9657,3087800
9658,2989800
9659,2958300
9660,3233000
9661,3467300
9662,3290900
9663,3132600
9664,3041600
9665,3596900
9666,3212200
9667,3029600
9668,3070300
9669,2946900
9670,3141400
9671,3155100
9672,3228800
9673,2976500
9674,2986600
9675,3915700
9676,3369800
9677,3322300
9678,2996800
9679,3181700
9680,3118000
9681,3153900
9682,3260100
9683,3061200
9684,3210400
9685,3507500
9686,3107800
9687,3231100
9688,3006500
9689,3182700
9690,3111300
9691,2987200
9692,3500200
9693,3178000
9694,3146600
9695,3095200
9696,3436700
9697,3145800
9698,3090800
9699,3149600
9700,3006600
9701,2999600
9702,3074300
9703,3544600
9704,3080700
9705,3038000
9706,3434900
9707,3071000
9708,3260800
9709,3646600
9710,3665300
9711,3608800
9712,3438800
9713,3721600
9714,3197700
9715,2965600
9716,3510400
9717,3045600
9718,3377700
9719,3120500
9720,2968900
9721,3050200
9722,3039400
9723,3595400
9724,3297200
9725,3083300
9726,3042700
9727,3617900
9728,3438400
9729,3069900
9730,3016000
9731,3020100
9732,2980300
9733,3548000
9734,3291500
9735,2985900
9736,3092800
9737,3299700
9738,3188600
9739,3305600
9740,2970300
9741,3080800
9742,2995300
9743,3455600
9744,3347900
9745,3162700
9746,3055200
9747,3707500
9748,3141700
9749,3207700
9750,3075700
9751,3179800
9752,3072700
9753,3047800
9754,3146400
9755,3184900
9756,3004100
9757,3213800
9758,3350900
9759,3124700
9760,3265300
9761,3087600
9762,3607800
9763,3367500
9764,3113400
9765,3725000
9766,3221100
9767,3210400
9768,3588100
9769,3172200
9770,3315400
9771,3124200
9772,3017000
9773,2975900
9774,3126000
9775,3327600
9776,3533000
9777,3695900
9778,4749200
9779,4430900
9780,3803000
9781,3472900
9782,3529300
9783,3650500
9784,3943900
9785,3566400
9786,3562900
9787,4010300
9788,4122300
9789,3640400
9790,3437300
9791,3406100
9792,3562500
9793,3294100
9794,3019700
9795,3073000
9796,3244700
9797,3327500
9798,3781900
9799,3066100
9800,2947000
9801,3029800
9802,3131300
9803,3401000
9804,3005000
9805,2959600
9806,3058500
9807,3414800
9808,3236500
9809,3245500
9810,3060900
9811,3002300
9812,3428600
9813,3260600
9814,3309800
9815,3044600
9816,3466100
9817,3098900
9818,3226400
9819,3401400
9820,3040300
9821,3236400
9822,3137200
9823,3105100
9824,3187100
9825,3025700
9826,3250700
9827,3083100
9828,3646900
9829,4024500
9830,3151800
9831,3230600
9832,3087700
9833,3037200
9834,3185900
9835,3161400
9836,3086000
9837,3064700
9838,3543300
9839,3334100
9840,3368900
9841,3135000
9842,2955900
9843,3069700
9844,3130400
9845,3431000
9846,3035400
9847,3036700
9848,3329300
9849,3043300
9850,3624500
9851,3145600
9852,2929500
9853,2950200
9854,3036500
9855,3528900
9856,3294600
9857,3019700
9858,3154200
9859,3132300
9860,3449400
9861,3323200
9862,2996300
9863,3024200
9864,2981500
9865,3626200
9866,3333400
9867,3029000
9868,3058400
9869,3310500
9870,3151200
9871,3134600
9872,2984600
9873,2963000
9874,2869200
9875,3613100
9876,3467200
9877,3083800
9878,3051800
9879,3048900
9880,3952100
9881,4404400
9882,3770700
9883,3301500
9884,3174200
9885,3174500
9886,3385200
9887,3089800
9888,3081800
9889,3438200
9890,3009600
9891,3221200
9892,3180400
9893,2890400
9894,3133100
9895,2998500
9896,3372900
9897,3521500
9898,3055600
9899,3174200
9900,3437000
9901,3226100
9902,3142700
9903,2958900
9904,3057300
9905,3064000
9906,2996400
9907,3412500
9908,2981700
9909,3311100
9910,3410900
9911,3077600
9912,3219600
9913,2986900
9914,3229500
9915,3020400
9916,2961400
9917,3489000
9918,3466400
9919,3036100
9920,2970500
9921,3387000
9922,3191700
9923,3573700
9924,3500800
9925,3234100
9926,3047900
9927,3303300
9928,3394900
9929,3126600
9930,3180400
9931,3326400
9932,3360800
9933,3791700
9934,3101200
9935,3028400
9936,2944300
9937,3077600
9938,3327700
9939,3081500
9940,3034800
9941,3337700
9942,3079200
9943,3288800
9944,3084100
9945,3097300
9946,2942100
9947,3096900
9948,3310300
9949,3263500
9950,2986200
9951,3028900
9952,3393200
9953,3480200
9954,3209100
9955,3003100
9956,2977700
9957,2964900
9958,3211600
9959,3430100
9960,3097300
9961,3093800
9962,3652600
9963,3167700
9964,3286400
9965,2964300
9966,3103500
9967,3000600
9968,3385400
9969,3179600
9970,3086900
9971,2985500
9972,3058400
9973,3788000
9974,3150700
9975,3196000
9976,2983100
9977,3188000
9978,3428000
9979,3624200
9980,3453200
9981,3076100
9982,3800600
9983,3165900
9984,3220700
9985,3147700
9986,3302400
9987,3255300
9988,2999900
9989,3024600
9990,3294300
9991,3078800
9992,3273800
9993,3217200
9994,2951800
9995,3129400
9996,3405400
9997,3168700
9998,3002500
9999,2962300
10000,3234600
10001,3498400
10002,3274700
10003,3100600
10004,3436600
10005,3394200
10006,3525300
10007,3028200
10008,3092100
10009,3162600
10010,3103100
10011,3837000
10012,3876900
10013,3089000
10014,3490900
10015,3467700
10016,3746600
10017,3480400
10018,3396600
10019,2988500
10020,3992400
10021,3237800
10022,3087100
10023,3104800
10024,3638700
10025,3319000
10026,2937100
10027,2991600
10028,3040000
10029,3229200
10030,3196400
10031,3397900
10032,3173000
10033,2986100
10034,3560600
10035,3605600
10036,3381900
10037,3222700
10038,3028000
10039,3043900
10040,3185600
10041,3175000
10042,3238600
10043,3313700
10044,3330400
10045,3032200
10046,3533500
10047,3065800
10048,2931300
10049,3222100
10050,3264300
10051,3393000
10052,3133300
10053,3012800
10054,3412800
10055,3446200
10056,3183000
10057,3190400
10058,3025200
10059,3496300
10060,3460700
10061,3854000
10062,3819500
10063,3975200
10064,3986700
10065,4076000
10066,3868000
10067,3662600
10068,3304200
10069,3264900
10070,3612000
10071,3501200
10072,3895400
10073,3402000
10074,4139100
10075,3518500
10076,3460900
10077,3099900
10078,3274000
10079,3509900
10080,4117600
10081,3472200
10082,3419700
10083,3487100
10084,3845300
10085,3822700
10086,3956800
10087,3557100
10088,3583200
10089,3839000
10090,3377700
10091,3465900
10092,3736900
10093,3970300
10094,3353100
10095,3388800
10096,3466200
10097,3773600
10098,3748700
10099,3347600
10100,3340000
10101,4312000
10102,4065600
10103,3490900
10104,3398200
10105,3409800
10106,3440900
10107,3880100
10108,3444800
10109,3477800
10110,3898500
10111,3457100
10112,3472400
10113,3362100
10114,3377700
10115,3797200
10116,3588600
10117,3637900
10118,3374000
10119,3685700
10120,3642700
10121,3657400
10122,3272600
10123,3209300
10124,3449000
10125,3305900
10126,3709000
10127,3351900
10128,4265600
10129,3714200
10130,3854600
10131,3820200
10132,3412100
10133,4860600
10134,3923900
10135,7526500
10136,4631400
10137,3195500
10138,3268800
10139,3045800
10140,3130700
10141,2936100
10142,3010800
10143,3358300
10144,3087500
10145,3363500
10146,3211600
10147,3340900
10148,3194300
10149,3285700
10150,2973900
10151,3002500
10152,2976600
10153,2932900
10154,3222000
10155,3305700
10156,3133400
10157,3449200
10158,3053700
10159,3585400
10160,3223100
10161,3058800
10162,2924700
10163,3107300
10164,3918700
10165,3301700
10166,3077800
10167,3067300
10168,3480500
10169,3340000
10170,3193900
10171,2946700
10172,3045800
10173,2992800
10174,3612100
10175,3553800
10176,3101400
10177,3139200
10178,3179400
10179,3291300
10180,3088200
10181,2943400
10182,3006900
10183,2930800
10184,3778700
10185,4400000
10186,3761600
10187,3436300
10188,3675400
10189,3582300
10190,3081000
10191,3098900
10192,2998600
10193,3288100
10194,3186100
10195,3330800
10196,3081000
10197,2930000
10198,3593900
10199,3398100
10200,3412300
10201,3019800
10202,2931000
10203,3160100
10204,3102700
10205,3260100
10206,3045200
10207,3211200
10208,3596100
10209,2944200
10210,3388900
10211,3102900
10212,3301500
10213,3054400
10214,3115900
10215,3353300
10216,3286100
10217,3234500
10218,3098800
10219,3525900
10220,3729900
10221,3222900
10222,3727900
10223,3272200
10224,3178100
10225,3414900
10226,3427300
10227,3597100
10228,3201000
10229,3438000
10230,3321600
10231,3266400
10232,3107600
10233,2929800
10234,2990900
10235,3439000
10236,3570100
10237,3462300
10238,3249400
10239,3746300
10240,3379600
10241,3392600
10242,3252400
10243,3234900
10244,3282100
10245,3575000
10246,3419900
10247,3216500
10248,3247000
10249,3497300
10250,3940900
10251,3467200
10252,3203000
10253,3141500
10254,3210900
10255,3916200
10256,3369700
10257,3209300
10258,3433800
10259,3200400
10260,3671000
10261,3375900
10262,3109900
10263,3157100
10264,3496000
10265,3588200
10266,3531200
10267,3405900
10268,3788100
10269,3540300
10270,3295500
10271,3170300
10272,3227600
10273,3403800
10274,3482100
10275,3375000
10276,3281000
10277,3206300
10278,4140600
10279,3497100
10280,3195900
10281,3359300
10282,3392600
10283,3232300
10284,3777000
10285,3218700
10286,3042300
10287,3240300
10288,3426300
10289,3188300
10290,3066200
10291,2978500
10292,3199300
10293,3021300
10294,3136300
10295,3229100
10296,3055300
10297,3213700
10298,3209400
10299,3030900
10300,3472300
10301,3176500
10302,3087800
10303,2943400
10304,3071400
10305,3297800
10306,3282300
10307,3190200
10308,3052300
10309,3556600
10310,3412500
10311,3613400
10312,3759000
10313,3528200
10314,3412700
10315,3625000
10316,3534500
10317,3066100
10318,3606900
10319,3055900
10320,3497700
10321,3007800
10322,3123400
10323,3024800
10324,3049500
10325,3648500
10326,3274800
10327,2977900
10328,2979100
10329,3534100
10330,3294700
10331,3125600
10332,3032000
10333,2925600
10334,2892500
10335,3136500
10336,3693500
10337,2991100
10338,3090400
10339,3255200
10340,3189200
10341,3433700
10342,3101300
10343,2979500
10344,3025600
10345,3056700
10346,3495800
10347,3282100
10348,2988000
10349,3051200
10350,3639300
10351,3746400
10352,3219400
10353,3010100
10354,2942800
10355,3170400
10356,3302400
10357,3299000
10358,3014700
10359,3017200
10360,3844800
10361,3586100
10362,3077300
10363,3003800
10364,2948700
10365,3264500
10366,3350000
10367,3916100
10368,3230800
10369,3489100
10370,3465500
10371,3479000
10372,3308000
10373,3186700
10374,4001700
10375,3474500
10376,3467200
10377,3494100
10378,3234700
10379,3537100
10380,3657300
10381,3490300
10382,3324100
10383,4061300
10384,4345300
10385,4728800
10386,4117200
10387,3867300
10388,3900100
10389,3873500
10390,3940400
10391,3638900
10392,3590900
10393,3635200
10394,4086300
10395,3875100
10396,3760700
10397,3959600
10398,4443300
10399,4047300
10400,3505500
10401,3292900
10402,3232700
10403,3551100
10404,3373700
10405,3267400
10406,3472300
10407,3648600
10408,3562300
10409,3192500
10410,3037600
10411,2928200
10412,3270200
10413,3286600
10414,3148400
10415,3035600
10416,3597800
10417,3188800
10418,3691400
10419,3116100
10420,3012200
10421,2846400
10422,3222100
10423,3339600
10424,3046400
10425,2974400
10426,3027800
10427,3558700
10428,3688400
10429,3483000
10430,3020000
10431,3003600
10432,3086900
10433,3698300
10434,3349800
10435,3148400
10436,3332700
10437,3506300
10438,3258200
10439,3081200
10440,2922400
10441,3225500
10442,3151700
10443,3064500
10444,3315300
10445,3111500
10446,3212700
10447,3658000
10448,3321800
10449,3526000
10450,3074000
10451,3174100
10452,2961300
10453,3093000
10454,3263900
10455,3070600
10456,3464500
10457,3194100
10458,3534200
10459,3435900
10460,3061400
10461,3114500
10462,3052900
10463,3011200
10464,3334100
10465,3197000
10466,3462100
10467,3356200
10468,3432800
10469,3371100
10470,3082800
10471,3161700
10472,3031500
10473,3101900
10474,3205000
10475,3210000
10476,3482200
10477,3181600
10478,3195900
10479,2943800
10480,3204700
10481,3395200
10482,3044700
10483,2910100
10484,3058900
10485,3431400
10486,3120300
10487,3095700
10488,3044600
10489,3383600
10490,3837000
10491,3500000
10492,3857000
10493,3557600
10494,3309300
10495,3392100
10496,3054800
10497,3047400
10498,3329700
10499,3401700
10500,3795500
10501,2968500
10502,2963600
10503,2994300
10504,3170400
10505,3562300
10506,3205100
10507,2969900
10508,3066300
10509,3401100
10510,3200400
10511,3086600
10512,2970800
10513,3024900
10514,3173600
10515,3147600
10516,3179100
10517,3019900
10518,3012700
10519,3716900
10520,3040400
10521,3484000
10522,3154600
10523,2913900
10524,3750600
10525,3310200
10526,3368700
10527,3111700
10528,3282000
10529,3231100
10530,3615300
10531,3300900
10532,3035200
10533,3191400
10534,3022300
10535,3073600
10536,3500800
10537,3190500
10538,3095800
10539,3325400
10540,3168200
10541,3259300
10542,3213200
10543,3071500
10544,3030500
10545,2954400
10546,3090200
10547,3258800
10548,3147600
10549,3138800
10550,3157700
10551,2981500
10552,3411500
10553,3232600
10554,3065900
10555,3017600
10556,2962300
10557,3116600
10558,3429200
10559,3086200
10560,3096000
10561,3250400
10562,3312300
10563,3511000
10564,3164000
10565,3177100
10566,3182900
10567,3542200
10568,3703100
10569,3377500
10570,3203500
10571,3597100
10572,3631700
10573,3362500
10574,3255500
10575,3105000
10576,3589600
10577,3488600
10578,3387800
10579,3306600
10580,3334000
10581,3818100
10582,3520900
10583,3327700
10584,3279200
10585,3478700
10586,3243700
10587,3522400
10588,3225800
10589,3266400
10590,3293900
10591,3746900
10592,3587500
10593,3228300
10594,3479100
10595,3172600
10596,3232100
10597,3350100
10598,3309700
10599,3357400
10600,3310500
10601,3428000
10602,3743700
10603,3529700
10604,3322700
10605,3127900
10606,3137000
10607,3465600
10608,3395000
10609,3452800
10610,3267200
10611,3089700
10612,3473900
10613,3552700
10614,3587200
10615,3678400
10616,3368600
10617,3525400
10618,3134900
10619,3172000
10620,3207300
10621,3133700
10622,3827200
10623,3123900
10624,3057800
10625,3103300
10626,3086400
10627,3407700
10628,3157500
10629,3142000
10630,3199900
10631,2977500
10632,3374000
10633,3101000
10634,3087100
10635,2971000
10636,3002000
10637,3626400
10638,3365500
10639,3228500
10640,3106200
10641,3567300
10642,3210100
10643,3210100
10644,3115000
10645,2982100
10646,3129000
10647,3436000
10648,3242100
10649,3067000
10650,3050600
10651,3488800
10652,3228600
10653,3702000
10654,3112100
10655,3081700
10656,3166200
10657,3150500
10658,3458000
10659,3064100
10660,3020600
10661,3175700
10662,3334700
10663,3310700
10664,3153000
10665,2999900
10666,3137700
10667,3101300
10668,3046300
10669,3228800
10670,2988100
10671,3476400
10672,3277900
10673,3235000
10674,3311500
10675,3101200
10676,3011600
10677,3021700
10678,2887200
10679,3340200
10680,3417200
10681,3510200
10682,3146800
10683,3368300
10684,3386700
10685,3366600
10686,3233900
10687,3027900
10688,2953000
10689,3429300
10690,3753000
10691,3652100
10692,3924200
10693,4039100
10694,3694700
10695,3402300
10696,3571400
10697,3339400
10698,3824700
10699,3501100
10700,3366400
10701,3517100
10702,4133600
10703,3901300
10704,3427500
10705,3381000
10706,3549000
10707,3939400
10708,3484500
10709,3381100
10710,3412100
10711,3691800
10712,3907600
10713,3413700
10714,3228000
10715,3263800
10716,3353900
10717,3741000
10718,3299100
10719,3311800
10720,3942100
10721,3799900
10722,3781500
10723,3461900
10724,3532100
10725,3468100
10726,3548000
10727,3572500
10728,3346900
10729,3554700
10730,3747700
10731,3882700
10732,3666100
10733,3530100
10734,3365300
10735,3437100
10736,3580100
10737,3328100
10738,3527200
10739,4891500
10740,4024200
10741,5795200
10742,5486900
10743,3328700
10744,3287200
10745,3133500
10746,3092700
10747,3290400
10748,3087500
10749,3400800
10750,3292300
10751,3121100
10752,2908900
10753,3029200
10754,3528200
10755,3340400
10756,2997000
10757,3011200
10758,3439600
10759,3250900
10760,3698900
10761,3127700
10762,2944800
10763,2931900
10764,3768800
10765,3316200
10766,3034800
10767,2968100
10768,3460800
10769,3249100
10770,3245800
10771,2997500
10772,2958500
10773,3003500
10774,3134700
10775,3310200
10776,3022400
10777,3129500
10778,3203500
10779,3041300
10780,3710900
10781,3212600
10782,3029800
10783,2981200
10784,3042200
10785,3652900
10786,3265600
10787,2935200
10788,3035500
10789,3274400
10790,3453000
10791,3121700
10792,3053500
10793,3003500
10794,3029300
10795,3744700
10796,4189200
10797,3683300
10798,3312700
10799,3399200
10800,3225800
10801,3109800
10802,2972900
10803,3060800
10804,3365800
10805,3230400
10806,3261300
10807,3039200
10808,3007100
10809,3435000
10810,3192600
10811,3311100
10812,2954600
10813,3017400
10814,3146300
10815,3160300
10816,3443800
10817,3052800
10818,3039900
10819,3287700
10820,3467100
10821,3687000
10822,3176400
10823,3175800
10824,3059700
10825,3003400
10826,3183900
10827,3243700
10828,3448700
10829,3514200
10830,3305900
10831,3360200
10832,3246000
10833,3238100
10834,3181800
10835,2986800
10836,3383700
10837,3564000
10838,3158000
10839,3132200
10840,3318100
10841,3047300
10842,3230200
10843,3209900
10844,2968900
10845,3031000
10846,3025800
10847,3476800
10848,3231200
10849,3019900
10850,2987200
10851,3391000
10852,3687700
10853,3323300
10854,3087200
10855,3005700
10856,3042300
10857,3392000
10858,3465800
10859,3110400
10860,3188300
10861,3720400
10862,3722600
10863,3365700
10864,3374800
10865,3110800
10866,3216000
10867,3537800
10868,3668100
10869,3482700
10870,3399900
10871,3707800
10872,3752900
10873,3179600
10874,3268700
10875,3442600
10876,3478300
10877,3525100
10878,3216800
10879,3329300
10880,3875600
10881,3539900
10882,3316100
10883,3261600
10884,3761200
10885,3425800
10886,3423900
10887,3381800
10888,3182600
10889,3370300
10890,3704000
10891,3369500
10892,3254600
10893,3324100
10894,3225100
10895,3201700
10896,3305300
10897,3383300
10898,3451200
10899,3400600
10900,3643300
10901,3325400
10902,3211900
10903,3352800
10904,3135900
10905,3044700
10906,3420400
10907,3418500
10908,3130600
10909,3136900
10910,3281400
10911,3152400
10912,3597200
10913,3616400
10914,3506800
10915,3146700
10916,3171300
10917,4452300
10918,3740100
10919,3722000
10920,3999400
10921,4067200
10922,3260400
10923,3176300
10924,3237800
10925,3575200
10926,3477600
10927,3348400
10928,3389100
10929,4069700
10930,3457200
10931,3174900
10932,3003100
10933,2930700
10934,3282200
10935,3266600
10936,3253500
10937,3056300
10938,2981300
10939,3984300
10940,3625300
10941,3307400
10942,2963800
10943,3186500
10944,3262600
10945,3122300
10946,3304500
10947,3129700
10948,3078800
10949,3372200
10950,2997700
10951,3481600
10952,3040700
10953,2921600
10954,3158400
10955,3126300
10956,3680800
10957,3162300
10958,2974600
10959,3169600
10960,3576300
10961,3320900
10962,3103000
10963,3294500
10964,2981800
10965,3070100
10966,3181200
10967,3217500
10968,3276400
10969,3323500
10970,3315600
10971,3470300
10972,3324700
10973,3220500
10974,3041200
10975,2952500
10976,3018100
10977,3226200
10978,3172000
10979,3013900
10980,3333400
10981,3120100
10982,3605600
10983,3764100
10984,3184700
10985,2979700
10986,3062800
10987,3513800
10988,3075300
10989,3113700
10990,3048500
10991,3328200
10992,3912600
10993,3686600
10994,3950700
10995,4050400
10996,4062600
10997,3556300
10998,3424800
10999,3747400
11000,3628800
11001,4334400
11002,3466500
11003,3522000
11004,3736500
11005,3736200
11006,3579600
11007,3306600
11008,3532800
11009,3711000
11010,3500800
11011,3119200
11012,3012200
11013,3271000
11014,3113000
11015,3332200
11016,3249600
11017,2980600
11018,3321300
11019,3282900
11020,3475900
11021,3227800
11022,3139200
11023,3108700
11024,2876000
11025,3282900
11026,3227800
11027,2987100
11028,3232300
11029,3323300
11030,3049500
11031,3305600
11032,3088900
11033,3558700
11034,3017500
11035,3114100
11036,3225800
11037,3089500
11038,3446200
11039,3003600
11040,3502900
11041,3197400
11042,3451100
11043,3495300
11044,3135300
11045,3000500
11046,3174800
11047,3513900
11048,3109700
11049,3036500
11050,3316700
11051,3001800
11052,3580100
11053,3236200
11054,2970900
11055,2917100
11056,3039700
11057,3471100
11058,3089800
11059,2929900
11060,3197400
11061,3141100
11062,3678400
11063,3307900
11064,3113900
11065,2946400
11066,2893100
11067,3514600
11068,3336100
11069,2926500
11070,3103100
11071,3344400
11072,3516300
11073,3426700
11074,2999100
11075,2964500
11076,3006400
11077,3053300
11078,3370200
11079,3104700
11080,2992600
11081,2978900
11082,3666700
11083,3313800
11084,3120400
11085,2888800
11086,2984300
11087,3557400
11088,3379300
11089,3234900
11090,2970000
11091,2935700
11092,4066500
11093,3483300
11094,3138000
11095,2959600
11096,3123600
11097,3136500
11098,3062900
11099,3263800
11100,3060400
11101,3262500
11102,3952800
11103,4191900
11104,3616800
11105,3216800
11106,3091200
11107,2973800
11108,3330200
11109,3479200
11110,3124100
11111,3013600
11112,3682800
11113,3070300
11114,3365100
11115,3190700
11116,2982600
11117,2901700
11118,2952500
11119,3608800
11120,3400700
11121,3228500
11122,3596300
11123,3064000
11124,3388200
11125,3201000
11126,3064500
11127,3019000
11128,3080800
11129,3537100
11130,3270000
11131,2996700
11132,2991400
11133,3520300
11134,3261000
11135,3719800
11136,3178700
11137,3040200
11138,3047700
11139,3461300
11140,3336800
11141,3113800
11142,3093900
11143,3425500
11144,3738800
11145,3283800
11146,2964900
11147,2912800
11148,3063800
11149,3434400
11150,3304200
11151,2992500
11152,3090000
11153,3272200
11154,3234000
11155,3526100
11156,3066700
11157,3005800
11158,2951000
11159,3242100
11160,3681700
11161,3137100
11162,3004800
11163,2965800
11164,3515100
11165,3286500
11166,3060200
11167,3032300
11168,2982100
11169,3129900
11170,3067600
11171,3315600
11172,3045400
11173,3124000
11174,3783300
11175,3124600
11176,3267000
11177,2986700
11178,3188400
11179,3196900
11180,3121100
11181,3199000
11182,3166000
11183,3336000
11184,3176600
11185,3417300
11186,3256700
11187,3056900
11188,3213900
11189,3219300
11190,3082700
11191,3184300
11192,3249100
11193,3197800
11194,3177500
11195,3318800
11196,3438200
11197,3250600
11198,3143600
11199,3009100
11200,3017900
11201,2881800
11202,3654500
11203,3210900
11204,3146800
11205,3323900
11206,3061700
11207,3249200
11208,3256600
11209,3113500
11210,3028600
11211,3102200
11212,3484000
11213,3433900
11214,3179000
11215,3239000
11216,3472800
11217,3938600
11218,4034600
11219,3878500
11220,3535800
11221,3872700
11222,3631900
11223,3232100
11224,3260100
11225,3732900
11226,3720200
11227,3361100
11228,3187900
11229,3185900
11230,3677900
11231,3591100
11232,3377200
11233,3107100
11234,3212200
11235,3988900
11236,3698900
11237,3349700
11238,3229100
11239,3504500
11240,3364500
11241,3537000
11242,3286400
11243,3281200
11244,3871800
11245,3759000
11246,3294800
11247,3372500
11248,3577000
11249,3364500
11250,3678900
11251,3632400
11252,3282400
11253,3382300
11254,3879800
11255,3438800
11256,3304800
11257,3318100
11258,4082400
11259,3336200
11260,3587700
11261,3068600
11262,3142400
11263,3642500
11264,3327400
11265,3205400
11266,2982600
11267,3193500
11268,3009800
11269,3157000
11270,3276800
11271,3220500
11272,3080000
11273,3068700
11274,3435000
11275,3239700
11276,3136400
11277,3207500
11278,2925300
11279,2997200
11280,3067400
11281,3471800
11282,3368900
11283,3178500
11284,3361400
11285,3007800
11286,3176500
11287,3317300
11288,3075600
11289,2958400
11290,2937100
11291,3500400
11292,3864800
11293,3217400
11294,3164900
11295,3219100
11296,3592500
11297,3795900
11298,4022300
11299,3476100
11300,3664100
11301,4147200
11302,3477200
11303,3549600
11304,3572400
11305,3890900
11306,3467100
11307,3346900
11308,3398600
11309,3843100
11310,3877200
11311,3556200
11312,3393800
11313,4043200
11314,3804500
11315,3481300
11316,3382200
11317,3345500
11318,3506900
11319,3868600
11320,3418500
11321,3454200
11322,3651800
11323,3503500
11324,3627600
11325,3390400
11326,3475000
11327,3800200
11328,3626300
11329,3656500
11330,3510800
11331,3558600
11332,3787300
11333,3794200
11334,3396600
11335,4092700
11336,3506900
11337,3523000
11338,3537700
11339,3350900
11340,3676500
11341,3832700
11342,3910500
11343,3527700
11344,4800700
11345,3810200
11346,5823000
11347,5707000
11348,3232900
11349,3611400
11350,3220600
11351,3015700
11352,3139400
11353,2941600
11354,3040100
11355,3518100
11356,3156600
11357,3227500
11358,3017700
11359,3463400
11360,3388400
11361,3337200
11362,3137500
11363,3053700
11364,3002600
11365,3122500
11366,3466300
11367,3144000
11368,3087900
11369,3364600
11370,2955400
11371,3399500
11372,3512200
11373,3118000
11374,2955000
11375,3033900
11376,3556200
11377,3299900
11378,3083100
11379,3315400
11380,3038500
11381,3372400
11382,3186700
11383,2998300
11384,2921200
11385,3018200
11386,3769200
11387,3287800
11388,3060000
11389,3183600
11390,3247700
11391,3555100
11392,3233200
11393,2993600
11394,3031300
11395,3136700
11396,3284500
11397,3435900
11398,3040900
11399,3058000
11400,3576100
11401,3120800
11402,3161200
11403,2990200
11404,2947100
11405,3300800
11406,3498100
11407,4249600
11408,3485200
11409,3288300
11410,3638700
11411,3477400
11412,3404500
11413,3013800
11414,3128300
11415,2886800
11416,3104000
11417,3318200
11418,2976200
11419,3151500
11420,3077800
11421,3311500
11422,3650800
11423,3043400
11424,3164800
11425,2966700
11426,3093600
11427,3451700
11428,3277800
11429,3093100
11430,3072000
11431,3551500
11432,3428000
11433,3134600
11434,3545900
11435,3290800
11436,3079700
11437,3234700
11438,3347500
11439,3075700
11440,3232500
11441,3317300
11442,3456700
11443,3554700
11444,3091500
11445,3031700
11446,2922300
11447,3138600
11448,3350400
11449,2966200
11450,3012500
11451,3040400
11452,3392100
11453,3640200
11454,3283900
11455,3008500
11456,3002200
11457,3133400
11458,3598800
11459,3377000
11460,3021400
11461,3049700
11462,3437500
11463,3397400
11464,3180300
11465,3031200
11466,3050200
11467,3036600
11468,3224000
11469,3329300
11470,3268100
11471,2954200
11472,3422300
11473,3417400
11474,3219100
11475,3055100
11476,3002600
11477,3057100
11478,3328200
11479,3207200
11480,3089100
11481,2989500
11482,3155300
11483,3401200
11484,3277200
11485,3372900
11486,2938100
11487,3379200
11488,3318500
11489,3095900
11490,3172600
11491,3070700
11492,3390300
11493,3516300
11494,3392600
11495,3291500
11496,3031200
11497,3214800
11498,2970700
11499,3456900
11500,3174700
11501,3025100
11502,3233800
11503,3283700
11504,3064500
11505,3267600
11506,2973600
11507,3179900
11508,3055000
11509,3065400
11510,3116500
11511,3153300
11512,3266400
11513,3147000
11514,3238700
11515,3378500
11516,3465200
11517,3693000
11518,3494700
11519,3535300
11520,3211400
11521,3680100
11522,3214100
11523,3075200
11524,3320800
11525,3152700
11526,3298300
11527,3041100
11528,2995600
11529,2934900
11530,3014400
11531,3837600
11532,3175200
11533,2921300
11534,3432100
11535,3026900
11536,3424300
11537,3059100
11538,3036900
11539,2920200
11540,3059100
11541,3323000
11542,3185800
11543,3016100
11544,3092600
11545,3343500
11546,3709500
11547,3189700
11548,2924700
11549,3057700
11550,3156400
11551,3122400
11552,3346100
11553,2939900
11554,3204500
11555,3559400
11556,3058700
11557,3337400
11558,3039800
11559,2930100
11560,3173500
11561,3097700
11562,3416200
11563,3159800
11564,2949800
11565,3473700
11566,3689400
11567,3722100
11568,3176400
11569,3158800
11570,3310200
11571,3156800
11572,3524200
11573,3322100
11574,3094500
11575,3379700
11576,3824800
11577,3530500
11578,3283600
11579,3474700
11580,3320800
11581,3268200
11582,3736700
11583,3378400
11584,3328600
11585,3750000
11586,3292500
11587,3494200
11588,3558500
11589,3419900
11590,3207300
11591,3223000
11592,3466200
11593,3372300
11594,3278000
11595,3867700
11596,3604600
11597,3591100
11598,4684500
11599,4173200
11600,4536400
11601,4430600
11602,3697900
11603,3766500
11604,4223400
11605,4251800
11606,3745700
11607,3566800
11608,3747500
11609,4481900
11610,3675100
11611,3451900
11612,4018400
11613,4091200
11614,3374900
11615,3061200
11616,2891600
11617,3037500
11618,3610100
11619,3215800
11620,3072400
11621,3058900
11622,3349500
11623,3362700
11624,3073000
11625,2936800
11626,3002300
11627,2972900
11628,3649500
11629,3486000
11630,3054600
11631,3041700
11632,3511300
11633,3356300
11634,3190800
11635,2901900
11636,3007800
11637,3613500
11638,3164700
11639,3306500
11640,3028700
11641,2954300
11642,3417300
11643,3542100
11644,3153900
11645,3046900
11646,2937200
11647,3339800
11648,3626700
11649,3714500
11650,3416900
11651,3194700
11652,3421800
11653,3020100
11654,3191500
11655,3166400
11656,2964600
11657,3149700
11658,3064800
11659,3018700
11660,3262400
11661,2962600
11662,3402500
11663,3587200
11664,3492600
11665,3174300
11666,3044300
11667,3055300
11668,3070500
11669,2961100
11670,3366100
11671,3103200
11672,3241200
11673,3115700
11674,3588800
11675,3346300
11676,3112400
11677,3467300
11678,3118400
11679,2967200
11680,3291100
11681,3321600
11682,3007800
11683,3099800
11684,3511900
11685,3215100
11686,3420000
11687,3345600
11688,3202300
11689,3187200
11690,3369700
11691,3949100
11692,3398300
11693,3256100
11694,3665200
11695,3587200
11696,3529200
11697,3300700
11698,3263400
11699,3156000
11700,3532500
11701,3432000
11702,3215600
11703,3373900
11704,3618900
11705,3681800
11706,3224300
11707,3095600
11708,3233900
11709,3734500
11710,3928900
11711,3410400
11712,3204400
11713,3774600
11714,4419500
11715,4161100
11716,3931100
11717,3458100
11718,3264700
11719,3469600
11720,3270800
11721,3180700
11722,3390200
11723,3548400
11724,3542200
11725,3154000
11726,3244700
11727,3440800
11728,3216900
11729,3876600
11730,3303000
11731,3454300
11732,3517200
11733,3129100
11734,3175500
11735,2973300
11736,3342100
11737,3449100
11738,3490900
11739,3524700
11740,3066800
11741,3368100
11742,3828500
11743,3282100
11744,3392400
11745,3425400
11746,3501300
11747,3188500
11748,3290900
11749,3266100
11750,3250800
11751,3176600
11752,3106000
11753,3021900
11754,3324900
11755,3082500
11756,3153500
11757,3033300
11758,2998600
11759,3324800
11760,3274500
11761,3136200
11762,2976300
11763,3401800
11764,3470400
11765,3285600
11766,3083800
11767,3016600
11768,2953200
11769,3023900
11770,3342200
11771,3157700
11772,3005000
11773,3475500
11774,3173500
11775,3669300
11776,3263400
11777,2930800
11778,2937900
11779,2951500
11780,3325600
11781,3275800
11782,2995200
11783,3001200
11784,3623000
11785,3469800
11786,3118800
11787,2947200
11788,2954100
11789,3085300
11790,3381100
11791,3356800
11792,2997000
11793,2991700
11794,3669900
11795,3186300
11796,3254000
11797,3007700
11798,2888100
11799,2944500
11800,3139300
11801,3575400
11802,3185700
11803,2923700
11804,3243800
11805,3326600
11806,3211200
11807,3081900
11808,3034700
11809,3389100
11810,3248600
11811,3525900
11812,3370900
11813,2962400
11814,3169700
11815,3666300
11816,3350600
11817,3095700
11818,2902900
11819,3396900
11820,3683400
11821,3710900
11822,3604800
11823,3442100
11824,3135800
11825,3403900
11826,3303900
11827,3110600
11828,3240000
11829,3145600
11830,3041500
11831,3276800
11832,3543700
11833,3340600
11834,3153100
11835,3326700
11836,3139300
11837,3260800
11838,3299500
11839,3221400
11840,3038000
11841,3052000
11842,3316100
11843,3441800
11844,3123500
11845,3257000
11846,3158100
11847,3164600
11848,3204600
11849,2909500
11850,3041000
11851,3050100
11852,3793500
11853,3409400
11854,3139100
11855,3040900
11856,3684200
11857,3569300
11858,3164000
11859,3013000
11860,2966800
11861,2983900
11862,3361400
11863,3424900
11864,2977400
11865,2980200
11866,3498900
11867,3473600
11868,3675600
11869,3005400
11870,3177300
11871,3023500
11872,3304000
11873,3410700
11874,3122800
11875,3048900
11876,3608900
11877,3145100
11878,3614400
11879,3045100
11880,3001600
11881,3073500
11882,3098500
11883,3231200
11884,3152300
11885,3090800
11886,3084900
11887,3821300
11888,3571600
11889,3118800
11890,2954500
11891,3210700
11892,3141600
11893,3228600
11894,3249600
11895,3020100
11896,3215800
11897,3460900
11898,3069500
11899,3257900
11900,2980100
11901,3233000
11902,3576500
11903,4469400
11904,4031900
11905,3964500
11906,4277700
11907,3959000
11908,3669300
11909,3532100
11910,3479700
11911,3497200
11912,3798500
11913,3654500
11914,3688100
11915,3421500
11916,3792100
11917,3950200
11918,3521700
11919,3397400
11920,3302900
11921,3469100
11922,3650200
11923,3513500
11924,3366500
11925,3782400
11926,3744000
11927,3692000
11928,3349900
11929,3228200
11930,3315600
11931,3647500
11932,3607600
11933,3571200
11934,3728500
11935,4561600
11936,3881400
11937,3354600
11938,3272500
11939,3734200
11940,3804000
11941,3337100
11942,3280800
11943,3871700
11944,3514500
11945,3820900
11946,3365300
11947,3253200
11948,3380600
11949,4044700
11950,3712400
11951,4526300
11952,3882400
11953,6899100
11954,5722300
11955,3490800
11956,3597200
11957,3680100
11958,3332800
11959,3308700
11960,4328300
11961,4148100
11962,3379200
11963,3414000
11964,3551700
11965,3416400
11966,3641700
11967,3292600
11968,3133100
11969,4108400
11970,3284300
11971,3519100
11972,3069800
11973,3096500
11974,3458400
11975,3271900
11976,3581000
11977,3204800
11978,3602600
11979,3885800
11980,3420600
11981,3407400
11982,3147700
11983,3325200
11984,3093700
11985,3423800
11986,3424300
11987,3523900
11988,3651900
11989,3842100
11990,3538800
11991,3230700
11992,3189900
11993,3369600
11994,3270400
11995,3706800
11996,3286500
11997,3332200
11998,3258300
11999,3560100
12000,3481400
12001,3529900
12002,3288500
12003,3186500
12004,3176100
12005,3440300
12006,3354500
12007,3188900
12008,3321400
12009,3519800
12010,4115400
12011,3428700
12012,3200400
12013,3102300
12014,3117300
12015,4125300
12016,4085700
12017,4051300
12018,3628000
12019,3874500
12020,3311500
12021,3106700
12022,3209300
12023,3250700
12024,3782000
12025,3200200
12026,2998600
12027,3091900
12028,3344200
12029,3672400
12030,3213300
12031,3156000
12032,3242700
12033,3224300
12034,3952300
12035,3286300
12036,3097300
12037,3130900
12038,3660300
12039,3414000
12040,3234000
12041,2996400
12042,2942800
12043,3106000
12044,3447500
12045,3305400
12046,3042400
12047,3031800
12048,3758100
12049,3368600
12050,3090400
12051,2982100
12052,3061100
12053,3209200
12054,3031700
12055,3426900
12056,3120700
12057,2989700
12058,3131900
12059,3492000
12060,3249400
12061,3036900
12062,2943100
12063,3361500
12064,3287400
12065,3420800
12066,3255100
12067,3282500
12068,3182800
12069,3442000
12070,3223200
12071,3158200
12072,2949400
12073,3218400
12074,3013000
12075,3075600
12076,3357600
12077,2942900
12078,3186500
12079,3331900
12080,2958700
12081,3392300
12082,2974500
12083,3078300
12084,3011100
12085,3002600
12086,3062600
12087,3314200
12088,3455200
12089,3183000
12090,3388100
12091,3249200
12092,3282300
12093,3027100
12094,3067600
12095,3053700
12096,3110900
12097,3733800
12098,3133100
12099,3174000
12100,3219900
12101,2999100
12102,3353800
12103,3171800
12104,3062900
12105,3046700
12106,3024900
12107,3431600
12108,3151500
12109,3024400
12110,3016300
12111,3517100
12112,3827300
12113,3541000
12114,3689700
12115,3246000
12116,3389400
12117,3603900
12118,3189000
12119,2979100
12120,3067400
12121,3732400
12122,3751100
12123,3021200
12124,3091500
12125,2949500
12126,3123900
12127,3429200
12128,3093000
12129,3014900
12130,2958700
12131,3609900
12132,3405200
12133,3299700
12134,3028000
12135,3251900
12136,3215300
12137,3190700
12138,3232600
12139,3061100
12140,3324300
12141,3328700
12142,3156000
12143,3262600
12144,3086000
12145,3294300
12146,3285000
12147,3033500
12148,3623300
12149,3223700
12150,3102500
12151,3035900
12152,3304300
12153,3272300
12154,3442300
12155,3196500
12156,3084400
12157,3076600
12158,3276000
12159,3284800
12160,3093200
12161,3059800
12162,3526800
12163,3422400
12164,3133200
12165,3372900
12166,3083900
12167,2978600
12168,3104500
12169,3552700
12170,3094700
12171,2996500
12172,3561700
12173,3397800
12174,3456800
12175,3062500
12176,2880800
12177,3000300
12178,3002900
12179,3535300
12180,3187800
12181,3095800
12182,3104800
12183,3198400
12184,3904800
12185,3146000
12186,2973800
12187,3044700
12188,3050100
12189,3491000
12190,3259400
12191,2985300
12192,3074600
12193,3377700
12194,3510800
12195,3248800
12196,3028900
12197,2996000
12198,2956000
12199,3737900
12200,3882800
12201,4032300
12202,3830100
12203,4335700
12204,3942800
12205,3415200
12206,3308300
12207,4029500
12208,4065100
12209,3451900
12210,3748700
12211,3685100
12212,3758500
12213,3643600
12214,3385400
12215,3622300
12216,3512000
12217,3148900
12218,3197000
12219,2956500
12220,3291200
12221,3421900
12222,2981100
12223,3506400
12224,2994000
12225,3114400
12226,3060000
12227,3304000
12228,3252600
12229,3014300
12230,3366300
12231,3375700
12232,3604500
12233,3354200
12234,2974700
12235,3099900
12236,3057200
12237,2957300
12238,3536000
12239,3259300
12240,3173800
12241,3008100
12242,3420700
12243,3103300
12244,3195700
12245,3203200
12246,3132600
12247,2946700
12248,2978400
12249,3701900
12250,3191800
12251,3022900
12252,3028600
12253,3505600
12254,3181300
12255,3170400
12256,3079900
12257,2978800
12258,3114200
12259,3092300
12260,3372500
12261,3054800
12262,3000500
12263,3562600
12264,2961200
12265,3693700
12266,3198800
12267,3010800
12268,2992200
12269,2921700
12270,3538300
12271,3204400
12272,2897500
12273,3129500
12274,3327700
12275,3836900
12276,3111700
12277,3002600
12278,3000100
12279,2876400
12280,3197600
12281,3252100
12282,2961700
12283,3125800
12284,3153600
12285,3659500
12286,3370200
12287,3097600
12288,2957600
12289,2929700
12290,3052400
12291,3362700
12292,3033000
12293,2954400
12294,3093800
12295,3701000
12296,3405100
12297,3145800
12298,2927800
12299,2918400
12300,3183900
12301,3518200
12302,3354400
12303,2995200
12304,3147500
12305,3478200
12306,3263600
12307,3249400
12308,2899600
12309,2945500
12310,3209500
12311,3095300
12312,3588500
12313,3036000
12314,3250400
12315,3100400
12316,3523300
12317,3182500
12318,3012000
12319,3138600
12320,3123400
12321,3074200
12322,3380600
12323,3310400
12324,3230400
12325,3092300
12326,3547600
12327,3152200
12328,3105600
12329,3646400
12330,3733300
12331,3940400
12332,3994100
12333,3656200
12334,3306200
12335,3647700
12336,3782500
12337,3401800
12338,3132100
12339,3074000
12340,2947300
12341,3156800
12342,3189500
12343,3776000
12344,3366000
12345,3403200
12346,3206900
12347,3368200
12348,3161400
12349,3082700
12350,2991700
12351,3013900
12352,3512700
12353,3186700
12354,2945900
12355,3064900
12356,3421500
12357,3696500
12358,3125500
12359,3075800
12360,3083200
12361,2985600
12362,3106800
12363,3327800
12364,2975900
12365,3062100
12366,3301500
12367,3212100
12368,3351300
12369,2945300
12370,2986400
12371,3000200
12372,3090800
12373,3786800
12374,3177200
12375,3090300
12376,3045900
12377,3383300
12378,3308000
12379,3158700
12380,2955800
12381,2919900
12382,3432400
12383,3404000
12384,3266000
12385,3095400
12386,3028500
12387,3634200
12388,3128400
12389,3142900
12390,3051700
12391,3191400
12392,3034500
12393,2976300
12394,3334000
12395,3107600
12396,3270800
12397,3129800
12398,3618600
12399,3219100
12400,3139800
12401,3182900
12402,3362100
12403,2987300
12404,3515000
12405,3116200
12406,3454700
12407,3115600
12408,3681900
12409,3357000
12410,3278100
12411,3096700
12412,2923100
12413,3015700
12414,3189500
12415,3519300
12416,3067700
12417,3148700
12418,3203400
12419,3041600
12420,3933400
12421,3791700
12422,3513300
12423,3233000
12424,3568200
12425,3471000
12426,2971400
12427,3107700
12428,3132100
12429,3391800
12430,3329200
12431,2962700
12432,3060700
12433,3114900
12434,3260300
12435,3502700
12436,3152900
12437,3025200
12438,3547900
12439,3350900
12440,3735900
12441,3093900
12442,2943700
12443,2917300
12444,3091100
12445,3351500
12446,3093600
12447,2976700
12448,3377000
12449,3353500
12450,3281000
12451,3157000
12452,2910100
12453,3197100
12454,3085100
12455,3249100
12456,3148900
12457,3049300
12458,3433600
12459,3459400
12460,3139900
12461,3179400
12462,2940400
12463,3089800
12464,3147300
12465,3417800
12466,3430000
12467,2953700
12468,3221800
12469,3184500
12470,3305500
12471,3290500
12472,3092900
12473,3283300
12474,3212000
12475,3080600
12476,3377700
12477,3317200
12478,3127900
12479,3148200
12480,3481800
12481,3221200
12482,3154700
12483,3081400
12484,3021500
12485,2911900
12486,2992600
12487,3431300
12488,3145800
12489,3079000
12490,3116300
12491,3504000
12492,3459300
12493,3303500
12494,3107000
12495,3032000
12496,3012700
12497,3225700
12498,3420100
12499,3122300
12500,3088100
12501,3383700
12502,3215200
12503,3233300
12504,3079500
12505,3011600
12506,3001200
12507,3115500
12508,3968000
12509,3894300
12510,4016900
12511,4012200
12512,4036900
12513,3337700
12514,3384500
12515,3347400
12516,3616200
12517,3837400
12518,3512800
12519,3278400
12520,3936900
12521,4427600
12522,3740500
12523,3432300
12524,3287700
12525,3992500
12526,3807300
12527,3413100
12528,3475500
12529,3694200
12530,3666300
12531,3503100
12532,3347300
12533,3451600
12534,3487600
12535,3620600
12536,3371300
12537,3236600
12538,3674400
12539,4207600
12540,3993300
12541,3476000
12542,3536200
12543,3512600
12544,4390400
12545,3475600
12546,3231000
12547,3523000
12548,4195400
12549,3568300
12550,3346100
12551,3652100
12552,3717900
12553,3857500
12554,3625300
12555,3590900
12556,3364400
12557,3973100
12558,4301700
12559,4886800
12560,4118800
12561,6410000
12562,4630100
12563,3077900
12564,3532400
12565,3308000
12566,3269600
12567,3145000
12568,3109700
12569,3039800
12570,3550100
12571,3684900
12572,3099300
12573,2999400
12574,3343800
12575,3054000
12576,3435300
12577,3132800
12578,3055600
12579,3019600
12580,2960800
12581,3522700
12582,3185000
12583,2909600
12584,3090900
12585,3572900
12586,3459100
12587,3160300
12588,2961200
12589,2950400
12590,2970500
12591,3517600
12592,3378500
12593,2962000
12594,3058200
12595,3492300
12596,3889800
12597,3268100
12598,3026100
12599,2925700
12600,3305800
12601,3519900
12602,3173500
12603,2977100
12604,2997800
12605,3230400
12606,3469400
12607,3371900
12608,3094000
12609,2970000
12610,3097500
12611,3160900
12612,3445800
12613,3199400
12614,2887100
12615,3091900
12616,3617400
12617,3138400
12618,3115100
12619,2958600
12620,3076300
12621,3116900
12622,3709700
12623,3346700
12624,3125800
12625,3069900
12626,3595000
12627,3013600
12628,3393600
12629,2962400
12630,3108600
12631,3156200
12632,2973900
12633,3270200
12634,3179300
12635,3485500
12636,4149500
12637,4022900
12638,3449000
12639,3335100
12640,3167500
12641,2954700
12642,3048100
12643,3653800
12644,3619100
12645,3296900
12646,3534400
12647,3169400
12648,3575900
12649,3327000
12650,3071300
12651,3128000
12652,3342500
12653,3637400
12654,3171900
12655,3061900
12656,3595700
12657,3008600
12658,3527900
12659,3116600
12660,3018900
12661,2990400
12662,2947000
12663,3491600
12664,3139800
12665,3009200
12666,3261300
12667,3128600
12668,3273900
12669,3079400
12670,2997100
12671,3049900
12672,3019700
12673,3230100
12674,3794600
12675,3388900
12676,3244500
12677,3467900
12678,3341800
12679,3220100
12680,3101900
12681,3126600
12682,2943200
12683,3202500
12684,3377700
12685,3032300
12686,3044400
12687,2983900
12688,3606500
12689,3225200
12690,3059700
12691,2954700
12692,3311900
12693,3172000
12694,3241900
12695,3194800
12696,3191700
12697,3334100
12698,3766200
12699,3228800
12700,3112200
12701,2976600
12702,3100500
12703,3045100
12704,2985300
12705,3392200
12706,3014200
12707,3444800
12708,3134900
12709,3588700
12710,3359300
12711,3226300
12712,3138100
12713,3039800
12714,3073600
12715,3200200
12716,3321700
12717,3023300
12718,3331600
12719,3043100
12720,3170900
12721,3558900
12722,3668300
12723,3585500
12724,3263000
12725,4212200
12726,3276600
12727,3063600
12728,3012300
12729,3581900
12730,3442500
12731,3131700
12732,2998900
12733,2954600
12734,3003100
12735,3575100
12736,3327300
12737,2915100
12738,2999400
12739,3551100
12740,3324800
12741,3174900
12742,2998800
12743,3009200
12744,3042200
12745,3640900
12746,3563000
12747,3033000
12748,2969000
12749,3588200
12750,3247000
12751,3368400
12752,3050500
12753,2915300
12754,2918800
12755,3331600
12756,3633200
12757,3227600
12758,3074600
12759,2947400
12760,3594800
12761,3211700
12762,3034200
12763,2967900
12764,2982000
12765,3188400
12766,3236900
12767,3400000
12768,3033000
12769,2994700
12770,3949300
12771,3158500
12772,3186700
12773,2980000
12774,2916600
12775,3598600
12776,3039400
12777,3527200
12778,3059100
12779,3085500
12780,3107200
12781,3434900
12782,3289300
12783,2958700
12784,3174200
12785,3134200
12786,2932200
12787,3108000
12788,3188900
12789,3202400
12790,3074100
12791,3433600
12792,3301400
12793,3178900
12794,3288100
12795,3327900
12796,3086700
12797,3049600
12798,3466700
12799,3303900
12800,3142900
12801,3597300
12802,3114700
12803,3405200
12804,3349300
12805,3148800
12806,2994600
12807,2979300
12808,3347500
12809,3472000
12810,3649100
12811,4362500
12812,4516500
12813,4115800
12814,3589200
12815,3553500
12816,3415400
12817,3691200
12818,3368600
12819,3446500
12820,4010500
12821,3513600
12822,3605800
12823,3450200
12824,3443400
12825,3206900
12826,3875400
12827,3721400
12828,3067400
12829,3121900
12830,3219900
12831,3755600
12832,3211600
12833,3055400
12834,3006400
12835,2999000
12836,3382500
12837,3229000
12838,3040200
12839,3062800
12840,3577000
12841,3316700
12842,3265500
12843,3011600
12844,3004600
12845,2986600
12846,3129800
12847,4137300
12848,3060400
12849,3085200
12850,3717100
12851,3095000
12852,3220500
12853,3001800
12854,2983900
12855,3270400
12856,3221800
12857,3236300
12858,3159200
12859,3111400
12860,3267200
12861,3439900
12862,3522200
12863,3157400
12864,3049600
12865,3097900
12866,3076600
12867,3190100
12868,3237100
12869,3019600
12870,3214600
12871,3246000
12872,3182800
12873,3310100
12874,3086800
12875,3117900
12876,3147800
12877,3005800
12878,3213600
12879,3127600
12880,3184400
12881,3099000
12882,3380400
12883,3664600
12884,3132200
12885,3231500
12886,3082500
12887,2986100
12888,3079300
12889,3241200
12890,3475200
12891,3157400
12892,3444200
12893,3175100
12894,3265600
12895,3134600
12896,2874800
12897,2846400
12898,3040000
12899,3484700
12900,3313400
12901,3059100
12902,3119500
12903,3323800
12904,3386700
12905,3244800
12906,2995200
12907,3025000
12908,2980300
12909,3137900
12910,3514800
12911,3096800
12912,3047800
12913,3486200
12914,3376200
12915,3390300
12916,2948800
12917,2970800
12918,2975300
12919,3175300
12920,3313500
12921,3023300
12922,2888700
12923,2991500
12924,3530100
12925,3599800
12926,3115600
12927,2948700
12928,2889000
12929,3059800
12930,3235200
12931,3274600
12932,3063500
12933,3058300
12934,3580800
12935,3568400
12936,3315900
12937,2972400
12938,2983500
12939,3031100
12940,3289800
12941,3308000
12942,3136900
12943,2919000
12944,3057900
12945,3402700
12946,3288700
12947,3030500
12948,2923500
12949,3057500
12950,3523500
12951,4340200
12952,3713100
12953,3176100
12954,3620700
12955,3814600
12956,3239400
12957,3076200
12958,3034500
12959,3160400
12960,3032700
12961,3397500
12962,3041000
12963,3144300
12964,3277300
12965,3459300
12966,3624400
12967,3196800
12968,3086100
12969,3069000
12970,2875100
12971,3227400
12972,3215100
12973,3189600
12974,3155700
12975,3359900
12976,3222200
12977,3140800
12978,3015100
12979,3047700
12980,2964900
12981,3053800
12982,3397600
12983,3413400
12984,3178700
12985,2991100
12986,3286300
12987,3472200
12988,3140500
12989,3093500
12990,2910400
12991,3026000
12992,3009400
12993,3587600
12994,3226900
12995,3022000
12996,3426600
12997,3152100
12998,3272300
12999,3020400
13000,2967700
13001,3054400
13002,2981800
13003,3498300
13004,3315600
13005,2920400
13006,3024700
13007,3379300
13008,3647400
13009,3269200
13010,2994700
13011,3007000
13012,3122800
13013,3206400
13014,3190200
13015,3038700
13016,3098100
13017,3521700
13018,3480100
13019,3393900
13020,3032700
13021,3037200
13022,3086100
13023,3154000
13024,3306800
13025,3023900
13026,3075600
13027,3224500
13028,3531300
13029,3537900
13030,3028200
13031,3037800
13032,3509800
13033,3690800
13034,3843800
13035,3163500
13036,3503400
13037,3370900
13038,3119200
13039,3534100
13040,2989800
13041,3108800
13042,3090000
13043,3268300
13044,3298900
13045,3130200
13046,3293800
13047,3036900
13048,3508800
13049,3282600
13050,3075800
13051,3057300
13052,3059900
13053,3071100
13054,3470100
13055,3395500
13056,3296900
13057,3259200
13058,3298400
13059,3184000
13060,3295900
13061,3106400
13062,3020900
13063,2907700
13064,3164900
13065,3427800
13066,3323700
13067,3128600
13068,3008900
13069,3690600
13070,3618900
13071,3148700
13072,3075300
13073,2980700
13074,2914500
13075,3817800
13076,3262900
13077,3087200
13078,3176300
13079,3487900
13080,3445500
13081,3082400
13082,2923000
13083,2881200
13084,2932700
13085,3330300
13086,3305700
13087,3013200
13088,2970800
13089,3554200
13090,3211900
13091,3588500
13092,3069500
13093,2832900
13094,3203600
13095,3182400
13096,3442700
13097,3002900
13098,2995500
13099,3049800
13100,3613100
13101,3193300
13102,3145800
13103,3069200
13104,3217400
13105,3436300
13106,3620200
13107,3217600
13108,3005400
13109,3340300
13110,3595900
13111,3307200
13112,3083600
13113,2992800
13114,3106600
13115,3100000
13116,3175400
13117,3286900
13118,2964500
13119,3570700
13120,3777500
13121,4217100
13122,3604300
13123,3981100
13124,3590200
13125,3672300
13126,4068900
13127,3373000
13128,3653100
13129,3589000
13130,3642800
13131,3669500
13132,3514200
13133,3356700
13134,3280100
13135,3775000
13136,3464400
13137,3905600
13138,3648700
13139,4244000
13140,3650700
13141,3735200
13142,3545500
13143,3391900
13144,3794500
13145,3444100
13146,3361100
13147,3262000
13148,4130000
13149,3764500
13150,3495200
13151,3360600
13152,3308800
13153,3806400
13154,4920000
13155,3359400
13156,3664300
13157,3493700
13158,3750200
13159,3348200
13160,3266900
13161,3172800
13162,3603500
13163,4045000
13164,3462800
13165,3446700
13166,3686100
13167,3680800
13168,4625800
13169,3646700
13170,5634100
13171,6131500
13172,3355200
13173,3077500
13174,3565900
13175,3506400
13176,3072600
13177,3076600
13178,2984400
13179,3197200
13180,3191700
13181,3265400
13182,3071100
13183,3290100
13184,3333700
13185,3298300
13186,3398600
13187,3062000
13188,2954000
13189,3122600
13190,3008900
13191,3292000
13192,3085000
13193,3006000
13194,3221800
13195,3425100
13196,3343800
13197,3149000
13198,2958100
13199,3086000
13200,3082000
13201,3473500
13202,3310200
13203,3062100
13204,3233000
13205,3469500
13206,3178800
13207,3206500
13208,2899200
13209,3376500
13210,3221400
13211,3101400
13212,3297800
13213,3229000
13214,3407500
13215,3109900
13216,3886300
13217,3260500
13218,3257500
13219,3171800
13220,3023000
13221,3073400
13222,3571800
13223,3215900
13224,3167100
13225,2986100
13226,3460800
13227,3197100
13228,3300700
13229,3015800
13230,3023700
13231,3039200
13232,3085300
13233,3350600
13234,2957200
13235,3090400
13236,3395500
13237,3252600
13238,3512800
13239,3057500
13240,2980300
13241,3094200
13242,2962400
13243,3215700
13244,3129000
13245,2975700
13246,3091300
13247,3677000
13248,3488600
13249,3163100
13250,2897400
13251,3054800
13252,3033400
13253,3485300
13254,3436300
13255,2960000
13256,3034200
13257,4051600
13258,4518200
13259,3995100
13260,3669800
13261,3294100
13262,3237600
13263,3450000
13264,3161700
13265,3089900
13266,3677000
13267,3339300
13268,3212300
13269,3052300
13270,3123000
13271,3281700
13272,3174400
13273,3230600
13274,3136500
13275,3036600
13276,3250800
13277,3321900
13278,3294000
13279,3094900
13280,3140700
13281,3292600
13282,3041800
13283,3067500
13284,3249700
13285,3315800
13286,3328800
13287,3202300
13288,3311100
13289,3325000
13290,3351600
13291,3011600
13292,2938100
13293,3192500
13294,3282700
13295,3153000
13296,3064400
13297,3020100
13298,3582800
13299,3306200
13300,3178700
13301,3033200
13302,3013300
13303,3118400
13304,3104100
13305,3085500
13306,3149200
13307,3020200
13308,3330500
13309,3166800
13310,3443600
13311,3177900
13312,3005200
13313,2995200
13314,3043400
13315,3574100
13316,3143600
13317,2997700
13318,2959900
13319,3605600
13320,3594500
13321,3293300
13322,2912100
13323,2867000
13324,2917000
13325,3232900
13326,3230300
13327,3000000
13328,2927400
13329,3397500
13330,3687600
13331,3875200
13332,3442800
13333,3256900
13334,3077100
13335,3341000
13336,3377600
13337,3019800
13338,3074900
13339,3353800
13340,3696400
13341,3363100
13342,2977800
13343,2999800
13344,3152900
13345,3105600
13346,3386200
13347,3127400
13348,2868000
13349,3156400
13350,3513500
13351,3215500
13352,2998200
13353,3011200
13354,3130900
13355,2980000
13356,3174100
13357,3253800
13358,2917200
13359,3293700
13360,3430800
13361,3282500
13362,3347200
13363,3006900
13364,3211400
13365,3239100
13366,3132700
13367,3231300
13368,3013900
13369,3178600
13370,3133200
13371,3329900
13372,3198300
13373,3057700
13374,3063200
13375,3065600
13376,3015400
13377,3275000
13378,3379400
13379,3148100
13380,3149900
13381,3261900
13382,3371100
13383,3187700
13384,3212800
13385,3154200
13386,3045400
13387,2981100
13388,3241600
13389,3171200
13390,3045300
13391,3002100
13392,3578700
13393,3508700
13394,3192800
13395,3025400
13396,3014800
13397,2996100
13398,3641200
13399,3321400
13400,3045000
13401,3078100
13402,3409600
13403,3229800
13404,3243600
13405,2995700
13406,2975500
13407,3024600
13408,2965600
13409,3664400
13410,3190300
13411,3042900
13412,3501600
13413,2989100
13414,3486800
13415,3113400
13416,2982300
13417,2969400
13418,2983200
13419,3548400
13420,3135900
13421,2983100
13422,2995400
13423,3620300
13424,3992000
13425,4025500
13426,3945000
13427,3599000
13428,4386600
13429,3849700
13430,3790300
13431,3799600
13432,3816500
13433,3840000
13434,3460200
13435,3361100
13436,3339900
13437,3559600
13438,3785700
13439,3251900
13440,3409900
13441,3278300
13442,3348200
13443,3475600
13444,3026400
13445,3357500
13446,3448800
13447,3312300
13448,3449800
13449,2987900
13450,3203000
13451,3307800
13452,3059000
13453,3311500
13454,3036500
13455,3079100
13456,2934600
13457,3078100
13458,3228100
13459,3859300
13460,3125900
13461,2966800
13462,3477800
13463,3490800
13464,3274500
13465,3238100
13466,3058100
13467,3142200
13468,3297700
13469,3429600
13470,3061400
13471,2937700
13472,3701700
13473,3450800
13474,3444700
13475,2939300
13476,2970900
13477,2955900
13478,3311200
13479,3495600
13480,2994000
13481,3110800
13482,3538500
13483,3450700
13484,3220900
13485,2983200
13486,2904600
13487,3039900
13488,3456900
13489,3438900
13490,3004600
13491,2976500
13492,3067900
13493,3483900
13494,3533600
13495,3125900
13496,2970900
13497,2987500
13498,3410300
13499,3556400
13500,3156400
13501,2946800
13502,2950400
13503,3527700
13504,3241500
13505,3089200
13506,2904800
13507,2969500
13508,3206500
13509,3215700
13510,3115500
13511,3027800
13512,2980500
13513,3208600
13514,3554400
13515,3322200
13516,3085800
13517,2941800
13518,3250800
13519,2951000
13520,3070300
13521,3252700
13522,2947500
13523,3736400
13524,3328500
13525,3418700
13526,3265400
13527,3272900
13528,3190400
13529,2985100
13530,3054100
13531,3326900
13532,3173900
13533,3083100
13534,3401600
13535,2903900
13536,3484100
13537,3171500
13538,3020000
13539,2886800
13540,2962400
13541,3240300
13542,3230600
13543,3222800
13544,3063600
13545,3275500
13546,3225200
13547,3364500
13548,3065300
13549,3019700
13550,2853700
13551,3061800
13552,3712200
13553,3179600
13554,2951200
13555,2988200
13556,3331400
13557,3413300
13558,3098100
13559,2976700
13560,2917700
13561,2965900
13562,3353700
13563,3339600
13564,3010600
13565,2936000
13566,3295300
13567,3552200
13568,4073200
13569,3311900
13570,3124500
13571,2994000
13572,3774300
13573,4170600
13574,3570300
13575,3416600
13576,3644500
13577,3484700
13578,3020400
13579,3006300
13580,2963600
13581,3077800
13582,3724400
13583,3260500
13584,3005700
13585,2988900
13586,3821900
13587,3482100
13588,2992700
13589,2916800
13590,2898300
13591,3038000
13592,3184300
13593,3263800
13594,3122400
13595,3003600
13596,3633900
13597,3231000
13598,3190100
13599,3019700
13600,3011600
13601,3355100
13602,3167400
13603,3294100
13604,3065200
13605,2924500
13606,3280700
13607,3706000
13608,3289900
13609,3146300
13610,3067800
13611,3069800
13612,2976100
13613,2930600
13614,3235300
13615,3078200
13616,3312400
13617,3181300
13618,3043700
13619,3349400
13620,3264100
13621,3212700
13622,2916000
13623,3026700
13624,3907700
13625,3367300
13626,3101500
13627,3024400
13628,3507900
13629,3119100
13630,3521400
13631,3065000
13632,2929400
13633,3000600
13634,3180800
13635,3449400
13636,3033500
13637,3121300
13638,3407600
13639,3158600
13640,3654200
13641,3502800
13642,3657900
13643,3330000
13644,3545300
13645,3311600
13646,2928400
13647,3108600
13648,3177900
13649,3551900
13650,3059100
13651,2937300
13652,3054700
13653,2915700
13654,3141200
13655,3567100
13656,3046700
13657,2972900
13658,3101300
13659,3450600
13660,3231200
13661,3127900
13662,3039200
13663,2983000
13664,3039500
13665,3123000
13666,3281600
13667,2975500
13668,2996300
13669,3588300
13670,3260000
13671,3493500
13672,3002800
13673,3049400
13674,3049100
13675,3049100
13676,3273000
13677,3195300
13678,2924000
13679,3372300
13680,3066600
13681,3201700
13682,3153200
13683,3044800
13684,3194500
13685,3039100
13686,3361600
13687,3598000
13688,2952200
13689,3164100
13690,3480500
13691,3078500
13692,3300200
13693,3134300
13694,3191700
13695,3013500
13696,2901500
13697,3320600
13698,3032300
13699,3001800
13700,2986300
13701,3585200
13702,3171700
13703,3005100
13704,3378800
13705,3094300
13706,3029700
13707,3305600
13708,3339000
13709,3267800
13710,2969900
13711,3648700
13712,3099300
13713,3326300
13714,3211900
13715,2944200
13716,2983400
13717,3052300
13718,3193800
13719,3317000
13720,3009500
13721,3004900
13722,3525900
13723,3272000
13724,3341000
13725,3027100
13726,2952000
13727,2947800
13728,3179300
13729,3297200
13730,2995600
13731,3097100
13732,3267200
13733,3283000
13734,3895400
13735,3730500
13736,3875500
13737,3579800
13738,4177100
13739,3556300
13740,3406800
13741,3788200
13742,3863700
13743,3615400
13744,3394400
13745,3455800
13746,3512300
13747,3588300
13748,3520800
13749,3438700
13750,3534700
13751,3666500
13752,3540400
13753,3408000
13754,3609500
13755,3660200
13756,3618300
13757,4025200
13758,3351000
13759,3578200
13760,4409100
13761,3819900
13762,3349600
13763,3298500
13764,3420100
13765,3263400
13766,3752800
13767,4060300
13768,3755100
13769,3759300
13770,3861700
13771,3927000
13772,3475100
13773,3471400
13774,3293200
13775,3517700
13776,3499500
13777,3441500
13778,3518600
13779,3619300
13780,3703800
13781,3570000
13782,3349300
13783,3755200
13784,4533000
13785,4256500
13786,7183700
13787,3720900
13788,3275700
13789,3526600
13790,3209800
13791,3047600
13792,3050500
13793,3361200
13794,3242400
13795,2979700
13796,3549700
13797,3138200
13798,3454900
13799,3121500
13800,3104100
13801,2993200
13802,2953200
13803,3885400
13804,3255900
13805,3030100
13806,3055700
13807,3398700
13808,3515300
13809,3153800
13810,2929000
13811,2925000
13812,3025400
13813,3352600
13814,3214600
13815,2964400
13816,3079700
13817,3233300
13818,3355900
13819,3502100
13820,2905600
13821,3100400
13822,3010200
13823,3262600
13824,3475900
13825,2963900
13826,2908900
13827,3154000
13828,3887000
13829,3365500
13830,3176600
13831,3066100
13832,2948500
13833,3165000
13834,3338900
13835,3043500
13836,2974400
13837,3072500
13838,3827600
13839,3251000
13840,3088200
13841,3074200
13842,2937400
13843,3082100
13844,3195000
13845,3386200
13846,3085300
13847,2932300
13848,3148200
13849,3496300
13850,3359100
13851,3057100
13852,3021600
13853,3164400
13854,2944800
13855,3349400
13856,3468200
13857,3068700
13858,3215400
13859,3475000
13860,3201800
13861,3054200
13862,3026800
13863,3425700
13864,2917300
13865,3062600
13866,3454900
13867,3027000
13868,3089700
13869,3114000
13870,3510500
13871,3631100
13872,3176300
13873,3673500
13874,3190100
13875,3101600
13876,3347800
13877,3191800
13878,3176600
13879,3113300
13880,3496600
13881,3198900
13882,3448800
13883,3915700
13884,3649600
13885,3420100
13886,3451200
13887,3204300
13888,3141700
13889,3203200
13890,3040800
13891,3852000
13892,3165400
13893,2926000
13894,3015600
13895,2953000
13896,3586200
13897,3225300
13898,3215200
13899,2987700
13900,3455100
13901,3428900
13902,3141300
13903,2938600
13904,2994500
13905,2954600
13906,3760600
13907,3579500
13908,2984900
13909,3084700
13910,3661700
13911,3411000
13912,3108800
13913,3017700
13914,2865900
13915,3025700
13916,3216100
13917,3267800
13918,3128200
13919,2998100
13920,2979500
13921,3743300
13922,3228300
13923,3040000
13924,3035800
13925,3035800
13926,3271300
13927,3406200
13928,3208900
13929,2955600
13930,3080700
13931,3576400
13932,3197600
13933,3123700
13934,2964500
13935,2870100
13936,3175100
13937,3076600
13938,3261500
13939,3003300
13940,2960400
13941,3264800
13942,3660100
13943,3516200
13944,3111600
13945,3476200
13946,3798700
13947,3570700
13948,3688700
13949,3264500
13950,3280300
13951,3586800
13952,3175700
13953,3218100
13954,2937700
13955,3379200
13956,2993100
13957,3043000
13958,3628700
13959,3320400
13960,3092700
13961,3084600
13962,3341400
13963,3270000
13964,3170200
13965,3069200
13966,3023200
13967,3031700
13968,3146500
13969,3234600
13970,3169700
13971,3442400
13972,2980200
13973,3181500
13974,3773400
13975,3140800
13976,2995300
13977,3001100
13978,2968600
13979,3479100
13980,3204600
13981,3118900
13982,3006900
13983,3538200
13984,3430000
13985,3031500
13986,3000300
13987,2969500
13988,2973000
13989,3125800
13990,3303900
13991,3062400
13992,2937900
13993,3529800
13994,3539900
13995,3268000
13996,3056800
13997,3015200
13998,3087900
13999,3462300
14000,3299400
14001,3081400
14002,2964000
14003,2984500
14004,3842600
14005,3276900
14006,3006500
14007,3037000
14008,3090100
14009,3001300
14010,3574300
14011,3222600
14012,2982800
14013,2949800
14014,3597800
14015,3251500
14016,3192200
14017,2977700
14018,2884500
14019,3125100
14020,3094900
14021,3407600
14022,2922600
14023,2918000
14024,3210600
14025,3309700
14026,3434600
14027,3037100
14028,3017900
14029,3247400
14030,3169100
14031,3456200
14032,3305600
14033,3261500
14034,3088300
14035,3690800
14036,3213200
14037,3077500
14038,3471200
14039,3913900
14040,4168100
14041,4310000
14042,3900500
14043,3534800
14044,3775700
14045,4102200
14046,3670800
14047,3454700
14048,3534100
14049,3678800
14050,4020500
14051,3507300
14052,3803200
14053,3443800
14054,3490800
14055,3409900
14056,3079100
14057,3029700
14058,3022000
14059,3379900
14060,3581800
14061,2986100
14062,3115400
14063,3466200
14064,3296000
14065,3833400
14066,3203400
14067,3067100
14068,2883800
14069,3254800
14070,3391400
14071,3463600
14072,3183800
14073,3281400
14074,3239200
14075,3314500
14076,3153800
14077,3003500
14078,3058900
14079,3300800
14080,3404100
14081,3008400
14082,3175100
14083,2932300
14084,3863500
14085,3355700
14086,3117000
14087,2996600
14088,3072400
14089,3174000
14090,3164100
14091,3104000
14092,3034600
14093,3068600
14094,3621400
14095,3345700
14096,3456200
14097,3056000
14098,3352800
14099,3315700
14100,3303500
14101,3267200
14102,3114400
14103,3346800
14104,3379900
14105,3037700
14106,3334500
14107,2979300
14108,3085800
14109,3036600
14110,2980400
14111,3503900
14112,3238800
14113,3318200
14114,3157000
14115,3528800
14116,3201800
14117,3143000
14118,3103500
14119,3006100
14120,3079500
14121,3134900
14122,3218700
14123,3222000
14124,3020900
14125,3523200
14126,2957400
14127,3345800
14128,3283800
14129,3130800
14130,2983700
14131,3064600
14132,3329300
14133,3369100
14134,3088000
14135,2980200
14136,3535200
14137,3352400
14138,3642200
14139,3072800
14140,3020200
14141,3072600
14142,3409700
14143,3205400
14144,2951200
14145,3049400
14146,3480300
14147,3768900
14148,3300300
14149,2948600
14150,2952600
14151,3012600
14152,3384500
14153,3322100
14154,2949700
14155,3062200
14156,3399000
14157,3261800
14158,3338900
14159,3130300
14160,3007300
14161,2881100
14162,3306700
14163,3502200
14164,3234700
14165,3006000
14166,3037100
14167,3569800
14168,3383300
14169,3092700
14170,3005700
14171,2998300
14172,3224300
14173,3334100
14174,3220400
14175,2892700
14176,3105200
14177,3381300
14178,2948200
14179,3267500
14180,2923400
14181,2929100
14182,3498300
14183,3837300
14184,3511500
14185,3092900
14186,3171900
14187,3307800
14188,3283700
14189,3362100
14190,3015500
14191,2982700
14192,3187700
14193,2948200
14194,3124000
14195,3233800
14196,2899800
14197,3831000
14198,4195400
14199,4050700
14200,3230500
14201,3166700
14202,3126000
14203,3038200
14204,3213300
14205,3221800
14206,3176900
14207,3060700
14208,3361600
14209,3442500
14210,3252200
14211,3208600
14212,3030000
14213,3015500
14214,3029400
14215,3249500
14216,3124400
14217,3106300
14218,3003800
14219,3615400
14220,3319500
14221,3787000
14222,3204300
14223,2940900
14224,3058200
14225,3377800
14226,3228000
14227,2998600
14228,2955500
14229,3661000
14230,3451200
14231,3075300
14232,3140900
14233,2934400
14234,2927400
14235,3357000
14236,3469300
14237,3019800
14238,2977900
14239,3479300
14240,3252000
14241,3252600
14242,3028800
14243,2929800
14244,2905100
14245,3085700
14246,3188000
14247,3164100
14248,3018400
14249,3066700
14250,4122500
14251,4269000
14252,3754200
14253,3183100
14254,3212700
14255,3156900
14256,3267800
14257,3080700
14258,2966100
14259,3191400
14260,3438900
14261,3302800
14262,3101700
14263,2998500
14264,3018200
14265,3034100
14266,3573500
14267,3297700
14268,2966900
14269,3279300
14270,3778400
14271,3249100
14272,3006100
14273,2950200
14274,3006200
14275,3061400
14276,3145200
14277,3378900
14278,2973200
14279,3105600
14280,2983000
14281,3539100
14282,3366600
14283,2958700
14284,3225300
14285,3207600
14286,3055800
14287,3624500
14288,3172100
14289,3221600
14290,3040000
14291,3491800
14292,3179600
14293,3148000
14294,3123700
14295,2931800
14296,3055400
14297,3117700
14298,3236700
14299,3060600
14300,2967300
14301,2931300
14302,3589900
14303,3624300
14304,3233900
14305,2934000
14306,2927200
14307,3141700
14308,3277400
14309,3376900
14310,3048700
14311,2984600
14312,3418300
14313,3504700
14314,3206700
14315,2941700
14316,2970400
14317,3198400
14318,3293500
14319,3286400
14320,3010300
14321,3002800
14322,3497000
14323,3480900
14324,3331200
14325,2937800
14326,2933400
14327,3034700
14328,3082400
14329,3256800
14330,3022600
14331,2952100
14332,3170400
14333,3417600
14334,3252200
14335,3207600
14336,3022600
14337,3100900
14338,3286100
14339,3436000
14340,3473300
14341,3147500
14342,3168800
14343,3595000
14344,3116200
14345,3195100
14346,2962300
14347,2999700
14348,3344500
14349,3683200
14350,4140500
14351,3684600
14352,3930800
14353,3688000
14354,4040400
14355,3389400
14356,3399300
14357,3922300
14358,3447100
14359,3556600
14360,3687500
14361,3635700
14362,3622700
14363,3772200
14364,3630200
14365,3521100
14366,3442100
14367,3311500
14368,3761900
14369,3395300
14370,3494500
14371,3373100
14372,4056400
14373,3838100
14374,3784000
14375,4019000
14376,3385500
14377,3648900
14378,3709000
14379,3784500
14380,3394800
14381,4096500
14382,3686700
14383,3454800
14384,3355100
14385,3342200
14386,3750100
14387,3712500
14388,3354600
14389,3291300
14390,3847400
14391,4091800
14392,3464200
14393,3274900
14394,3269500
14395,3595000
14396,3796100
14397,3888500
14398,4492200
14399,4680200
14400,7634700
14401,3451700
14402,3070700
14403,3404700
14404,3297300
14405,3061900
14406,3025100
14407,3274300
14408,3383500
14409,3290400
14410,3057100
14411,3000800
14412,2922300
14413,3097300
14414,3633300
14415,3179700
14416,2958300
14417,2996800
14418,3875600
14419,3432700
14420,3036800
14421,3194400
14422,3079900
14423,3176700
14424,3394000
14425,3182600
14426,2989900
14427,3192200
14428,3564900
14429,3241800
14430,3175900
14431,3060200
14432,2973700
14433,3116700
14434,3166700
14435,3505000
14436,3074600
14437,3317200
14438,3414500
14439,3362200
14440,3354700
14441,3374300
14442,3435300
14443,3007200
14444,3177200
14445,3372000
14446,3283100
14447,3125000
14448,3410600
14449,3219700
14450,3559200
14451,3095400
14452,3132400
14453,3074300
14454,3135000
14455,3275500
14456,3257000
14457,2989400
14458,2992500
14459,3439500
14460,3241600
14461,3169100
14462,3066100
14463,2868000
14464,2955900
14465,3011000
14466,3512600
14467,3247500
14468,3012900
14469,3522800
14470,3088800
14471,3419000
14472,3150900
14473,3144800
14474,2956100
14475,3117100
14476,3442300
14477,3061700
14478,2982700
14479,2942700
14480,3670500
14481,3471600
14482,3211800
14483,2996600
14484,2919900
14485,3073400
14486,3727900
14487,3840700
14488,3124100
14489,3104500
14490,3852900
14491,3407200
14492,3163100
14493,2990500
14494,3005500
14495,3184200
14496,3181800
14497,3206900
14498,2985000
14499,2968700
14500,3588600
14501,3085100
14502,3304200
14503,2997400
14504,3009100
14505,3501900
14506,3544300
14507,4663200
14508,3802700
14509,3413600
14510,3292900
14511,3255400
14512,3013700
14513,3027200
14514,3205500
14515,3064700
14516,3101500
14517,3224400
14518,2920400
14519,3091400
14520,3035000
14521,3456600
14522,3709300
14523,3044300
14524,3287700
14525,2992700
14526,2999500
14527,3220100
14528,3141100
14529,3185400
14530,3046700
14531,3491800
14532,3220000
14533,3067600
14534,3174700
14535,2981600
14536,3016600
14537,2956800
14538,3243300
14539,3492500
14540,3222700
14541,3023400
14542,3718900
14543,3516800
14544,3152300
14545,2952000
14546,2991700
14547,3046500
14548,3492100
14549,3190300
14550,3073800
14551,3043100
14552,3257600
14553,3921500
14554,3913800
14555,3566300
14556,3308200
14557,3091700
14558,3482100
14559,3152800
14560,2986300
14561,3105700
14562,3660900
14563,3349400
14564,3129400
14565,2867600
14566,2893500
14567,3248700
14568,3208700
14569,3195500
14570,2975800
14571,3055000
14572,3580500
14573,3263600
14574,3442500
14575,3022200
14576,3039400
14577,3094900
14578,2962400
14579,3548900
14580,3065800
14581,3013000
14582,3087100
14583,3550600
14584,3456800
14585,3039900
14586,3016400
14587,3161400
14588,3095800
14589,3430100
14590,3267600
14591,3017100
14592,3166600
14593,3629500
14594,3386900
14595,3073300
14596,3139400
14597,3138200
14598,3028300
14599,3151400
14600,3180700
14601,3263700
14602,3064500
14603,3021100
14604,3645800
14605,3240800
14606,3560700
14607,3085500
14608,2950100
14609,3027200
14610,3254400
14611,3254800
14612,2995400
14613,3420200
14614,3144300
14615,3299600
14616,3252700
14617,3051200
14618,2935100
14619,3115600
14620,3041100
14621,3637500
14622,3187500
14623,2983700
14624,3427900
14625,3016800
14626,3366500
14627,3087100
14628,2921800
14629,3009700
14630,3036700
14631,3493400
14632,3140200
14633,2937100
14634,3036300
14635,3570300
14636,3321100
14637,3196000
14638,2941200
14639,2995600
14640,2931400
14641,3615100
14642,3513400
14643,3173400
14644,3040600
14645,3795400
14646,3392400
14647,3183700
14648,2953300
14649,3058900
14650,3223100
14651,3936200
14652,3875800
14653,4073400
14654,4019200
14655,3757800
14656,3883900
14657,3593400
14658,3309300
14659,3926200
14660,3716300
14661,3823000
14662,3426300
14663,3668400
14664,3777100
14665,3705000
14666,3322900
14667,3263600
14668,3032300
14669,3098900
14670,3312400
14671,3146000
14672,3385600
14673,3416400
14674,3333800
14675,3475100
14676,3016500
14677,3125500
14678,3076000
14679,3051400
14680,3178500
14681,3238100
14682,3241000
14683,3994100
14684,3107800
14685,3147000
14686,3136000
14687,3103100
14688,3083700
14689,2967600
14690,3102600
14691,3496400
14692,3435300
14693,3049900
14694,3649600
14695,3012500
14696,3171900
14697,3339800
14698,3097000
14699,2946500
14700,3042900
14701,3752200
14702,3220500
14703,3000800
14704,2972400
14705,3502900
14706,3550400
14707,3272300
14708,2997900
14709,2980700
14710,3105400
14711,3534700
14712,3798700
14713,3101100
14714,3068300
14715,3277900
14716,3518500
14717,3270200
14718,2901800
14719,2907900
14720,2970400
14721,3212900
14722,3381500
14723,3090700
14724,2913300
14725,2955200
14726,3634100
14727,3701700
14728,3125100
14729,2989000
14730,3080300
14731,3211600
14732,3416400
14733,3066600
14734,2984100
14735,3149000
14736,3302900
14737,3360600
14738,3302800
14739,3230300
14740,3019600
14741,3106600
14742,3317500
14743,3239200
14744,3025300
14745,3062400
14746,3544600
14747,3467000
14748,3469000
14749,2983400
14750,3384600
14751,3199200
14752,3195400
14753,3194900
14754,3086600
14755,3190800
14756,3054600
14757,3685300
14758,3299000
14759,3087100
14760,3188900
14761,3047700
14762,2966400
14763,3392800
14764,3252000
14765,3175700
14766,3064800
14767,3434100
14768,3179900
14769,3111200
14770,3058400
14771,3132300
14772,3060200
14773,3148500
14774,3326100
14775,3156700
14776,3114800
14777,3079400
14778,3505500
14779,3654900
14780,3218000
14781,2998700
14782,3047100
14783,2972000
14784,3254500
14785,3308800
14786,3119200
14787,3210900
14788,3660800
14789,3319900
14790,3273500
14791,3075400
14792,3036000
14793,3117300
14794,3118300
14795,3969400
14796,3521700
14797,3204400
14798,3516800
14799,3542000
14800,3171900
14801,3044200
14802,3098400
14803,3123700
14804,3503500
14805,3241500
14806,3114600
14807,3050800
14808,3342300
14809,3272200
14810,3286500
14811,3105900
14812,2944800
14813,2860800
14814,3008400
14815,3664100
14816,3076000
14817,3139500
14818,2926600
14819,4043200
14820,4370700
14821,3621600
14822,3342400
14823,3306900
14824,3331500
14825,3294600
14826,2937700
14827,3081700
14828,3479500
14829,3035100
14830,3527600
14831,3042000
14832,3134200
14833,3386700
14834,3370300
14835,3249200
14836,3025200
14837,2979000
14838,3274200
14839,3080700
14840,3276800
14841,3032400
14842,3020500
14843,3131200
14844,3071300
14845,3060700
14846,3306700
14847,3100900
14848,3184100
14849,3543200
14850,3044700
14851,3206200
14852,3115200
14853,3114800
14854,3013200
14855,2979000
14856,3257200
14857,3117000
14858,3114300
14859,3057700
14860,3510800
14861,3174500
14862,3255500
14863,3555700
14864,3602700
14865,3556900
14866,3582600
14867,3473600
14868,3080900
14869,3139000
14870,3068600
14871,3301800
14872,3273700
14873,3074800
14874,2998300
14875,2995400
14876,3278500
14877,3557800
14878,3055000
14879,3019600
14880,3434600
14881,3420000
14882,3503500
14883,3066200
14884,3079900
14885,2941100
14886,2956100
14887,3443100
14888,3116400
14889,3088200
14890,3006100
14891,3631400
14892,3406900
14893,3167700
14894,2945400
14895,2914600
14896,3023500
14897,3365600
14898,3247600
14899,3217600
14900,3028500
14901,3616900
14902,3809200
14903,3272200
14904,2961000
14905,3048900
14906,3130500
14907,3110200
14908,3226000
14909,3158800
14910,2985700
14911,3072800
14912,3428900
14913,3469500
14914,3055400
14915,2949100
14916,2971500
14917,3329600
14918,3603200
14919,3276600
14920,2974800
14921,3391500
14922,3413200
14923,3510000
14924,3109500
14925,3040900
14926,3089700
14927,3035000
14928,3075800
14929,3244000
14930,2962200
14931,3155100
14932,3425600
14933,3148700
14934,3528200
14935,3070300
14936,3140400
14937,2915800
14938,2964900
14939,3322600
14940,3073700
14941,3265100
14942,3417400
14943,3363900
14944,3273700
14945,3135500
14946,3223200
14947,3110700
14948,2977500
14949,3153800
14950,3188800
14951,3166500
14952,3107100
14953,3534800
14954,3465100
14955,3281900
14956,3281500
14957,3032600
14958,3024500
14959,2980000
14960,3314700
14961,3469400
14962,3829300
14963,3896600
14964,4362100
14965,3808500
14966,3507800
14967,3322000
14968,3334600
14969,4084100
14970,3810700
14971,3515300
14972,3793400
14973,3814400
14974,3626800
14975,3338300
14976,3291200
14977,3344000
14978,3882100
14979,3490300
14980,3287200
14981,3441900
14982,4111900
14983,3648000
14984,3432500
14985,3496700
14986,3377900
14987,3695600
14988,3424000
14989,3363300
14990,3305000
14991,4667400
14992,4055700
14993,3532600
14994,3291700
14995,3527200
14996,3439800
14997,3791100
14998,3365900
14999,4118900
15000,3712100
15001,3473800
15002,3536500
15003,3391300
15004,3624900
15005,3343000
15006,3906500
15007,3440400
15008,3674600
15009,3533800
15010,3918600
15011,3496000
15012,5902300
15013,3859900
15014,6398400
15015,5296000
15016,3238200
15017,3371600
15018,3337600
15019,3028400
15020,3252300
15021,3093000
15022,3037000
15023,3256800
15024,3137800
15025,3228000
15026,3160800
15027,3343900
15028,3229100
15029,3049800
15030,3442300
15031,3001000
15032,3047500
15033,3121400
15034,3651200
15035,3239100
15036,2972500
15037,3793700
15038,3238900
15039,3470200
15040,3223700
15041,3009400
15042,2954100
15043,2858100
15044,3360200
15045,3209900
15046,3007800
15047,2994600
15048,3648300
15049,3881900
15050,3242200
15051,3039200
15052,2961800
15053,3095400
15054,3682800
15055,3310300
15056,2979700
15057,3079300
15058,3318300
15059,3493100
15060,3159500
15061,2890900
15062,3059300
15063,2915800
15064,3249800
15065,3694500
15066,3007000
15067,3072700
15068,3470200
15069,3322200
15070,3284800
15071,3377500
15072,3028400
15073,2974600
15074,3086800
15075,3458500
15076,3128400
15077,3057100
15078,3274100
15079,3111200
15080,3361600
15081,3104900
15082,2952300
15083,2990100
15084,3125900
15085,3607900
15086,3397000
15087,2902300
15088,3042500
15089,3480700
15090,3078500
15091,3308100
15092,2972200
15093,2924400
15094,3139800
15095,3114000
15096,3338400
15097,3066300
15098,3012300
15099,3589400
15100,3692900
15101,3543600
15102,3075000
15103,3101900
15104,3319700
15105,3223400
15106,3355000
15107,3204400
15108,3239100
15109,3068200
15110,3517700
15111,3526800
15112,3021500
15113,3083600
15114,3063800
15115,3289600
15116,3349100
15117,3225100
15118,3501400
15119,3131500
15120,3595200
15121,3288200
15122,3149800
15123,3131300
15124,2986000
15125,2903000
15126,3175900
15127,3341000
15128,3510500
15129,3715200
15130,3956500
15131,3567300
15132,3272400
15133,2989900
15134,3035700
15135,3039200
15136,3168000
15137,3574500
15138,3118200
15139,3077300
15140,3089000
15141,3509400
15142,3373400
15143,3172900
15144,3052300
15145,3045400
15146,3109100
15147,3410500
15148,3117800
15149,2927900
15150,3149900
15151,3268400
15152,3823400
15153,3240000
15154,2928000
15155,3134800
15156,2982700
15157,3270700
15158,3168500
15159,3077100
15160,3049800
15161,3572400
15162,3558200
15163,4089200
15164,3604000
15165,3088100
15166,3564900
15167,3448800
15168,3100200
15169,2979700
15170,3079200
15171,3470900
15172,3270300
15173,3212500
15174,3004100
15175,2926600
15176,3112100
15177,3013200
15178,3566100
15179,3099100
15180,3003500
15181,3085100
15182,3830400
15183,3447600
15184,3151200
15185,3373200
15186,3347800
15187,3132800
15188,3345200
15189,3004600
15190,3053200
15191,3108600
15192,3295900
15193,3357500
15194,3160600
15195,3176900
15196,3474100
15197,3089700
15198,3134300
15199,3250300
15200,3250200
15201,3072800
15202,3586200
15203,3350100
15204,3356100
15205,3172400
15206,3051800
15207,2963000
15208,3008400
15209,3347200
15210,3084100
15211,3278400
15212,2971000
15213,3465500
15214,3813500
15215,3243700
15216,3080900
15217,2933900
15218,2973600
15219,3725500
15220,3188600
15221,2970700
15222,3125800
15223,3182000
15224,3350700
15225,3109700
15226,3138900
15227,3130100
15228,2873900
15229,3384900
15230,3244500
15231,3065800
15232,2973900
15233,2945200
15234,3911800
15235,3163700
15236,3018900
15237,2926800
15238,2939900
15239,3578300
15240,3516300
15241,3113200
15242,2923000
15243,3046400
15244,3883900
15245,3300400
15246,3130000
15247,2943600
15248,2945800
15249,3139600
15250,3089500
15251,3256600
15252,3008600
15253,2986900
15254,3955900
15255,3298500
15256,3429200
15257,2932900
15258,3143600
15259,3146900
15260,2921300
15261,3288800
15262,3015300
15263,2948300
15264,3677900
15265,4151100
15266,4473900
15267,4139200
15268,3569900
15269,3415400
15270,3832200
15271,3582900
15272,4085700
15273,3557500
15274,4529800
15275,3561600
15276,3511800
15277,3771000
15278,3519100
15279,3800300
15280,3197400
15281,3025400
15282,2994600
15283,3517600
15284,3245800
15285,3450800
15286,3226300
15287,2959300
15288,3149200
15289,3259800
15290,3222100
15291,3056900
15292,3013000
15293,3640000
15294,3664700
15295,3256800
15296,3056600
15297,2921400
15298,2964400
15299,3085800
15300,3705600
15301,3399800
15302,3087100
15303,3248500
15304,3824400
15305,3433400
15306,3178800
15307,2983200
15308,2900900
15309,3074300
15310,3670900
15311,3009900
15312,3064000
15313,3034200
15314,3703000
15315,3580500
15316,3064900
15317,2898700
15318,2914500
15319,3306500
15320,3457400
15321,3222400
15322,3041400
15323,2971500
15324,3686600
15325,3483500
15326,3133400
15327,3070300
15328,2910800
15329,3217100
15330,3211300
15331,3389200
15332,2949400
15333,2996700
15334,3596500
15335,3181300
15336,3166500
15337,2920000
15338,3000000
15339,3107600
15340,3633300
15341,3404500
15342,3040300
15343,3049900
15344,3256000
15345,3504800
15346,3314400
15347,3120400
15348,3026500
15349,3053400
15350,3010100
15351,3394400
15352,3143900
15353,3060000
15354,3526900
15355,3474600
15356,3450700
15357,3178800
15358,2991900
15359,3221700
15360,2988800
15361,3139000
15362,3215700
15363,2950200
15364,3297300
15365,3194600
15366,3422900
15367,3195800
15368,3160800
15369,3163100
15370,2939800
15371,3174300
15372,3196600
15373,3051200
15374,3328700
15375,3072000
15376,3436700
15377,3472700
15378,3254700
15379,3314400
15380,3171100
15381,3142500
15382,3487200
15383,3502100
15384,3253800
15385,3045000
15386,3616000
15387,3276200
15388,3280300
15389,3245800
15390,3100800
15391,2992700
15392,3187800
15393,3630200
15394,3196800
15395,2986800
15396,3462000
15397,3029700
15398,3259900
15399,3021600
15400,2981800
15401,2955000
15402,2989700
15403,3492700
15404,3149500
15405,3037200
15406,3042000
15407,3592800
15408,4220200
15409,3423700
15410,3224400
15411,3098000
15412,3202400
15413,3406900
15414,3155500
15415,3168500
15416,2980200
15417,3655200
15418,3386100
15419,3027700
15420,3028200
15421,2972400
15422,3227500
15423,3204500
15424,3186300
15425,3107600
15426,2987500
15427,3199300
15428,3670200
15429,3683000
15430,3106100
15431,3107700
15432,3047800
15433,3026900
15434,3348600
15435,3170600
15436,3178800
15437,3069300
15438,3496300
15439,3406200
15440,3101600
15441,3427000
15442,3538300
15443,3838400
15444,4080700
15445,3560600
15446,3412700
15447,3425200
15448,3252000
15449,3261200
15450,3094400
15451,3093300
15452,2908000
15453,3266800
15454,3472300
15455,3186700
15456,3002200
15457,3074700
15458,3371400
15459,3210700
15460,3354900
15461,3146100
15462,2926700
15463,3045800
15464,3205700
15465,3374000
15466,3125800
15467,3181100
15468,3317800
15469,3151100
15470,3750900
15471,3567600
15472,3526200
15473,3328400
15474,3232600
15475,3960400
15476,3158800
15477,3053900
15478,3428500
15479,3365800
15480,3127700
15481,3039000
15482,2914700
15483,3045500
15484,3334200
15485,3315400
15486,3018500
15487,2935800
15488,3497600
15489,3146300
15490,3243600
15491,2983900
15492,2966800
15493,2854600
15494,3576300
15495,3781800
15496,3072900
15497,3096600
15498,3006500
15499,3678000
15500,3352300
15501,3078900
15502,2979000
15503,2897600
15504,3301000
15505,3409000
15506,3629600
15507,2996900
15508,2933600
15509,3594300
15510,3236800
15511,3237400
15512,2888300
15513,3093700
15514,3048900
15515,3059400
15516,3551600
15517,3110100
15518,3185900
15519,3275800
15520,3554900
15521,3261800
15522,2942300
15523,3143900
15524,3095300
15525,3099100
15526,3249500
15527,3124400
15528,3119400
15529,3047100
15530,3616900
15531,3487100
15532,3272400
15533,3208900
15534,3020000
15535,3137300
15536,3323000
15537,3301600
15538,3170800
15539,3039300
15540,3502100
15541,2988900
15542,3195700
15543,3139500
15544,2900500
15545,2977900
15546,2964900
15547,3569700
15548,3190500
15549,3038100
15550,3109500
15551,3272000
15552,3110500
15553,3154700
15554,2918000
15555,2984300
15556,2969400
15557,3184300
15558,3614000
15559,2973900
15560,3094400
15561,2981700
15562,3721100
15563,3304600
15564,2984400
15565,3013600
15566,3000000
15567,3019700
15568,3419300
15569,3017700
15570,3007800
15571,3020100
15572,3590500
15573,4013100
15574,3995600
15575,3858900
15576,3520300
15577,3809400
15578,3662400
15579,3432800
15580,3609900
15581,3686100
15582,3778800
15583,3644900
15584,3615400
15585,3721000
15586,3404700
15587,3761700
15588,3387000
15589,3206300
15590,3901000
15591,3557700
15592,3620300
15593,3299900
15594,3492500
15595,3598500
15596,3788800
15597,3529800
15598,3314600
15599,3613500
15600,3900400
15601,4042000
15602,3264500
15603,3739500
15604,3613400
15605,3452800
15606,3720600
15607,3401500
15608,4203900
15609,3819400
15610,3839700
15611,3324300
15612,3410900
15613,3250100
15614,3309900
15615,3946100
15616,3473800
15617,3462300
15618,3567700
15619,3866300
15620,3844300
15621,3338300
15622,4847800
15623,4438800
15624,6349100
15625,4691500
15626,3400100
15627,3729600
15628,3055200
15629,3238400
15630,3038800
15631,3355700
15632,3430300
15633,3127100
15634,3000200
15635,3004500
15636,3535400
15637,3343600
15638,3060800
15639,2999500
15640,2914100
15641,3165600
15642,3205800
15643,3534900
15644,3039200
15645,2933500
15646,3564100
15647,3267900
15648,3244300
15649,3012400
15650,2924900
15651,3151200
15652,2966300
15653,3288300
15654,3173500
15655,2953200
15656,3131000
15657,3601100
15658,3198000
15659,3149700
15660,3100000
15661,3535100
15662,3070000
15663,2967700
15664,3188000
15665,3012400
15666,3191400
15667,2966200
15668,3558600
15669,3313000
15670,3047100
15671,3406300
15672,3085800
15673,3088000
15674,3142800
15675,3446200
15676,3350600
15677,3029300
15678,3463100
15679,3465800
15680,3280400
15681,3013500
15682,2879200
15683,2963500
15684,3112700
15685,3253700
15686,3127700
15687,2963700
15688,3037900
15689,3479900
15690,3414600
15691,3105000
15692,3013900
15693,3111600
15694,3014000
15695,3571400
15696,3205800
15697,2955300
15698,3086700
15699,3447600
15700,3745500
15701,3233600
15702,2936100
15703,2927800
15704,3167200
15705,3399500
15706,3300700
15707,2959400
15708,2994000
15709,3673400
15710,3284800
15711,3261900
15712,2972900
15713,2922200
15714,3272200
15715,3522200
15716,3671700
15717,3164600
15718,2971000
15719,3173100
15720,3400000
15721,3556900
15722,3179200
15723,2955400
15724,2928900
15725,2997600
15726,3484300
15727,3157400
15728,3324600
15729,2912800
15730,3501200
15731,3713200
15732,3247600
15733,3038500
15734,2861500
15735,2989200
15736,3528500
15737,3350000
15738,2930100
15739,3022100
15740,3412400
15741,3300200
15742,3174500
15743,3030900
15744,3005400
15745,2907000
15746,3022300
15747,3256900
15748,3011500
15749,3010000
15750,3039300
15751,4294600
15752,4381900
15753,3671500
15754,3197600
15755,3130900
15756,3059300
15757,3331900
15758,3054200
15759,2975000
15760,3145700
15761,3757500
15762,3228100
15763,3043900
15764,2894900
15765,3345500
15766,3221700
15767,3224100
15768,3102600
15769,2884000
15770,3113800
15771,3792000
15772,3249800
15773,3100300
15774,3319500
15775,3719400
15776,3429300
15777,3714200
15778,3167300
15779,3488700
15780,3023100
15781,3382500
15782,3218500
15783,3263200
15784,2995900
15785,2947200
15786,2911800
15787,3493300
15788,3530300
15789,3027800
15790,2887200
15791,3057600
15792,3409500
15793,3501700
15794,3300900
15795,2914400
15796,2992500
15797,3031100
15798,3418500
15799,3179600
15800,3072400
15801,3070600
15802,3509900
15803,3622000
15804,3236100
15805,2981500
15806,2975200
15807,2985800
15808,3150700
15809,3350300
15810,3073100
15811,3074200
15812,3084200
15813,3707300
15814,3240600
15815,3030800
15816,3028500
15817,2946800
15818,3171400
15819,3507800
15820,3138600
15821,2960700
15822,3054000
15823,3722800
15824,3287100
15825,3045300
15826,2981800
15827,2947900
15828,3188400
15829,3097200
15830,3243400
15831,3023200
15832,2929100
15833,3285800
15834,3312900
15835,3650000
15836,3108700
15837,3033700
15838,3222100
15839,2956900
15840,3186900
15841,3237000
15842,3126200
15843,3289500
15844,3377000
15845,3260300
15846,3147800
15847,2958300
15848,3133900
15849,3011400
15850,2976400
15851,3215300
15852,2955300
15853,3563700
15854,3507000
15855,3193400
15856,3281500
15857,3020600
15858,3086800
15859,3000800
15860,3040600
15861,3347000
15862,3114500
15863,3101700
15864,3319700
15865,3158800
15866,3168000
15867,3161500
15868,3251800
15869,3158900
15870,3038500
15871,3245100
15872,3516800
15873,3122100
15874,2971000
15875,3495000
15876,3377000
15877,3230400
15878,3696200
15879,3781400
15880,4086200
15881,4046300
15882,3733400
15883,3442500
15884,3504400
15885,3955300
15886,4039900
15887,3455600
15888,3524200
15889,3522700
15890,4009200
15891,3511600
15892,3362500
15893,3401800
15894,3487400
15895,3416900
15896,3056300
15897,3063900
15898,2851400
15899,3047900
15900,3269600
15901,3297200
15902,3031000
15903,2993900
15904,3547500
15905,3675800
15906,3655400
15907,3063600
15908,2955300
15909,3087700
15910,3279900
15911,3218600
15912,3094700
15913,3213000
15914,3172200
15915,3406600
15916,3366500
15917,3025900
15918,2913800
15919,3315400
15920,3664200
15921,3705300
15922,3105200
15923,2927200
15924,3546000
15925,3274000
15926,3269100
15927,3007700
15928,2904600
15929,3357000
15930,3043400
15931,3381200
15932,3209700
15933,2893500
15934,3164900
15935,3355400
15936,3516500
15937,3255900
15938,3081900
15939,3211100
15940,2948700
15941,3083500
15942,3213900
15943,3024200
15944,3163300
15945,3086800
15946,3370500
15947,3301500
15948,3027500
15949,3233400
15950,2976900
15951,3014400
15952,3269300
15953,3029900
15954,3372900
15955,3179700
15956,3317000
15957,3086200
15958,3228900
15959,3438500
15960,3038300
15961,2981500
15962,3170100
15963,3356200
15964,3120000
15965,3095600
15966,2982400
15967,3640900
15968,3129200
15969,3383200
15970,3057200
15971,2917400
15972,3015100
15973,4154700
15974,3304200
15975,3065400
15976,3043900
15977,3433800
15978,3475000
15979,3287200
15980,2956900
15981,3079500
15982,2967100
15983,3526400
15984,3355200
15985,3024300
15986,3038600
15987,3585900
15988,3136000
15989,3277900
15990,2900200
15991,2903000
15992,2916300
15993,3152700
15994,3663500
15995,3068000
15996,2914900
15997,3058500
15998,3510100
15999,3412100
16000,2986000
16001,2972000
16002,2969900
16003,3104400
16004,3295000
16005,3243600
16006,2979000
16007,2997700
16008,3539800
16009,3275500
16010,3469900
16011,2948700
16012,3177700
16013,3161600
16014,3082400
16015,3341500
16016,3063300
16017,3026600
16018,3222000
16019,3409600
16020,3258500
16021,3098400
16022,3390000
16023,3390300
16024,3298700
16025,3497700
16026,3183700
16027,3430700
16028,3577500
16029,3501700
16030,3269400
16031,3093200
16032,3298500
16033,3012500
16034,3143700
16035,3494900
16036,3057100
16037,3151100
16038,3085900
16039,3339100
16040,3264400
16041,3047200
16042,3342100
16043,3039600
16044,2952900
16045,3026800
16046,3678400
16047,3167200
16048,2956800
16049,3017900
16050,3492200
16051,3539900
16052,2991000
16053,2986000
16054,3049000
16055,2991800
16056,3572300
16057,3084700
16058,2938000
16059,3054700
16060,3480900
16061,3873000
16062,3270200
16063,3042900
16064,2995700
16065,3007100
16066,3949600
16067,4052000
16068,3652300
16069,3181300
16070,3495500
16071,3250900
16072,3079600
16073,2951100
16074,3023400
16075,3414700
16076,3381600
16077,3175600
16078,2986400
16079,3020300
16080,3839300
16081,3344200
16082,3202600
16083,2947200
16084,3511700
16085,3788300
16086,3858500
16087,3490200
16088,3111000
16089,3319300
16090,3501900
16091,3202200
16092,3036200
16093,2998900
16094,3566300
16095,3163900
16096,3207000
16097,3282000
16098,3044800
16099,3525400
16100,3050800
16101,3282300
16102,3109000
16103,3042200
16104,3145300
16105,3012400
16106,3064200
16107,3142700
16108,3047000
16109,3158600
16110,3115400
16111,3361600
16112,3469200
16113,3184400
16114,3162400
16115,3000900
16116,3059200
16117,3031400
16118,3265700
16119,3326000
16120,3202500
16121,3249900
16122,3118000
16123,3279300
16124,3243900
16125,2990900
16126,2939300
16127,3086300
16128,3472200
16129,3537200
16130,3027200
16131,3021900
16132,3477600
16133,3423700
16134,3268900
16135,2976200
16136,2937400
16137,2939800
16138,3484100
16139,3392500
16140,2931900
16141,3051500
16142,3564500
16143,3276100
16144,3361900
16145,3000700
16146,3009000
16147,2939400
16148,3027200
16149,3718400
16150,3069800
16151,2992900
16152,3230100
16153,3462700
16154,3845200
16155,3419900
16156,3031200
16157,3020800
16158,3112100
16159,3336400
16160,3151700
16161,2962400
16162,3034000
16163,3656500
16164,3611800
16165,3140600
16166,2898800
16167,2962500
16168,3192500
16169,3165800
16170,3309500
16171,2955100
16172,3268000
16173,3379700
16174,3073500
16175,3286500
16176,3105900
16177,3260200
16178,3043700
16179,3231700
16180,3695800
16181,3085200
16182,3136000
16183,3074600
16184,3323800
16185,3393900
16186,3092600
16187,3395500
16188,3711200
16189,3962500
16190,3688400
16191,3730400
16192,3587900
16193,3861100
16194,3513600
16195,3531700
16196,3384400
16197,3381500
16198,3453100
16199,4075900
16200,3627000
16201,3282700
16202,3511900
16203,3520600
16204,3595400
16205,3390000
16206,3290600
16207,3447900
16208,3550800
16209,3783000
16210,3435900
16211,3536700
16212,3711300
16213,4018900
16214,3875300
16215,3290100
16216,3270600
16217,3778400
16218,3602800
16219,3323600
16220,3397600
16221,3697800
16222,3746700
16223,3586100
16224,3252600
16225,3220000
16226,3782400
16227,3804100
16228,3412700
16229,3287900
16230,3430400
16231,5006700
16232,4696400
16233,3850200
16234,4059300
16235,4261800
16236,3986800
16237,3880800
16238,4451100
16239,6431800
16240,4178700
16241,5422200
16242,6752000
16243,3710400
16244,3265300
16245,3299900
16246,3866200
16247,3393800
16248,3256600
16249,3271500
16250,3383200
16251,3274800
16252,3758700
16253,3573300
16254,3594700
16255,4080800
16256,3624600
16257,3210600
16258,3346000
16259,3194900
16260,2949500
16261,3359500
16262,3268400
16263,3150900
16264,3102100
16265,3431800
16266,3143600
16267,3273100
16268,3144700
16269,3030100
16270,2977000
16271,3425900
16272,3334400
16273,3406300
16274,3063300
16275,3062400
16276,3654600
16277,3622200
16278,3064600
16279,3012300
16280,2870700
16281,2983600
16282,3242800
16283,3648600
16284,3120200
16285,3029700
16286,3478600
16287,3415500
16288,3024800
16289,2901600
16290,3006100
16291,2982100
16292,3630900
16293,3412800
16294,3003400
16295,2943700
16296,3487900
16297,3276100
16298,3239100
16299,3051100
16300,2984000
16301,2984500
16302,3206600
16303,3503000
16304,3031100
16305,2948100
16306,3020600
16307,3855000
16308,3554200
16309,3224000
16310,2874300
16311,2952600
16312,3341600
16313,3376900
16314,3147200
16315,2920800
16316,3301500
16317,3182800
16318,3182500
16319,3314900
16320,2983000
16321,2870300
16322,3095400
16323,2980600
16324,3305700
16325,3008300
16326,2978600
16327,3920100
16328,3708500
16329,3289700
16330,3116400
16331,3246900
16332,3164600
16333,3160800
16334,3271500
16335,3180900
16336,3629000
16337,3268900
16338,3431900
16339,3321300
16340,3263600
16341,3267700
16342,3131400
16343,3066500
16344,3504600
16345,3093300
16346,3034400
16347,3413500
16348,3139000
16349,3037200
16350,3241000
16351,3139300
16352,2983100
16353,2915000
16354,3620300
16355,3287400
16356,3256700
16357,3038100
16358,3107600
16359,3211100
16360,3445300
16361,3278700
16362,3135200
16363,2915500
16364,2939800
16365,3421300
16366,3160300
16367,3054500
16368,3305600
16369,3288200
16370,3212200
16371,3710400
16372,3780400
16373,3566400
16374,3245900
16375,3563900
16376,3199600
16377,3033000
16378,2974100
16379,3465400
16380,3888100
16381,3646000
16382,3655600
16383,3083300
16384,3283700
16385,3478100
16386,3013200
16387,2950300
16388,2950700
16389,3596700
16390,3142600
16391,3126900
16392,3048600
16393,2952100
16394,3258400
16395,3555900
16396,3307600
16397,3083200
16398,3335200
16399,3232600
16400,3232900
16401,3208200
16402,2965600
16403,3162500
16404,3121000
16405,2935700
16406,3278900
16407,3089000
16408,2993400
16409,3077200
16410,3440000
16411,3680000
16412,3292400
16413,3120200
16414,3157400
16415,2969300
16416,3204700
16417,3352100
16418,3045100
16419,3109500
16420,3119900
16421,3160300
16422,3231600
16423,3178600
16424,3054800
16425,2967100
16426,3005000
16427,3200100
16428,3913200
16429,3572300
16430,3772900
16431,4142800
16432,3789700
16433,3486400
16434,3333000
16435,3415400
16436,4022500
16437,3534600
16438,3311000
16439,3577600
16440,3918200
16441,3728200
16442,3518400
16443,3607900
16444,3777700
16445,4661600
16446,3699500
16447,3217800
16448,3244100
16449,4637300
16450,3729700
16451,3420100
16452,3412300
16453,3527500
16454,3896000
16455,3627500
16456,3305400
16457,3948800
16458,4255200
16459,4154000
16460,3870200
16461,4114000
16462,4123700
16463,4027400
16464,3627500
16465,4483800
16466,3960000
16467,3985100
16468,3547100
16469,3829600
16470,3797600
16471,4446200
16472,4064900
16473,4137900
16474,4485700
16475,4496200
16476,3667000
16477,4042600
16478,4742200
16479,5097900
16480,4658000
16481,4294600
16482,4615200
16483,4364000
16484,4020900
16485,4047300
16486,4526700
16487,4240400
16488,4705700
16489,5208700
16490,4776700
16491,4872900
16492,4944200
16493,5639700
16494,5014800
16495,5131000
16496,5196300
16497,5041200
16498,4579500
16499,3381700
16500,3951700
16501,4007400
16502,3734300
16503,3850800
16504,4360600
16505,3685500
16506,3474400
16507,3399100
16508,3593600
16509,3896700
16510,3483300
16511,3352900
16512,3645200
16513,5051100
16514,3690600
16515,3360900
16516,3183600
16517,4026900
16518,4041600
16519,3511500
16520,3249900
16521,3395600
16522,3784800
16523,3523000
16524,3259300
16525,3408700
16526,3245900
16527,3237200
16528,3879500
16529,3299300
16530,3408000
16531,3331500
16532,3890400
16533,3341300
16534,3421500
16535,3412500
16536,3226900
16537,3550600
16538,3401000
16539,3267100
16540,3628400
16541,3560200
16542,3422400
16543,3389900
16544,4183100
16545,3215600
16546,3037900
16547,3263600
16548,3484800
16549,3326600
16550,3151900
16551,3327400
16552,3409000
16553,3284300
16554,3010800
16555,3062300
16556,3004700
16557,3077200
16558,3418500
16559,3068700
16560,3011300
16561,3444900
16562,3340000
16563,3641300
16564,3194700
16565,2942700
16566,2975100
16567,3168800
16568,3401700
16569,3104000
16570,3038100
16571,3107500
16572,3440400
16573,3534200
16574,3132900
16575,3021100
16576,2925700
16577,3161600
16578,3558500
16579,3291400
16580,3132700
16581,2994200
16582,3761800
16583,3506000
16584,3137400
16585,2989700
16586,3024800
16587,3079500
16588,3415000
16589,3262900
16590,2988800
16591,3097400
16592,3300800
16593,3112700
16594,3200400
16595,2966500
16596,2938300
16597,3276500
16598,3386700
16599,3259200
16600,3034000
16601,3009800
16602,3422700
16603,3411000
16604,3258500
16605,3207900
16606,2967400
16607,3067100
16608,3046400
16609,3126800
16610,3174000
16611,3029900
16612,3215600
16613,3125600
16614,3359700
16615,3644900
16616,3004100
16617,3476700
16618,3526500
16619,3217800
16620,3355400
16621,3208700
16622,3616700
16623,3373700
16624,3321700
16625,3259900
16626,3102100
16627,3197600
16628,3014100
16629,2986700
16630,3127800
16631,3026700
16632,3612300
16633,3122100
16634,3527100
16635,3194200
16636,3131200
16637,3120800
16638,2937700
16639,3001800
16640,3116800
16641,3250000
16642,3232400
16643,3097400
16644,3251800
16645,3067100
16646,3217600
16647,3705700
16648,3144800
16649,2986300
16650,3109700
16651,3552300
16652,3230200
16653,2978800
16654,3024500
16655,3532900
16656,3358800
16657,3159700
16658,3129500
16659,2921400
16660,3045600
16661,3386400
16662,3798500
16663,3911000
16664,3581900
16665,3528500
16666,4110300
16667,3602700
16668,3404000
16669,3048100
16670,3371800
16671,3336400
16672,2963400
16673,3014400
16674,3027800
16675,3554400
16676,3329000
16677,2999100
16678,3087700
16679,2876200
16680,3164800
16681,3390300
16682,3141800
16683,2915300
16684,3017000
16685,3884500
16686,3329500
16687,3098900
16688,2951800
16689,2988000
16690,3159000
16691,3157500
16692,3229700
16693,3025600
16694,3006800
16695,3327000
16696,3309400
16697,3346700
16698,3098300
16699,3024700
16700,3236900
16701,3241900
16702,3548000
16703,3113000
16704,3163900
16705,3159300
16706,3369500
16707,3421100
16708,3112200
16709,3220300
16710,3042800
16711,3065000
16712,3142900
16713,3207900
16714,3200800
16715,3130500
16716,3350400
16717,3191200
16718,3599900
16719,3144000
16720,3071400
16721,3056700
16722,3046500
16723,3307200
16724,3091600
16725,2987900
16726,3110400
16727,3323600
16728,3270300
16729,3308300
16730,3040000
16731,2966000
16732,2876100
16733,2952400
16734,3356400
16735,3368400
16736,2969100
16737,3147400
16738,3668300
16739,3264400
16740,3133200
16741,3131500
16742,2989000
16743,2960300
16744,3385100
16745,3139700
16746,2967100
16747,2994100
16748,3617500
16749,3531300
16750,3164000
16751,3114200
16752,2997300
16753,2926600
16754,3550500
16755,3433800
16756,2993000
16757,3105200
16758,3289700
16759,3291800
16760,3289100
16761,3075800
16762,2972600
16763,3043200
16764,3160500
16765,3314000
16766,3042100
16767,2931600
16768,2976200
16769,3737600
16770,3425400
16771,3047100
16772,3206400
16773,2912400
16774,3360500
16775,4323700
16776,4258900
16777,3505300
16778,3890300
16779,3811600
16780,3729600
16781,3448200
16782,3471600
16783,3523700
16784,3552300
16785,3438200
16786,3411800
16787,3967500
16788,3963600
16789,3785400
16790,3549900
16791,3414100
16792,3372400
16793,3975600
16794,3579500
16795,3520600
16796,3447100
16797,3711900
16798,3685900
16799,3282900
16800,3491400
16801,3643900
16802,3662600
16803,3868300
16804,3726300
16805,3521100
16806,3742800
16807,3610400
16808,3724500
16809,3329700
16810,3368100
16811,3372200
16812,3934700
16813,3512200
16814,3451600
16815,3379800
16816,4194500
16817,3876400
16818,3453600
16819,3370300
16820,3518800
16821,3541600
16822,4189400
16823,4164700
16824,4627000
16825,5327100
16826,6272700
16827,3407800
16828,2973800
16829,3298700
16830,3029800
16831,3038900
16832,2932200
16833,3842300
16834,3648100
16835,3035000
16836,2977000
16837,3011400
16838,3180500
16839,3406600
16840,3186000
16841,3028000
16842,3220400
16843,3338300
16844,3670300
16845,3138100
16846,2976800
16847,2979700
16848,3232000
16849,3729000
16850,3430300
16851,3145200
16852,2919200
16853,4211300
16854,3336500
16855,3145100
16856,3134300
16857,3265600
16858,3157200
16859,3227100
16860,3232500
16861,3148900
16862,2979200
16863,3170100
16864,3713700
16865,3496300
16866,3086300
16867,3256000
16868,3147900
16869,3530300
16870,3204400
16871,3042600
16872,3210000
16873,3149400
16874,3275500
16875,3252400
16876,3058800
16877,3358600
16878,3302800
16879,3000600
16880,3254700
16881,3194400
16882,3346600
16883,3127100
16884,3363900
16885,3748800
16886,3242200
16887,3098200
16888,3024400
16889,3162400
16890,3089300
16891,3364100
16892,3176200
16893,3136800
16894,3308900
16895,2998300
16896,3286700
16897,3080200
16898,2932800
16899,2919900
16900,2896500
16901,3735300
16902,3455400
16903,3087400
16904,3117400
16905,3299300
16906,3332900
16907,3251300
16908,2954000
16909,3001900
16910,2953800
16911,3238100
16912,3275500
16913,2926000
16914,2920900
16915,3042400
16916,3394900
16917,3540900
16918,3050300
16919,3059200
16920,3065700
16921,3035600
16922,4029800
16923,3240300
16924,3394500
16925,3073200
16926,3900700
16927,3536300
16928,3184000
16929,3080500
16930,3071800
16931,3224200
16932,3507900
16933,3028300
16934,2988700
16935,3052100
16936,3848600
16937,3445700
16938,3105800
16939,2884900
16940,2976200
16941,3158900
16942,3075100
16943,3240300
16944,3018300
16945,2975700
16946,3858200
16947,3199800
16948,3182900
16949,3065200
16950,2967500
16951,3248800
16952,2921900
16953,3594500
16954,3160800
16955,3065000
16956,3179300
16957,3426200
16958,3276600
16959,2977700
16960,2978600
16961,3216900
16962,3086000
16963,3241500
16964,3209600
16965,3047300
16966,3300600
16967,3449800
16968,3207500
16969,3127100
16970,2924500
16971,4639100
16972,4309200
16973,4488600
16974,3661600
16975,3213900
16976,3490000
16977,3064100
16978,3143100
16979,3125300
16980,3122600
16981,3053500
16982,3082300
16983,3322500
16984,3450900
16985,3114400
16986,3089400
16987,3325800
16988,3622700
16989,3122800
16990,3075200
16991,2871000
16992,3148200
16993,3280400
16994,3693300
16995,3062000
16996,3210100
16997,3236400
16998,3424500
16999,3203400
17000,3018600
17001,2936600
17002,3027500
17003,3421300
17004,3939200
17005,3231500
17006,2938300
17007,3653600
17008,3231800
17009,3300200
17010,3038700
17011,3037900
17012,2959100
17013,3328500
17014,3422100
17015,3073700
17016,2915500
17017,3002900
17018,3523300
17019,3263400
17020,3091200
17021,2996100
17022,2981600
17023,3221900
17024,3359800
17025,3362300
17026,3118300
17027,3131000
17028,3535700
17029,3151300
17030,3250100
17031,3178900
17032,3023000
17033,3202100
17034,2984200
17035,3303400
17036,3092000
17037,3080200
17038,3149000
17039,3260400
17040,3689200
17041,2985300
17042,3247300
17043,2981700
17044,2968000
17045,3511000
17046,3129100
17047,3089200
17048,3082400
17049,3553300
17050,3178400
17051,3157800
17052,3232500
17053,2990900
17054,3031700
17055,3188400
17056,3757000
17057,3212100
17058,3015000
17059,3022500
17060,3685200
17061,3243200
17062,3240900
17063,3103200
17064,3092600
17065,2967500
17066,3241400
17067,3552800
17068,3163200
17069,3135900
17070,3484800
17071,3140200
17072,3242100
17073,3009600
17074,3021400
17075,2985000
17076,3355100
17077,4125700
17078,3842500
17079,4178300
17080,4894800
17081,3707000
17082,3362400
17083,3553900
17084,3363300
17085,3962900
17086,3378100
17087,3431200
17088,3594100
17089,4391900
17090,3757300
17091,3388100
17092,3468300
17093,3180900
17094,3316800
17095,3210500
17096,2941900
17097,3120800
17098,3409600
17099,3297700
17100,3252500
17101,3036600
17102,3122400
17103,3694400
17104,3047500
17105,3473200
17106,3020100
17107,3111700
17108,3182600
17109,3438500
17110,3686400
17111,3079500
17112,2896900
17113,3074800
17114,3072300
17115,3235900
17116,3189600
17117,3082500
17118,3535200
17119,3237500
17120,3523200
17121,3131000
17122,3390300
17123,3194400
17124,2989600
17125,3521900
17126,3494500
17127,3268000
17128,3237700
17129,3252900
17130,3229800
17131,3074500
17132,3478400
17133,3373500
17134,3013800
17135,3245600
17136,3237000
17137,3210700
17138,3053900
17139,3026700
17140,3362600
17141,3824100
17142,3219600
17143,3029700
17144,2952400
17145,3035200
17146,3335400
17147,3080500
17148,3041000
17149,3018200
17150,3470500
17151,3471300
17152,3083300
17153,3048700
17154,3043400
17155,3064300
17156,3188600
17157,3476300
17158,3068500
17159,3018800
17160,3507900
17161,3839300
17162,3206000
17163,2992600
17164,3014800
17165,2920500
17166,3093800
17167,3427800
17168,3059100
17169,3036400
17170,2989800
17171,3578300
17172,3292700
17173,3019700
17174,3028200
17175,2914400
17176,3275600
17177,3521800
17178,3278700
17179,2970800
17180,3379700
17181,3278700
17182,3347100
17183,3052600
17184,2980000
17185,3195800
17186,3446200
17187,3287100
17188,3336000
17189,2991000
17190,3170700
17191,3115300
17192,3640600
17193,3659300
17194,3060100
17195,3180300
17196,3028700
17197,3160500
17198,3247900
17199,3127400
17200,3097000
17201,3068200
17202,3410000
17203,3296200
17204,3140600
17205,3098300
17206,2998700
17207,3026600
17208,3132000
17209,3254800
17210,3465500
17211,3153600
17212,3390900
17213,3019000
17214,3292700
17215,3134600
17216,2888200
17217,3083900
17218,3002100
17219,3361900
17220,3154800
17221,3114600
17222,3067500
17223,3582300
17224,3233100
17225,3290100
17226,3021500
17227,3045800
17228,3137600
17229,3362600
17230,4145200
17231,3535900
17232,3210800
17233,3755100
17234,3679800
17235,3286700
17236,3043500
17237,3016200
17238,2982300
17239,3535300
17240,3107900
17241,3023500
17242,3183800
17243,3253700
17244,3863300
17245,3270800
17246,3113200
17247,2906500
17248,3188600
17249,3228600
17250,3166900
17251,3049400
17252,3003400
17253,3289300
17254,3363800
17255,3308200
17256,3075300
17257,3011700
17258,3192500
17259,3318700
17260,3413900
17261,3169100
17262,3059100
17263,3178400
17264,3452000
17265,3570100
17266,3222700
17267,3015000
17268,3086800
17269,3063600
17270,3175600
17271,3231100
17272,3007500
17273,3229500
17274,3545500
17275,3277400
17276,3336200
17277,2877000
17278,3554000
17279,3618500
17280,3744300
17281,3332400
17282,3671300
17283,4093200
17284,4146300
17285,3516800
17286,3260900
17287,3038900
17288,3017500
17289,3087900
17290,3344700
17291,3402400
17292,3151400
17293,3088700
17294,3315300
17295,3273900
17296,3128300
17297,3030500
17298,3097800
17299,3058300
17300,3142800
17301,3601500
17302,3064000
17303,3069100
17304,3388300
17305,3266600
17306,3477700
17307,2892300
17308,3046100
17309,2928800
17310,3444400
17311,3402700
17312,3046200
17313,2903700
17314,2986800
17315,3865500
17316,3527400
17317,3158100
17318,2950500
17319,2984900
17320,3218200
17321,3377200
17322,3148400
17323,2885700
17324,2996700
17325,3723100
17326,3230400
17327,3180400
17328,2996500
17329,3200200
17330,3210300
17331,3352000
17332,3567900
17333,3073400
17334,3146000
17335,3200100
17336,3400600
17337,3363000
17338,2986000
17339,3055000
17340,3114000
17341,2979700
17342,3342800
17343,3102600
17344,2967700
17345,3208800
17346,3338300
17347,3513700
17348,3222900
17349,3202300
17350,3143300
17351,2923500
17352,3094300
17353,3282700
17354,3392400
17355,3200600
17356,3406100
17357,3111900
17358,3224800
17359,3121200
17360,2971500
17361,2950500
17362,3179900
17363,3203700
17364,3434700
17365,3200100
17366,3021800
17367,3583100
17368,3281100
17369,3112200
17370,3086800
17371,2998400
17372,3064100
17373,3168700
17374,3293300
17375,3041300
17376,3120900
17377,3299300
17378,2997300
17379,3282600
17380,3136000
17381,3035800
17382,3044900
17383,2949800
17384,3898900
17385,3204000
17386,3118300
17387,3001700
17388,3624300
17389,3824200
17390,3791200
17391,3950100
17392,3488800
17393,3930200
17394,3632200
17395,3547500
17396,3379800
17397,3796400
17398,3823600
17399,3392700
17400,3520200
17401,3851700
17402,3685800
17403,3674800
17404,3300000
17405,3490400
17406,3737100
17407,3844700
17408,3506300
17409,3221800
17410,3345400
17411,3682800
17412,3846300
17413,3373100
17414,3421400
17415,3622200
17416,4082200
17417,3690700
17418,3383400
17419,3458000
17420,3358700
17421,3718200
17422,3538500
17423,3518100
17424,3521900
17425,3804600
17426,3813800
17427,3427500
17428,3531700
17429,3286400
17430,3594600
17431,3664800
17432,3636100
17433,3509200
17434,3669500
17435,3858800
17436,3344700
17437,3669600
17438,4916300
17439,3713700
17440,6358000
17441,6020400
17442,3491900
17443,3232900
17444,3233400
17445,2974400
17446,3043700
17447,2967900
17448,3532000
17449,3570300
17450,3089800
17451,3136500
17452,3218700
17453,3150800
17454,3317300
17455,2976900
17456,2943700
17457,2969100
17458,3138000
17459,3471900
17460,3014700
17461,2940400
17462,3539500
17463,3077600
17464,3913200
17465,3129300
17466,2935500
17467,3030100
17468,3360700
17469,3441200
17470,2896300
17471,3059000
17472,2991400
17473,3667100
17474,3537600
17475,3123900
17476,2945700
17477,2947800
17478,3106600
17479,3490000
17480,3278000
17481,3012200
17482,3107500
17483,3431000
17484,3400100
17485,3141000
17486,2979000
17487,2936000
17488,3250500
17489,3432100
17490,3197200
17491,3010200
17492,2973500
17493,3139800
17494,3647700
17495,3171100
17496,2978600
17497,3009300
17498,3423800
17499,3131700
17500,3227600
17501,3033800
17502,3067300
17503,3567400
17504,3114400
17505,3286100
17506,3090000
17507,3118800
17508,3018000
17509,3144300
17510,3032200
17511,3103000
17512,3023600
17513,3386700
17514,3091200
17515,3434500
17516,3265100
17517,3355400
17518,3104100
17519,3025800
17520,3038200
17521,3471900
17522,3212700
17523,3067300
17524,3131700
17525,3475900
17526,3177200
17527,3174300
17528,3046300
17529,2909700
17530,3003500
17531,3318800
17532,3856800
17533,3994600
17534,3335100
17535,3406000
17536,3431900
17537,3389800
17538,2987100
17539,2978300
17540,3097300
17541,3012100
17542,3489000
17543,3125500
17544,3010900
17545,2958800
17546,3621400
17547,3261400
17548,2992700
17549,3089000
17550,2938500
17551,3183300
17552,3547500
17553,3199900
17554,3072600
17555,2982900
17556,3990000
17557,3358800
17558,3084000
17559,3051900
17560,2978400
17561,3146500
17562,3198000
17563,3301500
17564,3053800
17565,2975600
17566,3665900
17567,3510000
17568,3343500
17569,3144000
17570,2960000
17571,3165000
17572,2996600
17573,3241200
17574,3029400
17575,3028200
17576,3164500
17577,3332400
17578,3216700
17579,3035100
17580,2975900
17581,3575300
17582,3645000
17583,3919700
17584,3187500
17585,3436600
17586,3276300
17587,3441000
17588,3193200
17589,3069800
17590,3436200
17591,3927100
17592,3619600
17593,3693800
17594,3346600
17595,3061900
17596,3058800
17597,3324600
17598,3216600
17599,3250000
17600,3225000
17601,2965100
17602,3038000
17603,3302900
17604,3203300
17605,3032300
17606,3083000
17607,3458700
17608,3349200
17609,3246300
17610,3053700
17611,2987400
17612,2969200
17613,2983600
17614,3314200
17615,3381200
17616,3114700
17617,3027700
17618,3541900
17619,3871900
17620,3117400
17621,2979700
17622,2959300
17623,2972600
17624,3602000
17625,3264500
17626,2975100
17627,3082400
17628,3468200
17629,3345900
17630,3133600
17631,2956100
17632,2927500
17633,2968800
17634,3223000
17635,3225800
17636,3017600
17637,3017800
17638,3034400
17639,3875300
17640,3342800
17641,2990400
17642,2977000
17643,3050600
17644,3072400
17645,3355600
17646,3024500
17647,3070100
17648,3016400
17649,3666300
17650,3460200
17651,3107200
17652,2959000
17653,2990800
17654,3141800
17655,3429000
17656,3628400
17657,3014900
17658,3044400
17659,3900700
17660,3229700
17661,3127300
17662,2962100
17663,2976100
17664,3100900
17665,2954400
17666,3683900
17667,3137100
17668,2955200
17669,3575700
17670,3280500
17671,3528000
17672,3102300
17673,3060800
17674,2998100
17675,3046400
17676,3397800
17677,3128900
17678,3154600
17679,3167400
17680,3171300
17681,3206700
17682,3080600
17683,3261200
17684,3071900
17685,3014600
17686,2960400
17687,3157300
17688,3310700
17689,3146100
17690,3013800
17691,3596800
17692,3599300
17693,3397100
17694,3819900
17695,4057800
17696,3941000
17697,3880900
17698,3300100
17699,3682600
17700,3505400
17701,3770700
17702,3664100
17703,3296800
17704,3534600
17705,3677900
17706,4035300
17707,3706200
17708,3582700
17709,3792300
17710,3551700
17711,3112900
17712,2982100
17713,2882400
17714,2904300
17715,3726400
17716,3339600
17717,2939100
17718,2920300
17719,3523100
17720,3686900
17721,3293500
17722,2984900
17723,2908800
17724,2895500
17725,3317000
17726,3365600
17727,3052100
17728,2946200
17729,3014200
17730,3571700
17731,3245300
17732,3094500
17733,2995500
17734,2991200
17735,3209500
17736,3399300
17737,3084300
17738,3019500
17739,3169300
17740,3738800
17741,3519500
17742,3219000
17743,2887700
17744,3129800
17745,3118400
17746,3049600
17747,3201800
17748,2943500
17749,2993300
17750,3185300
17751,3202000
17752,3289500
17753,3027900
17754,3231700
17755,3704200
17756,3129800
17757,3552200
17758,3110300
17759,3119100
17760,3180400
17761,3384900
17762,3275300
17763,3081900
17764,3163000
17765,3148300
17766,3184000
17767,3168100
17768,3247600
17769,3120500
17770,3081300
17771,3039200
17772,3587000
17773,3582200
17774,3295000
17775,3021900
17776,3037600
17777,2881900
17778,3274900
17779,3288800
17780,3095900
17781,3052100
17782,3617600
17783,3322600
17784,3119500
17785,3067900
17786,2944900
17787,2954900
17788,3122000
17789,3511500
17790,3231200
17791,3198000
17792,3209500
17793,3058600
17794,3517800
17795,3202800
17796,3053100
17797,3008000
17798,3043600
17799,3767900
17800,3234500
17801,2904400
17802,2945300
17803,3650600
17804,3312100
17805,3059000
17806,2859200
17807,2945300
17808,2985600
17809,3998500
17810,3300200
17811,3145200
17812,3234600
17813,3717000
17814,3823400
17815,3485300
17816,3284100
17817,3053900
17818,3178800
17819,3348000
17820,3072200
17821,2970500
17822,3065400
17823,3511900
17824,3554300
17825,3286800
17826,3009200
17827,3121600
17828,3042900
17829,3178200
17830,3259200
17831,3045100
17832,3187600
17833,3181300
17834,3549500
17835,3338700
17836,3026700
17837,3041300
17838,3118900
17839,2948700
17840,3207400
17841,3038400
17842,3432700
17843,3549500
17844,3451900
17845,3575300
17846,3247300
17847,3201800
17848,3066900
17849,3029500
17850,3310500
17851,3095900
17852,3090200
17853,3074300
17854,3520800
17855,3250300
17856,3201000
17857,3156400
17858,2959400
17859,2871000
17860,2980200
17861,3693800
17862,3170900
17863,2971800
17864,2924400
17865,3664000
17866,3481800
17867,3178100
17868,3072300
17869,2987000
17870,3068200
17871,3801800
17872,3348500
17873,3000000
17874,2935100
17875,3621500
17876,3733700
17877,3540000
17878,3151200
17879,3045600
17880,2938200
17881,3402000
17882,3069200
17883,2970000
17884,3023700
17885,3594700
17886,3960000
17887,3559600
17888,3570900
17889,3176600
17890,3266400
17891,3501900
17892,3113600
17893,3040200
17894,2975800
17895,3708700
17896,3366500
17897,3037800
17898,3047100
17899,3093500
17900,3158600
17901,3191500
17902,3225000
17903,3075800
17904,3051300
17905,3915300
17906,4134400
17907,3747800
17908,3279000
17909,3435900
17910,3208900
17911,3195700
17912,3160500
17913,3044700
17914,3086700
17915,3595800
17916,3226400
17917,3121500
17918,3021300
17919,3126300
17920,3188000
17921,3141600
17922,3198200
17923,3266500
17924,3059700
17925,3018300
17926,3818800
17927,3160600
17928,3216900
17929,3073100
17930,2966300
17931,3036000
17932,3457300
17933,3322800
17934,3104000
17935,2943800
17936,3620000
17937,3142500
17938,3328600
17939,3035700
17940,2982500
17941,3046600
17942,3091600
17943,3416000
17944,3047000
17945,2964100
17946,3157600
17947,3273300
17948,3679200
17949,3204000
17950,3001800
17951,3003900
17952,2941800
17953,3436000
17954,3148100
17955,3040900
17956,3074000
17957,3340300
17958,3627700
17959,3468800
17960,2991600
17961,3091600
17962,3036000
17963,3296400
17964,3302800
17965,3053000
17966,2929700
17967,3010400
17968,3946900
17969,3341400
17970,3139500
17971,3063300
17972,2874700
17973,3046800
17974,3341100
17975,3105100
17976,3023500
17977,3035200
17978,3606600
17979,3354400
17980,3129100
17981,2944600
17982,2976500
17983,3203900
17984,3349600
17985,3268400
17986,3064600
17987,3034500
17988,3048200
17989,3678800
17990,3252700
17991,3126700
17992,3036500
17993,3297700
17994,2977800
17995,3342600
17996,3203000
17997,3034700
17998,3054200
17999,3652800
18000,3655600
18001,3257700
18002,3313300
18003,3535200
18004,4019500
18005,3751300
18006,4126200
18007,3845300
18008,3669900
18009,3607100
18010,3366200
18011,3613200
18012,3384900
18013,3289400
18014,4029500
18015,3626600
18016,3387000
18017,3413000
18018,3973700
18019,3568200
18020,3450300
18021,3361400
18022,3418400
18023,4190400
18024,3670200
18025,3426800
18026,3447900
18027,3704000
18028,3935900
18029,3358600
18030,3345800
18031,3737000
18032,4235300
18033,3682500
18034,3401200
18035,3482400
18036,3612300
18037,5134300
18038,3388900
18039,3305000
18040,3402500
18041,4821400
18042,3962800
18043,3317500
18044,3671200
18045,4101200
18046,3661400
18047,3405600
18048,3364800
18049,3514400
18050,3808900
18051,3384600
18052,4782500
18053,4570000
18054,6249700
18055,4744900
18056,3307900
18057,3596200
18058,3500000
18059,3118600
18060,3132000
18061,3400900
18062,3155800
18063,3293300
18064,3052300
18065,3001300
18066,4002000
18067,3334800
18068,3284200
18069,3036300
18070,3031900
18071,4499200
18072,3112000
18073,3235200
18074,3116700
18075,3346500
18076,3120000
18077,3069600
18078,3625700
18079,3158000
18080,3153800
18081,3079200
18082,3602700
18083,3211300
18084,3038100
18085,3097500
18086,2938600
18087,3102500
18088,3357300
18089,3264300
18090,3316200
18091,3157300
18092,2940900
18093,3958000
18094,3337800
18095,3212400
18096,2991500
18097,3030500
18098,2953100
18099,3395400
18100,3567000
18101,3032200
18102,2994300
18103,3527500
18104,3268900
18105,3307500
18106,2930800
18107,3016200
18108,2988000
18109,3339200
18110,3256400
18111,3031300
18112,3031400
18113,3298500
18114,3395700
18115,3491200
18116,3076900
18117,3080300
18118,2916600
18119,3092900
18120,3875000
18121,3381200
18122,3336200
18123,3431400
18124,4386600
18125,3385600
18126,3199300
18127,3203100
18128,3318000
18129,4406200
18130,3349500
18131,3300500
18132,3259500
18133,3581300
18134,3440400
18135,3210500
18136,3180700
18137,3121000
18138,3419900
18139,3439100
18140,3269200
18141,3499900
18142,3895700
18143,4444900
18144,3578500
18145,3207100
18146,3392600
18147,3308300
18148,3602300
18149,3459200
18150,3226000
18151,3689400
18152,3495600
18153,3751600
18154,3151200
18155,3298600
18156,3258200
18157,3149900
18158,3459100
18159,3495500
18160,3510400
18161,3543800
18162,3469300
18163,3520900
18164,3130300
18165,3234500
18166,3188700
18167,3204300
18168,3598000
18169,3842100
18170,3362000
18171,3203700
18172,3892600
18173,3299800
18174,3421200
18175,3210100
18176,3149900
18177,3210800
18178,3845800
18179,3382000
18180,3180500
18181,3232900
18182,3593800
18183,3833000
18184,3832300
18185,3673800
18186,3815300
18187,3897200
18188,3436000
18189,3290400
18190,3333600
18191,3846200
18192,3498900
18193,3047100
18194,2995600
18195,2913700
18196,2957100
18197,3459900
18198,3191300
18199,3047400
18200,3082000
18201,3313200
18202,3362800
18203,3096700
18204,2969200
18205,2921800
18206,3026000
18207,3662900
18208,4067100
18209,3741200
18210,3363100
18211,4018300
18212,3298800
18213,2977800
18214,2893200
18215,3013100
18216,3194500
18217,3425300
18218,3248900
18219,3016600
18220,2977300
18221,3166100
18222,3564700
18223,3245900
18224,2876800
18225,3045200
18226,3070500
18227,3012400
18228,3649100
18229,3188200
18230,2954200
18231,3133900
18232,3598900
18233,3245300
18234,3041800
18235,3084600
18236,3405400
18237,2951700
18238,3102800
18239,3315300
18240,3105400
18241,3174400
18242,3388400
18243,3523800
18244,3308300
18245,3251900
18246,3051300
18247,2979600
18248,2932500
18249,3230000
18250,3009100
18251,3291300
18252,2959900
18253,3421700
18254,3395400
18255,3183200
18256,3406600
18257,3092300
18258,2992800
18259,3299700
18260,3340600
18261,3258800
18262,3082200
18263,3442700
18264,3154300
18265,3177500
18266,3085800
18267,3072300
18268,3040700
18269,3085400
18270,3287500
18271,3052300
18272,2918200
18273,3090300
18274,3359000
18275,3394300
18276,3222200
18277,3112100
18278,2971400
18279,2991600
18280,3574700
18281,3334400
18282,3229200
18283,3023000
18284,3617700
18285,3346200
18286,3178600
18287,3020200
18288,2952600
18289,3067000
18290,3228800
18291,3276600
18292,2983000
18293,2918700
18294,2984700
18295,3707000
18296,3716200
18297,3107300
18298,2981500
18299,2953400
18300,3437400
18301,4137800
18302,4252000
18303,3916300
18304,3862400
18305,3912100
18306,3376800
18307,3294800
18308,3326500
18309,3448300
18310,3644500
18311,3457200
18312,3250900
18313,4223300
18314,3876600
18315,3439600
18316,3265400
18317,3317000
18318,3000400
18319,3253000
18320,3597500
18321,2953200
18322,3077100
18323,2985200
18324,3655700
18325,3314500
18326,3011500
18327,3088200
18328,3005500
18329,2991300
18330,3552800
18331,3092100
18332,3142400
18333,3020600
18334,3507100
18335,3287700
18336,3053200
18337,3119800
18338,3007300
18339,3159800
18340,3208800
18341,3274000
18342,3211800
18343,2991700
18344,3131300
18345,3341100
18346,3256000
18347,3488000
18348,3158300
18349,2947700
18350,2883500
18351,3312200
18352,3230200
18353,2952600
18354,3072400
18355,3175700
18356,3299000
18357,3154400
18358,3050100
18359,3062900
18360,2952200
18361,3046200
18362,4044100
18363,3224400
18364,3133100
18365,3316500
18366,3275700
18367,3324100
18368,3024300
18369,2947400
18370,3064000
18371,3069800
18372,3566500
18373,3090300
18374,2986100
18375,3103900
18376,3505200
18377,3319100
18378,3065200
18379,2928400
18380,2974800
18381,3402800
18382,3411600
18383,3297200
18384,3128800
18385,3032100
18386,3542700
18387,3164000
18388,3225600
18389,3104300
18390,2961400
18391,3166600
18392,3033800
18393,3299900
18394,3038900
18395,2968700
18396,3198800
18397,3385800
18398,3306100
18399,3109900
18400,3019600
18401,3361000
18402,3282400
18403,3700000
18404,3371300
18405,3093700
18406,3580500
18407,3510500
18408,3474400
18409,3155000
18410,3143800
18411,3048700
18412,3066700
18413,3191900
18414,3268200
18415,3173800
18416,3083500
18417,3410200
18418,3351800
18419,3308100
18420,3222500
18421,3088500
18422,2966600
18423,3073900
18424,3399600
18425,3082300
18426,3094700
18427,3055000
18428,3572900
18429,3347400
18430,3102300
18431,2979600
18432,2920800
18433,2919700
18434,3771700
18435,3256800
18436,3003600
18437,3043600
18438,3306000
18439,3296100
18440,3355300
18441,3027300
18442,2983600
18443,2911400
18444,3190400
18445,3579700
18446,3140400
18447,3009800
18448,3017800
18449,3447200
18450,3958200
18451,3320800
18452,2998900
18453,3061800
18454,3388600
18455,4016800
18456,3180800
18457,2986900
18458,3013300
18459,3722800
18460,3166700
18461,2985300
18462,2879100
18463,2943400
18464,3073500
18465,3464700
18466,3094700
18467,3083900
18468,3074700
18469,3613600
18470,3507100
18471,3249400
18472,3034500
18473,3135600
18474,3138200
18475,3139500
18476,3306400
18477,3073700
18478,3228500
18479,3195300
18480,3487000
18481,3149300
18482,3057700
18483,3228600
18484,3224200
18485,3114200
18486,3700300
18487,3049300
18488,3186100
18489,3052400
18490,3581700
18491,3301800
18492,3198700
18493,3664500
18494,3448700
18495,3709000
18496,3568300
18497,3285300
18498,3190300
18499,2973600
18500,3482200
18501,3315800
18502,3371900
18503,3221300
18504,3041000
18505,2979800
18506,3242000
18507,3275300
18508,3036200
18509,2986900
18510,3715800
18511,3308700
18512,3319500
18513,3066100
18514,3024900
18515,2886900
18516,3004700
18517,3356200
18518,3068400
18519,2894500
18520,3039800
18521,3486800
18522,4298200
18523,3882700
18524,3723200
18525,3142200
18526,3409200
18527,3392100
18528,3087500
18529,3028000
18530,3580100
18531,3428300
18532,3130000
18533,3072900
18534,2979700
18535,3272800
18536,3240400
18537,3437100
18538,2967800
18539,3026400
18540,3146400
18541,3740000
18542,3280300
18543,3063600
18544,2995600
18545,3173900
18546,3123400
18547,3203100
18548,3092100
18549,3116300
18550,3315600
18551,3420200
18552,3231300
18553,3091600
18554,2936600
18555,3120800
18556,3059500
18557,3089900
18558,3554200
18559,3168000
18560,3206500
18561,3051000
18562,3694800
18563,3288100
18564,3048000
18565,3119300
18566,2924100
18567,3026600
18568,3211500
18569,3080200
18570,3260300
18571,3061700
18572,3395000
18573,3682400
18574,3207300
18575,3365000
18576,3089200
18577,2999000
18578,3221700
18579,3488600
18580,2980300
18581,3039400
18582,3543900
18583,3066100
18584,3443300
18585,3020000
18586,2932000
18587,2947500
18588,2955400
18589,3380100
18590,3267800
18591,2947900
18592,3006400
18593,3240000
18594,3592300
18595,3211200
18596,2895700
18597,2875000
18598,3019700
18599,3273100
18600,3474100
18601,3047800
18602,3078900
18603,3030400
18604,3464800
18605,3439500
18606,2981800
18607,2902300
18608,3022300
18609,2980600
18610,4113600
18611,3682900
18612,3780700
18613,3519500
18614,4503900
18615,3515800
18616,3359100
18617,3340900
18618,3451700
18619,3679100
18620,3409800
18621,3436600
18622,3382400
18623,4334700
18624,3736700
18625,3388400
18626,3372100
18627,3329600
18628,3522800
18629,4202400
18630,3321300
18631,3683800
18632,3537500
18633,3606000
18634,3288300
18635,3297800
18636,3644100
18637,3422600
18638,3547800
18639,3386500
18640,3623500
18641,3396900
18642,4331500
18643,3700200
18644,3489400
18645,3606400
18646,3387700
18647,3591500
18648,3434800
18649,3433000
18650,3404600
18651,3729900
18652,3623300
18653,3313800
18654,3585100
18655,3499700
18656,3681000
18657,3879800
18658,3501500
18659,4876900
18660,4064300
18661,6187200
18662,5298300
18663,3240200
18664,3373100
18665,3262200
18666,3131500
18667,3060800
18668,3344500
18669,3536600
18670,3704900
18671,3444100
18672,3082500
18673,2975100
18674,3211800
18675,3278100
18676,3006500
18677,3076700
18678,2991900
18679,3675000
18680,3674700
18681,3024900
18682,2904700
18683,2916600
18684,2954800
18685,3748300
18686,3079600
18687,2916500
18688,2999800
18689,4059800
18690,3870900
18691,3008900
18692,3003500
18693,2964300
18694,3230600
18695,3167200
18696,3087900
18697,3002600
18698,2950200
18699,3748400
18700,3500800
18701,3086100
18702,3018100
18703,2957200
18704,3238200
18705,3535800
18706,3319300
18707,3063600
18708,2943700
18709,3472100
18710,3307700
18711,3211400
18712,2969000
18713,2904000
18714,3007800
18715,3077200
18716,3398000
18717,3093300
18718,2916800
18719,3442600
18720,3246900
18721,3501100
18722,3248400
18723,2977300
18724,3230000
18725,3069900
18726,3200100
18727,3269800
18728,3015800
18729,3114900
18730,3042100
18731,3569000
18732,3249200
18733,3260500
18734,3073900
18735,3067300
18736,3127600
18737,3150800
18738,3070800
18739,3177400
18740,3050300
18741,3412300
18742,3627000
18743,3322100
18744,3127600
18745,2973700
18746,2971800
18747,3162600
18748,3343100
18749,3300100
18750,3139000
18751,3041700
18752,3678400
18753,3585900
18754,3489400
18755,2990500
18756,3034300
18757,3177400
18758,3753500
18759,3188600
18760,3071900
18761,3060700
18762,3780000
18763,3322600
18764,2936700
18765,2929200
18766,2993400
18767,2979400
18768,3531600
18769,3099900
18770,2992300
18771,3136900
18772,3340200
18773,3548500
18774,3186900
18775,2959300
18776,3023500
18777,3275100
18778,3222700
18779,3272700
18780,2922800
18781,2846700
18782,2965300
18783,3711400
18784,3160600
18785,3014500
18786,2923500
18787,3103400
18788,3227200
18789,3263100
18790,3078800
18791,2978800
18792,3031700
18793,3499500
18794,3497900
18795,3147200
18796,2964300
18797,2915000
18798,3599800
18799,3623800
18800,3778900
18801,3172400
18802,3277400
18803,3497200
18804,3308900
18805,3087400
18806,2862100
18807,3482600
18808,3079600
18809,3006800
18810,3241400
18811,2981700
18812,3066600
18813,3095700
18814,3488100
18815,3557000
18816,2990800
18817,3021300
18818,3023300
18819,3085600
18820,3209700
18821,3028600
18822,3423600
18823,3207000
18824,3443300
18825,3320600
18826,3285700
18827,3107100
18828,2865100
18829,3028400
18830,2973000
18831,3254800
18832,3606200
18833,3954000
18834,3749800
18835,3881000
18836,3289300
18837,3063400
18838,2979200
18839,3084500
18840,3012300
18841,3396100
18842,3000500
18843,2848100
18844,3063300
18845,3534000
18846,3875600
18847,3136500
18848,2934000
18849,3050200
18850,3340900
18851,3607600
18852,2995700
18853,2959900
18854,3046800
18855,3535800
18856,3417100
18857,3100200
18858,2987800
18859,2952100
18860,3093400
18861,3414900
18862,3376500
18863,2959400
18864,2967000
18865,3662300
18866,3246900
18867,3198100
18868,2889200
18869,2927400
18870,3095200
18871,3250200
18872,3542300
18873,3090200
18874,3012900
18875,3255500
18876,3312100
18877,3158700
18878,3037600
18879,3044800
18880,3432600
18881,3166600
18882,3298100
18883,3094900
18884,3121000
18885,3296700
18886,3516500
18887,3051300
18888,3180100
18889,3045100
18890,3308500
18891,3157700
18892,3042900
18893,3224100
18894,3082400
18895,3109900
18896,3137700
18897,3327700
18898,3639900
18899,3149200
18900,3561200
18901,2926100
18902,3014800
18903,3208500
18904,3234200
18905,3060300
18906,2983600
18907,3439700
18908,3239600
18909,3226400
18910,3190100
18911,2991900
18912,2924700
18913,3119900
18914,3637000
18915,3819400
18916,3949800
18917,4066400
18918,4429100
18919,3561700
18920,3272800
18921,3507100
18922,3545600
18923,3833700
18924,3396700
18925,3504600
18926,4020500
18927,4090800
18928,3603700
18929,3415000
18930,3283600
18931,3168300
18932,3613400
18933,3688100
18934,2893500
18935,2984300
18936,3456500
18937,3343700
18938,3103200
18939,3041500
18940,2959900
18941,3192000
18942,3310100
18943,3123700
18944,2882000
18945,3000700
18946,3653600
18947,3730700
18948,3110100
18949,3019400
18950,2877000
18951,3223200
18952,3312500
18953,3259300
18954,3057500
18955,2951800
18956,3051800
18957,3495300
18958,3208100
18959,2948200
18960,2920700
18961,3198500
18962,3146300
18963,3775000
18964,3211600
18965,3014100
18966,3171000
18967,3429000
18968,3302800
18969,3056700
18970,2967300
18971,3051500
18972,3160800
18973,3097100
18974,3153400
18975,2885200
18976,3167000
18977,3057500
18978,3515900
18979,3086400
18980,3058700
18981,3128900
18982,3158100
18983,2960500
18984,3492100
18985,3324700
18986,3585000
18987,3257600
18988,3621800
18989,3313100
18990,3240800
18991,3044100
18992,3040000
18993,2948600
18994,3330900
18995,3444300
18996,3179200
18997,3040000
18998,3027100
18999,3570400
19000,3438700
19001,3057500
19002,3047000
19003,2955600
19004,3002200
19005,3626000
19006,3050200
19007,3068800
19008,3027900
19009,3300600
19010,3658700
19011,3124200
19012,3033800
19013,2945300
19014,2967400
19015,3478600
19016,3303400
19017,3095900
19018,3325200
19019,3107300
19020,3671600
19021,3226200
19022,3094800
19023,2905200
19024,2984000
19025,3078300
19026,3372900
19027,3036700
19028,3024400
19029,3056200
19030,3429600
19031,3219200
19032,3076900
19033,3033300
19034,2939300
19035,3123900
19036,3344400
19037,3312400
19038,3073400
19039,3036900
19040,3055400
19041,3483000
19042,3239600
19043,2924300
19044,3104800
19045,3094400
19046,2921300
19047,3370200
19048,3015200
19049,3006600
19050,3256200
19051,3350000
19052,3688000
19053,3141900
19054,3044000
19055,3222400
19056,3015200
19057,3185000
19058,3312700
19059,2999000
19060,3057400
19061,3010600
19062,3571600
19063,3258800
19064,2948100
19065,3609600
19066,3394300
19067,3310600
19068,3267900
19069,3064000
19070,3628700
19071,3113600
19072,3724900
19073,3123400
19074,3274500
19075,2979800
19076,2979000
19077,3034900
19078,3226400
19079,3245600
19080,3109600
19081,3073400
19082,3282400
19083,3397400
19084,3329900
19085,3051600
19086,3009300
19087,3040500
19088,3356700
19089,3496400
19090,3167500
19091,3009800
19092,3015000
19093,3342500
19094,3490900
19095,3222400
19096,2954600
19097,3061100
19098,3005000
19099,3304700
19100,3130400
19101,3137800
19102,3469600
19103,3041800
19104,3875800
19105,3755400
19106,3678200
19107,3142300
19108,3262200
19109,3670100
19110,3040800
19111,3092400
19112,3064900
19113,3777800
19114,3405000
19115,2956400
19116,2943900
19117,3027300
19118,3355200
19119,3272200
19120,3290400
19121,3062900
19122,3077000
19123,3988400
19124,3367300
19125,3022300
19126,2928600
19127,3090100
19128,3311200
19129,3115700
19130,3210300
19131,2984500
19132,3163000
19133,3228600
19134,3256400
19135,3247400
19136,3060600
19137,3429400
19138,3192500
19139,3111300
19140,3729000
19141,3103300
19142,3102200
19143,3021800
19144,3232500
19145,3248300
19146,3037700
19147,3733000
19148,3869800
19149,3824900
19150,3482300
19151,3217200
19152,3100600
19153,3098000
19154,4448100
19155,3357800
19156,3174500
19157,2992000
19158,2957500
19159,3082600
19160,3258000
19161,3190700
19162,3119200
19163,2973200
19164,3446400
19165,3160000
19166,3126400
19167,2989000
19168,2935900
19169,3097700
19170,3062400
19171,3455900
19172,3087100
19173,2897900
19174,2935400
19175,3352500
19176,3452000
19177,2998300
19178,2976100
19179,2860700
19180,3020200
19181,3320600
19182,3178100
19183,2876500
19184,2907800
19185,3663100
19186,3406900
19187,3236600
19188,2973100
19189,2959500
19190,2938900
19191,3629500
19192,3391200
19193,2964500
19194,3012900
19195,3118400
19196,3676900
19197,3302600
19198,3034200
19199,2938100
19200,2928700
19201,3164300
19202,3171400
19203,3155100
19204,2976400
19205,3289800
19206,3175300
19207,3943900
19208,3307200
19209,3009100
19210,3025500
19211,3104000
19212,3108100
19213,3439700
19214,2976800
19215,3340700
19216,3250000
19217,3338500
19218,3251800
19219,3006600
19220,3115600
19221,3161100
19222,2939200
19223,3232000
19224,3047400
19225,3489200
19226,3875500
19227,4280300
19228,3898200
19229,3682100
19230,3335200
19231,3454600
19232,3607400
19233,3727400
19234,3537200
19235,3489200
19236,3571500
19237,3835200
19238,3579700
19239,3372000
19240,3489700
19241,3364900
19242,4057200
19243,3859100
19244,3395500
19245,3958800
19246,3885100
19247,3477700
19248,3295200
19249,3284300
19250,3226900
19251,3815200
19252,3386000
19253,3418700
19254,3516500
19255,4139400
19256,3862000
19257,3293800
19258,3294000
19259,3481600
19260,3858700
19261,3559000
19262,3275700
19263,3365500
19264,3808700
19265,3795700
19266,3420000
19267,3446300
19268,3310100
19269,3689100
19270,3658000
19271,3379600
19272,3345600
19273,3697900
19274,4467900
19275,4671500
19276,3826900
19277,6777700
19278,4319500
19279,3038000
19280,3188500
19281,3586100
19282,3178600
19283,3216100
19284,2869800
19285,3334300
19286,3157100
19287,3275700
19288,3494300
19289,3056700
19290,3111900
19291,3421000
19292,3110000
19293,3256600
19294,3105900
19295,3542000
19296,3331500
19297,3059300
19298,3313400
19299,3168900
19300,3245000
19301,3088200
19302,3459500
19303,3222700
19304,3303100
19305,3098600
19306,2973800
19307,2980800
19308,3604600
19309,3292600
19310,3003400
19311,3055500
19312,3423000
19313,3210700
19314,3568100
19315,3298400
19316,2971700
19317,3091200
19318,3220800
19319,3347900
19320,3043600
19321,2940800
19322,3128000
19323,3126000
19324,3820600
19325,3196800
19326,2975300
19327,2965500
19328,2997600
19329,3322300
19330,3063600
19331,3010100
19332,2964500
19333,3466900
19334,3333100
19335,3263900
19336,2932300
19337,2973400
19338,2984800
19339,3246700
19340,3520900
19341,3066400
19342,3015000
19343,3034600
19344,3570800
19345,3272700
19346,3044000
19347,3021600
19348,2925500
19349,3121400
19350,3254700
19351,3072100
19352,2920200
19353,2966200
19354,3135200
19355,3912700
19356,3159500
19357,3010600
19358,3003700
19359,3102200
19360,3006500
19361,3541700
19362,3073300
19363,3362500
19364,3192200
19365,3473200
19366,3243300
19367,3024400
19368,3008500
19369,3856700
19370,3340900
19371,3667000
19372,3181100
19373,3293100
19374,3175000
19375,3682200
19376,3607800
19377,3072100
19378,3198000
19379,2996300
19380,2933100
19381,3196400
19382,3101700
19383,3263900
19384,2997400
19385,3594900
19386,3351600
19387,3128600
19388,3193200
19389,2993800
19390,2964000
19391,3307800
19392,3460300
19393,3112200
19394,2960300
19395,2997900
19396,3460800
19397,3241900
19398,3182800
19399,2936200
19400,2979200
19401,2882700
19402,3360900
19403,3233700
19404,3027000
19405,3045300
19406,3364400
19407,3079000
19408,3802900
19409,3539900
19410,3528500
19411,3096000
19412,3785500
19413,3317100
19414,3122800
19415,2969500
19416,3447800
19417,3532600
19418,3086100
19419,3030400
19420,2914400
19421,2951100
19422,3598700
19423,3284600
19424,2947200
19425,3001000
19426,3004400
19427,3809000
19428,3164300
19429,2938200
19430,3024400
19431,2923700
19432,3251800
19433,3162300
19434,3076700
19435,2970200
19436,3034600
19437,3437600
19438,3123000
19439,3226500
19440,2945700
19441,2986800
19442,3551700
19443,3442200
19444,3212200
19445,3139000
19446,2884100
19447,3324100
19448,3228400
19449,3242400
19450,3022500
19451,2953400
19452,3175500
19453,2996300
19454,3453100
19455,3095600
19456,2973300
19457,3581700
19458,4141000
19459,4101000
19460,3150600
19461,3188800
19462,3024600
19463,3053500
19464,3859000
19465,3125400
19466,3050700
19467,3062900
19468,3432500
19469,3258700
19470,3369700
19471,3049500
19472,3017200
19473,3074500
19474,3124800
19475,3423500
19476,3098300
19477,3088900
19478,3030400
19479,3670900
19480,3742900
19481,3036800
19482,3004900
19483,2928400
19484,2932000
19485,3443300
19486,3116500
19487,3066500
19488,2963200
19489,3417600
19490,3541200
19491,3176500
19492,3071700
19493,2959200
19494,2984500
19495,3643400
19496,3321900
19497,3128800
19498,2988000
19499,3081400
19500,3780700
19501,3256700
19502,3096500
19503,3072300
19504,3292000
19505,3200900
19506,3292600
19507,2938600
19508,3008400
19509,3168600
19510,3556000
19511,3399200
19512,3033500
19513,3016800
19514,3271400
19515,3268700
19516,3480600
19517,3245900
19518,3022500
19519,3152900
19520,3361800
19521,3211600
19522,3226500
19523,3170000
19524,3148700
19525,2925700
19526,3209000
19527,3303300
19528,3124200
19529,3140200
19530,3061700
19531,3610300
19532,3649300
19533,3423000
19534,3651100
19535,3973500
19536,4120400
19537,4031400
19538,3505800
19539,3540100
19540,4279200
19541,3744500
19542,3571800
19543,3424000
19544,3465500
19545,4074200
19546,3694100
19547,3757400
19548,3555900
19549,3588100
19550,3410000
19551,3104500
19552,2960500
19553,2901800
19554,3101900
19555,3595100
19556,3012200
19557,3092500
19558,3040100
19559,3356200
19560,3349200
19561,3076300
19562,2992000
19563,2957300
19564,2981900
19565,3787500
19566,3371100
19567,2956200
19568,3044800
19569,3135500
19570,3580200
19571,3161700
19572,2966000
19573,3040600
19574,2864100
19575,3196300
19576,3343800
19577,3132400
19578,2915600
19579,3111500
19580,3537400
19581,3477000
19582,3098600
19583,3093200
19584,3220300
19585,3165100
19586,3225300
19587,3142600
19588,2915100
19589,3531000
19590,3378600
19591,3359700
19592,3207300
19593,3043100
19594,3065900
19595,3124900
19596,3092400
19597,3232800
19598,3004300
19599,3200800
19600,3086400
19601,3519000
19602,3369600
19603,3012900
19604,3164300
19605,3076800
19606,3000900
19607,3155100
19608,3233200
19609,3347900
19610,3698900
19611,3401000
19612,3245900
19613,3155400
19614,3364500
19615,3095100
19616,2958300
19617,3370000
19618,3345700
19619,3147200
19620,3009600
19621,2957300
19622,3666000
19623,3319500
19624,3405100
19625,3093900
19626,3004900
19627,2952700
19628,3257300
19629,3360100
19630,3215100
19631,2973500
19632,3484100
19633,3421700
19634,3372400
19635,3081200
19636,3015400
19637,2919500
19638,3140900
19639,3207200
19640,3071900
19641,2937300
19642,3218300
19643,3340100
19644,3458000
19645,3110000
19646,2941100
19647,2953700
19648,2955300
19649,3409500
19650,3040500
19651,3060800
19652,2952900
19653,3561000
19654,3380000
19655,3179200
19656,3036500
19657,2916900
19658,2936300
19659,3190300
19660,3370400
19661,2945100
19662,2920000
19663,3021500
19664,3545900
19665,3239300
19666,3081700
19667,2966200
19668,2963100
19669,3553700
19670,3346100
19671,3066000
19672,3048900
19673,3307000
19674,3358200
19675,3379100
19676,3111300
19677,3049100
19678,3503800
19679,3519200
19680,3418800
19681,3220000
19682,3184200
19683,3526000
19684,3547100
19685,3650200
19686,3086300
19687,3152300
19688,3039700
19689,2907300
19690,3164300
19691,3246500
19692,3146000
19693,3051900
19694,3023700
19695,3493800
19696,3186200
19697,3065100
19698,3041300
19699,2986800
19700,2992900
19701,3443600
19702,3194600
19703,3010900
19704,2983900
19705,3646100
19706,3372700
19707,3265500
19708,3061600
19709,2906900
19710,2929400
19711,3148000
19712,3620200
19713,3137900
19714,2956700
19715,3117700
19716,3391800
19717,4047300
19718,3514200
19719,3453500
19720,3191600
19721,3624500
19722,3509700
19723,3067500
19724,2916100
19725,2995600
19726,3840300
19727,3221200
19728,2993700
19729,2957700
19730,3071300
19731,3125700
19732,3344700
19733,3018700
19734,2923500
19735,3051100
19736,3707400
19737,3516900
19738,3049700
19739,2996900
19740,3095300
19741,3264100
19742,3160000
19743,3317700
19744,2963000
19745,3243000
19746,3149500
19747,3332100
19748,3241100
19749,2970700
19750,3221100
19751,3148900
19752,3039600
19753,3190900
19754,3039000
19755,3393500
19756,3085400
19757,3272200
19758,3525000
19759,3241100
19760,3278400
19761,3071100
19762,2943400
19763,3207600
19764,3180200
19765,3179000
19766,3052000
