idx,delta_ns
0,1697900
1,2009300
2,1968600
3,1624900
4,1681400
5,1631100
6,1612400
7,2061800
8,1697800
9,1645900
10,1643300
11,2031300
12,1653400
13,1621500
14,1575300
15,1643500
16,1930900
17,1663800
18,1676700
19,1606100
20,1712500
21,1889700
22,1765000
23,1713100
24,1643300
25,1681500
26,1666300
27,1742900
28,1674600
29,1562200
30,2116700
31,1755100
32,1739600
33,1618000
34,1699900
35,1830600
36,1955800
37,1695700
38,1737500
39,1876500
40,1970000
41,1757800
42,1621900
43,1775100
44,1689400
45,1711500
46,1674900
47,1647000
48,1684400
49,1825600
50,1711100
51,1700500
52,1843700
53,1771300
54,1625800
55,1634400
56,1656500
57,1675500
58,1736100
59,2152300
60,1804100
61,1632600
62,1641800
63,1616100
64,1694000
65,1615900
66,1670400
67,1681400
68,1676800
69,1826700
70,1770700
71,1799900
72,2078400
73,2148800
74,1802500
75,1748600
76,1753700
77,1754400
78,1877700
79,1840100
80,1937900
81,1727600
82,1667500
83,1708300
84,1691800
85,1691200
86,1635400
87,1838300
88,1968400
89,1781200
90,1617400
91,1569800
92,1691200
93,1635600
94,1651000
95,1619300
96,1580000
97,2059200
98,1964900
99,1851200
100,1650200
101,1669600
102,1813000
103,1714200
104,1629600
105,1686200
106,1783800
107,1815600
108,1731500
109,1644900
110,1691600
111,1677600
112,1629000
113,1561900
114,1670100
115,1651700
116,1886000
117,1760300
118,1625200
119,1733300
120,1623400
121,1654600
122,1552800
123,1611000
124,1634300
125,1710600
126,2045100
127,1723700
128,1706000
129,1608100
130,1564000
131,1547200
132,1572700
133,1645100
134,1731500
135,2021300
136,2400900
137,2041500
138,2084200
139,2037100
140,1730200
141,1627900
142,1612400
143,1789200
144,2091600
145,1840200
146,1663700
147,1684800
148,1639300
149,1669300
150,1614900
151,1637300
152,1611700
153,1692200
154,2216200
155,1765200
156,1743300
157,1659700
158,1658400
159,1597400
160,1611000
161,1560200
162,1889900
163,1711200
164,1865200
165,1800300
166,1662400
167,1672200
168,1681900
169,1567200
170,1566100
171,1756500
172,1773900
173,1794400
174,1935800
175,1777500
176,1653300
177,1665000
178,1715300
179,1745500
180,1708200
181,1811900
182,1628000
183,1925400
184,1739700
185,1627000
186,1573900
187,1606400
188,1602500
189,1656100
190,1965500
191,2205900
192,2215600
193,2431700
194,2083400
195,1795500
196,1834300
197,1762300
198,2024600
199,1857400
200,2042000
201,2195700
202,1832900
203,1945100
204,1951200
205,1769600
206,2097700
207,1770500
208,1904200
209,1978000
210,2494000
211,2059800
212,1774100
213,1898200
214,2151600
215,2045900
216,1884600
217,2019500
218,1639800
219,1805200
220,1639500
221,1626100
222,1645700
223,1850400
224,1754400
225,1643200
226,1592300
227,1757600
228,1660100
229,1610100
230,1619600
231,1639600
232,1794400
233,1805700
234,1683600
235,1597600
236,1609100
237,1806000
238,1733200
239,1604900
240,1635600
241,1679600
242,1785200
243,1642500
244,1617600
245,1628000
246,1614500
247,2025800
248,2000100
249,1956500
250,2219200
251,1868800
252,1675500
253,1702500
254,1679600
255,1739500
256,1807300
257,1682800
258,1674900
259,1799600
260,1710100
261,1640600
262,1667000
263,1587300
264,1668800
265,1588300
266,1949200
267,1700700
268,1705200
269,1915900
270,1733800
271,1745800
272,1620000
273,1564500
274,1565900
275,1783100
276,1630500
277,1741600
278,1808200
279,1766300
280,1763500
281,1588400
282,1649600
283,1597100
284,1622900
285,1789200
286,2016200
287,1870700
288,1676300
289,1671400
290,1700900
291,1619400
292,1601900
293,1556000
294,1624900
295,2168800
296,1939600
297,1812400
298,1627700
299,1681900
300,1667300
301,1534000
302,1592900
303,1624300
304,1713400
305,1713800
306,1734400
307,1757300
308,1770600
309,1593700
310,1651500
311,1648700
312,1645400
313,1553100
314,1781000
315,2348500
316,2103100
317,1743100
318,1729900
319,1672700
320,1699100
321,1617900
322,1638500
323,1687300
324,1918000
325,1833900
326,1696000
327,1640100
328,1583400
329,1566300
330,1481400
331,1647800
332,1644500
333,1836300
334,2378300
335,1913400
336,2373700
337,2048300
338,1789000
339,1716200
340,1766100
341,1952500
342,2026800
343,1987500
344,1781700
345,1614500
346,1589600
347,1589000
348,1681200
349,1654600
350,1610400
351,1838800
352,1818700
353,1840300
354,1728000
355,1597500
356,1624200
357,1732200
358,1662300
359,1652100
360,1922200
361,1868500
362,1895900
363,1777500
364,1620300
365,1589300
366,1621100
367,1771100
368,1593900
369,1670400
370,1646700
371,1870600
372,1713900
373,1610200
374,1741100
375,1564300
376,1595100
377,1599400
378,1671800
379,1671600
380,1664300
381,1988100
382,2176300
383,1877800
384,1724200
385,1777000
386,1636100
387,1596000
388,1694100
389,1562800
390,1732900
391,1624200
392,1670000
393,1651700
394,1744300
395,1651400
396,1525000
397,2039700
398,1863500
399,1731800
400,1882300
401,1870600
402,1811500
403,1735800
404,1641400
405,1860300
406,1787500
407,1659300
408,1665000
409,1764800
410,2327800
411,1918500
412,1693400
413,1627700
414,1895900
415,1671200
416,1690300
417,1597300
418,1810700
419,1792500
420,1652300
421,1725700
422,1760800
423,1663500
424,1712300
425,1555500
426,1624600
427,1619100
428,1596400
429,1758200
430,1849900
431,1683400
432,1606300
433,1854400
434,1709000
435,1611800
436,1629900
437,1633000
438,1653900
439,1640500
440,1744700
441,1733200
442,1695700
443,1617500
444,1711900
445,1599900
446,1606300
447,1695900
448,1832100
449,2062000
450,1761400
451,1816000
452,1768600
453,1682300
454,1736600
455,1549900
456,1643400
457,1551900
458,1648900
459,1998000
460,1674200
461,1752700
462,1596700
463,1627100
464,1590300
465,1664200
466,1558600
467,1621400
468,2126900
469,1739700
470,1764200
471,1680400
472,1581500
473,1651700
474,1577300
475,1653000
476,1588300
477,1656700
478,2214400
479,1916300
480,1797400
481,1690500
482,1791100
483,1620400
484,1676900
485,1657200
486,1594200
487,1657000
488,1708500
489,1947000
490,1642300
491,1631500
492,1703200
493,1675600
494,1621600
495,1669200
496,1545200
497,1748100
498,1811700
499,1778700
500,1638100
501,1654300
502,1567100
503,1783200
504,1683300
505,1628700
506,1621200
507,2271200
508,1968100
509,1709200
510,1624400
511,1681500
512,1777100
513,1684600
514,1599900
515,1550600
516,1793300
517,1799900
518,1752700
519,1603700
520,1635000
521,1603500
522,1751900
523,1636400
524,1595400
525,1593500
526,1942800
527,1818100
528,1731800
529,1605000
530,1696000
531,1622700
532,1752200
533,1673500
534,1628400
535,1884500
536,1862500
537,1898500
538,1606400
539,1560200
540,1719200
541,1707300
542,1673500
543,1601400
544,1781000
545,2089000
546,1865200
547,1683700
548,1632400
549,1655300
550,1605700
551,1604800
552,1566900
553,1683100
554,1714400
555,1723600
556,1874600
557,1755700
558,1712800
559,1601100
560,1646200
561,1583200
562,1624200
563,1743200
564,1693700
565,1782000
566,1758900
567,1722300
568,1617700
569,1598400
570,1616500
571,1697100
572,1887200
573,2088800
574,1781900
575,2292200
576,2018000
577,1726500
578,1736400
579,1721500
580,2124400
581,1827500
582,1714000
583,1759500
584,1993100
585,1826500
586,1733300
587,1741800
588,1701500
589,2006400
590,1713700
591,2203100
592,2020800
593,2031300
594,1748300
595,1605300
596,1674900
597,1999300
598,1896100
599,1644500
600,1599200
601,1527400
602,2163200
603,1793200
604,1651500
605,1670400
606,1807800
607,1802200
608,1653500
609,1632100
610,1677800
611,1678800
612,1857400
613,1666200
614,1662700
615,1837800
616,1715100
617,1618900
618,1644200
619,1657700
620,1624800
621,1741400
622,1673200
623,1768400
624,1612700
625,1773200
626,1698500
627,1603600
628,1596100
629,1562100
630,1735000
631,1737400
632,1849300
633,1705800
634,1924300
635,1894200
636,1704200
637,1594900
638,1716000
639,1643900
640,1727300
641,1619500
642,1758400
643,1701900
644,1647100
645,1701700
646,1660600
647,2098700
648,1750800
649,1722200
650,1771900
651,1683500
652,1866900
653,2082800
654,1895800
655,1711100
656,1749100
657,1805900
658,1677800
659,1700500
660,1816900
661,1941500
662,1739100
663,1727500
664,1640500
665,1731100
666,1763000
667,1704800
668,1632900
669,2142100
670,2044800
671,1777300
672,1699200
673,1684100
674,1579400
675,1724000
676,1682000
677,1706000
678,1664300
679,2161200
680,1823800
681,1654500
682,1622000
683,1694600
684,1695800
685,1561800
686,1607200
687,1612200
688,1708000
689,2050300
690,1824200
691,1793200
692,1688500
693,1740700
694,1666100
695,1569500
696,1639300
697,1685200
698,1757800
699,1683900
700,1680800
701,1567200
702,1607700
703,1629400
704,1630800
705,1703600
706,1816700
707,2012800
708,2214000
709,1912400
710,1917300
711,1878300
712,1726600
713,1701000
714,1603800
715,1706300
716,1902800
717,1941700
718,1718700
719,1615400
720,1667500
721,1605300
722,1563200
723,1698300
724,1913000
725,1721500
726,1786900
727,1701800
728,1743100
729,1764700
730,1637500
731,1675700
732,1667500
733,1671700
734,1589700
735,1677700
736,1797000
737,1920200
738,1636700
739,1694600
740,1680900
741,1720500
742,1637900
743,1607900
744,1608100
745,1659600
746,1658200
747,1702600
748,1769700
749,1617000
750,1648900
751,1615600
752,1716400
753,1592300
754,1607000
755,1613200
756,1907000
757,1796700
758,1685100
759,1667400
760,1618400
761,1745400
762,1608800
763,1642800
764,1660000
765,1561800
766,1948800
767,1904500
768,1715900
769,1579300
770,1839000
771,1924700
772,2098500
773,2336600
774,2245200
775,1997100
776,1834700
777,1743600
778,1919700
779,1852000
780,1773100
781,1774900
782,1714000
783,1808200
784,2280700
785,2128800
786,1932200
787,1934000
788,1963800
789,1875300
790,2032600
791,2695800
792,2739000
793,2041400
794,2068300
795,1763000
796,1677100
797,1668700
798,1561600
799,1642400
800,1672700
801,1732400
802,1727900
803,1751200
804,1810000
805,1652100
806,1892900
807,1726300
808,1736000
809,1526000
810,1849000
811,2062300
812,2017900
813,1674200
814,1628400
815,1696900
816,1598400
817,1619100
818,1589700
819,1726500
820,1648800
821,1835500
822,1742300
823,1592400
824,1629000
825,1715600
826,1730500
827,1637700
828,1593500
829,1597300
830,2250600
831,1828800
832,1629400
833,1607100
834,1720000
835,1784200
836,1523500
837,1643000
838,1583800
839,1806300
840,1806700
841,1771700
842,1572100
843,1674900
844,1783800
845,1630800
846,1605000
847,1607300
848,1654800
849,2126400
850,1776600
851,1674500
852,1616300
853,1775100
854,1657000
855,1551300
856,1600400
857,1595900
858,1538300
859,2290800
860,1829400
861,1711000
862,1700400
863,1578400
864,1708200
865,1877300
866,1712700
867,1647200
868,1848900
869,1644800
870,1807800
871,1856600
872,1655000
873,1686000
874,1572400
875,1696100
876,1602800
877,1692600
878,1742000
879,1748400
880,1779400
881,1638600
882,1585100
883,1621400
884,1741800
885,1721000
886,1717400
887,1628000
888,1683500
889,1658800
890,1725500
891,1612500
892,1681000
893,1575600
894,1693600
895,1659300
896,2098900
897,2089200
898,2119800
899,1752700
900,1664700
901,1587500
902,1581800
903,1756700
904,1838500
905,1721900
906,1619300
907,1873400
908,1812700
909,1717100
910,1576400
911,1608100
912,1647700
913,1645500
914,2082200
915,1903100
916,2744600
917,2240300
918,1995000
919,1877200
920,1723400
921,1838900
922,1698800
923,1696600
924,1689700
925,1885900
926,1786000
927,1618600
928,1657400
929,1591500
930,1606600
931,1666800
932,1579400
933,1718700
934,1732500
935,1903800
936,1755200
937,1614100
938,1637000
939,1607800
940,1813200
941,1697200
942,1601500
943,1677100
944,1643600
945,1893500
946,1739300
947,1660900
948,1585300
949,1616300
950,1772400
951,1688700
952,1662200
953,1719900
954,1588800
955,2126400
956,1767200
957,1674000
958,1691800
959,1785800
960,1684000
961,1639400
962,1604500
963,1702100
964,1712600
965,1622400
966,1847500
967,1683800
968,1695000
969,1729000
970,1723000
971,1612600
972,1607500
973,1475900
974,1845400
975,1790300
976,1720700
977,1922000
978,1696800
979,1643200
980,1746100
981,1650400
982,1559800
983,1597400
984,1858200
985,1690400
986,1827200
987,1694900
988,1589300
989,1637300
990,1580700
991,1602700
992,1607700
993,1573500
994,2092000
995,1794000
996,1693500
997,1634600
998,1699100
999,1707300
1000,1598100
1001,1697200
1002,1561100
1003,1682700
1004,1860800
1005,1934200
1006,1714000
1007,1619700
1008,1697800
1009,1637600
1010,1721800
1011,1611100
1012,1631800
1013,1742200
1014,1771900
1015,1796800
1016,1709200
1017,1682300
1018,1551500
1019,1690600
1020,1638000
1021,1571700
1022,1573300
1023,1997400
1024,2070500
1025,1766100
1026,1708900
1027,1674100
1028,1666300
1029,1583700
1030,1693300
1031,1612800
1032,1623900
1033,2223300
1034,1820600
1035,1744600
1036,1617900
1037,1677900
1038,1625100
1039,1612500
1040,1621800
1041,1663300
1042,1947400
1043,1794200
1044,1775800
1045,1667200
1046,1724300
1047,1638100
1048,1662700
1049,1698000
1050,1656400
1051,1612100
1052,2137600
1053,2280300
1054,1902600
1055,1683900
1056,1656500
1057,1609500
1058,1617800
1059,1695000
1060,1805100
1061,1829400
1062,1956300
1063,1678200
1064,1627000
1065,1637100
1066,1553900
1067,1713300
1068,1627600
1069,1600300
1070,1691200
1071,1744000
1072,1950300
1073,1636300
1074,1656200
1075,1638100
1076,1575700
1077,1652900
1078,1683800
1079,1718500
1080,1654700
1081,1762000
1082,1702300
1083,1564300
1084,1603200
1085,1547200
1086,1594200
1087,1668300
1088,1909600
1089,2128000
1090,1788600
1091,1836400
1092,1718400
1093,1642900
1094,1695900
1095,1614700
1096,1736900
1097,1778500
1098,1824900
1099,1658500
1100,1746100
1101,1605200
1102,1620900
1103,1675800
1104,1682500
1105,1704100
1106,1627000
1107,1847500
1108,1661000
1109,1680000
1110,1684500
1111,2122600
1112,1790700
1113,1712800
1114,1772300
1115,1669500
1116,1797600
1117,1619500
1118,1609900
1119,1783200
1120,2238700
1121,1738300
1122,1703700
1123,1722300
1124,1708300
1125,1962300
1126,1699200
1127,1598900
1128,1633400
1129,1864200
1130,1934000
1131,1702100
1132,1594900
1133,1640300
1134,1743300
1135,1697300
1136,1675400
1137,1620800
1138,1708100
1139,1897100
1140,1795000
1141,1587500
1142,1714200
1143,1865800
1144,1749500
1145,1592400
1146,1553500
1147,1550100
1148,1713400
1149,2059600
1150,1856200
1151,1642900
1152,1736800
1153,1780800
1154,1815400
1155,1634900
1156,1606900
1157,1559400
1158,1629500
1159,1705800
1160,1823300
1161,1890300
1162,1888400
1163,1701500
1164,1633700
1165,1686600
1166,1628200
1167,1628900
1168,1850700
1169,1730300
1170,1850800
1171,1921500
1172,1639100
1173,1667300
1174,1615800
1175,1593300
1176,1595000
1177,1860100
1178,1879600
1179,2077800
1180,1811200
1181,1652700
1182,1569500
1183,1611200
1184,1611900
1185,1647800
1186,1752300
1187,2090600
1188,1919600
1189,1826400
1190,1695800
1191,1650900
1192,1688400
1193,1623500
1194,1580000
1195,1655900
1196,1697200
1197,1733100
1198,2004300
1199,1697100
1200,1660200
1201,1630600
1202,1712300
1203,1652700
1204,1675200
1205,1546100
1206,1630200
1207,2165200
1208,1737800
1209,1635100
1210,1624600
1211,1565400
1212,1727000
1213,1538200
1214,1585200
1215,1572000
1216,2001500
1217,2186500
1218,1686100
1219,1676200
1220,1702700
1221,1585700
1222,1556900
1223,2080500
1224,1603400
1225,1758600
1226,1935000
1227,1682900
1228,1609000
1229,1672000
1230,1636300
1231,1683800
1232,1592100
1233,1718700
1234,1578400
1235,2425200
1236,2144600
1237,1828900
1238,1772000
1239,1650800
1240,1710300
1241,1740000
1242,1731700
1243,1825500
1244,1811200
1245,1837300
1246,1850800
1247,1707800
1248,1640700
1249,1696900
1250,1735500
1251,1757100
1252,1871800
1253,2245900
1254,2152900
1255,1759300
1256,1628300
1257,1653600
1258,1657600
1259,1677200
1260,1618300
1261,1871300
1262,1643800
1263,1728300
1264,1823000
1265,1676500
1266,1674000
1267,1625200
1268,1667600
1269,1737100
1270,1670700
1271,1681900
1272,1627800
1273,1854600
1274,1684300
1275,1657300
1276,1627100
1277,1665700
1278,1573000
1279,1546900
1280,2066700
1281,2099300
1282,1823200
1283,2250000
1284,1900900
1285,1631900
1286,1628300
1287,1611700
1288,1941800
1289,1854500
1290,1613000
1291,1550300
1292,1858500
1293,1742300
1294,1619300
1295,1676100
1296,1647300
1297,1805800
1298,1778600
1299,1695400
1300,1572300
1301,1675400
1302,1876800
1303,1712500
1304,1756300
1305,1621700
1306,1888000
1307,1823400
1308,1769400
1309,1625800
1310,1621000
1311,1832700
1312,1821900
1313,1848200
1314,1686400
1315,1668000
1316,1787700
1317,1710500
1318,1643800
1319,1617300
1320,1615900
1321,1855700
1322,1761000
1323,1608500
1324,1580700
1325,1707100
1326,1644600
1327,1675500
1328,1630900
1329,1626900
1330,1611700
1331,1864800
1332,1707600
1333,1676000
1334,1612800
1335,1702000
1336,1722900
1337,1615900
1338,1647600
1339,1622800
1340,1624900
1341,1718200
1342,1806800
1343,1796200
1344,1705700
1345,1653000
1346,1669600
1347,1623900
1348,1739200
1349,1616800
1350,1689200
1351,2321300
1352,1629600
1353,1875800
1354,2226000
1355,2333700
1356,2155100
1357,1777600
1358,1756300
1359,2096900
1360,2036700
1361,1907900
1362,1847400
1363,1816800
1364,1729800
1365,1879500
1366,1806600
1367,1819900
1368,2190300
1369,2117900
1370,1876200
1371,1844300
1372,1840200
1373,1791100
1374,1813400
1375,1777500
1376,1770800
1377,2411400
1378,1907500
1379,1797700
1380,1609100
1381,1650100
1382,1718200
1383,1668400
1384,1591600
1385,1594300
1386,1956300
1387,1777700
1388,1653800
1389,1662600
1390,1635400
1391,1737100
1392,1596700
1393,1649000
1394,1606600
1395,1701900
1396,2059300
1397,1761200
1398,1661200
1399,1590400
1400,1648700
1401,1618000
1402,1522300
1403,1573300
1404,1569600
1405,1740900
1406,2229500
1407,1725300
1408,1832000
1409,1705700
1410,1679600
1411,1796000
1412,1590700
1413,1650600
1414,1705200
1415,2064400
1416,1838200
1417,1615400
1418,1667300
1419,1610600
1420,1636300
1421,1629000
1422,1646100
1423,1825900
1424,1779200
1425,1913900
1426,1680600
1427,1666600
1428,1575200
1429,1621600
1430,1798100
1431,1685700
1432,1803800
1433,1741900
1434,1597000
1435,1776000
1436,1654800
1437,1618100
1438,1620400
1439,1685500
1440,1632900
1441,1607000
1442,2208800
1443,1729300
1444,1861600
1445,1648200
1446,1615800
1447,1730300
1448,1644600
1449,1550500
1450,1641000
1451,1665500
1452,1729000
1453,1618200
1454,1779500
1455,1846800
1456,1670800
1457,1584900
1458,1685000
1459,1655200
1460,1759800
1461,1772400
1462,1609500
1463,1653800
1464,1947000
1465,1708800
1466,1640100
1467,1619900
1468,1579300
1469,1649200
1470,2031000
1471,1681900
1472,1634400
1473,1675000
1474,1733800
1475,1670200
1476,1725400
1477,1598700
1478,1549300
1479,2237900
1480,2495300
1481,2079300
1482,1799500
1483,1792100
1484,1670100
1485,1766700
1486,1640300
1487,1761800
1488,1806100
1489,1630800
1490,1694400
1491,1655700
1492,1835500
1493,1777800
1494,1792200
1495,1604800
1496,1951600
1497,1956500
1498,2448200
1499,2044300
1500,1994100
1501,2274400
1502,1802800
1503,1708800
1504,1807900
1505,1681100
1506,1749800
1507,1645300
1508,1669300
1509,1711800
1510,1814300
1511,1820800
1512,1705900
1513,1662400
1514,1662900
1515,1661800
1516,1597600
1517,1715800
1518,1665600
1519,1574300
1520,1906200
1521,1838100
1522,1835700
1523,1741700
1524,1646500
1525,1694500
1526,1650200
1527,1583800
1528,1667400
1529,1668500
1530,1877200
1531,1715800
1532,1988900
1533,1819700
1534,1669800
1535,1752000
1536,1614300
1537,1642400
1538,1718200
1539,1708700
1540,1647800
1541,1848300
1542,1628500
1543,1723300
1544,1616700
1545,1704000
1546,1671700
1547,1615500
1548,1628200
1549,1716200
1550,1931000
1551,1699700
1552,1729300
1553,1612800
1554,1618600
1555,1672300
1556,1618600
1557,1629400
1558,2061200
1559,2802200
1560,2181400
1561,1775800
1562,1852700
1563,1689300
1564,1733700
1565,1687400
1566,1657300
1567,1636500
1568,1996100
1569,1771200
1570,1631700
1571,1548400
1572,1650100
1573,1731600
1574,1719100
1575,1606300
1576,1616900
1577,1721100
1578,1957300
1579,1722800
1580,1693400
1581,1631600
1582,1819700
1583,1880700
1584,1657400
1585,1667800
1586,1776100
1587,1930700
1588,1782800
1589,1701400
1590,1563500
1591,1619800
1592,1765900
1593,1634200
1594,1622800
1595,1833800
1596,1735700
1597,2193600
1598,1767900
1599,1725200
1600,1625300
1601,1673700
1602,1678000
1603,1632300
1604,1826100
1605,1804500
1606,1923200
1607,1842800
1608,1712000
1609,1649900
1610,1631000
1611,1752700
1612,1637800
1613,1674700
1614,1638100
1615,1599900
1616,2032200
1617,1782200
1618,1704900
1619,1694500
1620,1602400
1621,1811300
1622,1803800
1623,1636000
1624,1690300
1625,1864200
1626,1667600
1627,1634800
1628,1757600
1629,1685700
1630,1658800
1631,1747000
1632,1823200
1633,1593000
1634,1537500
1635,1803900
1636,1956700
1637,1860100
1638,1613100
1639,1586000
1640,1703200
1641,1844100
1642,1775800
1643,1896800
1644,1839800
1645,1846400
1646,1742600
1647,1668200
1648,1627600
1649,1568700
1650,1782300
1651,1591700
1652,1657400
1653,1672900
1654,1648400
1655,1824100
1656,1722700
1657,1631400
1658,1662400
1659,1700600
1660,1619300
1661,1715600
1662,1716100
1663,1606700
1664,2022100
1665,1839000
1666,1778400
1667,1664200
1668,1746500
1669,1654300
1670,1685100
1671,1653900
1672,1633400
1673,1734600
1674,2047900
1675,1638200
1676,1644500
1677,1716700
1678,1669200
1679,1725600
1680,1586300
1681,1609300
1682,1634400
1683,1613000
1684,1846000
1685,1662900
1686,1644500
1687,1720800
1688,1744800
1689,1701600
1690,1587400
1691,1738000
1692,1935900
1693,2257600
1694,1867000
1695,1651000
1696,1736700
1697,1622800
1698,1653300
1699,1604000
1700,1648600
1701,1690500
1702,1611000
1703,1889200
1704,1611900
1705,1781100
1706,1745200
1707,1732200
1708,1656500
1709,1756000
1710,1703900
1711,1621500
1712,1761700
1713,1961800
1714,1842900
1715,1688200
1716,1638900
1717,1702000
1718,1667300
1719,1619300
1720,1568700
1721,1652400
1722,1657800
1723,2099600
1724,1820200
1725,1669100
1726,1573500
1727,1659600
1728,1780100
1729,1647200
1730,1574000
1731,1634700
1732,2386500
1733,1987200
1734,1721700
1735,1625200
1736,1727000
1737,1784000
1738,1546000
1739,1578100
1740,1617900
1741,1719500
1742,2269900
1743,1717200
1744,1751200
1745,1756700
1746,1575900
1747,1681100
1748,1582100
1749,1683900
1750,1816500
1751,1998100
1752,1758200
1753,1660000
1754,1670100
1755,1668300
1756,1748200
1757,1614600
1758,1607400
1759,1558900
1760,1843200
1761,2093900
1762,1770200
1763,1653100
1764,1612000
1765,1651500
1766,1689300
1767,1644100
1768,1603800
1769,1697600
1770,1648400
1771,1712800
1772,1880800
1773,1584400
1774,1508800
1775,1608500
1776,1615100
1777,1640300
1778,1838200
1779,1702400
1780,1630800
1781,1882300
1782,1838900
1783,1586000
1784,1633600
1785,1575700
1786,1773200
1787,1615300
1788,1790100
1789,1643600
1790,1691800
1791,1841600
1792,1647200
1793,1617800
1794,1657500
1795,1591800
1796,1622200
1797,1847200
1798,2217200
1799,1834600
1800,1883700
1801,1611100
1802,1726400
1803,1609200
1804,1732700
1805,1588700
1806,1658600
1807,1721300
1808,1624700
1809,1765500
1810,1967200
1811,1738800
1812,1676400
1813,1633600
1814,1578200
1815,1806100
1816,2151600
1817,1771400
1818,1740300
1819,2175000
1820,1844400
1821,1702700
1822,1640600
1823,1593100
1824,2277800
1825,1717200
1826,1763400
1827,1798300
1828,1962800
1829,1764400
1830,1679200
1831,1666800
1832,1621700
1833,1816200
1834,1624700
1835,1674600
1836,1598500
1837,1643800
1838,1989100
1839,1738000
1840,1653400
1841,1618700
1842,1758700
1843,1743200
1844,1744000
1845,1606700
1846,1601000
1847,1640000
1848,1656600
1849,1685000
1850,1613200
1851,1775400
1852,1751000
1853,1859800
1854,1648700
1855,1725400
1856,1630400
1857,1641900
1858,1686200
1859,1727700
1860,1927500
1861,2198700
1862,2000100
1863,1992300
1864,1983900
1865,1709500
1866,1980200
1867,1708400
1868,1881000
1869,1755500
1870,1687700
1871,1616200
1872,1668900
1873,1587900
1874,1603400
1875,1609000
1876,1859000
1877,1773400
1878,1804400
1879,1793800
1880,1620900
1881,1698700
1882,1621600
1883,1635000
1884,1567700
1885,1677800
1886,1854000
1887,1860200
1888,1852700
1889,1626400
1890,1617700
1891,1600700
1892,1618700
1893,1618000
1894,1672900
1895,1742900
1896,2144700
1897,1744000
1898,1823800
1899,1618500
1900,1671700
1901,1652700
1902,1612300
1903,1563700
1904,1624600
1905,1803200
1906,1958400
1907,1699000
1908,1608500
1909,1545200
1910,1605400
1911,1612500
1912,1616400
1913,1659700
1914,1594000
1915,1827700
1916,1889400
1917,1670200
1918,1580500
1919,1579900
1920,1631700
1921,1563200
1922,1660500
1923,1666000
1924,1662700
1925,2542000
1926,2056900
1927,1796800
1928,1696700
1929,1633400
1930,1633000
1931,1574900
1932,1636700
1933,1562700
1934,1968800
1935,2641200
1936,2314100
1937,2056300
1938,1843400
1939,1757000
1940,1868500
1941,2009300
1942,2013300
1943,2395700
1944,1865400
1945,1747800
1946,1898700
1947,1863200
1948,1891200
1949,2249700
1950,2092100
1951,2403200
1952,1973700
1953,2022100
1954,1811500
1955,1869100
1956,1858500
1957,1944500
1958,1810900
1959,1725100
1960,1706700
1961,2017200
1962,1800600
1963,1752300
1964,1691600
1965,1623200
1966,1670800
1967,1687300
1968,1598500
1969,1797100
1970,1659100
1971,1727100
1972,1595900
1973,1708700
1974,1600300
1975,1607300
1976,1651600
1977,1670700
1978,1696500
1979,1869800
1980,1733800
1981,1703200
1982,1589100
1983,1585700
1984,1635200
1985,1920400
1986,1776300
1987,1593400
1988,1654200
1989,2153700
1990,1709800
1991,1653300
1992,1616600
1993,1698200
1994,1755400
1995,1824500
1996,1722100
1997,1629600
1998,1832100
1999,1621700
2000,1775200
2001,1574400
2002,1633800
2003,1660000
2004,1791600
2005,1728500
2006,1581800
2007,1624100
2008,1749700
2009,1802600
2010,1777500
2011,1665800
2012,1671600
2013,1822600
2014,1643200
2015,1621400
2016,1663700
2017,1571600
2018,1862500
2019,1771500
2020,1707600
2021,1648800
2022,1818700
2023,1934800
2024,1702500
2025,1602700
2026,1559100
2027,1701300
2028,1886000
2029,1713400
2030,1649900
2031,1634000
2032,1776100
2033,1709700
2034,1646300
2035,1625300
2036,1607700
2037,1606500
2038,1993500
2039,1741200
2040,1683400
2041,1835100
2042,1664400
2043,1717400
2044,1647000
2045,1688200
2046,1557300
2047,1977500
2048,2067500
2049,1704900
2050,2136600
2051,2205200
2052,1894000
2053,1633500
2054,1635000
2055,1618400
2056,1935800
2057,1653700
2058,1681200
2059,1997400
2060,1923200
2061,1845900
2062,1698000
2063,1569300
2064,1682100
2065,1816500
2066,1809700
2067,1870400
2068,1675100
2069,1686300
2070,1625300
2071,1635200
2072,1680700
2073,1605200
2074,1673200
2075,1850400
2076,1734400
2077,2363500
2078,2028000
2079,2401500
2080,2142100
2081,1855000
2082,1861200
2083,1789400
2084,1877300
2085,1791700
2086,1619800
2087,1651100
2088,1886500
2089,1858500
2090,2039700
2091,2371900
2092,2998000
2093,2843700
2094,2391000
2095,2077600
2096,2193400
2097,2194700
2098,2133300
2099,2467800
2100,2197000
2101,2091700
2102,2079500
2103,2046300
2104,2100400
2105,1996300
2106,2771900
2107,3082900
2108,2355000
2109,2072400
2110,2112400
2111,2030100
2112,1895000
2113,2005500
2114,2005300
2115,2109500
2116,1815500
2117,1709000
2118,1828900
2119,1966300
2120,1829800
2121,1873200
2122,2023000
2123,2054800
2124,1855100
2125,1716600
2126,1778200
2127,1925600
2128,2026100
2129,1936300
2130,2250700
2131,1831100
2132,2012600
2133,1653000
2134,1705600
2135,1589600
2136,1671900
2137,1611100
2138,1553900
2139,1644000
2140,1716000
2141,1683600
2142,1691400
2143,1878100
2144,1597000
2145,1683500
2146,1619300
2147,1643700
2148,1850700
2149,1679800
2150,1669500
2151,1702700
2152,1800400
2153,1673600
2154,1655900
2155,1692000
2156,1650300
2157,1802000
2158,1694100
2159,1580500
2160,1705300
2161,1656900
2162,1652600
2163,2003700
2164,1833500
2165,1712000
2166,1935200
2167,2165100
2168,1738400
2169,1673400
2170,1733900
2171,1826300
2172,1795800
2173,1680200
2174,1692200
2175,1714900
2176,1980600
2177,1972400
2178,1948100
2179,2083900
2180,2339200
2181,1738400
2182,1656400
2183,1713300
2184,1619700
2185,1665700
2186,1628900
2187,1619400
2188,1682700
2189,1956200
2190,2085400
2191,1741500
2192,2066700
2193,1748600
2194,1670600
2195,1750100
2196,1701800
2197,1602200
2198,1938300
2199,1768800
2200,1652500
2201,1734400
2202,1781800
2203,1603400
2204,1591700
2205,1641600
2206,1692600
2207,1688300
2208,1823800
2209,1694600
2210,1998800
2211,1624100
2212,1612700
2213,1801200
2214,1617100
2215,1652800
2216,1694000
2217,1699800
2218,1727200
2219,1694400
2220,1656200
2221,1584600
2222,1638400
2223,1596400
2224,1636100
2225,1636600
2226,1594400
2227,1902500
2228,2065500
2229,1898600
2230,1659800
2231,1680600
2232,1662400
2233,1706600
2234,1620900
2235,1627400
2236,1707600
2237,1974500
2238,1801900
2239,1700300
2240,1698000
2241,1632400
2242,1673800
2243,1636000
2244,1619200
2245,1688200
2246,1683300
2247,2081400
2248,1722100
2249,1601700
2250,1592300
2251,1675900
2252,1695300
2253,1543600
2254,1693800
2255,1812600
2256,2166600
2257,1963600
2258,1631000
2259,1710100
2260,1679000
2261,1602700
2262,1657100
2263,1658000
2264,1617700
2265,1933400
2266,2427600
2267,1972200
2268,1656200
2269,1654300
2270,1673300
2271,1748700
2272,1718800
2273,1626900
2274,1766600
2275,1994900
2276,1756100
2277,1655300
2278,1695400
2279,1648000
2280,1660000
2281,1608900
2282,1599600
2283,1586300
2284,2191700
2285,2109700
2286,1868400
2287,1808200
2288,1751000
2289,1684500
2290,1738600
2291,1670300
2292,1986300
2293,1781500
2294,2280300
2295,1894400
2296,1948300
2297,1762000
2298,1839600
2299,2013100
2300,1846700
2301,1998400
2302,2171600
2303,2641500
2304,2267200
2305,1781200
2306,1832300
2307,1740000
2308,1957900
2309,1740300
2310,1752700
2311,1942400
2312,1799900
2313,1777000
2314,1662000
2315,1647200
2316,1660900
2317,1877500
2318,1796100
2319,1610600
2320,1806400
2321,1700500
2322,1864400
2323,1669800
2324,1672300
2325,1678300
2326,1983700
2327,2220000
2328,1822800
2329,1775500
2330,1732900
2331,1736800
2332,1644700
2333,1604100
2334,1775900
2335,1757400
2336,1647600
2337,1602000
2338,1697500
2339,1808900
2340,1916000
2341,1686500
2342,1738000
2343,1643200
2344,1750700
2345,1771900
2346,1695000
2347,1682300
2348,1692600
2349,1704200
2350,1828800
2351,1632100
2352,1697400
2353,2019700
2354,1889900
2355,1714300
2356,1798500
2357,1991600
2358,1871100
2359,1603600
2360,1644000
2361,1760400
2362,1790100
2363,1683400
2364,1585500
2365,1639900
2366,1618200
2367,1660100
2368,1910200
2369,1700800
2370,1717300
2371,1580700
2372,1710300
2373,1631200
2374,1593200
2375,1639900
2376,1568500
2377,1692800
2378,1863900
2379,1812700
2380,1549800
2381,2098300
2382,1980100
2383,1764500
2384,1723700
2385,1629800
2386,1636900
2387,2243900
2388,1960000
2389,1795300
2390,1736200
2391,1818400
2392,1884900
2393,1642900
2394,1720200
2395,1622700
2396,1828300
2397,1852400
2398,1909200
2399,1739300
2400,1813000
2401,1632100
2402,1601900
2403,1644000
2404,1572100
2405,1667200
2406,1832400
2407,1753300
2408,2149400
2409,1708900
2410,1649100
2411,1652300
2412,1631200
2413,1640600
2414,1644600
2415,1650100
2416,1848700
2417,2084600
2418,2142800
2419,1820100
2420,2126400
2421,1836700
2422,1633100
2423,1613500
2424,1717500
2425,1876800
2426,1797800
2427,1723500
2428,1653400
2429,1653300
2430,1691700
2431,1725200
2432,1583900
2433,1632600
2434,1715800
2435,1727700
2436,1821600
2437,1708100
2438,1646000
2439,1604400
2440,1650300
2441,1600300
2442,1589000
2443,1614900
2444,1928000
2445,1794600
2446,1757700
2447,1765700
2448,1657300
2449,1649400
2450,1628000
2451,1611400
2452,1602100
2453,1783800
2454,2137200
2455,1891300
2456,1896000
2457,1612300
2458,1601500
2459,1658000
2460,1642800
2461,1668500
2462,1735300
2463,1708100
2464,1824800
2465,1737200
2466,1628400
2467,1698100
2468,1623100
2469,1624700
2470,1633100
2471,1762300
2472,1707400
2473,1846000
2474,1872700
2475,1742100
2476,1684200
2477,1606100
2478,1657600
2479,1901900
2480,1948500
2481,1774600
2482,1885000
2483,2075900
2484,1931800
2485,1639800
2486,1664400
2487,1649900
2488,1743900
2489,1775300
2490,1654200
2491,1610800
2492,1844200
2493,2125300
2494,1780400
2495,1686600
2496,1682700
2497,1697300
2498,1819400
2499,2067600
2500,2331200
2501,2691600
2502,2068000
2503,1828700
2504,1770800
2505,1765300
2506,1873300
2507,1803400
2508,1935400
2509,2270700
2510,2005200
2511,1894300
2512,1850700
2513,1742800
2514,2198400
2515,2059200
2516,1859600
2517,1817900
2518,2057400
2519,2149400
2520,2014700
2521,1812500
2522,1859500
2523,1886900
2524,1692000
2525,1706500
2526,1777900
2527,1792900
2528,1687900
2529,1618300
2530,1610000
2531,1536800
2532,2145700
2533,2062900
2534,1629400
2535,1677000
2536,1763900
2537,1722000
2538,1705500
2539,1589800
2540,1690500
2541,1935600
2542,1846100
2543,1628500
2544,1577700
2545,1709900
2546,1997900
2547,1905500
2548,1658700
2549,1665200
2550,1813800
2551,1833200
2552,1605700
2553,1573100
2554,1592200
2555,1806100
2556,1965200
2557,1782100
2558,1687600
2559,1821800
2560,1776400
2561,1757500
2562,1624500
2563,1635300
2564,1643900
2565,1903700
2566,1988700
2567,2919300
2568,3171800
2569,2155700
2570,1695300
2571,1632900
2572,1605800
2573,1959600
2574,1836600
2575,1791400
2576,1665800
2577,1646400
2578,1638300
2579,1598900
2580,1560500
2581,1557400
2582,1567000
2583,1869800
2584,1812000
2585,1826700
2586,1755800
2587,1603200
2588,1979200
2589,2025900
2590,1923800
2591,1886000
2592,2005900
2593,1821400
2594,1728100
2595,1547200
2596,1572500
2597,1825100
2598,1585900
2599,1610700
2600,1660500
2601,1803400
2602,2068900
2603,1887800
2604,1709900
2605,1678900
2606,1610800
2607,1661800
2608,1641400
2609,1562500
2610,1554100
2611,1781600
2612,2064200
2613,1626000
2614,1570100
2615,1654400
2616,1614000
2617,1554700
2618,1589900
2619,1643800
2620,1619100
2621,2542700
2622,2107500
2623,1678900
2624,1701000
2625,1655500
2626,1604600
2627,1691500
2628,1589400
2629,1655100
2630,1687500
2631,1682600
2632,1697600
2633,1711400
2634,1599500
2635,1637600
2636,1659400
2637,1687900
2638,1706800
2639,2492800
2640,2272100
2641,2453800
2642,2085400
2643,1832600
2644,1853200
2645,1806900
2646,1666800
2647,1721000
2648,1694100
2649,2132000
2650,2203000
2651,1956800
2652,1722200
2653,1689300
2654,1714800
2655,1881500
2656,1694100
2657,1736700
2658,1872800
2659,1631700
2660,1697400
2661,1581900
2662,1552500
2663,1628400
2664,1805500
2665,1965800
2666,1666800
2667,1665200
2668,1696700
2669,1633500
2670,1598900
2671,1663000
2672,2016900
2673,2291600
2674,1967000
2675,1788100
2676,1744400
2677,2030400
2678,1678000
2679,1632700
2680,1626800
2681,1686100
2682,1885200
2683,1730200
2684,1618400
2685,1628800
2686,1982300
2687,1716700
2688,1636500
2689,1590600
2690,1577400
2691,1833600
2692,1765000
2693,1619100
2694,1621500
2695,1565900
2696,1659200
2697,1930700
2698,1615700
2699,1584300
2700,1884600
2701,1991900
2702,1756200
2703,1609600
2704,1626600
2705,1674200
2706,2058100
2707,1589800
2708,1705200
2709,1743400
2710,1752700
2711,1713700
2712,1606500
2713,1617600
2714,1605300
2715,1755900
2716,1700300
2717,1688600
2718,1697300
2719,1812000
2720,1692600
2721,1650700
2722,1601600
2723,1587400
2724,1680600
2725,1808700
2726,1665600
2727,1764400
2728,1694200
2729,2095300
2730,1878900
2731,1885000
2732,1827900
2733,1712500
2734,2148800
2735,2296400
2736,1974100
2737,2105000
2738,1973000
2739,1889400
2740,1793900
2741,1744300
2742,1847100
2743,2017600
2744,1919300
2745,2068800
2746,1838000
2747,1880200
2748,1811300
2749,1777900
2750,1841900
2751,2021000
2752,1984000
2753,1999700
2754,1846200
2755,1800900
2756,1710400
2757,1709500
2758,1631000
2759,1778200
2760,1705300
2761,2614800
2762,2006100
2763,1746000
2764,1738500
2765,1743600
2766,1833900
2767,1665200
2768,1639100
2769,1666800
2770,2274200
2771,1976300
2772,1695000
2773,1760600
2774,1710100
2775,1782100
2776,1665200
2777,1668000
2778,1771700
2779,2143900
2780,1929900
2781,1675100
2782,1747800
2783,1766900
2784,1713300
2785,1749300
2786,1655800
2787,2050600
2788,2424200
2789,1972500
2790,1800600
2791,1702500
2792,1739100
2793,1732200
2794,1725400
2795,1760000
2796,1861000
2797,2305900
2798,1828400
2799,1713400
2800,1711600
2801,1722700
2802,1770900
2803,1726500
2804,1715300
2805,1957000
2806,1858500
2807,1957600
2808,1758800
2809,1671600
2810,1859300
2811,1640800
2812,1703500
2813,1723700
2814,1963800
2815,1900400
2816,1949900
2817,1733400
2818,1856900
2819,1726200
2820,1853500
2821,1818600
2822,1915400
2823,1815600
2824,1833500
2825,2213500
2826,1820700
2827,1816000
2828,1752600
2829,1888300
2830,1830300
2831,1784400
2832,1708500
2833,1781300
2834,2002700
2835,1840000
2836,1673400
2837,1804300
2838,1716300
2839,2096400
2840,1932000
2841,1757900
2842,1741600
2843,1882500
2844,1817700
2845,1651400
2846,1731100
2847,1815200
2848,1949500
2849,1825900
2850,1711500
2851,1728100
2852,2119200
2853,1767100
2854,1683500
2855,1637800
2856,1817000
2857,1736300
2858,1579700
2859,1643100
2860,1669800
2861,1684200
2862,1856600
2863,1703400
2864,1717800
2865,1664500
2866,1757300
2867,1744600
2868,1607200
2869,1534800
2870,1630900
2871,1909500
2872,1748700
2873,1683400
2874,1691400
2875,2081500
2876,1760200
2877,1714700
2878,1788400
2879,1670500
2880,1650200
2881,1839400
2882,1734200
2883,1696200
2884,1740100
2885,1663900
2886,1641800
2887,1672800
2888,1714200
2889,1615200
2890,1817400
2891,2016900
2892,1719300
2893,1910600
2894,1842900
2895,1697400
2896,1644100
2897,1606400
2898,1570100
2899,1603000
2900,1681400
2901,1964300
2902,1920700
2903,1815500
2904,1703400
2905,1614900
2906,1670500
2907,1709800
2908,1615400
2909,1733200
2910,1962900
2911,1921100
2912,1700300
2913,1616300
2914,1649100
2915,1632700
2916,1545900
2917,1681200
2918,1590400
2919,2094500
2920,2122300
2921,1730700
2922,1606300
2923,1618600
2924,1759500
2925,1626600
2926,1581300
2927,1612400
2928,1710900
2929,2044800
2930,1754400
2931,1660100
2932,1612700
2933,1607200
2934,1792800
2935,1615300
2936,1736600
2937,1647800
2938,2030700
2939,1910400
2940,1647600
2941,1648500
2942,1601000
2943,1578900
2944,1623600
2945,1709500
2946,1671700
2947,1721000
2948,2062300
2949,2076100
2950,1820200
2951,1663700
2952,1609600
2953,1696900
2954,1642900
2955,1604300
2956,1729200
2957,1829600
2958,2210100
2959,1805000
2960,1710900
2961,1744300
2962,1657600
2963,1910700
2964,1669000
2965,1935300
2966,1788000
2967,1993300
2968,1683400
2969,1658400
2970,1707600
2971,1608700
2972,1619300
2973,1620400
2974,1648000
2975,2353900
2976,2382500
2977,1990900
2978,2010200
2979,1900000
2980,1663100
2981,1794900
2982,1546300
2983,1868400
2984,1690700
2985,1671900
2986,1779100
2987,1765300
2988,1668600
2989,1672000
2990,1605800
2991,1630500
2992,1748600
2993,1625300
2994,1658400
2995,1644300
2996,1857700
2997,1662300
2998,1617200
2999,1543400
3000,1782400
3001,1756800
3002,1639900
3003,1614000
3004,1646600
3005,1779700
3006,1716200
3007,1704100
3008,1649400
3009,1659000
3010,1655400
3011,2305900
3012,1860600
3013,1701100
3014,1791600
3015,1748900
3016,1750000
3017,1601400
3018,1675900
3019,1661900
3020,2031700
3021,1700500
3022,1619000
3023,2044700
3024,2164000
3025,1821600
3026,1667900
3027,1736100
3028,1751900
3029,1910600
3030,1671500
3031,1660400
3032,1593900
3033,1679000
3034,1708200
3035,1671600
3036,1674900
3037,1676700
3038,1885000
3039,1625500
3040,1635900
3041,1652000
3042,1644700
3043,1860200
3044,1729800
3045,1609700
3046,1567200
3047,1949500
3048,1627200
3049,1676000
3050,1628000
3051,1626700
3052,1562000
3053,1867900
3054,2033900
3055,1745400
3056,1969700
3057,1688700
3058,1763500
3059,1560200
3060,1691500
3061,1662400
3062,1718600
3063,1834500
3064,1708500
3065,1954300
3066,2163700
3067,2098400
3068,2186500
3069,1966300
3070,1816700
3071,2183600
3072,2142000
3073,2091600
3074,1897100
3075,2053100
3076,1906700
3077,1762400
3078,1859300
3079,2267300
3080,2559700
3081,1976200
3082,1916000
3083,1961000
3084,1909500
3085,1814000
3086,1985200
3087,1796300
3088,1779100
3089,1871600
3090,1717000
3091,1707700
3092,1643900
3093,1564500
3094,1605100
3095,1585500
3096,1591600
3097,2041600
3098,1930600
3099,1652400
3100,1606200
3101,1602000
3102,1648800
3103,1605400
3104,1666000
3105,1624900
3106,1586000
3107,1848900
3108,1817200
3109,1780700
3110,1615600
3111,1610000
3112,1782600
3113,1626700
3114,1560700
3115,1574400
3116,1716600
3117,2301100
3118,1906800
3119,1642600
3120,1649700
3121,1691400
3122,1611700
3123,1646800
3124,1598300
3125,1885400
3126,1781400
3127,1742000
3128,1802500
3129,1780000
3130,1764100
3131,1566700
3132,1753000
3133,1644100
3134,1775200
3135,1671000
3136,1853200
3137,1666700
3138,1717300
3139,1637800
3140,1637500
3141,1610700
3142,1737000
3143,1716000
3144,1722000
3145,1617400
3146,1816300
3147,1899400
3148,1671400
3149,1610400
3150,1625800
3151,1569300
3152,1719100
3153,1925900
3154,1836800
3155,1859400
3156,1854900
3157,1829800
3158,1653900
3159,1668900
3160,1596700
3161,1723000
3162,1735500
3163,1609500
3164,1706100
3165,1696000
3166,1765400
3167,1663000
3168,1644700
3169,1701100
3170,1621600
3171,1814700
3172,1693200
3173,1621400
3174,1679800
3175,2317900
3176,1841400
3177,1758700
3178,1632900
3179,1779500
3180,1784500
3181,1610400
3182,1633200
3183,1632600
3184,1711900
3185,1853300
3186,1695900
3187,1685700
3188,1944600
3189,2150000
3190,1828100
3191,1663300
3192,1619500
3193,1617200
3194,1890400
3195,1726700
3196,1709500
3197,1732600
3198,1692700
3199,1635000
3200,1637400
3201,1611300
3202,1684000
3203,1904200
3204,1902500
3205,1774900
3206,1602900
3207,1936200
3208,1738800
3209,1663800
3210,1674700
3211,1637100
3212,1665000
3213,2001400
3214,1806700
3215,1742000
3216,2108100
3217,1931400
3218,2324300
3219,2059800
3220,1887700
3221,1845400
3222,1859600
3223,1801600
3224,1901000
3225,1764300
3226,1701500
3227,1648200
3228,1556200
3229,1611000
3230,1550900
3231,1810900
3232,1689900
3233,1966700
3234,1803800
3235,1697900
3236,1611800
3237,1764300
3238,1685100
3239,1597300
3240,1617400
3241,2023200
3242,1998700
3243,1831100
3244,1594000
3245,1644600
3246,1729000
3247,1669800
3248,1629400
3249,1581900
3250,1705100
3251,1984000
3252,1766100
3253,1710500
3254,1593800
3255,1703000
3256,1647400
3257,1660200
3258,1567100
3259,1635900
3260,2020700
3261,1987500
3262,1668700
3263,1621600
3264,1622800
3265,1592000
3266,1632100
3267,1690200
3268,1674600
3269,1674900
3270,2384900
3271,1856800
3272,1669200
3273,1638800
3274,1650100
3275,1651100
3276,1673900
3277,1615300
3278,1701700
3279,1899800
3280,1886100
3281,1734000
3282,1711600
3283,1616700
3284,1762600
3285,1600600
3286,1661200
3287,1640800
3288,1734700
3289,1814600
3290,1948200
3291,1568000
3292,1618200
3293,1636700
3294,1604200
3295,1652700
3296,1570800
3297,1892500
3298,1732200
3299,1798700
3300,1974500
3301,1651100
3302,1673300
3303,1617700
3304,1726700
3305,1621500
3306,1917800
3307,1794800
3308,1759100
3309,1858600
3310,1769900
3311,1716100
3312,1608600
3313,1617900
3314,1651600
3315,1737100
3316,1716400
3317,1756300
3318,1856500
3319,1718800
3320,1680600
3321,1711500
3322,1548000
3323,1714500
3324,1977800
3325,1670700
3326,1632900
3327,1704200
3328,1839100
3329,1753500
3330,1555000
3331,1541500
3332,1564900
3333,1710000
3334,1845400
3335,1701200
3336,1647200
3337,1589600
3338,1936600
3339,1641600
3340,1739500
3341,1730800
3342,1753600
3343,1835400
3344,1730000
3345,1624200
3346,1691000
3347,1794400
3348,1776100
3349,1701600
3350,1621600
3351,1654800
3352,1867100
3353,1708800
3354,1665100
3355,1615300
3356,1696700
3357,1719000
3358,1944900
3359,1681300
3360,1650900
3361,1576400
3362,1666300
3363,1654800
3364,1655500
3365,1596700
3366,1635600
3367,1978900
3368,1941500
3369,1724300
3370,1651500
3371,1816200
3372,1683800
3373,1577900
3374,1700900
3375,1609600
3376,1627900
3377,1955400
3378,1764300
3379,1625600
3380,1741500
3381,1682500
3382,1718800
3383,1680800
3384,1584200
3385,1672800
3386,1650500
3387,1718800
3388,1639900
3389,1695200
3390,1764800
3391,1652000
3392,1619800
3393,1669800
3394,1695800
3395,1544900
3396,1652200
3397,1719400
3398,1643500
3399,1883100
3400,1784100
3401,1685400
3402,1755100
3403,1618900
3404,2073200
3405,2051800
3406,2178100
3407,1769500
3408,1928000
3409,1679100
3410,1701000
3411,1752100
3412,1613700
3413,1598700
3414,1654600
3415,1770400
3416,1927500
3417,1995000
3418,1698300
3419,1608900
3420,1621500
3421,1688300
3422,1553700
3423,1701800
3424,1588900
3425,2047300
3426,1812600
3427,1647600
3428,1609200
3429,1585900
3430,1594600
3431,1624100
3432,1729600
3433,1703500
3434,1722500
3435,2219000
3436,1743100
3437,1691600
3438,1719400
3439,1706300
3440,1621500
3441,1664700
3442,1637800
3443,1709500
3444,2023200
3445,2004700
3446,1623900
3447,1675500
3448,1558500
3449,1593900
3450,1672700
3451,1601600
3452,1631700
3453,1732700
3454,2225000
3455,2014800
3456,1630300
3457,1658900
3458,1607100
3459,1617500
3460,1560100
3461,1750300
3462,1753500
3463,1743100
3464,1763400
3465,1694800
3466,1686900
3467,1656700
3468,1738000
3469,1649000
3470,1631500
3471,1702700
3472,1810200
3473,1901300
3474,1803100
3475,1645800
3476,1704900
3477,1700700
3478,1649400
3479,1681900
3480,1668600
3481,1748800
3482,1785800
3483,1840400
3484,1837400
3485,1746600
3486,1652500
3487,1638100
3488,1632500
3489,1697400
3490,1871100
3491,1728200
3492,1598000
3493,2549500
3494,1810700
3495,1716900
3496,1590000
3497,1605700
3498,1609100
3499,1724200
3500,1757900
3501,1675700
3502,1961800
3503,1953400
3504,1671700
3505,1650900
3506,1644000
3507,1667300
3508,1650300
3509,1631400
3510,1646100
3511,1739300
3512,1840100
3513,1779700
3514,1665100
3515,1597600
3516,1587500
3517,1619000
3518,1696900
3519,1599000
3520,1612400
3521,1702600
3522,1943000
3523,1785200
3524,1621700
3525,1584800
3526,1989900
3527,2067400
3528,1721900
3529,1655300
3530,1676000
3531,1959100
3532,2127000
3533,1728500
3534,1685600
3535,1835700
3536,1913200
3537,1807100
3538,1749800
3539,1676500
3540,2024800
3541,1760600
3542,1751000
3543,1800900
3544,1853800
3545,1744000
3546,1621700
3547,1637700
3548,1769100
3549,1655700
3550,1831800
3551,1744000
3552,1610100
3553,2082600
3554,2221400
3555,1895500
3556,2031100
3557,1935400
3558,2063600
3559,1767300
3560,1603700
3561,1673900
3562,1850700
3563,1657200
3564,1677200
3565,1664300
3566,1598500
3567,1663200
3568,1856800
3569,1779700
3570,1584300
3571,1708300
3572,1606600
3573,1611900
3574,1604300
3575,1626700
3576,1593500
3577,1769200
3578,1745800
3579,1739900
3580,1646600
3581,1645200
3582,1638200
3583,1665000
3584,1667100
3585,1610400
3586,1702100
3587,1555800
3588,2051200
3589,1744700
3590,2030400
3591,1678000
3592,1667200
3593,1622500
3594,1765900
3595,1733100
3596,1621500
3597,1784600
3598,1736600
3599,1935600
3600,1775600
3601,1675300
3602,1613100
3603,1710900
3604,1696900
3605,1549900
3606,1562500
3607,1759800
3608,1979100
3609,1675200
3610,1634000
3611,1685300
3612,1555300
3613,1623200
3614,1713800
3615,1552800
3616,1658900
3617,2177800
3618,2007600
3619,2147500
3620,1660200
3621,1653600
3622,1620800
3623,1673100
3624,1681100
3625,1607400
3626,1784200
3627,2040800
3628,1672700
3629,1627200
3630,1638900
3631,1684000
3632,1749100
3633,1584400
3634,1641200
3635,2127600
3636,2625800
3637,1842900
3638,1733500
3639,1681400
3640,1682700
3641,1599900
3642,1611500
3643,1603300
3644,1672100
3645,2091100
3646,2177400
3647,2232100
3648,2036700
3649,1768000
3650,1815300
3651,1764300
3652,1933100
3653,2055000
3654,2012800
3655,1712100
3656,1764500
3657,1830300
3658,1671500
3659,1724300
3660,2049900
3661,2132400
3662,2326600
3663,2250800
3664,2030200
3665,1923000
3666,1775500
3667,1970600
3668,1657000
3669,1895700
3670,1692200
3671,1932500
3672,1714400
3673,1641700
3674,1715700
3675,1602200
3676,1651800
3677,1631100
3678,1802400
3679,1857600
3680,1709400
3681,1928400
3682,1711200
3683,1674300
3684,1759700
3685,1607600
3686,1592700
3687,1703500
3688,1632600
3689,1662000
3690,1963600
3691,1982700
3692,1703100
3693,1615100
3694,1715800
3695,1577200
3696,1892600
3697,1610800
3698,1649600
3699,1622100
3700,1788800
3701,1755500
3702,1697200
3703,1590200
3704,1666000
3705,1628300
3706,1742400
3707,1687200
3708,1672100
3709,1605700
3710,1947900
3711,1693000
3712,1627500
3713,1590100
3714,1648500
3715,1657200
3716,1683100
3717,1609100
3718,1606200
3719,1589200
3720,1929700
3721,1819100
3722,1833700
3723,1636700
3724,1606100
3725,1847200
3726,1602200
3727,1568700
3728,1627000
3729,1641400
3730,1719800
3731,1808700
3732,1654100
3733,1603500
3734,1703200
3735,1707500
3736,1634000
3737,1674200
3738,1567700
3739,1643200
3740,1842000
3741,1696100
3742,1670400
3743,1819600
3744,1724800
3745,1620500
3746,1606100
3747,1644000
3748,1722900
3749,1581100
3750,1839500
3751,1787800
3752,1708200
3753,1776200
3754,1648200
3755,1654900
3756,1615000
3757,1673300
3758,1567600
3759,1868500
3760,1943400
3761,1661500
3762,1863700
3763,1660900
3764,1651500
3765,1624900
3766,1614300
3767,1615300
3768,1649800
3769,1829200
3770,1729000
3771,1860000
3772,2505100
3773,1911700
3774,1773000
3775,1698400
3776,1646700
3777,1607600
3778,1769700
3779,1865600
3780,1802200
3781,1673900
3782,1651600
3783,1647500
3784,1636800
3785,1621400
3786,1568000
3787,1570500
3788,2102200
3789,1980300
3790,1640500
3791,1571200
3792,1604400
3793,1717000
3794,1591300
3795,1665500
3796,1840400
3797,1740600
3798,1982700
3799,2105000
3800,2327100
3801,2071400
3802,2043300
3803,1774600
3804,1687700
3805,1577500
3806,1921700
3807,2003900
3808,1684000
3809,1656900
3810,1652700
3811,1822700
3812,1577500
3813,1618300
3814,1667000
3815,1593100
3816,2506900
3817,1872900
3818,1670200
3819,1742700
3820,1694300
3821,1651700
3822,1558400
3823,1647700
3824,1651000
3825,1873300
3826,1691400
3827,1662500
3828,1742700
3829,1764800
3830,1680500
3831,1731800
3832,1672600
3833,1647000
3834,1665700
3835,2113000
3836,1800400
3837,1640700
3838,1743300
3839,1692900
3840,1574400
3841,1692800
3842,1579800
3843,1831000
3844,1787800
3845,1889400
3846,1705900
3847,1679800
3848,1687300
3849,1623200
3850,1664500
3851,1650400
3852,1860200
3853,1755100
3854,1878400
3855,1881800
3856,1857000
3857,1640300
3858,1616400
3859,1604400
3860,1629100
3861,1819100
3862,1616600
3863,1588000
3864,1828400
3865,1768200
3866,1686800
3867,1529100
3868,1620100
3869,1556800
3870,1734500
3871,1842000
3872,1733300
3873,1727900
3874,1855900
3875,1649800
3876,1648000
3877,1662200
3878,1626900
3879,1674300
3880,1739800
3881,1646400
3882,1629700
3883,1813600
3884,2750500
3885,2038300
3886,1922400
3887,1748100
3888,1802800
3889,1697900
3890,1615100
3891,1679100
3892,1759000
3893,1960400
3894,1760800
3895,1549700
3896,1640200
3897,1925900
3898,1749300
3899,1631000
3900,1730300
3901,1639100
3902,1940800
3903,1762700
3904,1688500
3905,1704000
3906,1948200
3907,1798500
3908,1639300
3909,1721700
3910,1548800
3911,1679500
3912,2043800
3913,1790700
3914,1651600
3915,1695700
3916,1641100
3917,1596800
3918,1644100
3919,1605100
3920,1601100
3921,1740800
3922,1742000
3923,1716500
3924,1617800
3925,1695500
3926,1639200
3927,1638700
3928,1587100
3929,1582900
3930,1779400
3931,1918400
3932,1847800
3933,1908300
3934,1753900
3935,1602400
3936,1593500
3937,1770800
3938,1632200
3939,1608700
3940,1690700
3941,1939700
3942,1747000
3943,1673800
3944,1659200
3945,1634900
3946,1726800
3947,1594700
3948,1611400
3949,1685500
3950,1600200
3951,2255600
3952,1810400
3953,1711900
3954,1641900
3955,1590900
3956,1610300
3957,1717700
3958,1764800
3959,1622000
3960,1743600
3961,1769900
3962,1780500
3963,1738300
3964,1654900
3965,1543600
3966,1672200
3967,1547600
3968,1672700
3969,1612400
3970,1687800
3971,1827600
3972,1825000
3973,1646800
3974,1599900
3975,1622400
3976,1703500
3977,1710100
3978,1670700
3979,1594100
3980,2015800
3981,2134600
3982,1692900
3983,1706500
3984,1647800
3985,1693900
3986,1763100
3987,1638900
3988,1561800
3989,1640700
3990,2214300
3991,2238900
3992,1802900
3993,1730000
3994,1670100
3995,1814200
3996,1774500
3997,1763900
3998,2022200
3999,2269000
4000,1952800
4001,1844200
4002,1770200
4003,1724800
4004,1645700
4005,1649600
4006,1813700
4007,2092600
4008,2165400
4009,2320700
4010,1856600
4011,1708400
4012,1732400
4013,1747000
4014,1685200
4015,1704100
4016,2013700
4017,1878900
4018,1741500
4019,1596400
4020,1598600
4021,1726200
4022,1742400
4023,1652900
4024,1773000
4025,1772300
4026,2004000
4027,1852600
4028,1594200
4029,1669600
4030,1720900
4031,1607900
4032,1607500
4033,2117300
4034,1929400
4035,1913000
4036,1780100
4037,1737200
4038,1718200
4039,1699400
4040,1589400
4041,1734900
4042,1696000
4043,1617800
4044,1659700
4045,2263300
4046,1812300
4047,1720200
4048,1703500
4049,1623700
4050,1597600
4051,1870900
4052,1662900
4053,1599000
4054,1692200
4055,1735000
4056,1752200
4057,1704400
4058,1671900
4059,1654700
4060,1695800
4061,1615000
4062,1641200
4063,1654000
4064,1866200
4065,1760100
4066,2505800
4067,1648600
4068,1740800
4069,1808000
4070,1695300
4071,1705400
4072,1559600
4073,1762600
4074,2006100
4075,1789000
4076,1669800
4077,1572200
4078,1829100
4079,1608500
4080,1641200
4081,1663000
4082,1563600
4083,1688300
4084,1895200
4085,1763300
4086,1584300
4087,1952600
4088,1725900
4089,1709400
4090,1663200
4091,1614600
4092,1593300
4093,2062500
4094,1780700
4095,1657600
4096,1731700
4097,1749800
4098,1638400
4099,1625500
4100,1620800
4101,1696900
4102,1668100
4103,1919700
4104,1839300
4105,2013800
4106,2073600
4107,1748100
4108,1768200
4109,1761100
4110,1714000
4111,1689900
4112,2186900
4113,1823100
4114,1785600
4115,1644400
4116,1710900
4117,1673200
4118,1813000
4119,1665000
4120,1801700
4121,2068500
4122,1771200
4123,2062400
4124,2087400
4125,1791500
4126,1868600
4127,1798700
4128,1758600
4129,1654700
4130,1835700
4131,1993600
4132,1945100
4133,1637400
4134,1580600
4135,1665200
4136,1617000
4137,1711500
4138,1691700
4139,1698300
4140,1930400
4141,1751900
4142,1699000
4143,1722900
4144,1685900
4145,1731400
4146,1660700
4147,1704100
4148,1540100
4149,1717300
4150,1963000
4151,1696400
4152,1614400
4153,1561100
4154,1628700
4155,1760800
4156,1648600
4157,1646400
4158,1544300
4159,1978000
4160,2029900
4161,1788700
4162,1777800
4163,1720500
4164,1599800
4165,1691000
4166,1626500
4167,1570500
4168,1827400
4169,2017400
4170,1683500
4171,1572500
4172,1635700
4173,1560400
4174,1612800
4175,1608100
4176,1599700
4177,1687700
4178,1936200
4179,1898700
4180,1696400
4181,1683100
4182,1600800
4183,1678500
4184,1671900
4185,1604100
4186,1658300
4187,1746800
4188,1866400
4189,1772600
4190,1765400
4191,1648800
4192,1720800
4193,1580900
4194,1636300
4195,1615900
4196,1628200
4197,1619500
4198,1649900
4199,1856100
4200,1746400
4201,1751100
4202,1600900
4203,1542300
4204,1644800
4205,1598800
4206,1973900
4207,1668300
4208,1951100
4209,1896700
4210,1785200
4211,1654100
4212,1737800
4213,1623700
4214,1636900
4215,2119500
4216,1770200
4217,1754600
4218,1836500
4219,1822900
4220,1610200
4221,1557300
4222,1601100
4223,2269700
4224,2190800
4225,2085600
4226,2573200
4227,2055200
4228,1901000
4229,1774200
4230,1789300
4231,2074900
4232,1784900
4233,1814500
4234,1754200
4235,2553400
4236,2029500
4237,2048100
4238,1858100
4239,1966900
4240,1794300
4241,1896100
4242,1796100
4243,2219400
4244,1985800
4245,1851200
4246,1615500
4247,1707900
4248,1643600
4249,1627400
4250,1603200
4251,1665100
4252,1859200
4253,2079200
4254,1833000
4255,1957300
4256,2069300
4257,2058200
4258,2047300
4259,2017400
4260,1898500
4261,2316100
4262,2231700
4263,2078500
4264,1919000
4265,2049500
4266,2139000
4267,2377100
4268,2633600
4269,2454300
4270,2409100
4271,2250600
4272,2219000
4273,2210600
4274,2250600
4275,2265700
4276,2719700
4277,2254600
4278,2145900
4279,2023500
4280,2207500
4281,2008300
4282,1976200
4283,2278100
4284,2283900
4285,2733500
4286,2177100
4287,2338400
4288,2915700
4289,2513400
4290,2402100
4291,2225000
4292,2046100
4293,2272300
4294,3302900
4295,2314300
4296,2022900
4297,2208800
4298,2676900
4299,2092100
4300,2158200
4301,2137400
4302,2201800
4303,2371100
4304,2787700
4305,2885800
4306,2417400
4307,2156100
4308,2198500
4309,1887100
4310,3259700
4311,3383700
4312,2507700
4313,2021200
4314,2178300
4315,2358800
4316,2081800
4317,2170800
4318,2893700
4319,2351300
4320,2338800
4321,2059700
4322,1909100
4323,1916900
4324,2502900
4325,3454300
4326,2968400
4327,2685800
4328,2582100
4329,2547400
4330,2505300
4331,2881700
4332,2767000
4333,2589400
4334,2472400
4335,2370100
4336,2751900
4337,2046600
4338,2549900
4339,2437700
4340,1968600
4341,1984000
4342,2214800
4343,2646700
4344,2498500
4345,3708600
4346,2710700
4347,2099100
4348,2251000
4349,2144800
4350,2071800
4351,2038300
4352,2534000
4353,2772900
4354,2191200
4355,1873800
4356,2309700
4357,2140800
4358,1996200
4359,2192100
4360,2335400
4361,2152700
4362,2126400
4363,2216300
4364,2150400
4365,2254000
4366,2943600
4367,2725500
4368,1950900
4369,1896500
4370,2099200
4371,2035500
4372,1952700
4373,2066400
4374,2178100
4375,2777400
4376,2091000
4377,1834300
4378,1989000
4379,2083900
4380,1986400
4381,2035200
4382,2672000
4383,2296800
4384,2587100
4385,2407600
4386,1942400
4387,1832400
4388,2153900
4389,2262400
4390,2290500
4391,2075200
4392,2211200
4393,2133900
4394,2200100
4395,2080800
4396,2306900
4397,2976000
4398,2609000
4399,2218600
4400,2029600
4401,2200200
4402,1990000
4403,2091600
4404,2243200
4405,2357300
4406,2894800
4407,2131700
4408,2142000
4409,2152300
4410,2147200
4411,2177200
4412,2234000
4413,2301400
4414,2138600
4415,2723100
4416,2026700
4417,1965800
4418,2000600
4419,2090300
4420,2318500
4421,2146500
4422,2094000
4423,2190200
4424,2141300
4425,2094200
4426,2004000
4427,3098100
4428,3412300
4429,2100200
4430,1959800
4431,1864300
4432,2050700
4433,3459300
4434,4343900
4435,2926400
4436,2265100
4437,3362000
4438,2752400
4439,5340400
4440,4985100
4441,3441700
4442,3406000
4443,3766600
4444,3729800
4445,3130900
4446,2328300
4447,1710100
4448,2092300
4449,1988400
4450,1910400
4451,1932400
4452,1851700
4453,1977000
4454,1804500
4455,1748600
4456,2104600
4457,2062100
4458,2529700
4459,2451400
4460,1856700
4461,1665200
4462,1635500
4463,1706600
4464,1907100
4465,1821600
4466,1930700
4467,2028800
4468,1839300
4469,1995700
4470,1725300
4471,1664900
4472,1749000
4473,1906500
4474,1768600
4475,2047300
4476,1928500
4477,1816000
4478,2152200
4479,2179600
4480,2012000
4481,1850300
4482,1797300
4483,2127200
4484,2124300
4485,1961600
4486,1963600
4487,1813500
4488,1843100
4489,2126800
4490,1938600
4491,2200300
4492,2312800
4493,1797800
4494,1807300
4495,1659400
4496,1617500
4497,2208000
4498,1882700
4499,1726300
4500,1784600
4501,2384000
4502,1959400
4503,1783600
4504,2053900
4505,2145000
4506,2142600
4507,1760100
4508,1662100
4509,1991300
4510,1988300
4511,1782800
4512,1758300
4513,1939700
4514,1891700
4515,2012600
4516,2296400
4517,1773300
4518,2049000
4519,1875400
4520,1719100
4521,1811400
4522,1925500
4523,1875900
4524,1791100
4525,1826700
4526,1977300
4527,2082800
4528,1984000
4529,2854200
4530,2313300
4531,1861300
4532,1699600
4533,1729700
4534,1860600
4535,2103200
4536,1879800
4537,2034100
4538,1961200
4539,2005600
4540,1761100
4541,1748600
4542,1652200
4543,1981400
4544,1992600
4545,1795000
4546,2076700
4547,1901800
4548,2379500
4549,1917500
4550,1805300
4551,1678400
4552,2061900
4553,1818700
4554,2454700
4555,1914500
4556,1930900
4557,1905200
4558,1846900
4559,1797900
4560,2096500
4561,2644900
4562,2456900
4563,1791000
4564,1661700
4565,1745300
4566,1855400
4567,1812900
4568,1822000
4569,2536000
4570,2297100
4571,2072400
4572,1810800
4573,1694500
4574,1634800
4575,1817700
4576,1704800
4577,1930800
4578,2008200
4579,1888500
4580,1849000
4581,2254900
4582,1927500
4583,1709200
4584,1644900
4585,1683600
4586,1950200
4587,1975000
4588,1998700
4589,1980100
4590,1883100
4591,1940600
4592,1864500
4593,1853000
4594,2823400
4595,3674300
4596,2005100
4597,1921500
4598,1778900
4599,1852500
4600,1770300
4601,2337600
4602,2751200
4603,2297600
4604,2395900
4605,2050400
4606,2455000
4607,2216900
4608,2053600
4609,2099600
4610,2025700
4611,2035300
4612,1901400
4613,2436200
4614,1769400
4615,1719600
4616,1828900
4617,1912800
4618,2033700
4619,1934400
4620,1886500
4621,1889100
4622,1872000
4623,1780700
4624,1975500
4625,2124200
4626,2671100
4627,2311200
4628,1790300
4629,1662400
4630,1619300
4631,1889400
4632,1905400
4633,1922400
4634,1835400
4635,2193500
4636,2280900
4637,1798200
4638,1596100
4639,1616300
4640,1916900
4641,1841500
4642,1829600
4643,1755300
4644,1969700
4645,2020800
4646,2435100
4647,1875200
4648,1714700
4649,1981700
4650,1831700
4651,1722500
4652,2026200
4653,2289500
4654,2418300
4655,1943800
4656,1948200
4657,2035400
4658,2135300
4659,2262900
4660,2488600
4661,1831500
4662,1711600
4663,1704800
4664,1969100
4665,1888400
4666,1887700
4667,1906200
4668,1791500
4669,2702400
4670,2096200
4671,1853200
4672,2005800
4673,2050100
4674,2012900
4675,1955900
4676,1925100
4677,2309200
4678,2641300
4679,2132000
4680,1902400
4681,1744000
4682,1821100
4683,1771700
4684,1745300
4685,2145600
4686,2085300
4687,1963200
4688,2051600
4689,1866200
4690,1911600
4691,2148500
4692,2591900
4693,2114600
4694,1764300
4695,1701500
4696,2033700
4697,2138200
4698,2334000
4699,2719200
4700,2396600
4701,3060300
4702,2199600
4703,2087200
4704,2154200
4705,2284600
4706,2043100
4707,2157300
4708,2444000
4709,2819200
4710,2584000
4711,2043800
4712,1950300
4713,2195800
4714,2114500
4715,2154500
4716,2411800
4717,2629100
4718,2075100
4719,2048500
4720,2225500
4721,2154100
4722,2587300
4723,3173500
4724,2259000
4725,1746100
4726,1879600
4727,1794700
4728,1846500
4729,1914800
4730,2128400
4731,2518100
4732,1828400
4733,1785400
4734,1640000
4735,1790600
4736,1786400
4737,1734000
4738,1956200
4739,2317700
4740,2499600
4741,2302900
4742,1728500
4743,1602200
4744,1700900
4745,1749200
4746,1796900
4747,1844300
4748,2083500
4749,1977200
4750,1910900
4751,1899200
4752,1943100
4753,2091000
4754,2249400
4755,2248200
4756,1963200
4757,1820100
4758,1767200
4759,1833500
4760,1814300
4761,1964900
4762,1890400
4763,1842700
4764,2073600
4765,2111500
4766,1971500
4767,1857600
4768,1874900
4769,1800500
4770,1778000
4771,1768300
4772,2038000
4773,2190200
4774,2386900
4775,1728000
4776,1730500
4777,1610500
4778,1652400
4779,1743800
4780,2068000
4781,1819300
4782,1873100
4783,2361800
4784,2064200
4785,1876300
4786,1769400
4787,1984700
4788,2700900
4789,1917900
4790,1653400
4791,1916500
4792,2019000
4793,1823300
4794,1787500
4795,1765500
4796,1791800
4797,1925900
4798,2019000
4799,1717600
4800,2057100
4801,1820400
4802,1764800
4803,1696800
4804,1820600
4805,2140800
4806,2341200
4807,2292200
4808,2602300
4809,1827400
4810,1699300
4811,1725800
4812,1765800
4813,1985900
4814,1900500
4815,1844900
4816,1854500
4817,2502100
4818,2013800
4819,1907200
4820,2021300
4821,2503400
4822,2155000
4823,1765700
4824,1651300
4825,1902100
4826,1969800
4827,1807300
4828,1719100
4829,2246100
4830,2464900
4831,2846100
4832,2133400
4833,2447700
4834,2078700
4835,1842000
4836,2375400
4837,1888400
4838,1784200
4839,1879900
4840,2539900
4841,2355700
4842,1794400
4843,1775000
4844,1959300
4845,1859100
4846,1813200
4847,1810800
4848,1924700
4849,2027200
4850,2176700
4851,1877200
4852,2135900
4853,2273500
4854,2319400
4855,1792100
4856,1702000
4857,1709700
4858,2113100
4859,1785000
4860,1925200
4861,1922400
4862,1922900
4863,2200100
4864,1918200
4865,1708800
4866,1650600
4867,1949500
4868,1912500
4869,1911500
4870,1799600
4871,1867800
4872,1821000
4873,2331600
4874,1808200
4875,2050400
4876,1826400
4877,1987100
4878,1791400
4879,1827100
4880,1855600
4881,2085400
4882,1899100
4883,1820200
4884,2166400
4885,1955300
4886,2092100
4887,2424800
4888,1914200
4889,1815700
4890,1656700
4891,1829300
4892,1940400
4893,2032400
4894,1989300
4895,1954600
4896,1946900
4897,2108100
4898,1719700
4899,1864300
4900,1893100
4901,2427300
4902,1948800
4903,1830400
4904,1831400
4905,2027900
4906,2402300
4907,1920800
4908,1705000
4909,2062600
4910,1933000
4911,1761900
4912,1812100
4913,1818200
4914,1886600
4915,1835500
4916,1820000
4917,1886600
4918,2097900
4919,2233200
4920,2530700
4921,2237700
4922,1706500
4923,1661500
4924,1733500
4925,1869500
4926,2113600
4927,2098200
4928,1901500
4929,1970300
4930,2091700
4931,1681300
4932,1617000
4933,1636200
4934,1994900
4935,2141400
4936,1909500
4937,1872100
4938,1885000
4939,1960200
4940,2422400
4941,1750100
4942,1883000
4943,1871400
4944,2096400
4945,1842000
4946,2003100
4947,1892000
4948,1898400
4949,1852800
4950,1908200
4951,1940500
4952,1906400
4953,2497900
4954,2389500
4955,1717500
4956,1682900
4957,1819400
4958,2155000
4959,1896100
4960,2133400
4961,2227700
4962,2035600
4963,2080000
4964,1714100
4965,1731700
4966,1753500
4967,1778200
4968,1979900
4969,2064300
4970,1987900
4971,1908700
4972,2188900
4973,2205500
4974,1913800
4975,1675600
4976,1615100
4977,1803800
4978,2146500
4979,1906800
4980,1968000
4981,2030000
4982,2126500
4983,1931500
4984,1883800
4985,1845000
4986,2876100
4987,2640700
4988,1755900
4989,1634800
4990,2042900
4991,1851700
4992,1787500
4993,1868100
4994,2000200
4995,2119100
4996,2095500
4997,1705000
4998,1845600
4999,1826400
5000,1618700
5001,1751000
5002,1822900
5003,1895400
5004,2191600
5005,2040000
5006,2719000
5007,1921800
5008,1781100
5009,1782000
5010,1769700
5011,1981000
5012,2418600
5013,1952200
5014,1988600
5015,1945900
5016,1841900
5017,1971000
5018,2145400
5019,2568100
5020,2094900
5021,1921800
5022,1803400
5023,1863900
5024,1704300
5025,1804500
5026,1863000
5027,2004300
5028,2392300
5029,1952500
5030,1941800
5031,1734900
5032,1813600
5033,1896100
5034,1748600
5035,1847100
5036,1908700
5037,2207200
5038,3201100
5039,1987600
5040,1778600
5041,1659700
5042,1873700
5043,1820100
5044,1698500
5045,2048000
5046,2167300
5047,1887100
5048,1872300
5049,1852500
5050,1896600
5051,2212900
5052,2299100
5053,2006600
5054,2105700
5055,1893900
5056,2497400
5057,1906000
5058,1915300
5059,1859000
5060,1798100
5061,2013000
5062,2120700
5063,1818100
5064,1668600
5065,1817800
5066,1728600
5067,1988300
5068,1801800
5069,2006600
5070,3054600
5071,2216700
5072,1780300
5073,1768500
5074,1705300
5075,1842800
5076,1865900
5077,1919700
5078,2031600
5079,2174900
5080,1962800
5081,1876000
5082,1982100
5083,2347500
5084,2229900
5085,1774500
5086,1841600
5087,1952500
5088,1978400
5089,1759100
5090,1751300
5091,1865600
5092,1916800
5093,2045500
5094,1952300
5095,1714800
5096,2052800
5097,1975400
5098,1702800
5099,1805900
5100,1837600
5101,1894800
5102,2753300
5103,3628100
5104,2370100
5105,2014500
5106,2142000
5107,2485100
5108,2349200
5109,2013700
5110,1894600
5111,2306300
5112,2055900
5113,1922600
5114,1979900
5115,2428000
5116,2400900
5117,1836600
5118,1630000
5119,1780900
5120,2203000
5121,2065900
5122,1934700
5123,1973000
5124,1982700
5125,2207100
5126,1913600
5127,1886300
5128,2078900
5129,1815400
5130,1789600
5131,1794400
5132,2227300
5133,1995600
5134,1967900
5135,2256800
5136,1940300
5137,1818300
5138,2008500
5139,2083200
5140,1925000
5141,1979300
5142,1890900
5143,1870300
5144,1833200
5145,1849200
5146,1904400
5147,2287300
5148,2984900
5149,2310800
5150,1811600
5151,1742800
5152,2109400
5153,2363800
5154,2561300
5155,2031700
5156,1985800
5157,2368400
5158,1902300
5159,1819600
5160,1779600
5161,2059000
5162,1829800
5163,2039000
5164,2214900
5165,2174100
5166,2352100
5167,1949300
5168,1953400
5169,2004600
5170,2147800
5171,2224100
5172,2111500
5173,2452800
5174,2127000
5175,1949300
5176,1921600
5177,1818100
5178,2052200
5179,2058400
5180,2757000
5181,2109100
5182,1746900
5183,1850200
5184,2335800
5185,2103000
5186,2095900
5187,1934100
5188,1839100
5189,2092600
5190,1620200
5191,1714700
5192,1748600
5193,2062400
5194,2214900
5195,2085100
5196,1859600
5197,1869300
5198,1998200
5199,2324400
5200,1833800
5201,1835800
5202,2093200
5203,2315200
5204,2265200
5205,2633800
5206,2261400
5207,2121000
5208,2078800
5209,3055200
5210,2862400
5211,2735300
5212,2669300
5213,1963700
5214,1767800
5215,1815900
5216,2180000
5217,2165100
5218,2014300
5219,2182700
5220,2416900
5221,2374900
5222,2632800
5223,2254400
5224,2048000
5225,2034500
5226,2097100
5227,2164800
5228,2173800
5229,2005400
5230,2277900
5231,2962600
5232,1900500
5233,1684800
5234,1780500
5235,1733800
5236,1811800
5237,1870900
5238,1990700
5239,2237800
5240,2023200
5241,1771000
5242,1974700
5243,1928600
5244,2609900
5245,2062800
5246,1796700
5247,1648500
5248,1953400
5249,1886100
5250,1941800
5251,1804700
5252,1862500
5253,1883200
5254,2096100
5255,1805800
5256,1703100
5257,1641600
5258,1938500
5259,1742600
5260,1702900
5261,1859400
5262,1824400
5263,1986600
5264,2355300
5265,2146600
5266,1998800
5267,1958500
5268,1911000
5269,1758200
5270,1952900
5271,1921900
5272,1877400
5273,1994600
5274,2123000
5275,1895400
5276,1823500
5277,2049000
5278,2383700
5279,2093600
5280,1862900
5281,1655700
5282,2156500
5283,2130600
5284,1790200
5285,1852800
5286,1852100
5287,1956600
5288,1970900
5289,1727200
5290,1790200
5291,1787400
5292,1832300
5293,1772000
5294,1763700
5295,1776000
5296,2015500
5297,2117000
5298,2491000
5299,1961300
5300,1828300
5301,1901900
5302,1819300
5303,1822100
5304,1982700
5305,1929300
5306,1871100
5307,1831900
5308,1949200
5309,2085200
5310,2014900
5311,2276100
5312,2313000
5313,2159200
5314,1937200
5315,1775600
5316,2205300
5317,2053300
5318,1961800
5319,1890500
5320,1923200
5321,2154700
5322,1709200
5323,1695600
5324,1666700
5325,2006100
5326,1873700
5327,1867300
5328,1938000
5329,1839200
5330,2022200
5331,2271400
5332,1739400
5333,1741500
5334,1968900
5335,1984400
5336,2136400
5337,2333000
5338,2692700
5339,2368800
5340,2396200
5341,2361000
5342,2222000
5343,2077900
5344,2317400
5345,2232100
5346,1710200
5347,1648300
5348,1677400
5349,2197500
5350,2144100
5351,2077500
5352,1928100
5353,1894300
5354,1911100
5355,1874100
5356,1738900
5357,1770200
5358,1783200
5359,2084500
5360,1785200
5361,1866000
5362,1937600
5363,2072800
5364,2436800
5365,1852100
5366,1649100
5367,1897500
5368,1895100
5369,1761000
5370,2063100
5371,1878900
5372,1847500
5373,1803500
5374,1778200
5375,2170500
5376,2714200
5377,2189500
5378,2671900
5379,2405800
5380,1983400
5381,1781100
5382,1817400
5383,2354900
5384,2074100
5385,1869900
5386,1919900
5387,2468100
5388,2804500
5389,2332100
5390,2512100
5391,2447500
5392,1997200
5393,1942000
5394,1879300
5395,2104000
5396,2439000
5397,2073200
5398,2468900
5399,1893500
5400,1923000
5401,1865300
5402,2101100
5403,1949300
5404,1859900
5405,1898700
5406,2027400
5407,2152900
5408,1938600
5409,2204100
5410,2216800
5411,1856600
5412,1725100
5413,1712000
5414,1796400
5415,2129600
5416,2052500
5417,1921300
5418,1995900
5419,2070300
5420,1686800
5421,1648100
5422,1883100
5423,1789800
5424,1987500
5425,1860900
5426,1733300
5427,1828900
5428,1971600
5429,2373700
5430,2078000
5431,1765900
5432,2110300
5433,2047500
5434,1812900
5435,1862800
5436,1820000
5437,1987900
5438,1960000
5439,1844200
5440,1905300
5441,2043600
5442,2174700
5443,2517900
5444,1970800
5445,1778800
5446,1765100
5447,1911000
5448,1829500
5449,2159100
5450,2013800
5451,1972000
5452,2106300
5453,1838200
5454,1806000
5455,1678700
5456,1885500
5457,1835500
5458,2489100
5459,1973000
5460,1912700
5461,2196900
5462,2388100
5463,1876600
5464,1775500
5465,1727600
5466,1863400
5467,1952800
5468,1775900
5469,1866100
5470,2009200
5471,1967200
5472,1914400
5473,1932200
5474,1878900
5475,2757000
5476,2439200
5477,1976900
5478,2095500
5479,2141500
5480,1952500
5481,1899900
5482,2293000
5483,2775800
5484,2383100
5485,1929600
5486,1879700
5487,1781500
5488,1893700
5489,1929200
5490,2113000
5491,2178100
5492,1963700
5493,2308400
5494,2752400
5495,2203200
5496,1996900
5497,2279500
5498,2064400
5499,1876300
5500,1948400
5501,1942300
5502,1925700
5503,1744900
5504,1900000
5505,1872700
5506,2457100
5507,2822300
5508,1967100
5509,1717500
5510,1827500
5511,1901100
5512,1774600
5513,1758900
5514,1993200
5515,2428200
5516,2125000
5517,2127900
5518,1706700
5519,1612800
5520,1634800
5521,1813300
5522,1751300
5523,1824000
5524,2166200
5525,1983600
5526,1983400
5527,2329600
5528,1820200
5529,1653800
5530,1679700
5531,1822900
5532,2025800
5533,2122600
5534,1946300
5535,1919600
5536,1874300
5537,1906400
5538,1893600
5539,1947600
5540,2824700
5541,2939400
5542,1886900
5543,1747200
5544,1753500
5545,1637200
5546,1786400
5547,1952500
5548,2322900
5549,2211500
5550,2177500
5551,2399300
5552,1717100
5553,1711800
5554,1837600
5555,1871900
5556,2091200
5557,2198500
5558,2098200
5559,2557600
5560,1922600
5561,1870100
5562,1642400
5563,1915200
5564,1980500
5565,2047500
5566,2129100
5567,1962100
5568,1830600
5569,1821500
5570,1938600
5571,1934000
5572,2467600
5573,2631600
5574,1961000
5575,1684100
5576,1710600
5577,1932800
5578,1850600
5579,1930700
5580,1970400
5581,1919800
5582,2549200
5583,1857600
5584,1748800
5585,1695000
5586,1786300
5587,1860700
5588,1795600
5589,1798200
5590,1843700
5591,2498300
5592,2419300
5593,1763200
5594,1689600
5595,1705800
5596,2261100
5597,2507100
5598,2215400
5599,2605300
5600,2217900
5601,2472700
5602,2115800
5603,2687600
5604,2418800
5605,2868400
5606,2588400
5607,1952000
5608,1817000
5609,2052900
5610,1910200
5611,1864200
5612,1941500
5613,2281300
5614,2091000
5615,2195500
5616,1850900
5617,1945400
5618,1947100
5619,1811600
5620,1841800
5621,1801100
5622,2036100
5623,2023900
5624,2391800
5625,1969400
5626,1728800
5627,1686600
5628,1777100
5629,1709000
5630,1819100
5631,1986100
5632,1981100
5633,1983300
5634,2050500
5635,2048200
5636,1926600
5637,1977100
5638,2562600
5639,2421200
5640,2012200
5641,1843900
5642,1956100
5643,1717900
5644,1830100
5645,1853000
5646,1997700
5647,2124800
5648,1943800
5649,2074900
5650,2246200
5651,1917600
5652,1931100
5653,1869500
5654,1835200
5655,1999700
5656,2115500
5657,2602700
5658,1861600
5659,1715200
5660,1626200
5661,1886800
5662,1773000
5663,1858900
5664,2180500
5665,2995300
5666,2280500
5667,2114000
5668,2012700
5669,2030500
5670,2590300
5671,3484600
5672,2354500
5673,1736900
5674,2218300
5675,2541200
5676,2402100
5677,2387200
5678,2816600
5679,2589200
5680,1879400
5681,1675900
5682,1653900
5683,1741800
5684,1791600
5685,1744200
5686,2052900
5687,2292300
5688,2327400
5689,2106600
5690,1774500
5691,1676000
5692,1775800
5693,1832200
5694,2224400
5695,2204300
5696,2124400
5697,1836600
5698,1856600
5699,1837500
5700,1877300
5701,2138100
5702,2857800
5703,2732900
5704,2234000
5705,2252400
5706,2156200
5707,2077300
5708,2274900
5709,2550300
5710,3151700
5711,2165300
5712,1868700
5713,2069700
5714,1917000
5715,2148700
5716,2137900
5717,2461700
5718,2682300
5719,2791200
5720,2053600
5721,1958000
5722,2186500
5723,2044500
5724,2142500
5725,2242700
5726,2054700
5727,1868400
5728,1898000
5729,1896600
5730,2120100
5731,2588600
5732,1975300
5733,2110500
5734,1775400
5735,1809800
5736,1826200
5737,1790900
5738,2001400
5739,1928400
5740,2178700
5741,1962700
5742,1829400
5743,1757900
5744,1744700
5745,1734500
5746,1850100
5747,1852400
5748,1904400
5749,2096100
5750,2677600
5751,1992000
5752,1744700
5753,1802300
5754,1893900
5755,1841000
5756,1966400
5757,1901700
5758,1802700
5759,2515700
5760,2052800
5761,1942400
5762,2321200
5763,2359300
5764,1818500
5765,1795000
5766,1671400
5767,2304000
5768,1920100
5769,1837500
5770,2020100
5771,2183300
5772,2621000
5773,2136900
5774,2441200
5775,2410100
5776,2041700
5777,2259900
5778,2337500
5779,2266600
5780,2223000
5781,2659400
5782,2286300
5783,2062700
5784,2412100
5785,1946900
5786,1966800
5787,2220600
5788,2325100
5789,2203100
5790,2389200
5791,2282700
5792,2168700
5793,2819400
5794,2424500
5795,1948700
5796,1970900
5797,2149200
5798,1990200
5799,1907400
5800,1872200
5801,1744000
5802,2100700
5803,1935900
5804,1800700
5805,1709000
5806,2191300
5807,2393400
5808,2016000
5809,1915500
5810,1926800
5811,1840500
5812,2282300
5813,1961700
5814,2534300
5815,1894800
5816,2020600
5817,1950800
5818,1940600
5819,2017400
5820,2083600
5821,2170900
5822,2264100
5823,2157100
5824,2127800
5825,2685700
5826,2081400
5827,1710600
5828,2022800
5829,1833200
5830,2027600
5831,1885800
5832,1827200
5833,1937400
5834,1843200
5835,2027600
5836,1651400
5837,2124900
5838,2559400
5839,2893700
5840,2295700
5841,2083700
5842,2107300
5843,2516100
5844,2134400
5845,1895200
5846,1760200
5847,1954800
5848,1772700
5849,1928800
5850,1879500
5851,2188300
5852,1931700
5853,1822400
5854,2010900
5855,2160300
5856,2364200
5857,2406100
5858,1743900
5859,1889000
5860,1816800
5861,1911200
5862,2529200
5863,2003100
5864,1978000
5865,1845700
5866,1983200
5867,2000200
5868,1792400
5869,1685300
5870,1810500
5871,2629800
5872,2536900
5873,2424100
5874,2956100
5875,2421100
5876,1733700
5877,2012100
5878,2616900
5879,2044700
5880,1862200
5881,2071400
5882,1984600
5883,1841600
5884,1819300
5885,1920500
5886,2048400
5887,2447900
5888,1882200
5889,1744500
5890,2067500
5891,1719400
5892,1610600
5893,1634800
5894,1713700
5895,2239300
5896,2002900
5897,1842100
5898,1916200
5899,1973000
5900,2022300
5901,1882200
5902,1629600
5903,1699900
5904,2094300
5905,1902800
5906,1773700
5907,1955600
5908,1985300
5909,2338800
5910,1900600
5911,1660300
5912,1914300
5913,1948400
5914,2174800
5915,2422700
5916,2535300
5917,2357500
5918,1935100
5919,1879800
5920,2831000
5921,2363200
5922,2680000
5923,2118900
5924,1806200
5925,1757100
5926,1835000
5927,1931300
5928,1942500
5929,2025000
5930,2021000
5931,1806500
5932,1966800
5933,1705400
5934,1797000
5935,1712200
5936,1987900
5937,2261400
5938,1930000
5939,1965800
5940,1905500
5941,2034300
5942,2324300
5943,1765500
5944,1839800
5945,2216200
5946,2001900
5947,1818100
5948,1802200
5949,1875400
5950,1944300
5951,1878500
5952,1908700
5953,2080600
5954,2402300
5955,2687100
5956,1902400
5957,1707100
5958,1754100
5959,1818800
5960,1695600
5961,1992200
5962,2160800
5963,1948700
5964,1998100
5965,1747700
5966,1711300
5967,1847100
5968,1907500
5969,1835800
5970,2338700
5971,2412500
5972,2032700
5973,2104600
5974,2130000
5975,1715700
5976,1684800
5977,1927700
5978,2005400
5979,2319000
5980,1932900
5981,2021700
5982,1899700
5983,1939500
5984,1930000
5985,2164500
5986,2389200
5987,2762000
5988,1811000
5989,1738600
5990,1622800
5991,1833200
5992,1804100
5993,1905400
5994,1866500
5995,2025800
5996,2061700
5997,2097600
5998,1720300
5999,1738200
6000,1770600
6001,2157900
6002,2005700
6003,1772900
6004,2279000
6005,2089100
6006,2643000
6007,1973600
6008,1900500
6009,1786800
6010,1808900
6011,1887100
6012,2056200
6013,1862500
6014,2097800
6015,1968300
6016,2094200
6017,1945700
6018,1952400
6019,2198500
6020,2412400
6021,1913200
6022,1779000
6023,1731100
6024,2022600
6025,1825700
6026,1800300
6027,1842300
6028,1791100
6029,2073900
6030,2137800
6031,1834800
6032,2250700
6033,2454600
6034,1833900
6035,1730800
6036,1777400
6037,1956000
6038,2411400
6039,2510000
6040,2393900
6041,1788600
6042,1772000
6043,1922000
6044,1851600
6045,1972800
6046,2076600
6047,2158600
6048,1998100
6049,1854600
6050,2029000
6051,2292800
6052,2448100
6053,1981300
6054,1948600
6055,1961800
6056,1955000
6057,1963400
6058,1785900
6059,1878500
6060,1877000
6061,2097400
6062,2122200
6063,2032400
6064,1779400
6065,1831700
6066,1768200
6067,2442400
6068,2160200
6069,2042900
6070,2472600
6071,2757700
6072,1855700
6073,1675300
6074,1816700
6075,1780800
6076,1797700
6077,1824400
6078,2152200
6079,2629400
6080,2657700
6081,2449100
6082,2127000
6083,2130600
6084,2327100
6085,2477700
6086,2538500
6087,2230200
6088,2245700
6089,2019800
6090,2373700
6091,2018500
6092,1981700
6093,3024500
6094,2223800
6095,1870300
6096,1878100
6097,1817300
6098,1729600
6099,1916700
6100,1844700
6101,2351000
6102,2881800
6103,2042100
6104,1729900
6105,1732800
6106,1784100
6107,1922900
6108,2095600
6109,2251000
6110,2056500
6111,1869300
6112,1746200
6113,1817400
6114,1875600
6115,2237800
6116,2575200
6117,1965500
6118,1953100
6119,1826600
6120,1785700
6121,1799900
6122,1927000
6123,1886400
6124,1942100
6125,2116300
6126,1942800
6127,1923900
6128,1802300
6129,1887200
6130,1766700
6131,1791300
6132,1946500
6133,2064100
6134,1938100
6135,2583200
6136,1815400
6137,1769900
6138,1852500
6139,1987700
6140,1740300
6141,2457200
6142,2176100
6143,2291700
6144,2023600
6145,1876800
6146,1842600
6147,1869500
6148,2600200
6149,2039600
6150,1709800
6151,1815900
6152,2032800
6153,2103200
6154,1969700
6155,2146300
6156,2359200
6157,2449400
6158,2493300
6159,2114700
6160,1792700
6161,1692400
6162,1737600
6163,1805200
6164,1982900
6165,1964800
6166,2059100
6167,2402700
6168,2484200
6169,1843400
6170,1779800
6171,1985300
6172,1996000
6173,1841000
6174,1905000
6175,1913800
6176,2035100
6177,1885400
6178,1917200
6179,2114700
6180,3000800
6181,2122900
6182,1754600
6183,1784300
6184,2048700
6185,2048800
6186,2031500
6187,2158500
6188,1931100
6189,2024400
6190,1877500
6191,1748100
6192,1735400
6193,2090500
6194,1895100
6195,1800400
6196,2265300
6197,2412400
6198,2490600
6199,3090500
6200,2610700
6201,1953100
6202,2137500
6203,2077300
6204,1958100
6205,2004400
6206,2071900
6207,2147400
6208,2458200
6209,2090700
6210,2085500
6211,2701000
6212,2616700
6213,2039500
6214,1922500
6215,2379700
6216,2357400
6217,2002600
6218,2107400
6219,2018900
6220,2241900
6221,2139300
6222,1764400
6223,1979800
6224,1810200
6225,1820100
6226,1889400
6227,1749700
6228,1836500
6229,1839700
6230,1809900
6231,2511400
6232,2037200
6233,1714800
6234,1607000
6235,1674600
6236,1766300
6237,1928000
6238,1847500
6239,1787700
6240,1974200
6241,2389900
6242,2039400
6243,1905500
6244,2051600
6245,2634200
6246,1889800
6247,1709900
6248,1714300
6249,2323500
6250,1903800
6251,1846100
6252,1947600
6253,1944100
6254,2205100
6255,1805500
6256,1787000
6257,1881600
6258,1783500
6259,1877300
6260,1824200
6261,1890700
6262,1909200
6263,1983300
6264,2764300
6265,2238400
6266,2869200
6267,3054700
6268,2988900
6269,3070500
6270,2787500
6271,2384900
6272,2602800
6273,2079700
6274,2190500
6275,2413000
6276,2783600
6277,2300000
6278,2347000
6279,2341700
6280,2069200
6281,1954600
6282,2173100
6283,2259100
6284,2298600
6285,2205400
6286,2061100
6287,1904000
6288,1944100
6289,1994800
6290,1935600
6291,2221900
6292,2401100
6293,2166300
6294,2952100
6295,2011900
6296,1731700
6297,1856800
6298,1751000
6299,1857300
6300,2245500
6301,2358900
6302,2474200
6303,2073600
6304,1909500
6305,1858700
6306,2261500
6307,2576800
6308,1758900
6309,1705400
6310,2141900
6311,1974900
6312,1972000
6313,1798000
6314,1871600
6315,2073600
6316,2067100
6317,1770700
6318,1735600
6319,1894500
6320,1855200
6321,1873600
6322,1865000
6323,1909600
6324,1855800
6325,1983100
6326,2386900
6327,2052300
6328,1982500
6329,1662500
6330,1807000
6331,2025300
6332,1942700
6333,1834500
6334,1880700
6335,1853000
6336,2440800
6337,1904900
6338,1931300
6339,2713600
6340,2944700
6341,2578300
6342,2065200
6343,2380600
6344,2025400
6345,2046500
6346,1948300
6347,1944400
6348,1947400
6349,1933400
6350,1722600
6351,1736400
6352,1771800
6353,1674400
6354,1800800
6355,1813800
6356,1773700
6357,1978400
6358,1925900
6359,2030800
6360,3553700
6361,2623000
6362,1995000
6363,2077400
6364,2217600
6365,1959300
6366,2198000
6367,2276900
6368,2308900
6369,2536000
6370,2554200
6371,3288400
6372,3357900
6373,2577500
6374,2484800
6375,2286100
6376,2226100
6377,2225900
6378,2215200
6379,2563600
6380,3313300
6381,2584000
6382,2283200
6383,2279000
6384,2261400
6385,2095100
6386,2092900
6387,2199800
6388,3018700
6389,2485800
6390,2004500
6391,1878800
6392,2496700
6393,2114100
6394,2267400
6395,2472900
6396,2395300
6397,2229900
6398,2095500
6399,2046800
6400,2405300
6401,2952700
6402,2807600
6403,2046100
6404,1884900
6405,2173300
6406,2017500
6407,2075000
6408,2204800
6409,2578000
6410,2715300
6411,2016100
6412,1895100
6413,1820400
6414,1894600
6415,1985800
6416,1796000
6417,1965600
6418,2095000
6419,2123100
6420,2185600
6421,1824000
6422,1748500
6423,1729600
6424,1913900
6425,2015200
6426,2303700
6427,2013500
6428,1894900
6429,1860900
6430,1782300
6431,1905200
6432,1892800
6433,2522800
6434,2876200
6435,2332300
6436,2041200
6437,2128600
6438,2496700
6439,2249600
6440,2266700
6441,2284300
6442,2432500
6443,1932000
6444,1619000
6445,1734100
6446,1897900
6447,1823900
6448,1743900
6449,1833000
6450,2229300
6451,2405800
6452,2066400
6453,1725700
6454,1881800
6455,1922000
6456,1738600
6457,1773800
6458,1924200
6459,2473100
6460,2027100
6461,1999700
6462,2005700
6463,1963100
6464,2051300
6465,2418400
6466,1870500
6467,1846700
6468,1736200
6469,1823200
6470,1880000
6471,1781900
6472,1935700
6473,2002500
6474,2099300
6475,2056900
6476,1762000
6477,1786600
6478,1896600
6479,1860700
6480,1783500
6481,1890900
6482,1928100
6483,2043300
6484,2788700
6485,1862400
6486,2035100
6487,1903600
6488,1791800
6489,1852400
6490,1791800
6491,1784500
6492,2086200
6493,2279000
6494,1986800
6495,1994900
6496,2073100
6497,2443800
6498,1788800
6499,1705900
6500,1707500
6501,2207400
6502,1837100
6503,2025300
6504,1904900
6505,1952800
6506,2023400
6507,1812100
6508,1676600
6509,1834800
6510,1756800
6511,2193600
6512,1741700
6513,1767100
6514,1871100
6515,1995800
6516,2335500
6517,1953800
6518,2127600
6519,2227600
6520,1900800
6521,1808500
6522,2292900
6523,1971200
6524,1888200
6525,1874000
6526,1914400
6527,2126700
6528,1985700
6529,2515700
6530,2070100
6531,1729500
6532,1641500
6533,1781900
6534,1837900
6535,2240400
6536,2027400
6537,1983400
6538,1822600
6539,1890300
6540,1739700
6541,1699600
6542,1664300
6543,2048300
6544,2238800
6545,1830400
6546,1919500
6547,1954900
6548,1953000
6549,2429500
6550,1919600
6551,1780400
6552,2282900
6553,1938300
6554,1747000
6555,1768700
6556,1893500
6557,1965600
6558,1861700
6559,2092000
6560,2264100
6561,2326900
6562,2442300
6563,1792600
6564,1785600
6565,1655700
6566,1801700
6567,2271500
6568,2729800
6569,2393600
6570,2158400
6571,2461500
6572,2163600
6573,1820600
6574,1925300
6575,1851700
6576,2135000
6577,2135600
6578,1847000
6579,1922000
6580,2051700
6581,2306100
6582,2102300
6583,1981100
6584,2022700
6585,2201600
6586,1985300
6587,2110500
6588,1949900
6589,2017600
6590,1908200
6591,1966200
6592,2132300
6593,2556500
6594,2639500
6595,1794800
6596,1775600
6597,2165000
6598,1861500
6599,1826900
6600,2138900
6601,2111900
6602,2021900
6603,2374400
6604,1983900
6605,2101200
6606,2001900
6607,2012200
6608,2315100
6609,2521600
6610,2086200
6611,2123900
6612,2520600
6613,1732000
6614,1636700
6615,1611600
6616,1795300
6617,2026900
6618,1859300
6619,1833400
6620,1997900
6621,2047100
6622,1918600
6623,1870800
6624,1813000
6625,2583500
6626,2656200
6627,1814100
6628,1841900
6629,1796500
6630,1822200
6631,1711500
6632,1848900
6633,1918300
6634,2314800
6635,2703900
6636,2135100
6637,1980000
6638,1966700
6639,1972500
6640,1913300
6641,2223800
6642,2421700
6643,2293600
6644,2466900
6645,3181300
6646,2044300
6647,1766700
6648,1828700
6649,2461700
6650,2575100
6651,2084200
6652,2006500
6653,2055900
6654,1861400
6655,1881200
6656,1867200
6657,2052200
6658,2491800
6659,2285700
6660,1824400
6661,1742900
6662,1618400
6663,1790300
6664,1787300
6665,2055800
6666,2503200
6667,2032100
6668,2080700
6669,1884900
6670,1696100
6671,1567700
6672,1738200
6673,1797600
6674,2289900
6675,1945100
6676,1983300
6677,2123200
6678,2274800
6679,1708400
6680,1617100
6681,1627500
6682,2355500
6683,2590900
6684,2359500
6685,2609500
6686,2468700
6687,2206400
6688,2088900
6689,2517200
6690,2688600
6691,2768100
6692,2093600
6693,1859000
6694,1955300
6695,2042200
6696,2336400
6697,2503300
6698,2216900
6699,2141600
6700,2249700
6701,1954300
6702,1907800
6703,2161900
6704,2333800
6705,2108500
6706,1924000
6707,1864000
6708,1882200
6709,2461200
6710,1763200
6711,1750000
6712,1792000
6713,2037500
6714,1926200
6715,1831600
6716,1824100
6717,1862000
6718,2021200
6719,2118700
6720,2857200
6721,3564800
6722,2720300
6723,2276500
6724,1840300
6725,1898400
6726,2461600
6727,2908800
6728,2844000
6729,1961500
6730,1954400
6731,2041400
6732,2277100
6733,1899100
6734,1687400
6735,1877000
6736,2021400
6737,1729100
6738,1719000
6739,1857000
6740,1819600
6741,2084400
6742,2505200
6743,1796100
6744,1986400
6745,2066700
6746,1863200
6747,1916500
6748,1832800
6749,2214300
6750,2080600
6751,2337300
6752,2653600
6753,2618300
6754,2733500
6755,2791100
6756,2068100
6757,1944800
6758,2110500
6759,2730600
6760,2094700
6761,2102100
6762,2146200
6763,2227100
6764,2121800
6765,2058500
6766,1989700
6767,2154400
6768,2034300
6769,1996300
6770,2300300
6771,2163100
6772,2200600
6773,2732300
6774,2192600
6775,2047300
6776,1777300
6777,1963200
6778,1702400
6779,1816300
6780,1987600
6781,2053200
6782,1957500
6783,2053200
6784,1947600
6785,2585900
6786,2901900
6787,2370000
6788,1776500
6789,1753600
6790,1961200
6791,2266200
6792,1968700
6793,1971900
6794,1870100
6795,2080100
6796,2296000
6797,2018400
6798,2373200
6799,2405500
6800,2218900
6801,2092700
6802,2029200
6803,1989200
6804,2286400
6805,3966500
6806,3297400
6807,2127300
6808,2657800
6809,2896000
6810,2446400
6811,1936000
6812,2578900
6813,3211400
6814,2660000
6815,2231300
6816,2074100
6817,2492600
6818,2165100
6819,2980800
6820,2815400
6821,2510400
6822,1891900
6823,1872500
6824,2049900
6825,3131600
6826,3649600
6827,3768800
6828,2629400
6829,2069800
6830,2205800
6831,2321400
6832,2311900
6833,2444300
6834,1843800
6835,1677100
6836,1803500
6837,1788200
6838,2059500
6839,3071800
6840,2959300
6841,2476700
6842,1885500
6843,2056900
6844,1817000
6845,1992400
6846,2324500
6847,2807600
6848,1905200
6849,1704500
6850,1659800
6851,1790400
6852,1780400
6853,1910300
6854,1907400
6855,2092000
6856,1962600
6857,1928200
6858,1723800
6859,1688400
6860,1935500
6861,2093200
6862,2772300
6863,3160600
6864,3125900
6865,2050000
6866,2381900
6867,1955200
6868,2420500
6869,2647700
6870,2902100
6871,1865500
6872,1784300
6873,1910400
6874,1976800
6875,2388700
6876,3027800
6877,3030600
6878,2596100
6879,2382000
6880,2125200
6881,1892700
6882,1700500
6883,1663400
6884,1710200
6885,2200600
6886,2023400
6887,1988500
6888,1931900
6889,2142600
6890,2456100
6891,2511600
6892,2321700
6893,2055800
6894,1889300
6895,1801900
6896,2093400
6897,2385400
6898,3340000
6899,3030600
6900,2201700
6901,1918400
6902,1826500
6903,1901900
6904,2929100
6905,3332400
6906,2479700
6907,2393300
6908,1976900
6909,2266900
6910,3314000
6911,3409200
6912,2529500
6913,2657600
6914,2220500
6915,2804300
6916,4075500
6917,3628800
6918,3256600
6919,2229000
6920,2161400
6921,3440200
6922,3689300
6923,3598900
6924,2666200
6925,2708000
6926,3749200
6927,3270100
6928,2916400
6929,2743700
6930,3339100
6931,3841700
6932,3876800
6933,3403100
6934,2834700
6935,2619300
6936,2828800
6937,3258200
6938,2112000
6939,1845300
6940,1798500
6941,2340400
6942,2860200
6943,3373700
6944,3520200
6945,2379300
6946,1966000
6947,2824100
6948,3142900
6949,2951800
6950,2288300
6951,2051700
6952,2165800
6953,2439000
6954,3079400
6955,2672000
6956,2034800
6957,1912200
6958,1754500
6959,1942000
6960,2269700
6961,3454800
6962,3688300
6963,3089100
6964,2286900
6965,2015400
6966,2432600
6967,3403900
6968,1993700
6969,1926600
6970,2013400
6971,2542100
6972,2120200
6973,2524800
6974,3630100
6975,3575700
6976,2574400
6977,2117500
6978,2710900
6979,2475100
6980,3481900
6981,3261800
6982,2271400
6983,2268700
6984,2799200
6985,1931400
6986,2372900
6987,2068500
6988,1855600
6989,1832100
6990,2057300
6991,2062500
6992,2778700
6993,3707800
6994,3753200
6995,2479300
6996,2258900
6997,2714000
6998,2235100
6999,2074300
7000,2884000
7001,2457700
7002,1885400
7003,2045100
7004,2623700
7005,3977700
7006,3643100
7007,3006700
7008,2241600
7009,3161400
7010,2860000
7011,1818600
7012,2070600
7013,2159800
7014,1928600
7015,1906600
7016,2206400
7017,3082200
7018,3521500
7019,4041400
7020,2127600
7021,1884900
7022,2916000
7023,2965700
7024,3485100
7025,2601100
7026,2520900
7027,2274300
7028,3462000
7029,3578000
7030,3278800
7031,2784800
7032,2784900
7033,2563500
7034,2069900
7035,2036900
7036,2282400
7037,2973100
7038,1978100
7039,2063600
7040,1888500
7041,1999900
7042,2035000
7043,2031900
7044,2124900
7045,2470000
7046,2037000
7047,2488300
7048,2565600
7049,4704700
7050,4477100
7051,4089100
7052,5380700
7053,4774500
7054,4388100
7055,3548600
7056,3662400
7057,3591500
7058,3899600
7059,3722700
7060,3501500
7061,3525400
7062,3044000
7063,4591900
7064,5075800
7065,4599600
7066,3787300
7067,4248400
7068,3889900
7069,4039200
7070,2526900
7071,2659000
7072,3101000
7073,2213800
7074,2185300
7075,2242500
7076,2104300
7077,2216500
7078,2631700
7079,2563600
7080,2551000
7081,2413900
7082,2477900
7083,2467600
7084,2598500
7085,4043700
7086,4695100
7087,2800900
7088,1908900
7089,2147300
7090,2407900
7091,2092100
7092,1998400
7093,1860200
7094,1788000
7095,1924900
7096,1792700
7097,2096500
7098,2897800
7099,3415700
7100,2594100
7101,1829600
7102,1907400
7103,1769900
7104,1955700
7105,1921800
7106,2143700
7107,1884400
7108,2092100
7109,1899300
7110,1804200
7111,1832400
7112,2033000
7113,3270900
7114,3776700
7115,2621900
7116,1832400
7117,1746900
7118,1805200
7119,1995500
7120,1897200
7121,1874200
7122,2004700
7123,1871800
7124,1807100
7125,1825200
7126,1986900
7127,2630000
7128,3289500
7129,3436300
7130,2023300
7131,2031200
7132,1870000
7133,1939100
7134,1833400
7135,1977400
7136,1971800
7137,2460000
7138,1805600
7139,1953000
7140,1812000
7141,2390900
7142,3049100
7143,2600700
7144,2341800
7145,1882600
7146,1873100
7147,1864300
7148,1929400
7149,1823000
7150,1784000
7151,1905600
7152,1940600
7153,2205000
7154,1996200
7155,1835700
7156,2124100
7157,3012700
7158,2925500
7159,2265800
7160,2041900
7161,1904000
7162,1778600
7163,2408200
7164,1950000
7165,1840200
7166,1833400
7167,2095900
7168,2166200
7169,1843500
7170,1773400
7171,2234200
7172,3306700
7173,2997900
7174,2038100
7175,1947400
7176,2062900
7177,2130500
7178,1926600
7179,1799900
7180,1876800
7181,1791200
7182,1776300
7183,1867800
7184,2159400
7185,1895400
7186,3046200
7187,3212300
7188,2788800
7189,1980900
7190,1951900
7191,2448800
7192,2256300
7193,2285800
7194,2087800
7195,1999000
7196,1892600
7197,1866700
7198,1715900
7199,2072700
7200,2170100
7201,1923300
7202,1947800
7203,1907500
7204,1843800
7205,1819700
7206,1741200
7207,1825800
7208,2284400
7209,3344800
7210,2943100
7211,2158200
7212,1912700
7213,1726600
7214,2045100
7215,3058600
7216,3035200
7217,2592200
7218,1896300
7219,1871500
7220,1715500
7221,1996000
7222,3516900
7223,4748400
7224,2124800
7225,2735300
7226,2292100
7227,4559300
7228,3667900
7229,3526600
7230,2885200
7231,3356800
7232,3821200
7233,4159200
7234,4132000
7235,4325600
7236,3347400
7237,2950500
7238,2291200
7239,1672600
7240,1765100
7241,2282300
7242,2435100
7243,2644200
7244,1953000
7245,1741100
7246,1595700
7247,1716600
7248,1815500
7249,1626400
7250,1643900
7251,1574200
7252,1738100
7253,1910900
7254,1740200
7255,1737600
7256,1644800
7257,1578300
7258,2162100
7259,2816400
7260,2348100
7261,2360500
7262,1712700
7263,1651100
7264,1640800
7265,1645400
7266,1818100
7267,1710400
7268,1621300
7269,1633200
7270,1693900
7271,1731100
7272,1730600
7273,1621600
7274,1637100
7275,1882700
7276,2626700
7277,2142500
7278,1904600
7279,1827800
7280,1979300
7281,1755900
7282,1594000
7283,1688000
7284,1533700
7285,1631400
7286,1619800
7287,1552000
7288,1697400
7289,2022100
7290,1678100
7291,1716300
7292,1739600
7293,2479900
7294,2423100
7295,2013300
7296,1681600
7297,1788000
7298,1826800
7299,1809900
7300,1843200
7301,2228100
7302,2478100
7303,2097400
7304,1675800
7305,1698700
7306,1897600
7307,1755700
7308,1573000
7309,2097100
7310,2537400
7311,2258700
7312,1628200
7313,1731400
7314,1677300
7315,1823700
7316,1696600
7317,1884600
7318,1902800
7319,1709400
7320,1683200
7321,1693300
7322,1735100
7323,1606900
7324,1760300
7325,1690600
7326,2149100
7327,2589700
7328,2290000
7329,1902500
7330,1635200
7331,1668400
7332,1662000
7333,1965600
7334,1852600
7335,1738000
7336,1731100
7337,1629000
7338,1736200
7339,1649400
7340,1614300
7341,1592700
7342,1556200
7343,1937900
7344,2609600
7345,2596500
7346,1996400
7347,1753800
7348,1695000
7349,1650600
7350,1698600
7351,1962600
7352,1879100
7353,1801300
7354,1693000
7355,1703400
7356,1656500
7357,1652500
7358,1674100
7359,1648300
7360,1678600
7361,2268500
7362,2670800
7363,2215800
7364,1788800
7365,1601900
7366,1721400
7367,1688200
7368,1548300
7369,1684300
7370,1736700
7371,1738900
7372,1644700
7373,1666800
7374,1668300
7375,1680200
7376,1596000
7377,1618400
7378,1972100
7379,2888100
7380,2641300
7381,1941900
7382,1629800
7383,1636400
7384,1637500
7385,1700900
7386,2136300
7387,2016600
7388,1749400
7389,1799100
7390,1748700
7391,1576500
7392,1566500
7393,1690700
7394,1598600
7395,1964900
7396,2721400
7397,2655900
7398,1992000
7399,1656900
7400,1631300
7401,1766500
7402,1638100
7403,1808800
7404,1751300
7405,1762100
7406,1724900
7407,1753800
7408,1682900
7409,1606000
7410,1709100
7411,1685200
7412,2349400
7413,3159100
7414,3341500
7415,2211400
7416,1676200
7417,1633300
7418,1764500
7419,2029900
7420,1863100
7421,1623500
7422,1705800
7423,1748300
7424,1786300
7425,1654900
7426,1624600
7427,1629600
7428,1713600
7429,1591900
7430,1595900
7431,1622600
7432,1737300
7433,1740200
7434,1678900
7435,1615000
7436,1595000
7437,1848200
7438,2644300
7439,2389400
7440,2146800
7441,2151700
7442,1783500
7443,1652900
7444,1636800
7445,1967200
7446,2529100
7447,2276400
7448,2049100
7449,1921800
7450,1742700
7451,1732600
7452,1590100
7453,1775800
7454,1611200
7455,1757800
7456,1598900
7457,1692800
7458,1699800
7459,1845300
7460,1591700
7461,1713100
7462,1793900
7463,2172500
7464,2093400
7465,1911200
7466,1833700
7467,1946400
7468,1890400
7469,1804100
7470,1906400
7471,2410500
7472,2646400
7473,2041700
7474,1683600
7475,1629600
7476,1859700
7477,1899500
7478,1851500
7479,2415800
7480,2417600
7481,2016300
7482,1702700
7483,1583100
7484,1637900
7485,1766800
7486,1669700
7487,2178300
7488,2831500
7489,2399300
7490,2195900
7491,1715800
7492,1608600
7493,1973000
7494,2082200
7495,1930800
7496,1714700
7497,1660000
7498,1750700
7499,1705500
7500,1804900
7501,1615600
7502,1831400
7503,2000700
7504,2643700
7505,2611200
7506,1992300
7507,1660800
7508,1630700
7509,1690400
7510,1630700
7511,1762500
7512,1830700
7513,1677400
7514,1722900
7515,1625600
7516,1618400
7517,1569800
7518,1601800
7519,1537800
7520,1673400
7521,2261700
7522,3360800
7523,2320500
7524,1646600
7525,1575300
7526,1574300
7527,1663000
7528,1612800
7529,2504100
7530,2447600
7531,1908700
7532,1798200
7533,1801400
7534,1675100
7535,1658400
7536,1724700
7537,2266000
7538,2797800
7539,2486400
7540,1605100
7541,1538800
7542,1609200
7543,1592500
7544,1865700
7545,1763300
7546,1863300
7547,1950500
7548,1718800
7549,1689900
7550,1621300
7551,1727600
7552,1603600
7553,1863400
7554,2616400
7555,2943900
7556,2306000
7557,1605100
7558,1593200
7559,1668400
7560,1659100
7561,1796800
7562,1767300
7563,1723000
7564,2208800
7565,1916300
7566,1636000
7567,1618700
7568,1688000
7569,1618600
7570,1805100
7571,2534800
7572,2574600
7573,2372000
7574,1661600
7575,1593000
7576,1575200
7577,1664900
7578,1776400
7579,1729100
7580,1603600
7581,1602200
7582,1807500
7583,1902900
7584,1660800
7585,1594900
7586,1613400
7587,1585600
7588,2367300
7589,2877700
7590,2563500
7591,2262300
7592,1673200
7593,1622800
7594,1645300
7595,1836600
7596,1631500
7597,1750500
7598,1897100
7599,1705600
7600,2013500
7601,1656500
7602,1636400
7603,1588900
7604,1645200
7605,2571800
7606,2406800
7607,2179400
7608,1708000
7609,1929300
7610,1608900
7611,1768400
7612,1690300
7613,1725200
7614,1681600
7615,1673100
7616,1615000
7617,1629400
7618,2119400
7619,1815700
7620,1623000
7621,1802300
7622,2561800
7623,2385600
7624,1966400
7625,1619300
7626,1683100
7627,1717000
7628,1658700
7629,1696800
7630,2351300
7631,2729000
7632,2251100
7633,1626100
7634,1582900
7635,1801500
7636,1751000
7637,1949600
7638,2490200
7639,2364300
7640,2018100
7641,1785800
7642,1692600
7643,1737800
7644,1718700
7645,1871000
7646,2011300
7647,1675000
7648,1689600
7649,1613400
7650,1600500
7651,1647100
7652,1611800
7653,1656300
7654,1718100
7655,2251100
7656,2548800
7657,2169000
7658,1640600
7659,1664000
7660,1559600
7661,1634600
7662,1946900
7663,1915200
7664,1728400
7665,1693000
7666,1720400
7667,1577400
7668,1618700
7669,1605200
7670,1682900
7671,1793100
7672,2076300
7673,2908200
7674,2287300
7675,2049700
7676,1626900
7677,1599400
7678,1582700
7679,1640800
7680,2006100
7681,1928500
7682,1718000
7683,1642700
7684,1603700
7685,1664800
7686,1633600
7687,1596500
7688,1680000
7689,1658000
7690,2841000
7691,2623900
7692,2324400
7693,1599200
7694,1593100
7695,1528000
7696,1601200
7697,1960000
7698,2019200
7699,1816000
7700,1763400
7701,1649700
7702,1679000
7703,1607300
7704,1658600
7705,1633600
7706,1826400
7707,2776000
7708,3295700
7709,2019400
7710,1571000
7711,1626300
7712,1758900
7713,1645600
7714,2237500
7715,1977200
7716,2066700
7717,1742300
7718,1680200
7719,1659300
7720,1669000
7721,1689000
7722,1799300
7723,2317600
7724,2520800
7725,2759800
7726,1740200
7727,1641700
7728,1772500
7729,1605400
7730,1777300
7731,1598100
7732,1578900
7733,1590200
7734,1777000
7735,1626800
7736,1755700
7737,1591500
7738,1655000
7739,1858400
7740,1932800
7741,1737100
7742,1685300
7743,1655400
7744,1676500
7745,1673200
7746,1607200
7747,1750000
7748,1727100
7749,2572000
7750,2439400
7751,2236600
7752,1740700
7753,1832700
7754,1651600
7755,1673300
7756,2054000
7757,3405000
7758,2743200
7759,1954900
7760,1823100
7761,1837100
7762,1662000
7763,1889600
7764,2356600
7765,2297700
7766,2097100
7767,1695100
7768,1865300
7769,1825000
7770,1711000
7771,1792400
7772,1998000
7773,1874500
7774,2304900
7775,1974200
7776,1974200
7777,1939500
7778,1771100
7779,1637300
7780,2127700
7781,2638000
7782,2255200
7783,1938900
7784,1646300
7785,1739500
7786,1691200
7787,1698900
7788,2018700
7789,2733200
7790,2216000
7791,1811700
7792,1650400
7793,1655800
7794,1676900
7795,1751400
7796,1862700
7797,2582300
7798,2384000
7799,2044600
7800,1673400
7801,1610500
7802,1550900
7803,2003900
7804,1879300
7805,1693200
7806,1607700
7807,1617700
7808,1603400
7809,1548100
7810,1597500
7811,1622700
7812,1571400
7813,1971800
7814,2111700
7815,2640800
7816,2302200
7817,1827700
7818,1873700
7819,1620500
7820,1625000
7821,2033700
7822,1793000
7823,1684400
7824,1673300
7825,1722300
7826,1568500
7827,1576200
7828,1601200
7829,1600400
7830,1586900
7831,2042900
7832,2884200
7833,2401000
7834,1907600
7835,1609800
7836,1573400
7837,1578600
7838,1833900
7839,1996300
7840,1969100
7841,1674800
7842,1708100
7843,1565000
7844,1650200
7845,1753100
7846,1673400
7847,1546000
7848,1791000
7849,3160500
7850,2788000
7851,1892700
7852,1687300
7853,1794500
7854,1621900
7855,1577200
7856,2308900
7857,3342300
7858,2682800
7859,1725000
7860,1616400
7861,1782800
7862,1584200
7863,1820100
7864,2520400
7865,2899000
7866,2299600
7867,1712700
7868,1583400
7869,1856800
7870,1651100
7871,1714200
7872,1889000
7873,1973300
7874,1808000
7875,1762700
7876,1666400
7877,1614600
7878,1624900
7879,1643700
7880,2031200
7881,2561300
7882,2441100
7883,2357100
7884,1702300
7885,1719300
7886,1639400
7887,1608800
7888,1666000
7889,1603600
7890,1548100
7891,1632700
7892,2047000
7893,1663500
7894,1583500
7895,1585300
7896,1628800
7897,1725300
7898,2544000
7899,2588900
7900,2514100
7901,1940300
7902,1778800
7903,1568300
7904,1679300
7905,1678000
7906,1644400
7907,1602400
7908,1665200
7909,1677400
7910,1802800
7911,1787700
7912,1653400
7913,1638700
7914,1562400
7915,1890200
7916,1844700
7917,1614000
7918,1695800
7919,1778200
7920,2279900
7921,1690700
7922,1617400
7923,1564300
7924,2374300
7925,2536700
7926,2366500
7927,1687600
7928,1667200
7929,1647600
7930,1664500
7931,1594900
7932,2271400
7933,2736800
7934,2324500
7935,1736600
7936,2057100
7937,1801300
7938,1738300
7939,1742500
7940,1795600
7941,1629400
7942,1633800
7943,2083500
7944,1602600
7945,1634100
7946,2041100
7947,1768900
7948,1683100
7949,1655100
7950,1538700
7951,1655900
7952,1715000
7953,1660800
7954,1586100
7955,1640200
7956,1989800
7957,1648600
7958,2199100
7959,2817800
7960,2417900
7961,1796700
7962,1558700
7963,1588500
7964,1779800
7965,2059000
7966,2491600
7967,2221900
7968,2044400
7969,1658400
7970,1619400
7971,1613600
7972,1664200
7973,2492700
7974,2796100
7975,2447400
7976,2070900
7977,1605000
7978,1634800
7979,1613200
7980,1643700
7981,1935900
7982,1826600
7983,1843000
7984,1718700
7985,1880400
7986,1810400
7987,1710500
7988,1652500
7989,1655300
7990,2290900
7991,3715100
7992,3017400
7993,2479000
7994,1917000
7995,1801600
7996,1835600
7997,2005600
7998,1764300
7999,1603000
8000,1700800
8001,1643800
8002,1575700
8003,1638800
8004,1595500
8005,1584200
8006,2049300
8007,3083000
8008,2588800
8009,1944400
8010,1607800
8011,1647100
8012,1572400
8013,1539600
8014,1750400
8015,2007300
8016,1752600
8017,1793200
8018,1693200
8019,1729100
8020,1677800
8021,1538600
8022,1667100
8023,2078900
8024,3358200
8025,2979700
8026,2045400
8027,1658800
8028,1681100
8029,1695800
8030,1820200
8031,2559400
8032,2640800
8033,2419700
8034,1675200
8035,1768600
8036,1749100
8037,1698400
8038,2101900
8039,2817400
8040,2847900
8041,1953300
8042,1638300
8043,1583900
8044,1608200
8045,1627100
8046,1762900
8047,1647600
8048,1709300
8049,1790400
8050,1835400
8051,1608700
8052,1627400
8053,1598700
8054,1684900
8055,1698100
8056,1635200
8057,1634100
8058,1589200
8059,1723700
8060,1844000
8061,1714500
8062,1660600
8063,1601200
8064,1933100
8065,2599700
8066,2521000
8067,2232600
8068,1915700
8069,1689500
8070,1666200
8071,1670000
8072,1652300
8073,2612500
8074,2376400
8075,1930300
8076,1979700
8077,1695500
8078,1739800
8079,1720400
8080,1694800
8081,1763100
8082,1613000
8083,1617100
8084,1582400
8085,1685500
8086,1803600
8087,1723900
8088,1568600
8089,1840000
8090,1675900
8091,1616100
8092,1690400
8093,1624700
8094,1643000
8095,1594200
8096,2163700
8097,1798000
8098,2134400
8099,2785400
8100,2556600
8101,1934300
8102,1622300
8103,1863900
8104,1776100
8105,1831600
8106,2443300
8107,2425600
8108,2317600
8109,1768100
8110,1601700
8111,1661600
8112,1761600
8113,2012200
8114,2479900
8115,2470700
8116,2283800
8117,1648400
8118,1583200
8119,1591900
8120,1656200
8121,2058100
8122,2484800
8123,2722300
8124,2417200
8125,1634000
8126,1565600
8127,1608000
8128,1591800
8129,1917900
8130,2315200
8131,2621300
8132,2236100
8133,1793000
8134,1621900
8135,1593100
8136,1576000
8137,1632000
8138,1835200
8139,1735900
8140,1660400
8141,1581600
8142,1681800
8143,1650600
8144,1668900
8145,1565800
8146,1601200
8147,1878300
8148,2634400
8149,2418200
8150,2227400
8151,1586900
8152,1729100
8153,1703800
8154,1626900
8155,1539200
8156,2273000
8157,1809800
8158,1727900
8159,1723000
8160,1625700
8161,1660700
8162,1600000
8163,1641400
8164,1615700
8165,2281900
8166,3164200
8167,2420300
8168,1635500
8169,1655400
8170,1673800
8171,1592200
8172,1818100
8173,1727700
8174,1921400
8175,1777400
8176,1668000
8177,1629000
8178,1666500
8179,1606900
8180,1611200
8181,1555600
8182,1718300
8183,2762300
8184,3327700
8185,2038200
8186,1597600
8187,1668800
8188,1619500
8189,1728200
8190,1677800
8191,1621400
8192,1750700
8193,1898100
8194,1640200
8195,1596500
8196,1589200
8197,1608600
8198,1601600
8199,2029600
8200,2720600
8201,2770700
8202,2168600
8203,1661900
8204,1652700
8205,1555500
8206,1856100
8207,1576100
8208,1607300
8209,1674700
8210,1945500
8211,1831000
8212,1664300
8213,1706600
8214,1809200
8215,1648500
8216,2267200
8217,2610300
8218,2305100
8219,1912500
8220,1665600
8221,1663900
8222,1619100
8223,1533600
8224,1756600
8225,1667000
8226,1716500
8227,1624100
8228,1641200
8229,1908000
8230,1637300
8231,1621700
8232,1607800
8233,1986200
8234,2500000
8235,2431600
8236,1939300
8237,1709700
8238,1707200
8239,1742400
8240,1644300
8241,1557100
8242,1957500
8243,1712500
8244,1760800
8245,1721300
8246,1914600
8247,1667400
8248,1755100
8249,1672800
8250,1856300
8251,2945600
8252,2906300
8253,2453400
8254,1696700
8255,1923800
8256,1627700
8257,2041500
8258,1716000
8259,1639100
8260,1827800
8261,1695600
8262,1648200
8263,1596800
8264,1929100
8265,1728000
8266,1941800
8267,2129300
8268,1686200
8269,1660300
8270,1668900
8271,1556700
8272,1616500
8273,1754700
8274,1935200
8275,1818900
8276,2432300
8277,2449000
8278,2045500
8279,1573700
8280,1537400
8281,1658500
8282,1971900
8283,1932900
8284,2391100
8285,2392600
8286,2118500
8287,1714400
8288,1594200
8289,1615800
8290,1635200
8291,1838300
8292,2088800
8293,1801700
8294,1664800
8295,1628400
8296,1700400
8297,1712400
8298,1678900
8299,1654600
8300,1805300
8301,2207700
8302,2982900
8303,2351200
8304,1774000
8305,1643000
8306,1587600
8307,1728600
8308,1723600
8309,2719200
8310,3133900
8311,3377000
8312,2337900
8313,1851900
8314,1724200
8315,2147000
8316,2831000
8317,2372200
8318,1910200
8319,1647100
8320,1610000
8321,1736000
8322,1600000
8323,1734400
8324,3291400
8325,2674700
8326,1947500
8327,1626600
8328,1607300
8329,1621800
8330,1578400
8331,1774300
8332,1884900
8333,1867800
8334,1695800
8335,1704900
8336,1703300
8337,1654500
8338,1544300
8339,1502400
8340,1818400
8341,2558000
8342,2893500
8343,2183700
8344,1609500
8345,1614400
8346,1647200
8347,1652300
8348,1648200
8349,1630300
8350,1640300
8351,2150600
8352,1643700
8353,1697500
8354,1579000
8355,1588700
8356,1688100
8357,1757600
8358,2617500
8359,2522900
8360,2796500
8361,1731500
8362,1711500
8363,1607000
8364,1625700
8365,1766600
8366,1717000
8367,1681400
8368,1774300
8369,1779300
8370,1752300
8371,1654000
8372,1546900
8373,1673500
8374,1822100
8375,2609700
8376,2373700
8377,1960200
8378,1659400
8379,1738700
8380,1825500
8381,1561600
8382,1706200
8383,1717000
8384,1583200
8385,1658700
8386,1644900
8387,1804700
8388,1745000
8389,1659500
8390,1574700
8391,1748400
8392,2373600
8393,2462900
8394,2169400
8395,1615700
8396,2221500
8397,1855400
8398,1638800
8399,1820000
8400,1642400
8401,1805700
8402,1723700
8403,1576400
8404,1675900
8405,1824100
8406,1647700
8407,1727200
8408,1640500
8409,2126700
8410,2551600
8411,2198300
8412,1720300
8413,1684200
8414,1919700
8415,1894800
8416,1627000
8417,1793400
8418,1648500
8419,1620900
8420,1662500
8421,1628500
8422,1686400
8423,1599200
8424,2033900
8425,1823400
8426,2292200
8427,2553800
8428,2169000
8429,1776900
8430,1631400
8431,1679400
8432,1733700
8433,1932700
8434,1810600
8435,1724200
8436,1616900
8437,1637300
8438,1605200
8439,1580300
8440,1667700
8441,1584500
8442,1923400
8443,1740300
8444,1645700
8445,1705200
8446,1704000
8447,1595200
8448,1590800
8449,1548600
8450,1584200
8451,1626300
8452,2028500
8453,2529700
8454,2557700
8455,2262600
8456,1648500
8457,1634600
8458,1601700
8459,1601600
8460,1630400
8461,2427200
8462,2849400
8463,2300700
8464,1834100
8465,1656500
8466,1665100
8467,1631500
8468,1670600
8469,1930200
8470,1927600
8471,1743400
8472,1648600
8473,1753200
8474,1779300
8475,1675800
8476,1971100
8477,1930900
8478,2697700
8479,2655800
8480,2084400
8481,1691100
8482,1599500
8483,1635600
8484,1613400
8485,1638400
8486,3003100
8487,3131200
8488,2475300
8489,1637000
8490,1714200
8491,1628300
8492,1595700
8493,1856100
8494,1785900
8495,1774300
8496,1755500
8497,1703900
8498,1592000
8499,1652200
8500,1606800
8501,1657300
8502,1711400
8503,1671600
8504,1664400
8505,1782000
8506,1768300
8507,1658900
8508,1528600
8509,1611800
8510,1661400
8511,1901400
8512,2832700
8513,3003400
8514,2326900
8515,1714700
8516,1649400
8517,1628600
8518,1625100
8519,1890200
8520,2162500
8521,2002400
8522,2276700
8523,1873600
8524,1698400
8525,1635600
8526,1594800
8527,2100700
8528,2754700
8529,2346900
8530,2160200
8531,1680900
8532,1620700
8533,1578300
8534,1562700
8535,1717700
8536,1661000
8537,1745500
8538,1771700
8539,1631700
8540,2108700
8541,1805900
8542,1682000
8543,1690600
8544,1773600
8545,2753400
8546,2405100
8547,1858600
8548,2035900
8549,1708700
8550,1629500
8551,1648100
8552,1700200
8553,1683300
8554,1559800
8555,1640700
8556,1546100
8557,1612100
8558,1959900
8559,1861500
8560,1660200
8561,1884600
8562,2711800
8563,3068100
8564,2417600
8565,1722800
8566,2003700
8567,1707400
8568,1623800
8569,1810000
8570,1755400
8571,1844600
8572,1685100
8573,1736000
8574,1777200
8575,1790100
8576,1845900
8577,2011600
8578,2694800
8579,2481300
8580,2061200
8581,1753700
8582,1938100
8583,1841700
8584,1697500
8585,1739300
8586,1619200
8587,1636300
8588,1670100
8589,1674400
8590,1604600
8591,1658600
8592,1644300
8593,1837800
8594,2043300
8595,2907900
8596,2695000
8597,2044900
8598,1655600
8599,1591600
8600,1658300
8601,1697900
8602,1994200
8603,1810500
8604,1679600
8605,1696500
8606,1666000
8607,1576900
8608,1670700
8609,1695000
8610,1573300
8611,2610800
8612,3132000
8613,2397800
8614,1756300
8615,1684500
8616,1615700
8617,1635100
8618,1711100
8619,1939500
8620,1718400
8621,1712600
8622,1640500
8623,1619600
8624,1627600
8625,1593400
8626,1588500
8627,1611000
8628,2036400
8629,3140300
8630,2527500
8631,1891400
8632,1654700
8633,1593600
8634,1572400
8635,1588700
8636,1810300
8637,2024800
8638,1921500
8639,1712300
8640,1621900
8641,1715800
8642,1637300
8643,1619600
8644,1664100
8645,1759300
8646,1783700
8647,2000000
8648,1751100
8649,1680700
8650,1614400
8651,1572400
8652,1673300
8653,1585300
8654,1743100
8655,2454800
8656,2821400
8657,2282800
8658,1621700
8659,1587600
8660,1588400
8661,1588100
8662,1748400
8663,2526500
8664,3169100
8665,2533800
8666,1774800
8667,1682200
8668,1588400
8669,1958200
8670,2362300
8671,2474300
8672,2312700
8673,1778200
8674,1672900
8675,1629600
8676,1629400
8677,1694500
8678,2351900
8679,2614800
8680,2382000
8681,1821700
8682,1683900
8683,1606400
8684,1656900
8685,1610100
8686,2234300
8687,2480900
8688,2268300
8689,2037700
8690,1824400
8691,1667500
8692,1685000
8693,1574200
8694,1779500
8695,1648900
8696,1664000
8697,1619200
8698,1562000
8699,1832200
8700,1801600
8701,1750300
8702,1655600
8703,1786800
8704,2635500
8705,2344600
8706,1949500
8707,1805100
8708,1747000
8709,1726900
8710,1627200
8711,1751800
8712,1594300
8713,1602100
8714,1627900
8715,1621600
8716,1538900
8717,1762000
8718,1770800
8719,1810000
8720,1717500
8721,2030200
8722,1746300
8723,1746900
8724,1609700
8725,1648400
8726,1592200
8727,1723700
8728,1701300
8729,1807900
8730,2421700
8731,2469300
8732,2109800
8733,1666600
8734,1633000
8735,1659000
8736,1812800
8737,1882400
8738,2392000
8739,2562500
8740,2070600
8741,1668900
8742,1588300
8743,1580200
8744,1744000
8745,1826100
8746,1931800
8747,1661200
8748,1852800
8749,1605600
8750,1715900
8751,1576600
8752,1531900
8753,1522400
8754,1707700
8755,2004200
8756,1678800
8757,1586800
8758,1700400
8759,1597900
8760,1538900
8761,1608800
8762,1585700
8763,1680400
8764,2224700
8765,2714300
8766,2423100
8767,1888500
8768,1661100
8769,1655300
8770,1562300
8771,1623400
8772,1730600
8773,2608700
8774,2610600
8775,2157400
8776,1616700
8777,1622200
8778,1672700
8779,1708800
8780,1877900
8781,1906500
8782,1673800
8783,1642700
8784,1624000
8785,1642200
8786,1660900
8787,1723800
8788,1534500
8789,1580700
8790,2032600
8791,2610700
8792,1969000
8793,1679100
8794,1615200
8795,1674200
8796,1584600
8797,1597100
8798,1855800
8799,2445800
8800,3014100
8801,2160200
8802,1648100
8803,1612200
8804,1684100
8805,1659800
8806,1669500
8807,2503100
8808,2802900
8809,2345900
8810,1735800
8811,1637100
8812,1675800
8813,1591700
8814,1878000
8815,2694600
8816,3301100
8817,2296200
8818,1688600
8819,1586300
8820,1622900
8821,1710400
8822,1729100
8823,1725700
8824,1667800
8825,2021700
8826,1750500
8827,1636800
8828,1680500
8829,1603600
8830,1627500
8831,2265800
8832,2653800
8833,2396700
8834,2047600
8835,1617300
8836,1658500
8837,1666100
8838,1622300
8839,1815600
8840,1670200
8841,1694500
8842,1697100
8843,2167400
8844,1760100
8845,1739100
8846,1662500
8847,1690300
8848,2280000
8849,2419800
8850,2203000
8851,1717700
8852,1695500
8853,1698800
8854,1709900
8855,1616100
8856,2062300
8857,1942600
8858,2394200
8859,2082000
8860,2138300
8861,1973500
8862,1665100
8863,1626500
8864,1647400
8865,1667600
8866,1577800
8867,1600400
8868,1622100
8869,1633200
8870,2055600
8871,1796300
8872,1618800
8873,2249800
8874,2616200
8875,2210900
8876,1666300
8877,1601300
8878,1802100
8879,1822600
8880,1753700
8881,2047100
8882,2646400
8883,2223700
8884,1748900
8885,1623100
8886,1564400
8887,1853100
8888,1723300
8889,2197700
8890,2569800
8891,2186300
8892,1770200
8893,1628600
8894,1705600
8895,1577400
8896,1813900
8897,1983500
8898,2683800
8899,2418700
8900,2004500
8901,1585100
8902,1691800
8903,1658100
8904,1881300
8905,2150800
8906,2611300
8907,2335200
8908,2036200
8909,1771400
8910,1585200
8911,1629700
8912,1534500
8913,1970900
8914,1803800
8915,1604900
8916,1597400
8917,1644500
8918,1816900
8919,1699000
8920,1593300
8921,1682400
8922,1623600
8923,2352800
8924,2667900
8925,2278800
8926,1706300
8927,1750900
8928,1585200
8929,1640200
8930,1639800
8931,1980200
8932,1913400
8933,1729700
8934,1754200
8935,1613500
8936,1547300
8937,1573400
8938,1592800
8939,1595600
8940,1844200
8941,3289400
8942,3069900
8943,2170100
8944,1613600
8945,1617700
8946,1528800
8947,1645200
8948,1725400
8949,1883200
8950,1734900
8951,1796800
8952,1672800
8953,1672700
8954,1675300
8955,1623100
8956,1553500
8957,2219500
8958,3611400
8959,2761000
8960,1684800
8961,1747400
8962,1817600
8963,1660800
8964,1614100
8965,1690300
8966,1729400
8967,1857300
8968,1810000
8969,1757600
8970,1669500
8971,1685000
8972,1640500
8973,2255000
8974,2565900
8975,2653500
8976,1933300
8977,1714100
8978,1622500
8979,1633400
8980,1590100
8981,1722700
8982,1628000
8983,1655800
8984,1705700
8985,2017400
8986,1713000
8987,1700100
8988,1592600
8989,1589000
8990,1784200
8991,2511700
8992,2382700
8993,2341700
8994,1954400
8995,1744700
8996,1599800
8997,1642000
8998,1971600
8999,1844800
9000,1630800
9001,1575900
9002,1720400
9003,2020300
9004,1779000
9005,1726900
9006,1688000
9007,1802200
9008,2635100
9009,2648900
9010,1716200
9011,1820800
9012,1690400
9013,1633000
9014,1628400
9015,1679400
9016,1691400
9017,1686900
9018,1642400
9019,1594700
9020,1543600
9021,2161500
9022,1792300
9023,1768000
9024,1819700
9025,2490100
9026,2374200
9027,1979100
9028,1629300
9029,1644500
9030,1619600
9031,1661200
9032,1601800
9033,1910600
9034,1739700
9035,1719400
9036,1625200
9037,1672200
9038,1617100
9039,1711100
9040,1785500
9041,1931100
9042,2352100
9043,2328800
9044,2036600
9045,1703400
9046,1569700
9047,1667700
9048,1808900
9049,1807800
9050,2068800
9051,1736200
9052,1644900
9053,1617800
9054,1595800
9055,1599900
9056,1583400
9057,1673100
9058,1860600
9059,2312800
9060,3513700
9061,2674700
9062,2136000
9063,1936800
9064,1645500
9065,1885500
9066,1872800
9067,1611500
9068,1728000
9069,1694000
9070,1603500
9071,1633500
9072,1619700
9073,1537100
9074,1563200
9075,1960700
9076,1900500
9077,1857300
9078,1633700
9079,1701800
9080,1901700
9081,1689600
9082,1605900
9083,1613600
9084,1898200
9085,2941600
9086,2467900
9087,2020400
9088,1601700
9089,1675700
9090,1608200
9091,1588700
9092,1765200
9093,2811900
9094,2674100
9095,1974700
9096,1675600
9097,1695800
9098,1613400
9099,1613800
9100,1884400
9101,2312500
9102,1784700
9103,1725300
9104,1639000
9105,1617100
9106,1771100
9107,1651900
9108,1671000
9109,1793900
9110,1706700
9111,1859600
9112,1734300
9113,1657100
9114,1675100
9115,1728700
9116,1710900
9117,1634600
9118,2397500
9119,3581400
9120,3000700
9121,1729500
9122,1622200
9123,1638900
9124,1685400
9125,1705900
9126,2551800
9127,2576600
9128,2433400
9129,1670600
9130,1613200
9131,1608900
9132,1556200
9133,1838400
9134,2779200
9135,2338200
9136,2223400
9137,1710000
9138,1664900
9139,1632100
9140,1599100
9141,1893300
9142,1787300
9143,1672300
9144,1602900
9145,2061300
9146,1805200
9147,1829000
9148,1662500
9149,1675100
9150,1912700
9151,2732800
9152,2293500
9153,2067700
9154,1888700
9155,1657300
9156,1606700
9157,1584800
9158,1737900
9159,1663700
9160,1652700
9161,1589400
9162,1707200
9163,1900700
9164,1972000
9165,1672300
9166,1622900
9167,2084500
9168,2800800
9169,2504700
9170,2012500
9171,1775800
9172,1918300
9173,1619500
9174,1816400
9175,1759800
9176,1677000
9177,1687400
9178,1636300
9179,1688000
9180,1589000
9181,1769900
9182,1600300
9183,1769600
9184,1680100
9185,2476700
9186,2112900
9187,2060400
9188,1636300
9189,1591500
9190,1909600
9191,1687800
9192,1601500
9193,1740600
9194,1693500
9195,1582200
9196,1651300
9197,1618600
9198,1698600
9199,1677900
9200,2214200
9201,1954600
9202,2727300
9203,2231000
9204,2046700
9205,1619900
9206,1554700
9207,1601600
9208,1758800
9209,1980000
9210,1667100
9211,1749200
9212,1641900
9213,1617200
9214,1638700
9215,1526200
9216,1569600
9217,1627800
9218,1766000
9219,1860200
9220,1720800
9221,1670600
9222,1784900
9223,1588100
9224,1611800
9225,1584900
9226,1611900
9227,1614000
9228,2189100
9229,2841300
9230,2456800
9231,2053300
9232,1675900
9233,1585300
9234,1589800
9235,1598500
9236,1897800
9237,3096200
9238,2556200
9239,1788400
9240,1684400
9241,1606300
9242,1616000
9243,1810600
9244,2083000
9245,3131200
9246,2454900
9247,1752200
9248,1664500
9249,1726000
9250,1624900
9251,1658100
9252,1745700
9253,1747300
9254,1647700
9255,1695200
9256,1683200
9257,1564300
9258,1657500
9259,1741300
9260,1707300
9261,2057400
9262,3131900
9263,2708900
9264,1870600
9265,1706400
9266,1622400
9267,1614600
9268,1666300
9269,1737100
9270,1809800
9271,1777100
9272,1788700
9273,1744400
9274,1621600
9275,1620200
9276,1638200
9277,1731200
9278,2269300
9279,2614800
9280,2825800
9281,1692600
9282,1626100
9283,1610700
9284,1712500
9285,1683700
9286,1732100
9287,1583900
9288,1649100
9289,1934000
9290,1918800
9291,1737700
9292,1619900
9293,1620500
9294,1786300
9295,2314500
9296,2425600
9297,2132000
9298,1890300
9299,1653600
9300,1638400
9301,1608000
9302,1802300
9303,1607300
9304,1690700
9305,1710800
9306,1610800
9307,1644200
9308,1848000
9309,1763600
9310,1633500
9311,1609400
9312,1975900
9313,2723700
9314,2383500
9315,1799700
9316,1835200
9317,1634500
9318,1693500
9319,1779600
9320,1876600
9321,1741800
9322,1720200
9323,1629800
9324,1689700
9325,1595100
9326,1944300
9327,2004200
9328,1647600
9329,1968100
9330,2027000
9331,1743600
9332,1750500
9333,1660900
9334,1716800
9335,2025800
9336,1734300
9337,1617100
9338,2403600
9339,2587200
9340,2322000
9341,1707300
9342,1723100
9343,1673200
9344,1851600
9345,1830500
9346,1826300
9347,1718500
9348,1634100
9349,1634200
9350,1695100
9351,1606700
9352,1616400
9353,1963400
9354,1977600
9355,2350200
9356,2458100
9357,2211400
9358,1747700
9359,1630700
9360,1561100
9361,1612500
9362,2263600
9363,1979300
9364,1627500
9365,1647900
9366,1604500
9367,1699800
9368,1603000
9369,1546200
9370,1618400
9371,1774900
9372,2309000
9373,2720600
9374,2309200
9375,1883600
9376,1623400
9377,1743300
9378,1737900
9379,1648000
9380,2399400
9381,1854900
9382,1690700
9383,1625900
9384,1599300
9385,1689100
9386,1626300
9387,1648100
9388,1748400
9389,2922400
9390,2740000
9391,2096100
9392,1606700
9393,1595800
9394,1742500
9395,1592900
9396,1796100
9397,1741900
9398,1959200
9399,1681500
9400,1817100
9401,1689300
9402,1613100
9403,1601800
9404,1622400
9405,1602600
9406,2130500
9407,2120800
9408,2413200
9409,1985400
9410,1818000
9411,1772400
9412,1616200
9413,1603500
9414,2265800
9415,2815800
9416,3149500
9417,1745100
9418,1710000
9419,1647400
9420,1663700
9421,1832000
9422,1706800
9423,1627300
9424,1917100
9425,1643000
9426,1640300
9427,1620800
9428,1702400
9429,1686600
9430,1811400
9431,2469100
9432,2376100
9433,2594100
9434,1787300
9435,1740000
9436,1778900
9437,1679800
9438,1699100
9439,1613300
9440,1599500
9441,1699700
9442,1935100
9443,1860300
9444,1632500
9445,1728400
9446,1586200
9447,1669900
9448,1746500
9449,1707200
9450,1754300
9451,1567200
9452,1840100
9453,1764600
9454,1681600
9455,1693000
9456,1719700
9457,2399100
9458,2315100
9459,2108300
9460,1670500
9461,1920500
9462,1737600
9463,1654500
9464,1596000
9465,1731000
9466,1704200
9467,1581100
9468,1671800
9469,1597200
9470,1727100
9471,1956200
9472,1735800
9473,1803200
9474,2431500
9475,2510300
9476,2100000
9477,1590800
9478,1708600
9479,1808200
9480,1685500
9481,1820900
9482,1755900
9483,1625000
9484,1642100
9485,1603200
9486,1691400
9487,1512800
9488,1656900
9489,1868200
9490,1778500
9491,1988300
9492,2697200
9493,2272300
9494,1709800
9495,1622900
9496,1543400
9497,1532700
9498,1801800
9499,1926300
9500,2652000
9501,2229300
9502,1943000
9503,1602200
9504,1590300
9505,1672600
9506,1837600
9507,2539300
9508,2698800
9509,2314700
9510,1622400
9511,1611000
9512,1656900
9513,1602700
9514,1664700
9515,2150100
9516,3008400
9517,2431800
9518,1870600
9519,1650700
9520,1615100
9521,1720100
9522,1688100
9523,1998400
9524,1685500
9525,1787300
9526,1632900
9527,1599800
9528,1607200
9529,1592400
9530,1598800
9531,1537200
9532,1862300
9533,3220900
9534,2548000
9535,1944300
9536,1632200
9537,1683200
9538,1652400
9539,1689800
9540,2283800
9541,3331600
9542,2548900
9543,1682100
9544,1715900
9545,1745800
9546,1709500
9547,1826000
9548,2968100
9549,2836600
9550,2045300
9551,1613100
9552,1678500
9553,1580900
9554,1619800
9555,1921100
9556,2480400
9557,2654000
9558,2317100
9559,1658100
9560,1590200
9561,1575700
9562,1630400
9563,1839500
9564,2573700
9565,3149800
9566,2479800
9567,1646200
9568,1624400
9569,1652600
9570,1575500
9571,2167200
9572,2560700
9573,2520700
9574,2164700
9575,1726500
9576,1659300
9577,1714800
9578,1691600
9579,1719100
9580,1597400
9581,1579600
9582,1765400
9583,2010000
9584,1663700
9585,1674600
9586,1578400
9587,1852300
9588,2346600
9589,2365400
9590,2590300
9591,2283200
9592,1895500
9593,1636600
9594,1625800
9595,2138400
9596,3319900
9597,2848800
9598,2330400
9599,2118800
9600,1678200
9601,1736200
9602,2001600
9603,2501200
9604,2159500
9605,1962400
9606,1746000
9607,1832000
9608,1736600
9609,1691600
9610,1741900
9611,1582100
9612,1590000
9613,1638600
9614,1634700
9615,1645400
9616,1831900
9617,1894400
9618,1616800
9619,2030200
9620,2629200
9621,2452500
9622,2002500
9623,1608200
9624,1690900
9625,1968300
9626,1751700
9627,2073800
9628,2425200
9629,2381400
9630,2085800
9631,1689600
9632,1621500
9633,1730700
9634,1708000
9635,2039500
9636,2802800
9637,2785400
9638,2313800
9639,1632500
9640,1693700
9641,1947300
9642,1854600
9643,2919300
9644,2612200
9645,2181500
9646,1641000
9647,1732800
9648,1598300
9649,1998200
9650,1911300
9651,1951000
9652,2087600
9653,1735800
9654,1632300
9655,1636700
9656,1590100
9657,1520500
9658,1602700
9659,2097300
9660,2829800
9661,2487800
9662,1913400
9663,1637200
9664,1691500
9665,1603500
9666,1620900
9667,2176800
9668,2714100
9669,2540700
9670,2047400
9671,1791800
9672,1636200
9673,1661200
9674,1583200
9675,1943400
9676,2040300
9677,1718700
9678,1694000
9679,1645800
9680,1582500
9681,1643000
9682,1609300
9683,1597700
9684,1862900
9685,1930000
9686,1739400
9687,1731400
9688,1634500
9689,1617700
9690,1679400
9691,1532500
9692,1652400
9693,1711600
9694,1740400
9695,1810100
9696,1686700
9697,1666100
9698,1632000
9699,1630200
9700,1638100
9701,1507800
9702,1651100
9703,1856100
9704,1703500
9705,2044000
9706,1771800
9707,1675000
9708,1744600
9709,1613700
9710,1618400
9711,1654900
9712,1903000
9713,1873600
9714,1820400
9715,1882000
9716,1791300
9717,1609600
9718,1578400
9719,1582500
9720,1630500
9721,1811000
9722,1813500
9723,1577600
9724,1858600
9725,1691400
9726,1610700
9727,1665400
9728,1643800
9729,1679500
9730,1796000
9731,1752400
9732,1660200
9733,1699900
9734,1840300
9735,1765000
9736,1666200
9737,1563200
9738,1610300
9739,1598100
9740,2011200
9741,1730100
9742,1656400
9743,1626000
9744,1817000
9745,1707400
9746,1632200
9747,1601700
9748,1610500
9749,1820500
9750,1740800
9751,1832400
9752,1628600
9753,1764100
9754,1758400
9755,1771600
9756,1704700
9757,1703200
9758,1740100
9759,1576900
9760,1686400
9761,1594900
9762,1589800
9763,1846900
9764,1779600
9765,1662300
9766,1586600
9767,1606000
9768,1922000
9769,1796400
9770,1732400
9771,1599200
9772,1586900
9773,1924500
9774,1834400
9775,1695600
9776,1637600
9777,1750100
9778,1732500
9779,1617500
9780,1583900
9781,1617200
9782,1733900
9783,1731800
9784,1768300
9785,1628700
9786,1784100
9787,1720800
9788,1709700
9789,1615300
9790,1671200
9791,1608200
9792,1746700
9793,1658200
9794,1760600
9795,1972200
9796,1849000
9797,1728600
9798,1674100
9799,1585800
9800,1559800
9801,1591200
9802,1909300
9803,1663900
9804,1728800
9805,1835600
9806,1624200
9807,1599100
9808,1496100
9809,1741800
9810,1625500
9811,1656700
9812,1785600
9813,1780200
9814,1907800
9815,1615900
9816,1860700
9817,1696200
9818,1681400
9819,1596000
9820,1612000
9821,1598300
9822,1765400
9823,1789800
9824,1722900
9825,1620900
9826,1633900
9827,1696900
9828,1605500
9829,1597400
9830,1604600
9831,1551800
9832,2015600
9833,1696700
9834,1695700
9835,1651500
9836,1656800
9837,1719000
9838,1725400
9839,1584700
9840,1626000
9841,1624800
9842,2231900
9843,1759500
9844,1669000
9845,1694700
9846,1605900
9847,1698000
9848,1657100
9849,1613900
9850,1646800
9851,1885900
9852,1860800
9853,1793500
9854,1669400
9855,1617500
9856,1644000
9857,1555400
9858,1669200
9859,1566500
9860,1746600
9861,1843600
9862,1719200
9863,1683200
9864,1617200
9865,1639300
9866,1604900
9867,1694000
9868,1601100
9869,1765800
9870,1720900
9871,2269700
9872,1802200
9873,1646800
9874,1630600
9875,1588700
9876,1672600
9877,1651100
9878,1634700
9879,2093100
9880,2268700
9881,1835000
9882,1725100
9883,1616500
9884,1601600
9885,1673600
9886,1656400
9887,1570100
9888,1761000
9889,1674200
9890,1979300
9891,1697000
9892,1681000
9893,1663300
9894,1641900
9895,1638700
9896,1604700
9897,1814400
9898,1807200
9899,1746600
9900,2111700
9901,1755200
9902,1599200
9903,1615100
9904,1589900
9905,1662500
9906,1901100
9907,1866100
9908,1637600
9909,1762000
9910,1723800
9911,1747200
9912,1573100
9913,1746100
9914,1603200
9915,1815700
9916,1715000
9917,1606400
9918,1607700
9919,2084700
9920,1743500
9921,1672100
9922,1652600
9923,1632300
9924,1818500
9925,1803000
9926,1644000
9927,1622200
9928,1780900
9929,1825500
9930,1680800
9931,1650900
9932,1624800
9933,1728700
9934,1893100
9935,1693400
9936,1723800
9937,1589600
9938,1910100
9939,1948100
9940,1660400
9941,1664300
9942,1620500
9943,1774500
9944,1758300
9945,1581000
9946,1624200
9947,1604700
9948,1887400
9949,1811500
9950,1665500
9951,1605500
9952,1758700
9953,1681600
9954,1645700
9955,1578600
9956,1600400
9957,1657500
9958,1928200
9959,1671700
9960,1601300
9961,1674300
9962,1703100
9963,1669400
9964,1650500
9965,1556300
9966,1566000
9967,1548800
9968,2168500
9969,1760000
9970,1700700
9971,2033600
9972,1893700
9973,2382500
9974,1920700
9975,2023100
9976,1873800
9977,1741500
9978,1839000
9979,1670600
9980,1633800
9981,1599000
9982,1799500
9983,1618800
9984,1622200
9985,1644200
9986,1733000
9987,1682400
9988,1883700
9989,1682600
9990,1769700
9991,1683000
9992,1578100
9993,1632900
9994,1586200
9995,1557800
9996,1864400
9997,1788000
9998,1761400
9999,1724700
10000,1634200
10001,1618700
10002,1609600
10003,1520300
10004,1734000
10005,1661200
10006,2007500
10007,1917600
10008,1649800
10009,1748000
10010,1693900
10011,1641000
10012,1608600
10013,1530400
10014,1666700
10015,1698900
10016,2126200
10017,1649800
10018,1580700
10019,1630500
10020,1607900
10021,1648700
10022,1678200
10023,1570200
10024,1636900
10025,1659900
10026,1909200
10027,1843800
10028,1623600
10029,1642700
10030,1636600
10031,1638700
10032,1644200
10033,1713400
10034,1634400
10035,1982900
10036,1960200
10037,1875300
10038,1691500
10039,1726100
10040,1729200
10041,1633000
10042,1704600
10043,1634000
10044,1799900
10045,1765400
10046,1706200
10047,1843300
10048,1627200
10049,1649800
10050,1704600
10051,1739400
10052,1606500
10053,1605500
10054,1871500
10055,1908600
10056,1721900
10057,1567900
10058,1680800
10059,1604000
10060,1712900
10061,1617500
10062,1570700
10063,1691600
10064,1799000
10065,1960400
10066,1967400
10067,1650600
10068,1632200
10069,1737600
10070,1596700
10071,1542200
10072,1662800
10073,1629900
10074,1850000
10075,1724600
10076,1671700
10077,1627500
10078,1697400
10079,1620100
10080,1612500
10081,1661100
10082,1701600
10083,1665900
10084,2011900
10085,1785600
10086,1652100
10087,1657200
10088,1676200
10089,1637200
10090,1654300
10091,1780600
10092,1628100
10093,1690300
10094,1810900
10095,1667100
10096,1678500
10097,1669800
10098,1553300
10099,1577900
10100,1725900
10101,1704800
10102,1673200
10103,1656000
10104,2160900
10105,1654500
10106,1705100
10107,1782400
10108,1610900
10109,1995000
10110,1812000
10111,1706400
10112,1595400
10113,2241500
10114,1795300
10115,1652700
10116,1642200
10117,1631200
10118,1685900
10119,1642900
10120,1626700
10121,1546000
10122,1662400
10123,1808800
10124,1774300
10125,1697700
10126,1612900
10127,1882600
10128,1838300
10129,1600700
10130,1690900
10131,1630800
10132,1885700
10133,1909300
10134,1652300
10135,1822100
10136,1824200
10137,1661200
10138,1642400
10139,1588100
10140,1600900
10141,1724100
10142,1806400
10143,1706900
10144,1767900
10145,1925000
10146,1871400
10147,1612500
10148,1632200
10149,1619300
10150,1660600
10151,1569300
10152,1944800
10153,1672900
10154,1659000
10155,1647300
10156,1660300
10157,1676300
10158,1587600
10159,1647900
10160,1608900
10161,1764100
10162,2023600
10163,2195200
10164,2037600
10165,2006900
10166,1784700
10167,2159000
10168,1832900
10169,1687700
10170,1826100
10171,2024400
10172,1824900
10173,1598500
10174,1599300
10175,1634800
10176,1627900
10177,1652000
10178,1652800
10179,1649600
10180,1846600
10181,1843900
10182,1772300
10183,1635600
10184,1707500
10185,1646700
10186,1597200
10187,1594500
10188,1595100
10189,1619400
10190,1973900
10191,1795700
10192,1705100
10193,1580600
10194,1600100
10195,1624000
10196,1588600
10197,1672800
10198,1533600
10199,1575900
10200,2563200
10201,1887700
10202,1670600
10203,1740800
10204,1606400
10205,1678500
10206,1648300
10207,1603100
10208,1689700
10209,1956800
10210,1768300
10211,1631100
10212,1692100
10213,1693900
10214,1553900
10215,1610800
10216,1626500
10217,1554700
10218,1640900
10219,2498700
10220,2098400
10221,1770600
10222,1906600
10223,1688200
10224,1716700
10225,1686800
10226,1680700
10227,1891000
10228,2069100
10229,2140100
10230,1810300
10231,1780600
10232,1729000
10233,1685400
10234,1647200
10235,1650200
10236,1768900
10237,1735400
10238,1761600
10239,1778200
10240,1620500
10241,1627200
10242,1614500
10243,1702600
10244,1634500
10245,1690400
10246,1651000
10247,1933400
10248,1750700
10249,1607900
10250,1651900
10251,1693100
10252,1608400
10253,1619900
10254,1706700
10255,1752900
10256,1554400
10257,2063000
10258,1787600
10259,1642800
10260,1656200
10261,1655100
10262,1574000
10263,1649000
10264,2006100
10265,1787300
10266,1732400
10267,1758000
10268,1700400
10269,1625600
10270,1647500
10271,1627800
10272,1608600
10273,1709900
10274,1603400
10275,1614300
10276,1844100
10277,1781000
10278,1766400
10279,1609600
10280,1666700
10281,1630900
10282,1893900
10283,1831400
10284,1700500
10285,1708700
10286,1825900
10287,1725800
10288,1628200
10289,1712600
10290,1639700
10291,2355800
10292,2008100
10293,1783400
10294,1608700
10295,1700600
10296,1641300
10297,1732900
10298,1820200
10299,1793600
10300,1658900
10301,1603200
10302,1676200
10303,1637400
10304,1629800
10305,1838400
10306,1721300
10307,1642700
10308,1578000
10309,1725400
10310,1737800
10311,1754800
10312,1704300
10313,1600400
10314,1564600
10315,1839700
10316,1765800
10317,1701500
10318,1731900
10319,1706700
10320,1707700
10321,1665300
10322,1652000
10323,1584100
10324,1663300
10325,2148300
10326,1697100
10327,1888800
10328,1823200
10329,1758400
10330,1635600
10331,1661900
10332,1676400
10333,1603400
10334,1704900
10335,1700700
10336,1852600
10337,1699900
10338,1652500
10339,1640300
10340,1664400
10341,1680900
10342,1575000
10343,1598000
10344,1700900
10345,1629100
10346,1882700
10347,1716000
10348,1613600
10349,1601200
10350,1800500
10351,1594100
10352,1664700
10353,1630900
10354,1946900
10355,1907600
10356,1887400
10357,1716600
10358,1602800
10359,1572100
10360,1641800
10361,1581900
10362,1647600
10363,1714100
10364,1874800
10365,1796600
10366,1619200
10367,1697800
10368,1645100
10369,1791600
10370,1572300
10371,1561800
10372,1584400
10373,1976100
10374,1962700
10375,1693500
10376,1629900
10377,1599300
10378,1581200
10379,1671900
10380,1651300
10381,1568200
10382,1664700
10383,1818600
10384,1935200
10385,1624600
10386,1615400
10387,1680200
10388,1595400
10389,1580800
10390,1665300
10391,1563100
10392,2097900
10393,2035700
10394,1964200
10395,1692900
10396,1595000
10397,1680900
10398,1589400
10399,1598400
10400,1657300
10401,1765600
10402,1700200
10403,1934400
10404,1689500
10405,1554800
10406,1589500
10407,1659700
10408,1716900
10409,1584700
10410,1684300
10411,1762100
10412,1685600
10413,1761900
10414,1827500
10415,1626900
10416,1657200
10417,1723400
10418,1793100
10419,1572200
10420,1838800
10421,1721300
10422,1878300
10423,1839800
10424,1763400
10425,1589400
10426,1633400
10427,1655100
10428,1636800
10429,1723800
10430,1678000
10431,1702900
10432,1791100
10433,1808300
10434,1637000
10435,1607900
10436,1665000
10437,1512600
10438,2002400
10439,1745800
10440,1637800
10441,1674400
10442,1852400
10443,1620800
10444,1694900
10445,1586200
10446,1817900
10447,1623300
10448,1695600
10449,1669000
10450,1646300
10451,1583600
10452,1731700
10453,1662000
10454,1686400
10455,1722100
10456,1627600
10457,1789100
10458,1727300
10459,1594800
10460,1658000
10461,1709200
10462,1946000
10463,1835800
10464,1748900
10465,1595400
10466,1601600
10467,2287400
10468,1883100
10469,1663400
10470,1708600
10471,1873300
10472,1744600
10473,1770600
10474,1807300
10475,1735100
10476,1749500
10477,1593500
10478,1647100
10479,1640700
10480,1758600
10481,1771700
10482,1773500
10483,1685000
10484,1627100
10485,1611700
10486,1699300
10487,1573600
10488,1579900
10489,1655200
10490,1639100
10491,2060700
10492,1759300
10493,1626200
10494,1891400
10495,1746500
10496,1596200
10497,1615800
10498,1569800
10499,1594800
10500,1772900
10501,1725000
10502,1686700
10503,1811700
10504,1763600
10505,1660600
10506,1611400
10507,1580800
10508,1625300
10509,1651100
10510,1929200
10511,1634300
10512,2091500
10513,1730700
10514,1641700
10515,1643900
10516,1563100
10517,1737100
10518,1551800
10519,1643500
10520,2063400
10521,1779100
10522,1689100
10523,1613200
10524,1667000
10525,1672100
10526,1605200
10527,1564800
10528,1650400
10529,1713000
10530,2035000
10531,1838200
10532,1703900
10533,1606400
10534,1572600
10535,1632400
10536,1625400
10537,1624000
10538,1608400
10539,1758600
10540,2063400
10541,1821900
10542,1683100
10543,1694400
10544,1602900
10545,1704000
10546,1692100
10547,1620300
10548,1660000
10549,1929700
10550,1700300
10551,1587400
10552,1630300
10553,1593600
10554,1638300
10555,1735600
10556,1663700
10557,1644500
10558,1833200
10559,1898200
10560,1763500
10561,1722200
10562,1557900
10563,1672500
10564,1664800
10565,1649900
10566,1610200
10567,1875700
10568,2031100
10569,2600700
10570,1939000
10571,2017500
10572,1831300
10573,1710800
10574,1632900
10575,1821200
10576,1859000
10577,1848200
10578,1714400
10579,1612700
10580,1672600
10581,1675700
10582,1537500
10583,1712600
10584,1753600
10585,1623600
10586,1664400
10587,2151700
10588,1798000
10589,1880800
10590,1718900
10591,1688300
10592,1666700
10593,1650500
10594,1773600
10595,1599000
10596,1626400
10597,1734200
10598,1737000
10599,1596500
10600,1653300
10601,1674600
10602,1721100
10603,1836500
10604,1660000
10605,1636000
10606,1741800
10607,1764200
10608,1666400
10609,1743400
10610,1720600
10611,1609900
10612,1698700
10613,1691900
10614,1724600
10615,1649600
10616,2114100
10617,1833100
10618,1789700
10619,1642700
10620,1612000
10621,1722300
10622,1735000
10623,1662300
10624,1615600
10625,1736200
10626,1820100
10627,1724600
10628,1597800
10629,1688200
10630,1670700
10631,1787800
10632,1685800
10633,1598700
10634,1609100
10635,1636600
10636,1962900
10637,1760600
10638,1636900
10639,1750300
10640,1665900
10641,1768400
10642,1670800
10643,1671300
10644,1710300
10645,1770500
10646,1787500
10647,1732900
10648,1579900
10649,1976400
10650,1800200
10651,1651900
10652,1551700
10653,1628300
10654,1646100
10655,1922800
10656,1788700
10657,1674100
10658,1652100
10659,1652900
10660,1612600
10661,1577700
10662,1567600
10663,1552200
10664,1543800
10665,1840300
10666,1771200
10667,1791700
10668,1713400
10669,1595000
10670,1552000
10671,1650600
10672,1571400
10673,1617700
10674,1621300
10675,1779600
10676,1689200
10677,1789800
10678,1606100
10679,1653400
10680,1688000
10681,1606300
10682,1595200
10683,1664900
10684,1594900
10685,2196400
10686,1941700
10687,1804200
10688,1740900
10689,1621500
10690,1548000
10691,1693400
10692,1651300
10693,1707800
10694,1625900
10695,2301400
10696,1876900
10697,1638400
10698,1567400
10699,1722900
10700,1628500
10701,1682800
10702,1712000
10703,1570400
10704,1961500
10705,1893000
10706,1743700
10707,1619800
10708,1699400
10709,1631600
10710,1714700
10711,1568200
10712,1577500
10713,1652900
10714,2099300
10715,1667500
10716,1672900
10717,1671900
10718,1596900
10719,1797500
10720,1577500
10721,1732900
10722,1632000
10723,1810400
10724,1739100
10725,1719500
10726,1639900
10727,1609700
10728,1680100
10729,1648100
10730,1552500
10731,1635000
10732,1810000
10733,2226400
10734,1872700
10735,1671900
10736,1619900
10737,1648300
10738,1657600
10739,1696800
10740,1635500
10741,1952800
10742,2320000
10743,2101600
10744,2045000
10745,2048800
10746,1719600
10747,1701800
10748,1608400
10749,1826800
10750,1902100
10751,1818400
10752,1871100
10753,1697200
10754,1715500
10755,1698000
10756,1699300
10757,1719700
10758,1844700
10759,1720600
10760,1605100
10761,1777400
10762,1966200
10763,1815900
10764,1602300
10765,1667600
10766,1686400
10767,1678000
10768,1667400
10769,1620000
10770,1643700
10771,1774500
10772,1821900
10773,1594700
10774,1673600
10775,1711400
10776,1782200
10777,1654500
10778,1604300
10779,1602300
10780,1582900
10781,2255000
10782,1740400
10783,1656300
10784,1668100
10785,1702700
10786,1723000
10787,1648200
10788,1614900
10789,1635000
10790,1653300
10791,1664300
10792,1696000
10793,1660100
10794,1592300
10795,1791900
10796,1703100
10797,1602100
10798,1542900
10799,1648600
10800,1854500
10801,1763300
10802,1660500
10803,1725400
10804,1639900
10805,2222200
10806,1984600
10807,1810100
10808,1775600
10809,1788700
10810,1777200
10811,1695300
10812,1759500
10813,1828900
10814,1699100
10815,1647800
10816,1702400
10817,1760300
10818,1723500
10819,1889400
10820,1872500
10821,1748500
10822,1958400
10823,1680000
10824,1600500
10825,1642600
10826,1686100
10827,1766600
10828,1639300
10829,1689800
10830,1644000
10831,1789200
10832,1675500
10833,1610800
10834,1643200
10835,1560400
10836,1649300
10837,1629100
10838,1605200
10839,1777000
10840,1652300
10841,1989800
10842,1750300
10843,1664700
10844,1661900
10845,1624600
10846,1684900
10847,1700700
10848,1753900
10849,1747800
10850,1922600
10851,1819300
10852,1625000
10853,1619800
10854,1743800
10855,1617200
10856,1588700
10857,1667700
10858,1905700
10859,2052400
10860,1676600
10861,1669000
10862,1705100
10863,1634300
10864,1765100
10865,1604400
10866,1688900
10867,1625000
10868,1806800
10869,2052600
10870,1639000
10871,1618100
10872,1684100
10873,1656600
10874,1634000
10875,1635500
10876,1557000
10877,1678500
10878,2342300
10879,1936000
10880,1820800
10881,1617300
10882,1660700
10883,1579300
10884,1572200
10885,1609900
10886,1703700
10887,1869300
10888,1742400
10889,1608000
10890,1616000
10891,1744200
10892,1612100
10893,1649400
10894,1614600
10895,1695700
10896,1572600
10897,2088200
10898,1781000
10899,1676800
10900,1672900
10901,1612500
10902,1664900
10903,1595600
10904,1626800
10905,1588700
10906,1744900
10907,1787800
10908,1768900
10909,1636500
10910,1749600
10911,1673600
10912,1626500
10913,1598700
10914,1657400
10915,1851700
10916,1941700
10917,1788500
10918,1790700
10919,1727400
10920,1613500
10921,1554300
10922,1688800
10923,1659600
10924,1800700
10925,1781200
10926,1983700
10927,1815000
10928,1771000
10929,1645600
10930,1573900
10931,1589200
10932,1606600
10933,1724300
10934,1626600
10935,1614600
10936,1840000
10937,1666200
10938,1643400
10939,1695200
10940,1721500
10941,1625400
10942,1596500
10943,1737500
10944,1710100
10945,1622000
10946,2188100
10947,1846600
10948,1649900
10949,1610000
10950,1637900
10951,1626700
10952,1713900
10953,1708800
10954,1593400
10955,1628600
10956,1849900
10957,1793500
10958,1582800
10959,1613200
10960,1608600
10961,1730000
10962,1652500
10963,1616000
10964,1610900
10965,1908000
10966,1698400
10967,1759500
10968,1690400
10969,1592300
10970,1706400
10971,1647600
10972,1572200
10973,1585800
10974,1791600
10975,1850800
10976,2003500
10977,1696400
10978,1593900
10979,1734300
10980,1612700
10981,1736300
10982,1686600
10983,1668600
10984,1586200
10985,1840900
10986,1726800
10987,1635200
10988,1673700
10989,1699700
10990,1714200
10991,1615200
10992,1562200
10993,1764400
10994,1577400
10995,1812800
10996,1831900
10997,1829100
10998,1691400
10999,1691700
11000,1550500
11001,1651900
11002,1646000
11003,1624700
11004,1553800
11005,1839800
11006,1811800
11007,1992600
11008,1712700
11009,1793000
11010,1709200
11011,1715900
11012,1621600
11013,1763800
11014,1775800
11015,1924300
11016,1876000
11017,1769200
11018,1751900
11019,1797600
11020,1738900
11021,1576700
11022,1647100
11023,1568000
11024,1902500
11025,1866700
11026,1618200
11027,1579200
11028,1586800
11029,1730800
11030,1670000
11031,1568600
11032,1662800
11033,1594300
11034,2029400
11035,1788800
11036,1623400
11037,1697200
11038,1664500
11039,1609100
11040,1620900
11041,1707700
11042,1581600
11043,1660900
11044,2333300
11045,1665700
11046,1714500
11047,1674400
11048,1679500
11049,1590400
11050,1608000
11051,1587000
11052,1662900
11053,2032100
11054,2401600
11055,1952400
11056,1841500
11057,1643600
11058,1734100
11059,1570200
11060,1676800
11061,1718100
11062,1936700
11063,1700800
11064,1727000
11065,1688800
11066,1658400
11067,1592800
11068,1741100
11069,1601200
11070,1585200
11071,1946900
11072,2457900
11073,1829100
11074,1714600
11075,1720500
11076,1650800
11077,1680400
11078,1578600
11079,1565800
11080,1626100
11081,1806900
11082,1801200
11083,1757400
11084,1730200
11085,1643800
11086,1627300
11087,1713600
11088,1561900
11089,1809800
11090,1665600
11091,1889900
11092,1803400
11093,1723300
11094,1650400
11095,1684000
11096,1588400
11097,1678400
11098,1783200
11099,1690900
11100,1596800
11101,1853900
11102,1711400
11103,1577000
11104,1556600
11105,1565500
11106,1644600
11107,1652800
11108,1965300
11109,1705000
11110,1653300
11111,1863800
11112,1674500
11113,1624600
11114,1574300
11115,1586800
11116,1580800
11117,1795300
11118,1726300
11119,1629700
11120,1736100
11121,1725200
11122,1749800
11123,1576400
11124,1561200
11125,1598800
11126,1651400
11127,1773900
11128,1532900
11129,1603100
11130,1637900
11131,1721000
11132,1615300
11133,1755500
11134,1600900
11135,1594100
11136,1759700
11137,1684300
11138,1610100
11139,1565400
11140,1719500
11141,2386000
11142,1809200
11143,1671000
11144,1588300
11145,1891700
11146,1711600
11147,1623100
11148,1701000
11149,1657600
11150,1658000
11151,1682100
11152,1674500
11153,1572900
11154,1582500
11155,1875300
11156,1649500
11157,1556400
11158,1695900
11159,1670800
11160,1747900
11161,1754100
11162,1701700
11163,1636000
11164,1823700
11165,1889600
11166,2325200
11167,1988400
11168,2043500
11169,2126200
11170,2180600
11171,1742900
11172,1849600
11173,1672600
11174,1742700
11175,1664600
11176,1612800
11177,1666300
11178,1826100
11179,1648400
11180,1674400
11181,1708400
11182,1764700
11183,1636900
11184,1728200
11185,1614600
11186,1673300
11187,1558700
11188,1683100
11189,1714400
11190,1734800
11191,1820700
11192,1655600
11193,1697100
11194,1714700
11195,1669400
11196,1631500
11197,1608600
11198,1795800
11199,1684600
11200,1729000
11201,1633100
11202,1657600
11203,1658800
11204,1682300
11205,1594700
11206,1616300
11207,1614300
11208,1887800
11209,1895500
11210,1707300
11211,1702800
11212,1673100
11213,1699700
11214,1548800
11215,1567600
11216,1652900
11217,1641300
11218,1924400
11219,1777400
11220,1655400
11221,1593200
11222,1654000
11223,1603100
11224,1619500
11225,1635000
11226,1663500
11227,1537100
11228,2062000
11229,1770100
11230,1672300
11231,1663900
11232,1665300
11233,1643700
11234,1581900
11235,1661700
11236,1684400
11237,1883900
11238,2158000
11239,1781200
11240,1770000
11241,1620100
11242,1689800
11243,1740200
11244,1615800
11245,1713100
11246,1667600
11247,2028600
11248,1809100
11249,1766500
11250,1597200
11251,1733000
11252,1620700
11253,1590900
11254,1637300
11255,1776200
11256,1732800
11257,1979500
11258,1765500
11259,1703600
11260,1612700
11261,1642200
11262,1682800
11263,1559600
11264,1646500
11265,1686000
11266,1776700
11267,2071700
11268,1721900
11269,1646100
11270,1615600
11271,1589200
11272,1589400
11273,1615500
11274,1581100
11275,1690800
11276,1629700
11277,1820800
11278,2003700
11279,1708800
11280,1566600
11281,1668400
11282,1745500
11283,1738700
11284,1823100
11285,1591600
11286,1947400
11287,1670200
11288,1689900
11289,1606200
11290,1617100
11291,1640600
11292,1891000
11293,1832700
11294,1578200
11295,1637300
11296,1701900
11297,1838200
11298,1653000
11299,1592400
11300,1572700
11301,1633000
11302,1799100
11303,1599100
11304,1573700
11305,1640900
11306,2256800
11307,1872900
11308,1795400
11309,1682800
11310,1575900
11311,1981600
11312,1728400
11313,1729400
11314,1586800
11315,1795200
11316,1719800
11317,1736000
11318,1661200
11319,1695600
11320,1897200
11321,1843900
11322,1678300
11323,1757600
11324,1589400
11325,1864200
11326,1725800
11327,1576700
11328,1630700
11329,1837300
11330,2194200
11331,1834900
11332,1974000
11333,1776800
11334,2197000
11335,1722200
11336,1638100
11337,1844200
11338,1735300
11339,1913500
11340,1949400
11341,1897300
11342,1636000
11343,1896700
11344,1752200
11345,1753700
11346,1754700
11347,1696800
11348,1700800
11349,1965400
11350,1788100
11351,1719700
11352,1773600
11353,1622500
11354,1609600
11355,1793500
11356,1683100
11357,1644200
11358,1726000
11359,1687100
11360,1692200
11361,1572900
11362,1645500
11363,1759900
11364,1796200
11365,1945800
11366,1739100
11367,1618000
11368,1657500
11369,1617000
11370,1617200
11371,1574400
11372,1859400
11373,1711900
11374,1995200
11375,1920000
11376,1790900
11377,1714100
11378,1568700
11379,1623800
11380,1635600
11381,1649900
11382,1790500
11383,1831500
11384,1860600
11385,1627700
11386,1642900
11387,1684000
11388,1921000
11389,1650000
11390,1624300
11391,1949300
11392,2024300
11393,2428100
11394,1881100
11395,1703100
11396,1707100
11397,1821500
11398,1627900
11399,1670100
11400,1925000
11401,2098400
11402,1837600
11403,1701400
11404,1648700
11405,1639700
11406,1650000
11407,1676300
11408,1712400
11409,1929800
11410,1993200
11411,1724800
11412,1737400
11413,1611700
11414,1629500
11415,1670300
11416,1635400
11417,1628000
11418,1819400
11419,1912000
11420,1912800
11421,1716100
11422,1627000
11423,1572500
11424,1600800
11425,1593300
11426,1636300
11427,1806300
11428,1953600
11429,1779400
11430,1718000
11431,1657300
11432,1603900
11433,1579300
11434,1670100
11435,1751100
11436,1537600
11437,1926400
11438,1965200
11439,2130400
11440,2011300
11441,1719700
11442,1718200
11443,1673500
11444,1614700
11445,1704800
11446,1880400
11447,1938600
11448,1996400
11449,1941300
11450,1688100
11451,1678200
11452,1610100
11453,1659900
11454,1626600
11455,1659100
11456,1740300
11457,1651400
11458,1643000
11459,1732200
11460,1623800
11461,1591600
11462,1640900
11463,1594400
11464,1809500
11465,1833400
11466,1789700
11467,2117800
11468,1756100
11469,1617200
11470,1670100
11471,1745500
11472,1666400
11473,1780600
11474,1786500
11475,1730800
11476,1603800
11477,1759900
11478,1857100
11479,1673100
11480,1601500
11481,1591400
11482,1811000
11483,1688200
11484,1708000
11485,1612100
11486,1802100
11487,1884300
11488,1655900
11489,1685200
11490,1632400
11491,1731800
11492,1657000
11493,1623700
11494,1636100
11495,1542000
11496,1959500
11497,1873100
11498,1756300
11499,1747500
11500,1701800
11501,1760200
11502,1776500
11503,1653300
11504,1596800
11505,1628000
11506,1807100
11507,1736400
11508,1656500
11509,1756200
11510,1702300
11511,1614200
11512,1819500
11513,1572000
11514,1644800
11515,1707800
11516,1824700
11517,1690400
11518,1731000
11519,1808500
11520,1657200
11521,1640400
11522,1585800
11523,1559700
11524,1665500
11525,1610400
11526,2012300
11527,1643700
11528,1706700
11529,1703400
11530,1686000
11531,1630400
11532,1581600
11533,1578200
11534,1675500
11535,1741500
11536,1831400
11537,2041400
11538,1705400
11539,1621000
11540,1620800
11541,1690600
11542,1678900
11543,1620200
11544,1593900
11545,1703600
11546,1754400
11547,1789900
11548,1706000
11549,1665800
11550,1740800
11551,1663100
11552,1599300
11553,1698400
11554,1707800
11555,1770700
11556,1787600
11557,1803700
11558,1676100
11559,1697400
11560,1605800
11561,1672600
11562,1617000
11563,1581800
11564,1580100
11565,2090300
11566,1834800
11567,1616100
11568,1761000
11569,1638500
11570,1719600
11571,1707100
11572,1641500
11573,1652300
11574,1765500
11575,1844900
11576,1765200
11577,1712300
11578,1676500
11579,1689200
11580,1575200
11581,1722200
11582,1580500
11583,1615300
11584,1876800
11585,1754800
11586,1761300
11587,1739700
11588,1638600
11589,1691400
11590,1612200
11591,1583400
11592,1599600
11593,1801000
11594,2095000
11595,1900800
11596,1682000
11597,1630600
11598,1584900
11599,1634500
11600,1729900
11601,1641400
11602,1626800
11603,1606000
11604,1852300
11605,1763000
11606,1699200
11607,1653200
11608,1701300
11609,1607000
11610,1575200
11611,1579500
11612,1687200
11613,1765900
11614,1876100
11615,1723100
11616,1603100
11617,1742300
11618,1650300
11619,1681400
11620,1571900
11621,1566300
11622,1763400
11623,1764300
11624,2136500
11625,1774300
11626,1698300
11627,1682600
11628,1671600
11629,1710200
11630,1801600
11631,1688900
11632,1651700
11633,1935400
11634,1774000
11635,1671900
11636,1618300
11637,1603000
11638,1562400
11639,1573200
11640,1991200
11641,2039200
11642,1823100
11643,1965600
11644,1711700
11645,2020700
11646,1860100
11647,1763600
11648,2260800
11649,2488400
11650,2083500
11651,2244800
11652,1837500
11653,1622200
11654,1619900
11655,1627200
11656,1856500
11657,1827500
11658,1688900
11659,1830700
11660,1999900
11661,1704100
11662,1732900
11663,1693700
11664,1625500
11665,1964900
11666,1797500
11667,1591400
11668,1721500
11669,1801200
11670,2009500
11671,1786100
11672,1685300
11673,1521400
11674,1674700
11675,1729600
11676,1642700
11677,1592500
11678,1614200
11679,1701300
11680,1718100
11681,1734700
11682,1615700
11683,1614300
11684,2404300
11685,2014600
11686,1677800
11687,1589600
11688,1709600
11689,2009900
11690,1743000
11691,1694700
11692,1824600
11693,1769100
11694,1697700
11695,1695600
11696,1565000
11697,1644500
11698,1862100
11699,1708700
11700,1689200
11701,1831100
11702,1736900
11703,1556400
11704,1742100
11705,1607200
11706,1676600
11707,1574300
11708,1763500
11709,1807200
11710,1658900
11711,1816400
11712,1668000
11713,1569000
11714,1612000
11715,1551900
11716,1677900
11717,1541000
11718,2260500
11719,1809700
11720,1780900
11721,1740400
11722,1653600
11723,1726400
11724,1629100
11725,1526400
11726,1625300
11727,1631200
11728,1827100
11729,1804500
11730,1717700
11731,1694300
11732,1634600
11733,1606000
11734,1582200
11735,1679000
11736,1613800
11737,1698000
11738,1989600
11739,1843100
11740,1642200
11741,1608400
11742,1702700
11743,1705700
11744,1629400
11745,1622700
11746,1693800
11747,1740800
11748,2426100
11749,2162200
11750,2451000
11751,2034000
11752,1900000
11753,1708100
11754,1810600
11755,1978200
11756,2059200
11757,1669200
11758,1610300
11759,1577200
11760,1628200
11761,1647700
11762,1695600
11763,1556400
11764,1549800
11765,2001300
11766,1939600
11767,1721700
11768,1742300
11769,1668500
11770,1665500
11771,1589800
11772,1645100
11773,1642600
11774,1728200
11775,1825000
11776,1814900
11777,1579300
11778,1635200
11779,1669600
11780,1758100
11781,1554900
11782,1644600
11783,1780400
11784,1733300
11785,2084700
11786,1766900
11787,1708200
11788,1609100
11789,1621700
11790,1632000
11791,1664100
11792,1831700
11793,2017600
11794,2424000
11795,2672500
11796,2846000
11797,2974700
11798,2503400
11799,2174800
11800,2383200
11801,2627100
11802,2235300
11803,2097000
11804,2015900
11805,2057100
11806,2461700
11807,1961900
11808,3445700
11809,2444800
11810,2139800
11811,2046900
11812,2453600
11813,2379600
11814,2049100
11815,2220900
11816,2083200
11817,1898500
11818,1959800
11819,2053100
11820,2170500
11821,2305900
11822,2071600
11823,2551800
11824,2083200
11825,1934500
11826,1962000
11827,2080200
11828,1838400
11829,1706000
11830,1742100
11831,1888300
11832,2077400
11833,1957200
11834,1956600
11835,2036700
11836,2689700
11837,3088400
11838,2777300
11839,2934500
11840,3169900
11841,2958800
11842,2512100
11843,2965300
11844,2900100
11845,2717400
11846,2351100
11847,2401400
11848,2081400
11849,1967000
11850,1938400
11851,2157500
11852,2326000
11853,2340500
11854,2707100
11855,2415200
11856,2225700
11857,2207200
11858,2411600
11859,3084800
11860,2822500
11861,2834300
11862,2455300
11863,2276400
11864,2130700
11865,2394000
11866,2118700
11867,2271700
11868,2202400
11869,2135700
11870,2125300
11871,2148000
11872,2348100
11873,2527500
11874,3335300
11875,2753400
11876,2062500
11877,2228400
11878,1922700
11879,1722700
11880,1922100
11881,1937800
11882,1923100
11883,1760600
11884,1858800
11885,1785400
11886,1970900
11887,2321900
11888,2935900
11889,2929400
11890,2386000
11891,2164600
11892,2479900
11893,2284800
11894,2297600
11895,2677900
11896,1932200
11897,1730400
11898,1750200
11899,1687700
11900,1625800
11901,1576400
11902,1565300
11903,1627500
11904,2152200
11905,1901600
11906,1612300
11907,1570900
11908,1581900
11909,1621100
11910,1657900
11911,1589000
11912,1633200
11913,1563500
11914,2406100
11915,1791700
11916,1715100
11917,1698900
11918,1647600
11919,1691600
11920,1567100
11921,1633300
11922,1655200
11923,2024400
11924,1915500
11925,1665900
11926,1718700
11927,1659000
11928,1598400
11929,1676800
11930,1612800
11931,1541500
11932,1797700
11933,2002100
11934,1789800
11935,1749600
11936,1601500
11937,1790400
11938,1612600
11939,1641000
11940,1596000
11941,1964900
11942,2061700
11943,2100000
11944,1964200
11945,1971600
11946,1853300
11947,1737200
11948,1631100
11949,1928800
11950,1731900
11951,1764400
11952,1931000
11953,1720800
11954,1659300
11955,1764500
11956,1695700
11957,1635700
11958,1947900
11959,1849700
11960,1692500
11961,1870500
11962,1702300
11963,1545200
11964,1550000
11965,1610000
11966,1929100
11967,2163800
11968,1953100
11969,1645200
11970,1813500
11971,1931500
11972,1797400
11973,1610100
11974,1668900
11975,1677900
11976,1909400
11977,1766300
11978,1675400
11979,1594600
11980,1963400
11981,1719400
11982,1633100
11983,1610100
11984,1678900
11985,1786300
11986,1764700
11987,1719800
11988,1688100
11989,1806500
11990,1821300
11991,1734700
11992,1598500
11993,1612100
11994,1790800
11995,1707500
11996,1712100
11997,1547000
11998,1649300
11999,1690400
12000,1766700
12001,1709200
12002,1668200
12003,1699600
12004,2090700
12005,1745900
12006,1636400
12007,1698000
12008,1632300
12009,2065400
12010,1727700
12011,1693200
12012,1836700
12013,1903800
12014,1666000
12015,1650800
12016,1634000
12017,1608200
12018,1661600
12019,2086000
12020,2096600
12021,1764600
12022,1818100
12023,1707300
12024,1637700
12025,1604400
12026,1712500
12027,1547800
12028,1813400
12029,1779300
12030,1915200
12031,1718100
12032,1709400
12033,1617400
12034,1571500
12035,1605500
12036,1586500
12037,1723300
12038,2293000
12039,1882800
12040,1721900
12041,1610200
12042,1639200
12043,1598600
12044,1618200
12045,1602800
12046,1687000
12047,1689100
12048,1667000
12049,1860900
12050,1692200
12051,1624400
12052,1663500
12053,1599800
12054,1665500
12055,1610500
12056,1676200
12057,1898700
12058,2059200
12059,1732000
12060,1659400
12061,1631600
12062,1549900
12063,1499000
12064,1696200
12065,1699400
12066,1670600
12067,2109200
12068,1764200
12069,1614400
12070,1648800
12071,1694700
12072,1678400
12073,1690100
12074,1635200
12075,1651700
12076,1938200
12077,2550300
12078,2207000
12079,1976500
12080,1937100
12081,1745500
12082,1731800
12083,1652000
12084,1731900
12085,2126100
12086,1838000
12087,1652700
12088,1688900
12089,1632400
12090,1651700
12091,1611800
12092,1581900
12093,1594300
12094,1761800
12095,1980800
12096,1736400
12097,1674300
12098,1669300
12099,1641100
12100,1744700
12101,1601500
12102,1686300
12103,1747800
12104,1738000
12105,1973100
12106,1713100
12107,1635700
12108,1610500
12109,1629200
12110,1622500
12111,1684000
12112,1642200
12113,1623000
12114,1795500
12115,1776900
12116,1806600
12117,1598800
12118,1638200
12119,1609900
12120,1638900
12121,1832600
12122,1626100
12123,1702200
12124,1908200
12125,1838500
12126,1695600
12127,1613300
12128,1593900
12129,1611400
12130,1619500
12131,1713100
12132,1679400
12133,1611200
12134,2007600
12135,1757500
12136,1708400
12137,1699600
12138,1627700
12139,1734600
12140,1693300
12141,1660000
12142,1756000
12143,1739300
12144,1658200
12145,1689100
12146,1670400
12147,1658200
12148,1624000
12149,1698400
12150,1703000
12151,1610700
12152,1651600
12153,1730900
12154,1858900
12155,1780000
12156,1793400
12157,1788100
12158,1681400
12159,1853500
12160,1709500
12161,1602000
12162,1577900
12163,1651800
12164,1933900
12165,1752100
12166,1719900
12167,1835600
12168,2091200
12169,1704200
12170,1673600
12171,1616300
12172,1634000
12173,1846100
12174,1755400
12175,1651500
12176,1659500
12177,1777500
12178,1689800
12179,1596500
12180,1682300
12181,1561000
12182,1773900
12183,1670400
12184,1806100
12185,1737000
12186,1889600
12187,1959000
12188,1809600
12189,1733800
12190,1619800
12191,1607900
12192,1877200
12193,1750300
12194,1713100
12195,2010800
12196,2165900
12197,2413200
12198,2372700
12199,2143100
12200,2262900
12201,1942400
12202,1789900
12203,1808400
12204,1617900
12205,1757200
12206,1680900
12207,1630300
12208,1652700
12209,1754200
12210,1963500
12211,1761700
12212,1685900
12213,1732300
12214,1540300
12215,1654000
12216,1547000
12217,1680100
12218,1592600
12219,1763400
12220,1898700
12221,1754500
12222,1636300
12223,1657900
12224,1689500
12225,1715200
12226,1600400
12227,1667700
12228,1683900
12229,1814500
12230,2320400
12231,1896200
12232,1695600
12233,1726300
12234,1821100
12235,1606200
12236,1831100
12237,1682800
12238,1862100
12239,1685700
12240,1684900
12241,1620700
12242,1648000
12243,1601900
12244,1767800
12245,1814100
12246,1591000
12247,1740000
12248,2172500
12249,1982700
12250,1790700
12251,1850100
12252,1665200
12253,1667500
12254,1780200
12255,1589900
12256,1764800
12257,1898800
12258,1719300
12259,1651500
12260,1608700
12261,1685200
12262,1637100
12263,1686500
12264,1655600
12265,1645800
12266,1825600
12267,2200900
12268,1756700
12269,1704700
12270,1713100
12271,1668200
12272,1693100
12273,1722700
12274,1596400
12275,1808500
12276,1906700
12277,1926900
12278,1885500
12279,1719600
12280,1722300
12281,1636600
12282,1671300
12283,1809700
12284,1743900
12285,1633200
12286,1733300
12287,1897500
12288,1781800
12289,1653700
12290,1696600
12291,1722800
12292,1693700
12293,1812100
12294,1691100
12295,1833500
12296,2015600
12297,1751700
12298,1753700
12299,1786100
12300,1651000
12301,1913100
12302,2336500
12303,2549100
12304,2682500
12305,2507500
12306,2017900
12307,1925800
12308,1855900
12309,1748300
12310,1734100
12311,1818500
12312,1909900
12313,1964500
12314,1828000
12315,1760000
12316,1738100
12317,1897400
12318,1762400
12319,2014800
12320,2678600
12321,1988200
12322,1749700
12323,1657400
12324,1586000
12325,1891500
12326,1958000
12327,1723100
12328,1668300
12329,1609200
12330,1795500
12331,1753200
12332,1576800
12333,1620600
12334,1952100
12335,1887500
12336,1690700
12337,1622200
12338,1612600
12339,1744800
12340,2014200
12341,1778800
12342,1659700
12343,1724900
12344,1620000
12345,1608800
12346,1637100
12347,1699700
12348,1625600
12349,1865900
12350,1790700
12351,1665400
12352,1585700
12353,1779400
12354,1677300
12355,1627300
12356,1587900
12357,1610500
12358,1667200
12359,1946600
12360,1998200
12361,1630200
12362,1921800
12363,1684900
12364,1659200
12365,1561500
12366,1644100
12367,1725200
12368,1783800
12369,1806000
12370,1752700
12371,1804400
12372,1803800
12373,1605200
12374,1644500
12375,1620500
12376,1622700
12377,1620900
12378,1693300
12379,1898000
12380,1805000
12381,1679900
12382,1637100
12383,1603400
12384,1674900
12385,1533800
12386,1718300
12387,1646600
12388,1749000
12389,2332900
12390,2351800
12391,2438400
12392,1905500
12393,1775400
12394,1744700
12395,1708300
12396,1582600
12397,2338000
12398,1867500
12399,1708300
12400,1595800
12401,1601400
12402,1791200
12403,1695900
12404,1628600
12405,1519300
12406,1892200
12407,2134500
12408,1700200
12409,1667000
12410,1598400
12411,1640000
12412,1735600
12413,1618900
12414,1514800
12415,1694200
12416,1788100
12417,1862100
12418,1643500
12419,1740600
12420,1767600
12421,1685500
12422,1620400
12423,1696300
12424,1633300
12425,2489100
12426,2008400
12427,1735900
12428,1633600
12429,1759200
12430,1642400
12431,1655900
12432,1566000
12433,1522400
12434,2206300
12435,2224200
12436,2078900
12437,2068300
12438,1693100
12439,1655500
12440,1784700
12441,1650500
12442,2088500
12443,1715800
12444,2026000
12445,1873500
12446,1739900
12447,1668300
12448,1628500
12449,1644000
12450,1675400
12451,1978100
12452,1675900
12453,1735900
12454,1797100
12455,1848200
12456,1664600
12457,1652700
12458,1660500
12459,1735100
12460,1893200
12461,1655400
12462,1624000
12463,2050300
12464,2183700
12465,1764400
12466,1718400
12467,1619600
12468,1822000
12469,1757300
12470,1634200
12471,1716200
12472,1741900
12473,1728800
12474,1819400
12475,1620600
12476,1590900
12477,1644900
12478,2199400
12479,1794200
12480,1653600
12481,1595600
12482,1823400
12483,1727500
12484,1643900
12485,1619400
12486,1655200
12487,1745700
12488,1588900
12489,1627500
12490,1551600
12491,1809200
12492,2146700
12493,1801200
12494,1659700
12495,1626300
12496,1796800
12497,1863000
12498,1724000
12499,1613500
12500,1597100
12501,1942900
12502,1713600
12503,1610600
12504,1654000
12505,1834700
12506,1625500
12507,1692500
12508,1682900
12509,1697200
12510,1610200
12511,1900800
12512,1862100
12513,1920400
12514,2195100
12515,2130500
12516,1835700
12517,1829300
12518,1844300
12519,2270100
12520,2010700
12521,1874700
12522,2038300
12523,1793100
12524,1749300
12525,1792500
12526,1947500
12527,1647100
12528,1841400
12529,1829500
12530,2140200
12531,2258500
12532,1784500
12533,1786000
12534,1661000
12535,1653500
12536,1721900
12537,1719200
12538,1656100
12539,1932700
12540,1711900
12541,1630400
12542,1584000
12543,1743400
12544,1648200
12545,1677200
12546,1726700
12547,2192700
12548,2004300
12549,2044900
12550,1779700
12551,1727100
12552,1657400
12553,1647800
12554,1673700
12555,1631200
12556,1881700
12557,2300600
12558,1812800
12559,1721300
12560,1602800
12561,1712300
12562,1626700
12563,1663100
12564,1728500
12565,1608800
12566,1864900
12567,1773200
12568,1639400
12569,1593800
12570,1666600
12571,1628900
12572,1622900
12573,1670100
12574,1616000
12575,1558900
12576,2107100
12577,1739700
12578,1603000
12579,1676200
12580,1669800
12581,1679100
12582,1643900
12583,1638900
12584,1933100
12585,2390000
12586,2295400
12587,2343400
12588,2440300
12589,2397400
12590,2609500
12591,2958500
12592,3232700
12593,2735000
12594,2658400
12595,2806900
12596,2450100
12597,2320500
12598,2388900
12599,2413500
12600,2317400
12601,2220000
12602,2222300
12603,2173100
12604,2458600
12605,2807900
12606,2609500
12607,2597700
12608,2770700
12609,2572500
12610,2427400
12611,2380900
12612,2262000
12613,2391100
12614,2656700
12615,3022000
12616,2608600
12617,2530200
12618,2391100
12619,1786900
12620,1752700
12621,1679900
12622,1563200
12623,2031400
12624,1617700
12625,1835100
12626,1682400
12627,2013700
12628,2113700
12629,1779400
12630,1640000
12631,1725000
12632,1603300
12633,1630300
12634,1855100
12635,1715500
12636,1721700
12637,1800100
12638,1970800
12639,1648700
12640,1612200
12641,1692000
12642,1730500
12643,1717000
12644,1647200
12645,1722300
12646,1710200
12647,1920100
12648,1734600
12649,1531700
12650,1710200
12651,1612700
12652,1899800
12653,1588500
12654,1589200
12655,1584200
12656,1689000
12657,1687400
12658,1765400
12659,1808000
12660,1587100
12661,1812300
12662,1932100
12663,1679000
12664,1603200
12665,1608700
12666,1952600
12667,1746000
12668,1679600
12669,1652800
12670,1627600
12671,1650800
12672,1597100
12673,1595100
12674,1694600
12675,1612400
12676,1829900
12677,1674900
12678,1671900
12679,1812000
12680,1776100
12681,1626600
12682,1599600
12683,1585000
12684,1563100
12685,1746200
12686,1812700
12687,1723200
12688,1674200
12689,1720700
12690,1808500
12691,1699300
12692,1631800
12693,1660300
12694,1578800
12695,1625700
12696,2077700
12697,1872200
12698,1778700
12699,1692300
12700,1642400
12701,1694400
12702,1750200
12703,1663000
12704,1682100
12705,1947600
12706,2001900
12707,1689900
12708,1769500
12709,1662000
12710,1656800
12711,1610400
12712,1645800
12713,1649600
12714,1682400
12715,1876100
12716,1922700
12717,2062200
12718,1827200
12719,1724400
12720,1724600
12721,1714800
12722,1822500
12723,1644100
12724,2174700
12725,2053100
12726,1700600
12727,1618200
12728,1717900
12729,1753700
12730,1697100
12731,1705400
12732,1670700
12733,1828300
12734,2023300
12735,1637100
12736,1667200
12737,1704200
12738,1559100
12739,1702700
12740,1576100
12741,1564400
12742,1579900
12743,2175900
12744,2569900
12745,1975100
12746,1674800
12747,1611900
12748,1704400
12749,1697600
12750,1638100
12751,1618000
12752,2432800
12753,2234000
12754,1802600
12755,1754400
12756,1907300
12757,1925700
12758,2028900
12759,2159600
12760,2692700
12761,2144700
12762,2069900
12763,2170500
12764,1945900
12765,1892700
12766,1935900
12767,2403300
12768,3114200
12769,2395900
12770,2269100
12771,2183300
12772,2204600
12773,2119800
12774,2299600
12775,2372100
12776,2167100
12777,2103800
12778,2086200
12779,2070700
12780,2122600
12781,2217800
12782,2288500
12783,2969200
12784,2116500
12785,2009800
12786,2021600
12787,2059900
12788,2264000
12789,2145000
12790,2586800
12791,2902000
12792,2309700
12793,2045500
12794,2342400
12795,2556500
12796,2366300
12797,2962000
12798,2339700
12799,1948200
12800,2193000
12801,2175400
12802,2061600
12803,2112100
12804,2332200
12805,2442400
12806,2307300
12807,2738100
12808,3909600
12809,2266000
12810,2167100
12811,2560200
12812,2227300
12813,2133500
12814,2195600
12815,2157900
12816,1997800
12817,1918100
12818,1789200
12819,1966100
12820,1891400
12821,1846200
12822,1992600
12823,1920500
12824,1868200
12825,2009300
12826,1928700
12827,1995100
12828,1844400
12829,1719200
12830,1853000
12831,1911900
12832,2091100
12833,1952600
12834,1849700
12835,1709700
12836,2178000
12837,2081100
12838,2020400
12839,1813400
12840,1847900
12841,2105900
12842,1951400
12843,2082400
12844,1941700
12845,1796000
12846,2017900
12847,2083700
12848,2447700
12849,2110600
12850,2353700
12851,2396900
12852,2571600
12853,2722900
12854,2013900
12855,1746500
12856,1799600
12857,1871100
12858,1731700
12859,1860800
12860,2204700
12861,2322500
12862,1885300
12863,1922400
12864,1839300
12865,2023500
12866,2354300
12867,2250500
12868,1814000
12869,2230100
12870,1825300
12871,1822500
12872,1788400
12873,1802700
12874,1820200
12875,1906100
12876,2102700
12877,2031700
12878,1752800
12879,1806700
12880,1810800
12881,1809600
12882,1933700
12883,1809100
12884,1758100
12885,2000100
12886,2793200
12887,2011100
12888,1806700
12889,1836400
12890,1785100
12891,1697400
12892,1805000
12893,2103100
12894,2410400
12895,2051500
12896,2048000
12897,2033100
12898,2149000
12899,2337700
12900,1752800
12901,1747500
12902,1855800
12903,2030800
12904,1828000
12905,1790900
12906,2122000
12907,2272800
12908,1977800
12909,1848100
12910,1668000
12911,1809800
12912,1718400
12913,1859300
12914,1712700
12915,2110000
12916,1976000
12917,2201400
12918,2545000
12919,2237200
12920,2185700
12921,1788800
12922,1849000
12923,1771300
12924,1716800
12925,2072200
12926,2022100
12927,1879700
12928,2063800
12929,1917200
12930,1809900
12931,2105500
12932,2396600
12933,1934700
12934,1787800
12935,1824800
12936,1752800
12937,2005600
12938,1816000
12939,1821900
12940,2081400
12941,1972000
12942,2156800
12943,1780100
12944,1688500
12945,1930300
12946,2206600
12947,1822700
12948,1777400
12949,2140200
12950,1957800
12951,2370000
12952,1832500
12953,1719100
12954,2019500
12955,1914900
12956,1801500
12957,2148700
12958,2505500
12959,2295800
12960,2114000
12961,2179500
12962,2556800
12963,2266800
12964,2817000
12965,2549400
12966,1872400
12967,1727000
12968,1906700
12969,2192400
12970,2127700
12971,2056500
12972,1855900
12973,1915600
12974,1928100
12975,1677700
12976,1683200
12977,1746000
12978,2058500
12979,2108200
12980,1955400
12981,2076900
12982,2126600
12983,2321100
12984,1919000
12985,1780400
12986,2049200
12987,2108900
12988,1822100
12989,1808400
12990,1916400
12991,2221800
12992,1861200
12993,1836600
12994,1943400
12995,2171400
12996,2270800
12997,2243500
12998,1787800
12999,1695300
13000,1636700
13001,1781300
13002,1684400
13003,2136700
13004,2312800
13005,1960900
13006,1875600
13007,2132700
13008,1833100
13009,1641700
13010,1626700
13011,1958200
13012,2143500
13013,1959000
13014,1852400
13015,1810300
13016,2015000
13017,2447600
13018,1736800
13019,1680600
13020,1838600
13021,2322500
13022,2128300
13023,2052200
13024,1846700
13025,2123200
13026,2091400
13027,1878100
13028,2766100
13029,2831400
13030,2466300
13031,1953500
13032,2003600
13033,1682700
13034,1837200
13035,2039800
13036,2150600
13037,2099400
13038,2133300
13039,1989100
13040,2038500
13041,1895200
13042,1782700
13043,2099100
13044,2143700
13045,2192200
13046,1806900
13047,1864800
13048,1918100
13049,2350300
13050,1853300
13051,2010400
13052,1998700
13053,2088800
13054,1838800
13055,1820500
13056,1872200
13057,1951500
13058,1942200
13059,1792600
13060,1919900
13061,2125900
13062,2286700
13063,2487500
13064,1824800
13065,1959600
13066,1907400
13067,2010400
13068,1804200
13069,1913500
13070,2178700
13071,2148400
13072,2265500
13073,1818200
13074,1875400
13075,1756500
13076,1741400
13077,1743300
13078,2026600
13079,1879100
13080,1896100
13081,1930100
13082,2629900
13083,2026800
13084,1730500
13085,1667400
13086,1935200
13087,2056200
13088,1888600
13089,1886400
13090,2099200
13091,2002900
13092,2102200
13093,1898900
13094,1811700
13095,2531100
13096,2484900
13097,1915200
13098,1918800
13099,1793600
13100,1820600
13101,1637700
13102,1769200
13103,2146600
13104,2306000
13105,2049400
13106,1921600
13107,1738100
13108,1697000
13109,1627300
13110,1815000
13111,1822100
13112,2266800
13113,2065000
13114,1994500
13115,2403700
13116,1856100
13117,1797600
13118,1684200
13119,1723400
13120,2023400
13121,2051900
13122,2046900
13123,1966100
13124,2016300
13125,2023300
13126,1935600
13127,1822300
13128,1927100
13129,2972900
13130,2277900
13131,1795800
13132,1716100
13133,1933800
13134,1993200
13135,1907600
13136,2015900
13137,2295600
13138,2599300
13139,2523000
13140,2003000
13141,2013000
13142,2020000
13143,2023900
13144,2015000
13145,2568900
13146,2130000
13147,2069300
13148,2360700
13149,2017200
13150,1761600
13151,1729200
13152,1995900
13153,2213400
13154,1863100
13155,2062700
13156,1841000
13157,1939700
13158,1824400
13159,1782700
13160,1843200
13161,2696700
13162,2576400
13163,1856500
13164,1711100
13165,1797100
13166,1920300
13167,1690700
13168,1664100
13169,2117400
13170,2190000
13171,2016400
13172,2052000
13173,1742100
13174,1708900
13175,1610300
13176,1758300
13177,1982500
13178,1960700
13179,2065600
13180,1881000
13181,2001200
13182,2345300
13183,1795100
13184,1757800
13185,2114400
13186,1841800
13187,2230300
13188,1962000
13189,1910500
13190,1929700
13191,2032200
13192,1773400
13193,1907500
13194,2193800
13195,2956800
13196,2274400
13197,1710000
13198,1676400
13199,1751400
13200,1772100
13201,1833300
13202,1883300
13203,2008300
13204,2048900
13205,2078400
13206,1708600
13207,1622800
13208,1609500
13209,1792700
13210,1813800
13211,1858400
13212,1947200
13213,2316300
13214,2047300
13215,2295700
13216,1700800
13217,1659300
13218,1777800
13219,1863300
13220,1717000
13221,1846300
13222,2219500
13223,1942400
13224,1945700
13225,1983600
13226,2049900
13227,1863100
13228,2218500
13229,2649100
13230,1942200
13231,1753400
13232,1649800
13233,1872500
13234,2004500
13235,2020600
13236,1951000
13237,1852600
13238,2422400
13239,1713900
13240,1776900
13241,1634500
13242,2203900
13243,2390000
13244,1994200
13245,2092400
13246,2141700
13247,2224300
13248,2188900
13249,1895300
13250,1805400
13251,1941500
13252,1757000
13253,1793200
13254,1913800
13255,2285400
13256,2084700
13257,2094300
13258,1934100
13259,1988200
13260,2059500
13261,2475600
13262,1967100
13263,1888000
13264,1762100
13265,1995100
13266,1774600
13267,1835300
13268,2061800
13269,1907700
13270,2079700
13271,1909800
13272,1991500
13273,1902400
13274,1858600
13275,1798700
13276,1771300
13277,1797500
13278,1870200
13279,1887400
13280,2942100
13281,2242500
13282,1813300
13283,1801500
13284,1753400
13285,1824700
13286,1904000
13287,2146200
13288,2800800
13289,2435000
13290,1997000
13291,1972900
13292,2223600
13293,2372200
13294,1819400
13295,1661800
13296,2038400
13297,1885100
13298,1866700
13299,1887900
13300,1909200
13301,1817300
13302,2081900
13303,1847700
13304,1681400
13305,2305100
13306,2176800
13307,1860300
13308,1782600
13309,1799200
13310,1824700
13311,1856600
13312,2323800
13313,2460400
13314,1765000
13315,1740600
13316,1885000
13317,1771900
13318,1863200
13319,1969300
13320,1920100
13321,1934600
13322,2353800
13323,2130500
13324,1993800
13325,2203200
13326,2383800
13327,1863000
13328,1660200
13329,1709300
13330,1997700
13331,1902700
13332,1828700
13333,1800900
13334,1786500
13335,2040200
13336,1691800
13337,1812100
13338,1667900
13339,2135200
13340,1951500
13341,1857200
13342,1872000
13343,1920300
13344,1882400
13345,2613500
13346,1782400
13347,1827000
13348,2196700
13349,1790500
13350,1814500
13351,1822700
13352,1877900
13353,2092300
13354,1954400
13355,2019400
13356,2195900
13357,2386300
13358,2615500
13359,1953600
13360,1874600
13361,2090600
13362,2494400
13363,2235600
13364,2789600
13365,2044900
13366,1902500
13367,2003000
13368,2384000
13369,1807300
13370,1691400
13371,1639600
13372,2066100
13373,1837300
13374,1833000
13375,1852100
13376,2063600
13377,2387700
13378,1888900
13379,1628700
13380,1935700
13381,1965600
13382,1848300
13383,1783900
13384,1986800
13385,1894900
13386,1955600
13387,1896100
13388,1743900
13389,2038900
13390,2303400
13391,2433400
13392,1830900
13393,1809700
13394,1861800
13395,1944100
13396,1745900
13397,1903200
13398,2261500
13399,2015600
13400,2343700
13401,1858300
13402,1837400
13403,1698800
13404,1741900
13405,1712800
13406,2021900
13407,2025700
13408,1958500
13409,2024600
13410,2532600
13411,1828500
13412,1678800
13413,1738100
13414,1924100
13415,2098900
13416,1952500
13417,1916900
13418,2038900
13419,2235600
13420,1935500
13421,1857500
13422,2038800
13423,3374800
13424,2278800
13425,1822800
13426,1707400
13427,1735100
13428,1827500
13429,1937600
13430,1787600
13431,1991000
13432,2079100
13433,2115400
13434,1707400
13435,1617500
13436,1692400
13437,1787100
13438,1766900
13439,1806700
13440,2494900
13441,2136500
13442,2248000
13443,2042700
13444,1692300
13445,1634500
13446,1764900
13447,1807300
13448,2156400
13449,2075400
13450,1910000
13451,1873800
13452,1816100
13453,1867800
13454,1818000
13455,2108700
13456,3027500
13457,3379100
13458,1992000
13459,1973800
13460,2318400
13461,2097100
13462,2087900
13463,2034700
13464,2323500
13465,2194000
13466,1715100
13467,1702900
13468,1738100
13469,1862600
13470,1978200
13471,2077400
13472,2139200
13473,2313800
13474,2247900
13475,2064600
13476,1709200
13477,1658800
13478,1912000
13479,1834300
13480,1885000
13481,2337800
13482,2035500
13483,1984400
13484,1871000
13485,1857800
13486,2033100
13487,2003800
13488,2268000
13489,2339300
13490,1923500
13491,1788200
13492,1666800
13493,1921000
13494,1800800
13495,1809800
13496,1915200
13497,2035600
13498,2315900
13499,1805000
13500,1688100
13501,1731800
13502,1596800
13503,2102800
13504,1858100
13505,1803700
13506,1975900
13507,2595100
13508,2365800
13509,1879000
13510,2056600
13511,1836500
13512,1963800
13513,1783500
13514,1842100
13515,2080700
13516,1892800
13517,2019800
13518,1952200
13519,1917700
13520,1917100
13521,2015700
13522,2267300
13523,2287300
13524,2070600
13525,1916100
13526,2138500
13527,2138300
13528,2066600
13529,1930800
13530,1890700
13531,2015500
13532,2185800
13533,1837900
13534,1966600
13535,2255400
13536,1880900
13537,1858500
13538,1873700
13539,2021100
13540,2237800
13541,2562200
13542,1968100
13543,1824300
13544,1835100
13545,1844500
13546,1829800
13547,1755900
13548,2160200
13549,2061600
13550,2091600
13551,2071600
13552,1885400
13553,1877800
13554,2062500
13555,2502300
13556,2067300
13557,1808600
13558,1922500
13559,1990800
13560,1795200
13561,2027900
13562,1820400
13563,1829300
13564,2079300
13565,1906900
13566,1827900
13567,1735700
13568,1866500
13569,1711100
13570,1869600
13571,1786100
13572,1767200
13573,2029000
13574,3330800
13575,2019200
13576,1853600
13577,1794700
13578,1779700
13579,1785600
13580,1835200
13581,1955300
13582,2284200
13583,2050900
13584,1797400
13585,1971500
13586,2104600
13587,2451700
13588,1939300
13589,1838000
13590,2344800
13591,2084800
13592,1941700
13593,1794200
13594,2085300
13595,1863800
13596,2044400
13597,1705800
13598,1815500
13599,1942700
13600,1933400
13601,1833400
13602,1713900
13603,1775600
13604,1802400
13605,1911600
13606,2386200
13607,1909400
13608,2334000
13609,2219200
13610,2097300
13611,2010400
13612,2258300
13613,2280300
13614,2299500
13615,2232100
13616,2271400
13617,2127700
13618,2203100
13619,2706600
13620,2282300
13621,2396200
13622,2953500
13623,3244600
13624,2611800
13625,2431800
13626,2532300
13627,3202000
13628,2641000
13629,2592300
13630,2393200
13631,2236300
13632,2462500
13633,2750200
13634,2734100
13635,3880100
13636,2871900
13637,2228100
13638,3091900
13639,2286400
13640,2481900
13641,2654200
13642,2489600
13643,2300000
13644,2332500
13645,2328100
13646,2682600
13647,3366900
13648,2605300
13649,2087000
13650,3323900
13651,2932200
13652,2418000
13653,3021500
13654,2750500
13655,2630800
13656,2352600
13657,2332800
13658,2079600
13659,2743500
13660,2545500
13661,2684000
13662,2724200
13663,2618300
13664,3268900
13665,2402100
13666,2556600
13667,2724000
13668,3546100
13669,2597500
13670,2522300
13671,2417100
13672,2726700
13673,2429600
13674,2403100
13675,2329800
13676,3215200
13677,2433000
13678,2226500
13679,3849800
13680,2728000
13681,2306600
13682,2166300
13683,2502700
13684,3028200
13685,2772400
13686,2377100
13687,2246600
13688,2415200
13689,2780200
13690,2220100
13691,2791700
13692,3089500
13693,2156100
13694,2310800
13695,2415600
13696,2239200
13697,2189300
13698,2478200
13699,2177000
13700,2121900
13701,1991200
13702,2048400
13703,2471000
13704,2931100
13705,2172600
13706,2014000
13707,1826600
13708,2052400
13709,1997200
13710,2089300
13711,2099200
13712,2232900
13713,2919700
13714,1867700
13715,1854800
13716,1814100
13717,1929200
13718,2068100
13719,1927600
13720,2065000
13721,2702000
13722,3693600
13723,2413500
13724,2081300
13725,1891700
13726,2174000
13727,2137000
13728,2558900
13729,2479000
13730,2220800
13731,2070400
13732,2051400
13733,2096500
13734,2663900
13735,3721700
13736,2313900
13737,1931800
13738,1881300
13739,1870800
13740,1848300
13741,2189400
13742,2022100
13743,2678900
13744,2903400
13745,1836400
13746,1727700
13747,1754200
13748,2353900
13749,2033600
13750,2070300
13751,2272900
13752,2195000
13753,3338300
13754,2113400
13755,2165700
13756,2025500
13757,1986700
13758,2964900
13759,2244400
13760,2318500
13761,2113800
13762,2168500
13763,1995300
13764,2025600
13765,3210700
13766,3063800
13767,2075200
13768,2082600
13769,2050400
13770,2041800
13771,1889200
13772,2100200
13773,2388300
13774,2722200
13775,2127200
13776,1902800
13777,1874800
13778,1982400
13779,1814700
13780,2268500
13781,2166400
13782,2168200
13783,2542200
13784,2961600
13785,2075400
13786,1869800
13787,2013000
13788,2591100
13789,2106000
13790,2105200
13791,2058900
13792,2146000
13793,2161200
13794,2011000
13795,2577700
13796,3513000
13797,2441700
13798,2100000
13799,1861100
13800,2124700
13801,1868100
13802,2189300
13803,2430300
13804,2253200
13805,2570000
13806,1798700
13807,1746100
13808,1627700
13809,1897000
13810,2033700
13811,2287000
13812,2301800
13813,2110500
13814,2113000
13815,2966300
13816,1980900
13817,1797600
13818,2206100
13819,2263400
13820,1967400
13821,1947700
13822,2120700
13823,2136500
13824,2040600
13825,2107600
13826,2350600
13827,2277600
13828,3438500
13829,2383000
13830,2017400
13831,1874500
13832,2168000
13833,2924000
13834,2591600
13835,2880600
13836,3000100
13837,2924900
13838,2041700
13839,2010200
13840,2185600
13841,2009800
13842,1933800
13843,2027300
13844,2180500
13845,2604700
13846,2933500
13847,2306200
13848,1834600
13849,2038400
13850,1843400
13851,1798500
13852,2144300
13853,1973400
13854,2328400
13855,2694600
13856,2198300
13857,2072700
13858,2453300
13859,3097900
13860,2573600
13861,2105800
13862,2217900
13863,2184200
13864,2019400
13865,1998000
13866,2123000
13867,2128700
13868,2458700
13869,1990400
13870,1874200
13871,1662500
13872,2040900
13873,1931900
13874,2215000
13875,2110400
13876,2214100
13877,2691100
13878,2938400
13879,1979400
13880,1744100
13881,1948300
13882,2107900
13883,2219500
13884,2095800
13885,2483400
13886,2159100
13887,2056500
13888,1998500
13889,1999600
13890,2441500
13891,2941900
13892,2512800
13893,2004000
13894,1733000
13895,2095800
13896,1899700
13897,2181500
13898,2045500
13899,2134000
13900,3008300
13901,1989100
13902,1767000
13903,1769900
13904,1839600
13905,2383300
13906,2050600
13907,1940400
13908,2245100
13909,2343500
13910,3255700
13911,3352600
13912,1998500
13913,1916800
13914,1887800
13915,2987900
13916,2448700
13917,2107100
13918,2243000
13919,2241700
13920,2052700
13921,1933200
13922,2149800
13923,2947500
13924,3124400
13925,2396600
13926,2034300
13927,1698000
13928,1723000
13929,2189100
13930,2386700
13931,2051700
13932,2168100
13933,2241700
13934,2628300
13935,1908500
13936,1708600
13937,1710000
13938,2109900
13939,2022600
13940,2101600
13941,2074300
13942,2294100
13943,2586500
13944,2851300
13945,2106000
13946,1818800
13947,2018100
13948,2031800
13949,2002600
13950,2200000
13951,2167200
13952,2093800
13953,2289600
13954,2589000
13955,2321800
13956,3291700
13957,2284300
13958,1994100
13959,1912200
13960,2204700
13961,2219500
13962,1849400
13963,2152200
13964,2396800
13965,2659400
13966,1911900
13967,1848500
13968,2130900
13969,2681200
13970,2296700
13971,2104200
13972,2425800
13973,2487000
13974,2947900
13975,3479900
13976,2375200
13977,1878900
13978,1801700
13979,1990600
13980,1966700
13981,2004300
13982,3212400
13983,2755600
13984,2609400
13985,2355500
13986,2295700
13987,3781800
13988,2534200
13989,2126800
13990,1820000
13991,1807500
13992,2231400
13993,1917100
13994,2144300
13995,2391100
13996,2577600
13997,2621200
13998,1939800
13999,1718800
14000,1740900
14001,2229300
14002,1920600
14003,2038600
14004,2502400
14005,2452000
14006,3455400
14007,2271600
14008,1908900
14009,1747800
14010,1976400
14011,2041600
14012,2109100
14013,2134900
14014,2136700
14015,2299000
14016,2278700
14017,2166700
14018,2346400
14019,3495200
14020,2206800
14021,2025800
14022,1861800
14023,2090300
14024,1920800
14025,1975100
14026,2346200
14027,2325900
14028,2525200
14029,1988400
14030,1923100
14031,1718200
14032,1657800
14033,1957400
14034,2277300
14035,2087600
14036,1991900
14037,2202300
14038,2284000
14039,3115300
14040,2071300
14041,1837800
14042,2054000
14043,2103100
14044,2059000
14045,2004300
14046,2150600
14047,2369900
14048,2050800
14049,2212200
14050,2207900
14051,2400200
14052,3164100
14053,2376200
14054,1939100
14055,1750300
14056,1778300
14057,2846100
14058,2383400
14059,2236500
14060,2150600
14061,2549500
14062,1808900
14063,1617400
14064,1739100
14065,1756200
14066,2004000
14067,1934700
14068,1970000
14069,1936100
14070,1934200
14071,2414300
14072,3282400
14073,2439700
14074,1856700
14075,1719400
14076,1751100
14077,2034600
14078,1851500
14079,1869700
14080,1922600
14081,2624800
14082,2215200
14083,2096400
14084,2075300
14085,2171100
14086,2580700
14087,2905300
14088,2386200
14089,1921600
14090,1786600
14091,2054800
14092,1993500
14093,2064500
14094,2355200
14095,2737800
14096,2226200
14097,1772100
14098,1769300
14099,1929800
14100,1898400
14101,1895300
14102,1925600
14103,2332600
14104,3301500
14105,3097600
14106,1954400
14107,1707200
14108,1978900
14109,1894900
14110,2258500
14111,2264000
14112,2152600
14113,2176000
14114,2056900
14115,1988200
14116,2049300
14117,2648400
14118,3012300
14119,2249300
14120,1953400
14121,1795600
14122,1948900
14123,1949500
14124,2033800
14125,2109100
14126,2223700
14127,2801700
14128,1951300
14129,1698200
14130,1729900
14131,1637500
14132,1645600
14133,2149800
14134,1994600
14135,2351700
14136,2429500
14137,2459800
14138,2993800
14139,2269100
14140,1782600
14141,1881800
14142,2148500
14143,2002500
14144,2002400
14145,1914800
14146,2147800
14147,2235600
14148,2171500
14149,2083800
14150,2330000
14151,2703100
14152,2976200
14153,2175900
14154,2026500
14155,1781200
14156,1964800
14157,1968200
14158,2168900
14159,2072400
14160,2062600
14161,3083400
14162,2221800
14163,1736100
14164,1736200
14165,1972500
14166,2175900
14167,1919200
14168,2092800
14169,2302500
14170,2591600
14171,2574000
14172,2088200
14173,2020100
14174,1961800
14175,2039200
14176,2154100
14177,1965700
14178,2145200
14179,2430200
14180,2145400
14181,2594700
14182,2119400
14183,2498500
14184,3640800
14185,2589600
14186,2033400
14187,2019800
14188,2461000
14189,2063600
14190,1957100
14191,2022300
14192,2216000
14193,2946200
14194,2322400
14195,2177100
14196,2478500
14197,2383400
14198,2184400
14199,2346600
14200,2323200
14201,2171800
14202,3299500
14203,2476100
14204,1864800
14205,1813500
14206,1936500
14207,1949100
14208,1971300
14209,2018200
14210,2814500
14211,2523600
14212,2214500
14213,2119500
14214,2529700
14215,3215700
14216,2437000
14217,2180100
14218,1812500
14219,2148100
14220,1910500
14221,1911000
14222,2002800
14223,2147100
14224,2629800
14225,2850800
14226,2151900
14227,1967800
14228,2764300
14229,2331300
14230,2152700
14231,2513100
14232,2610600
14233,3190000
14234,2375600
14235,1959700
14236,1830300
14237,1891100
14238,2419200
14239,2595000
14240,2209500
14241,2263200
14242,2570600
14243,2314400
14244,2478800
14245,2526200
14246,3050000
14247,3345400
14248,2931700
14249,2191000
14250,2301200
14251,2489100
14252,2261700
14253,2120500
14254,2183600
14255,2614200
14256,2066000
14257,1870300
14258,1682800
14259,2360200
14260,2485300
14261,1887800
14262,1955300
14263,2045700
14264,2464200
14265,2972700
14266,2265300
14267,2027100
14268,1716000
14269,1944000
14270,2018200
14271,2667400
14272,2102700
14273,2085800
14274,2206300
14275,2267500
14276,2079200
14277,2110700
14278,3411400
14279,2295100
14280,2038600
14281,2223300
14282,3086800
14283,2513900
14284,2581100
14285,2514300
14286,2662700
14287,2614400
14288,2076700
14289,1794100
14290,1918500
14291,2437400
14292,2283500
14293,2612000
14294,2238500
14295,2810600
14296,3859800
14297,2585900
14298,1866100
14299,1882700
14300,1921400
14301,1826100
14302,2240200
14303,2389300
14304,2532600
14305,2323700
14306,2044500
14307,2058500
14308,2148600
14309,3519400
14310,2466400
14311,2129000
14312,1836100
14313,2032600
14314,1886200
14315,1842400
14316,2007000
14317,2261900
14318,2828100
14319,2099700
14320,1780700
14321,1672200
14322,2228000
14323,1999800
14324,1871200
14325,2098200
14326,2760800
14327,2232100
14328,2817300
14329,1920500
14330,1715400
14331,1856200
14332,2006800
14333,2398700
14334,2169400
14335,2052400
14336,2164400
14337,2021900
14338,2015800
14339,1929200
14340,2968300
14341,3421400
14342,2180900
14343,1927200
14344,2059900
14345,1894100
14346,1910600
14347,2229300
14348,2438300
14349,2157100
14350,2544800
14351,1828400
14352,1766300
14353,1769900
14354,2057200
14355,2612800
14356,2929500
14357,2360500
14358,3384200
14359,3214700
14360,3016000
14361,2852400
14362,2929900
14363,2508800
14364,2401000
14365,2521800
14366,2301900
14367,2408700
14368,2691100
14369,2364600
14370,3333400
14371,2306000
14372,2190500
14373,1903000
14374,1833700
14375,2258900
14376,1980800
14377,2019300
14378,2062900
14379,2185900
14380,2705600
14381,1919300
14382,1678400
14383,2501100
14384,2223300
14385,1991300
14386,1884400
14387,2413800
14388,2357900
14389,2809000
14390,2672700
14391,1858800
14392,1721500
14393,1658500
14394,2159200
14395,2078700
14396,1905400
14397,2125800
14398,2290600
14399,2628600
14400,2185500
14401,2218200
14402,2306400
14403,2419800
14404,3287900
14405,2832100
14406,2030500
14407,1756300
14408,1896000
14409,2076600
14410,1979900
14411,1917300
14412,1994400
14413,2368400
14414,3050800
14415,2356900
14416,1994500
14417,1985500
14418,2345700
14419,2306100
14420,2526600
14421,2645700
14422,2888000
14423,3764700
14424,2553500
14425,2048000
14426,2495000
14427,2647500
14428,3309900
14429,3048500
14430,3342000
14431,2552900
14432,2815100
14433,2381900
14434,2213600
14435,2666700
14436,3021500
14437,2026000
14438,2099200
14439,2404600
14440,2373300
14441,2062400
14442,1994600
14443,2101700
14444,2125500
14445,2783400
14446,2667100
14447,2747800
14448,2325300
14449,2473000
14450,2310000
14451,2327700
14452,2195100
14453,3392800
14454,2705700
14455,1881300
14456,1675600
14457,1930400
14458,1901300
14459,1794900
14460,2551100
14461,2686100
14462,2163900
14463,2157400
14464,2021200
14465,2360100
14466,2701500
14467,2945300
14468,2381600
14469,1766700
14470,1636000
14471,1749000
14472,1795000
14473,2018800
14474,1982700
14475,2471400
14476,2663200
14477,2629600
14478,1882600
14479,1793400
14480,1786800
14481,1924400
14482,2331000
14483,2266200
14484,2288400
14485,2410200
14486,2768800
14487,2144800
14488,1660600
14489,1954300
14490,2086400
14491,2448400
14492,2197500
14493,2043900
14494,2243400
14495,2183800
14496,2322800
14497,2510000
14498,3625500
14499,2908500
14500,2003800
14501,1997500
14502,1921100
14503,2343000
14504,2207300
14505,2326900
14506,2601100
14507,2339100
14508,1857600
14509,1823200
14510,1933600
14511,2027300
14512,2183600
14513,2433500
14514,2222400
14515,2802100
14516,2491600
14517,2026300
14518,1970700
14519,1807200
14520,2280400
14521,2374300
14522,2139700
14523,2065600
14524,2114300
14525,2157300
14526,2076400
14527,2430600
14528,2999000
14529,2605000
14530,1899100
14531,1908800
14532,2379300
14533,2286600
14534,2035500
14535,2460600
14536,2644400
14537,2798400
14538,2903500
14539,2254800
14540,2105300
14541,1782400
14542,2015500
14543,2251000
14544,2104500
14545,2066300
14546,2166300
14547,2492700
14548,2164900
14549,2505600
14550,2614500
14551,2061400
14552,2127500
14553,2000400
14554,2072200
14555,1944800
14556,2155400
14557,2221700
14558,2441600
14559,2595400
14560,2572700
14561,2337300
14562,2468100
14563,1736200
14564,1950200
14565,2058400
14566,2428900
14567,2144600
14568,2096700
14569,2405800
14570,2168600
14571,1776900
14572,1849700
14573,2549400
14574,1954000
14575,1976600
14576,1955900
14577,2207600
14578,3240600
14579,2366200
14580,2296600
14581,1992600
14582,1975700
14583,2022300
14584,2227200
14585,2416600
14586,2180200
14587,2299500
14588,2265800
14589,2124200
14590,3473000
14591,2266900
14592,2007400
14593,1807100
14594,2355700
14595,2067800
14596,1926400
14597,2124100
14598,2489100
14599,2617600
14600,1981800
14601,1722000
14602,1961500
14603,2279900
14604,2038300
14605,1914700
14606,2093000
14607,2249200
14608,2875800
14609,2859100
14610,2417100
14611,2141100
14612,2396100
14613,2424500
14614,2267300
14615,2913100
14616,2747300
14617,2444400
14618,2389700
14619,2176400
14620,2279500
14621,3432200
14622,3104500
14623,3032000
14624,2320800
14625,1954600
14626,1963200
14627,2114700
14628,2318500
14629,2672900
14630,2167000
14631,1807600
14632,1844300
14633,1980100
14634,1902100
14635,2281400
14636,2204900
14637,2180700
14638,2845000
14639,2577100
14640,1922700
14641,1717800
14642,2015600
14643,1947600
14644,1921300
14645,1853100
14646,2235600
14647,2322500
14648,2135500
14649,2169900
14650,2164300
14651,2151400
14652,2839800
14653,2964800
14654,2153000
14655,1752600
14656,2182200
14657,2091600
14658,1900200
14659,1956200
14660,2090400
14661,2766300
14662,2542100
14663,2088200
14664,2220400
14665,2691700
14666,2639800
14667,2565300
14668,2604500
14669,2691000
14670,3106400
14671,2539400
14672,1955100
14673,1826900
14674,1926800
14675,3194200
14676,2400700
14677,2239500
14678,2316300
14679,2368300
14680,2561500
14681,2691700
14682,2598900
14683,3388200
14684,3023500
14685,2229200
14686,2115700
14687,2462500
14688,2537900
14689,2269700
14690,2277900
14691,2228800
14692,2683700
14693,2668500
14694,2280000
14695,2472000
14696,2342800
14697,2257500
14698,2334700
14699,2296800
14700,2357900
14701,3098300
14702,3043000
14703,2006200
14704,1790600
14705,1928400
14706,1946200
14707,1886400
14708,2135400
14709,2397300
14710,2097000
14711,2158500
14712,2033000
14713,2110700
14714,2343000
14715,3146200
14716,2357400
14717,2186100
14718,1835700
14719,2100400
14720,1963900
14721,2014500
14722,2311700
14723,2426600
14724,2798900
14725,1865200
14726,1783300
14727,1638300
14728,1831600
14729,2062200
14730,2280100
14731,2044600
14732,2473800
14733,3151600
14734,2427900
14735,1844100
14736,1763800
14737,2380900
14738,2177200
14739,2631300
14740,2809400
14741,2675700
14742,2445900
14743,2324200
14744,2192200
14745,2066600
14746,3181000
14747,2989700
14748,2143800
14749,1842500
14750,1824400
14751,1659300
14752,1892100
14753,1924300
14754,2240400
14755,2028700
14756,2233300
14757,2643100
14758,2745000
14759,1828500
14760,1794800
14761,2239400
14762,2184200
14763,2135200
14764,2190200
14765,2441600
14766,2952800
14767,2202000
14768,1981200
14769,2020900
14770,2118400
14771,2228200
14772,1975800
14773,2013600
14774,2205100
14775,2018900
14776,2160400
14777,2244700
14778,2334600
14779,3182200
14780,2809200
14781,2091400
14782,2148400
14783,2734400
14784,2662100
14785,2651500
14786,2569400
14787,2624000
14788,2870500
14789,2070800
14790,2001200
14791,2477700
14792,2740200
14793,2238100
14794,2293100
14795,2357400
14796,3015200
14797,3938300
14798,2140000
14799,1906200
14800,1723900
14801,2005500
14802,1904300
14803,2045200
14804,2853300
14805,2314200
14806,2089200
14807,2080700
14808,2201300
14809,3782400
14810,2369700
14811,2524300
14812,1989400
14813,2177600
14814,1891900
14815,1950900
14816,1999900
14817,2420500
14818,3078300
14819,2163100
14820,1850100
14821,1722300
14822,2149900
14823,1928900
14824,1934700
14825,2468700
14826,2406400
14827,2929600
14828,2378600
14829,1971700
14830,1825000
14831,1976700
14832,2126500
14833,2113200
14834,2181000
14835,2415100
14836,2115300
14837,2042300
14838,2021700
14839,2072400
14840,2627000
14841,3476200
14842,2130600
14843,1916200
14844,1720500
14845,2009400
14846,1943900
14847,2499900
14848,2492700
14849,2794800
14850,2985300
14851,2199900
14852,1929800
14853,1915500
14854,2360000
14855,2225700
14856,2380600
14857,2435700
14858,2938200
14859,3899200
14860,2921700
14861,2534900
14862,3485200
14863,2830400
14864,2922600
14865,3828700
14866,3965500
14867,3488600
14868,3487900
14869,3366800
14870,2761500
14871,3975400
14872,3033800
14873,2523300
14874,2448100
14875,2639800
14876,2347300
14877,2532500
14878,2506100
14879,3002100
14880,3333700
14881,2049300
14882,1869200
14883,1790400
14884,2494500
14885,2188200
14886,2079900
14887,2238700
14888,2348800
14889,3125600
14890,2101200
14891,1882200
14892,2030300
14893,1916300
14894,2334000
14895,2138700
14896,2105900
14897,2115700
14898,2387200
14899,2212500
14900,2496200
14901,2199300
14902,2164500
14903,3438200
14904,2235400
14905,2038900
14906,1964300
14907,2235600
14908,2193600
14909,2003500
14910,2086400
14911,2196100
14912,2273200
14913,2645000
14914,2534500
14915,2011400
14916,2064500
14917,1981200
14918,1986300
14919,1967400
14920,2027500
14921,2468400
14922,3702200
14923,2368600
14924,1945700
14925,1787600
14926,2085000
14927,2123200
14928,2103500
14929,2798700
14930,2433200
14931,2153000
14932,2015100
14933,2145600
14934,2564100
14935,3862600
14936,2449800
14937,2031300
14938,1911100
14939,1930900
14940,2136900
14941,2052500
14942,2169200
14943,3257300
14944,2901800
14945,2035000
14946,2043900
14947,2271400
14948,2520300
14949,2989000
14950,2777500
14951,2435700
14952,2767300
14953,2910600
14954,1986400
14955,1972000
14956,2410500
14957,2461200
14958,2161300
14959,2310400
14960,2152100
14961,2155800
14962,2236700
14963,2090700
14964,2437800
14965,2300900
14966,3216200
14967,2439000
14968,2240600
14969,1876200
14970,2079000
14971,2190600
14972,1986800
14973,2111000
14974,2289900
14975,2079000
14976,2616800
14977,1916100
14978,1810100
14979,1948800
14980,2081500
14981,1956600
14982,1994100
14983,2531900
14984,2262600
14985,2409800
14986,3324100
14987,2204500
14988,1853200
14989,2139900
14990,2310800
14991,2420400
14992,2322700
14993,3354800
14994,2454800
14995,2323600
14996,2525500
14997,2283800
14998,2929600
14999,3735500
15000,2453400
15001,2139100
15002,2345500
15003,2391600
15004,2093500
15005,2455800
15006,2992600
15007,3006600
15008,2400400
15009,2012700
15010,1999600
15011,2275900
15012,2097800
15013,2174900
15014,2282300
15015,2313300
15016,2628300
15017,2555600
15018,1968200
15019,1714200
15020,1964100
15021,2090200
15022,1895100
15023,2474800
15024,2270400
15025,2155500
15026,2134000
15027,2052600
15028,2264700
15029,3206300
15030,3014100
15031,2101400
15032,2127700
15033,2194300
15034,2160000
15035,2457100
15036,2830100
15037,2752900
15038,2722000
15039,2160100
15040,1802700
15041,1719800
15042,1663800
15043,2087200
15044,2176100
15045,1952600
15046,1964900
15047,1963500
15048,2073400
15049,2700300
15050,2807200
15051,2058200
15052,1907200
15053,2065800
15054,1933700
15055,2001600
15056,2061800
15057,2213700
15058,3024700
15059,2900000
15060,2228600
15061,2216800
15062,2731200
15063,3041900
15064,2216200
15065,2211300
15066,1871400
15067,2052800
15068,1924200
15069,2137600
15070,2181500
15071,2422400
15072,2473400
15073,2016300
15074,1714900
15075,1905100
15076,1894600
15077,1962500
15078,2016600
15079,2332800
15080,3624800
15081,4298800
15082,2788400
15083,2035900
15084,2118000
15085,2733000
15086,3947300
15087,3204200
15088,2218800
15089,2257900
15090,2362300
15091,2396000
15092,3744300
15093,3683400
15094,2765100
15095,2360700
15096,2291000
15097,2164700
15098,2307900
15099,2547900
15100,2617200
15101,2843100
15102,2312600
15103,2055200
15104,1911800
15105,2766700
15106,2193900
15107,2235000
15108,2257200
15109,2975100
15110,3580800
15111,2664500
15112,2090500
15113,1988700
15114,2276400
15115,2206100
15116,2200800
15117,2294400
15118,2795800
15119,2543700
15120,2211700
15121,2309600
15122,2833000
15123,3428900
15124,2487300
15125,3068200
15126,2722300
15127,2794700
15128,2666200
15129,2812600
15130,3478000
15131,3798000
15132,2328300
15133,2117900
15134,3296000
15135,3599400
15136,3445900
15137,2555400
15138,3536800
15139,4184800
15140,4020100
15141,2723500
15142,2176700
15143,2459900
15144,2138500
15145,2360600
15146,2442600
15147,2524900
15148,2653100
15149,3230700
15150,3835700
15151,4090200
15152,3641700
15153,3286600
15154,3224500
15155,2900000
15156,2588000
15157,2609400
15158,3291900
15159,4345200
15160,4808700
15161,3558100
15162,3255400
15163,4017900
15164,3520500
15165,3122600
15166,3217600
15167,3317200
15168,2270900
15169,3045000
15170,3488200
15171,2835700
15172,2297400
15173,2590200
15174,2522000
15175,2353700
15176,2479200
15177,2288300
15178,2462600
15179,3803400
15180,3236500
15181,3122700
15182,3439100
15183,2555000
15184,3317200
15185,2841400
15186,2481700
15187,2796700
15188,2039500
15189,2016900
15190,2482400
15191,4027000
15192,3695800
15193,3688900
15194,2750600
15195,3245700
15196,4401700
15197,2706500
15198,1917300
15199,2050700
15200,2391700
15201,3597600
15202,4067000
15203,3310400
15204,2408900
15205,2491300
15206,2229200
15207,2466900
15208,3933100
15209,2462000
15210,1999400
15211,2334700
15212,2327900
15213,2145600
15214,2141300
15215,2485300
15216,2724000
15217,3222900
15218,3675600
15219,3141000
15220,2772400
15221,2324800
15222,2198800
15223,3007600
15224,3741800
15225,4031400
15226,3442700
15227,2420700
15228,2264500
15229,2304200
15230,2109200
15231,2104200
15232,2469000
15233,2664900
15234,2690400
15235,3419400
15236,3876900
15237,3411300
15238,4741200
15239,3174800
15240,3856600
15241,4456800
15242,4334200
15243,4251500
15244,4656800
15245,3565400
15246,5009200
15247,4577900
15248,4830600
15249,4189700
15250,5675800
15251,5407100
15252,5963800
15253,6162900
15254,4481000
15255,4128000
15256,4235500
15257,5138400
15258,2828200
15259,2451300
15260,2675400
15261,4280700
15262,3930700
15263,3408300
15264,2389800
15265,2364300
15266,3561800
15267,2678300
15268,2179200
15269,1836100
15270,1984400
15271,2416200
15272,3584700
15273,3827600
15274,2659300
15275,2680600
15276,2086400
15277,1871700
15278,1935200
15279,2128300
15280,2059000
15281,1900400
15282,2077500
15283,2187700
15284,2879300
15285,3717700
15286,3564500
15287,2623800
15288,2215000
15289,2300100
15290,2244600
15291,2100500
15292,2170000
15293,2162400
15294,2125200
15295,2209300
15296,3596600
15297,2519300
15298,2177900
15299,2363800
15300,2653600
15301,2278100
15302,2575000
15303,2783100
15304,2521600
15305,3065100
15306,2227600
15307,2683600
15308,3423800
15309,2660800
15310,3091800
15311,3673500
15312,2996200
15313,2884700
15314,2564700
15315,1846600
15316,1886900
15317,1884700
15318,2269300
15319,2002500
15320,1967000
15321,2370200
15322,2092300
15323,2136900
15324,2140300
15325,2204300
15326,2925400
15327,3236200
15328,2125600
15329,2413400
15330,2981100
15331,2952200
15332,2624200
15333,2022800
15334,2577200
15335,4127600
15336,2998300
15337,1836900
15338,2223500
15339,2109300
15340,2629100
15341,3410600
15342,3416300
15343,2513200
15344,3239800
15345,2101000
15346,1847200
15347,1700700
15348,1822800
15349,1905200
15350,1734900
15351,1954000
15352,2558800
15353,2945800
15354,3518500
15355,3465500
15356,2136000
15357,2379800
15358,3422500
15359,3084500
15360,2507600
15361,2345000
15362,2240800
15363,2024900
15364,2343600
15365,3432100
15366,3923500
15367,4706700
15368,2505800
15369,2747600
15370,2405400
15371,2175600
15372,2439500
15373,2547400
15374,2470100
15375,3298200
15376,3364200
15377,2899900
15378,3906600
15379,3477600
15380,2375200
15381,2586000
15382,2486300
15383,2213500
15384,2298800
15385,2322800
15386,2224300
15387,3331700
15388,4690300
15389,3007100
15390,2120500
15391,2083200
15392,2550900
15393,3299700
15394,3824100
15395,3351700
15396,2720300
15397,2082300
15398,2760500
15399,3020600
15400,2988700
15401,2000100
15402,1943700
15403,2074600
15404,2595100
15405,3141700
15406,2621400
15407,1889700
15408,1779600
15409,1676200
15410,1792800
15411,2587300
15412,3400600
15413,3560600
15414,3133500
15415,2113500
15416,2370600
15417,2645200
15418,2539200
15419,3793800
15420,2654200
15421,2166500
15422,1935500
15423,3095700
15424,3026200
15425,2797000
15426,2162200
15427,2370000
15428,2716300
15429,2883500
15430,2571000
15431,2365000
15432,2363400
15433,1951600
15434,2053600
15435,2686900
15436,3825800
15437,3942200
15438,2456300
15439,2016300
15440,2219200
15441,2028800
15442,1995500
15443,2002200
15444,2028800
15445,2320900
15446,2275600
15447,2118700
15448,2600700
15449,4615600
15450,4955000
15451,3323100
15452,2995900
15453,2757000
15454,2469600
15455,3573100
15456,4602400
15457,3523200
15458,3583000
15459,3382800
15460,2864200
15461,4165100
15462,2319800
15463,2267400
15464,2805900
15465,2966000
15466,2849700
15467,3580300
15468,3413500
15469,3452100
15470,3068600
15471,2878600
15472,2947400
15473,3002100
15474,4369400
15475,4758300
15476,3789000
15477,2674000
15478,3838600
15479,4120800
15480,2777800
15481,3208200
15482,2245200
15483,2337700
15484,1951400
15485,2031200
15486,2260000
15487,2795600
15488,2971200
15489,3032900
15490,2908600
15491,2402300
15492,2638700
15493,2648300
15494,3607600
15495,3513000
15496,2714500
15497,2156700
15498,2621100
15499,4090900
15500,4028900
15501,2887300
15502,2086500
15503,2520600
15504,3931100
15505,3699900
15506,2776400
15507,2699400
15508,2766300
15509,3159100
15510,4479600
15511,3277100
15512,2035600
15513,2214100
15514,3682000
15515,4130700
15516,4390300
15517,2696200
15518,3156000
15519,3002400
15520,2618500
15521,2312800
15522,2159200
15523,2196600
15524,2817600
15525,3385000
15526,4332800
15527,3512100
15528,2127400
15529,2417600
15530,3949800
15531,4014300
15532,2601700
15533,2637400
15534,2491600
15535,2715600
15536,2798700
15537,4675400
15538,5752000
15539,4412100
15540,4059100
15541,5099300
15542,4480500
15543,2583600
15544,2464600
15545,3382300
15546,2939100
15547,2898200
15548,3098000
15549,3678500
15550,2784700
15551,2618900
15552,3288500
15553,4322100
15554,4294100
15555,2708100
15556,2768300
15557,2193600
15558,2780200
15559,2330400
15560,2085300
15561,2101900
15562,2259500
15563,2481800
15564,3084700
15565,2790100
15566,2366800
15567,2130900
15568,1883400
15569,2027100
15570,1912400
15571,1818200
15572,1648000
15573,1846800
15574,1859900
15575,1818400
15576,2157500
15577,2369600
15578,3123300
15579,2956300
15580,2770800
15581,1834100
15582,1878100
15583,1955500
15584,2019900
15585,2559700
15586,2595600
15587,2184700
15588,2065900
15589,2847300
15590,3053200
15591,2154700
15592,2146700
15593,2033400
15594,1952100
15595,2011700
15596,2060000
15597,2430400
15598,2703300
15599,3979800
15600,3118600
15601,2679700
15602,1934200
15603,2369100
15604,2091400
15605,1968800
15606,2150800
15607,2460700
15608,1832900
15609,1826700
15610,1927900
15611,3100700
15612,3232900
15613,3352300
15614,2015000
15615,2020700
15616,2137800
15617,2856700
15618,2904300
15619,2976600
15620,2377100
15621,2500600
15622,2112700
15623,2037400
15624,1867500
15625,1791500
15626,1739500
15627,2181500
15628,2076400
15629,2034600
15630,2330600
15631,2623100
15632,2515000
15633,2453700
15634,2115900
15635,1952600
15636,1863100
15637,2341700
15638,2970600
15639,2730000
15640,2284400
15641,1940200
15642,2035000
15643,1872100
15644,2210000
15645,2624600
15646,2659600
15647,2475700
15648,2249500
15649,2221200
15650,1897400
15651,2114800
15652,2391500
15653,2106100
15654,1673000
15655,1774500
15656,1775500
15657,2343400
15658,2010800
15659,1881800
15660,1876000
15661,2196100
15662,2046400
15663,1806500
15664,1661600
15665,1719500
15666,1796300
15667,1972300
15668,2320900
15669,2944400
15670,3000600
15671,1941900
15672,1989200
15673,2802900
15674,2039600
15675,2758800
15676,2677200
15677,2112000
15678,1716100
15679,1966300
15680,1943600
15681,2354600
15682,3146400
15683,2963100
15684,2309700
15685,2216900
15686,2442200
15687,2399200
15688,2839900
15689,2564100
15690,2328500
15691,1778300
15692,1904900
15693,1984300
15694,2753600
15695,3043500
15696,2449200
15697,2054900
15698,1751700
15699,1801900
15700,1805100
15701,2073500
15702,2240500
15703,2102800
15704,2360600
15705,1811200
15706,1845600
15707,1892900
15708,1758400
15709,1733700
15710,2494500
15711,2932200
15712,2854300
15713,2202500
15714,1932300
15715,1913800
15716,2052400
15717,3810600
15718,3866800
15719,2213200
15720,2080000
15721,1812200
15722,2231700
15723,3351200
15724,3093500
15725,2406900
15726,2174600
15727,1868700
15728,1923300
15729,2501900
15730,3847400
15731,3104800
15732,1978000
15733,2046900
15734,2103200
15735,2592300
15736,1739300
15737,1882900
15738,1851700
15739,1856600
15740,1890500
15741,1797300
15742,2002100
15743,2480400
15744,3952700
15745,3965300
15746,2895500
15747,2487800
15748,2934600
15749,2533900
15750,2144500
15751,1990500
15752,2238500
15753,2137000
15754,3083800
15755,3791300
15756,3635000
15757,3079400
15758,1921000
15759,2473700
15760,3353300
15761,3266300
15762,2815800
15763,2285900
15764,2573500
15765,2962600
15766,3064700
15767,2554500
15768,2410100
15769,2114300
15770,1876300
15771,2275500
15772,3103300
15773,3105600
15774,2479500
15775,2129100
15776,2259100
15777,2444800
15778,2227100
15779,1709700
15780,1640000
15781,1731600
15782,1978300
15783,1894000
15784,2163000
15785,2079100
15786,2788300
15787,3194600
15788,2455500
15789,1672800
15790,1827300
15791,2068900
15792,1977800
15793,2601300
15794,2801300
15795,2786800
15796,2322100
15797,1774400
15798,2246300
15799,2083700
15800,2979900
15801,2639300
15802,2306800
15803,1889400
15804,1895000
15805,2168800
15806,2447200
15807,1941800
15808,2111600
15809,2299300
15810,2150400
15811,1707200
15812,1697100
15813,1752200
15814,2773100
15815,3345200
15816,3106000
15817,2637900
15818,1896800
15819,2099700
15820,2075900
15821,1912700
15822,1735600
15823,1755800
15824,1711800
15825,1907300
15826,2078600
15827,2119100
15828,2487300
15829,3691700
15830,2597000
15831,2257400
15832,1920700
15833,1710100
15834,1830400
15835,2403600
15836,2186400
15837,1873600
15838,1858100
15839,1926300
15840,1970000
15841,2249200
15842,2119400
15843,2510900
15844,3866000
15845,2757800
15846,1800900
15847,1940700
15848,1878900
15849,2024500
15850,2087900
15851,1807900
15852,1808600
15853,1776200
15854,1800100
15855,1756900
15856,1768500
15857,2088000
15858,3058100
15859,3409700
15860,3237400
15861,1712300
15862,1616000
15863,1920100
15864,1815300
15865,1759000
15866,1788500
15867,2016000
15868,1977600
15869,1876700
15870,1883400
15871,1794900
15872,2366300
15873,2681900
15874,2356300
15875,1981100
15876,1764600
15877,1732900
15878,1680000
15879,1942500
15880,2803100
15881,2920000
15882,3070000
15883,2263700
15884,1795600
15885,1668100
15886,2071200
15887,3307500
15888,2651800
15889,2287600
15890,2137600
15891,2081900
15892,2532500
15893,2508600
15894,2797100
15895,2531100
15896,1917300
15897,1957200
15898,1842600
15899,1873800
15900,1986600
15901,2042300
15902,1868200
15903,2029500
15904,2083900
15905,2957800
15906,2044900
15907,1932500
15908,2754100
15909,2882700
15910,2209100
15911,1899100
15912,2134000
15913,2077400
15914,2332900
15915,1804900
15916,1639000
15917,1738400
15918,1917100
15919,1833200
15920,1962200
15921,2049600
15922,2268400
15923,3360200
15924,2778800
15925,2135500
15926,1892000
15927,1926800
15928,2242200
15929,1995600
15930,2032400
15931,1918500
15932,1937600
15933,1934900
15934,1838600
15935,2936000
15936,2819300
15937,1879400
15938,1621700
15939,1797500
15940,1944600
15941,1908500
15942,1764900
15943,1907400
15944,2498900
15945,3240300
15946,2928100
15947,3592400
15948,2292200
15949,1992800
15950,2337600
15951,3446400
15952,3356100
15953,2702700
15954,1777000
15955,1783300
15956,2201700
15957,2934400
15958,2886100
15959,2729300
15960,1848200
15961,1909100
15962,1869800
15963,2355500
15964,2663100
15965,2249600
15966,2864600
15967,2325500
15968,1975800
15969,2214500
15970,3216100
15971,3365100
15972,2655700
15973,2031700
15974,1882800
15975,2135500
15976,1788200
15977,1695900
15978,2237700
15979,2056600
15980,1829200
15981,1866900
15982,1903900
15983,2082300
15984,2659200
15985,2964600
15986,2788100
15987,2259000
15988,1979100
15989,1902400
15990,2138600
15991,2927800
15992,3224700
15993,2954200
15994,1897400
15995,1886000
15996,2003100
15997,2807600
15998,1900300
15999,1747200
16000,2177500
16001,1997000
16002,1850500
16003,1756000
16004,1946000
16005,2732900
16006,3153600
16007,2750700
16008,1952200
16009,1908200
16010,1842700
16011,1951500
16012,2013100
16013,1974600
16014,1952800
16015,2777100
16016,1932000
16017,1693300
16018,1625400
16019,1926800
16020,2798300
16021,3188300
16022,3008400
16023,2122500
16024,2208700
16025,2324900
16026,2512900
16027,2535100
16028,3033000
16029,2658800
16030,1995400
16031,1773600
16032,1961300
16033,2708500
16034,2741100
16035,2487500
16036,2071600
16037,2522100
16038,1792500
16039,2395000
16040,2644100
16041,2588500
16042,2010000
16043,1855500
16044,2041800
16045,2073300
16046,2491300
16047,2850800
16048,2353700
16049,2212200
16050,1858000
16051,1974400
16052,1976700
16053,3019700
16054,3288100
16055,3454000
16056,2679800
16057,2163100
16058,2409700
16059,2698600
16060,1979800
16061,1909900
16062,1767900
16063,1806600
16064,1880800
16065,2035000
16066,2884300
16067,3640500
16068,3042200
16069,2101000
16070,1851900
16071,1684100
16072,2234600
16073,2167000
16074,1838400
16075,1839100
16076,1861400
16077,1843800
16078,2318800
16079,1761600
16080,2044600
16081,3070300
16082,3242500
16083,2676900
16084,1949300
16085,1863200
16086,1817600
16087,2262200
16088,2065300
16089,2000600
16090,1980400
16091,2658200
16092,1948500
16093,1664100
16094,1814300
16095,2567500
16096,3699600
16097,2735400
16098,1977200
16099,1905800
16100,2071600
16101,2058900
16102,3346500
16103,3136600
16104,2163000
16105,1843900
16106,1908900
16107,2026500
16108,3031500
16109,3343400
16110,2743300
16111,2067700
16112,1717500
16113,1757100
16114,1908900
16115,2867800
16116,3271800
16117,2720500
16118,1920600
16119,1845400
16120,2061200
16121,2660100
16122,2408200
16123,1817400
16124,1803900
16125,1896800
16126,1877000
16127,1900800
16128,1950000
16129,2350100
16130,3097300
16131,3159900
16132,2244500
16133,1907200
16134,1803900
16135,1925300
16136,1861400
16137,1894100
16138,2010900
16139,2232500
16140,2713200
16141,1730500
16142,1689700
16143,1941000
16144,3091300
16145,2534000
16146,2181500
16147,2207000
16148,2032600
16149,1880300
16150,2203900
16151,3180500
16152,2870300
16153,3334200
16154,2242400
16155,1802300
16156,1905200
16157,2689700
16158,2446000
16159,2227000
16160,1948900
16161,2108000
16162,2256900
16163,2355500
16164,2849600
16165,2385700
16166,2009500
16167,1999800
16168,2184500
16169,1985600
16170,2134400
16171,2489900
16172,3432800
16173,2479700
16174,1788800
16175,2292200
16176,1990600
16177,2091400
16178,3282400
16179,3048100
16180,2383500
16181,1847800
16182,2140000
16183,2056400
16184,2604100
16185,3012600
16186,2595500
16187,2023100
16188,1758200
16189,2320400
16190,2297100
16191,3345600
16192,3423600
16193,2597600
16194,1944100
16195,2673000
16196,2164400
16197,1958000
16198,1962000
16199,2155500
16200,2198200
16201,2080000
16202,2394700
16203,2673300
16204,3605300
16205,3140100
16206,2573200
16207,2416200
16208,1775100
16209,2074800
16210,2308100
16211,1953800
16212,1878000
16213,1714600
16214,1934500
16215,1951800
16216,2200000
16217,2565100
16218,3226700
16219,2663600
16220,1922700
16221,1785700
16222,1740400
16223,1827600
16224,2283200
16225,3926600
16226,2878800
16227,2205500
16228,1825900
16229,1678100
16230,1871600
16231,1933600
16232,2287600
16233,2066000
16234,2277100
16235,1740000
16236,1617300
16237,1679700
16238,2204100
16239,2566400
16240,3692500
16241,3229000
16242,1906900
16243,2026000
16244,1864100
16245,2011700
16246,2048800
16247,2893300
16248,1945100
16249,1729200
16250,1678600
16251,1714900
16252,1828000
16253,2193900
16254,2942200
16255,3743900
16256,2320300
16257,1964000
16258,1667000
16259,1896100
16260,2887300
16261,3194100
16262,3206200
16263,2257500
16264,1975700
16265,2167800
16266,2952300
16267,2818700
16268,2885500
16269,2246600
16270,1933000
16271,1831700
16272,2572700
16273,3043700
16274,2932700
16275,2497800
16276,2067300
16277,1998500
16278,2387600
16279,2378500
16280,1830900
16281,1710700
16282,1585500
16283,2138300
16284,1914200
16285,1848600
16286,2007100
16287,2857900
16288,2929500
16289,2406600
16290,1933300
16291,1788300
16292,2016200
16293,2236600
16294,2441900
16295,2660700
16296,2203000
16297,1853300
16298,2368800
16299,2201100
16300,2279100
16301,2944300
16302,2709500
16303,2076200
16304,1757000
16305,2066000
16306,2022900
16307,2105400
16308,1632600
16309,1686400
16310,1574600
16311,1754100
16312,1576100
16313,1708000
16314,1825600
16315,2040700
16316,1801700
16317,1636500
16318,1619000
16319,1729200
16320,1648900
16321,1608900
16322,1572100
16323,1537600
16324,1898600
16325,2816000
16326,2627000
16327,2108800
16328,1767400
16329,1618900
16330,1535200
16331,1661400
16332,2053400
16333,1834900
16334,1834400
16335,1652600
16336,1690500
16337,1703700
16338,1653700
16339,1540900
16340,1717300
16341,1784300
16342,2953200
16343,2575400
16344,1926000
16345,1692100
16346,1689300
16347,1584400
16348,1559700
16349,1811400
16350,1679900
16351,2128900
16352,1799800
16353,1717600
16354,1778500
16355,1651200
16356,1753000
16357,1550100
16358,2233500
16359,2909100
16360,2758100
16361,1926500
16362,1605800
16363,1570100
16364,1578700
16365,1878000
16366,2488100
16367,2462900
16368,2723800
16369,1739300
16370,1627000
16371,1594000
16372,1632300
16373,1883200
16374,2298500
16375,2377000
16376,2449500
16377,1783000
16378,1676900
16379,1627100
16380,1586700
16381,2059500
16382,2807600
16383,2507000
16384,2881900
16385,1778700
16386,1777900
16387,1668600
16388,1714100
16389,1715300
16390,1649600
16391,1585600
16392,1587600
16393,1829500
16394,1765800
16395,1677200
16396,1621200
16397,1676000
16398,1773000
16399,2867300
16400,2395500
16401,1995200
16402,1772000
16403,1733400
16404,1647600
16405,1603500
16406,1923600
16407,2108800
16408,2287400
16409,1978500
16410,2402300
16411,2064200
16412,1779900
16413,1648600
16414,2064000
16415,2549800
16416,2477100
16417,1814800
16418,1769000
16419,1725400
16420,1749400
16421,1615100
16422,1891800
16423,2179000
16424,1842100
16425,1792200
16426,1731100
16427,1946600
16428,2437800
16429,1777600
16430,2002200
16431,1771100
16432,1761400
16433,1587200
16434,1710300
16435,1571500
16436,1565300
16437,1884500
16438,1705300
16439,1891000
16440,1662100
16441,1668500
16442,1775600
16443,1693200
16444,1622600
16445,1613000
16446,1702700
16447,2002800
16448,1958700
16449,2363200
16450,2500600
16451,2215000
16452,1644000
16453,1669300
16454,1599400
16455,1848800
16456,1893900
16457,2327300
16458,2501800
16459,2078800
16460,1601100
16461,1640300
16462,1633100
16463,1580800
16464,2318000
16465,1974700
16466,1698600
16467,1706300
16468,1550500
16469,1647200
16470,1655100
16471,1601300
16472,1654100
16473,1737100
16474,2807400
16475,2519500
16476,2252300
16477,1842000
16478,1631400
16479,1616800
16480,1598200
16481,1649300
16482,2089400
16483,1653100
16484,1742900
16485,1640100
16486,1599600
16487,1613000
16488,1594200
16489,1596400
16490,1635100
16491,1987700
16492,3113700
16493,2798500
16494,2381800
16495,1825200
16496,1735500
16497,1763300
16498,1607000
16499,2169300
16500,1893800
16501,1728700
16502,1635300
16503,1691100
16504,1571100
16505,1583400
16506,1608500
16507,1877900
16508,1625300
16509,1850000
16510,1752500
16511,1637500
16512,1564900
16513,1609000
16514,1584100
16515,1670900
16516,1652000
16517,1770900
16518,2801300
16519,3009800
16520,1982500
16521,1618200
16522,1610400
16523,1703900
16524,1605000
16525,1719100
16526,1715500
16527,1994500
16528,1870500
16529,1656600
16530,1646300
16531,1746900
16532,1606900
16533,1631900
16534,2164700
16535,2800300
16536,2881400
16537,2262300
16538,1660300
16539,1737500
16540,1608000
16541,1736400
16542,1723400
16543,1777500
16544,1725400
16545,1858300
16546,1839800
16547,1709200
16548,1680900
16549,1671900
16550,1902200
16551,1950600
16552,1777300
16553,1649200
16554,1662800
16555,1798800
16556,1620700
16557,1665700
16558,1647700
16559,2112100
16560,3093100
16561,2415600
16562,1985200
16563,1765400
16564,1625900
16565,1726200
16566,1908600
16567,1807200
16568,1579700
16569,1619700
16570,1629000
16571,1615300
16572,1822300
16573,1695400
16574,1671600
16575,1600000
16576,2125000
16577,2962900
16578,2326500
16579,1767600
16580,1826800
16581,1747600
16582,1632200
16583,1614000
16584,1682400
16585,1673300
16586,1798400
16587,1665300
16588,1635700
16589,1625100
16590,1882300
16591,1801200
16592,1700200
16593,1806000
16594,2808500
16595,2279400
16596,1906300
16597,1586100
16598,1610100
16599,1832800
16600,1693900
16601,1812400
16602,2673000
16603,2472200
16604,1995200
16605,1676800
16606,1616300
16607,1766100
16608,1690300
16609,1909900
16610,2525500
16611,2284200
16612,1910400
16613,1582300
16614,1715900
16615,1630800
16616,1856200
16617,2010400
16618,1886600
16619,1678300
16620,1744200
16621,1706400
16622,1710500
16623,1669600
16624,1580300
16625,1763300
16626,1886900
16627,1759100
16628,1619000
16629,1766200
16630,1540200
16631,1669500
16632,1550000
16633,1601900
16634,1595900
16635,1779600
16636,2645800
16637,2619500
16638,2278100
16639,1698200
16640,1671100
16641,1661200
16642,1659900
16643,1811800
16644,2755800
16645,2625900
16646,2198200
16647,1665800
16648,1633300
16649,1531400
16650,1632700
16651,1934100
16652,3205800
16653,2963500
16654,1991000
16655,1688300
16656,1574700
16657,1709600
16658,1594200
16659,1724000
16660,1819800
16661,1691800
16662,1662300
16663,1653700
16664,1645800
16665,1597800
16666,1665900
16667,1669000
16668,1831900
16669,2542600
16670,2946600
16671,2188600
16672,1666200
16673,1629000
16674,1706200
16675,1685900
16676,2055200
16677,2624100
16678,3255000
16679,2136600
16680,1650400
16681,1595800
16682,1691300
16683,1788000
16684,2642500
16685,2396800
16686,2319200
16687,1782900
16688,1660900
16689,1673800
16690,1685600
16691,1708700
16692,1926200
16693,1991300
16694,2316000
16695,2217600
16696,1871300
16697,1891100
16698,1771100
16699,1938700
16700,1899700
16701,1834100
16702,1704000
16703,2020600
16704,2022300
16705,1806200
16706,1836600
16707,2474300
16708,3260200
16709,2988400
16710,2819000
16711,1966700
16712,1794800
16713,1695000
16714,2433600
16715,2657200
16716,2316900
16717,1660100
16718,2018200
16719,1715900
16720,1587700
16721,1618100
16722,1593300
16723,1709700
16724,1560400
16725,1604900
16726,1553800
16727,1584800
16728,1825200
16729,1742600
16730,1701400
16731,2392900
16732,2612500
16733,2249500
16734,1713500
16735,1697900
16736,1915600
16737,2010800
16738,1729500
16739,2290800
16740,2549000
16741,2395200
16742,1619400
16743,1647300
16744,1691100
16745,1904000
16746,1656800
16747,2166700
16748,2614800
16749,2230900
16750,1644900
16751,1623700
16752,1581400
16753,1707800
16754,1926800
16755,1889700
16756,1653500
16757,1652400
16758,1617300
16759,1685600
16760,1752000
16761,1603900
16762,1700200
16763,1843400
16764,1852000
16765,1707600
16766,1640100
16767,1601500
16768,1577300
16769,1629200
16770,1702900
16771,1616800
16772,1669300
16773,2069900
16774,2697100
16775,2444700
16776,2072800
16777,1648100
16778,1719400
16779,1646000
16780,1591500
16781,2072700
16782,2955100
16783,2585600
16784,2175200
16785,1747700
16786,1632500
16787,1615500
16788,1576200
16789,2005100
16790,3463600
16791,2859000
16792,2434800
16793,1847200
16794,1681700
16795,1665100
16796,1985300
16797,2028600
16798,1732700
16799,1636400
16800,1681500
16801,1654000
16802,1754100
16803,1759300
16804,1629500
16805,1756400
16806,3319300
16807,3187100
16808,1822400
16809,1648200
16810,1737000
16811,1646600
16812,1659500
16813,1648000
16814,1650000
16815,1694000
16816,1800400
16817,1648000
16818,1565100
16819,1678600
16820,1561700
16821,1668900
16822,1925700
16823,2826100
16824,2973200
16825,2008200
16826,1714000
16827,1628400
16828,1664100
16829,1613000
16830,2152700
16831,2562300
16832,3027500
16833,1822900
16834,1731300
16835,1626300
16836,1564700
16837,1586900
16838,1730100
16839,1706600
16840,1686700
16841,2157200
16842,1757200
16843,1598100
16844,1567200
16845,1616500
16846,1785800
16847,2552400
16848,2319000
16849,2092200
16850,2201300
16851,1682800
16852,1575100
16853,1607000
16854,1744400
16855,2369200
16856,2389400
16857,2060600
16858,1858400
16859,1920200
16860,1731100
16861,1700100
16862,1886600
16863,2404300
16864,2342700
16865,2124600
16866,1808700
16867,1926700
16868,1647200
16869,1616900
16870,1632400
16871,1721900
16872,1653300
16873,1625000
16874,1572400
16875,1614500
16876,1710400
16877,1866300
16878,1741700
16879,1679700
16880,1825600
16881,2829100
16882,2383500
16883,1995700
16884,1653700
16885,1915300
16886,1661100
16887,1605500
16888,1797400
16889,2628500
16890,2442000
16891,1855600
16892,1606400
16893,1910300
16894,1826000
16895,1761300
16896,1857300
16897,2604400
16898,2287600
16899,2010200
16900,1640600
16901,1586500
16902,1813700
16903,1624600
16904,1958300
16905,2816300
16906,2422500
16907,2119700
16908,1548400
16909,1585700
16910,1900000
16911,2290400
16912,1833100
16913,1775700
16914,1652600
16915,1587800
16916,1645000
16917,1569700
16918,1607100
16919,1576200
16920,1947800
16921,1880900
16922,2617100
16923,2337800
16924,1955700
16925,1630200
16926,1669100
16927,1653300
16928,1729900
16929,1844300
16930,1801100
16931,1669600
16932,1601300
16933,1774700
16934,1615300
16935,1743500
16936,1582000
16937,1593600
16938,1687500
16939,2365100
16940,2556900
16941,2263200
16942,1632100
16943,1610600
16944,1547000
16945,1743900
16946,1732800
16947,3075900
16948,2635800
16949,2687300
16950,2778300
16951,2105300
16952,1759900
16953,1835200
16954,2012400
16955,1780300
16956,1665700
16957,1733000
16958,1704800
16959,1678100
16960,1700200
16961,1641700
16962,1830100
16963,2788600
16964,3286800
16965,2284300
16966,1797500
16967,1648100
16968,1606800
16969,1658100
16970,1726700
16971,1683100
16972,1887500
16973,1670700
16974,1630100
16975,1668500
16976,1596700
16977,1713500
16978,1587600
16979,1740200
16980,2641400
16981,2868200
16982,2193700
16983,1583300
16984,1605500
16985,1603100
16986,1616400
16987,1818400
16988,1770700
16989,1809200
16990,1820600
16991,1810100
16992,1588500
16993,1679400
16994,1623500
16995,1564900
16996,2128100
16997,2699300
16998,2449300
16999,2775000
17000,1682900
17001,1612000
17002,1701700
17003,1888400
17004,2548200
17005,2536000
17006,2302300
17007,1807300
17008,1759900
17009,1671200
17010,1628900
17011,1886500
17012,2630300
17013,2354700
17014,2128100
17015,1723500
17016,1796000
17017,1657800
17018,1639300
17019,1850300
17020,2662200
17021,2301700
17022,1985800
17023,1726300
17024,1768000
17025,1622800
17026,1550400
17027,1915300
17028,1705600
17029,1705800
17030,1543700
17031,1779800
17032,1685100
17033,1979500
17034,1982200
17035,1846900
17036,1851400
17037,1650600
17038,1725500
17039,1654300
17040,1617300
17041,1580300
17042,1735400
17043,1757600
17044,1757200
17045,1601300
17046,1670800
17047,1637300
17048,1676700
17049,1653100
17050,1618500
17051,1651200
17052,1875800
17053,1787200
17054,1891600
17055,2303800
17056,2371000
17057,2321800
17058,1691800
17059,1581000
17060,1655700
17061,1844900
17062,1954700
17063,2659200
17064,2771900
17065,2513100
17066,1664900
17067,1762800
17068,1693300
17069,1948400
17070,2046700
17071,1841400
17072,1695700
17073,1719800
17074,1784300
17075,1695200
17076,1736200
17077,1655400
17078,2071100
17079,2866500
17080,2821400
17081,2448500
17082,1670900
17083,1721700
17084,1636800
17085,1632600
17086,2124900
17087,2717100
17088,2452700
17089,1944700
17090,1590000
17091,1604100
17092,1690300
17093,1546500
17094,1655800
17095,2775200
17096,2727500
17097,2307500
17098,1717700
17099,1630000
17100,1548500
17101,1588900
17102,1795800
17103,3097900
17104,2642700
17105,2033000
17106,1590800
17107,1805000
17108,1623400
17109,1590000
17110,1680400
17111,2002000
17112,1712800
17113,1645700
17114,1688700
17115,1618700
17116,1632500
17117,1605900
17118,1593800
17119,2010700
17120,3194300
17121,2770000
17122,2155000
17123,1688400
17124,1695600
17125,1561700
17126,1575600
17127,1908300
17128,1747600
17129,1749800
17130,1692200
17131,1706200
17132,1681900
17133,1684200
17134,1577400
17135,1799500
17136,2008900
17137,2492600
17138,2502900
17139,2178100
17140,1818000
17141,1611400
17142,1564700
17143,1534200
17144,1769100
17145,1638900
17146,1642200
17147,1987300
17148,1934400
17149,1762000
17150,1677800
17151,1730800
17152,1613800
17153,1716900
17154,2558700
17155,2421200
17156,2261000
17157,1703600
17158,1740500
17159,1595800
17160,1642400
17161,1902300
17162,2641900
17163,2188000
17164,2200200
17165,1731300
17166,1754700
17167,1641900
17168,1607700
17169,1835600
17170,1669500
17171,1712100
17172,1660200
17173,1669700
17174,1809500
17175,1792800
17176,1831100
17177,1804500
17178,1745600
17179,2577100
17180,2256700
17181,1969300
17182,1645700
17183,1777000
17184,1664600
17185,1607200
17186,1779400
17187,1773400
17188,1700200
17189,1671700
17190,1659300
17191,1664500
17192,1742600
17193,1830500
17194,1687300
17195,1649300
17196,1683400
17197,1683600
17198,1611300
17199,1704400
17200,1705000
17201,1584400
17202,1757400
17203,1715800
17204,1683800
17205,2455200
17206,2711400
17207,2474900
17208,1632200
17209,1667100
17210,1677600
17211,1815700
17212,1690300
17213,1763700
17214,1636600
17215,1612600
17216,1511200
17217,1603600
17218,1592800
17219,1545600
17220,1687400
17221,1830200
17222,2173000
17223,3628500
17224,3578700
17225,2679600
17226,1875400
17227,1987500
17228,2110600
17229,2072600
17230,1810700
17231,2016100
17232,1805600
17233,1701800
17234,1864000
17235,1821300
17236,2522500
17237,3565000
17238,3184100
17239,2217700
17240,1723500
17241,1719400
17242,1829800
17243,2669900
17244,3389500
17245,3076500
17246,2009900
17247,1786300
17248,1623400
17249,1629100
17250,2761300
17251,3161900
17252,2329100
17253,1710100
17254,1633400
17255,1603600
17256,1559200
17257,1853300
17258,3214000
17259,2999600
17260,1966200
17261,1631000
17262,1805800
17263,1649700
17264,1546300
17265,1757600
17266,1765000
17267,1884300
17268,1683400
17269,1551100
17270,1552600
17271,1698300
17272,1637900
17273,1610800
17274,1853400
17275,2661300
17276,2727000
17277,2276600
17278,1720700
17279,1605100
17280,1721900
17281,1610700
17282,1771900
17283,1651700
17284,1594900
17285,1749700
17286,1756100
17287,1766300
17288,1583300
17289,1624200
17290,1611800
17291,1803000
17292,2496000
17293,2456900
17294,3123000
17295,1705200
17296,1651600
17297,1614300
17298,1688900
17299,1948000
17300,1684500
17301,1639400
17302,1822100
17303,1891400
17304,1717200
17305,1677800
17306,1674000
17307,1597400
17308,1722600
17309,1657700
17310,1661400
17311,1592000
17312,1900000
17313,2046800
17314,1645600
17315,1633700
17316,1597000
17317,1797600
17318,2976100
17319,2800500
17320,3180600
17321,1921700
17322,1670800
17323,1711300
17324,1774200
17325,1675500
17326,1702300
17327,1668600
17328,1608100
17329,1721600
17330,1778100
17331,1725900
17332,1694900
17333,1856300
17334,2480600
17335,2426300
17336,2045700
17337,1681900
17338,2005500
17339,1774700
17340,1611100
17341,1698200
17342,1774600
17343,1597500
17344,1641400
17345,1619700
17346,1603700
17347,1603300
17348,1756200
17349,1715700
17350,1670100
17351,1866900
17352,2077200
17353,2003800
17354,1761200
17355,1758100
17356,1776000
17357,2168500
17358,1845600
17359,2092100
17360,3213500
17361,2706100
17362,1969300
17363,1752100
17364,1941000
17365,1776800
17366,2076000
17367,2780600
17368,2578800
17369,2702100
17370,2032200
17371,1725100
17372,1965300
17373,1924100
17374,2680000
17375,2291500
17376,1859900
17377,1717300
17378,1585400
17379,1575500
17380,1823600
17381,2054700
17382,1774900
17383,1644900
17384,1687400
17385,1665000
17386,1634600
17387,1631400
17388,1508800
17389,1673200
17390,1823400
17391,2340600
17392,2624000
17393,2236400
17394,1756600
17395,1587300
17396,1609400
17397,1607000
17398,1701000
17399,2384300
17400,2818900
17401,2366300
17402,1767500
17403,1637300
17404,1590200
17405,1668500
17406,1592700
17407,2176700
17408,1843900
17409,1648400
17410,1689900
17411,1621000
17412,1645700
17413,1648400
17414,1600400
17415,1627500
17416,1961300
17417,3349000
17418,2639900
17419,2002600
17420,1595900
17421,1667200
17422,1643800
17423,1512900
17424,2221700
17425,2721600
17426,2358000
17427,1913800
17428,1641200
17429,1794500
17430,1633000
17431,1612700
17432,1722300
17433,1786300
17434,1675900
17435,2289400
17436,1719200
17437,1712500
17438,1585400
17439,1748800
17440,2049700
17441,2843900
17442,2906300
17443,2284500
17444,1621400
17445,1653400
17446,1622000
17447,1558800
17448,1906300
17449,2506300
17450,2361900
17451,2420800
17452,1646300
17453,1583600
17454,1588500
17455,1602200
17456,1772800
17457,1603400
17458,1613500
17459,1594100
17460,1713300
17461,1825700
17462,1718800
17463,1674500
17464,1686400
17465,1772900
17466,2737100
17467,2478500
17468,2345800
17469,1821500
17470,1698700
17471,1628000
17472,1652500
17473,1960800
17474,3262600
17475,2680300
17476,2529900
17477,2201800
17478,1895200
17479,1737800
17480,2263300
17481,2014100
17482,2476500
17483,2045100
17484,2086800
17485,1793400
17486,1662900
17487,1747100
17488,2428400
17489,2685900
17490,2225000
17491,1764100
17492,2012500
17493,1889100
17494,1706300
17495,1801600
17496,1668100
17497,1653500
17498,1653200
17499,1739600
17500,1600300
17501,1617500
17502,1912100
17503,1778400
17504,1806300
17505,2428100
17506,2425100
17507,2050500
17508,1558200
17509,1659300
17510,1636300
17511,1721700
17512,1778500
17513,1896700
17514,1742600
17515,1610800
17516,1813600
17517,1639300
17518,1641800
17519,1632400
17520,1724400
17521,1970400
17522,2182500
17523,1899500
17524,1612800
17525,1661000
17526,1645300
17527,1624500
17528,1571400
17529,1635200
17530,1788900
17531,2053200
17532,2979100
17533,2514900
17534,2010600
17535,1690100
17536,1679000
17537,1693400
17538,2100800
17539,2447300
17540,2540500
17541,2192300
17542,1797800
17543,1551900
17544,1603000
17545,1600000
17546,1709400
17547,2565800
17548,2519800
17549,2180500
17550,1619500
17551,1586700
17552,1577100
17553,1544500
17554,1762000
17555,2813600
17556,2878400
17557,2268400
17558,1666000
17559,1638000
17560,1601500
17561,1579800
17562,1776800
17563,2955300
17564,2625100
17565,1919100
17566,1605000
17567,1709800
17568,1726600
17569,1697000
17570,1726700
17571,1914000
17572,1924200
17573,1770400
17574,1595100
17575,1641600
17576,1627600
17577,1682100
17578,1558000
17579,1790900
17580,1661400
17581,1818100
17582,1953800
17583,1601900
17584,1636300
17585,1658900
17586,1640700
17587,1598600
17588,1929900
17589,2084000
17590,1906600
17591,1997000
17592,1711200
17593,1687800
17594,1710000
17595,1728900
17596,1814600
17597,2374900
17598,2959700
17599,2726500
17600,1958300
17601,1733000
17602,1726500
17603,1698900
17604,1908900
17605,2486400
17606,2251300
17607,2434000
17608,1852400
17609,1667800
17610,1688200
17611,1561700
17612,1816300
17613,2438400
17614,2458700
17615,2437400
17616,1911300
17617,1741100
17618,1794000
17619,1618700
17620,1767400
17621,2554000
17622,2299900
17623,2066500
17624,1858100
17625,1756500
17626,1595700
17627,1741000
17628,1842300
17629,2613900
17630,2417100
17631,2115100
17632,1913300
17633,1699300
17634,1623300
17635,1586900
17636,1794600
17637,1674000
17638,1789200
17639,1691500
17640,1633300
17641,1761700
17642,2018000
17643,1825900
17644,1682500
17645,1724300
17646,2784600
17647,2331900
17648,1863600
17649,1661000
17650,1700200
17651,1882500
17652,1662900
17653,1727300
17654,1726400
17655,1648900
17656,1728900
17657,1658700
17658,1682500
17659,1662700
17660,2027300
17661,1742200
17662,1650200
17663,1804300
17664,1588200
17665,1600200
17666,1611100
17667,1680500
17668,1623100
17669,1671600
17670,1953300
17671,1953300
17672,2476700
17673,2320500
17674,2132100
17675,1673400
17676,1547500
17677,1576500
17678,1790700
17679,1897100
17680,2540500
17681,2518200
17682,2157600
17683,1703400
17684,1554200
17685,1643200
17686,1644100
17687,2101800
17688,2583100
17689,2476300
17690,2145500
17691,1714100
17692,1603400
17693,1531800
17694,1587900
17695,2029500
17696,2173100
17697,1697600
17698,1735200
17699,1688600
17700,1643400
17701,1685700
17702,1606500
17703,1685700
17704,1604400
17705,1845500
17706,1621700
17707,1726700
17708,1637900
17709,1673300
17710,1598500
17711,1714700
17712,1583700
17713,1582400
17714,1846900
17715,2968900
17716,2654200
17717,2075300
17718,1600300
17719,1631100
17720,1637000
17721,1674700
17722,1765700
17723,1791600
17724,1966100
17725,2025900
17726,1820900
17727,1673500
17728,1616300
17729,1677500
17730,1702100
17731,2394200
17732,2851200
17733,2595100
17734,1889400
17735,1666400
17736,1655200
17737,1836200
17738,1682500
17739,1674100
17740,2263600
17741,1945100
17742,1730600
17743,1682500
17744,1614400
17745,1615500
17746,1641500
17747,1823500
17748,1876200
17749,2193500
17750,2755700
17751,2149100
17752,1884800
17753,1785400
17754,1758800
17755,2129400
17756,3253300
17757,3176400
17758,2596700
17759,2166800
17760,2115500
17761,2375100
17762,2173000
17763,1940100
17764,2170000
17765,2195700
17766,1779800
17767,1825200
17768,1648000
17769,1923100
17770,1736500
17771,1591700
17772,1595800
17773,1711700
17774,1780300
17775,1736500
17776,1662600
17777,1685400
17778,1790300
17779,2416400
17780,2308700
17781,2183300
17782,1753000
17783,1818200
17784,1709800
17785,1696700
17786,1826800
17787,1763100
17788,1603900
17789,1573100
17790,1625300
17791,1620800
17792,2015900
17793,1792600
17794,1707300
17795,1977300
17796,2549400
17797,2441500
17798,1968800
17799,1612800
17800,1745800
17801,1827800
17802,1736500
17803,1803600
17804,1657900
17805,1652600
17806,1661300
17807,1716800
17808,1643700
17809,1558600
17810,1810000
17811,1772100
17812,1719200
17813,2411100
17814,2629200
17815,2390800
17816,1664100
17817,1689400
17818,1939900
17819,1989400
17820,1805100
17821,2451800
17822,2565500
17823,2039200
17824,1610700
17825,1653500
17826,1641900
17827,1927500
17828,1981900
17829,1754000
17830,1644000
17831,1657600
17832,1703100
17833,1699200
17834,1568000
17835,1571500
17836,1892400
17837,1725800
17838,1804100
17839,1635800
17840,1648700
17841,1751900
17842,1734100
17843,1670600
17844,1643800
17845,1669400
17846,1791900
17847,2373800
17848,3381900
17849,2775500
17850,2284900
17851,1690900
17852,1601200
17853,1603500
17854,2451700
17855,1783400
17856,1736600
17857,1600700
17858,1633600
17859,1623800
17860,1656900
17861,1702900
17862,1711200
17863,1937800
17864,2950300
17865,2504100
17866,1945700
17867,1628400
17868,1624300
17869,1631800
17870,1641600
17871,1968800
17872,2061200
17873,1778700
17874,1702400
17875,1588300
17876,1577900
17877,1626200
17878,1565900
17879,1618800
17880,1705200
17881,3257000
17882,2908300
17883,1897900
17884,1606500
17885,1579100
17886,1576600
17887,1688700
17888,1707700
17889,1786000
17890,2007600
17891,1633900
17892,1616100
17893,1649800
17894,1617700
17895,1651400
17896,1647200
17897,1921400
17898,2523600
17899,2703100
17900,2016600
17901,1749900
17902,1625300
17903,1582200
17904,1760700
17905,2043300
17906,2877200
17907,4082900
17908,2223600
17909,1804700
17910,1673500
17911,1673900
17912,2203300
17913,2629300
17914,2595400
17915,1641000
17916,1724800
17917,1751100
17918,1706500
17919,1850600
17920,2544900
17921,2858700
17922,2431200
17923,1729100
17924,1702700
17925,1891900
17926,1654100
17927,1833100
17928,2637600
17929,2350200
17930,1944700
17931,1655600
17932,1690400
17933,1727700
17934,1682700
17935,1814800
17936,1707900
17937,1639400
17938,1728800
17939,1655500
17940,1948800
17941,2048200
17942,1703700
17943,1583900
17944,1888700
17945,2598600
17946,2387900
17947,1886000
17948,1833600
17949,1896100
17950,1658800
17951,1668200
17952,1758600
17953,2450200
17954,2408900
17955,2031600
17956,1816300
17957,1878100
17958,1735600
17959,2419600
17960,1683300
17961,1566200
17962,1626200
17963,1633900
17964,1633500
17965,1608800
17966,1844200
17967,1974200
17968,1665300
17969,1804800
17970,2632800
17971,2461500
17972,1791700
17973,1595100
17974,1602600
17975,1798100
17976,1772900
17977,1747700
17978,1664400
17979,1594000
17980,1534700
17981,1713500
17982,1655900
17983,1627000
17984,1676800
17985,1923000
17986,2264700
17987,3017300
17988,2472100
17989,1784200
17990,1759100
17991,1714300
17992,1705500
17993,2750600
17994,3345400
17995,3649700
17996,2707700
17997,2403400
17998,2225300
17999,2776400
18000,3415900
18001,3212800
18002,2089600
18003,1972100
18004,1981400
18005,2512200
18006,2763600
18007,2224500
18008,2156600
18009,2124800
18010,2033300
18011,1995700
18012,3103200
18013,3950200
18014,4002700
18015,2779600
18016,2016600
18017,2288600
18018,2516200
18019,2114300
18020,1994000
18021,1819700
18022,1801200
18023,1934200
18024,1842000
18025,2366600
18026,3550400
18027,3160900
18028,2601400
18029,1952600
18030,1839700
18031,2084000
18032,2989400
18033,3285700
18034,2683300
18035,1754100
18036,1778200
18037,1747300
18038,2221800
18039,2036000
18040,2298200
18041,2039500
18042,1920200
18043,1893600
18044,1827700
18045,2033600
18046,2680100
18047,3033900
18048,3029500
18049,2186500
18050,1790400
18051,1623200
18052,2012500
18053,1717800
18054,1624500
18055,1685400
18056,1797200
18057,1733700
18058,1613300
18059,1530800
18060,1614600
18061,1577100
18062,2416900
18063,2369500
18064,2100000
18065,2068200
18066,1862500
18067,1634400
18068,1678700
18069,1618600
18070,1812800
18071,1701200
18072,1606600
18073,1673500
18074,1593500
18075,1717600
18076,1818300
18077,1723000
18078,1691300
18079,1680800
18080,1660500
18081,1730100
18082,1601600
18083,1705700
18084,1671200
18085,1952000
18086,1638400
18087,1575600
18088,1901400
18089,2709200
18090,2425000
18091,1892500
18092,1703400
18093,1802000
18094,1804800
18095,1635000
18096,1769800
18097,1655400
18098,1613500
18099,1646800
18100,1596200
18101,1609500
18102,1674600
18103,1871400
18104,1733300
18105,1630400
18106,2258000
18107,3215200
18108,2453500
18109,1893200
18110,1770600
18111,1806800
18112,1775100
18113,1847900
18114,1792200
18115,1727400
18116,1781100
18117,1715000
18118,1748600
18119,1706200
18120,1796900
18121,1962000
18122,1935500
18123,1900200
18124,1766500
18125,1623600
18126,1588800
18127,1754600
18128,1592100
18129,1612500
18130,2181200
18131,2101500
18132,2752100
18133,2296400
18134,1957200
18135,1762700
18136,1795000
18137,1542800
18138,1974900
18139,1978800
18140,2740300
18141,2354500
18142,1818500
18143,1634900
18144,1615400
18145,1607600
18146,1716200
18147,2091600
18148,1913300
18149,1637400
18150,1618100
18151,1668600
18152,1760000
18153,1643900
18154,1668200
18155,1598800
18156,1736000
18157,2090300
18158,1737000
18159,1675100
18160,1810500
18161,1629000
18162,1613500
18163,1602800
18164,1594800
18165,1752800
18166,2693800
18167,2546100
18168,2170400
18169,1815400
18170,1621400
18171,1651400
18172,1580800
18173,1605900
18174,2005200
18175,1988900
18176,1664000
18177,1650600
18178,1680100
18179,1596200
18180,1599200
18181,1599100
18182,1550600
18183,1738400
18184,2929900
18185,2522900
18186,2087000
18187,1606000
18188,1734700
18189,1630700
18190,1608300
18191,2002700
18192,1959500
18193,1795800
18194,1804600
18195,1655000
18196,1610900
18197,1670300
18198,1665100
18199,1589600
18200,1854000
18201,1657200
18202,1811600
18203,1694000
18204,1661300
18205,1661200
18206,1640600
18207,1673000
18208,1501400
18209,1842700
18210,2448700
18211,2542400
18212,2353200
18213,1896100
18214,1651000
18215,1643900
18216,1680800
18217,1752800
18218,1738100
18219,1670300
18220,1835400
18221,1789100
18222,1685700
18223,1758600
18224,1650800
18225,1648100
18226,1761800
18227,2482000
18228,2279600
18229,2423200
18230,1958200
18231,1667200
18232,1588900
18233,1626600
18234,1903300
18235,1628200
18236,1619000
18237,1596700
18238,1695600
18239,1689000
18240,1937000
18241,1627300
18242,1683300
18243,1637900
18244,2230400
18245,2429800
18246,2275100
18247,1699800
18248,1638000
18249,1686500
18250,1665200
18251,1576100
18252,1913500
18253,1749100
18254,1670900
18255,1643800
18256,1635000
18257,1845100
18258,1744400
18259,1599500
18260,1670400
18261,1905800
18262,2776900
18263,2325600
18264,1850100
18265,1655500
18266,2066200
18267,1672200
18268,1710400
18269,1896500
18270,3081400
18271,3128900
18272,2670700
18273,2305300
18274,1908300
18275,1790800
18276,2086900
18277,1816200
18278,1894500
18279,1882200
18280,1669900
18281,1947900
18282,2200000
18283,2003900
18284,2032300
18285,1802700
18286,1837000
18287,1917400
18288,1749200
18289,1779000
18290,1944100
18291,2016100
18292,2254700
18293,3072000
18294,3111000
18295,2298100
18296,1827600
18297,2031600
18298,2530900
18299,3285200
18300,2957800
18301,2371000
18302,1982600
18303,1874700
18304,2305100
18305,2360200
18306,1906000
18307,1857200
18308,1910100
18309,1858800
18310,1856700
18311,1754500
18312,1972900
18313,2102600
18314,1963400
18315,1925200
18316,1784400
18317,1788400
18318,1846800
18319,1829100
18320,1787500
18321,2270900
18322,3397800
18323,2866100
18324,2147000
18325,1760500
18326,1918500
18327,1673600
18328,2065700
18329,2087200
18330,1946000
18331,1877800
18332,1811800
18333,1812600
18334,1782500
18335,1833000
18336,2022100
18337,3180900
18338,3448900
18339,2382300
18340,1868900
18341,1795800
18342,1838500
18343,2045000
18344,2010000
18345,2339800
18346,1847500
18347,1830200
18348,1737000
18349,1805100
18350,1754100
18351,1895900
18352,2033500
18353,1978500
18354,2050200
18355,1898300
18356,1717700
18357,1860400
18358,1820700
18359,1988600
18360,3190400
18361,3703300
18362,3508700
18363,1901700
18364,1901500
18365,2169900
18366,2874700
18367,2875000
18368,2716000
18369,1820800
18370,1943500
18371,1765600
18372,2030900
18373,1801600
18374,1869200
18375,1836700
18376,2070500
18377,1840300
18378,1906300
18379,1927800
18380,1882200
18381,1826000
18382,1748000
18383,1905700
18384,2145300
18385,2377700
18386,1865000
18387,1906000
18388,1882300
18389,2465500
18390,2544300
18391,2406800
18392,2421400
18393,1923000
18394,1757200
18395,1793300
18396,1748400
18397,1803900
18398,1857400
18399,1874400
18400,1765300
18401,2065500
18402,1846300
18403,1846100
18404,2036800
18405,2900400
18406,2784200
18407,2303200
18408,1885400
18409,2136500
18410,3166000
18411,2743100
18412,2216100
18413,2106900
18414,2204600
18415,5099800
18416,3840000
18417,3505600
18418,3083900
18419,3079600
18420,2987300
18421,3487700
18422,3515300
18423,2713100
18424,2372800
18425,2046000
18426,1780900
18427,1841800
18428,1754000
18429,1635700
18430,1750400
18431,1744800
18432,1663500
18433,1647600
18434,1735400
18435,2405200
18436,1785400
18437,1833400
18438,1737500
18439,1724900
18440,1666700
18441,1576700
18442,1521100
18443,1687400
18444,1799200
18445,2286700
18446,2603600
18447,2136700
18448,1857300
18449,1671100
18450,1644500
18451,1617800
18452,1659000
18453,2467500
18454,3546000
18455,2080100
18456,1705600
18457,1687100
18458,1595800
18459,1609200
18460,1906400
18461,2975600
18462,2615700
18463,2174800
18464,1643800
18465,1690100
18466,1586600
18467,1615400
18468,1856200
18469,2111100
18470,1834600
18471,1706300
18472,1618200
18473,1610900
18474,1590500
18475,1590900
18476,1588700
18477,1787000
18478,2658200
18479,2857100
18480,2197500
18481,1651500
18482,1559400
18483,1595400
18484,1540700
18485,1765900
18486,1960900
18487,2188200
18488,1935500
18489,2023500
18490,1993500
18491,1742100
18492,1804300
18493,1790500
18494,2670900
18495,2741000
18496,2513200
18497,1885000
18498,1626800
18499,1586000
18500,1723700
18501,1782800
18502,1710800
18503,1679100
18504,1753900
18505,1883700
18506,1667300
18507,1649300
18508,1520500
18509,1695900
18510,1774200
18511,1703000
18512,1664200
18513,1703500
18514,1891900
18515,1670600
18516,1583100
18517,1606500
18518,1656700
18519,1521600
18520,2218400
18521,2707900
18522,2494200
18523,2130100
18524,1746100
18525,1769700
18526,1662900
18527,1893900
18528,2030300
18529,2102100
18530,2201700
18531,2351900
18532,1923600
18533,1696000
18534,1605400
18535,1902500
18536,2672500
18537,2385800
18538,1964400
18539,1861500
18540,1759600
18541,1737700
18542,1610500
18543,1702000
18544,1723100
18545,1729900
18546,1732800
18547,1628400
18548,1598600
18549,1907200
18550,1750800
18551,1623500
18552,1722300
18553,2403000
18554,2629500
18555,2306300
18556,1915000
18557,1932600
18558,1806800
18559,2004000
18560,2029400
18561,1825700
18562,1736500
18563,1618000
18564,1608800
18565,1622000
18566,1662200
18567,1744600
18568,1670400
18569,1757900
18570,2592700
18571,2376800
18572,2043800
18573,1604200
18574,1587500
18575,1716500
18576,1789400
18577,1850600
18578,1813800
18579,1704600
18580,1767600
18581,1661900
18582,1552700
18583,1627100
18584,1618600
18585,2087700
18586,1990700
18587,1656600
18588,1693400
18589,1697200
18590,1618200
18591,1668200
18592,1632900
18593,1672800
18594,1694700
18595,1865300
18596,2520400
18597,2574800
18598,2211700
18599,1702500
18600,1605300
18601,1548300
18602,1625200
18603,1836100
18604,1946300
18605,1714800
18606,1781000
18607,1673700
18608,1527500
18609,1655000
18610,1691200
18611,1611900
18612,1616900
18613,2703500
18614,3076500
18615,2298200
18616,1653300
18617,1669300
18618,1620700
18619,1544800
18620,1958900
18621,2292600
18622,1899700
18623,1714400
18624,1741200
18625,1784300
18626,1688300
18627,1727000
18628,1659600
18629,1700900
18630,1925500
18631,1945100
18632,1718000
18633,1646200
18634,1727700
18635,1635700
18636,1644500
18637,1663800
18638,1998500
18639,3076500
18640,2718400
18641,1914500
18642,1594100
18643,1598900
18644,1741100
18645,1606600
18646,2152600
18647,3005100
18648,3166100
18649,2019700
18650,1574900
18651,1614200
18652,1778100
18653,1802400
18654,1653500
18655,1654600
18656,1767100
18657,1840300
18658,1709200
18659,1756100
18660,1576300
18661,1693200
18662,1628100
18663,1899600
18664,1769400
18665,1724500
18666,1865800
18667,1700100
18668,1689500
18669,1697400
18670,1616500
18671,1775500
18672,2419100
18673,2384400
18674,2295200
18675,2062500
18676,1652200
18677,1593400
18678,1609400
18679,1669500
18680,1634600
18681,1740300
18682,1686300
18683,1556800
18684,1871500
18685,1681200
18686,1619600
18687,1584300
18688,1629700
18689,2354000
18690,2689200
18691,2160700
18692,1731300
18693,1941300
18694,1671200
18695,1627100
18696,1691800
18697,1668300
18698,1620600
18699,1646600
18700,1612000
18701,1685300
18702,1860300
18703,2137500
18704,1729100
18705,1588400
18706,1833400
18707,1758800
18708,1826900
18709,1667600
18710,1581700
18711,1667800
18712,1905800
18713,1713600
18714,1619600
18715,2304600
18716,2467000
18717,2293700
18718,1638500
18719,1625900
18720,1633600
18721,1858700
18722,1827400
18723,2038800
18724,2614700
18725,2251300
18726,1819800
18727,1680800
18728,1685900
18729,1671200
18730,1631300
18731,2133900
18732,2997400
18733,2370200
18734,1865300
18735,1613200
18736,1639500
18737,1694900
18738,1817700
18739,1815400
18740,1694300
18741,1638700
18742,1614200
18743,1655400
18744,1598000
18745,1562700
18746,1601600
18747,1711500
18748,1862100
18749,1818700
18750,1641700
18751,1770600
18752,1596600
18753,1599300
18754,1608900
18755,1535400
18756,1615500
18757,1719000
18758,2197300
18759,3172800
18760,2405400
18761,1859500
18762,1592900
18763,1573500
18764,1677700
18765,1610800
18766,2102100
18767,2817100
18768,2264400
18769,1905000
18770,1634300
18771,1595100
18772,1684800
18773,1749100
18774,1762400
18775,1858400
18776,1793500
18777,1613600
18778,1600200
18779,1656300
18780,1604700
18781,1721500
18782,1650300
18783,2024500
18784,2517300
18785,2246200
18786,2188100
18787,2104300
18788,1947700
18789,1853600
18790,2143000
18791,2346200
18792,2273500
18793,1978200
18794,1983800
18795,1923200
18796,2023700
18797,1911600
18798,2022600
18799,3289700
18800,3492200
18801,2248600
18802,1833100
18803,1911000
18804,1857600
18805,2599000
18806,3164700
18807,2914500
18808,2023700
18809,1779200
18810,1854300
18811,1838100
18812,1768800
18813,1600700
18814,1648100
18815,1810600
18816,1741600
18817,1641600
18818,1591700
18819,1683700
18820,1687400
18821,1914800
18822,2709300
18823,2680000
18824,2306100
18825,1652100
18826,1653800
18827,1656900
18828,1578100
18829,1742700
18830,1640000
18831,1679600
18832,1737100
18833,1748200
18834,1720600
18835,1716400
18836,1565400
18837,1616000
18838,1724500
18839,2528200
18840,2405000
18841,1932000
18842,1857800
18843,1699300
18844,1623600
18845,1618500
18846,1606600
18847,1778000
18848,1690400
18849,1702900
18850,1622800
18851,1883100
18852,1947800
18853,1722300
18854,1605800
18855,1869900
18856,1681800
18857,1668600
18858,1628200
18859,1673500
18860,1705300
18861,1930900
18862,1769700
18863,1661900
18864,1663700
18865,2036600
18866,2788900
18867,2227800
18868,1766300
18869,1901400
18870,1952300
18871,1645100
18872,1874900
18873,2486200
18874,2492200
18875,2090900
18876,1608800
18877,1614300
18878,2022300
18879,1758400
18880,1731100
18881,2531300
18882,3249200
18883,2526600
18884,1737000
18885,1754000
18886,2015000
18887,1659900
18888,1910000
18889,1877100
18890,1727300
18891,1674100
18892,1677000
18893,1545900
18894,1600100
18895,1835800
18896,1669200
18897,2175300
18898,2682000
18899,2237900
18900,1770200
18901,1604300
18902,1551800
18903,1576200
18904,1642900
18905,2103200
18906,1840100
18907,1726800
18908,1622900
18909,1765300
18910,1670800
18911,1654600
18912,1596400
18913,1796200
18914,2010800
18915,2540900
18916,2338200
18917,1922400
18918,1601800
18919,1713200
18920,1591200
18921,1528300
18922,1692100
18923,1885200
18924,1763500
18925,1626200
18926,1608300
18927,1628200
18928,1558000
18929,1575300
18930,1650700
18931,1629400
18932,1902200
18933,1867600
18934,1618700
18935,1716500
18936,1722800
18937,1598800
18938,1590200
18939,1634900
18940,1592900
18941,1567000
18942,2280200
18943,1876900
18944,1618800
18945,1618200
18946,1602900
18947,1623000
18948,1653900
18949,1593800
18950,1571000
18951,1868500
18952,1982900
18953,1696000
18954,1713500
18955,1572200
18956,1586800
18957,1571300
18958,1650700
18959,1635500
18960,1726800
18961,1735700
18962,2076100
18963,1679300
18964,1661800
18965,1586800
18966,1587900
18967,1697300
18968,1558400
18969,1601400
18970,1845400
18971,1723900
18972,1884100
18973,1821200
18974,1670400
18975,1625600
18976,1646300
18977,1667200
18978,1655300
18979,1683300
18980,1724000
18981,2223000
18982,1801900
18983,1737100
18984,1587600
18985,1616000
18986,1655600
18987,1633100
18988,1684100
18989,1788600
18990,1644200
18991,1906900
18992,1752800
18993,1667900
18994,2513100
18995,1624400
18996,1703000
18997,1855500
18998,1649800
18999,1685400
19000,1684900
19001,1763100
19002,1759300
19003,1707500
19004,1578300
19005,1705300
19006,1783700
19007,1642200
19008,1590100
19009,1604400
19010,2109100
19011,1836100
19012,1740600
19013,1587900
19014,1593400
19015,1759500
19016,1753100
19017,1674400
19018,1694000
19019,1745000
19020,1726500
19021,1700500
19022,1616400
19023,1649500
19024,1676100
19025,1898900
19026,1709700
19027,1695800
19028,1581600
19029,1736300
19030,1841500
19031,1773500
19032,1617800
19033,1604600
19034,1934600
19035,2061400
19036,1764300
19037,1971300
19038,2289000
19039,2178800
19040,1740500
19041,1638100
19042,1831100
19043,1669100
19044,1721900
19045,1658300
19046,1598600
19047,1708700
19048,1716300
19049,1751500
19050,1734300
19051,1709300
19052,1694600
19053,1685500
19054,1575900
19055,1585900
19056,1614800
19057,1656300
19058,1712000
19059,1766400
19060,1692600
19061,1678500
19062,1589600
19063,1605200
19064,1643000
19065,1560000
19066,1717500
19067,1701700
19068,1656300
19069,1700200
19070,1924500
19071,1768800
19072,1678800
19073,1695700
19074,1706000
19075,1702300
19076,1602500
19077,1847800
19078,1977800
19079,2055900
19080,2044400
19081,2283600
19082,1973400
19083,2050100
19084,1846500
19085,1857500
19086,1826500
19087,1987900
19088,1785900
19089,1661500
19090,1706500
19091,1728000
19092,1564700
19093,1558400
19094,1645600
19095,1804700
19096,2196600
19097,1781000
19098,1693400
19099,1618600
19100,1631800
19101,1542100
19102,1567000
19103,1582200
19104,1619100
19105,2313500
19106,2081400
19107,1674200
19108,1655800
19109,1633600
19110,1696500
19111,1617900
19112,1607300
19113,1620300
19114,1730700
19115,1770300
19116,1757200
19117,1642600
19118,1675000
19119,1713400
19120,1672400
19121,1608400
19122,1609400
19123,1794200
19124,1974100
19125,1775000
19126,1836000
19127,1645700
19128,1707000
19129,1600300
19130,1576400
19131,1698400
19132,1695000
19133,1687200
19134,1974300
19135,1796000
19136,1671900
19137,1683500
19138,1647800
19139,1726200
19140,1575900
19141,1927200
19142,1782000
19143,1742700
19144,1792700
19145,1708600
19146,1614600
19147,1626800
19148,1602000
19149,1634700
19150,1599300
19151,1758300
19152,1763900
19153,1683100
19154,1774600
19155,1660100
19156,1712300
19157,1616200
19158,1612900
19159,1614200
19160,1856600
19161,1687800
19162,1606800
19163,1753900
19164,1685400
19165,1851800
19166,1645500
19167,1613900
19168,1806600
19169,1606900
19170,1763600
19171,1623300
19172,1605300
19173,1673900
19174,1621200
19175,1811700
19176,1716200
19177,1654900
19178,1646800
19179,1905800
19180,2154800
19181,1863500
19182,1666800
19183,1773600
19184,1836400
19185,1754300
19186,1640900
19187,1624300
19188,1782800
19189,1702700
19190,1618700
19191,1607100
19192,1789000
19193,1755100
19194,1814800
19195,1641900
19196,1719000
19197,2338700
19198,2008800
19199,1723600
19200,1631600
19201,1692500
19202,1749700
19203,1833200
19204,1688600
19205,1566100
19206,1857600
19207,1682600
19208,1569000
19209,1652100
19210,1602300
19211,1921100
19212,1720700
19213,1781400
19214,1575900
19215,1709600
19216,1659900
19217,1633400
19218,1722700
19219,1605900
19220,1689500
19221,1695500
19222,1872600
19223,1707700
19224,1979700
19225,1858100
19226,1671100
19227,1621400
19228,1639900
19229,1613700
19230,1631300
19231,2006400
19232,1784000
19233,1667500
19234,1727900
19235,1607800
19236,1558500
19237,1602000
19238,1610900
19239,1538700
19240,1556500
19241,1865400
19242,1915900
19243,1735400
19244,1577100
19245,1553600
19246,1885200
19247,1934400
19248,2422300
19249,2911000
19250,2974600
19251,2315500
19252,2069100
19253,2216600
19254,2120800
19255,2298900
19256,2251700
19257,2742700
19258,2272200
19259,2128200
19260,2048400
19261,1905000
19262,2859500
19263,3099200
19264,2727900
19265,2178900
19266,2142900
19267,1982000
19268,1956100
19269,1837700
19270,2045500
19271,2427900
19272,2405000
19273,2108800
19274,1974700
19275,1710900
19276,1755200
19277,1850300
19278,1780200
19279,1871500
19280,1966500
19281,1843000
19282,1714300
19283,1631600
19284,1755000
19285,1739600
19286,1760700
19287,1733100
19288,2418200
19289,2064600
19290,1897900
19291,2109600
19292,2274900
19293,2946300
19294,1965600
19295,1783800
19296,1873100
19297,1926400
19298,1662700
19299,1666700
19300,1658900
19301,1594000
19302,1618100
19303,1635800
19304,1744600
19305,1755100
19306,1691100
19307,1956000
19308,1594100
19309,1661400
19310,1631600
19311,1701200
19312,1748200
19313,1796100
19314,1663200
19315,1714100
19316,2217300
19317,1731100
19318,1682700
19319,1673600
19320,1640500
19321,1540600
19322,1733000
19323,1709800
19324,1791500
19325,1605000
19326,1805000
19327,1679700
19328,1636600
19329,1541000
19330,1658300
19331,1682200
19332,1738100
19333,1608700
19334,1786000
19335,1716100
19336,1729300
19337,1721200
19338,1587700
19339,1597000
19340,1562300
19341,1836900
19342,1942200
19343,2045400
19344,2208300
19345,2541600
19346,1991100
19347,1877400
19348,1792200
19349,2052300
19350,2067500
19351,1942400
19352,1780400
19353,2063900
19354,1859900
19355,1833200
19356,1923200
19357,2154000
19358,1901100
19359,1864600
19360,1895100
19361,1924800
19362,2121900
19363,1820200
19364,1839400
19365,1909600
19366,1769800
19367,1661500
19368,1617000
19369,1544100
19370,1647100
19371,1820600
19372,1688200
19373,1633200
19374,1748300
19375,1986900
19376,1830100
19377,1706600
19378,1674300
19379,1743700
19380,1575500
19381,1692000
19382,1668000
19383,1659000
19384,1868100
19385,1648300
19386,1643900
19387,1612500
19388,1636200
19389,1842200
19390,1905900
19391,1942900
19392,1721100
19393,1864900
19394,1878300
19395,1632200
19396,1739300
19397,1678800
19398,1651700
19399,1632800
19400,1753300
19401,1729200
19402,1930800
19403,1736600
19404,1657000
19405,1793300
19406,1641300
19407,1687500
19408,1643600
19409,1748400
19410,1684800
19411,1941600
19412,1826800
19413,1629000
19414,1615900
19415,1846500
19416,1797600
19417,1662700
19418,1646900
19419,1963900
19420,1970600
19421,1841800
19422,1828200
19423,1653900
19424,1900600
19425,1729600
19426,1623400
19427,1734800
19428,2241500
19429,1926300
19430,1802100
19431,1640600
19432,1712100
19433,1715800
19434,1700400
19435,1577600
19436,1721700
19437,2163900
19438,2100200
19439,1758300
19440,1675100
19441,1837300
19442,1685600
19443,1582700
19444,1745500
19445,1655000
19446,2085900
19447,2880200
19448,1887500
19449,1693500
19450,1572800
19451,1692700
19452,1570100
19453,1704300
19454,1727200
19455,1790900
19456,2021400
19457,1694800
19458,1681600
19459,1689200
19460,1560900
19461,1629800
19462,1615000
19463,1563400
19464,1802600
19465,1723600
19466,1719800
19467,1612500
19468,1717100
19469,2040900
19470,2065700
19471,1918400
19472,2147700
19473,1834200
19474,1923200
19475,1962800
19476,1751300
19477,1613800
19478,1672900
19479,1651400
19480,1733700
19481,1811900
19482,1739600
19483,1741100
19484,1831800
19485,1749300
19486,1648300
19487,1665200
19488,1642600
19489,1610900
19490,1729300
19491,1839800
19492,1614200
19493,1605000
19494,1971800
19495,1727600
19496,1632300
19497,1637100
19498,1613900
19499,1631600
19500,1742600
19501,1710300
19502,1608300
19503,1618200
19504,1690900
19505,1709200
19506,1661500
19507,1701000
19508,1591600
19509,1778000
19510,1765400
19511,1594300
19512,1626400
19513,1659800
19514,2109000
19515,1745200
19516,1604100
19517,1633500
19518,1655800
19519,1816800
19520,1637600
19521,1597400
19522,1587900
19523,1662700
19524,1943600
19525,1634100
19526,1635100
19527,1684000
19528,1692700
19529,1620700
19530,1688600
19531,1713300
19532,1645800
19533,1987800
19534,1969300
19535,1728800
19536,1776100
19537,1924800
19538,1810100
19539,1637300
19540,1568600
19541,1570500
19542,1741900
19543,1809500
19544,1772500
19545,1755700
19546,1714700
19547,1708900
19548,1723000
19549,1618500
19550,1587700
19551,1611800
19552,1857600
19553,1660800
19554,1893800
19555,1785800
19556,2121400
19557,1694100
19558,1574000
19559,1685700
19560,1634600
19561,1621100
19562,1846300
19563,1807000
19564,1720300
19565,1677900
19566,1634100
19567,1670500
19568,1660900
19569,1613600
19570,1545000
19571,1689100
19572,2231500
19573,1807700
19574,1693700
19575,1632600
19576,1624100
19577,1654800
19578,1620400
19579,1548200
19580,1735000
19581,1767300
19582,1884700
19583,1735600
19584,1634000
19585,1581100
19586,1652000
19587,1635400
19588,1566300
19589,1569300
19590,1660600
19591,1848100
19592,2207000
19593,2178600
19594,1744100
19595,2000200
19596,1991900
19597,1746300
19598,1731200
19599,1614900
19600,1958500
19601,2140100
19602,1760800
19603,1647500
19604,1638000
19605,1691600
19606,1611800
19607,1634100
19608,1814500
19609,1682700
19610,1951700
19611,1717000
19612,1610800
19613,1690500
19614,1564100
19615,1541900
19616,1598200
19617,1658700
19618,1674800
19619,1769100
19620,1786600
19621,1729100
19622,1570200
19623,1475100
19624,1742200
19625,1675700
19626,1801400
19627,1763000
19628,1783900
19629,1866200
19630,1684300
19631,1768000
19632,1646600
19633,1675500
19634,1634700
19635,1792600
19636,1656200
19637,1847400
19638,1710100
19639,2111700
19640,1786400
19641,1673900
19642,1649500
19643,1641800
19644,1637200
19645,1609400
19646,1770500
19647,1693500
19648,1642000
19649,1991500
19650,1712800
19651,1635500
19652,1568300
19653,1487800
19654,1747100
19655,1838000
19656,2024500
19657,1953800
19658,2694300
19659,2182400
19660,1842900
19661,1655600
19662,1661100
19663,1877200
19664,1674400
19665,1666300
19666,1615700
19667,1909700
19668,1814000
19669,1920300
19670,1790000
19671,1696500
19672,1954200
19673,1826900
19674,1803500
19675,1727100
19676,1868200
19677,1716500
19678,1618600
19679,1650300
19680,1679600
19681,1733100
19682,1638200
19683,1610800
19684,1601900
19685,1609800
19686,1881700
19687,1800000
19688,1683800
19689,1644700
19690,1697000
19691,1759500
19692,1659800
19693,1637900
19694,1791700
19695,1625700
19696,1681000
19697,1759600
19698,1762600
19699,1654600
19700,1870400
19701,1724700
19702,1736600
19703,1689000
19704,1598200
19705,1893900
19706,1936000
19707,1681100
19708,1783500
19709,1773000
19710,1568800
19711,1631900
19712,1575100
19713,1574500
19714,1559200
19715,1680600
19716,1795400
19717,1693900
19718,1898300
19719,1645000
19720,1574700
19721,1639300
19722,1636100
19723,1579200
19724,1562700
19725,1862200
19726,1702300
19727,1711000
19728,2095700
19729,1758800
19730,1617300
19731,1627000
19732,1643800
19733,1697200
19734,1653000
19735,1834200
19736,1769200
19737,1687200
19738,1644900
19739,1701400
19740,1630600
19741,1664400
19742,1617000
19743,1634500
19744,1629900
19745,1840900
19746,2028400
19747,2083700
19748,1725700
19749,1677900
19750,1751900
19751,1720200
19752,1710300
19753,1678600
19754,2032400
19755,1976300
19756,2030500
19757,1845700
19758,1650100
19759,1808100
19760,1644200
19761,1826500
19762,1637300
19763,1800800
19764,2164300
19765,1759800
19766,1741200
19767,1669600
19768,1648700
19769,1729400
19770,1578000
19771,1625800
19772,1592700
19773,1874300
19774,1871700
19775,1752300
19776,1552900
19777,1566700
19778,1627400
19779,1755500
19780,1667000
19781,1544800
19782,1906900
19783,1838800
19784,1734700
19785,1739000
19786,1654700
19787,1641600
19788,1578100
19789,1625800
19790,1629500
19791,1689000
19792,1928500
19793,1900000
19794,1627600
19795,1610600
19796,1640700
19797,1651000
19798,1707000
19799,1593500
19800,1598700
19801,1742300
19802,2134900
19803,1796100
19804,1705300
19805,1730700
19806,1634100
19807,1592800
19808,1629000
19809,1650600
19810,1739700
19811,1735700
19812,1782000
19813,1859700
19814,1674100
19815,1598700
19816,1546900
19817,1540300
19818,1657800
19819,1647900
19820,2036900
19821,1799500
19822,1908100
19823,1790100
19824,1722800
19825,1601800
19826,1690200
19827,1653900
19828,1791800
19829,1657600
19830,1614800
19831,2012800
19832,2088700
19833,1731700
19834,1654700
19835,1612800
19836,1606200
19837,1674400
19838,1626400
19839,1639300
19840,1679700
19841,1733900
19842,1590900
19843,1638600
19844,1622800
19845,1582100
19846,1663900
19847,1734200
19848,1880800
19849,1695900
19850,1585200
19851,1894100
19852,1751400
19853,1674000
19854,1593700
19855,1664000
19856,1782200
19857,1730100
19858,1681300
19859,1573600
19860,1628500
19861,1911000
19862,1711400
19863,1654800
19864,1616000
19865,1795500
19866,1666500
19867,1657500
19868,1636400
19869,1667300
19870,1722400
19871,1942100
19872,1685400
19873,1829200
19874,1636600
19875,1691900
19876,1707300
19877,1674000
19878,1581100
19879,1671600
19880,1717600
19881,1769000
19882,1876700
19883,1752700
19884,1679700
19885,1727500
19886,1624600
19887,1556600
19888,1699500
19889,1657800
19890,1742200
19891,1874500
19892,1649100
19893,1715700
19894,1585300
19895,1633900
19896,1639700
19897,1703400
19898,1621700
19899,1604300
19900,2034000
19901,1800600
19902,1762700
19903,1739200
19904,1637300
19905,1742000
19906,1684300
19907,1604200
19908,1631500
19909,1785100
19910,1640700
19911,1568900
19912,1738400
19913,1668000
19914,1604100
19915,1690600
19916,1623300
19917,1611200
19918,1542800
19919,1683500
19920,2185600
19921,2008200
19922,2114100
19923,2094700
19924,2144100
19925,2170700
19926,2120600
19927,2278200
19928,2219200
19929,1967200
19930,1900300
19931,1762400
19932,1770300
19933,1892600
19934,1797400
19935,1789800
19936,1994800
19937,2083700
19938,1901200
19939,1806000
19940,1879000
19941,1762300
19942,1810800
19943,1764800
19944,1810800
19945,1950000
19946,2083900
19947,1906200
19948,1676000
19949,1596800
19950,1641800
19951,1618200
19952,1690400
19953,1639200
19954,1578700
19955,2215200
19956,1898900
19957,1705100
19958,1674400
19959,1590300
19960,1614600
19961,1614100
19962,1548300
19963,1558100
19964,1729000
19965,1825100
19966,1796500
19967,1658600
19968,1658300
19969,1566300
19970,1705100
19971,1607500
19972,1590400
19973,1626600
19974,1992700
19975,1835100
19976,2002600
19977,1769800
19978,1662200
19979,1591900
19980,1557400
19981,1642400
19982,1617100
19983,1690500
19984,1808200
19985,1716600
19986,1674300
19987,1607300
19988,1596800
19989,1608500
19990,1642400
19991,1564100
19992,1575500
19993,1878200
19994,2178600
19995,1846600
19996,1685400
19997,1679500
19998,1569100
19999,1632200
20000,1621000
20001,1639700
20002,1825400
20003,1749500
20004,1818100
20005,1670800
20006,1660500
20007,1558900
20008,1651700
20009,1621300
20010,1685500
20011,1897900
20012,1855200
20013,1905200
20014,1960100
20015,1776900
20016,1635500
20017,1636400
20018,1768600
20019,2326500
20020,1733300
20021,1653700
20022,1657400
20023,2113300
20024,1817100
20025,1725400
20026,1657900
20027,1573300
20028,1837400
20029,2153300
20030,1960200
20031,1712000
20032,1818100
20033,1802700
20034,1714200
20035,1569300
20036,1682400
20037,1809300
20038,1647200
20039,1714300
20040,1711100
20041,2021800
20042,1783500
20043,1632400
20044,1615300
20045,1739300
20046,1748000
20047,1623500
20048,1690500
20049,1546600
20050,1651900
20051,2006800
20052,1810600
20053,1590300
20054,1668900
20055,1836900
20056,1854800
20057,1703900
20058,1623800
20059,1613400
20060,1656800
20061,1806800
20062,1771400
20063,2003700
20064,1992300
20065,1802300
20066,1678200
20067,1695900
20068,1624400
20069,1595000
20070,1878300
20071,1810000
20072,1925700
20073,1791000
20074,1676300
20075,1598900
20076,1646100
20077,1609800
20078,1622500
20079,1616400
20080,1657100
20081,1749700
20082,1815900
20083,1703000
20084,1639200
20085,1734500
20086,1581300
20087,1575000
20088,1565700
20089,1664200
20090,2160200
20091,1870900
20092,1697000
20093,1612100
20094,1615800
20095,1713100
20096,1764900
20097,1644400
20098,1681300
20099,1965200
20100,1887000
20101,1707300
20102,1614700
20103,1589700
20104,1642300
20105,1593600
20106,1578000
20107,1737100
20108,1945500
20109,2307500
20110,1921200
20111,1689600
20112,1669400
20113,1641200
20114,1654000
20115,1613600
20116,1607500
20117,1615300
20118,1802300
20119,1997800
20120,1752900
20121,1650300
20122,1704700
20123,1656900
20124,1690100
20125,1627100
20126,1568600
20127,1713600
20128,1899200
20129,1810900
20130,1798900
20131,1623900
20132,2013700
20133,1616400
20134,1651900
20135,1720100
20136,1643700
20137,2038300
20138,1803500
20139,1663800
20140,1708900
20141,1602400
20142,1739700
20143,1560700
20144,1640400
20145,1567900
20146,1649500
20147,1680800
20148,1876700
20149,1729700
20150,1590900
20151,1645400
20152,1632800
20153,1673700
20154,1667400
20155,1618200
20156,1774100
20157,1872500
20158,1916100
20159,1616300
20160,1761500
20161,1699500
20162,1593200
20163,1741000
20164,1858000
20165,2146500
20166,2304200
20167,2198300
20168,2123900
20169,1868100
20170,1768400
20171,1639400
20172,1639000
20173,1758900
20174,1712000
20175,1651900
20176,1769700
20177,1759700
20178,1638800
20179,1665600
20180,1693100
20181,1655500
20182,1819000
20183,1743000
20184,1610700
20185,2125400
20186,2015400
20187,1825200
20188,1640200
20189,1708700
20190,1653200
20191,1685200
20192,1804200
20193,1650200
20194,1621100
20195,1649100
20196,1927600
20197,1665600
20198,1619300
20199,1615000
20200,1789200
20201,1839800
20202,1608600
20203,1613700
20204,1758100
20205,1929700
20206,1844000
20207,1739800
20208,1629900
20209,1643100
20210,1677500
20211,1693900
20212,1616500
20213,1579000
20214,2031900
20215,1855100
20216,1708900
20217,1678000
20218,1804100
20219,1726600
20220,1622200
20221,1603500
20222,1609300
20223,1627600
20224,1787800
20225,1774100
20226,1640400
20227,1689300
20228,1668300
20229,1670300
20230,1652000
20231,1602800
20232,1614700
20233,1686600
20234,2016200
20235,1711400
20236,1699300
20237,1725300
20238,1705000
20239,1605700
20240,1611000
20241,1597300
20242,1632800
20243,1713300
20244,1804100
20245,1749700
20246,2194000
20247,1979400
20248,2296500
20249,2144400
20250,2036800
20251,1824400
20252,2055200
20253,1980900
20254,1925200
20255,1660700
20256,1642100
20257,1762600
20258,1575000
20259,1616900
20260,1603000
20261,1640300
20262,1818500
20263,1929600
20264,1658000
20265,1639300
20266,1632500
20267,1638700
20268,1671300
20269,1620300
20270,1592500
20271,1845600
20272,1791900
20273,1855400
20274,1697100
20275,1603200
20276,1619000
20277,1614000
20278,1694300
20279,1625400
20280,1601900
20281,2108000
20282,1897000
20283,1806400
20284,1689500
20285,1566000
20286,1625100
20287,1673300
20288,1573200
20289,1601900
20290,1725400
20291,1884700
20292,1653700
20293,1685200
20294,1688800
20295,1573400
20296,1610100
20297,1754300
20298,1580400
20299,1657100
20300,1701700
20301,1817400
20302,1787600
20303,1674400
20304,1649400
20305,1620200
20306,1638100
20307,1665800
20308,1568200
20309,1763900
20310,1839600
20311,1762800
20312,1629400
20313,1649800
20314,1598600
20315,1622000
20316,1579700
20317,1787900
20318,1797300
20319,1757500
20320,1719900
20321,1717000
20322,1633200
20323,1605600
20324,1780500
20325,1645300
20326,1615200
20327,1777300
20328,2203900
20329,2044300
20330,1870900
20331,1855100
20332,1683700
20333,1640800
20334,1758300
20335,1721600
20336,1990200
20337,1909300
20338,1713000
20339,2092500
20340,1763000
20341,1693000
20342,1698200
20343,1661300
20344,1724800
20345,1867800
20346,1817300
20347,1658500
20348,1819800
20349,2022300
20350,1698300
20351,1645800
20352,1559300
20353,1757700
20354,1688900
20355,1729300
20356,1676900
20357,1580200
20358,1788300
20359,1674300
20360,1890800
20361,1668300
20362,1621100
20363,1915200
20364,1632000
20365,1640100
20366,1582900
20367,1722000
20368,2591300
20369,1906300
20370,1669700
20371,1644500
20372,1800000
20373,1718000
20374,1627600
20375,1622500
20376,1698000
20377,2099400
20378,1806700
20379,1823600
20380,1746600
20381,1711000
20382,1635400
20383,1630200
20384,1669200
20385,1757700
20386,1608300
20387,1797500
20388,1747500
20389,1676700
20390,1836200
20391,1684100
20392,1762700
20393,1628800
20394,1564500
20395,1644100
20396,1849500
20397,1868700
20398,1667700
20399,1658600
20400,1843700
20401,1623600
20402,1640400
20403,1619000
20404,1579000
20405,1572500
20406,1635400
20407,1975000
20408,1718700
20409,1982600
20410,1723000
20411,1661300
20412,1611800
20413,1718000
20414,1780300
20415,1632800
20416,1853900
20417,1757100
20418,1798900
20419,1586500
20420,1655700
20421,1730300
20422,1577300
20423,1683600
20424,1642400
20425,1654200
20426,1855900
20427,1886400
20428,1639200
20429,1642600
20430,1590500
20431,1613000
20432,1591900
20433,1603200
20434,1682400
20435,1777500
20436,1900200
20437,2111400
20438,1755400
20439,1583400
20440,1675800
20441,1602400
20442,1656800
20443,1640400
20444,1622400
20445,1879600
20446,1769400
20447,1701200
20448,1687300
20449,1611000
20450,1639100
20451,1627100
20452,1566900
20453,1664100
20454,1551100
20455,2103300
20456,1829400
20457,1705100
20458,1647400
20459,1606100
20460,2002100
20461,1787600
20462,1665600
20463,1666000
20464,1829200
20465,1725900
20466,1695300
20467,1665700
20468,1797200
20469,1599300
20470,1743100
20471,1600600
20472,1582700
20473,1899800
20474,1968600
20475,1866600
20476,1846900
20477,1628200
20478,1583700
20479,1732600
20480,1674900
20481,1568300
20482,1884100
20483,1814700
20484,1844200
20485,1751100
20486,1625100
20487,1630900
20488,1572500
20489,1566900
20490,1588600
20491,1719300
20492,1721200
20493,1681100
20494,1788500
20495,1745800
20496,1635600
20497,1621700
20498,1525200
20499,1719700
20500,1630500
20501,1849600
20502,1936300
20503,2375700
20504,2367900
20505,1919800
20506,1874700
20507,1889900
20508,1955900
20509,1993800
20510,1873000
20511,2028900
20512,2419000
20513,1837400
20514,1821800
20515,1900400
20516,1870700
20517,2168600
20518,1858300
20519,1759900
20520,2025300
20521,2052900
20522,1881300
20523,1987700
20524,1775800
20525,1780400
20526,1651500
20527,1678600
20528,1639800
20529,1821300
20530,1779400
20531,1699400
20532,1625600
20533,1725100
20534,1831900
20535,1634700
20536,1599400
20537,1737000
20538,1650000
20539,1956300
20540,1718400
20541,1670300
20542,1709300
20543,1645600
20544,1857700
20545,1618100
20546,1624100
20547,1632900
20548,1594500
20549,1909000
20550,1670100
20551,1768400
20552,1655000
20553,1741700
20554,1713500
20555,1626400
20556,1645900
20557,1693900
20558,1641400
20559,1921200
20560,1688900
20561,1669200
20562,1728000
20563,1690300
20564,1704700
20565,1633400
20566,1776900
20567,1687300
20568,1834900
20569,1827000
20570,1764700
20571,1796600
20572,1620900
20573,1659500
20574,1647600
20575,1622800
20576,1611900
20577,1701500
20578,1936200
20579,1744000
20580,1730500
20581,1817100
20582,1768000
20583,1709500
20584,1620800
20585,1679400
20586,1681200
20587,1938800
20588,1708400
20589,1678300
20590,1920400
20591,1775200
20592,1591300
20593,1685000
20594,1637300
20595,1622200
20596,1749700
20597,1767300
20598,1733100
20599,1917500
20600,1797400
20601,1677800
20602,1565000
20603,1669700
20604,1599100
20605,1614200
20606,1664600
20607,1851000
20608,1862000
20609,2040400
20610,1811600
20611,1632400
20612,1705600
20613,1646000
20614,1612800
20615,1606300
20616,1850600
20617,2006400
20618,1758600
20619,1680100
20620,1599400
20621,1626600
20622,1809000
20623,1687600
20624,1622100
20625,1622200
20626,1781300
20627,1859200
20628,1758900
20629,1795500
20630,1633600
20631,1674800
20632,1667300
20633,1792700
20634,1980100
20635,2088700
20636,2034300
20637,1920000
20638,1694300
20639,1658100
20640,1684600
20641,1633500
20642,1633100
20643,1738200
20644,1831600
20645,1897400
20646,1657900
20647,1714000
20648,1632800
20649,1631700
20650,1778000
20651,1593000
20652,1587600
20653,1635900
20654,1653600
20655,1800300
20656,1877000
20657,1622200
20658,1704800
20659,1637400
20660,1775300
20661,1665500
20662,1712700
20663,1678300
20664,1942100
20665,1963200
20666,1762400
20667,1633000
20668,1681200
20669,1628700
20670,1667600
20671,1745200
20672,1636900
20673,1631700
20674,1801100
20675,1716500
20676,1691400
20677,1590100
20678,1661700
20679,1601100
20680,1623300
20681,1778600
20682,1633100
20683,1575300
20684,2018200
20685,1784500
20686,1694700
20687,1642600
20688,1614700
20689,1561700
20690,1800300
20691,1669800
20692,1610600
20693,1612400
20694,1835100
20695,1840100
20696,1593100
20697,1648900
20698,1564900
20699,1588300
20700,1736000
20701,1728100
20702,1622100
20703,1799300
20704,2078200
20705,1745500
20706,1629000
20707,1754200
20708,2051200
20709,1725700
20710,1730500
20711,1554700
20712,1654600
20713,1784800
20714,1994500
20715,1604200
20716,1722500
20717,1616700
20718,1691000
20719,1646000
20720,1593400
20721,1648300
20722,1572100
20723,1892200
20724,1802700
20725,1639000
20726,1623800
20727,1759000
20728,1687900
20729,1642600
20730,1583300
20731,1613600
20732,1638600
20733,1980600
20734,1832700
20735,1644200
20736,1676200
20737,1786200
20738,1801800
20739,1716700
20740,1639800
20741,1572100
20742,1796000
20743,1911400
20744,1713300
20745,1641400
20746,1818100
20747,2111200
20748,1782500
20749,2064400
20750,1911800
20751,1857200
20752,1978400
20753,1846500
20754,1855800
20755,1752400
20756,1624900
20757,1654900
20758,1703100
20759,1635300
20760,1583600
20761,1878200
20762,1809800
20763,1562000
20764,1984000
20765,1743300
20766,1720900
20767,1958900
20768,1810300
20769,1722000
20770,1992100
20771,1689400
20772,1944900
20773,1833900
20774,1570700
20775,1710400
20776,1937700
20777,1746300
20778,1659900
20779,1672400
20780,2187800
20781,1889400
20782,1647300
20783,1626500
20784,1721500
20785,1699200
20786,1640500
20787,1614900
20788,1574800
20789,1681100
20790,1905900
20791,1699900
20792,1639400
20793,1622500
20794,1652000
20795,1696000
20796,1616000
20797,1664000
20798,1610300
20799,1871000
20800,2165500
20801,1713300
20802,1756800
20803,1713000
20804,1780900
20805,1629600
20806,1543500
20807,1576800
20808,1635000
20809,2127700
20810,1821100
20811,1729400
20812,1566500
20813,1630600
20814,1669500
20815,1619800
20816,1638300
20817,1611200
20818,1882900
20819,1751000
20820,1880300
20821,1652000
20822,1621500
20823,1607400
20824,1736000
20825,1600300
20826,1691800
20827,1902900
20828,2416100
20829,2566700
20830,2103900
20831,2315400
20832,1858600
20833,1773700
20834,1688100
20835,2359200
20836,2434100
20837,1851200
20838,1672500
20839,1603400
20840,1640600
20841,1578600
20842,1661300
20843,1890500
20844,1850100
20845,2033200
20846,1762700
20847,1649800
20848,1668900
20849,1688000
20850,1655500
20851,1715600
20852,1922600
20853,1676800
20854,1770600
20855,1996700
20856,1691800
20857,1649300
20858,1606200
20859,1742000
20860,1626700
20861,1861800
20862,1805200
20863,1719000
20864,2014700
20865,1891600
20866,1660800
20867,1626400
20868,1535900
20869,1636900
20870,1695400
20871,1712800
20872,1551400
20873,1641600
20874,1827900
20875,1764000
20876,1607200
20877,1564400
20878,1637100
20879,1613700
20880,1716100
20881,1748100
20882,1803600
20883,1534100
20884,1910900
20885,1799500
20886,1635900
20887,1680100
20888,1636700
20889,1902400
20890,1625900
20891,1619800
20892,1585600
20893,1644900
20894,1970000
20895,1726200
20896,1609600
20897,1713200
20898,1694000
20899,1894000
20900,1771500
20901,1677400
20902,1611500
20903,2026000
20904,1763500
20905,1681400
20906,1706200
20907,1809700
20908,1945800
20909,1827100
20910,1748300
20911,1804400
20912,1790200
20913,2002800
20914,1722900
20915,1679000
20916,1735000
20917,1759200
20918,1769200
20919,1832800
20920,1660600
20921,1694500
20922,2153400
20923,1764600
20924,2032500
20925,1854000
20926,1641500
20927,1739500
20928,1680600
20929,1731200
20930,1614800
20931,1753500
20932,1593200
20933,1754100
20934,1921100
20935,1664500
20936,1656600
20937,1577100
20938,1705600
20939,1584000
20940,1566300
20941,1963700
20942,1708500
20943,1889600
20944,1681400
20945,1759500
20946,1679100
20947,1631600
20948,1608700
20949,1699400
20950,1509900
20951,1720500
20952,2052500
20953,1745900
20954,1674300
20955,1701800
20956,1759600
20957,1569300
20958,1619300
20959,1648700
20960,1760900
20961,2140000
20962,1702900
20963,1702600
20964,1631400
20965,1713900
20966,1677400
20967,1652900
20968,1571800
20969,1762600
20970,1846400
20971,1802100
20972,1762300
20973,1626900
20974,1599700
20975,1602300
20976,1575800
20977,1685500
20978,1638300
20979,1889900
20980,2083100
20981,1771200
20982,1681100
20983,1643400
20984,1615500
20985,1684600
20986,1651400
20987,1579800
20988,1904100
20989,2282100
20990,2409800
20991,1864400
20992,1679900
20993,1636600
20994,1843000
20995,1614400
20996,1665100
20997,1649700
20998,1718300
20999,1767600
21000,1670300
21001,1678700
21002,1475800
21003,1551100
21004,1746500
21005,1589100
21006,1822400
21007,1693700
21008,1804900
21009,2031200
21010,1740100
21011,1746400
21012,1716100
21013,1658700
21014,1746900
21015,1758900
21016,1897700
21017,1688800
21018,2157000
21019,1871800
21020,1700300
21021,1568200
21022,1581100
21023,1697500
21024,1703000
21025,1748900
21026,1588900
21027,1791100
21028,1671600
21029,1696300
21030,1725600
21031,1653800
21032,1615500
21033,1720800
21034,1779600
21035,1615100
21036,1846100
21037,2082200
21038,1867000
21039,1713100
21040,1780900
21041,1644600
21042,1735900
21043,1788100
21044,1680200
21045,1619000
21046,1657400
21047,1758200
21048,1689300
21049,1808000
21050,1707200
21051,1751100
21052,2005200
21053,1775400
21054,1752300
21055,1583900
21056,1851000
21057,1771000
21058,1631100
21059,1663600
21060,2038100
21061,1932300
21062,1845100
21063,1791500
21064,1943500
21065,2227100
21066,2458600
21067,2485800
21068,2581900
21069,2198300
21070,2337400
21071,2203800
21072,2288800
21073,2547000
21074,2024700
21075,2714800
21076,2308800
21077,1965500
21078,2003000
21079,2082500
21080,2170800
21081,2004800
21082,2087500
21083,2118100
21084,1979500
21085,1942300
21086,2049500
21087,2160300
21088,2549700
21089,3212500
21090,2279300
21091,2034300
21092,2061100
21093,2007000
21094,2153400
21095,2389400
21096,2365700
21097,2376500
21098,2548700
21099,2221900
21100,2554900
21101,3419000
21102,2757000
21103,2226800
21104,2079200
21105,2078000
21106,2065200
21107,2166800
21108,2245700
21109,3306700
21110,2066700
21111,1879800
21112,1838500
21113,2207100
21114,2124600
21115,2504000
21116,2666900
21117,2136100
21118,1935600
21119,1873200
21120,2016100
21121,1840800
21122,1789800
21123,1879400
21124,1946500
21125,2236200
21126,1876700
21127,1811200
21128,1759300
21129,1832000
21130,1743600
21131,1712100
21132,1951800
21133,2199700
21134,2491600
21135,1951800
21136,1848600
21137,1766600
21138,1964600
21139,1948900
21140,2021900
21141,2215300
21142,2026100
21143,2002800
21144,1768600
21145,1700300
21146,1604400
21147,1736700
21148,1616600
21149,1872800
21150,1715300
21151,2022800
21152,1724400
21153,1659500
21154,1733600
21155,1627300
21156,1645400
21157,1608800
21158,1692100
21159,1749600
21160,1651300
21161,2200900
21162,1705200
21163,1622700
21164,1627900
21165,1634500
21166,1667700
21167,1767700
21168,2285500
21169,1918500
21170,1943000
21171,1795800
21172,1696200
21173,1599400
21174,1602300
21175,1659900
21176,1863200
21177,1825800
21178,1691300
21179,1772100
21180,1705100
21181,1747200
21182,1717400
21183,1597600
21184,1612400
21185,1822500
21186,1714900
21187,1610000
21188,1601800
21189,1739300
21190,1902600
21191,1637800
21192,1670200
21193,1658600
21194,1913200
21195,1873500
21196,1695400
21197,1709900
21198,1622500
21199,1822400
21200,1773000
21201,1703600
21202,1623900
21203,1738700
21204,1675300
21205,1619500
21206,1589600
21207,1638800
21208,1912200
21209,1990500
21210,1753400
21211,1707700
21212,1891300
21213,1720400
21214,1642200
21215,1633900
21216,1642900
21217,1543900
21218,1741800
21219,1618000
21220,1653500
21221,1591200
21222,1861600
21223,1723700
21224,1554900
21225,1636400
21226,1595800
21227,1562000
21228,2012700
21229,1795000
21230,1669000
21231,1873400
21232,1818600
21233,1589900
21234,1582700
21235,1680400
21236,1624400
21237,1664500
21238,1828900
21239,1711500
21240,1891000
21241,1621500
21242,1779000
21243,1790800
21244,1618600
21245,1554300
21246,1694600
21247,1930200
21248,1829200
21249,1941700
21250,1788200
21251,1788500
21252,1719300
21253,1721100
21254,1612300
21255,1777900
21256,1573500
21257,1806100
21258,2074000
21259,1809100
21260,1693900
21261,1611800
21262,1997600
21263,1643700
21264,1670100
21265,1682500
21266,1756200
21267,2189300
21268,1837600
21269,1597000
21270,1657600
21271,1704300
21272,1556900
21273,1591100
21274,1650400
21275,1761400
21276,1864800
21277,1848600
21278,1639000
21279,1636800
21280,1709900
21281,1668000
21282,1649500
21283,1606500
21284,1626100
21285,1653100
21286,2118700
21287,1901800
21288,1703600
21289,1699500
21290,1639200
21291,1563600
21292,1626800
21293,1610600
21294,1573200
21295,1859600
21296,2284200
21297,2074700
21298,1778200
21299,2032200
21300,1849900
21301,1731000
21302,1645100
21303,1572400
21304,1885500
21305,2058500
21306,1699300
21307,1577300
21308,1610000
21309,1601900
21310,1721400
21311,1695200
21312,1644300
21313,1721400
21314,2210200
21315,1754600
21316,1635700
21317,1604500
21318,1670200
21319,1696700
21320,1675100
21321,1588600
21322,1699600
21323,1908100
21324,2049500
21325,1659400
21326,1781500
21327,1590100
21328,1642100
21329,1745200
21330,1564300
21331,1600600
21332,1758000
21333,1771400
21334,1804700
21335,1800700
21336,1702200
21337,1682400
21338,1689200
21339,1684200
21340,1624300
21341,1764800
21342,1610000
21343,1948800
21344,1753800
21345,1690000
21346,1648200
21347,1577700
21348,1664400
21349,1641400
21350,1749700
21351,1653800
21352,1639500
21353,2018800
21354,1778900
21355,1645700
21356,1626600
21357,1611500
21358,1616800
21359,1678600
21360,1920100
21361,1780400
21362,1847000
21363,1791100
21364,1697300
21365,1591200
21366,1676200
21367,1580600
21368,1669300
21369,1668400
21370,1621200
21371,1798900
21372,1669400
21373,1788300
21374,1752800
21375,1740400
21376,1680100
21377,1664300
21378,1939200
21379,1660000
21380,1558500
21381,1621800
21382,1841900
21383,1647300
21384,1671500
21385,1685500
21386,1650800
21387,1787600
21388,1908400
21389,1722700
21390,1715700
21391,1695600
21392,1874000
21393,1714500
21394,1662200
21395,1627200
21396,2256700
21397,2239000
21398,2308300
21399,1990000
21400,2211700
21401,1849500
21402,1685600
21403,1718500
21404,1679200
21405,1604000
21406,1608700
21407,1604000
21408,1585600
21409,1661700
21410,1859400
21411,1696400
21412,1647000
21413,1940900
21414,1777500
21415,1728600
21416,1650900
21417,1618900
21418,1627200
21419,1854300
21420,1833900
21421,1762200
21422,1778600
21423,1592800
21424,1618100
21425,1668900
21426,1556400
21427,1541600
21428,1619200
21429,1645300
21430,2011200
21431,2105800
21432,1807500
21433,1610900
21434,1602900
21435,1611500
21436,1653400
21437,1648700
21438,1549000
21439,1813300
21440,1629500
21441,1916400
21442,1778300
21443,1597700
21444,1648900
21445,1642300
21446,1614300
21447,1620000
21448,1568200
21449,2151700
21450,1872100
21451,1661400
21452,1606300
21453,1643200
21454,1687100
21455,1586500
21456,1663700
21457,1586000
21458,1722100
21459,2010300
21460,1735200
21461,1633100
21462,1610000
21463,1589900
21464,1577400
21465,1573900
21466,1620800
21467,1666800
21468,1656100
21469,2385800
21470,2201700
21471,1905700
21472,1735600
21473,1643300
21474,1624100
21475,1642200
21476,1628200
21477,1650600
21478,1958200
21479,1741000
21480,1630800
21481,1664800
21482,1636500
21483,1764100
21484,1674800
21485,1775500
21486,1801300
21487,2282700
21488,2072500
21489,1622800
21490,1708800
21491,1697000
21492,1657900
21493,1565800
21494,1583500
21495,1668900
21496,1652500
21497,1894900
21498,1700500
21499,1665000
21500,1581600
21501,1563600
21502,1537800
21503,1595400
21504,1648000
21505,1860700
21506,1778200
21507,1849200
21508,1633500
21509,1774600
21510,1690300
21511,1630000
21512,1617900
21513,1628200
21514,1763800
21515,1811900
21516,1715600
21517,2085300
21518,1722200
21519,1601200
21520,1657700
21521,1608100
21522,1607600
21523,1869900
21524,1698600
21525,1632300
21526,1742700
21527,1820300
21528,1677600
21529,1596100
21530,1643600
21531,1672200
21532,1793100
21533,1701000
21534,1635600
21535,1558200
21536,1937700
21537,1917400
21538,1773500
21539,1646800
21540,1631800
21541,1680600
21542,2063700
21543,1834200
21544,1612300
21545,1623700
21546,1850400
21547,1812800
21548,1662800
21549,1576800
21550,1642100
21551,1773400
21552,1653900
21553,1609100
21554,1642500
21555,1874200
21556,1736000
21557,1720200
21558,1591900
21559,1602400
21560,1714900
21561,1716600
21562,1647900
21563,1740200
21564,1621500
21565,1817700
21566,1666100
21567,1683600
21568,1608300
21569,1565000
21570,1990000
21571,1738000
21572,1561300
21573,1711600
21574,1715500
21575,1727200
21576,1782000
21577,1791400
21578,1630400
21579,1782400
21580,1626300
21581,1676900
21582,1583400
21583,1583100
21584,1544300
21585,1932400
21586,1954700
21587,1636700
21588,1741200
21589,1663800
21590,1592900
21591,1702200
21592,1619000
21593,1581900
21594,1631800
21595,1917600
21596,1767000
21597,1793400
21598,1647500
21599,1635100
21600,1640800
21601,1671000
21602,1655500
21603,1655900
21604,1633900
21605,1793800
21606,1853100
21607,1791400
21608,1627200
21609,1636200
21610,1622900
21611,1620900
21612,1697900
21613,1517400
21614,2042600
21615,1951600
21616,1874900
21617,1676800
21618,1753100
21619,1645800
21620,1628500
21621,1629000
21622,1507000
21623,1626400
21624,1898800
21625,1820800
21626,1786900
21627,1640700
21628,1603900
21629,1712100
21630,1671900
21631,1625500
21632,1641400
21633,1702400
21634,2077900
21635,1767800
21636,1674100
21637,1700100
21638,1628600
21639,1672600
21640,1616800
21641,1605000
21642,1720800
21643,1992400
21644,2165900
21645,2138900
21646,2214100
21647,2114200
21648,1884600
21649,1769800
21650,1846800
21651,1926900
21652,2388100
21653,1833200
21654,1780900
21655,1739900
21656,1712400
21657,1997900
21658,1916900
21659,1856000
21660,1956900
21661,2097900
21662,1897900
21663,1698200
21664,1860700
21665,1688700
21666,1596400
21667,1695400
21668,1706200
21669,1592500
21670,1925300
21671,1761700
21672,1616800
21673,1692000
21674,1599000
21675,1529000
21676,1730800
21677,1638000
21678,1710300
21679,1717700
21680,2021900
21681,1800000
21682,1722800
21683,1687700
21684,1582600
21685,1649200
21686,1645500
21687,1708300
21688,1651900
21689,1811900
21690,1662700
21691,1714000
21692,1659800
21693,1604700
21694,1708900
21695,1713100
21696,1781400
21697,1706800
21698,1580900
21699,1751300
21700,1844400
21701,1842500
21702,1623900
21703,1593000
21704,1645200
21705,1826200
21706,1849500
21707,1684900
21708,1677900
21709,2103600
21710,1816600
21711,1614800
21712,1640000
21713,1672600
21714,1763600
21715,1632400
21716,1652000
21717,1634300
21718,1708800
21719,1784100
21720,1757900
21721,1732600
21722,1638500
21723,1697200
21724,1720600
21725,1687000
21726,1707000
21727,1666300
21728,1811400
21729,1717000
21730,1772100
21731,1616700
21732,1959500
21733,1692600
21734,1683400
21735,1723900
21736,1672600
21737,1568400
21738,1737100
21739,1683700
21740,2065300
21741,1969500
21742,1711000
21743,1649000
21744,1615000
21745,1587800
21746,1629500
21747,1660300
21748,1865800
21749,1723800
21750,2114800
21751,1923200
21752,1722500
21753,1801900
21754,1571300
21755,1574300
21756,1786700
21757,1823500
21758,1960100
21759,1879400
21760,1636300
21761,1623500
21762,1699400
21763,1603900
21764,1604400
21765,1674500
21766,1751600
21767,2158200
21768,1753500
21769,1599000
21770,1650900
21771,1625200
21772,1638500
21773,1777700
21774,1618500
21775,1633200
21776,1865300
21777,1953400
21778,1905800
21779,1626100
21780,1602000
21781,1558400
21782,1607400
21783,1645500
21784,1682100
21785,1554200
21786,1869600
21787,1759300
21788,1760100
21789,1641800
21790,1567300
21791,1637500
21792,1683600
21793,1691200
21794,1666900
21795,1632800
21796,2189700
21797,1833800
21798,1654000
21799,1605000
21800,1575700
21801,1659700
21802,1715600
21803,1588700
21804,1683200
21805,1701100
21806,2093400
21807,1802700
21808,1595200
21809,1680000
21810,1654500
21811,1671100
21812,1587000
21813,1600400
21814,1673800
21815,1797700
21816,1827900
21817,1709300
21818,1775600
21819,1779400
21820,1674800
21821,1687400
21822,1695900
21823,1661800
21824,1637600
21825,2023900
21826,1719100
21827,1680000
21828,1620200
21829,1624900
21830,1696100
21831,1617600
21832,1618200
21833,1753600
21834,1631900
21835,1826800
21836,1748600
21837,1584000
21838,1598400
21839,1664200
21840,1618000
21841,2044800
21842,1827200
21843,1712700
21844,1880500
21845,2111300
21846,1673000
21847,1809900
21848,1666700
21849,1672300
21850,1557200
21851,1745400
21852,1620200
21853,1614000
21854,1818900
21855,1681600
21856,1703700
21857,1735100
21858,1770200
21859,1691100
21860,1634500
21861,1681700
21862,1610600
21863,1671700
21864,1832100
21865,1609300
21866,1741000
21867,1701300
21868,1625300
21869,1661300
21870,1721800
21871,1705300
21872,1630400
21873,1839000
21874,2218900
21875,1754100
21876,1768000
21877,1580600
21878,1569000
21879,2003400
21880,2083200
21881,1780700
21882,2085600
21883,2119700
21884,1663500
21885,1654500
21886,1656500
21887,1977600
21888,1848900
21889,1678800
21890,1631000
21891,1558800
21892,1813200
21893,1784800
21894,1761400
21895,1779700
21896,1924800
21897,1657300
21898,1683000
21899,1662900
21900,1679100
21901,1707800
21902,2015000
21903,1642800
21904,1706300
21905,1735900
21906,1664500
21907,1728700
21908,1681400
21909,1552800
21910,1681200
21911,1759500
21912,1906100
21913,1847300
21914,1956100
21915,1787900
21916,1607600
21917,1678900
21918,1610100
21919,1644000
21920,1654600
21921,1846200
21922,1676400
21923,1654200
21924,1692100
21925,1902800
21926,1923800
21927,1664500
21928,1637900
21929,1616700
21930,1623400
21931,1797100
21932,1767500
21933,1682100
21934,1622000
21935,1609000
21936,1749300
21937,1671200
21938,1622700
21939,1603300
21940,1747500
21941,2087600
21942,1994100
21943,1853700
21944,1685700
21945,1657100
21946,1683300
21947,1603700
21948,1582200
21949,1611400
21950,1859100
21951,1920800
21952,1831700
21953,1689700
21954,1625200
21955,1670800
21956,1616200
21957,1690900
21958,1689600
21959,1739800
21960,1695200
21961,1971100
21962,1756400
21963,1752400
21964,1678600
21965,1664400
21966,1695300
21967,1657500
21968,1619000
21969,1787200
21970,2161900
21971,1659200
21972,1619000
21973,1653500
21974,1661200
21975,1659300
21976,1645800
21977,1635900
21978,1635500
21979,2017900
21980,1855900
21981,1669600
21982,1701700
21983,1711700
21984,1790700
21985,1671200
21986,1565400
21987,1510100
21988,2550000
21989,2376300
21990,2495800
21991,2144300
21992,1948600
21993,1736500
21994,1743100
21995,1786500
21996,2113000
21997,2043800
21998,1785400
21999,1625800
22000,1626800
22001,1620200
22002,1607200
22003,1673200
22004,1728000
22005,1963700
22006,2052500
22007,1796400
22008,1655700
22009,1588800
22010,1659700
22011,1665500
22012,1648800
22013,1626400
22014,1845600
22015,1652300
22016,1970800
22017,1674600
22018,1625500
22019,1578600
22020,1692600
22021,1668500
22022,1618900
22023,1751400
22024,1716300
22025,1689500
22026,1735000
22027,1703900
22028,1711200
22029,1593100
22030,1628900
22031,1611600
22032,1862600
22033,1734300
22034,1675900
22035,1705300
22036,1873200
22037,1593900
22038,1585500
22039,1667500
22040,1567200
22041,1586900
22042,1749800
22043,1588100
22044,1618000
22045,1938700
22046,1846500
22047,1707500
22048,1600200
22049,1599500
22050,1599500
22051,2116700
22052,2027900
22053,1811500
22054,1819000
22055,1789200
22056,1885000
22057,1780800
22058,1627700
22059,2081400
22060,2062800
22061,1919700
22062,1884500
22063,1752300
22064,1841800
22065,1909200
22066,1671200
22067,1758200
22068,1927200
22069,1700900
22070,1647400
22071,1660300
22072,1666700
22073,1906100
22074,1693900
22075,1646300
22076,1587000
22077,1786300
22078,1675900
22079,1611200
22080,1711800
22081,1592000
22082,1568500
22083,1884800
22084,1742000
22085,1655800
22086,1705600
22087,1991600
22088,1761500
22089,1665400
22090,1698200
22091,1564800
22092,1666800
22093,2075400
22094,1699000
22095,1731400
22096,1658000
22097,1713400
22098,1856500
22099,1605500
22100,1612100
22101,1666400
22102,2116700
22103,1789500
22104,1956800
22105,1804500
22106,1618000
22107,1638600
22108,1687400
22109,1675800
22110,1576900
22111,1670100
22112,1929900
22113,1829600
22114,1707800
22115,1631600
22116,1637000
22117,1643400
22118,1646500
22119,1653600
22120,1553800
22121,1881500
22122,1660400
22123,2217300
22124,2166600
22125,2063700
22126,1740800
22127,1651100
22128,1651200
22129,1560700
22130,1716900
22131,1815800
22132,1787100
22133,1671900
22134,1660900
22135,1716900
22136,1747300
22137,1709600
22138,1626000
22139,1618400
22140,2120200
22141,1895200
22142,1648200
22143,1650600
22144,1677600
22145,1739300
22146,1627100
22147,1555500
22148,1615700
22149,1584800
22150,1863800
22151,1707700
22152,1662900
22153,1545700
22154,1731900
22155,1607000
22156,1567200
22157,1584900
22158,1613000
22159,1594700
22160,1978600
22161,1923800
22162,1802000
22163,1712800
22164,1723300
22165,1562700
22166,1622300
22167,1562600
22168,1625900
22169,1773600
22170,1838400
22171,1749700
22172,1662600
22173,1610800
22174,1636600
22175,1543900
22176,1644500
22177,1543000
22178,1821900
22179,1634900
22180,2052600
22181,1813700
22182,1616900
22183,1723300
22184,1613400
22185,1673100
22186,1577000
22187,1778200
22188,1662500
22189,1685700
22190,1677300
22191,1725900
22192,1581900
22193,1595500
22194,1721300
22195,1684000
22196,1580000
22197,2075700
22198,1715200
22199,2141400
22200,1902800
22201,1715200
22202,1632100
22203,1629200
22204,1592300
22205,1588100
22206,1851400
22207,1597800
22208,1692600
22209,1951900
22210,1680700
22211,1647600
22212,1701200
22213,1613600
22214,1678300
22215,1663300
22216,1587100
22217,1626400
22218,1833400
22219,1804800
22220,1777000
22221,1614600
22222,1674600
22223,1650500
22224,1780400
22225,1946200
22226,2303100
22227,2636000
22228,2591800
22229,1844000
22230,1818700
22231,1804700
22232,2173500
22233,1895700
22234,1732500
22235,1986900
22236,2303700
22237,2204800
22238,1982300
22239,2012000
22240,1954100
22241,1728500
22242,1884200
22243,1802500
22244,2039700
22245,2096500
22246,1760300
22247,1803500
22248,1957300
22249,2015500
22250,1786500
22251,1918800
22252,1786800
22253,2581800
22254,2066300
22255,1940100
22256,2040200
22257,1828800
22258,1847700
22259,1930400
22260,1733600
22261,2014800
22262,2128500
22263,1872800
22264,1950500
22265,1799600
22266,1849100
22267,1785400
22268,1923400
22269,1942500
22270,2132700
22271,1917700
22272,2053700
22273,1918400
22274,1970800
22275,1899300
22276,1845500
22277,1833500
22278,1884000
22279,1988200
22280,1860900
22281,2810600
22282,2354800
22283,2212000
22284,1843600
22285,1833900
22286,1782100
22287,2100400
22288,1871800
22289,1793100
22290,1805500
22291,1806800
22292,1841500
22293,1831200
22294,1774900
22295,1867000
22296,2187100
22297,1869800
22298,1838700
22299,1814700
22300,1746200
22301,1853400
22302,1776800
22303,1756400
22304,1809200
22305,2477500
22306,1938900
22307,1895000
22308,1831900
22309,1908000
22310,1717000
22311,1907700
22312,1852200
22313,2591000
22314,2327000
22315,2135100
22316,1829300
22317,1819300
22318,1854900
22319,1823400
22320,1821400
22321,2202500
22322,2436900
22323,2122900
22324,1903100
22325,1796900
22326,1790800
22327,1763000
22328,1836400
22329,1976000
22330,2315800
22331,1881200
22332,1873500
22333,1743600
22334,1802400
22335,1761700
22336,1858200
22337,1821200
22338,1970600
22339,2624700
22340,1956000
22341,1756300
22342,1826100
22343,1832800
22344,1804700
22345,1861100
22346,1892000
22347,2353000
22348,1984000
22349,1798000
22350,1763600
22351,1768200
22352,1800900
22353,1768100
22354,1863300
22355,1821300
22356,2234200
22357,1964200
22358,1772900
22359,1840100
22360,1917500
22361,1803400
22362,2602000
22363,2491600
22364,3451600
22365,2066500
22366,2373200
22367,3237000
22368,4551300
22369,4314200
22370,3790600
22371,3078500
22372,3127200
22373,2717600
22374,3007100
22375,2841100
22376,1723000
22377,1703800
22378,1795200
22379,1795900
22380,1623000
22381,1667400
22382,1593600
22383,1857900
22384,1815700
22385,1644800
22386,1688000
22387,1580800
22388,1707700
22389,2023500
22390,1578600
22391,1638400
22392,1724000
22393,1947700
22394,1592000
22395,1759400
22396,1655200
22397,1769800
22398,1810800
22399,1594600
22400,1587700
22401,1615100
22402,1711600
22403,1809900
22404,1724200
22405,1672800
22406,1746300
22407,1634000
22408,1601700
22409,1648900
22410,1695200
22411,1617800
22412,1834900
22413,1747200
22414,1637700
22415,1639900
22416,1730200
22417,1622600
22418,1569000
22419,1618900
22420,1651600
22421,1686700
22422,2207200
22423,1824800
22424,1644200
22425,1980400
22426,2180300
22427,1861800
22428,1915600
22429,1966300
22430,1698300
22431,1832400
22432,1792200
22433,1762000
22434,1866900
22435,1650500
22436,1615700
22437,1627400
22438,1686000
22439,1559100
22440,1817400
22441,1684700
22442,1699700
22443,1815300
22444,1777800
22445,1726700
22446,1618100
22447,1545300
22448,1695300
22449,1595500
22450,1758600
22451,1803800
22452,1943200
22453,1845000
22454,1624200
22455,1681100
22456,1603000
22457,1627800
22458,1577300
22459,1565500
22460,1687200
22461,1674700
22462,1973100
22463,1734100
22464,1692100
22465,1607300
22466,1567700
22467,1632500
22468,1603600
22469,1564900
22470,1948400
22471,1853100
22472,1649500
22473,1678500
22474,1604300
22475,1626400
22476,1604200
22477,1574900
22478,1579200
22479,1704500
22480,1853800
22481,1841000
22482,1646500
22483,1605300
22484,1658600
22485,1591300
22486,1612300
22487,1610200
22488,1679700
22489,1722500
22490,2399300
22491,1937100
22492,1703800
22493,1720500
22494,1657300
22495,1687500
22496,1630400
22497,1740400
22498,1706400
22499,2321000
22500,1800600
22501,1920500
22502,1772300
22503,1826900
22504,1725500
22505,1616000
22506,1727600
22507,1747200
22508,1751400
22509,1751100
22510,1742700
22511,1585800
22512,1714200
22513,1616600
22514,1616500
22515,1639600
22516,1658600
22517,1804400
22518,1795100
22519,1684200
22520,1729600
22521,1657400
22522,1653600
22523,1576500
22524,1773600
22525,1637700
22526,1715400
22527,2075700
22528,1800900
22529,1739300
22530,1631300
22531,1644400
22532,1614400
22533,1664400
22534,1708700
22535,1578800
22536,1980500
22537,1843600
22538,2024300
22539,1647400
22540,1655700
22541,1634600
22542,1694900
22543,1818400
22544,1581400
22545,2093500
22546,1826700
22547,2531700
22548,2084100
22549,1941100
22550,1767100
22551,1719400
22552,1614200
22553,2013000
22554,1780700
22555,1727600
22556,1711100
22557,1749800
22558,1688900
22559,1642900
22560,1756700
22561,1731800
22562,1769800
22563,1655400
22564,1729800
22565,1954500
22566,1954700
22567,1658800
22568,1730400
22569,1654100
22570,1593100
22571,1743200
22572,1725700
22573,1649600
22574,1607300
22575,1876400
22576,1747400
22577,1665500
22578,1715500
22579,1653700
22580,1708300
22581,1644100
22582,1611500
22583,1575200
22584,1571700
22585,1809100
22586,1808000
22587,1865700
22588,1692700
22589,1860500
22590,1779900
22591,1630700
22592,1564800
22593,1632000
22594,1737700
22595,1798200
22596,1635600
22597,1704200
22598,1655900
22599,1862800
22600,1779400
22601,1685200
22602,1648000
22603,1567300
22604,1667000
22605,1761900
22606,1714100
22607,1758000
22608,2162600
22609,1974800
22610,1741500
22611,1846500
22612,1766700
22613,1654800
22614,1949700
22615,1802600
22616,1945300
22617,1928700
22618,1862000
22619,1680300
22620,1689400
22621,1679700
22622,1716600
22623,1931600
22624,2059800
22625,1937700
22626,1661500
22627,1555200
22628,1719400
22629,1658000
22630,1579400
22631,1672800
22632,1694300
22633,1783700
22634,1844400
22635,1662800
22636,1623900
22637,1625400
22638,1643400
22639,1583700
22640,1620600
22641,1633700
22642,1826500
22643,1857000
22644,1729300
22645,1597200
22646,1577300
22647,1553200
22648,1608100
22649,1529600
22650,1669800
22651,1591300
22652,1998600
22653,2156000
22654,1656100
22655,1656600
22656,1623800
22657,1648900
22658,1597400
22659,1628600
22660,1613100
22661,1670200
22662,2065600
22663,1708200
22664,1702500
22665,1807400
22666,1938000
22667,2153500
22668,1863400
22669,1875800
22670,2087900
22671,2116800
22672,2032000
22673,1830000
22674,1803000
22675,2104200
22676,2099600
22677,2564800
22678,3417600
22679,2994300
22680,2274100
22681,2216700
22682,2280400
22683,2083000
22684,2240000
22685,2497900
22686,2177700
22687,2344700
22688,2230900
22689,2039600
22690,2107900
22691,2220500
22692,2188100
22693,2341500
22694,2201100
22695,2168300
22696,2278800
22697,3324800
22698,2893400
22699,2306600
22700,2111600
22701,2153400
22702,2165500
22703,2487700
22704,2796000
22705,2428100
22706,2306900
22707,2221100
22708,2252900
22709,2058600
22710,1949200
22711,2004100
22712,2295900
22713,2641300
22714,4072900
22715,2227200
22716,1978900
22717,2737600
22718,2522200
22719,2234100
22720,2266800
22721,2413400
22722,2110600
22723,2380900
22724,2197900
22725,2354000
22726,2352900
22727,2085500
22728,2517300
22729,2402700
22730,2022900
22731,1971100
22732,2061300
22733,1878300
22734,1798000
22735,1771200
22736,2116400
22737,1912800
22738,1889600
22739,2051300
22740,1689500
22741,1683800
22742,1738800
22743,1727500
22744,1824700
22745,2188900
22746,2268400
22747,1987600
22748,2111000
22749,2149500
22750,1883400
22751,1712200
22752,1645400
22753,2117500
22754,2025000
22755,1901300
22756,2605700
22757,3207300
22758,3130800
22759,2558500
22760,2171400
22761,2102900
22762,2228400
22763,2121500
22764,2746800
22765,2689500
22766,2155000
22767,2568300
22768,2106000
22769,2344500
22770,2744200
22771,2861300
22772,1959400
22773,1855300
22774,2094800
22775,2362100
22776,2277000
22777,2587800
22778,2166200
22779,2028000
22780,1880100
22781,1729700
22782,2369700
22783,2130000
22784,1811200
22785,1871500
22786,2489800
22787,2331300
22788,2262000
22789,2191700
22790,2301400
22791,1847700
22792,1772800
22793,1873400
22794,1945900
22795,2320800
22796,2254200
22797,2229500
22798,2360700
22799,1933300
22800,1965800
22801,2254800
22802,2260600
22803,1725200
22804,1844500
22805,1837400
22806,2458900
22807,2090800
22808,2346300
22809,2012700
22810,2159600
22811,1907400
22812,1702900
22813,1856900
22814,2086000
22815,1902000
22816,1750000
22817,2109400
22818,2335200
22819,2246900
22820,2413400
22821,2167100
22822,2091100
22823,1842700
22824,1843200
22825,2014900
22826,2232000
22827,2213800
22828,2056400
22829,1995600
22830,2535400
22831,1960600
22832,2244500
22833,2400000
22834,1862800
22835,1716600
22836,1803700
22837,1893000
22838,2136300
22839,2466200
22840,2103400
22841,1883800
22842,2070100
22843,1769100
22844,2102100
22845,2080300
22846,2285800
22847,2182700
22848,2201800
22849,2294200
22850,2283600
22851,2818000
22852,1769200
22853,1745200
22854,1824000
22855,1970400
22856,1845000
22857,2155800
22858,2330300
22859,2438100
22860,1955200
22861,1866600
22862,2061600
22863,1930700
22864,2492200
22865,2048700
22866,1870400
22867,1788700
22868,1759000
22869,1659800
22870,2025300
22871,2329800
22872,2110000
22873,2001700
22874,2057600
22875,1841600
22876,1701400
22877,1645000
22878,1871400
22879,2096200
22880,1864800
22881,2239200
22882,2902800
22883,2390600
22884,2349200
22885,1760800
22886,1832100
22887,1867300
22888,1891300
22889,1750900
22890,2445000
22891,2508300
22892,2173500
22893,2032400
22894,2047800
22895,2072400
22896,2224100
22897,2442000
22898,1891700
22899,1786300
22900,1810600
22901,1849300
22902,1993400
22903,2574200
22904,2272100
22905,1923100
22906,2082000
22907,1791700
22908,2047200
22909,1658500
22910,1763500
22911,1919400
22912,1919700
22913,2401600
22914,2383500
22915,2283700
22916,2156200
22917,1720500
22918,1786200
22919,2466500
22920,2100600
22921,2160400
22922,2481000
22923,2296700
22924,1998100
22925,1832900
22926,2012400
22927,2307900
22928,2528000
22929,2124200
22930,1657400
22931,1745700
22932,1695300
22933,1770000
22934,1953200
22935,2717200
22936,2683000
22937,2361700
22938,2303900
22939,1844400
22940,1875100
22941,2107900
22942,2385300
22943,2441000
22944,2358500
22945,2391100
22946,1954100
22947,2439200
22948,1724900
22949,1671300
22950,1973400
22951,2004400
22952,1904200
22953,2156900
22954,2419600
22955,2161200
22956,2005700
22957,1927900
22958,2209800
22959,2223600
22960,2465900
22961,1894600
22962,1697400
22963,1680200
22964,1609400
22965,1721700
22966,1868600
22967,2966900
22968,2265900
22969,1922100
22970,2093400
22971,1749200
22972,1695000
22973,1895200
22974,2022100
22975,2119500
22976,2264200
22977,2334800
22978,2203200
22979,2367900
22980,1919100
22981,1763900
22982,1579000
22983,2177600
22984,1909600
22985,2220000
22986,2317600
22987,2402600
22988,2028000
22989,1900200
22990,1993100
22991,2037500
22992,2199800
22993,2375000
22994,1801000
22995,1756500
22996,1740100
22997,1818300
22998,1756300
22999,2459400
23000,2714600
23001,2166400
23002,2213300
23003,2438400
23004,2037300
23005,1818500
23006,1719100
23007,2053000
23008,1816600
23009,2156200
23010,2408300
23011,2529300
23012,2449300
23013,1855100
23014,1726100
23015,2070800
23016,1829700
23017,1784400
23018,1905300
23019,2450100
23020,2005800
23021,1856300
23022,1856100
23023,2151300
23024,2021900
23025,2244700
23026,2511000
23027,1927500
23028,1746200
23029,1646700
23030,1790100
23031,1918200
23032,2227800
23033,2219900
23034,2237200
23035,2120000
23036,2061500
23037,1837600
23038,1690100
23039,1647900
23040,2308700
23041,2093700
23042,2346000
23043,2282700
23044,1957100
23045,2432300
23046,1927900
23047,1714900
23048,2039400
23049,2156600
23050,2482200
23051,2443400
23052,2924200
23053,2443300
23054,2490800
23055,2534000
23056,2057600
23057,1916900
23058,2222700
23059,2392700
23060,1667700
23061,1681200
23062,1669700
23063,2149800
23064,2142400
23065,2375000
23066,1983500
23067,1923600
23068,2041200
23069,1733900
23070,1712700
23071,1922900
23072,1924000
23073,1816400
23074,1994600
23075,2268300
23076,2167900
23077,2391200
23078,1922900
23079,1785700
23080,1949900
23081,1869600
23082,1792400
23083,2169800
23084,2238200
23085,1961600
23086,1884400
23087,1849900
23088,2407700
23089,2038200
23090,2367800
23091,2173400
23092,1802000
23093,1746100
23094,1637100
23095,1788700
23096,2797200
23097,2834100
23098,2126600
23099,2045700
23100,2221300
23101,1813000
23102,1786200
23103,1981300
23104,2219200
23105,2007300
23106,2264000
23107,2321100
23108,2083400
23109,2422100
23110,2108500
23111,2018400
23112,1912600
23113,1914000
23114,1750000
23115,2128800
23116,2142900
23117,1931100
23118,1942400
23119,1863200
23120,2053500
23121,2094800
23122,2289900
23123,2133900
23124,1707600
23125,1790500
23126,1725400
23127,1995900
23128,2240600
23129,2765700
23130,2068700
23131,1881800
23132,2062500
23133,1784800
23134,1899600
23135,1701200
23136,1839500
23137,2054500
23138,2030100
23139,2290800
23140,1977900
23141,2628700
23142,2201300
23143,1762600
23144,1846100
23145,1910900
23146,1823400
23147,1868600
23148,2187300
23149,2235300
23150,1900300
23151,1974600
23152,1884000
23153,2075700
23154,2124400
23155,2503400
23156,1838400
23157,2066600
23158,1694000
23159,1843400
23160,1724600
23161,2436500
23162,2473700
23163,2075000
23164,2134800
23165,1843200
23166,1823700
23167,1650000
23168,1846500
23169,2035000
23170,2109500
23171,2225500
23172,2105300
23173,2030400
23174,2365900
23175,1865900
23176,1676400
23177,1739200
23178,1991700
23179,1940500
23180,2384600
23181,2153000
23182,1854500
23183,1821800
23184,1912300
23185,1928800
23186,2686300
23187,2616700
23188,2039700
23189,1682200
23190,1655200
23191,1740400
23192,1819800
23193,2151600
23194,2433400
23195,2145900
23196,2249200
23197,1761500
23198,1736500
23199,1694100
23200,2105600
23201,1763100
23202,2120100
23203,2639700
23204,2019300
23205,1885700
23206,2398300
23207,1763400
23208,1680400
23209,1771200
23210,1877900
23211,2556100
23212,2400000
23213,2096400
23214,1965700
23215,2001400
23216,1936800
23217,1824100
23218,1946400
23219,2681100
23220,2185300
23221,1707300
23222,1733000
23223,1665400
23224,1826700
23225,1837900
23226,1934600
23227,2916500
23228,2173900
23229,2247700
23230,1814800
23231,1733000
23232,1653200
23233,1675300
23234,1836600
23235,1973500
23236,2612500
23237,2163500
23238,1881200
23239,2372600
23240,1888500
23241,1816400
23242,1894400
23243,2464300
23244,2415700
23245,2931900
23246,2823600
23247,2208900
23248,2196700
23249,2207600
23250,2349400
23251,2270100
23252,2350000
23253,2835400
23254,1997900
23255,1983500
23256,1937700
23257,2011300
23258,2315500
23259,3159200
23260,2395500
23261,2156400
23262,2385400
23263,1891400
23264,1782100
23265,2162700
23266,2090000
23267,1879100
23268,1869400
23269,2332000
23270,2495600
23271,2130100
23272,2468600
23273,1980800
23274,1764500
23275,1834400
23276,1749900
23277,1847700
23278,2523900
23279,2099600
23280,1873100
23281,2634000
23282,2092500
23283,1934600
23284,2171100
23285,2715900
23286,1866400
23287,1785500
23288,1692400
23289,2067800
23290,1957200
23291,1913400
23292,2169400
23293,2121100
23294,2000100
23295,2140900
23296,1734000
23297,1965500
23298,1934400
23299,1774300
23300,1758800
23301,2162300
23302,2474200
23303,2396500
23304,2552000
23305,2272900
23306,1894800
23307,1718200
23308,2008000
23309,1741400
23310,1967300
23311,2141500
23312,2021100
23313,1944700
23314,2062500
23315,1903700
23316,2112800
23317,2264900
23318,2584800
23319,1931500
23320,1663200
23321,1683600
23322,2463400
23323,2026200
23324,2375800
23325,2012000
23326,1980000
23327,2167600
23328,1692600
23329,1712800
23330,1902000
23331,1927200
23332,2159700
23333,2624300
23334,2624500
23335,2440900
23336,2410600
23337,1978800
23338,1947100
23339,1831400
23340,1860900
23341,1731400
23342,2225100
23343,2178200
23344,2008700
23345,1882300
23346,2225100
23347,2025600
23348,1906800
23349,2225200
23350,2228700
23351,1752700
23352,1849600
23353,1711100
23354,1979600
23355,2356600
23356,2308400
23357,2150000
23358,1872000
23359,2123400
23360,1778900
23361,1796400
23362,1898100
23363,2234800
23364,1933400
23365,2188300
23366,2473300
23367,2026800
23368,2360400
23369,1853900
23370,1892600
23371,1930800
23372,1916700
23373,1733700
23374,2239900
23375,2278000
23376,1939600
23377,1904700
23378,2446800
23379,2136900
23380,1987100
23381,2528500
23382,1997100
23383,1807200
23384,1683900
23385,2050700
23386,1816000
23387,2152500
23388,2269800
23389,2060800
23390,1973500
23391,2004200
23392,1739800
23393,2093200
23394,1834800
23395,2055400
23396,1876500
23397,2131200
23398,2396700
23399,2406200
23400,2487900
23401,1918900
23402,1842500
23403,2136600
23404,1985600
23405,1838700
23406,2138400
23407,2128800
23408,2022600
23409,1974000
23410,1806900
23411,2221000
23412,2070000
23413,2393300
23414,2152900
23415,1699000
23416,1750900
23417,1784500
23418,1869600
23419,2172300
23420,2643700
23421,2065900
23422,2073700
23423,3018300
23424,2056600
23425,1899800
23426,2176400
23427,2785400
23428,2111400
23429,2332700
23430,2487900
23431,2295700
23432,2484900
23433,1753300
23434,1948300
23435,1894100
23436,1809700
23437,1818700
23438,2322300
23439,2176400
23440,2028200
23441,2019900
23442,1957400
23443,2092800
23444,1994100
23445,2311600
23446,2147700
23447,1802300
23448,1758000
23449,1710600
23450,1823800
23451,2091100
23452,2388000
23453,2138700
23454,1938300
23455,2003400
23456,1735800
23457,1731000
23458,1675200
23459,1900200
23460,2216700
23461,1969300
23462,2679800
23463,2428400
23464,2184900
23465,2239800
23466,1747600
23467,2004200
23468,1920900
23469,1892500
23470,2009900
23471,2316400
23472,2089600
23473,1906200
23474,1916000
23475,2137600
23476,2109300
23477,2118700
23478,2487500
23479,1850600
23480,1726400
23481,1739000
23482,1715100
23483,1781300
23484,2630700
23485,2639900
23486,2378800
23487,2500900
23488,2216600
23489,1824800
23490,1750600
23491,2314900
23492,2323500
23493,2187100
23494,2515700
23495,2374100
23496,2106900
23497,2309100
23498,1868100
23499,2001800
23500,1699300
23501,1849700
23502,1874000
23503,2176200
23504,2120700
23505,1875500
23506,1973200
23507,2493800
23508,2067700
23509,1953000
23510,2471000
23511,2161800
23512,1817600
23513,1649000
23514,1603100
23515,2357700
23516,2238700
23517,2273700
23518,2088100
23519,2124400
23520,1834100
23521,1689800
23522,1772300
23523,2354300
23524,1946100
23525,1898600
23526,2276100
23527,2319300
23528,2168000
23529,2384200
23530,1813300
23531,2187300
23532,1861800
23533,1833000
23534,1883300
23535,2222200
23536,2042100
23537,2266800
23538,2226700
23539,2165700
23540,2006700
23541,2193800
23542,2386100
23543,1770600
23544,1702900
23545,1842900
23546,2145400
23547,2488100
23548,2340600
23549,3025100
23550,2800300
23551,2271400
23552,2117000
23553,1824200
23554,1783800
23555,1852600
23556,1789600
23557,1786700
23558,1926400
23559,2367700
23560,2465100
23561,2232300
23562,2108700
23563,1818500
23564,1783400
23565,1728600
23566,1814100
23567,2046300
23568,2536100
23569,2236200
23570,1983800
23571,2072200
23572,1985100
23573,1940900
23574,2154300
23575,2977400
23576,2025300
23577,1699100
23578,1627800
23579,2137300
23580,1877800
23581,2233100
23582,2119500
23583,2810700
23584,2739900
23585,1908100
23586,2093700
23587,2012700
23588,1990600
23589,2022400
23590,2435200
23591,2630100
23592,2137100
23593,2484800
23594,2129700
23595,1816700
23596,1760500
23597,2179400
23598,2192600
23599,2370600
23600,1996500
23601,1863400
23602,2168800
23603,2000500
23604,2041100
23605,2074700
23606,2499500
23607,1858400
23608,1686100
23609,1611700
23610,1887200
23611,1998100
23612,2240800
23613,2473400
23614,2040300
23615,1977100
23616,2029000
23617,1705700
23618,1798900
23619,2111300
23620,1946700
23621,1875400
23622,2170500
23623,2426900
23624,2336200
23625,2417100
23626,1975800
23627,2017900
23628,1741900
23629,1834600
23630,1823600
23631,2202300
23632,2148700
23633,1984900
23634,2141700
23635,2583700
23636,1983900
23637,2064800
23638,2553500
23639,1920500
23640,1912200
23641,1707700
23642,1761900
23643,2209100
23644,2197600
23645,2194000
23646,1933500
23647,1976900
23648,2079900
23649,1677400
23650,1716600
23651,2123300
23652,2004800
23653,1736400
23654,2012300
23655,2451100
23656,2291900
23657,2524900
23658,1919100
23659,2038900
23660,1803800
23661,1808600
23662,1892800
23663,2185000
23664,2185100
23665,1987900
23666,2133600
23667,2334200
23668,2066800
23669,2068200
23670,2383800
23671,2151000
23672,1791500
23673,1763400
23674,2083400
23675,2088800
23676,2372300
23677,2245000
23678,1976700
23679,2279600
23680,1784300
23681,1750700
23682,1771000
23683,1991900
23684,1998900
23685,1957000
23686,2253200
23687,2357400
23688,2319100
23689,2475500
23690,1774600
23691,1944300
23692,2102800
23693,1802600
23694,1980700
23695,2201200
23696,2144500
23697,2232900
23698,1898000
23699,2033300
23700,2137000
23701,2027100
23702,2432200
23703,1791200
23704,1947300
23705,1794800
23706,1897800
23707,1875800
23708,2590000
23709,2228800
23710,2002100
23711,2115400
23712,1926200
23713,1806400
23714,1759000
23715,1730800
23716,1898500
23717,2089900
23718,2358000
23719,2285900
23720,2325800
23721,2339100
23722,1846900
23723,1643300
23724,2427200
23725,2019500
23726,2118900
23727,2518800
23728,2415400
23729,2228000
23730,2471300
23731,2516700
23732,2181700
23733,2627000
23734,2966500
23735,2021200
23736,1819400
23737,1800800
23738,1859800
23739,2222300
23740,2093100
23741,2452900
23742,2379300
23743,2262600
23744,2570800
23745,2025200
23746,2065600
23747,2015700
23748,2460300
23749,2170200
23750,2784200
23751,2967000
23752,2609900
23753,2709600
23754,1911900
23755,1812300
23756,1643700
23757,1765000
23758,1810900
23759,2174800
23760,2602700
23761,2673500
23762,2064200
23763,1931300
23764,1881900
23765,1988100
23766,2368200
23767,1978500
23768,1753800
23769,1976700
23770,2338900
23771,1895700
23772,1886800
23773,2214400
23774,1949400
23775,1847600
23776,2075200
23777,2065100
23778,1803000
23779,1715400
23780,1900500
23781,1755700
23782,1804600
23783,2130900
23784,2189400
23785,2150500
23786,2880600
23787,1927700
23788,1704500
23789,1752300
23790,1809800
23791,1788900
23792,2058700
23793,2409500
23794,2595100
23795,2056900
23796,1932100
23797,1874400
23798,1881600
23799,2172100
23800,2319100
23801,2134900
23802,2114500
23803,1797800
23804,1881300
23805,1763400
23806,2087700
23807,2051000
23808,2177500
23809,2256000
23810,2039200
23811,1832000
23812,1706200
23813,1883200
23814,1695200
23815,1999900
23816,2270600
23817,2703600
23818,2695700
23819,2918800
23820,1865400
23821,1706300
23822,1820600
23823,1815300
23824,2204800
23825,2459700
23826,2201200
23827,1863800
23828,1905400
23829,1853600
23830,1790600
23831,2005500
23832,2842500
23833,2367600
23834,2041500
23835,1851300
23836,1808900
23837,1794000
23838,1967400
23839,2553500
23840,2043000
23841,2262200
23842,2226000
23843,1782500
23844,1805200
23845,1709600
23846,1816800
23847,2080200
23848,1943200
23849,2219800
23850,2638600
23851,2495100
23852,2605500
23853,1864400
23854,1785200
23855,1725800
23856,1858900
23857,1707000
23858,2406900
23859,2583200
23860,2160100
23861,1961400
23862,1981100
23863,1991200
23864,2119100
23865,2438400
23866,2528800
23867,1860400
23868,1831000
23869,1894600
23870,1910300
23871,2003200
23872,2185900
23873,2333300
23874,2523000
23875,1845600
23876,1671000
23877,1830700
23878,2040300
23879,1808800
23880,1891600
23881,2196500
23882,2737200
23883,2407200
23884,2425800
23885,1921000
23886,1852600
23887,1801100
23888,1852400
23889,1911300
23890,2493800
23891,2257600
23892,2151200
23893,1884000
23894,1750000
23895,1918600
23896,2156800
23897,2549500
23898,2139700
23899,1885000
23900,2000700
23901,2420400
23902,2060400
23903,2490200
23904,2345100
23905,2528800
23906,2543400
23907,2004300
23908,1777800
23909,1675500
23910,1935200
23911,1864000
23912,2238400
23913,2741300
23914,2731000
23915,2526500
23916,1897000
23917,1692200
23918,1750900
23919,1864800
23920,1830200
23921,2237400
23922,2556800
23923,2011400
23924,1874100
23925,1899900
23926,1859700
23927,1900200
23928,2250800
23929,2742400
23930,2014300
23931,1662600
23932,1690800
23933,1774500
23934,1893600
23935,2220900
23936,1981700
23937,1992200
23938,2763800
23939,1906500
23940,1729000
23941,1683500
23942,1770100
23943,1765800
23944,2063600
23945,2660100
23946,2613000
23947,2493000
23948,1879300
23949,1724600
23950,1675800
23951,1747600
23952,1814400
23953,2218200
23954,2538800
23955,2273400
23956,1777600
23957,1925800
23958,1953000
23959,1980000
23960,2248700
23961,2606100
23962,2148600
23963,1948500
23964,2035300
23965,2017300
23966,1924400
23967,2303500
23968,2680300
23969,2357900
23970,2520000
23971,2540700
23972,1947600
23973,1820100
23974,1738300
23975,1972700
23976,1938400
23977,2113900
23978,2785300
23979,2685700
23980,2508500
23981,2025000
23982,1783200
23983,1660200
23984,1857100
23985,1928700
23986,2199000
23987,2208800
23988,1931300
23989,1971500
23990,2132200
23991,2287800
23992,2291100
23993,2725200
23994,2086900
23995,1790300
23996,1745400
23997,1922400
23998,1843700
23999,2143500
24000,2081900
24001,2077900
24002,2334900
24003,1830100
24004,1759700
24005,1745700
24006,2253600
24007,1955700
24008,1941800
24009,2422600
24010,2654500
24011,2783200
24012,2002300
24013,2106200
24014,1752300
24015,1784500
24016,1718500
24017,2082600
24018,2582700
24019,2136700
24020,2016700
24021,2013200
24022,2068600
24023,1888700
24024,2086400
24025,2610300
24026,2015400
24027,1764300
24028,1994700
24029,1915400
24030,1853500
24031,2173400
24032,2057800
24033,2069000
24034,2246800
24035,1889500
24036,1871000
24037,2011300
24038,2033900
24039,2690200
24040,2738400
24041,3402000
24042,2780700
24043,2134500
24044,1792600
24045,1780100
24046,1810500
24047,1825400
24048,1861600
24049,2679200
24050,2296100
24051,1974300
24052,1873000
24053,1936900
24054,1854700
24055,2237000
24056,2528900
24057,2006300
24058,1843700
24059,1872200
24060,1829400
24061,1807800
24062,2160900
24063,2008100
24064,1932800
24065,2604400
24066,2373600
24067,2119500
24068,1915600
24069,1869300
24070,1980500
24071,2270100
24072,2771300
24073,2948700
24074,2277600
24075,1798400
24076,1731500
24077,1874700
24078,1951600
24079,1918000
24080,2964700
24081,2425500
24082,2004500
24083,1767600
24084,1920100
24085,1925100
24086,2177700
24087,2475600
24088,2311800
24089,1835800
24090,1812100
24091,1814800
24092,2031800
24093,2155600
24094,1888200
24095,2088500
24096,2323800
24097,1822100
24098,1678400
24099,1597800
24100,1854800
24101,1763300
24102,2364200
24103,2547900
24104,2491500
24105,3346900
24106,1953600
24107,1723800
24108,1765400
24109,1834500
24110,1925700
24111,2297800
24112,2071800
24113,2200500
24114,1891700
24115,1822200
24116,1891900
24117,2234300
24118,2412600
24119,1808000
24120,1694100
24121,1904300
24122,2017400
24123,1905200
24124,2274500
24125,2096200
24126,2101300
24127,2187900
24128,1719300
24129,2081300
24130,1784300
24131,1856300
24132,1752100
24133,2104100
24134,2380600
24135,2358100
24136,2579500
24137,2046100
24138,1786300
24139,1696800
24140,1834200
24141,1978600
24142,2286200
24143,2334600
24144,1991100
24145,2238900
24146,1886200
24147,1924800
24148,1900300
24149,2353800
24150,2625500
24151,2162400
24152,2313200
24153,3244400
24154,2363000
24155,2668400
24156,2612000
24157,2598400
24158,2140200
24159,2058300
24160,2115900
24161,2099100
24162,2178100
24163,2698900
24164,2608500
24165,2725700
24166,3185100
24167,2266800
24168,1916300
24169,2150900
24170,2104400
24171,2185500
24172,2487300
24173,2305500
24174,2398000
24175,1938000
24176,1989500
24177,1998700
24178,2252400
24179,2353700
24180,1885400
24181,1857800
24182,1914600
24183,2224300
24184,1982000
24185,2261000
24186,2016800
24187,1930300
24188,2026900
24189,1774400
24190,1799200
24191,1826500
24192,1810200
24193,1874700
24194,1801300
24195,2399000
24196,2403400
24197,2298000
24198,2704900
24199,2036700
24200,1790300
24201,1711400
24202,1723700
24203,1962300
24204,2161500
24205,1990500
24206,2524300
24207,2250200
24208,2464400
24209,2448800
24210,2891100
24211,2722000
24212,2176800
24213,2239600
24214,2035300
24215,2017400
24216,1999000
24217,2489100
24218,2367700
24219,2168400
24220,2604200
24221,2179900
24222,2158200
24223,2070100
24224,2028300
24225,2165400
24226,2526600
24227,3372100
24228,2926300
24229,2219700
24230,1721800
24231,1744800
24232,1865700
24233,1741700
24234,2040100
24235,2918500
24236,2089800
24237,1963100
24238,1872900
24239,1887700
24240,2064000
24241,2347800
24242,2453400
24243,1932100
24244,1846600
24245,1772100
24246,1846000
24247,2018700
24248,2427900
24249,2474200
24250,2208100
24251,2085900
24252,1812400
24253,1758800
24254,1722600
24255,1828800
24256,1951800
24257,2513500
24258,2463600
24259,2518900
24260,2180500
24261,2026400
24262,1806000
24263,1779500
24264,1981200
24265,2192800
24266,2232800
24267,2018600
24268,2043500
24269,1982800
24270,1814600
24271,1786200
24272,2116100
24273,2581400
24274,1858000
24275,1944200
24276,1985000
24277,1840600
24278,1685500
24279,2215800
24280,2502100
24281,2539100
24282,2110700
24283,1988600
24284,1750700
24285,1814100
24286,1911100
24287,1824100
24288,2246800
24289,2516200
24290,2254900
24291,2571600
24292,2072300
24293,1806700
24294,1855500
24295,2064700
24296,2411200
24297,2649000
24298,2305600
24299,2159800
24300,1887700
24301,1886300
24302,1791800
24303,2392900
24304,2454800
24305,1858800
24306,1698300
24307,1867800
24308,2135900
24309,1847600
24310,2358200
24311,2356700
24312,2036300
24313,2082300
24314,1785700
24315,1737600
24316,1739600
24317,1885700
24318,1821700
24319,1873000
24320,2158600
24321,2325700
24322,2226700
24323,2488300
24324,2118400
24325,1718000
24326,1794100
24327,1885300
24328,1871000
24329,2161500
24330,2022400
24331,1833700
24332,2459100
24333,2119200
24334,2047500
24335,1986800
24336,2358900
24337,1940100
24338,1712500
24339,1661000
24340,1894800
24341,2001900
24342,2183700
24343,2259500
24344,2065500
24345,1992100
24346,1915500
24347,1693100
24348,2095200
24349,2608100
24350,1932200
24351,2036200
24352,2252400
24353,2261900
24354,2130400
24355,2203300
24356,1918000
24357,2123300
24358,1939900
24359,1930900
24360,1892300
24361,2097900
24362,2048900
24363,1917900
24364,2077900
24365,2184600
24366,1934900
24367,2083100
24368,2509100
24369,1958100
24370,1729400
24371,1777000
24372,1828100
24373,2853100
24374,2745400
24375,2439400
24376,2107000
24377,2563300
24378,1889400
24379,1665800
24380,2042200
24381,2069600
24382,1967600
24383,2092000
24384,2322500
24385,2251200
24386,2353300
24387,2108600
24388,2235200
24389,1889300
24390,1866100
24391,1895900
24392,2370400
24393,2072900
24394,2104400
24395,1982500
24396,2294700
24397,1978300
24398,2236800
24399,2423600
24400,1930000
24401,1707700
24402,1734100
24403,1811700
24404,1959100
24405,2598300
24406,2321600
24407,1994700
24408,2120800
24409,1714200
24410,1808000
24411,1755900
24412,1863300
24413,2012800
24414,2016300
24415,2299000
24416,2549200
24417,2550300
24418,2131700
24419,1784000
24420,1796000
24421,1971500
24422,1753800
24423,2056600
24424,2236300
24425,2135200
24426,1998600
24427,1916500
24428,2017500
24429,2064100
24430,2244900
24431,2376200
24432,1932800
24433,1845600
24434,1842600
24435,1753500
24436,1920900
24437,2733000
24438,2479700
24439,2318600
24440,2751900
24441,2250300
24442,2008800
24443,2075900
24444,2359700
24445,2194100
24446,2834000
24447,3036700
24448,2624600
24449,2278100
24450,1824400
24451,1972200
24452,1845100
24453,1833300
24454,2149000
24455,2417300
24456,1941300
24457,1927100
24458,1942100
24459,2031400
24460,1981000
24461,1920000
24462,2491200
24463,2292500
24464,1740500
24465,1860200
24466,1912700
24467,2139100
24468,2700500
24469,2419300
24470,2160700
24471,2123200
24472,1728200
24473,1671700
24474,1701200
24475,1899700
24476,1948700
24477,2109000
24478,2241800
24479,2321100
24480,2075500
24481,2431600
24482,1742700
24483,1781100
24484,2069500
24485,2116700
24486,2049400
24487,2259400
24488,1981900
24489,1843800
24490,1885700
24491,1906400
24492,2184000
24493,2324700
24494,2481600
24495,1911400
24496,1756500
24497,1619000
24498,1696400
24499,1895500
24500,2862800
24501,2659800
24502,2054900
24503,2063900
24504,1698900
24505,1703900
24506,1661300
24507,1737400
24508,1986300
24509,2164400
24510,2334700
24511,2290000
24512,2146500
24513,2264300
24514,1786400
24515,1626800
24516,1887700
24517,2091100
24518,1883600
24519,2161900
24520,2094100
24521,1945700
24522,1825400
24523,1860400
24524,2602500
24525,2843800
24526,3316300
24527,2388500
24528,2015000
24529,1836300
24530,2074800
24531,2227600
24532,2448600
24533,2021300
24534,2041800
24535,1824600
24536,1741600
24537,1662800
24538,1824700
24539,1968100
24540,2049500
24541,2389500
24542,2304000
24543,2053300
24544,2416200
24545,1844800
24546,2122300
24547,2221600
24548,2103100
24549,1948500
24550,2304000
24551,2117400
24552,2143400
24553,2119000
24554,1968100
24555,2223000
24556,2221800
24557,2504000
24558,2279000
24559,1838600
24560,1791100
24561,2099700
24562,1899600
24563,2216200
24564,2537400
24565,2001600
24566,1925700
24567,2105500
24568,1915100
24569,1746500
24570,1692900
24571,1742000
24572,2026600
24573,2252700
24574,2378000
24575,2159400
24576,2572100
24577,2078900
24578,1655900
24579,1669400
24580,2225800
24581,1932500
24582,2065700
24583,2172600
24584,2129100
24585,1924800
24586,1847800
24587,1775900
24588,2092600
24589,2118500
24590,2428000
24591,1843500
24592,1789800
24593,1730000
24594,1710000
24595,1773000
24596,2024500
24597,2629800
24598,2127700
24599,2128300
24600,1947700
24601,1697100
24602,1785100
24603,1674100
24604,1939500
24605,2552000
24606,2496100
24607,2437200
24608,2226800
24609,2513600
24610,1760900
24611,1678500
24612,1756800
24613,2198800
24614,1943400
24615,2439500
24616,2268100
24617,2151000
24618,1898900
24619,1879000
24620,1867300
24621,2463500
24622,2555000
24623,1925300
24624,1741500
24625,1684400
24626,1921100
24627,1835000
24628,2280200
24629,2651900
24630,2227000
24631,2495900
24632,2149300
24633,2384200
24634,2316900
24635,2089900
24636,2709400
24637,2785500
24638,2522900
24639,2567100
24640,2313300
24641,1865100
24642,1765300
24643,2176500
24644,2616100
24645,2707100
24646,2449500
24647,2501800
24648,2141400
24649,2110500
24650,2276500
24651,2461900
24652,2902700
24653,2240300
24654,2047700
24655,1807200
24656,1818800
24657,1916800
24658,3130300
24659,2184700
24660,2054700
24661,2265600
24662,1923400
24663,1930600
24664,1784700
24665,2253300
24666,2503700
24667,2242200
24668,2425200
24669,2520300
24670,2368800
24671,2443700
24672,2339300
24673,1958900
24674,1780500
24675,1782000
24676,1751800
24677,2143000
24678,2126200
24679,2103500
24680,2068000
24681,2237000
24682,2018000
24683,1836300
24684,2343300
24685,2451200
24686,1774300
24687,1900100
24688,2218000
24689,2557800
24690,2851000
24691,2710200
24692,2389800
24693,2698500
24694,2489200
24695,2167600
24696,1911900
24697,1923100
24698,1955100
24699,1942300
24700,2435900
24701,2860300
24702,2700000
24703,3266500
24704,2511600
24705,1949300
24706,2113300
24707,2331000
24708,2060200
24709,2844300
24710,2964000
24711,2270200
24712,2050600
24713,1899900
24714,2021000
24715,1965100
24716,2338800
24717,2578200
24718,1832300
24719,1665500
24720,1649200
24721,1791500
24722,2169700
24723,2359000
24724,2027100
24725,2266200
24726,2122200
24727,1809100
24728,1721800
24729,1635200
24730,1906000
24731,1805300
24732,1891200
24733,2253500
24734,3208000
24735,2895000
24736,2318400
24737,1743900
24738,1781600
24739,1883000
24740,1806100
24741,2293800
24742,2591600
24743,2333400
24744,2029400
24745,2063900
24746,1867500
24747,1888200
24748,2208000
24749,2740000
24750,2043900
24751,1857400
24752,1868100
24753,2021100
24754,1886600
24755,2218500
24756,2214200
24757,2618900
24758,2271700
24759,1839100
24760,1881300
24761,1705400
24762,1839100
24763,1827100
24764,2003400
24765,2624200
24766,2629700
24767,2594000
24768,2081800
24769,1783900
24770,1682200
24771,1751000
24772,1756000
24773,2240400
24774,2335100
24775,2130100
24776,2237600
24777,2187700
24778,2047500
24779,1922400
24780,2118100
24781,3245400
24782,2070000
24783,2221600
24784,2078500
24785,1920300
24786,2051400
24787,2225000
24788,2314900
24789,2096600
24790,2241100
24791,1739300
24792,1763500
24793,1701500
24794,1768600
24795,1788800
24796,1995100
24797,2821100
24798,2555900
24799,2542700
24800,2159200
24801,1968600
24802,1800000
24803,1849200
24804,2177300
24805,2651000
24806,2181300
24807,1906500
24808,1827600
24809,1979600
24810,1903500
24811,2052000
24812,3201400
24813,1955500
24814,1773800
24815,1665300
24816,1823400
24817,1741600
24818,2059800
24819,2293400
24820,2734500
24821,2419900
24822,1826600
24823,1659300
24824,1702200
24825,1926500
24826,1773100
24827,1921800
24828,2477700
24829,2628800
24830,2578800
24831,2210500
24832,1898300
24833,1968500
24834,1870400
24835,2215500
24836,2734400
24837,2775700
24838,2447300
24839,2059800
24840,2154200
24841,1894900
24842,2224800
24843,2892400
24844,3617700
24845,3196900
24846,2373600
24847,2225700
24848,2009300
24849,2449300
24850,2411100
24851,1945000
24852,2083300
24853,1740700
24854,1736800
24855,1894100
24856,1716700
24857,1843900
24858,2310400
24859,2408100
24860,2282700
24861,2249800
24862,2750500
24863,2012000
24864,1684600
24865,1739700
24866,2016100
24867,1903900
24868,2199700
24869,1989000
24870,2103600
24871,1957600
24872,1788700
24873,1814100
24874,2702800
24875,2602100
24876,1906700
24877,1847800
24878,1804200
24879,1809700
24880,1903700
24881,2186000
24882,2247600
24883,2000700
24884,2050100
24885,1947900
24886,1851100
24887,1726800
24888,1967900
24889,1753900
24890,2488700
24891,3057400
24892,2735900
24893,3315600
24894,1888000
24895,1725400
24896,1824200
24897,1865700
24898,2200400
24899,2531400
24900,2053200
24901,2040600
24902,1957700
24903,1872900
24904,1888100
24905,2431300
24906,2205300
24907,2266300
24908,2514900
24909,1958500
24910,1927400
24911,1853500
24912,2039400
24913,2682500
24914,3259400
24915,2799500
24916,2347500
24917,2360200
24918,1939300
24919,1938600
24920,2135900
24921,2612900
24922,2222100
24923,2321000
24924,2370000
24925,2155700
24926,2230400
24927,2104900
24928,1940400
24929,1782800
24930,1833000
24931,1711200
24932,1854600
24933,2179800
24934,1984500
24935,1984900
24936,2402900
24937,2046700
24938,1983100
24939,2271500
24940,2337300
24941,1722800
24942,1631300
24943,1744600
24944,2476800
24945,2061500
24946,2386600
24947,2046100
24948,1861200
24949,2067500
24950,1683300
24951,1638100
24952,2016600
24953,2351000
24954,2055600
24955,2316200
24956,2399300
24957,2209300
24958,2336600
24959,2119300
24960,2126200
24961,1959300
24962,1794900
24963,1820800
24964,2313900
24965,2092200
24966,2020600
24967,1941700
24968,2536100
24969,2116300
24970,2220200
24971,2406000
24972,1826400
24973,1706600
24974,1670500
24975,2007800
24976,2182800
24977,2251700
24978,2100200
24979,1899400
24980,2135800
24981,1781000
24982,1877200
24983,1687900
24984,2002100
24985,1973500
24986,1901500
24987,2160000
24988,2376300
24989,2265600
24990,2543300
24991,1802500
24992,1650500
24993,1734000
24994,1880800
24995,1895600
24996,2278900
24997,2137000
24998,2332200
24999,2389400
25000,2794300
25001,2421000
25002,2569300
25003,2495300
25004,2142100
25005,2181300
25006,2062800
25007,2288900
25008,2465300
25009,2507900
25010,2551200
25011,2255800
25012,2278300
25013,1883400
25014,1718800
25015,1965700
25016,1932700
25017,1814400
25018,2057600
25019,3113900
25020,2787000
25021,2659100
25022,2141100
25023,1910300
25024,1869600
25025,1938700
25026,1962800
25027,2336800
25028,2214400
25029,1984500
25030,2223000
25031,2102900
25032,1949900
25033,2654200
25034,3460200
25035,2336600
25036,1895800
25037,2003500
25038,1829200
25039,1819300
25040,2459700
25041,2202600
25042,2087900
25043,2221000
25044,1924800
25045,1869200
25046,1951600
25047,1898900
25048,1952900
25049,2253000
25050,2396300
25051,2185100
25052,2436400
25053,2094700
25054,1823900
25055,1706700
25056,1909900
25057,1884400
25058,2359800
25059,2055500
25060,1893000
25061,1858200
25062,2135000
25063,2163400
25064,2130500
25065,2400500
25066,2069500
25067,1727500
25068,1653600
25069,1689000
25070,3392400
25071,3650000
25072,3546800
25073,2939900
25074,2617500
25075,2837200
25076,3137700
25077,4237100
25078,4929400
25079,3340800
25080,4012700
25081,5221800
25082,5198400
25083,3948700
25084,2495300
25085,2788100
25086,3010900
25087,3482200
25088,5100900
25089,3502100
25090,3583400
25091,3504000
25092,3933200
25093,3592200
25094,3358700
25095,3604400
25096,2477500
25097,2623000
25098,3049900
25099,3020900
25100,3736300
25101,3155800
25102,2836100
25103,3621200
25104,2983600
25105,2602500
25106,2268300
25107,2584600
25108,2403100
25109,2529200
25110,2811700
25111,2524300
25112,2584400
25113,2193900
25114,1867400
25115,2584100
25116,2617700
25117,2837200
25118,2055800
25119,2390300
25120,3209300
25121,3757000
25122,4943500
25123,4587700
25124,3063900
25125,2577000
25126,2855900
25127,4082800
25128,2762800
25129,1929200
25130,2310200
25131,3725500
25132,3763000
25133,3705800
25134,2667100
25135,2287700
25136,2357400
25137,2011500
25138,1922300
25139,2172300
25140,2007900
25141,2308300
25142,3302400
25143,4026100
25144,4804600
25145,3320000
25146,2307600
25147,3624600
25148,3303800
25149,2691600
25150,2929500
25151,3081900
25152,3369700
25153,3489000
25154,2836000
25155,2382400
25156,2383000
25157,3055400
25158,2042700
25159,1950200
25160,1840500
25161,2196600
25162,3017100
25163,2803200
25164,2268600
25165,2454000
25166,2135700
25167,1956500
25168,1759400
25169,2216100
25170,2223000
25171,2735500
25172,3609300
25173,3799400
25174,2983800
25175,3533400
25176,2840600
25177,3186100
25178,2961300
25179,2063900
25180,2922000
25181,3027600
25182,2362200
25183,2132500
25184,2028100
25185,2202200
25186,2207300
25187,3662700
25188,2876500
25189,3446400
25190,3239000
25191,2374700
25192,2456400
25193,3169100
25194,3650000
25195,3451500
25196,2280400
25197,1846300
25198,2474300
25199,3289000
25200,4014800
25201,4471400
25202,3102200
25203,3606400
25204,3017600
25205,3204600
25206,3117700
25207,2151700
25208,2560800
25209,2581600
25210,2342200
25211,2078100
25212,2158800
25213,2143400
25214,2463300
25215,3149300
25216,3699100
25217,3136600
25218,2553600
25219,2367200
25220,2894700
25221,4456700
25222,4407600
25223,2403600
25224,2278600
25225,2250800
25226,2909900
25227,3974200
25228,3451900
25229,2753100
25230,2844100
25231,2287400
25232,2086400
25233,2158100
25234,2322000
25235,2067900
25236,2383700
25237,3254100
25238,3307000
25239,3363800
25240,2447800
25241,2051400
25242,2130700
25243,2440700
25244,2646700
25245,2064500
25246,2526200
25247,2302500
25248,2065300
25249,3048000
25250,4116000
25251,4252000
25252,3524100
25253,2689600
25254,2510800
25255,1982500
25256,2135300
25257,2006300
25258,2615500
25259,3030000
25260,3054000
25261,4234700
25262,3090200
25263,3261700
25264,2311800
25265,2554700
25266,3811900
25267,4058200
25268,2741200
25269,3149500
25270,3313200
25271,5326600
25272,4012100
25273,2602400
25274,2984500
25275,4522400
25276,5646900
25277,5131000
25278,3763500
25279,3444100
25280,3221000
25281,3386400
25282,2762800
25283,2936400
25284,2712800
25285,2199200
25286,1886800
25287,2235400
25288,2823100
25289,3789400
25290,3678400
25291,2920200
25292,2404400
25293,2480700
25294,3859200
25295,4144200
25296,4279600
25297,2469300
25298,2636800
25299,2684700
25300,2299700
25301,2874000
25302,3272400
25303,2122900
25304,2775400
25305,3710000
25306,3101800
25307,2381500
25308,2219300
25309,2049600
25310,2346200
25311,2010300
25312,1757400
25313,1771500
25314,1754300
25315,1741600
25316,2431000
25317,2704700
25318,3292400
25319,3857800
25320,2513200
25321,1765500
25322,1819700
25323,2192300
25324,3151600
25325,4275300
25326,3074500
25327,2113200
25328,2047100
25329,2588900
25330,3118700
25331,3979100
25332,2213700
25333,1904900
25334,2179100
25335,2996100
25336,2799600
25337,3279300
25338,2430200
25339,2028300
25340,2229000
25341,2636100
25342,2314100
25343,2097000
25344,1933900
25345,1950400
25346,2324100
25347,2437500
25348,2162000
25349,2404100
25350,1889200
25351,1731100
25352,1933300
25353,1919200
25354,1892800
25355,2498900
25356,3307200
25357,2959400
25358,2299600
25359,2055400
25360,1958700
25361,2307200
25362,2818100
25363,2601300
25364,2621000
25365,2461300
25366,2123200
25367,2124300
25368,2371100
25369,1939300
25370,1976500
25371,1808300
25372,1767900
25373,1675600
25374,2675000
25375,1940300
25376,1949200
25377,2005300
25378,2503200
25379,2405700
25380,2666600
25381,2513400
25382,2103300
25383,2695600
25384,2818600
25385,2282500
25386,2116700
25387,1857800
25388,3013000
25389,3452300
25390,4050700
25391,4239200
25392,3338900
25393,3064600
25394,3105700
25395,3057200
25396,2557200
25397,1799400
25398,1822900
25399,2032700
25400,2930200
25401,3232700
25402,2437300
25403,1652600
25404,1690400
25405,1668000
25406,1701600
25407,2245200
25408,2857300
25409,2683800
25410,2221600
25411,1690600
25412,1691300
25413,2005400
25414,2307400
25415,3315900
25416,2857700
25417,2327500
25418,2035800
25419,1837200
25420,1902200
25421,2650300
25422,3808800
25423,3136800
25424,2017800
25425,1932200
25426,2176800
25427,2181300
25428,2097700
25429,1981100
25430,2065500
25431,2008000
25432,1880000
25433,2088300
25434,2195900
25435,3407200
25436,4878600
25437,4417400
25438,2351600
25439,2491900
25440,2346900
25441,2628100
25442,2208500
25443,2221100
25444,2121800
25445,2278000
25446,2440300
25447,3581300
25448,3877400
25449,2650000
25450,2056100
25451,2509900
25452,2317400
25453,2062700
25454,2543400
25455,3273300
25456,2926100
25457,2989600
25458,3283500
25459,3728700
25460,3563300
25461,2235000
25462,2662300
25463,2348400
25464,2178000
25465,2109400
25466,2193700
25467,2116800
25468,2216500
25469,2232600
25470,2668300
25471,2994000
25472,3091500
25473,2848600
25474,2081100
25475,3352400
25476,3895200
25477,2163200
25478,2390300
25479,2493700
25480,2264600
25481,2253100
25482,2219300
25483,2370200
25484,2172700
25485,2537700
25486,2163900
25487,1993800
25488,2525800
25489,3136100
25490,3312400
25491,2821200
25492,2233600
25493,2171700
25494,2180100
25495,2300100
25496,2045800
25497,2066600
25498,2094000
25499,2551100
25500,2757100
25501,2702100
25502,3382600
25503,3113600
25504,2452400
25505,2280300
25506,2128200
25507,2252000
25508,2433900
25509,2956200
25510,2325700
25511,2144000
25512,2736100
25513,2289200
25514,2949000
25515,3886000
25516,3406000
25517,2922500
25518,2528700
25519,2639200
25520,3481200
25521,3421600
25522,2218900
25523,2355400
25524,2591200
25525,3178900
25526,3323800
25527,3023000
25528,2206100
25529,2893300
25530,2482200
25531,1812500
25532,1728100
25533,1827500
25534,1743500
25535,1807800
25536,1856500
25537,1954600
25538,2663700
25539,2342600
25540,1754000
25541,1795300
25542,1704500
25543,1898100
25544,1789700
25545,1849500
25546,2185700
25547,3465500
25548,3049700
25549,2244600
25550,1691800
25551,1887700
25552,1775900
25553,2635300
25554,3716600
25555,2921300
25556,1856100
25557,1918200
25558,1990300
25559,2146700
25560,2562700
25561,2419700
25562,1817600
25563,1765000
25564,1764400
25565,1820400
25566,2051200
25567,2098700
25568,2044800
25569,2040800
25570,1982100
25571,1691900
25572,1659900
25573,1716600
25574,1917100
25575,2050600
25576,2800900
25577,3299700
25578,3002800
25579,2457700
25580,1824900
25581,1685800
25582,1919600
25583,2678900
25584,3058000
25585,2399800
25586,1802600
25587,1856000
25588,1952800
25589,2416700
25590,3301100
25591,3737500
25592,3089500
25593,2708000
25594,2359500
25595,2994400
25596,2777000
25597,2792900
25598,1974800
25599,1857200
25600,1898000
25601,2451400
25602,2816100
25603,2509200
25604,2245600
25605,1791400
25606,1833100
25607,1861700
25608,1942900
25609,2409100
25610,2140600
25611,1748700
25612,1867100
25613,1770000
25614,1823400
25615,1808300
25616,1926200
25617,2887000
25618,2885200
25619,2902000
25620,2581100
25621,1947200
25622,1804900
25623,2233100
25624,2355900
25625,1854700
25626,1772700
25627,1783700
25628,2133100
25629,1951400
25630,1890400
25631,2527700
25632,3117200
25633,2826500
25634,1750600
25635,1791400
25636,1915900
25637,2028000
25638,1951200
25639,1906200
25640,1962700
25641,1934000
25642,2369400
25643,2177100
25644,1996500
25645,2256100
25646,3262200
25647,3043100
25648,3006900
25649,2185000
25650,2263400
25651,2292400
25652,2081900
25653,2110100
25654,2796500
25655,2716300
25656,1923500
25657,2153200
25658,2725400
25659,2789500
25660,2475200
25661,1868500
25662,1819200
25663,1945800
25664,2552100
25665,2697700
25666,2560000
25667,2322700
25668,1891900
25669,1771200
25670,1894300
25671,1849200
25672,2737800
25673,3200400
25674,2461200
25675,2014100
25676,1852300
25677,1919800
25678,1973200
25679,2203700
25680,1966700
25681,1968200
25682,1819700
25683,1788300
25684,2096200
25685,2653600
25686,2051200
25687,1919800
25688,1831900
25689,1792000
25690,1817000
25691,1726600
25692,1790100
25693,2234800
25694,2132200
25695,2968300
25696,2980300
25697,2525300
25698,1788900
25699,1778000
25700,1917000
25701,2020800
25702,2953000
25703,3732300
25704,3046200
25705,2055300
25706,2059300
25707,2287200
25708,3069300
25709,3732200
25710,3635100
25711,2638800
25712,2263600
25713,1976900
25714,1929900
25715,2954000
25716,2625400
25717,1829900
25718,1739000
25719,1684800
25720,2124800
25721,2877900
25722,2886300
25723,2641300
25724,1831200
25725,2122100
25726,1854900
25727,1836700
25728,1673400
25729,1742900
25730,2049700
25731,2086300
25732,1953700
25733,1937700
25734,2258900
25735,2912800
25736,2683900
25737,2711200
25738,2681800
25739,1934200
25740,1940000
25741,2250100
25742,2865000
25743,3015300
25744,2452800
25745,2141800
25746,2084500
25747,2564200
25748,2462800
25749,1806600
25750,1661500
25751,1861900
25752,1978200
25753,2132600
25754,1896900
25755,2200400
25756,3042000
25757,2912700
25758,2311000
25759,1886900
25760,2035600
25761,1898100
25762,2232600
25763,3086300
25764,2899500
25765,2509900
25766,2465800
25767,1995800
25768,1805900
25769,1916300
25770,1833200
25771,1817900
25772,1862700
25773,1887900
25774,1850200
25775,2078400
25776,2194500
25777,2609900
25778,3363500
25779,3298900
25780,1924200
25781,1737000
25782,1991400
25783,2288900
25784,2825500
25785,2656700
25786,2538100
25787,1970800
25788,1987100
25789,2124000
25790,2088200
25791,2777100
25792,2613900
25793,2186100
25794,1827700
25795,1836100
25796,1771400
25797,2690800
25798,3382300
25799,2540600
25800,2168300
25801,1840200
25802,1789500
25803,2306700
25804,3694300
25805,3324200
25806,3696600
25807,2430700
25808,2391500
25809,3537300
25810,3423100
25811,2249600
25812,1868100
25813,1896800
25814,1724700
25815,2430700
25816,4260000
25817,3995100
25818,3225500
25819,2231000
25820,1978400
25821,2956700
25822,3281100
25823,2210800
25824,1896200
25825,1994800
25826,2288000
25827,2702300
25828,2151700
25829,2089200
25830,1882500
25831,1898200
25832,1909800
25833,1915600
25834,2049900
25835,2932900
25836,3917900
25837,2637500
25838,1909500
25839,1871400
25840,2833900
25841,2242800
25842,1708100
25843,1907200
25844,2076400
25845,1958300
25846,1763900
25847,2018700
25848,2627900
25849,3413700
25850,2997800
25851,2314200
25852,1804900
25853,1783000
25854,1943000
25855,1963700
25856,1818900
25857,1985900
25858,2919800
25859,2203200
25860,1714300
25861,1759600
25862,2015800
25863,2921600
25864,2756000
25865,2506300
25866,2054900
25867,1980100
25868,1864000
25869,2173000
25870,3618300
25871,3140700
25872,2465300
25873,2031700
25874,1800200
25875,2024400
25876,2844300
25877,2715900
25878,2291300
25879,2184400
25880,2094900
25881,1805200
25882,1881500
25883,1709600
25884,1744600
25885,1815500
25886,1801500
25887,1780500
25888,2067100
25889,2554900
25890,2670500
25891,2065100
25892,2168500
25893,2432800
25894,2284700
25895,2207500
25896,2408000
25897,2717000
25898,3587800
25899,3207900
25900,2369100
25901,2378900
25902,3059100
25903,2922800
25904,2852900
25905,3096800
25906,3106500
25907,2348700
25908,2504600
25909,2154700
25910,2169500
25911,2367800
25912,1933500
25913,1982800
25914,1930600
25915,2838600
25916,3161000
25917,2891200
25918,2524000
25919,2142400
25920,2451300
25921,2014500
25922,2557100
25923,2759700
25924,2527500
25925,1877000
25926,2091500
25927,2162700
25928,2167900
25929,2399900
25930,2031600
25931,1919100
25932,2559500
25933,2513800
25934,1813600
25935,1610700
25936,2577900
25937,3103900
25938,2485300
25939,2200300
25940,1917900
25941,1815900
25942,2204800
25943,2149300
25944,2382500
25945,2510200
25946,2205100
25947,2031700
25948,2135600
25949,2451100
25950,2519900
25951,3018300
25952,2034400
25953,1833800
25954,1981100
25955,2237000
25956,2439900
25957,3468100
25958,4003600
25959,3332000
25960,2363200
25961,2125000
25962,3195400
25963,4243300
25964,2913600
25965,2029700
25966,1952700
25967,1924100
25968,1911700
25969,1796800
25970,2192800
25971,2359600
25972,1839500
25973,1712700
25974,1721500
25975,2122300
25976,2979500
25977,3023500
25978,2890600
25979,2076900
25980,2170000
25981,2390100
25982,2400600
25983,2606600
25984,2599900
25985,1974300
25986,1927900
25987,1855300
25988,2232700
25989,2020500
25990,1930900
25991,1899200
25992,1982600
25993,2538400
25994,2434400
25995,1776600
25996,2039000
25997,3265800
25998,2931000
25999,2313400
26000,2134200
26001,1982100
26002,2068200
26003,2825300
26004,2716700
26005,2135500
26006,1896000
26007,2059000
26008,2018200
26009,2035900
26010,3003900
26011,3418600
26012,2365100
26013,1854400
26014,1932300
26015,2023700
26016,2042700
26017,3023500
26018,2844000
26019,2333600
26020,1885300
26021,1954400
26022,2111800
26023,2200700
26024,3245800
26025,2710600
26026,2110000
26027,1825000
26028,1808100
26029,2508800
26030,2478500
26031,2186000
26032,2195200
26033,2026200
26034,2054400
26035,1650700
26036,1645300
26037,2247700
26038,2848700
26039,2721600
26040,2333200
26041,2032200
26042,1978800
26043,2411600
26044,2138600
26045,1874300
26046,1714200
26047,1775900
26048,1786900
26049,2064800
26050,1909700
26051,1874700
26052,2666800
26053,4107600
26054,2750800
26055,2366200
26056,2344300
26057,1739400
26058,2151900
26059,2138600
26060,1892500
26061,1966100
26062,2058600
26063,1902000
26064,2165700
26065,2049700
26066,2657600
26067,3077500
26068,2379600
26069,1910400
26070,1738700
26071,1870900
26072,2167100
26073,3581900
26074,3227400
26075,2529700
26076,2115600
26077,1795600
26078,2254000
26079,3079600
26080,3520300
26081,3689900
26082,2029800
26083,2090400
26084,2829800
26085,3373900
26086,3566400
26087,2502600
26088,2118800
26089,1820400
26090,1877000
26091,2917500
26092,2949100
26093,2678600
26094,2127500
26095,1750100
26096,1646400
26097,1701800
26098,1754400
26099,1745500
26100,1776500
26101,2190700
26102,2110900
26103,1962600
26104,2368700
26105,1937200
26106,2917500
26107,2467800
26108,2218400
26109,2015700
26110,1902800
26111,2105400
26112,1945700
26113,1929400
26114,1888700
26115,1876800
26116,2185800
26117,2643600
26118,1940100
26119,1696100
26120,1851800
26121,3024100
26122,2580300
26123,2210200
26124,2118700
26125,2105200
26126,2205600
26127,1898300
26128,1742500
26129,1753100
26130,1837900
26131,1778500
26132,1763900
26133,2294100
26134,2201400
26135,2948900
26136,3822000
26137,2738900
26138,2747800
26139,2616600
26140,1962300
26141,1891200
26142,1882100
26143,1883700
26144,1879700
26145,1829300
26146,1771000
26147,2001300
26148,3279200
26149,2084000
26150,1805200
26151,1689800
26152,1868800
26153,1734900
26154,1733900
26155,1929700
26156,2191200
26157,2973000
26158,2825300
26159,2212500
26160,1672600
26161,1715200
26162,1876100
26163,2172600
26164,2994600
26165,3114000
26166,3214000
26167,2077200
26168,1741400
26169,1640100
26170,2582200
26171,3174600
26172,2716100
26173,2326000
26174,1945800
26175,1889900
26176,1951000
26177,2213300
26178,2303100
26179,2271200
26180,2443000
26181,1819400
26182,1685800
26183,1711500
26184,1926800
26185,3077500
26186,3193600
26187,2702500
26188,1985900
26189,2067100
26190,1728700
26191,1694100
26192,1845800
26193,1970200
26194,1760200
26195,1725200
26196,1803500
26197,2024000
26198,1996800
26199,2713500
26200,3065200
26201,3731500
26202,2319700
26203,2051600
26204,1863200
26205,2190900
26206,1918800
26207,1911200
26208,2056800
26209,2016800
26210,2203200
26211,2304700
26212,1739500
26213,1911600
26214,2748300
26215,3213700
26216,2622900
26217,1928500
26218,1913900
26219,1862800
26220,2770500
26221,2979700
26222,2510300
26223,2266800
26224,1802500
26225,1816900
26226,1865400
26227,2792100
26228,3234000
26229,3590000
26230,1904000
26231,1700900
26232,1749300
26233,1972300
26234,1832400
26235,2028700
26236,1919300
26237,1873800
26238,1975300
26239,2045600
26240,1930700
26241,2396000
26242,2574600
26243,2634000
26244,2495200
26245,2519800
26246,1920400
26247,1878700
26248,2285600
26249,2567500
26250,2759000
26251,2037700
26252,2306900
26253,2009200
26254,1983000
26255,2301800
26256,3446500
26257,3255300
26258,3378000
26259,2983100
26260,2003800
26261,1836400
26262,1706900
26263,1713200
26264,1906200
26265,1975800
26266,2043100
26267,2372800
26268,2127000
26269,3117600
26270,3114800
26271,2593900
26272,2191800
26273,3088700
26274,2094300
26275,2528700
26276,2560400
26277,2463200
26278,1768900
26279,1784500
26280,2275900
26281,2765400
26282,2991800
26283,2480600
26284,2206400
26285,1719000
26286,1749000
26287,2075200
26288,2208800
26289,2100800
26290,2476800
26291,1758800
26292,1646900
26293,1676200
26294,1809000
26295,1877200
26296,2144000
26297,1982000
26298,1891400
26299,1923200
26300,1806100
26301,1772400
26302,1831900
26303,2262600
26304,2846100
26305,2083000
26306,1877400
26307,1733500
26308,1870800
26309,1889600
26310,1768400
26311,2054500
26312,2334100
26313,3101400
26314,2653100
26315,2204000
26316,1925600
26317,1730400
26318,1788600
26319,2063000
26320,2322300
26321,2628700
26322,1868600
26323,1761100
26324,1664100
26325,1811600
26326,1727000
26327,1891700
26328,2259000
26329,2473000
26330,1966500
26331,1871300
26332,1853200
26333,2124600
26334,2832600
26335,2209600
26336,2830800
26337,2548000
26338,2484800
26339,2171500
26340,2221800
26341,2966300
26342,4357200
26343,3527600
26344,1843500
26345,1950200
26346,2152200
26347,2744800
26348,3424400
26349,3465300
26350,2299200
26351,3048800
26352,2284300
26353,1949000
26354,1845000
26355,2259000
26356,2089800
26357,1966000
26358,2086700
26359,2820400
26360,3469400
26361,3406100
26362,2778600
26363,1881700
26364,2401200
26365,2571200
26366,2564400
26367,2542500
26368,2521400
26369,1990100
26370,1861400
26371,1986000
26372,2382100
26373,3344000
26374,2475500
26375,2191000
26376,1992600
26377,1865200
26378,1873000
26379,2061000
26380,1963800
26381,1942400
26382,2449000
26383,1779700
26384,1979700
26385,1810900
26386,1879200
26387,2119100
26388,2389600
26389,2409500
26390,2333200
26391,2453100
26392,2281900
26393,2312300
26394,2914600
26395,2970100
26396,1959200
26397,1858600
26398,2049800
26399,2377800
26400,2373500
26401,3604800
26402,3525200
26403,2898700
26404,2465600
26405,2278800
26406,2021900
26407,2057300
26408,1845200
26409,1935800
26410,1898900
26411,1898300
26412,2398100
26413,2616600
26414,1841700
26415,1678200
26416,1774200
26417,1898300
26418,1819800
26419,1808900
26420,1920700
26421,2671600
26422,3195500
26423,2862400
26424,2328900
26425,2161400
26426,2506200
26427,2289300
26428,2801100
26429,2637800
26430,2483500
26431,1864100
26432,1826900
26433,1886800
26434,2079600
26435,3066500
26436,2578400
26437,2376400
26438,1827300
26439,1828900
26440,1782800
26441,1938700
26442,2171600
26443,2665600
26444,1800900
26445,1679600
26446,1706000
26447,1988500
26448,1743700
26449,1836600
26450,2464000
26451,3766300
26452,3045400
26453,2112400
26454,1991600
26455,1949400
26456,2595300
26457,2357600
26458,1818900
26459,1777300
26460,1762800
26461,1849600
26462,1750100
26463,1915400
26464,2221200
26465,3253900
26466,3272800
26467,2210900
26468,1670900
26469,1694400
26470,2093700
26471,2172900
26472,1890900
26473,2046600
26474,2272600
26475,2395300
26476,1856500
26477,1751100
26478,2156000
26479,3126700
26480,3213100
26481,3364200
26482,1936200
26483,2022900
26484,2241300
26485,1886600
26486,1791300
26487,2152900
26488,2913100
26489,2011600
26490,1754500
26491,1765200
26492,2258800
26493,2747900
26494,2652700
26495,2312300
26496,1995200
26497,2391900
26498,2215100
26499,2634000
26500,2750300
26501,2413700
26502,2115800
26503,1865300
26504,1835300
26505,2123900
26506,3055000
26507,2688800
26508,2288100
26509,2258100
26510,1910900
26511,1939400
26512,2076200
26513,3063400
26514,2778300
26515,2281400
26516,2012800
26517,2052600
26518,2183500
26519,3140800
26520,2751900
26521,3091800
26522,3093800
26523,3006500
26524,2498900
26525,1935300
26526,1914500
26527,2172400
26528,1783100
26529,1631200
26530,1721000
26531,2053800
26532,1980800
26533,1933900
26534,1837200
26535,1777800
26536,2011300
26537,2203700
26538,1756500
26539,1766900
26540,1844800
26541,2704800
26542,2940200
26543,2739500
26544,1874500
26545,1863300
26546,1977500
26547,2505000
26548,3046800
26549,3130600
26550,3103000
26551,1985900
26552,1814800
26553,1823500
26554,2301800
26555,1909200
26556,1834600
26557,1818900
26558,1870400
26559,2107700
26560,1748200
26561,1726100
26562,2391000
26563,3180000
26564,2637700
26565,2122400
26566,1863500
26567,1913000
26568,2093700
26569,2864300
26570,3348800
26571,2712000
26572,1988600
26573,1866300
26574,1911300
26575,1969500
26576,3394700
26577,3748700
26578,3200100
26579,2222000
26580,2174000
26581,2849700
26582,3001300
26583,2521700
26584,2781500
26585,2571500
26586,1864000
26587,2023300
26588,3170600
26589,3348000
26590,2720000
26591,1717100
26592,1756300
26593,1688900
26594,2828300
26595,3389300
26596,3129400
26597,2025100
26598,2098700
26599,2470500
26600,1919800
26601,1700800
26602,1870300
26603,1917500
26604,1933100
26605,1711000
26606,1767100
26607,1920400
26608,2037300
26609,2987600
26610,3157200
26611,2863800
26612,1953000
26613,2519800
26614,2100300
26615,1889200
26616,1731500
26617,1814800
26618,2326100
26619,2096100
26620,1986900
26621,1949300
26622,2665000
26623,2821300
26624,2424900
26625,2229100
26626,1892300
26627,1872300
26628,2107600
26629,2025800
26630,1939800
26631,2227400
26632,1698400
26633,1711900
26634,2008500
26635,1996700
26636,1960500
26637,2678300
26638,3081000
26639,2537500
26640,1855400
26641,2079600
26642,2045900
26643,2187700
26644,2660200
26645,1989900
26646,1696100
26647,1682200
26648,1748400
26649,2080400
26650,2210600
26651,2215800
26652,2044900
26653,2096500
26654,1724600
26655,1658200
26656,1786600
26657,1833900
26658,2160200
26659,2233800
26660,3003300
26661,2919400
26662,2559600
26663,2516500
26664,1960200
26665,1977000
26666,2720000
26667,3029200
26668,2643500
26669,1967700
26670,1877800
26671,1961100
26672,2412900
26673,1898800
26674,1931700
26675,2077500
26676,2446900
26677,1797700
26678,1682800
26679,1796300
26680,2171400
26681,2736500
26682,2781000
26683,2504900
26684,2108200
26685,2001400
26686,1892300
26687,2238000
26688,2622100
26689,2658600
26690,2282300
26691,1693500
26692,1792300
26693,2071400
26694,2305200
26695,3646500
26696,2820600
26697,2412900
26698,1960500
26699,1845500
26700,1853800
26701,2919900
26702,3857600
26703,4723700
26704,3567100
26705,2903500
26706,3751000
26707,2722300
26708,1934500
26709,1757300
26710,1887700
26711,1994300
26712,2752700
26713,3551300
26714,3043700
26715,2001300
26716,2006400
26717,1759300
26718,2030000
26719,1843000
26720,2110000
26721,1855000
26722,1866700
26723,1976100
26724,2098200
26725,2469300
26726,2688100
26727,3013600
26728,3055400
26729,1993200
26730,1854800
26731,1925800
26732,1979500
26733,2062600
26734,2164100
26735,2057300
26736,2311500
26737,2434300
26738,2186000
26739,1717900
26740,2063600
26741,2616300
26742,2537500
26743,3189000
26744,1951900
26745,2009100
26746,2307500
26747,1983400
26748,1727600
26749,1671300
26750,1699800
26751,2115300
26752,1896100
26753,1845900
26754,1852600
26755,2306600
26756,3473500
26757,2962800
26758,2724100
26759,1802100
26760,1963500
26761,1880500
26762,1886300
26763,1894000
26764,2109400
26765,1938600
26766,2809700
26767,2182300
26768,2082300
26769,2642900
26770,2521300
26771,2676500
26772,2457700
26773,2209100
26774,1908200
26775,2141300
26776,3668800
26777,4576900
26778,4043600
26779,2539000
26780,2436700
26781,3543000
26782,3253400
26783,2512700
26784,2556000
26785,3124800
26786,2137200
26787,1886100
26788,1974400
26789,2172300
26790,2532800
26791,2441300
26792,2851700
26793,3593900
26794,3821400
26795,2576600
26796,2135700
26797,2822700
26798,2705000
26799,2167200
26800,3351600
26801,3157000
26802,2408400
26803,2665700
26804,4365300
26805,3541400
26806,2922400
26807,1960200
26808,2468800
26809,3644300
26810,3386300
26811,3041800
26812,2120900
26813,2175700
26814,3208000
26815,2349100
26816,1874300
26817,2066900
26818,2068100
26819,1875500
26820,1876000
26821,2128400
26822,3506500
26823,3823700
26824,3693500
26825,2274800
26826,2340800
26827,3245200
26828,2660900
26829,2122500
26830,2095200
26831,1948700
26832,2025200
26833,2646300
26834,4511000
26835,3694000
26836,2644700
26837,2079700
26838,2191700
26839,2270400
26840,2401600
26841,2261400
26842,2037500
26843,2058300
26844,2127600
26845,3043400
26846,3241600
26847,3733700
26848,2650200
26849,2122900
26850,2317500
26851,2302700
26852,2280600
26853,2668200
26854,2580900
26855,2191500
26856,2750200
26857,2567300
26858,3328100
26859,3459600
26860,2822000
26861,2035300
26862,2072400
26863,2277400
26864,2139100
26865,2284400
26866,2108500
26867,2283200
26868,2157700
26869,2069200
26870,2381700
26871,3505500
26872,3403300
26873,3630900
26874,2220500
26875,2198900
26876,1999100
26877,2108800
26878,1960300
26879,2059000
26880,2341000
26881,2448300
26882,2374400
26883,3467900
26884,3392100
26885,3109700
26886,3265700
26887,2694300
26888,1961600
26889,1866200
26890,2079300
26891,2025200
26892,2101600
26893,2203800
26894,2452000
26895,2434000
26896,1825500
26897,1821800
26898,1788600
26899,1768500
26900,1822100
26901,2056500
26902,2572800
26903,2667800
26904,3460400
26905,3655300
26906,2491200
26907,2861400
26908,2628700
26909,2340400
26910,2253200
26911,2044000
26912,2090400
26913,2085200
26914,2365400
26915,2758200
26916,3647300
26917,3135100
26918,2632300
26919,2853000
26920,2769900
26921,2188300
26922,2012500
26923,2059000
26924,1968500
26925,2143200
26926,2079300
26927,2415400
26928,2698900
26929,2031500
26930,1914400
26931,1951100
26932,2089300
26933,1956900
26934,2028000
26935,3405800
26936,4530600
26937,3901300
26938,2869600
26939,2292500
26940,3820300
26941,2448000
26942,2078700
26943,2168800
26944,2279600
26945,2357300
26946,3191400
26947,3436800
26948,3182600
26949,2865200
26950,2365400
26951,3389200
26952,3577800
26953,2546400
26954,2091200
26955,2207200
26956,2307700
26957,2319100
26958,1928700
26959,1994000
26960,2116100
26961,2153200
26962,2571300
26963,3491600
26964,4986600
26965,3994900
26966,3401600
26967,2852600
26968,3019200
26969,4414500
26970,5482100
26971,4840000
26972,4116100
26973,4125600
26974,3940800
26975,4397100
26976,5588900
26977,4349700
26978,3902900
26979,4359300
26980,3917600
26981,4114800
26982,3448600
26983,2632800
26984,2157500
26985,1911700
26986,1769300
26987,2123300
26988,1932300
26989,2008400
26990,1974300
26991,1822200
26992,1699300
26993,1888800
26994,1794100
26995,1944200
26996,2402000
26997,2575600
26998,2803800
26999,2429400
27000,2177000
27001,1833300
27002,1876200
27003,2149300
27004,2203400
27005,1989400
27006,1813800
27007,1911800
27008,1952900
27009,2573700
27010,1836700
27011,1768000
27012,2151400
27013,2841900
27014,2697700
27015,2291100
27016,1794400
27017,1843800
27018,2080400
27019,2416300
27020,1908600
27021,1796800
27022,1821800
27023,1699100
27024,1779500
27025,1729500
27026,1928300
27027,2314000
27028,3574900
27029,2794200
27030,2399900
27031,1988500
27032,1906800
27033,1752700
27034,1953700
27035,2273800
27036,1970500
27037,1859700
27038,1820800
27039,1898400
27040,2033000
27041,2533000
27042,2810200
27043,3775500
27044,2656500
27045,1794500
27046,1980000
27047,1966100
27048,2066200
27049,2505800
27050,1999700
27051,1788800
27052,1859400
27053,1823000
27054,1738800
27055,1779400
27056,1910800
27057,2039000
27058,2632100
27059,2140600
27060,1752900
27061,1635300
27062,1775500
27063,1691500
27064,1783900
27065,2595400
27066,3209800
27067,3352300
27068,2013300
27069,1884400
27070,1872100
27071,2518700
27072,2591900
27073,2861200
27074,2867600
27075,2460000
27076,1779800
27077,1932000
27078,2430100
27079,3091200
27080,3705800
27081,2031300
27082,1707800
27083,1628000
27084,1935300
27085,1806200
27086,1823000
27087,1864000
27088,2327100
27089,2362000
27090,1927400
27091,1651900
27092,1674400
27093,2588000
27094,2913700
27095,2824300
27096,1929300
27097,1827800
27098,1856000
27099,2025700
27100,2050500
27101,1815100
27102,1939100
27103,2381700
27104,2740300
27105,1845200
27106,1682000
27107,1718300
27108,2821100
27109,3467700
27110,3011800
27111,2422600
27112,2006100
27113,2186200
27114,2120700
27115,1919900
27116,2404800
27117,2433100
27118,2512000
27119,2059700
27120,1916500
27121,2552000
27122,3822300
27123,2709300
27124,2356900
27125,2210200
27126,1852200
27127,1937700
27128,3251100
27129,2976300
27130,2372600
27131,1941300
27132,2013800
27133,1896100
27134,2871200
27135,3433300
27136,2659300
27137,1798500
27138,2016300
27139,2059000
27140,2045900
27141,1920400
27142,1885900
27143,1915000
27144,2083500
27145,1696800
27146,1759300
27147,2094200
27148,1747900
27149,2126200
27150,1953300
27151,1867200
27152,2049000
27153,2243200
27154,1750500
27155,1912700
27156,1888900
27157,2086900
27158,2756500
27159,2681700
27160,2369400
27161,1860100
27162,1863600
27163,2201300
27164,2300100
27165,3003700
27166,3320200
27167,2633600
27168,1949500
27169,1809700
27170,2218200
27171,2725500
27172,2843600
27173,2866200
27174,1854300
27175,2040300
27176,2250300
27177,2818600
27178,2955400
27179,2645000
27180,1933600
27181,1798000
27182,1859500
27183,1796500
27184,2580400
27185,3987400
27186,3807300
27187,3825000
27188,2651100
27189,2848900
27190,2283900
27191,2310800
27192,2426300
27193,2290800
27194,2141200
27195,2600100
27196,4113800
27197,3764500
27198,2819000
27199,2329500
27200,2382600
27201,2262400
27202,2230600
27203,2180700
27204,2425400
27205,2253200
27206,2316600
27207,2178300
27208,3524300
27209,3515500
27210,2941500
27211,2173800
27212,2628900
27213,2752500
27214,3568000
27215,3417400
27216,2508500
27217,2057400
27218,3345800
27219,3890600
27220,3973100
27221,2155000
27222,2101300
27223,2129700
27224,2574600
27225,2609100
27226,2373000
27227,2182100
27228,2187600
27229,2139400
27230,2403200
27231,2595500
27232,2278300
27233,2796000
27234,2316700
27235,2064200
27236,2182500
27237,3615200
27238,3566200
27239,3803300
27240,2108000
27241,2293700
27242,2351100
27243,2689200
27244,1966500
27245,1790600
27246,2154800
27247,2264400
27248,2176700
27249,2777300
27250,3607500
27251,3563800
27252,2644500
27253,2287500
27254,2246700
27255,2489100
27256,2901700
27257,2100500
27258,1870200
27259,2102300
27260,2153100
27261,2325200
27262,2997000
27263,2984700
27264,2023800
27265,2141800
27266,2140600
27267,1877700
27268,2438300
27269,2892400
27270,2576200
27271,1861900
27272,1907500
27273,2017300
27274,2574500
27275,2322600
27276,2873100
27277,2421900
27278,1956100
27279,1779200
27280,1889800
27281,2564800
27282,3231600
27283,2960800
27284,2222800
27285,1794800
27286,2031200
27287,2436700
27288,2743800
27289,1837000
27290,1725100
27291,1720400
27292,1871400
27293,1870400
27294,1868100
27295,2040600
27296,2272500
27297,2196100
27298,1853800
27299,1685200
27300,1698100
27301,1841600
27302,1870900
27303,1953600
27304,3023700
27305,3262700
27306,2790600
27307,2339100
27308,1913500
27309,1712000
27310,2459400
27311,3329100
27312,3072200
27313,1903500
27314,1963600
27315,1929700
27316,2573500
27317,3022800
27318,3519500
27319,2798800
27320,2381500
27321,1964700
27322,2200300
27323,3417300
27324,3663600
27325,2571900
27326,2360600
27327,2018500
27328,2406000
27329,2080200
27330,2033500
27331,2604600
27332,2210100
27333,1915900
27334,1938900
27335,2386100
27336,3368400
27337,3214600
27338,2434000
27339,1745800
27340,1951200
27341,1927900
27342,2769000
27343,2855000
27344,2778100
27345,2353400
27346,2455800
27347,2035400
27348,2540800
27349,3329600
27350,4267800
27351,3030600
27352,2061400
27353,2182400
27354,1879000
27355,1913800
27356,1877000
27357,1862000
27358,2009500
27359,2308700
27360,1777200
27361,1733800
27362,1676400
27363,1958700
27364,1700000
27365,1783800
27366,1817100
27367,2034800
27368,2130300
27369,2562500
27370,2906500
27371,2663900
27372,2087800
27373,1786200
27374,1915100
27375,2199400
27376,2168100
27377,2957200
27378,2932500
27379,2340800
27380,1786900
27381,2350200
27382,3241300
27383,2787100
27384,2592800
27385,2308900
27386,1843100
27387,1848200
27388,1911400
27389,2502600
27390,3120700
27391,2709700
27392,2214500
27393,1740200
27394,2009400
27395,1855300
27396,2267300
27397,2096800
27398,2059300
27399,2350200
27400,1759200
27401,1681400
27402,1715700
27403,1846500
27404,2153200
27405,2015300
27406,2064800
27407,2325300
27408,2156000
27409,2254000
27410,2044000
27411,2194100
27412,2754600
27413,3405200
27414,3052200
27415,2307800
27416,1845300
27417,1787100
27418,2123500
27419,3426600
27420,2954400
27421,2321900
27422,2241300
27423,1836800
27424,1791900
27425,1851500
27426,2043400
27427,1827700
27428,1887000
27429,1770600
27430,1810700
27431,2124900
27432,2426600
27433,2504100
27434,3748000
27435,2812000
27436,1886300
27437,1837000
27438,1808900
27439,2043500
27440,1817400
27441,2003300
27442,1982900
27443,1855900
27444,2218000
27445,2402500
27446,1831500
27447,2071600
27448,3168500
27449,3519300
27450,2306700
27451,1952000
27452,2117800
27453,2922600
27454,2931500
27455,2856400
27456,2860000
27457,1833700
27458,1897000
27459,1957100
27460,2081500
27461,2389300
27462,1817000
27463,2033900
27464,1793400
27465,1816900
27466,1846500
27467,1826200
27468,2359800
27469,3359700
27470,3178000
27471,2312400
27472,1927900
27473,1887600
27474,2145500
27475,2441600
27476,1882000
27477,1723400
27478,1694100
27479,1978200
27480,1895000
27481,1731800
27482,2187000
27483,3345500
27484,3134700
27485,2895800
27486,1987000
27487,1717400
27488,1781900
27489,2351300
27490,3057900
27491,2826600
27492,2123800
27493,2084200
27494,2454200
27495,1873400
27496,1682500
27497,1780200
27498,1815800
27499,1795100
27500,1888000
27501,2131000
27502,2111300
27503,2096900
27504,3046200
27505,2898000
27506,2290800
27507,2118500
27508,2524200
27509,2114700
27510,2516600
27511,2453600
27512,2460500
27513,1877400
27514,1863200
27515,1944700
27516,2086000
27517,2130800
27518,1748500
27519,1787900
27520,1637300
27521,1846200
27522,1861500
27523,1842900
27524,1836600
27525,2276600
27526,2303800
27527,2456300
27528,1782300
27529,1746300
27530,1757900
27531,1793600
27532,1783600
27533,2869400
27534,3362100
27535,2824900
27536,2272300
27537,1910300
27538,1860400
27539,2720200
27540,3318700
27541,2484600
27542,2856300
27543,2894700
27544,1906900
27545,2179800
27546,2222600
27547,2142800
27548,2133500
27549,1825000
27550,1735100
27551,1770400
27552,1776200
27553,1825100
27554,3208500
27555,2750800
27556,2481600
27557,2844000
27558,2259800
27559,1825800
27560,1988100
27561,2383800
27562,1990500
27563,1824100
27564,1790600
27565,1941700
27566,1818100
27567,1791100
27568,1917600
27569,2132000
27570,2416200
27571,2560000
27572,1863300
27573,1801400
27574,1781700
27575,1690000
27576,1945500
27577,1956900
27578,2130300
27579,2056900
27580,1961700
27581,2372000
27582,2153600
27583,2043400
27584,2238200
27585,2366700
27586,2753500
27587,2253200
27588,2038200
27589,2028700
27590,2538900
27591,1918000
27592,1710700
27593,1807500
27594,1898400
27595,1847200
27596,1815700
27597,1936400
27598,2127100
27599,3023200
27600,3020400
27601,3158200
27602,2190800
27603,2604900
27604,2113800
27605,1857900
27606,1775800
27607,1836700
27608,1946700
27609,2357300
27610,1908100
27611,2014800
27612,2570900
27613,1958300
27614,1721600
27615,1665000
27616,1775200
27617,2003300
27618,1893300
27619,1896300
27620,2006400
27621,2663900
27622,2839400
27623,2483400
27624,2845300
27625,2343600
27626,1995400
27627,2223000
27628,2165900
27629,2197000
27630,2020800
27631,1943900
27632,2386600
27633,2448400
27634,3667400
27635,2405800
27636,1979800
27637,2065600
27638,2275700
27639,2319400
27640,2065100
27641,2372300
27642,2142800
27643,2540800
27644,1914100
27645,2261500
27646,2640900
27647,2265600
27648,2106500
27649,2037500
27650,2163800
27651,2350100
27652,2285800
27653,1889900
27654,1784900
27655,2175900
27656,2112900
27657,2010100
27658,2208000
27659,2290400
27660,2148500
27661,2425800
27662,2628900
27663,2317100
27664,2643800
27665,2648900
27666,1987800
27667,1817400
27668,2001400
27669,2498100
27670,3177200
27671,2723500
27672,2362500
27673,1905300
27674,1987000
27675,1894700
27676,2147100
27677,1958800
27678,2046400
27679,1940500
27680,1995800
27681,2312400
27682,2541300
27683,3660900
27684,2297900
27685,1879200
27686,1754900
27687,1859900
27688,2042600
27689,1915900
27690,2471900
27691,3943600
27692,3647000
27693,2791400
27694,2215000
27695,2219600
27696,2323700
27697,3258500
27698,2536800
27699,2038500
27700,1901300
27701,2047100
27702,2325500
27703,3751600
27704,3906600
27705,2311600
27706,2016400
27707,1661100
27708,1959100
27709,1843200
27710,1933500
27711,2367000
27712,1865000
27713,1841300
27714,1839100
27715,2440800
27716,2061000
27717,1811100
27718,1751500
27719,2247100
27720,1923700
27721,1825000
27722,1898000
27723,2101300
27724,2059700
27725,3099000
27726,3495300
27727,3107500
27728,2646400
27729,1815100
27730,2406500
27731,2695300
27732,2652000
27733,2279800
27734,1975400
27735,1858100
27736,1822000
27737,2670300
27738,2853400
27739,2319500
27740,2412200
27741,1898900
27742,1831900
27743,2081100
27744,1955400
27745,2449400
27746,1831100
27747,1713000
27748,1689700
27749,1994300
27750,1809700
27751,1850300
27752,2579500
27753,3348500
27754,2797100
27755,2189200
27756,2008300
27757,1975100
27758,2194400
27759,2524100
27760,1814400
27761,1672200
27762,1609900
27763,1711300
27764,1873200
27765,1858800
27766,2562900
27767,3424400
27768,3284300
27769,2185200
27770,1719700
27771,1776800
27772,1781700
27773,1912600
27774,1682800
27775,2288900
27776,1942900
27777,1843700
27778,2310900
27779,1789000
27780,1987800
27781,2446000
27782,3093300
27783,3059500
27784,2787500
27785,1872500
27786,2179800
27787,2169200
27788,1918100
27789,1918900
27790,1950800
27791,2164100
27792,2419000
27793,1838700
27794,1825300
27795,2178100
27796,2511400
27797,2022800
27798,2222500
27799,2266800
27800,2427800
27801,2158200
27802,3045300
27803,2710600
27804,2465500
27805,2022800
27806,1706700
27807,1742500
27808,1900400
27809,2394100
27810,2744000
27811,1968800
27812,1727000
27813,1672400
27814,1784900
27815,1773000
27816,1698500
27817,2387500
27818,3932300
27819,2979100
27820,2057500
27821,1926500
27822,1853300
27823,2635200
27824,2857600
27825,1969500
27826,1717300
27827,1737500
27828,1845100
27829,1882200
27830,1814400
27831,1994900
27832,1943100
27833,2286800
27834,1823400
27835,1691300
27836,1669500
27837,1798900
27838,1858000
27839,1773000
27840,2616800
27841,3145900
27842,3502400
27843,2688000
27844,1707500
27845,1755900
27846,2299800
27847,2789800
27848,3167900
27849,2249700
27850,2175700
27851,1973000
27852,1915800
27853,1916800
27854,1849200
27855,2211400
27856,2714200
27857,2335400
27858,1926600
27859,1799000
27860,2363600
27861,2441600
27862,2125400
27863,2525000
27864,2295600
27865,2205800
27866,2252000
27867,2353800
27868,2680400
27869,2504300
27870,2415200
27871,1860000
27872,1928700
27873,1975900
27874,2942800
27875,3258400
27876,2522600
27877,1980100
27878,1891000
27879,1800500
27880,2087600
27881,2748900
27882,2886400
27883,2684800
27884,2282000
27885,2013300
27886,1956400
27887,2630700
27888,2335200
27889,1763700
27890,1733000
27891,1691700
27892,2042800
27893,1923400
27894,2169400
27895,2002800
27896,1824600
27897,2183200
27898,1722400
27899,1717400
27900,1656800
27901,2363100
27902,1807100
27903,2503400
27904,2984100
27905,2996300
27906,2552200
27907,2078300
27908,1942600
27909,2029600
27910,2992200
27911,2681200
27912,2640500
27913,1841000
27914,2273500
27915,2563900
27916,2095100
27917,1931100
27918,1827100
27919,2432000
27920,2102600
27921,1695800
27922,1793700
27923,2135400
27924,2454000
27925,2874500
27926,2777700
27927,2106200
27928,1858300
27929,2073000
27930,2293900
27931,2453100
27932,2713200
27933,2483900
27934,1946000
27935,1878300
27936,1878400
27937,2453000
27938,3024200
27939,1841400
27940,1717900
27941,1832800
27942,1830500
27943,1743600
27944,1875700
27945,2330600
27946,3348600
27947,3023400
27948,2321500
27949,2001900
27950,1810200
27951,2820400
27952,2686000
27953,1869600
27954,1768100
27955,1804900
27956,1885100
27957,1865000
27958,1928800
27959,2285100
27960,2351600
27961,1914700
27962,1732900
27963,1647700
27964,1894700
27965,1811100
27966,1793400
27967,1849400
27968,2426600
27969,3704000
27970,3468500
27971,2079000
27972,1824000
27973,1709000
27974,1988300
27975,3047100
27976,3465300
27977,2474700
27978,2012000
27979,1885900
27980,2015200
27981,2987800
27982,3449900
27983,3123300
27984,2110300
27985,1767700
27986,1773000
27987,2673000
27988,2983500
27989,3349100
27990,1997300
27991,1925900
27992,2131700
27993,2099200
27994,3108300
27995,3051900
27996,3237000
27997,1909400
27998,1810900
27999,2227000
28000,2147400
28001,2559100
28002,1970000
28003,2010300
28004,2004300
28005,1932600
28006,1817800
28007,2336600
28008,3477100
28009,2864100
28010,2862100
28011,1990200
28012,1877900
28013,2346500
28014,3149600
28015,2572900
28016,2214300
28017,2501500
28018,2032500
28019,2179500
28020,2098500
28021,2085000
28022,2133300
28023,1906300
28024,1962300
28025,1972600
28026,1834300
28027,2004500
28028,2588500
28029,2993100
28030,2671100
28031,2022500
28032,2683000
28033,1839000
28034,1982500
28035,2820600
28036,2775800
28037,2245600
28038,1858100
28039,2195800
28040,2057500
28041,2353400
28042,3446300
28043,2717500
28044,2141500
28045,2556900
28046,1990200
28047,2089400
28048,2852100
28049,2987700
28050,2344800
28051,1832700
28052,1885100
28053,2084500
28054,2683800
28055,2772200
28056,2313000
28057,1990600
28058,1746300
28059,1798400
28060,2453600
28061,2508600
28062,2567200
28063,1801100
28064,1670700
28065,1627700
28066,1680700
28067,1763300
28068,1813800
28069,2875700
28070,3861000
28071,3987400
28072,3512600
28073,2563000
28074,2816500
28075,2577700
28076,2371200
28077,2204500
28078,2069500
28079,1884700
28080,2404700
28081,3591500
28082,3748400
28083,2909300
28084,2192600
28085,2642000
28086,3830700
28087,4120600
28088,2978100
28089,2245900
28090,2149000
28091,2718600
28092,3951300
28093,3047300
28094,2086800
28095,2033100
28096,2740900
28097,3975200
28098,4457500
28099,2838100
28100,2288900
28101,2470200
28102,2656200
28103,2724300
28104,2418700
28105,2174600
28106,2176400
28107,2443700
28108,2414400
28109,2302200
28110,2495000
28111,2503700
28112,1886900
28113,1700200
28114,1989300
28115,2743400
28116,3739900
28117,3731000
28118,3058200
28119,2113000
28120,2037900
28121,2002200
28122,2154800
28123,2050600
28124,3032100
28125,2605500
28126,2207300
28127,3148800
28128,3087900
28129,2640600
28130,2414700
28131,2201700
28132,2386300
28133,3043900
28134,2106600
28135,1897100
28136,2062500
28137,2846500
28138,2307900
28139,2405500
28140,3429900
28141,3328900
28142,2375000
28143,2592300
28144,2402000
28145,2037900
28146,2064100
28147,2404300
28148,1972400
28149,1919500
28150,1742500
28151,3652900
28152,3065200
28153,2962700
28154,2437100
28155,2621600
28156,4091400
28157,5197300
28158,4348700
28159,2021200
28160,2441500
28161,2595800
28162,2880000
28163,3878000
28164,3413500
28165,2485500
28166,3659800
28167,4243500
28168,4151600
28169,3274200
28170,2119900
28171,2471800
28172,2679900
28173,2418900
28174,2243800
28175,2438900
28176,2338800
28177,2404400
28178,3116100
28179,3988000
28180,3442600
28181,2256400
28182,1998500
28183,2041500
28184,2269900
28185,2319800
28186,2060700
28187,1941000
28188,1651400
28189,1741100
28190,1693900
28191,2152500
28192,2823700
28193,2961000
28194,1875600
28195,1667100
28196,2099800
28197,1610300
28198,1889400
28199,1765500
28200,1673800
28201,2143200
28202,1675900
28203,1661100
28204,1644800
28205,1516900
28206,1624700
28207,1767000
28208,2667000
28209,2376700
28210,2681900
28211,1832600
28212,1700500
28213,1611500
28214,1705900
28215,2106400
28216,1984500
28217,1778100
28218,1711600
28219,2045000
28220,1659400
28221,1619500
28222,1630600
28223,1546800
28224,1879500
28225,2091600
28226,1756800
28227,1806200
28228,2313200
28229,2016000
28230,1794500
28231,1658500
28232,2017500
28233,2759700
28234,2246900
28235,1952400
28236,1942300
28237,1704300
28238,1767200
28239,1633200
28240,1910500
28241,1773400
28242,1796400
28243,1622000
28244,1688400
28245,1953900
28246,1771400
28247,1693300
28248,1695900
28249,2100600
28250,2667200
28251,2209500
28252,1713700
28253,1693500
28254,1830000
28255,1682100
28256,1699900
28257,1661000
28258,1675600
28259,1801800
28260,1724800
28261,1643000
28262,1694900
28263,1665200
28264,1900200
28265,1763100
28266,1870500
28267,2607300
28268,2332400
28269,1878000
28270,1665100
28271,1589700
28272,1903400
28273,2063500
28274,1753200
28275,1648200
28276,1621700
28277,1654100
28278,1596200
28279,1725000
28280,1612600
28281,1620000
28282,1825000
28283,1766800
28284,2316000
28285,2493000
28286,2264700
28287,1880800
28288,1639000
28289,1896700
28290,1883100
28291,1909000
28292,1951500
28293,1815000
28294,1819300
28295,1744800
28296,1680100
28297,1760500
28298,1685800
28299,1901900
28300,2015000
28301,1712500
28302,1710100
28303,1614500
28304,1701900
28305,1744400
28306,1619100
28307,1609300
28308,1583200
28309,2003500
28310,2544000
28311,2435500
28312,2184000
28313,1620700
28314,1610400
28315,1675200
28316,1610100
28317,1645600
28318,2848200
28319,2781300
28320,2338300
28321,1611300
28322,1670600
28323,1641300
28324,1673800
28325,1756800
28326,2758000
28327,2726000
28328,2269300
28329,1668500
28330,1632400
28331,1535400
28332,1636100
28333,1803000
28334,2988200
28335,3040300
28336,2107800
28337,1640700
28338,1621900
28339,1668600
28340,1582100
28341,2279900
28342,2920600
28343,2680600
28344,1709500
28345,1603700
28346,1637400
28347,1638400
28348,1611600
28349,1956900
28350,1861000
28351,1811700
28352,1765500
28353,1806600
28354,1600400
28355,1623400
28356,1657100
28357,1551900
28358,1861200
28359,2734400
28360,2932300
28361,2292700
28362,1728000
28363,1615900
28364,1743400
28365,1841900
28366,1631200
28367,1605400
28368,1655300
28369,1957900
28370,1788900
28371,1698700
28372,1589400
28373,1662800
28374,2049400
28375,2430500
28376,2369700
28377,2338300
28378,2033700
28379,1645600
28380,1574600
28381,1622200
28382,1792900
28383,2489500
28384,2333800
28385,1986400
28386,2219200
28387,1708300
28388,1737700
28389,1621300
28390,1776400
28391,1957500
28392,1649200
28393,1592000
28394,1640700
28395,1898300
28396,1757400
28397,1652500
28398,1607600
28399,1681200
28400,1650500
28401,1582000
28402,1661400
28403,1606600
28404,1628600
28405,1922700
28406,1694900
28407,1625000
28408,1607600
28409,2066600
28410,2625900
28411,2260000
28412,1965100
28413,1696800
28414,1672600
28415,1893100
28416,1639400
28417,1909600
28418,2653200
28419,2170500
28420,1950300
28421,1758700
28422,1867300
28423,1785200
28424,1670900
28425,1795100
28426,2665900
28427,2296600
28428,1808100
28429,1743900
28430,1731300
28431,1844700
28432,1791100
28433,1782100
28434,1643100
28435,1613300
28436,1679300
28437,1591500
28438,1727300
28439,1612100
28440,1547200
28441,1651500
28442,2159000
28443,2181300
28444,2046000
28445,2209400
28446,1848200
28447,1630200
28448,1614000
28449,1829900
28450,2038600
28451,2610700
28452,2338900
28453,2036100
28454,1650400
28455,1727100
28456,1642100
28457,1653700
28458,1678300
28459,3234100
28460,2987200
28461,2574200
28462,1706100
28463,1767700
28464,1746900
28465,1843800
28466,2745400
28467,2681200
28468,2356000
28469,1705400
28470,1798500
28471,1695800
28472,1777500
28473,2163000
28474,2346200
28475,1864900
28476,1665000
28477,1677100
28478,1589500
28479,1629600
28480,1593600
28481,1576600
28482,1977500
28483,2554200
28484,2629900
28485,2250200
28486,1677600
28487,1637800
28488,1677500
28489,1596900
28490,1877000
28491,2293500
28492,1915500
28493,2407200
28494,2145400
28495,1920900
28496,1847400
28497,1721600
28498,1755200
28499,2668200
28500,2675200
28501,2206800
28502,1573600
28503,1545600
28504,1671600
28505,1603700
28506,2072400
28507,1813900
28508,2037500
28509,1703200
28510,1600700
28511,1638200
28512,1650700
28513,1840600
28514,1813100
28515,2094600
28516,2976700
28517,2945200
28518,1860400
28519,1721900
28520,1672600
28521,1582600
28522,1727700
28523,2660800
28524,2490900
28525,2629700
28526,1696800
28527,1575300
28528,1678500
28529,1587800
28530,1863300
28531,2408900
28532,2432600
28533,3066900
28534,1799400
28535,1704700
28536,1674500
28537,1744900
28538,1701600
28539,1584000
28540,1621100
28541,1594900
28542,1910300
28543,1701500
28544,1599900
28545,1667800
28546,1597400
28547,1951900
28548,1810500
28549,1956900
28550,2065800
28551,2396500
28552,1970600
28553,1922100
28554,1837100
28555,2172300
28556,2891000
28557,2712700
28558,2729600
28559,2217700
28560,1858300
28561,1777000
28562,1988800
28563,2059500
28564,1863900
28565,1781000
28566,1769100
28567,2186100
28568,1966200
28569,1747200
28570,2223800
28571,2872300
28572,2330800
28573,1775000
28574,1640700
28575,1727600
28576,1726200
28577,1661100
28578,1716300
28579,1699100
28580,1710100
28581,1857300
28582,1695100
28583,1720100
28584,1835700
28585,1894100
28586,1818500
28587,2262100
28588,2572300
28589,2381800
28590,1591200
28591,1655300
28592,1698500
28593,2087400
28594,1739900
28595,1758800
28596,1652900
28597,1621000
28598,1712700
28599,1618100
28600,1749000
28601,1593300
28602,1684800
28603,2061200
28604,2215500
28605,2647800
28606,2380800
28607,1758900
28608,1640500
28609,1634300
28610,1655200
28611,1912300
28612,2035500
28613,2195100
28614,2274700
28615,2209300
28616,2027700
28617,1984900
28618,2039600
28619,2679600
28620,2096100
28621,1889700
28622,1806300
28623,1787700
28624,1820800
28625,1960500
28626,1722700
28627,2102900
28628,2609900
28629,2895300
28630,2790100
28631,1925800
28632,1799000
28633,1766200
28634,1948400
28635,2213400
28636,2127200
28637,2088300
28638,1965400
28639,2056800
28640,1754800
28641,1850200
28642,2526900
28643,3877800
28644,3337000
28645,2434100
28646,1945900
28647,1885100
28648,2110800
28649,2106500
28650,2028400
28651,2002400
28652,1934800
28653,1846800
28654,1832500
28655,1822500
28656,2278200
28657,3249300
28658,3200100
28659,2143000
28660,1915800
28661,1892500
28662,1981900
28663,1986200
28664,1805600
28665,2165200
28666,1923800
28667,1865700
28668,1890600
28669,1833200
28670,1930000
28671,2738900
28672,3004100
28673,3380700
28674,1935400
28675,1802200
28676,1782400
28677,1997500
28678,1861700
28679,1793700
28680,1775100
28681,2060500
28682,1934700
28683,1793300
28684,1778300
28685,1773500
28686,1995700
28687,1936300
28688,1716800
28689,1734700
28690,2125200
28691,1840900
28692,1846000
28693,1792500
28694,2049400
28695,2597500
28696,2676900
28697,2844600
28698,2576700
28699,2096300
28700,1901600
28701,2184300
28702,2697900
28703,2618700
28704,2378200
28705,2052400
28706,1797900
28707,1864700
28708,3002600
28709,3008900
28710,2616400
28711,1879200
28712,2067800
28713,1927500
28714,1866900
28715,1869200
28716,1809000
28717,1899200
28718,1757700
28719,1729300
28720,1809100
28721,1943000
28722,1821300
28723,1865500
28724,1768500
28725,1793700
28726,1836700
28727,1782300
28728,1770000
28729,1913600
28730,2522300
28731,2528600
28732,3325100
28733,3389300
28734,3239500
28735,2828400
28736,2910800
28737,3146900
28738,2940300
28739,2470800
28740,1768300
28741,1789200
28742,2157700
28743,1948100
28744,1800100
28745,1720500
28746,1791600
28747,1779200
28748,1789600
28749,1815100
28750,1799000
28751,2239400
28752,1884300
28753,1834800
28754,1760100
28755,1780000
28756,1729000
28757,2865400
28758,2839800
28759,3376600
28760,3172400
28761,2660000
28762,2645700
28763,3771700
28764,4067400
28765,3511700
28766,3086200
28767,2999200
28768,2809200
28769,3388500
28770,4044400
28771,3443200
28772,2842400
28773,1657400
28774,1769800
28775,1918600
28776,2023800
28777,1815500
28778,1601800
28779,1551600
28780,1615300
28781,1667800
28782,1627300
28783,1788300
28784,2950700
28785,2831000
28786,2252300
28787,1842500
28788,1693100
28789,1606700
28790,1683900
28791,1656200
28792,1612400
28793,1795100
28794,1708500
28795,1699400
28796,1577800
28797,1734500
28798,1615500
28799,1602100
28800,2135700
28801,2782800
28802,2771800
28803,2173100
28804,1667100
28805,1781500
28806,1613700
28807,1937100
28808,1628800
28809,1627800
28810,1677500
28811,1912600
28812,1699600
28813,1702500
28814,1576100
28815,1624400
28816,1719200
28817,1725400
28818,1617000
28819,1641800
28820,1673800
28821,1826200
28822,1700300
28823,1688200
28824,1709400
28825,1615400
28826,1861400
28827,2565100
28828,2264100
28829,2383100
28830,1832400
28831,1634200
28832,1627100
28833,1658100
28834,1889600
28835,1716000
28836,1601500
28837,1601500
28838,1645000
28839,2093900
28840,1871300
28841,1648500
28842,1710200
28843,1858200
28844,2582000
28845,2240700
28846,1882500
28847,1934800
28848,1957300
28849,1684900
28850,1621200
28851,1742100
28852,1600900
28853,1663900
28854,1623600
28855,1600800
28856,1651400
28857,2019600
28858,1895400
28859,1793800
28860,1908500
28861,2688300
28862,2353600
28863,1894900
28864,1713700
28865,1675400
28866,1761900
28867,1775700
28868,1866400
28869,1617200
28870,1616600
28871,1703300
28872,1587800
28873,1604300
28874,1658300
28875,1950500
28876,1850500
28877,2036800
28878,2728200
28879,2370800
28880,2001700
28881,1692900
28882,1593800
28883,1659600
28884,1817700
28885,1879400
28886,2001800
28887,1752700
28888,1735900
28889,1745800
28890,1683500
28891,1595600
28892,1599200
28893,1801200
28894,2176000
28895,1866300
28896,1650600
28897,1593600
28898,1732400
28899,1588600
28900,1640700
28901,1659800
28902,1757300
28903,2264200
28904,2756500
28905,2558300
28906,2044100
28907,1601100
28908,1593200
28909,1612900
28910,1608300
28911,1851200
28912,1718200
28913,1837800
28914,1649400
28915,1674100
28916,1629200
28917,1625000
28918,1645700
28919,1627200
28920,1591600
28921,2496800
28922,2533200
28923,2438100
28924,1643100
28925,1654900
28926,1630400
28927,1600100
28928,1641600
28929,1915400
28930,1993500
28931,1731600
28932,1771300
28933,1653000
28934,1668700
28935,1659900
28936,1665200
28937,1650200
28938,1844400
28939,1805500
28940,1656900
28941,1658000
28942,1680500
28943,1626300
28944,1690700
28945,1617700
28946,1657800
28947,1775700
28948,2707100
28949,3484100
28950,2074000
28951,1608000
28952,1553400
28953,1624600
28954,1635200
28955,1739900
28956,1745400
28957,1832000
28958,1675100
28959,1656400
28960,1669900
28961,1608600
28962,1553300
28963,1711200
28964,1975100
28965,3107100
28966,3028500
28967,2387200
28968,1817800
28969,1688600
28970,1817200
28971,1780200
28972,1636300
28973,1676000
28974,1661100
28975,1785300
28976,1918600
28977,1818200
28978,1784000
28979,1695500
28980,2368200
28981,3188800
28982,2776400
28983,2493600
28984,1791100
28985,1723300
28986,1817800
28987,1739200
28988,1640800
28989,1680200
28990,1672200
28991,1939000
28992,1835400
28993,1640000
28994,1690000
28995,1577500
28996,2519100
28997,2602100
28998,2207700
28999,1879800
29000,1923100
29001,1739900
29002,1656000
29003,1855100
29004,2112200
29005,2246800
29006,1924000
29007,2120100
29008,2201500
29009,1855500
29010,1658800
29011,1771200
29012,1662600
29013,1622700
29014,1674700
29015,1673200
29016,1708600
29017,1753600
29018,1815700
29019,1770800
29020,2127900
29021,3090700
29022,2688700
29023,2269500
29024,1607100
29025,1763400
29026,1714100
29027,1685600
29028,2479900
29029,2609200
29030,2302100
29031,1677200
29032,1650200
29033,1667100
29034,1881200
29035,1708700
29036,1811400
29037,1623200
29038,1588400
29039,1633400
29040,1615100
29041,1619000
29042,1587400
29043,1704100
29044,2073800
29045,1885000
29046,1694700
29047,1665000
29048,1643800
29049,1810100
29050,1669500
29051,1611200
29052,1606600
29053,1736500
29054,2156500
29055,3311500
29056,3299400
29057,2899400
29058,1996600
29059,2092800
29060,2625900
29061,1929000
29062,1926100
29063,1918800
29064,1870500
29065,1801400
29066,1792800
29067,1728300
29068,2946800
29069,3539300
29070,3033000
29071,2176000
29072,1893400
29073,1810800
29074,2210600
29075,3697600
29076,3099400
29077,2237700
29078,1955400
29079,1983800
29080,1862600
29081,1985400
29082,2282000
29083,1976700
29084,1877400
29085,1889600
29086,1725300
29087,1653300
29088,1590000
29089,1735400
29090,1662900
29091,2167300
29092,1797000
29093,1759200
29094,1694400
29095,1670200
29096,1617400
29097,1672300
29098,1810100
29099,2595200
29100,2979500
29101,2131000
29102,1674000
29103,1592700
29104,1573700
29105,1690100
29106,1812600
29107,1718000
29108,1695200
29109,1805200
29110,1795200
29111,1650200
29112,1737000
29113,1676900
29114,1677700
29115,1701900
29116,2598800
29117,4224200
29118,3736200
29119,2175400
29120,1973000
29121,2008100
29122,1822600
29123,1919600
29124,2251600
29125,2074300
29126,1846200
29127,1825100
29128,1868100
29129,2078600
29130,2908300
29131,3061500
29132,2846600
29133,1915400
29134,1872800
29135,2187100
29136,1898000
29137,1923700
29138,1957600
29139,1967400
29140,2286000
29141,1833000
29142,1738900
29143,1600200
29144,2014500
29145,2631800
29146,2451700
29147,1870500
29148,1963800
29149,1807600
29150,1729800
29151,1654600
29152,1664100
29153,1712000
29154,1614900
29155,1645600
29156,1592300
29157,1616900
29158,1837300
29159,1772400
29160,1715700
29161,1907200
29162,2795900
29163,2399300
29164,1960100
29165,1587000
29166,1977900
29167,1749700
29168,1681200
29169,1709100
29170,1637200
29171,1634100
29172,1664500
29173,1638900
29174,1693100
29175,1637300
29176,2043500
29177,1740700
29178,2126700
29179,2748100
29180,2523000
29181,2012700
29182,1700800
29183,1605000
29184,1861400
29185,1608300
29186,1902400
29187,1609500
29188,1576400
29189,1651600
29190,1618900
29191,1538800
29192,1604700
29193,1667900
29194,1922600
29195,1976100
29196,1854900
29197,1809300
29198,1665100
29199,1601200
29200,1634100
29201,1740300
29202,1691000
29203,1715100
29204,1821900
29205,2662000
29206,2561800
29207,2138200
29208,1656500
29209,1572300
29210,1595800
29211,1539800
29212,2226700
29213,1789100
29214,1795000
29215,1676300
29216,1612000
29217,2124600
29218,1619500
29219,1551300
29220,1569700
29221,1758400
29222,2748300
29223,2642900
29224,2240600
29225,1641600
29226,1620300
29227,1594900
29228,1605100
29229,1903600
29230,1919800
29231,1738000
29232,1641900
29233,1639000
29234,1652200
29235,1709400
29236,1602300
29237,1550400
29238,1618000
29239,2295000
29240,2717200
29241,1994700
29242,2046400
29243,1964500
29244,1887800
29245,1652900
29246,2026200
29247,3197200
29248,3091200
29249,2409400
29250,1682500
29251,1600300
29252,1634300
29253,1762600
29254,1617300
29255,1702700
29256,1869400
29257,1794500
29258,1612300
29259,1626800
29260,1676100
29261,1792000
29262,1810300
29263,2517400
29264,2711000
29265,2800300
29266,1827700
29267,1620100
29268,1623900
29269,1628700
29270,1664200
29271,1746500
29272,1556500
29273,1880700
29274,1925100
29275,1655700
29276,1613100
29277,1586000
29278,1645100
29279,1603200
29280,1669400
29281,1632000
29282,1687700
29283,1763300
29284,1929500
29285,1689300
29286,1729100
29287,1576800
29288,1594300
29289,2133400
29290,2597000
29291,2332700
29292,1955400
29293,1738900
29294,1657200
29295,1582900
29296,1715800
29297,2020400
29298,1931000
29299,1702300
29300,1728800
29301,2313600
29302,1866800
29303,1645300
29304,1634100
29305,1738800
29306,1642900
29307,1653800
29308,1754100
29309,1645500
29310,1624200
29311,1845900
29312,1740200
29313,1697800
29314,1637500
29315,1740900
29316,1701500
29317,1615500
29318,1608500
29319,1628000
29320,1672800
29321,1950800
29322,1669100
29323,1601100
29324,1730800
29325,1743300
29326,1641100
29327,1592400
29328,1684100
29329,1618700
29330,1745900
29331,2161400
29332,1662400
29333,2126300
29334,2559900
29335,2453300
29336,2010300
29337,1669900
29338,1680300
29339,1799000
29340,1762900
29341,1808900
29342,1715300
29343,1623100
29344,1686200
29345,1777500
29346,1647700
29347,1640500
29348,1766300
29349,1786900
29350,2101900
29351,2731000
29352,2380100
29353,1728800
29354,1649700
29355,1756300
29356,1727800
29357,2305800
29358,2766600
29359,2675600
29360,2132300
29361,1594200
29362,1678100
29363,1679200
29364,1611800
29365,2042400
29366,1778000
29367,1701500
29368,1612600
29369,1689800
29370,1650700
29371,1575700
29372,1602600
29373,1563100
29374,1645300
29375,2343000
29376,3131800
29377,2403300
29378,1929000
29379,1675300
29380,1644700
29381,1657600
29382,2043600
29383,3044400
29384,2633000
29385,1970800
29386,1634200
29387,1671600
29388,1660000
29389,1555500
29390,1862300
29391,3163300
29392,2781200
29393,2178500
29394,1656800
29395,1676000
29396,1627300
29397,1632100
29398,2334100
29399,3215000
29400,2385200
29401,1711700
29402,1678900
29403,1591500
29404,1643900
29405,1787200
29406,1616300
29407,1749600
29408,1972400
29409,1636400
29410,1610700
29411,1659300
29412,1671200
29413,1626100
29414,1682000
29415,2042600
29416,3004900
29417,3449400
29418,1879900
29419,1611900
29420,1700000
29421,1679000
29422,1829800
29423,1716600
29424,1722200
29425,1899800
29426,1744000
29427,1622300
29428,1593000
29429,1625800
29430,1676900
29431,1729100
29432,2415100
29433,2438500
29434,2720200
29435,1811300
29436,1635400
29437,1713700
29438,1718100
29439,1979500
29440,1698800
29441,1613400
29442,1731700
29443,1793200
29444,1691000
29445,1743500
29446,1788700
29447,1645400
29448,1958000
29449,2619900
29450,2278400
29451,1987600
29452,1712100
29453,1764200
29454,1657100
29455,1637600
29456,1801700
29457,1683900
29458,1633500
29459,1648000
29460,1708800
29461,1920900
29462,1733900
29463,1646000
29464,1578100
29465,1827000
29466,2734500
29467,2463400
29468,1991400
29469,1654200
29470,1852900
29471,1672800
29472,1717000
29473,1844000
29474,2080000
29475,1624700
29476,1629500
29477,1602400
29478,1676200
29479,1814900
29480,1651700
29481,1736600
29482,1729300
29483,1643500
29484,1674700
29485,1705100
29486,1550700
29487,1657700
29488,1704100
29489,1964200
29490,1676500
29491,1853400
29492,2122000
29493,1903200
29494,1956200
29495,1677400
29496,1629000
29497,1667900
29498,1845300
29499,1874800
29500,1956800
29501,2388700
29502,2469900
29503,2087800
29504,1702900
29505,1714300
29506,1665900
29507,2135200
29508,2041800
29509,1707200
29510,1640600
29511,1696100
29512,1742100
29513,1629900
29514,1669200
29515,1592100
29516,1963800
29517,1919800
29518,2488600
29519,2378200
29520,1925400
29521,1668300
29522,1561100
29523,1588900
29524,1610200
29525,2236100
29526,1907900
29527,1674000
29528,1686600
29529,1625800
29530,1723600
29531,1669000
29532,1599500
29533,1646100
29534,1554900
29535,2647100
29536,2718000
29537,2299900
29538,1737000
29539,1617600
29540,1593500
29541,1603300
29542,1901700
29543,2751500
29544,2402500
29545,1969700
29546,2034900
29547,1966600
29548,1705200
29549,1768500
29550,2312800
29551,3048800
29552,2401100
29553,1659000
29554,1607400
29555,1597900
29556,1663000
29557,1598300
29558,1871600
29559,1895300
29560,1831000
29561,1780600
29562,1584600
29563,1740000
29564,1593600
29565,1572800
29566,1579000
29567,1847200
29568,1734600
29569,2242100
29570,1778100
29571,1778400
29572,1662900
29573,1727000
29574,1634800
29575,1700800
29576,2275700
29577,2744600
29578,2672600
29579,1821900
29580,1620900
29581,1643800
29582,1613800
29583,1733800
29584,1982700
29585,2153700
29586,2120700
29587,2343800
29588,1921600
29589,1801100
29590,1870700
29591,2216400
29592,3170700
29593,2893900
29594,3136800
29595,1909300
29596,1771800
29597,1837100
29598,2951800
29599,3004700
29600,3231800
29601,2089300
29602,1898900
29603,1828000
29604,1970800
29605,3225800
29606,2846200
29607,2302800
29608,1815600
29609,1851800
29610,1609500
29611,1693400
29612,1705400
29613,1758100
29614,1619000
29615,1669600
29616,1675700
29617,1972400
29618,1659600
29619,1615600
29620,1809500
29621,2725700
29622,2513600
29623,2112600
29624,1620700
29625,1759300
29626,1780200
29627,1726200
29628,1730700
29629,1725700
29630,1642300
29631,1791800
29632,1640400
29633,1642200
29634,1675700
29635,2078400
29636,1642700
29637,1717400
29638,1682700
29639,1668200
29640,1608800
29641,1579300
29642,1646600
29643,1592800
29644,1608100
29645,1851800
29646,1754200
29647,2052800
29648,3260500
29649,3286400
29650,2672700
29651,2223000
29652,2312500
29653,2153300
29654,1892000
29655,1793600
29656,1753400
29657,1924000
29658,1894000
29659,1993500
29660,2158600
29661,2375900
29662,3176100
29663,2895900
29664,2264300
29665,1835200
29666,1920800
29667,2130600
29668,2760000
29669,3004300
29670,2833800
29671,1911700
29672,1601100
29673,1641900
29674,1725400
29675,2086900
29676,1713900
29677,1799500
29678,1640300
29679,1724700
29680,1671400
29681,1623200
29682,1543900
29683,1611400
29684,1789600
29685,2790000
29686,2402200
29687,2048200
29688,1629000
29689,1590700
29690,1633200
29691,1642500
29692,1654700
29693,2025200
29694,1760400
29695,1699700
29696,1682000
29697,1591500
29698,1598300
29699,1597300
29700,1623700
29701,1585300
29702,2168000
29703,3310700
29704,2433200
29705,1686100
29706,1711300
29707,1654400
29708,1606200
29709,1660100
29710,1777500
29711,2000800
29712,1970800
29713,1645300
29714,1643200
29715,1686100
29716,1636900
29717,1688500
29718,1633700
29719,1689700
29720,1598000
29721,1926700
29722,1728800
29723,1597700
29724,1609900
29725,1638300
29726,1706400
29727,1692600
29728,2202200
29729,2707400
29730,3085000
29731,1881200
29732,1721600
29733,1646200
29734,1642800
29735,1871100
29736,2079900
29737,2010500
29738,2259300
29739,1878800
29740,1645700
29741,1608500
29742,1599600
29743,1583700
29744,2288700
29745,2618200
29746,2349600
29747,1973500
29748,1708100
29749,1588000
29750,1642600
29751,1740200
29752,1876100
29753,1818200
29754,1628100
29755,1639400
29756,1795300
29757,1761800
29758,1650100
29759,1653300
29760,1601200
29761,1997800
29762,1762100
29763,1655700
29764,1775200
29765,1632100
29766,2037600
29767,1809900
29768,1648900
29769,2134000
29770,3128900
29771,3114300
29772,2533800
29773,2115500
29774,2086100
29775,1803500
29776,2052900
29777,2070800
29778,1874400
29779,1763100
29780,1662600
29781,1667700
29782,2024400
29783,1687600
29784,1606500
29785,2249400
29786,2482900
29787,2364700
29788,1700400
29789,1684400
29790,1826700
29791,1733300
29792,1798600
29793,2608800
29794,2865400
29795,2291400
29796,1687100
29797,1671500
29798,1645200
29799,1639300
29800,1689900
29801,2476800
29802,2708700
29803,2207700
29804,1627900
29805,1627700
29806,1728500
29807,1975100
29808,1868600
29809,1759400
29810,1628000
29811,1701900
29812,1718600
29813,1735200
29814,1596800
29815,1668700
29816,1791000
29817,2098400
29818,2543600
29819,2392400
29820,2057700
29821,1659400
29822,1645100
29823,1572400
29824,1598800
29825,1929500
29826,1895100
29827,1794800
29828,1714600
29829,1738600
29830,1614500
29831,1630600
29832,1631200
29833,1660900
29834,1687500
29835,2152900
29836,1740500
29837,1914800
29838,1856900
29839,1671900
29840,1610400
29841,1617600
29842,1658900
29843,1878900
29844,3067000
29845,2691600
29846,2073500
29847,1620300
29848,1657600
29849,1562000
29850,1599800
29851,1768100
29852,1701200
29853,1657400
29854,1902900
29855,1626100
29856,1621000
29857,1602700
29858,1702100
29859,1572000
29860,2030700
29861,2992800
29862,2952400
29863,2128600
29864,1630100
29865,1667800
29866,1563400
29867,1600800
29868,1720900
29869,1613000
29870,1882700
29871,1937200
29872,1658900
29873,1661600
29874,1636900
29875,1613200
29876,1595100
29877,2327000
29878,2660000
29879,3005000
29880,1876000
29881,1631000
29882,1632700
29883,1711400
29884,1736200
29885,1747600
29886,1658400
29887,1599200
29888,1957900
29889,1890400
29890,1778300
29891,1621000
29892,1585400
29893,1758300
29894,2551900
29895,2559100
29896,2136200
29897,1793900
29898,1735800
29899,1744800
29900,1611900
29901,1746400
29902,1652100
29903,1672200
29904,1577000
29905,1708900
29906,1735000
29907,1769100
29908,1760400
29909,1686500
29910,1601700
29911,1746500
29912,1820300
29913,1606400
29914,1595800
29915,1601800
29916,1906800
29917,1722100
29918,1911400
29919,1735900
29920,2496900
29921,2473900
29922,2134900
29923,1664700
29924,1684700
29925,1810500
29926,1760900
29927,1603400
29928,2222400
29929,2634300
29930,2306700
29931,1734800
29932,1598800
29933,1738700
29934,1919800
29935,1612200
29936,1830300
29937,2581200
29938,2304500
29939,1953300
29940,1600800
29941,1599700
29942,1847700
29943,1873900
29944,1896900
29945,1960700
29946,1738000
29947,1759500
29948,1753000
29949,1540600
29950,1616000
29951,1795900
29952,1971600
29953,2480800
29954,2603300
29955,2314200
29956,1737700
29957,1622400
29958,1613900
29959,1727100
29960,2368800
29961,1989900
29962,1743900
29963,1673200
29964,1627600
29965,1785600
29966,1583000
29967,1655400
29968,1593500
29969,1824300
29970,2628400
29971,2474400
29972,1997400
29973,1636200
29974,1584700
29975,1613800
29976,1631100
29977,1802500
29978,1913300
29979,1785900
29980,1650900
29981,1595800
29982,1599300
29983,1600100
29984,1651000
29985,1686600
29986,1680400
29987,1767500
29988,1949600
29989,1675300
29990,1628900
29991,1643500
29992,1629200
29993,1649500
29994,1643600
29995,1662900
29996,1783300
29997,2840800
29998,2934200
29999,2037200
30000,1607900
30001,1669300
30002,1616400
30003,1599000
30004,1972100
30005,3393900
30006,2950500
30007,1943000
30008,1687700
30009,1619900
30010,1718100
30011,1777600
30012,2369400
30013,2811100
30014,2589700
30015,1802200
30016,1597900
30017,1741800
30018,1597400
30019,2040500
30020,2239800
30021,2198800
30022,1870400
30023,1761000
30024,1736400
30025,1679900
30026,1729300
30027,2024700
30028,2766000
30029,2554100
30030,2283300
30031,1757900
30032,1681000
30033,1684600
30034,1657300
30035,1899600
30036,1736500
30037,1690100
30038,1669000
30039,2179800
30040,1798900
30041,1641600
30042,1690400
30043,1964800
30044,2561200
30045,2439800
30046,2021300
30047,2024600
30048,1726800
30049,1711900
30050,1641900
30051,1799900
30052,1911200
30053,1684500
30054,1625900
30055,1633300
30056,1713100
30057,1835400
30058,1699500
30059,1608100
30060,1889100
30061,2696500
30062,2418000
30063,1874500
30064,1581200
30065,1972200
30066,1868600
30067,1704700
30068,1718900
30069,1706100
30070,1687900
30071,1720200
30072,1625500
30073,1550900
30074,1731900
30075,1716200
30076,1696900
30077,1690600
30078,2563600
30079,3043100
30080,3331700
30081,2351800
30082,2225900
30083,1852500
30084,1939200
30085,1750000
30086,1733600
30087,1689400
30088,1601400
30089,1652900
30090,1669300
30091,2134500
30092,1827300
30093,1715200
30094,1716400
30095,1780800
30096,1629900
30097,1657900
30098,1615200
30099,1604400
30100,1603600
30101,1942700
30102,1866700
30103,2548200
30104,2374400
30105,1983600
30106,1595000
30107,1661400
30108,1623400
30109,1679400
30110,2313200
30111,3254800
30112,3251700
30113,2921000
30114,2040400
30115,1878700
30116,2404600
30117,3105600
30118,3078900
30119,2628400
30120,1724300
30121,1732000
30122,1813800
30123,2710900
30124,3647300
30125,3061700
30126,2252000
30127,1848100
30128,1891100
30129,2145400
30130,3206500
30131,2927900
30132,2401000
30133,1884700
30134,1587300
30135,1621500
30136,1862400
30137,1781100
30138,1820300
30139,1740900
30140,1576100
30141,1685300
30142,1632500
30143,1617600
30144,1592300
30145,1921900
30146,2747300
30147,3235300
30148,2360300
30149,1664300
30150,1672700
30151,1649000
30152,1582500
30153,1792700
30154,2604800
30155,2602500
30156,2242800
30157,1628500
30158,1623000
30159,1605800
30160,1601200
30161,1975300
30162,2538300
30163,2848100
30164,2259700
30165,1677800
30166,1634100
30167,1686700
30168,1612700
30169,1955900
30170,2067800
30171,2703700
30172,2891900
30173,1914800
30174,1765900
30175,1806200
30176,2140100
30177,2977300
30178,3083800
30179,2729500
30180,1982500
30181,1833700
30182,1720600
30183,1969400
30184,1970600
30185,1767100
30186,1852900
30187,2063100
30188,1887100
30189,1867000
30190,1984000
30191,1813700
30192,1685100
30193,1617000
30194,1625600
30195,1643500
30196,1830800
30197,1798200
30198,1656400
30199,1580100
30200,1879200
30201,2670600
30202,2351800
30203,1951800
30204,2003500
30205,1766300
30206,1715100
30207,1591500
30208,1780500
30209,2436900
30210,2372800
30211,2080500
30212,1662800
30213,1984400
30214,1712000
30215,1632500
30216,1661200
30217,1651800
30218,1618200
30219,1599700
30220,1604500
30221,1528600
30222,1797600
30223,1968700
30224,1682700
30225,1673000
30226,1731900
30227,1685200
30228,1597800
30229,1624600
30230,1684300
30231,1770700
30232,1665900
30233,2075100
30234,1738100
30235,2330200
30236,2682400
30237,2333400
30238,1663500
30239,1663200
30240,1620900
30241,1918400
30242,1808700
30243,1835800
30244,1654700
30245,1640300
30246,1593500
30247,1605400
30248,1693900
30249,1635800
30250,1699200
30251,2347100
30252,2808200
30253,2333200
30254,1919200
30255,1742700
30256,1715500
30257,1596300
30258,1661000
30259,2085700
30260,1878400
30261,1690100
30262,1655000
30263,1674300
30264,1639500
30265,2041800
30266,1656200
30267,1596800
30268,2121700
30269,2991800
30270,2464400
30271,1993500
30272,1725800
30273,1601800
30274,1637200
30275,1674800
30276,1817200
30277,2069600
30278,1776800
30279,1611700
30280,1598800
30281,1730500
30282,1605200
30283,1651900
30284,1635600
30285,2156800
30286,3626000
30287,3122800
30288,2218100
30289,1892300
30290,1944600
30291,1909200
30292,1726500
30293,1810800
30294,1772900
30295,1818300
30296,1650500
30297,1597200
30298,1675400
30299,1710500
30300,1945900
30301,2079400
30302,1985900
30303,2028400
30304,1756000
30305,1668800
30306,1651500
30307,1664300
30308,1587700
30309,1651600
30310,2499500
30311,2542500
30312,2515200
30313,1618400
30314,1647800
30315,1627200
30316,1615900
30317,1868300
30318,1650700
30319,1662100
30320,1668400
30321,2207700
30322,1790300
30323,1669200
30324,1656500
30325,1645200
30326,2010100
30327,2411500
30328,2426700
30329,2598700
30330,1783000
30331,1638600
30332,1597000
30333,1633700
30334,1685700
30335,1585500
30336,1617700
30337,1650200
30338,1647800
30339,1871700
30340,1675200
30341,1596000
30342,1600400
30343,2034000
30344,2403100
30345,2438500
30346,2175000
30347,1841200
30348,1757200
30349,1606700
30350,1637500
30351,1652900
30352,1800100
30353,1725200
30354,1646900
30355,1567600
30356,1735200
30357,1905100
30358,1730800
30359,1799800
30360,1782100
30361,2383500
30362,2336900
30363,2042700
30364,1769600
30365,1810000
30366,1920700
30367,1879700
30368,1662400
30369,1691500
30370,1673800
30371,1651500
30372,1556500
30373,1681800
30374,1640600
30375,1677800
30376,1983500
30377,1718800
30378,1699100
30379,1612000
30380,1598300
30381,1719000
30382,1656100
30383,1661100
30384,1652100
30385,1988100
30386,1907200
30387,2431500
30388,2494500
30389,2272000
30390,1683500
30391,1655300
30392,1608500
30393,1787500
30394,2249200
30395,1841100
30396,1607600
30397,1607700
30398,1660600
30399,1675900
30400,1573600
30401,1669700
30402,1607300
30403,2342800
30404,2487700
30405,2344900
30406,2128700
30407,1794600
30408,1591700
30409,1663400
30410,1626100
30411,1884400
30412,2043800
30413,1683800
30414,1673400
30415,1646400
30416,1670200
30417,1559900
30418,1635800
30419,1670400
30420,1591600
30421,2080900
30422,1932200
30423,1745800
30424,1681600
30425,1631500
30426,1665700
30427,1689500
30428,1670300
30429,1667200
30430,2397000
30431,2979400
30432,2537500
30433,1676600
30434,1612200
30435,1698700
30436,1651700
30437,2094900
30438,2720100
30439,2977100
30440,2028600
30441,1571700
30442,1612000
30443,1640300
30444,1657000
30445,1946400
30446,1995600
30447,1917000
30448,1726300
30449,1830500
30450,1671400
30451,1627100
30452,1623700
30453,1736700
30454,1799800
30455,1734700
30456,1644500
30457,1758300
30458,1747500
30459,1588100
30460,1587600
30461,1633600
30462,1606200
30463,1715200
30464,2481500
30465,2310200
30466,2592000
30467,1806000
30468,1632100
30469,1753800
30470,1657400
30471,1813600
30472,1692900
30473,1613700
30474,1666500
30475,2186500
30476,1723900
30477,1616100
30478,1674700
30479,1674000
30480,1566600
30481,2504800
30482,2507600
30483,2446700
30484,1771500
30485,1771300
30486,1601800
30487,1701000
30488,1561300
30489,1894400
30490,1636000
30491,1608600
30492,1639300
30493,1947400
30494,1855300
30495,1632500
30496,1614100
30497,1594000
30498,1685000
30499,1692400
30500,1599000
30501,1589100
30502,1691300
30503,1942000
30504,1666600
30505,1650700
30506,1648200
30507,1801000
30508,2573900
30509,2403200
30510,2034100
30511,1765200
30512,1623200
30513,1748800
30514,1642000
30515,1878000
30516,2318500
30517,2316800
30518,2201100
30519,1601900
30520,1857000
30521,1734200
30522,1774700
30523,1661300
30524,2357500
30525,2515900
30526,2191400
30527,1714200
30528,1627400
30529,1653500
30530,1855400
30531,1720700
30532,2064300
30533,1934300
30534,1700100
30535,1728100
30536,1711100
30537,1667100
30538,1750000
30539,1862300
30540,2033600
30541,2494400
30542,2429500
30543,2274100
30544,1722300
30545,1647000
30546,1777000
30547,1909800
30548,1837000
30549,2013100
30550,1826800
30551,1665900
30552,1722600
30553,1828100
30554,1686000
30555,1701400
30556,1841300
30557,2243500
30558,2958600
30559,2632600
30560,1964800
30561,1784400
30562,1618700
30563,1752800
30564,2188700
30565,1892400
30566,1734700
30567,1671800
30568,1710700
30569,1779600
30570,1591600
30571,1605400
30572,1557900
30573,2017000
30574,1762200
30575,1815200
30576,1718500
30577,1694900
30578,1664600
30579,1659800
30580,1634500
30581,1607700
30582,1919600
30583,2899400
30584,2737800
30585,2073200
30586,1647700
30587,1785500
30588,1665500
30589,1689600
30590,1736600
30591,2073900
30592,1824700
30593,1705200
30594,1641900
30595,1726200
30596,1701800
30597,1573300
30598,1590500
30599,1810500
30600,2628900
30601,3274700
30602,2238300
30603,1613100
30604,1615300
30605,1638000
30606,1594200
30607,1609000
30608,1800200
30609,1818700
30610,1798200
30611,1709400
30612,1635100
30613,1732800
30614,1846900
30615,1637200
30616,1857900
30617,2691800
30618,3344800
30619,3645400
30620,2043600
30621,1867500
30622,2150700
30623,1739000
30624,1712600
30625,2153100
30626,1815800
30627,1663200
30628,1631100
30629,1720000
30630,1586700
30631,1766500
30632,2677200
30633,2383700
30634,2229800
30635,1671800
30636,1644800
30637,1684700
30638,1592700
30639,2340700
30640,2879200
30641,3353600
30642,3256400
30643,2073100
30644,1812200
30645,2126900
30646,2003000
30647,1845500
30648,2026300
30649,2069200
30650,1841100
30651,1822900
30652,1964800
30653,2631600
30654,2891500
30655,3090300
30656,2320900
30657,1998000
30658,1859300
30659,2015200
30660,1861000
30661,2000100
30662,1963000
30663,1963300
30664,1870600
30665,1952500
30666,1682000
30667,1732700
30668,2462900
30669,2402000
30670,2087100
30671,1612800
30672,1823100
30673,1819500
30674,1690800
30675,1849700
30676,2635200
30677,2427400
30678,2050200
30679,1667700
30680,1642100
30681,1780500
30682,1796400
30683,1823400
30684,1728200
30685,1686000
30686,1704000
30687,1665900
30688,1665100
30689,1620600
30690,1635100
30691,1718800
30692,1762700
30693,1896200
30694,1687600
30695,1721800
30696,1680100
30697,1652900
30698,1606500
30699,1682500
30700,1796400
30701,2157600
30702,2961200
30703,3349300
30704,3143000
30705,2054900
30706,1919200
30707,2290500
30708,2434300
30709,1971800
30710,1846300
30711,1918100
30712,1834200
30713,1762900
30714,1685300
30715,2073500
30716,2569100
30717,1871200
30718,1804700
30719,1842700
30720,1801000
30721,1838400
30722,1869400
30723,1728500
30724,2464900
30725,3124200
30726,2333400
30727,1667000
30728,1724500
30729,1692400
30730,1695600
30731,1691400
30732,1888500
30733,2019700
30734,1761600
30735,1768100
30736,1594300
30737,1687300
30738,1627800
30739,1541900
30740,1721400
30741,1677600
30742,1708400
30743,1800300
30744,1722400
30745,1678100
30746,1578100
30747,1696900
30748,1616600
30749,1594900
30750,2435400
30751,2951300
30752,2765900
30753,1709700
30754,1609000
30755,1671700
30756,1795700
30757,1758900
30758,2332500
30759,2379000
30760,2564100
30761,1717500
30762,1600800
30763,1650200
30764,1610800
30765,1743700
30766,1831900
30767,1755900
30768,1642200
30769,1824500
30770,1699500
30771,1629500
30772,1788300
30773,1648900
30774,1583100
30775,1859600
30776,1600400
30777,1599900
30778,1605400
30779,1877700
30780,1763000
30781,1649200
30782,1693300
30783,1532500
30784,1754100
30785,1629100
30786,1590900
30787,1568200
30788,1676900
30789,1613900
30790,1760000
30791,1664300
30792,1683100
30793,1914100
30794,1709800
30795,2089100
30796,1741600
30797,1591700
30798,2021400
30799,2094300
30800,1790200
30801,1713300
30802,1776100
30803,1572500
30804,1662600
30805,1692100
30806,1555800
30807,1715300
30808,1755800
30809,1802400
30810,1613100
30811,1783200
30812,1754500
30813,1681100
30814,1687200
30815,1598100
30816,1659300
30817,1875200
30818,2018400
30819,1732700
30820,1977400
30821,2188600
30822,2055400
30823,1939600
30824,2172900
30825,1829000
30826,2298800
30827,1852400
30828,1938400
30829,1775800
30830,1611000
30831,1622600
30832,1619700
30833,1642000
30834,1636400
30835,1820600
30836,1995100
30837,1925100
30838,1938900
30839,1811000
30840,1794100
30841,1701400
30842,1664500
30843,1720200
30844,1763000
30845,1838800
30846,1878200
30847,1620000
30848,1643900
30849,1576500
30850,1606800
30851,1578200
30852,1599600
30853,1538800
30854,1656700
30855,2348600
30856,1934000
30857,1740100
30858,1725200
30859,1599100
30860,1598100
30861,1614900
30862,1635300
30863,1569800
30864,1873900
30865,1792700
30866,1640600
30867,1639700
30868,1608800
30869,1752300
30870,1622800
30871,1651400
30872,1609000
30873,1741300
30874,2060000
30875,1768100
30876,1685900
30877,1622400
30878,1607800
30879,1653500
30880,1590200
30881,1556000
30882,1644400
30883,1944200
30884,1786400
30885,1758300
30886,1760500
30887,1642600
30888,1661400
30889,1751100
30890,1698200
30891,1766700
30892,1850500
30893,2155100
30894,1832100
30895,1814500
30896,1655400
30897,1618600
30898,1562300
30899,1610300
30900,1633400
30901,1727600
30902,1624300
30903,1752900
30904,1862800
30905,1704200
30906,1615000
30907,1639600
30908,1624200
30909,1688200
30910,1883400
30911,1798100
30912,1826700
30913,1929300
30914,1660700
30915,1620900
30916,1763700
30917,1606700
30918,1695800
30919,1717500
30920,1805200
30921,1618700
30922,2040300
30923,1796200
30924,1657900
30925,1622500
30926,1619300
30927,1687900
30928,1789600
30929,1721100
30930,1612600
30931,1763700
30932,1912000
30933,1739400
30934,1601100
30935,1666300
30936,1801700
30937,1681900
30938,1821100
30939,1693900
30940,1651100
30941,1791900
30942,1829100
30943,1838700
30944,1642400
30945,1835900
30946,1597600
30947,1802300
30948,1683200
30949,1604500
30950,1624600
30951,1805600
30952,1745300
30953,1647400
30954,1678100
30955,1672100
30956,2122200
30957,1701300
30958,1739800
30959,1564600
30960,1580700
30961,1746200
30962,1755800
30963,1744700
30964,1646800
30965,1863200
30966,1648600
30967,1657400
30968,1656100
30969,1656500
30970,1661400
30971,1971300
30972,1705100
30973,1628800
30974,1926100
30975,1792300
30976,1663800
30977,1747800
30978,1661300
30979,1714900
30980,1794700
30981,1762000
30982,1701900
30983,1722200
30984,1720800
30985,1665400
30986,1546000
30987,1656200
30988,1614300
30989,1635800
30990,2091100
30991,1823600
30992,1931300
30993,1726000
30994,1666700
30995,1716000
30996,1642900
30997,1569400
30998,1618900
30999,2024300
31000,1806100
31001,1716300
31002,1607800
31003,1618100
31004,1629900
31005,1654400
31006,1633400
31007,1579500
31008,1862500
31009,1783300
31010,1685400
31011,1831900
31012,1673200
31013,1679300
31014,1621300
31015,1695100
31016,1559400
31017,1690200
31018,1606200
31019,1684600
31020,2077200
31021,1845900
31022,1668300
31023,1595300
31024,1710600
31025,1583600
31026,1661800
31027,1623900
31028,1587500
31029,1947800
31030,1893600
31031,1750600
31032,1741600
31033,1643900
31034,1706900
31035,1819100
31036,1595700
31037,1662400
31038,2183000
31039,1980000
31040,1688900
31041,1655000
31042,1567800
31043,1711500
31044,1757300
31045,1635800
31046,1595200
31047,1840200
31048,2183000
31049,1716200
31050,1635900
31051,1616200
31052,1731300
31053,1740800
31054,1679100
31055,1652900
31056,1806600
31057,1922200
31058,1751000
31059,1603000
31060,1687500
31061,1762900
31062,1732900
31063,1674900
31064,1719600
31065,1713300
31066,1691200
31067,1890400
31068,1760500
31069,1739200
31070,1722300
31071,1677500
31072,1637700
31073,1633500
31074,1632100
31075,1714000
31076,1671900
31077,1617600
31078,1626500
31079,1802500
31080,1671400
31081,1569700
31082,1631000
31083,1655300
31084,1774400
31085,1813300
31086,1702900
31087,1721100
31088,1797300
31089,1643900
31090,1566300
31091,1567300
31092,1532000
31093,1787400
31094,1641200
31095,1628400
31096,1690000
31097,1874100
31098,1784000
31099,1653100
31100,1587600
31101,1669200
31102,1625800
31103,1944400
31104,2014200
31105,1851700
31106,2098800
31107,1777000
31108,1696200
31109,1676000
31110,1707200
31111,1952400
31112,1764800
31113,1702400
31114,1680200
31115,1695700
31116,1845400
31117,1901000
31118,1700200
31119,1759100
31120,1918900
31121,1867300
31122,1739000
31123,1641500
31124,1806300
31125,2073000
31126,1757900
31127,1640000
31128,1672200
31129,1775400
31130,1615700
31131,1701600
31132,1730000
31133,1661400
31134,1755700
31135,1925300
31136,1656300
31137,1689300
31138,1750700
31139,1768300
31140,1715000
31141,1667800
31142,1653900
31143,1546300
31144,1758000
31145,1847600
31146,1695200
31147,1644400
31148,1901700
31149,1688700
31150,1702600
31151,1795000
31152,1739000
31153,1866100
31154,1993300
31155,1817800
31156,1740300
31157,1766000
31158,1682500
31159,1611800
31160,1698400
31161,1562900
31162,1638600
31163,1789700
31164,1671700
31165,1688900
31166,1806800
31167,1614500
31168,1538100
31169,1645000
31170,1620000
31171,1633500
31172,1560600
31173,1973900
31174,1685400
31175,1761900
31176,1751200
31177,1648600
31178,1673900
31179,1706200
31180,1638700
31181,1666200
31182,1750800
31183,2064100
31184,1971300
31185,2120000
31186,2347200
31187,1961700
31188,2003100
31189,1945800
31190,1764900
31191,1865200
31192,1782400
31193,1705400
31194,1598600
31195,1735000
31196,1648300
31197,1557700
31198,1606000
31199,1617400
31200,1640600
31201,1776000
31202,2170400
31203,2110500
31204,2092200
31205,2299700
31206,2039000
31207,1823400
31208,1894300
31209,2270800
31210,2222700
31211,1939000
31212,1893100
31213,1761200
31214,2004300
31215,1862400
31216,1792000
31217,2001600
31218,2100900
31219,1997700
31220,1759800
31221,1857400
31222,1909200
31223,1790700
31224,1768900
31225,1735700
31226,2010600
31227,2171400
31228,1759500
31229,1768200
31230,1684300
31231,1625900
31232,1647400
31233,1621700
31234,1666600
31235,1745700
31236,1828900
31237,1668700
31238,1700500
31239,1672700
31240,1628200
31241,1628500
31242,1686800
31243,1608600
31244,1966700
31245,2004100
31246,1932400
31247,1795600
31248,1571700
31249,1619400
31250,1618100
31251,1695300
31252,1650100
31253,1656600
31254,1672100
31255,1740600
31256,1817200
31257,1709200
31258,1623900
31259,1644200
31260,1599700
31261,1603900
31262,1735100
31263,1633100
31264,1618300
31265,1849600
31266,1705200
31267,1627000
31268,1607100
31269,1697300
31270,1597100
31271,1613800
31272,1749800
31273,1965100
31274,2089200
31275,3076300
31276,2150400
31277,1848200
31278,1765600
31279,1711700
31280,1936600
31281,1920300
31282,1763500
31283,1854100
31284,1919300
31285,1806800
31286,1734000
31287,1807000
31288,2100100
31289,1946800
31290,1770600
31291,1762300
31292,2038500
31293,2028000
31294,1839400
31295,1965800
31296,2036100
31297,1936700
31298,1659400
31299,1658400
31300,1573800
31301,1860100
31302,1746200
31303,1674700
31304,1597200
31305,1672800
31306,1965300
31307,1827200
31308,1591900
31309,1646200
31310,1684000
31311,1973000
31312,1673000
31313,1605200
31314,1655000
31315,1802300
31316,1711100
31317,1615300
31318,1609300
31319,1575900
31320,1707600
31321,1767400
31322,1686600
31323,1651300
31324,1817200
31325,1896600
31326,1824600
31327,1580900
31328,1587100
31329,1693900
31330,1607500
31331,1764300
31332,1677400
31333,1694200
31334,2065500
31335,1757500
31336,1641100
31337,1569600
31338,1628900
31339,1674300
31340,2025900
31341,1787000
31342,1682100
31343,1818200
31344,1637700
31345,1604200
31346,1599100
31347,1584700
31348,1545000
31349,1613000
31350,1881900
31351,1792100
31352,1838200
31353,1781600
31354,1636100
31355,1687300
31356,1696100
31357,1636200
31358,1674600
31359,1897100
31360,1696600
31361,1926500
31362,1818800
31363,1668000
31364,1655700
31365,1578300
31366,1959500
31367,1689900
31368,1563000
31369,1863900
31370,2030600
31371,1875900
31372,1710200
31373,1664100
31374,1618500
31375,1569100
31376,1656300
31377,1557200
31378,1625600
31379,1809000
31380,1821600
31381,1650000
31382,1730700
31383,1643700
31384,1633900
31385,1652800
31386,1617100
31387,1613200
31388,1668600
31389,2342900
31390,2272600
31391,1988700
31392,1979500
31393,1871000
31394,1716100
31395,1609400
31396,1586900
31397,1969700
31398,1829900
31399,1740200
31400,1667700
31401,1639600
31402,1618800
31403,1742500
31404,1613000
31405,1640100
31406,1798500
31407,2117500
31408,1715800
31409,1719300
31410,1664800
31411,1618100
31412,1645400
31413,1599600
31414,1584800
31415,1619500
31416,2043600
31417,2499000
31418,1889400
31419,1692900
31420,1662100
31421,1650200
31422,1702000
31423,1651900
31424,1664600
31425,1706700
31426,1756400
31427,1760800
31428,1602300
31429,1746500
31430,1570400
31431,1634400
31432,1621800
31433,1604500
31434,1786900
31435,1606500
31436,2239400
31437,1921900
31438,1662800
31439,1637600
31440,1708600
31441,1569400
31442,1612700
31443,1747000
31444,1660500
31445,1840100
31446,1856600
31447,1897500
31448,1698800
31449,1631800
31450,1619400
31451,1644100
31452,1987000
31453,1668300
31454,1727500
31455,2008200
31456,1740400
31457,1718000
31458,1707000
31459,1745800
31460,1667000
31461,1768000
31462,1617700
31463,1693600
31464,1708900
31465,1753600
31466,1798300
31467,1625700
31468,1695800
31469,1551200
31470,1693400
31471,2043100
31472,1710900
31473,1678500
31474,1738800
31475,1770200
31476,1785200
31477,1681900
31478,1635800
31479,1946800
31480,1746100
31481,1601400
31482,1637300
31483,1606700
31484,2024300
31485,1728200
31486,1671900
31487,1685400
31488,1824000
31489,1747800
31490,1718300
31491,1612300
31492,1633100
31493,1629600
31494,1746700
31495,1732000
31496,1649800
31497,1616000
31498,1809900
31499,1828700
31500,1713400
31501,1617400
31502,1666000
31503,1696100
31504,1844500
31505,1776800
31506,1749100
31507,1808200
31508,1661200
31509,1787800
31510,1591300
31511,1623000
31512,1615800
31513,2050700
31514,1751400
31515,1644100
31516,1786100
31517,1666300
31518,1615900
31519,1626400
31520,1742100
31521,1551400
31522,1576200
31523,1875400
31524,1752300
31525,1977200
31526,1648700
31527,1609700
31528,1604000
31529,1658600
31530,1673600
31531,1702200
31532,1629400
31533,2286900
31534,2027700
31535,1844000
31536,1649000
31537,1693100
31538,1658000
31539,1626200
31540,1574700
31541,1561500
31542,1836400
31543,1754300
31544,1802800
31545,1734600
31546,1628300
31547,1619500
31548,1629200
31549,1629700
31550,1681100
31551,1712200
31552,1749300
31553,1907800
31554,1636000
31555,1588000
31556,1653900
31557,1769700
31558,1626700
31559,1557200
31560,1581200
31561,1615600
31562,1898200
31563,1758700
31564,1719600
31565,1678300
31566,1645700
31567,1622800
31568,1622700
31569,1793700
31570,1661400
31571,1934400
31572,2361700
31573,1815500
31574,1674700
31575,1648300
31576,1551300
31577,1710400
31578,1614200
31579,1613100
31580,1876600
31581,1891500
31582,1821900
31583,1719800
31584,1580500
31585,1577100
31586,1637900
31587,1693300
31588,1633000
31589,1650400
31590,1798500
31591,2064200
31592,1820500
31593,1672800
31594,1627300
31595,1671700
31596,1609500
31597,1646300
31598,1669100
31599,1690800
31600,2018700
31601,1982200
31602,1656400
31603,1803800
31604,1718400
31605,1641900
31606,1696200
31607,1695100
31608,1916100
31609,1981900
31610,1768800
31611,1806700
31612,1617100
31613,1633000
31614,1644500
31615,1690200
31616,1665300
31617,1761600
31618,1756700
31619,1754200
31620,2049800
31621,1713400
31622,1654500
31623,1626300
31624,1593500
31625,1651400
31626,1635300
31627,1804900
31628,1578200
31629,1855200
31630,1742600
31631,1661300
31632,1632700
31633,1609600
31634,1635900
31635,1697800
31636,1776200
31637,1695300
31638,1658400
31639,1884800
31640,1697600
31641,1666600
31642,1669700
31643,1594300
31644,1679300
31645,1823100
31646,1685100
31647,1568600
31648,1698600
31649,1631500
31650,1791300
31651,1683800
31652,1611900
31653,1656400
31654,1653300
31655,1690600
31656,1617700
31657,1633800
31658,1608900
31659,1711800
31660,1601100
31661,1741300
31662,1662800
31663,1647900
31664,1586300
31665,1943800
31666,1724700
31667,1658700
31668,1660100
31669,1671200
31670,1728500
31671,1724800
31672,1683900
31673,1622100
31674,1756500
31675,1686000
31676,1700200
31677,1597800
31678,1728700
31679,1822400
31680,1706200
31681,1799100
31682,1591300
31683,1961500
31684,2066900
31685,1703200
31686,1826000
31687,1713500
31688,1842800
31689,1820600
31690,1729600
31691,1762800
31692,1842300
31693,1606700
31694,1681500
31695,1842600
31696,1686300
31697,2044200
31698,1956900
31699,1863200
31700,1720400
31701,1840000
31702,1648300
31703,1749300
31704,1573700
31705,1643700
31706,1740300
31707,1791300
31708,1664700
31709,1789600
31710,1896000
31711,1714700
31712,1578700
31713,1698900
31714,1722600
31715,1619200
31716,1721800
31717,1935000
31718,1849000
31719,1818000
31720,1646800
31721,1615600
31722,1720200
31723,1699400
31724,1685900
31725,1655300
31726,2100000
31727,1815800
31728,1849100
31729,1746800
31730,1658300
31731,1680400
31732,1675600
31733,1628900
31734,1623900
31735,1860600
31736,2299000
31737,1897000
31738,1717000
31739,1591000
31740,1589400
31741,1612000
31742,1680900
31743,1639300
31744,1705300
31745,1851100
31746,1896400
31747,1615100
31748,1644400
31749,1627700
31750,1656400
31751,1660900
31752,1620500
31753,1677100
31754,1719600
31755,2175700
31756,1844200
31757,1645700
31758,1622100
31759,1585700
31760,1609600
31761,1601000
31762,1649300
31763,1675800
31764,2344300
31765,2212400
31766,2350300
31767,2053200
31768,2026200
31769,1771900
31770,1777900
31771,1633900
31772,1802800
31773,1969800
31774,1712800
31775,1678500
31776,1699500
31777,1650400
31778,1662500
31779,1671900
31780,1575600
31781,1793200
31782,2012900
31783,2141300
31784,2265500
31785,2112100
31786,1882600
31787,1915400
31788,1815300
31789,1945800
31790,1985800
31791,2471200
31792,1857700
31793,2017800
31794,2006800
31795,1968800
31796,1850000
31797,1986000
31798,1809700
31799,2274900
31800,1978000
31801,1902600
31802,2067100
31803,1876100
31804,1990500
31805,2034700
31806,1921900
31807,2164400
31808,2012500
31809,1914900
31810,1845400
31811,1894000
31812,1877300
31813,2008400
31814,1802600
31815,1852500
31816,2285300
31817,1998500
31818,1861700
31819,1997000
31820,1853700
31821,2034200
31822,1916900
31823,1791100
31824,1951100
31825,2038800
31826,1923000
31827,1939200
31828,1867100
31829,2126800
31830,1971700
31831,1885800
31832,1820800
31833,2106900
31834,1852800
31835,1798100
31836,1825900
31837,1784700
31838,1874800
31839,1765200
31840,1776000
31841,1739300
31842,2054000
31843,1848600
31844,1888300
31845,1872100
31846,2277200
31847,2286800
31848,2115200
31849,2285900
31850,2256900
31851,1972800
31852,1845000
31853,2225300
31854,1919500
31855,1977500
31856,1859000
31857,1833800
31858,1947600
31859,1925700
31860,2135600
31861,1941100
31862,2015900
31863,1804900
31864,1812200
31865,1871400
31866,1814800
31867,2169300
31868,1914800
31869,1809100
31870,2241700
31871,1900100
31872,1820600
31873,1831300
31874,1748400
31875,1768600
31876,2275100
31877,1958300
31878,1765500
31879,1937500
31880,1812300
31881,1825700
31882,1950500
31883,1892200
31884,2140900
31885,2133000
31886,1862100
31887,1838700
31888,1780600
31889,1859000
31890,1772900
31891,1714700
31892,1848800
31893,2070800
31894,1968700
31895,1952700
31896,1942900
31897,1963600
31898,1828800
31899,1837300
31900,1790900
31901,1722400
31902,2235300
31903,2295900
31904,2039400
31905,1823100
31906,1864800
31907,1985300
31908,1871100
31909,1923900
31910,2105200
31911,2283000
31912,1981500
31913,1735400
31914,1775800
31915,1713000
31916,1841700
31917,1798000
31918,1787300
31919,2025400
31920,2141300
31921,1808800
31922,1784300
31923,1750600
31924,1798700
31925,1778300
31926,2131700
31927,1764800
31928,2514100
31929,1955500
31930,1908000
31931,1732000
31932,1775900
31933,1781100
31934,1774900
31935,1792600
31936,1979300
31937,2252700
31938,1851700
31939,1894500
31940,1858700
31941,1744700
31942,1811100
31943,1739400
31944,1985400
31945,2738100
31946,2528600
31947,2371200
31948,2260100
31949,1874400
31950,1844200
31951,2229300
31952,3585600
31953,4380800
31954,2269300
31955,2715600
31956,2400300
31957,5157500
31958,4000100
31959,3681800
31960,3200000
31961,2927900
31962,3165200
31963,3128600
31964,2388300
31965,1855900
31966,2013200
31967,2163800
31968,1862400
31969,1895400
31970,1760200
31971,1800700
31972,1607900
31973,1531900
31974,1597200
31975,1716100
31976,1695400
31977,1645900
31978,1708800
31979,1605800
31980,1623000
31981,1792600
31982,1654800
31983,1633600
31984,1808300
31985,2028100
31986,1695500
31987,1655200
31988,1728200
31989,1690700
31990,1779800
31991,1774900
31992,1724400
31993,1864000
31994,1683800
31995,2110900
31996,1743500
31997,1617700
31998,1663900
31999,1959000
32000,1634100
32001,1714000
32002,1864000
32003,1641500
32004,1708900
32005,1588700
32006,1600800
32007,1517400
32008,1860400
32009,1957100
32010,1632900
32011,2197800
32012,1923300
32013,1888900
32014,1696300
32015,1629000
32016,1685100
32017,1662800
32018,2168600
32019,1758100
32020,1864500
32021,1672100
32022,1730000
32023,1673900
32024,1540600
32025,1730300
32026,1740600
32027,2051800
32028,1771300
32029,1745600
32030,1729500
32031,1708500
32032,1568900
32033,1657400
32034,1638300
32035,1596300
32036,1593600
32037,1833400
32038,1661200
32039,1768800
32040,1608200
32041,1659200
32042,1612700
32043,1664400
32044,1607500
32045,1657100
32046,1616300
32047,2244000
32048,2023800
32049,1669700
32050,1666800
32051,1643400
32052,1626700
32053,1646400
32054,1569800
32055,1633600
32056,1774000
32057,2008600
32058,1736000
32059,1691300
32060,1728500
32061,1627700
32062,1628600
32063,1552400
32064,1711500
32065,1629800
32066,1850900
32067,2015100
32068,1724200
32069,1630300
32070,1597800
32071,1709500
32072,1621900
32073,1612900
32074,1575300
32075,1639000
32076,1939300
32077,1804900
32078,1651000
32079,1649900
32080,1626700
32081,1766500
32082,1676700
32083,1634900
32084,1607700
32085,2149500
32086,2069800
32087,1696000
32088,1622800
32089,1629500
32090,1636200
32091,1689500
32092,1617200
32093,1619100
32094,1741100
32095,1745400
32096,1797300
32097,1780400
32098,1592000
32099,1618600
32100,1691200
32101,1753400
32102,1605400
32103,1728900
32104,1711200
32105,1986500
32106,1774900
32107,1639100
32108,1713900
32109,1590500
32110,1673200
32111,1684300
32112,1713700
32113,1667900
32114,1761600
32115,2130600
32116,1729000
32117,1607900
32118,1736200
32119,1638000
32120,1657500
32121,1629900
32122,1881900
32123,1695400
32124,1666300
32125,1915800
32126,1708600
32127,1625100
32128,1689900
32129,1622800
32130,1735300
32131,1858500
32132,1782000
32133,1637000
32134,1831100
32135,1610000
32136,1628700
32137,1569300
32138,1591300
32139,1606300
32140,1832700
32141,1745300
32142,1680400
32143,1728800
32144,2059600
32145,1734600
32146,1663000
32147,1764300
32148,1658000
32149,1843500
32150,1706500
32151,1686900
32152,1611700
32153,1646800
32154,1810500
32155,1778300
32156,1626600
32157,1630700
32158,2088000
32159,1990400
32160,1654700
32161,1703000
32162,1697300
32163,1900700
32164,1775200
32165,1803600
32166,1681800
32167,1745200
32168,1740700
32169,1629300
32170,1601900
32171,1618000
32172,1650400
32173,1798800
32174,1719100
32175,1599100
32176,1634700
32177,2036500
32178,1730800
32179,1714900
32180,1609500
32181,1677900
32182,1794600
32183,1659400
32184,1784700
32185,1994300
32186,1854400
32187,1616800
32188,1606900
32189,1678800
32190,1599400
32191,1566000
32192,1848500
32193,1702800
32194,1623500
32195,1782100
32196,1824000
32197,1670300
32198,1570600
32199,1707900
32200,1563400
32201,1612800
32202,1857500
32203,1728600
32204,1837600
32205,1706000
32206,1617200
32207,1622000
32208,1608100
32209,1606300
32210,1634600
32211,1620600
32212,2194300
32213,1784500
32214,1666900
32215,1754600
32216,1580100
32217,1640600
32218,1656400
32219,1658700
32220,1566400
32221,1784700
32222,1838500
32223,2102300
32224,1983700
32225,1655100
32226,1729500
32227,1605400
32228,1727100
32229,1635500
32230,1617600
32231,1822600
32232,2423900
32233,1870700
32234,1687300
32235,1717300
32236,1775400
32237,1682900
32238,1742400
32239,1719400
32240,2299900
32241,1887600
32242,1820700
32243,1772800
32244,1704800
32245,1721100
32246,1683400
32247,1627100
32248,1717000
32249,2348700
32250,2075500
32251,1803200
32252,1624600
32253,1642400
32254,1609400
32255,1574900
32256,1740700
32257,1881600
32258,2295800
32259,1860800
32260,1839000
32261,1629700
32262,1690700
32263,1630200
32264,1611100
32265,1598700
32266,1530100
32267,1780800
32268,2075800
32269,1804200
32270,1710600
32271,1715100
32272,1586900
32273,1642600
32274,1669400
32275,1596700
32276,1669300
32277,2158300
32278,1936100
32279,1784600
32280,1630400
32281,1637200
32282,1702200
32283,1820600
32284,1611900
32285,1822900
32286,1729000
32287,1822300
32288,1709300
32289,1641500
32290,1677700
32291,1595600
32292,1648200
32293,1634700
32294,1588100
32295,1783000
32296,1703400
32297,1826300
32298,1801700
32299,1639200
32300,1633900
32301,1603800
32302,1691000
32303,1578500
32304,1950500
32305,1768700
32306,1679200
32307,1970800
32308,1659100
32309,1636300
32310,1504900
32311,1708900
32312,1748000
32313,1853400
32314,1959400
32315,2243800
32316,2149200
32317,2077300
32318,1879100
32319,1744500
32320,1615300
32321,1827900
32322,1772400
32323,1610700
32324,1634200
32325,1958500
32326,1807200
32327,1642300
32328,1697500
32329,1569000
32330,1896500
32331,2025600
32332,2148600
32333,2052800
32334,2717700
32335,2057100
32336,1988800
32337,1944900
32338,2076300
32339,1971100
32340,1875200
32341,2020800
32342,2218800
32343,2007200
32344,1990800
32345,2176700
32346,2129700
32347,1925000
32348,1852000
32349,1895700
32350,2219500
32351,1996500
32352,1925100
32353,1876900
32354,2037200
32355,1781000
32356,1743400
32357,1867900
32358,1785500
32359,2046200
32360,1871000
32361,1732200
32362,1911800
32363,1719300
32364,1753000
32365,1667200
32366,1630200
32367,1654700
32368,1930100
32369,1918100
32370,1797500
32371,1866500
32372,1675900
32373,1625700
32374,1610300
32375,1762000
32376,1627700
32377,1556400
32378,1671800
32379,1675800
32380,1791600
32381,1756400
32382,1681800
32383,1676500
32384,1684700
32385,1603500
32386,1594300
32387,1618100
32388,1982000
32389,1969200
32390,1794200
32391,1613000
32392,1652400
32393,1622500
32394,1627100
32395,1765100
32396,1588400
32397,1899700
32398,2146800
32399,2000200
32400,2187900
32401,2338100
32402,2111400
32403,1823000
32404,1865400
32405,1909900
32406,2147400
32407,1935300
32408,1853500
32409,1859600
32410,1680700
32411,1700500
32412,1809000
32413,1868000
32414,2387600
32415,2317500
32416,1999000
32417,2098400
32418,1935700
32419,1846500
32420,1855200
32421,1812400
32422,2038100
32423,2179000
32424,1948300
32425,1730600
32426,1645600
32427,1621300
32428,1694200
32429,1641600
32430,1608700
32431,1701200
32432,2259800
32433,1853900
32434,1624500
32435,1694100
32436,1758600
32437,1627500
32438,1616700
32439,1644800
32440,1608100
32441,1833400
32442,1704000
32443,1804500
32444,1619100
32445,1622800
32446,1665100
32447,1745900
32448,1615600
32449,1643800
32450,1876400
32451,1765200
32452,1895200
32453,1741500
32454,1637100
32455,1841700
32456,1722100
32457,1730000
32458,1608300
32459,1912500
32460,1771800
32461,2150900
32462,1792800
32463,1706000
32464,1657000
32465,1652000
32466,1709500
32467,1565800
32468,1705800
32469,1708100
32470,1731600
32471,1804900
32472,1650500
32473,1752800
32474,1622600
32475,1621300
32476,1706100
32477,1685400
32478,2094600
32479,1657300
32480,1863100
32481,1658300
32482,1687900
32483,1745200
32484,1835400
32485,1754900
32486,1812800
32487,1826700
32488,1693900
32489,1765300
32490,2017000
32491,1637600
32492,1677700
32493,1662700
32494,1674900
32495,1761100
32496,1705400
32497,1744000
32498,1600600
32499,1804600
32500,1852800
32501,1774300
32502,1637100
32503,1684100
32504,1919100
32505,2161600
32506,1840400
32507,1834100
32508,2281200
32509,1833400
32510,1793900
32511,1644100
32512,1648600
32513,2196000
32514,1769100
32515,1640800
32516,1655600
32517,1732300
32518,1732200
32519,1733400
32520,1666500
32521,1965200
32522,2106400
32523,1756700
32524,2032200
32525,2411200
32526,2107700
32527,1763100
32528,1619700
32529,1623300
32530,1767300
32531,1657800
32532,1625300
32533,1581500
32534,1604400
32535,1642900
32536,1881800
32537,1719900
32538,1620000
32539,1755900
32540,2100300
32541,1844400
32542,1749300
32543,1643000
32544,1842600
32545,1932400
32546,1786700
32547,1640800
32548,1754100
32549,1672200
32550,1648000
32551,1606700
32552,1557700
32553,1577600
32554,1563100
32555,1962300
32556,2143000
32557,1762900
32558,1679000
32559,1627600
32560,1563400
32561,1669100
32562,1701500
32563,1539900
32564,1586200
32565,1797400
32566,1952400
32567,1850400
32568,2105400
32569,1837600
32570,1689100
32571,1642800
32572,1695300
32573,1871300
32574,1881400
32575,1980800
32576,1803600
32577,1698100
32578,1608700
32579,1629900
32580,1641900
32581,1611600
32582,1643100
32583,1746800
32584,2444800
32585,1766800
32586,1662100
32587,1626000
32588,1715500
32589,1602000
32590,1633500
32591,1595400
32592,1658600
32593,2160700
32594,1894800
32595,1688900
32596,1835200
32597,1757300
32598,1620300
32599,1631600
32600,1582800
32601,1608000
32602,1873500
32603,1822100
32604,1643600
32605,1750600
32606,1623800
32607,1642400
32608,1693400
32609,1588400
32610,1609900
32611,1768400
32612,1684500
32613,2011000
32614,1664700
32615,1585100
32616,1592100
32617,1606000
32618,1693700
32619,1604800
32620,1766700
32621,2062100
32622,2003600
32623,1729800
32624,1652800
32625,1689000
32626,1588900
32627,1587000
32628,1706800
32629,1703100
32630,1754100
32631,1916100
32632,1839600
32633,1689100
32634,1716800
32635,1605500
32636,1724200
32637,1660500
32638,1664300
32639,1845500
32640,1668800
32641,1708400
32642,1826700
32643,1768400
32644,1598600
32645,1617600
32646,1625100
32647,1713600
32648,1881300
32649,1985200
32650,1916600
32651,2019100
32652,1819700
32653,1679200
32654,1633000
32655,1633400
32656,1719800
32657,1654400
32658,1612600
32659,1637500
32660,1706800
32661,1800900
32662,1740000
32663,1789500
32664,1681600
32665,1624500
32666,1924500
32667,1750100
32668,1624700
32669,1662900
32670,1775300
32671,1796700
32672,1720400
32673,1594300
32674,1742100
32675,1622300
32676,1851800
32677,1650500
32678,1661100
32679,1615900
32680,1869400
32681,1889900
32682,1698900
32683,1753700
32684,1701200
32685,1722000
32686,1627300
32687,1685700
32688,1664900
32689,1598400
32690,1849600
32691,1772600
32692,1627100
32693,1729800
32694,1789000
32695,1848000
32696,1656700
32697,1647400
32698,1665400
32699,1878500
32700,1678300
32701,1796500
32702,1728700
32703,1663400
32704,1740300
32705,1754800
32706,1639500
32707,1580000
32708,1656200
32709,1743100
32710,1835000
32711,1705300
32712,1982500
32713,1977700
32714,1704400
32715,1668700
32716,1691700
32717,1664400
32718,1876200
32719,1810100
32720,1740100
32721,1805000
32722,1711300
32723,1666900
32724,1645400
32725,1888900
32726,1962300
32727,1748300
32728,2048600
32729,1763900
32730,1944500
32731,1760700
32732,1759400
32733,1675700
32734,1674000
32735,1757900
32736,1656400
32737,1859700
32738,1710200
32739,1798100
32740,1697800
32741,1613800
32742,1608700
32743,1661000
32744,1620400
32745,1739900
32746,1655800
32747,1873300
32748,1710800
32749,1784700
32750,1650000
32751,1612500
32752,1574600
32753,1623200
32754,1592400
32755,1746400
32756,1625900
32757,1707700
32758,1949900
32759,1739300
32760,1625700
32761,1695800
32762,1615400
32763,1644000
32764,1572700
32765,1688500
32766,1652700
32767,1966800
32768,1950400
32769,1722000
32770,1643500
32771,1619800
32772,1702800
32773,1664500
32774,1671400
32775,1662200
32776,2009800
32777,2141100
32778,1842300
32779,1698700
32780,1628500
32781,1604400
32782,1648900
32783,1715000
32784,1693000
32785,1654800
32786,1957900
32787,1754800
32788,1535100
32789,1642700
32790,1669100
32791,1681800
32792,1665100
32793,1572000
32794,1606100
32795,1607500
32796,1883800
32797,1742900
32798,1589000
32799,1707500
32800,1631200
32801,1698000
32802,1611800
32803,1681400
32804,1641300
32805,2151700
32806,2298700
32807,1900300
32808,1684100
32809,1859300
32810,1692700
32811,1674100
32812,1656800
32813,1717700
32814,1866400
32815,2094400
32816,1810100
32817,1645100
32818,1792500
32819,1826900
32820,1924400
32821,1895000
32822,1828100
32823,1737200
32824,1844300
32825,1804700
32826,1668900
32827,1773300
32828,1614400
32829,1663100
32830,1682600
32831,2134400
32832,2438800
32833,2250000
32834,1737400
32835,1699600
32836,1730900
32837,1643100
32838,1734300
32839,1758300
32840,1875600
32841,1705700
32842,1826300
32843,1721500
32844,1806600
32845,1651400
32846,1605800
32847,1631300
32848,1744800
32849,1760500
32850,1730000
32851,1727900
32852,1961400
32853,1718900
32854,1592200
32855,1638600
32856,1602300
32857,1571200
32858,1641900
32859,1627200
32860,1678300
32861,1602000
32862,1919900
32863,1660300
32864,1653500
32865,1596700
32866,1658300
32867,1854900
32868,1604400
32869,1559600
32870,1578800
32871,1806600
32872,2086500
32873,2028500
32874,1822900
32875,1806900
32876,1872300
32877,1803200
32878,1681200
32879,1682800
32880,1617800
32881,2121400
32882,1821100
32883,1797500
32884,1618900
32885,1896700
32886,2038200
32887,2470200
32888,1937200
32889,2115400
32890,2011500
32891,1666700
32892,1625500
32893,1805400
32894,1733700
32895,1804000
32896,1601400
32897,1608300
32898,1614600
32899,1859900
32900,1693900
32901,1731500
32902,1937800
32903,1958100
32904,2148800
32905,2190700
32906,1986900
32907,2264200
32908,2285300
32909,1875100
32910,1926200
32911,1886100
32912,1910500
32913,1749200
32914,1680100
32915,1817500
32916,2301300
32917,2082600
32918,2078900
32919,1872800
32920,1851300
32921,1837900
32922,1767900
32923,1846200
32924,1776900
32925,2015100
32926,2008400
32927,1805200
32928,1773500
32929,1613000
32930,1600200
32931,1631400
32932,1604200
32933,1691900
32934,1907500
32935,2102900
