idx,delta_ns
0,2749700
1,2404700
2,3746800
3,3099400
4,2024500
5,2466100
6,3096300
7,3243600
8,3434700
9,2139100
10,1817600
11,2484800
12,3482300
13,3073800
14,2890600
15,2050800
16,2099100
17,3058000
18,3437900
19,3022300
20,2721800
21,1907900
22,1886700
23,2692200
24,3644200
25,3633400
26,2638200
27,1981600
28,1884700
29,2742800
30,2988000
31,2365400
32,1723300
33,2178200
34,1932700
35,2739600
36,3145500
37,2804600
38,2331900
39,1676900
40,2093000
41,1738600
42,2385100
43,2829200
44,2585000
45,2085500
46,1861100
47,2389500
48,2540400
49,1868900
50,1707100
51,1880000
52,1815400
53,1859200
54,1835500
55,1867100
56,2077200
57,2125800
58,2888400
59,2730600
60,2408100
61,2226200
62,2175400
63,2360300
64,1878700
65,1766000
66,1769700
67,1817000
68,1877700
69,1860300
70,1819200
71,1994600
72,2684400
73,2547400
74,2417500
75,1803400
76,1801500
77,1747200
78,1748700
79,1894700
80,2603700
81,1832700
82,1829300
83,1672300
84,1816900
85,1687100
86,1760200
87,2020800
88,2274500
89,2054500
90,1864500
91,1779800
92,1897200
93,2399400
94,2176200
95,1759400
96,1736800
97,1826500
98,1935700
99,1822600
100,1813000
101,1864300
102,1806100
103,2389800
104,2781500
105,2977300
106,2381400
107,1923900
108,1762900
109,1770300
110,2463400
111,3103100
112,3224000
113,2143600
114,1705200
115,1717600
116,1774600
117,2365100
118,2941600
119,3321900
120,1989900
121,1949100
122,1771200
123,1841100
124,2005500
125,2339300
126,1928000
127,1791200
128,1850700
129,1759000
130,1772600
131,1782200
132,2103500
133,1857100
134,1824200
135,2027300
136,2064300
137,1765500
138,1707400
139,1668100
140,2261800
141,2798900
142,2811900
143,2291100
144,2255600
145,2433100
146,1840700
147,1874400
148,1760600
149,1923300
150,1733400
151,1828600
152,2304500
153,2362500
154,1893100
155,2357100
156,2958200
157,2643300
158,2391600
159,2643000
160,1981400
161,1875300
162,1757800
163,1832200
164,1744400
165,1767600
166,1769800
167,1890400
168,2152600
169,2012200
170,2151800
171,2684500
172,2524000
173,1959300
174,1727100
175,2014500
176,2143500
177,2232800
178,3154500
179,2512200
180,2181100
181,1846600
182,1792900
183,2343700
184,2196200
185,3045800
186,2897900
187,2136900
188,1934800
189,1949400
190,2566700
191,2506200
192,1862800
193,1801500
194,1801800
195,1761100
196,1724200
197,1905900
198,1937400
199,2656700
200,3553500
201,3406800
202,2462300
203,2246700
204,1869000
205,2096900
206,2041100
207,1786000
208,2292000
209,1805900
210,1745100
211,1786300
212,1813900
213,2535000
214,2965600
215,2625700
216,2324800
217,1878000
218,1855000
219,1832800
220,1936400
221,2886000
222,2518000
223,1798200
224,1666700
225,1798100
226,1839500
227,2175400
228,2919600
229,3486000
230,2697100
231,2073700
232,1768100
233,1707600
234,1740100
235,1871200
236,2031000
237,1996600
238,1850800
239,1936600
240,2064300
241,1957800
242,1813500
243,2416600
244,2968900
245,2683700
246,1816000
247,1936500
248,2061600
249,2118200
250,2016300
251,1754300
252,1997600
253,2035900
254,2280200
255,2099100
256,1714800
257,1996200
258,2552000
259,2615100
260,2758200
261,1905000
262,1843500
263,1854000
264,2129900
265,1784500
266,1695700
267,1705500
268,2243300
269,2035000
270,1815200
271,1955300
272,2389800
273,3888900
274,3177800
275,2780600
276,2309900
277,1897200
278,2399500
279,2423200
280,2043500
281,1876100
282,2016300
283,2130800
284,2011100
285,2602000
286,2130000
287,1801000
288,1634500
289,1701000
290,1813700
291,2278200
292,1924300
293,2089500
294,2633800
295,3031800
296,2238900
297,1728000
298,1912400
299,1997300
300,2096800
301,2746500
302,2700600
303,2745100
304,2085700
305,1935900
306,1810200
307,1793400
308,2425800
309,2649200
310,2535800
311,1913300
312,2020100
313,2082700
314,2155400
315,2798600
316,2769500
317,2919800
318,2986600
319,2523800
320,2374100
321,3041000
322,2606100
323,2266000
324,1919300
325,1864200
326,2163300
327,2714900
328,2873500
329,2360900
330,2126700
331,1767900
332,1821500
333,1987000
334,3001500
335,3476700
336,3568300
337,2734100
338,2824400
339,2724100
340,2620000
341,2205700
342,2037500
343,1917900
344,1891400
345,1865800
346,2069600
347,2748000
348,3254700
349,2239700
350,2209700
351,1942100
352,2088200
353,2358900
354,3918400
355,3591800
356,2547200
357,2368400
358,2129500
359,1859400
360,2017700
361,1982000
362,1910800
363,2066000
364,2060900
365,2236600
366,3004700
367,3693600
368,3549400
369,2587600
370,2093900
371,2176500
372,3302300
373,3323000
374,2779700
375,1907000
376,1845200
377,2284500
378,2410600
379,1868500
380,1729100
381,1842100
382,1806800
383,1738100
384,1788700
385,2181700
386,2932300
387,2950500
388,3048800
389,1835600
390,1702300
391,1600000
392,2041300
393,2629200
394,2808800
395,2479600
396,2202100
397,2316800
398,1826200
399,1785700
400,2649100
401,2705100
402,1996300
403,1924500
404,1895500
405,1895100
406,2070300
407,2747000
408,2811100
409,2386100
410,1791100
411,2883200
412,2792600
413,2893400
414,2674200
415,2191800
416,1834800
417,1787900
418,1959700
419,1859900
420,2425500
421,2608200
422,2329200
423,2037900
424,1821000
425,1909000
426,2044400
427,2508200
428,3857800
429,3536500
430,2861000
431,2655700
432,2385800
433,2956500
434,3157800
435,3029800
436,2051800
437,2199300
438,3073000
439,3818800
440,3528800
441,2979900
442,2065500
443,2208500
444,2999300
445,3154300
446,2687400
447,2103700
448,2140000
449,3061400
450,3316700
451,2817700
452,2175200
453,1807800
454,1800200
455,1794000
456,2092400
457,2367800
458,2307400
459,1884200
460,1758900
461,1743200
462,1829700
463,1816700
464,2067200
465,3654500
466,2882500
467,2151100
468,1790900
469,1836500
470,2039400
471,2597000
472,3413300
473,2460700
474,1860000
475,1770900
476,1851500
477,1813000
478,2258700
479,3695500
480,3609900
481,3447400
482,1805100
483,1803500
484,2538800
485,3140800
486,2746800
487,2031700
488,1889500
489,2458500
490,2036300
491,1770800
492,1645600
493,1982700
494,1854900
495,1758900
496,1774600
497,1849400
498,1793000
499,2628400
500,2843700
501,2832500
502,2053400
503,2056100
504,2382600
505,2036800
506,2841800
507,2774000
508,2897100
509,1967500
510,1931200
511,2323300
512,2911300
513,2670400
514,2416500
515,2277300
516,1746400
517,1747300
518,1782600
519,1989000
520,2721400
521,3097300
522,2537400
523,1949400
524,1655100
525,1805600
526,1923500
527,3190900
528,2790100
529,2693200
530,2116900
531,1830400
532,1868700
533,2530300
534,3194300
535,2909600
536,1943000
537,1869200
538,1793300
539,2358200
540,2977500
541,2700400
542,1963600
543,1898100
544,2383300
545,2032600
546,2904800
547,2743500
548,2432600
549,1780600
550,1792200
551,2198100
552,2687600
553,2611300
554,1802400
555,1733100
556,1667300
557,1708500
558,1825600
559,1886800
560,2393500
561,3036000
562,2519300
563,2099900
564,1780800
565,1888300
566,2049900
567,3126600
568,2010400
569,1785100
570,1696300
571,1723000
572,1712200
573,1771300
574,1808900
575,2153100
576,3608500
577,2594000
578,2025600
579,1616500
580,1769600
581,1724300
582,2635400
583,3605000
584,2767500
585,2422800
586,2302800
587,1775500
588,1948500
589,2635500
590,2932000
591,2496900
592,1768500
593,1779800
594,1916300
595,1856200
596,2361000
597,3113600
598,3697800
599,2313200
600,2288900
601,1844600
602,3045700
603,3908400
604,3224300
605,2083300
606,2017800
607,2267900
608,3194600
609,3475400
610,2859300
611,1862800
612,1845400
613,2138500
614,2072800
615,1957400
616,1942300
617,3151200
618,1928500
619,1878900
620,2297400
621,2475000
622,2861500
623,3158500
624,2503600
625,1932400
626,1800100
627,1816300
628,1927900
629,1992600
630,2220300
631,2420600
632,1800500
633,1707900
634,1771300
635,1968300
636,2576100
637,2687300
638,2596900
639,2183800
640,2207200
641,1800300
642,2028600
643,2921400
644,3111800
645,3905100
646,2331100
647,2362300
648,2656300
649,3452500
650,2497900
651,1878900
652,2191100
653,1821300
654,2214400
655,2699900
656,2970600
657,2328600
658,1895700
659,2167800
660,1922200
661,2389100
662,2305000
663,2534400
664,2380500
665,2185600
666,1889900
667,2089500
668,2015900
669,3155100
670,3008200
671,2110200
672,1756900
673,1721200
674,2178300
675,1934200
676,1900200
677,1822100
678,1948000
679,1903700
680,2289800
681,1701700
682,1634800
683,1845800
684,2674100
685,2998800
686,2779300
687,2054500
688,2037000
689,1940000
690,2617700
691,3358300
692,3088500
693,2422700
694,1823300
695,1729500
696,1649600
697,2687800
698,3025800
699,2503600
700,2108800
701,1801100
702,1900800
703,1951500
704,2723400
705,2655900
706,2210000
707,1986600
708,2058000
709,2118700
710,1872000
711,2456000
712,3392600
713,2955400
714,2402800
715,2268500
716,1710200
717,1755400
718,2726600
719,2998600
720,2315900
721,1785000
722,1990800
723,1896300
724,2059300
725,2634600
726,3698600
727,2920900
728,2380000
729,2183900
730,1701700
731,2291100
732,3223400
733,2717800
734,1923600
735,1897800
736,2030200
737,2509300
738,2552500
739,2728800
740,2540800
741,1789600
742,1760700
743,1785400
744,2000000
745,3012400
746,3642500
747,3000700
748,1837200
749,1899700
750,1845600
751,2937000
752,2896400
753,3454700
754,2147200
755,2035100
756,1860600
757,2043000
758,3376100
759,3228200
760,3007200
761,2333700
762,2379600
763,2646800
764,2795200
765,2861200
766,2241100
767,2211200
768,1839700
769,2270300
770,3016200
771,2650700
772,2354800
773,2196600
774,1939900
775,2118900
776,3025200
777,2112000
778,2110000
779,2548500
780,2357600
781,2425600
782,2611300
783,4052900
784,3512400
785,2264500
786,2292500
787,2228300
788,2662300
789,4055200
790,3178800
791,2236500
792,3037700
793,2288700
794,2177100
795,2002900
796,2439400
797,2665200
798,2016100
799,2218600
800,2880000
801,3162500
802,2915500
803,1861700
804,1784900
805,1965200
806,2490200
807,3479000
808,2520900
809,2069300
810,1842500
811,1701600
812,1796100
813,2782800
814,3416400
815,2769700
816,2360800
817,1882900
818,1797000
819,2203900
820,2643900
821,1915700
822,1667100
823,1615000
824,1761700
825,1769100
826,1848900
827,2031700
828,3152500
829,3130500
830,2452000
831,1758300
832,1854400
833,1981200
834,2075500
835,2670300
836,2735500
837,2556300
838,1751200
839,1707900
840,1880800
841,2242500
842,2975700
843,3218900
844,2763800
845,2257500
846,2178600
847,2408200
848,2544600
849,3578500
850,3342600
851,1942100
852,1819700
853,1885000
854,2864900
855,3973100
856,3753200
857,2778000
858,2092600
859,2497200
860,3531000
861,4085800
862,3110900
863,2097100
864,2158200
865,2097000
866,2233400
867,2620400
868,2758400
869,2395300
870,2674300
871,3043800
872,2896500
873,3336600
874,2473700
875,1998600
876,1882600
877,2001100
878,1930800
879,1755700
880,1775700
881,2219000
882,1885700
883,1805300
884,1821900
885,1859700
886,2638300
887,2648600
888,2346400
889,2005000
890,2284000
891,2090500
892,1917600
893,2739800
894,2444800
895,2304600
896,1856900
897,2037500
898,1986400
899,2053500
900,3091600
901,2947300
902,2657100
903,2048000
904,2254600
905,3024500
906,2605700
907,3284800
908,2387700
909,1804600
910,1908500
911,1988100
912,2556000
913,2980500
914,3107100
915,3109900
916,2632900
917,2887000
918,2536300
919,3801300
920,4306300
921,3157300
922,2799600
923,3229900
924,3246500
925,2604500
926,2146800
927,2390400
928,2800100
929,3173800
930,2984300
931,2886000
932,1983700
933,2069000
934,3282500
935,3719700
936,4268500
937,3017400
938,2893400
939,4307100
940,4259000
941,3638300
942,2591800
943,3829500
944,4307400
945,3740600
946,2803300
947,2473800
948,2465100
949,2432700
950,2028000
951,2050900
952,2126900
953,2283800
954,2639600
955,3839700
956,4612200
957,3497600
958,2513400
959,2780200
960,3641000
961,3655100
962,2628100
963,2401200
964,2515800
965,2308900
966,2545100
967,2145000
968,2241100
969,2650000
970,2374200
971,2676200
972,2687900
973,3172800
974,2216900
975,1865800
976,1838400
977,1883200
978,1789100
979,1715500
980,1681700
981,1891900
982,2122500
983,2262100
984,2509400
985,2520500
986,2956300
987,3212000
988,3758200
989,2955400
990,2078300
991,2650500
992,2994800
993,2362800
994,2385100
995,1759500
996,1667100
997,1581800
998,2120800
999,2430500
1000,2079800
1001,1786100
1002,1897300
1003,1919900
1004,1644800
1005,1688700
1006,2113100
1007,2630300
1008,2236400
1009,1634500
1010,1740500
1011,1867700
1012,1727700
1013,1552400
1014,1707600
1015,2624300
1016,2182600
1017,1917400
1018,1685900
1019,1631300
1020,2009000
1021,1769500
1022,1718100
1023,1568500
1024,1612500
1025,1574000
1026,1533400
1027,1676900
1028,1666000
1029,1885500
1030,1714200
1031,1848100
1032,2298200
1033,2365700
1034,2178400
1035,1596900
1036,1513200
1037,1564100
1038,1734800
1039,1800600
1040,1823300
1041,2595000
1042,2097900
1043,1839900
1044,1590000
1045,1581200
1046,1562600
1047,1889400
1048,2095400
1049,1777100
1050,1577200
1051,1570200
1052,1721400
1053,1608600
1054,1647200
1055,1596800
1056,1550900
1057,1830600
1058,2357400
1059,2588700
1060,2245800
1061,1751400
1062,1655200
1063,1563200
1064,1645200
1065,1544300
1066,1913600
1067,2408100
1068,2161400
1069,1942900
1070,1574600
1071,1609400
1072,1582000
1073,1574400
1074,1670800
1075,2604300
1076,2028200
1077,2390600
1078,2142100
1079,1808400
1080,1673300
1081,1569500
1082,1689000
1083,2006600
1084,2718500
1085,2255100
1086,1900000
1087,1546900
1088,1705100
1089,1585000
1090,1654600
1091,1998100
1092,2141800
1093,1753300
1094,1728300
1095,1643700
1096,1657600
1097,1588500
1098,1617300
1099,1609200
1100,1704300
1101,2711700
1102,2595400
1103,1978000
1104,1583500
1105,1564500
1106,1674000
1107,1685400
1108,1801200
1109,2339300
1110,3131800
1111,2435600
1112,1579300
1113,1652400
1114,1729400
1115,1727300
1116,1826000
1117,2596100
1118,2677500
1119,2150300
1120,1634500
1121,1615500
1122,1539500
1123,1616800
1124,1732300
1125,2467700
1126,2316500
1127,2514000
1128,1751500
1129,1673900
1130,1590800
1131,1694600
1132,1873400
1133,3148800
1134,2933300
1135,2845200
1136,1957600
1137,1923800
1138,1773100
1139,2707900
1140,2627300
1141,2427600
1142,1945200
1143,1646400
1144,1625600
1145,1659100
1146,1935500
1147,1857100
1148,1720000
1149,1655500
1150,1611100
1151,1870800
1152,1757900
1153,1615300
1154,1622800
1155,1712600
1156,2231600
1157,2362100
1158,2048600
1159,1628600
1160,2134500
1161,1636100
1162,1579000
1163,1649800
1164,1931300
1165,1751100
1166,1621400
1167,1536900
1168,1651200
1169,1840100
1170,1715900
1171,1620600
1172,1563900
1173,1770700
1174,2576500
1175,2200600
1176,1827900
1177,1616600
1178,1793700
1179,1902000
1180,1626600
1181,1737600
1182,2515500
1183,2224700
1184,1949700
1185,1566900
1186,1560900
1187,1790800
1188,1726900
1189,1549600
1190,1781000
1191,1852400
1192,1732400
1193,1875100
1194,1667500
1195,1697700
1196,1665300
1197,2034800
1198,1793500
1199,2423400
1200,2441300
1201,2233800
1202,1651700
1203,1845900
1204,1687100
1205,1916700
1206,1977900
1207,2397000
1208,2800200
1209,2379500
1210,1891600
1211,1664000
1212,1685900
1213,1852600
1214,2198700
1215,1932800
1216,1675400
1217,1637200
1218,1870100
1219,1686600
1220,1734000
1221,1611300
1222,1801300
1223,2693000
1224,2554600
1225,2297000
1226,1658400
1227,1717100
1228,1770900
1229,1654200
1230,1763300
1231,1968600
1232,1805500
1233,1579100
1234,1557700
1235,1629700
1236,1871800
1237,1885100
1238,1711900
1239,1870800
1240,1961300
1241,1764600
1242,1669300
1243,1686700
1244,1730300
1245,1759900
1246,1655600
1247,1519700
1248,1724600
1249,2283700
1250,2863800
1251,2390000
1252,1857600
1253,1655000
1254,1537000
1255,1646400
1256,1932000
1257,2665500
1258,2555800
1259,1936100
1260,1752700
1261,1651700
1262,1745200
1263,1663000
1264,1675400
1265,2402700
1266,2515200
1267,2307100
1268,1625300
1269,1665200
1270,1590600
1271,1621400
1272,1715500
1273,2288000
1274,2380900
1275,2362500
1276,1654700
1277,1746100
1278,1551700
1279,1607600
1280,1612900
1281,2011600
1282,2700700
1283,2845500
1284,2290200
1285,1628800
1286,1715500
1287,1586300
1288,1578400
1289,2206800
1290,2437800
1291,2351600
1292,1849900
1293,1586300
1294,1727500
1295,1568300
1296,1596200
1297,1734900
1298,1594900
1299,1587100
1300,1583900
1301,1798400
1302,1901700
1303,1670400
1304,1596100
1305,1576700
1306,1618000
1307,2314700
1308,2409600
1309,2021500
1310,2036000
1311,1844900
1312,1629300
1313,1657000
1314,1669100
1315,1728700
1316,1604800
1317,1771700
1318,1612000
1319,1534200
1320,1781300
1321,1731800
1322,1729600
1323,1632600
1324,1794800
1325,2473000
1326,2357000
1327,2059000
1328,1627000
1329,1715500
1330,1693500
1331,1707000
1332,1862200
1333,2665100
1334,3254700
1335,3121300
1336,2625500
1337,2059200
1338,1915200
1339,1779800
1340,1831700
1341,1805700
1342,1838800
1343,1867400
1344,1855000
1345,1905000
1346,1801600
1347,2114100
1348,2889900
1349,2722100
1350,2191000
1351,1909300
1352,2149600
1353,1979700
1354,2190700
1355,2522800
1356,2488000
1357,2121900
1358,1618700
1359,1595300
1360,1655100
1361,1683000
1362,1821800
1363,2519300
1364,2309900
1365,1947200
1366,1530200
1367,1681900
1368,1606500
1369,2334500
1370,1988000
1371,1666800
1372,1733800
1373,1625300
1374,1575500
1375,1630400
1376,1599400
1377,1614500
1378,1623900
1379,2027600
1380,2731500
1381,2347300
1382,1807800
1383,1785200
1384,1627000
1385,1699600
1386,1588400
1387,1710800
1388,1788900
1389,1575900
1390,1649600
1391,1592100
1392,1629000
1393,1499300
1394,1894900
1395,1592900
1396,1578500
1397,2425200
1398,2783900
1399,2185200
1400,1560900
1401,1650900
1402,1746300
1403,1631000
1404,1614000
1405,2007700
1406,3864400
1407,3101900
1408,2013800
1409,1572100
1410,1691000
1411,1543700
1412,1882900
1413,3303600
1414,2384400
1415,1858900
1416,1618500
1417,1623300
1418,1590500
1419,1830400
1420,2426300
1421,2574600
1422,2572300
1423,1680100
1424,1626400
1425,1597600
1426,1641500
1427,1900700
1428,2372700
1429,2458100
1430,2834100
1431,1721900
1432,1659000
1433,1669500
1434,1683700
1435,1700100
1436,1721900
1437,1693100
1438,1651400
1439,1780100
1440,1750900
1441,1598200
1442,1642200
1443,1697200
1444,1778300
1445,2616200
1446,2261900
1447,2035300
1448,1705800
1449,1655800
1450,1592200
1451,1665100
1452,1694000
1453,2602400
1454,2223900
1455,1901300
1456,1873100
1457,1960400
1458,1747800
1459,1659900
1460,1778700
1461,1655300
1462,1764100
1463,1663800
1464,1624900
1465,1601600
1466,1790300
1467,1617300
1468,1664300
1469,1613100
1470,2171000
1471,2443600
1472,2062900
1473,1773600
1474,1590300
1475,1975900
1476,1766900
1477,1651000
1478,1796000
1479,1747200
1480,1732500
1481,1662000
1482,1642800
1483,1671700
1484,1610200
1485,1936500
1486,1736000
1487,1760900
1488,2329900
1489,2520300
1490,2001500
1491,1610900
1492,1624900
1493,1841500
1494,1773800
1495,1598700
1496,1696200
1497,1675100
1498,1583700
1499,1703300
1500,1611300
1501,1552100
1502,1555000
1503,1690100
1504,1803800
1505,1760600
1506,2256900
1507,2313300
1508,2088600
1509,1648800
1510,1601100
1511,1548300
1512,1682600
1513,1752200
1514,1904700
1515,2779900
1516,2295000
1517,1968000
1518,1642800
1519,1585900
1520,1644400
1521,1979100
1522,1956100
1523,2655500
1524,2326300
1525,1954500
1526,1633100
1527,1548400
1528,1627700
1529,1578100
1530,2012900
1531,2718500
1532,2217600
1533,1878600
1534,1667000
1535,1675600
1536,1548500
1537,1772800
1538,1838500
1539,1934300
1540,1672700
1541,1717000
1542,1547300
1543,1552400
1544,1603200
1545,1544200
1546,1566900
1547,1728400
1548,3205900
1549,3009900
1550,2067000
1551,1657400
1552,1589200
1553,1720500
1554,1678100
1555,1697800
1556,1788600
1557,1828000
1558,1547500
1559,1574800
1560,1589300
1561,1575700
1562,1742900
1563,1523200
1564,1690000
1565,2568600
1566,2951300
1567,2200900
1568,1705900
1569,1626400
1570,1550600
1571,1553500
1572,1725300
1573,2463800
1574,2788200
1575,2472600
1576,1750600
1577,1697500
1578,1633300
1579,1563300
1580,1798700
1581,2633100
1582,2449500
1583,2123100
1584,1666800
1585,1600000
1586,1680400
1587,1619100
1588,1841100
1589,2453800
1590,2341100
1591,2375500
1592,1646600
1593,1708700
1594,1664500
1595,1626100
1596,1764700
1597,2616600
1598,2256900
1599,1955200
1600,1800800
1601,1700400
1602,1548600
1603,1570900
1604,1599600
1605,2858600
1606,2796700
1607,2460800
1608,1825500
1609,1727500
1610,1555400
1611,1678400
1612,1838900
1613,2067300
1614,1782700
1615,2308200
1616,2114200
1617,1995700
1618,1823100
1619,1611000
1620,1949500
1621,2237600
1622,2344300
1623,1984200
1624,1664900
1625,1861700
1626,1664300
1627,1639400
1628,1602900
1629,1996800
1630,2439000
1631,2134600
1632,1702600
1633,1628600
1634,2117700
1635,1825100
1636,1683700
1637,2098600
1638,2591100
1639,2138700
1640,1736600
1641,1626000
1642,1699300
1643,1800600
1644,1628400
1645,1936900
1646,2423900
1647,2222900
1648,1928800
1649,1615400
1650,1597300
1651,1644000
1652,1879100
1653,1671400
1654,2100100
1655,2385900
1656,2337300
1657,1673700
1658,1617200
1659,1685100
1660,1909000
1661,1908700
1662,3039800
1663,3075800
1664,2568200
1665,2049300
1666,2032200
1667,1945200
1668,1911800
1669,2429500
1670,2217300
1671,2085000
1672,1664400
1673,1601600
1674,1544900
1675,1663600
1676,2194300
1677,2533400
1678,2369700
1679,2093700
1680,1687700
1681,1581500
1682,1589000
1683,1730900
1684,1594300
1685,2204800
1686,2589800
1687,2169700
1688,1807900
1689,1600300
1690,1567500
1691,1578700
1692,1669100
1693,2694600
1694,3017300
1695,2821200
1696,1930500
1697,1637700
1698,1653600
1699,1592200
1700,1710300
1701,2578700
1702,2828200
1703,2165100
1704,1658100
1705,1548400
1706,1531200
1707,1640600
1708,1598600
1709,1780400
1710,1812600
1711,1643900
1712,1546700
1713,1623700
1714,1607800
1715,1550300
1716,1717600
1717,1732400
1718,2049100
1719,3837100
1720,3036200
1721,1672500
1722,1662600
1723,1628400
1724,1694100
1725,2010600
1726,2535700
1727,2459300
1728,1993000
1729,1681500
1730,1605000
1731,1526600
1732,1706100
1733,1687900
1734,2454800
1735,2236000
1736,2327600
1737,1681100
1738,1595400
1739,1621400
1740,1584500
1741,1746100
1742,1968400
1743,1742700
1744,1719500
1745,2120000
1746,1853200
1747,1719000
1748,1760800
1749,1712500
1750,1928400
1751,2714200
1752,2311500
1753,1992900
1754,1846400
1755,1843400
1756,1633200
1757,1710700
1758,1772000
1759,2391300
1760,2054600
1761,2019300
1762,1828500
1763,1686700
1764,1631500
1765,1628700
1766,1590000
1767,2129500
1768,2645200
1769,2214700
1770,1861000
1771,1794100
1772,1692800
1773,1694000
1774,1567500
1775,1770600
1776,2450200
1777,2325200
1778,2150500
1779,2068300
1780,1856200
1781,1687700
1782,1534200
1783,1994700
1784,2599600
1785,2217000
1786,1724200
1787,1669100
1788,1774500
1789,1744300
1790,1606200
1791,1809300
1792,2460300
1793,2163500
1794,1879400
1795,1587900
1796,1690600
1797,1925700
1798,1791700
1799,1728500
1800,2360200
1801,2233700
1802,2002100
1803,1608100
1804,1645300
1805,1644000
1806,1841700
1807,1727500
1808,2373300
1809,2390900
1810,2172400
1811,1611200
1812,1712300
1813,1588800
1814,1771300
1815,1775400
1816,1821600
1817,2564000
1818,2227300
1819,1885400
1820,1589000
1821,1508600
1822,1576500
1823,1657200
1824,1940600
1825,2516500
1826,2335700
1827,2027400
1828,1529500
1829,1636600
1830,1601200
1831,1631300
1832,1759100
1833,2329400
1834,2514600
1835,2115300
1836,1706000
1837,1566700
1838,1649000
1839,1620900
1840,1551500
1841,2162400
1842,3087800
1843,2425300
1844,1998000
1845,1743100
1846,1641800
1847,1644400
1848,1569900
1849,2026400
1850,2792600
1851,2392000
1852,1915000
1853,1667000
1854,1605800
1855,1627700
1856,1583000
1857,1731400
1858,2137300
1859,2054700
1860,2109000
1861,1898700
1862,1880400
1863,1831700
1864,1860600
1865,1923600
1866,3703000
1867,3080900
1868,2500500
1869,2016100
1870,2018600
1871,1772100
1872,2375900
1873,3202100
1874,3001900
1875,2200300
1876,1862800
1877,1807200
1878,1962500
1879,2123400
1880,1911600
1881,1960100
1882,1748600
1883,1723800
1884,1798700
1885,1924300
1886,1744000
1887,2016900
1888,1814500
1889,2120500
1890,2097700
1891,1780000
1892,1752700
1893,1872800
1894,1718100
1895,1993100
1896,2805100
1897,3083900
1898,2719700
1899,1919700
1900,1849600
1901,1788000
1902,1949500
1903,1770800
1904,1783400
1905,1900900
1906,1929200
1907,1823600
1908,1803300
1909,1826800
1910,1853900
1911,2067600
1912,3378800
1913,2764800
1914,2048600
1915,1842200
1916,1819000
1917,1735500
1918,1918100
1919,2925200
1920,2506200
1921,2876800
1922,1948100
1923,1926400
1924,1816500
1925,2212400
1926,3248600
1927,3180500
1928,2810800
1929,1870300
1930,1822000
1931,1936000
1932,2731600
1933,2747400
1934,2445200
1935,2010700
1936,1914900
1937,1761000
1938,1796800
1939,2195800
1940,1842700
1941,1827900
1942,1806700
1943,1923400
1944,2429800
1945,1984900
1946,1947700
1947,2542600
1948,2879000
1949,2497800
1950,1752500
1951,2147200
1952,1947000
1953,1817600
1954,2059100
1955,2594800
1956,2466600
1957,2043500
1958,1747000
1959,2266700
1960,1885800
1961,2114800
1962,3047700
1963,2706900
1964,2181900
1965,1758500
1966,2189700
1967,2253700
1968,2160800
1969,3093400
1970,2605000
1971,2099800
1972,1784200
1973,1834100
1974,1985800
1975,2054900
1976,1854900
1977,1766100
1978,1857500
1979,1834600
1980,1821900
1981,1769800
1982,1967200
1983,2239600
1984,2977400
1985,2783500
1986,2326100
1987,1831800
1988,1757300
1989,1847400
1990,2600100
1991,3003300
1992,2573000
1993,2098900
1994,1763400
1995,1747500
1996,1742700
1997,2211200
1998,2300200
1999,1873900
2000,1784300
2001,2180800
2002,2510700
2003,2577300
2004,2210900
2005,3574400
2006,3181200
2007,4097500
2008,3463700
2009,3580500
2010,3725500
2011,3239300
2012,2933400
2013,2810900
2014,2880900
2015,3788400
2016,2999800
2017,2160700
2018,1562900
2019,1672000
2020,1852900
2021,2422300
2022,2483100
2023,2476600
2024,1568000
2025,1618600
2026,1580400
2027,1599800
2028,1942100
2029,2987900
2030,2886200
2031,2503600
2032,1728600
2033,1620700
2034,1633000
2035,1751000
2036,1788300
2037,1688100
2038,1732000
2039,2233500
2040,1942100
2041,1703600
2042,1705000
2043,1724500
2044,1991300
2045,2683100
2046,2374500
2047,2517700
2048,2288200
2049,1841100
2050,1703700
2051,1766200
2052,1581400
2053,1622600
2054,1621700
2055,1588900
2056,1773600
2057,1834700
2058,1718900
2059,1540500
2060,1574600
2061,1878200
2062,2479700
2063,2270800
2064,1836600
2065,1915400
2066,1702700
2067,1647600
2068,1634000
2069,1794400
2070,1739600
2071,1653000
2072,1665100
2073,1602900
2074,1675700
2075,2013300
2076,1725300
2077,1579700
2078,1761100
2079,2729400
2080,2693800
2081,2253900
2082,1680100
2083,2053400
2084,1718600
2085,1629000
2086,1664900
2087,2393700
2088,2240300
2089,1847900
2090,1742200
2091,1609300
2092,1802500
2093,1703400
2094,1764400
2095,2284400
2096,2310700
2097,2012100
2098,1619400
2099,1618600
2100,1669300
2101,2048500
2102,1734000
2103,2171100
2104,2514800
2105,2196100
2106,1688400
2107,1623600
2108,1676100
2109,1620900
2110,1773700
2111,2144700
2112,2055100
2113,2337400
2114,1945700
2115,1918100
2116,1761000
2117,1672900
2118,1767200
2119,1747000
2120,2459600
2121,2233700
2122,1857600
2123,1644900
2124,1631100
2125,1620600
2126,1533300
2127,2474700
2128,2846900
2129,2277800
2130,1899800
2131,1710300
2132,1633200
2133,1619500
2134,1563100
2135,1889700
2136,2661500
2137,2326200
2138,1937800
2139,1614800
2140,1589000
2141,1541500
2142,1544100
2143,1568400
2144,2406200
2145,2856100
2146,2277700
2147,1718600
2148,1703000
2149,1577500
2150,1509400
2151,1880600
2152,2213500
2153,2115400
2154,1821100
2155,1976300
2156,1795900
2157,1788700
2158,1658800
2159,1644700
2160,1897100
2161,1749200
2162,2011800
2163,1774300
2164,1704000
2165,1724500
2166,1581800
2167,1538700
2168,1746800
2169,2327300
2170,2280700
2171,2570600
2172,1712900
2173,1651900
2174,1739200
2175,1563800
2176,1650000
2177,2181200
2178,2663000
2179,2397200
2180,2137600
2181,1721400
2182,1572800
2183,1630300
2184,2041700
2185,2580100
2186,2400800
2187,2281300
2188,1696700
2189,1701700
2190,1692200
2191,1680600
2192,1756400
2193,2361400
2194,2264900
2195,2048300
2196,1856900
2197,1673600
2198,1727100
2199,1561800
2200,1622400
2201,2110800
2202,2245900
2203,2143000
2204,2248200
2205,2308600
2206,1962600
2207,1825500
2208,2039800
2209,3274900
2210,2771800
2211,2043400
2212,1804800
2213,1710600
2214,1609100
2215,1685300
2216,2064500
2217,2493000
2218,2085200
2219,1860400
2220,1748700
2221,2306600
2222,1720200
2223,1748500
2224,2210100
2225,2461800
2226,2051400
2227,1611900
2228,1634800
2229,1889600
2230,1675600
2231,1749000
2232,1652900
2233,1575500
2234,1633500
2235,1584200
2236,1630100
2237,1606000
2238,1669300
2239,1717800
2240,1675900
2241,1791000
2242,2164300
2243,1856200
2244,1670000
2245,1727600
2246,1671300
2247,1695300
2248,1812700
2249,2147900
2250,1942400
2251,2720000
2252,2279000
2253,2066200
2254,1679900
2255,1713200
2256,1662600
2257,1744300
2258,2074600
2259,2554400
2260,2145200
2261,1741300
2262,1589000
2263,1606000
2264,1735700
2265,1510600
2266,2313500
2267,2854600
2268,2393900
2269,1957700
2270,1677700
2271,1604700
2272,1582400
2273,1640900
2274,2077400
2275,1777700
2276,1611900
2277,1653400
2278,1634900
2279,1705400
2280,1638900
2281,1642900
2282,1605300
2283,1969300
2284,2630000
2285,2525100
2286,2124700
2287,1558500
2288,1730600
2289,1661900
2290,1579500
2291,1630400
2292,1936600
2293,1697400
2294,1570400
2295,1586600
2296,1581100
2297,1535800
2298,1650500
2299,1516700
2300,1626500
2301,1831600
2302,2016500
2303,1918600
2304,1653100
2305,1656900
2306,1653500
2307,1674900
2308,1711900
2309,1603500
2310,1948700
2311,2749700
2312,2820500
2313,2070000
2314,1675300
2315,1696000
2316,1693100
2317,1618700
2318,1682900
2319,1630000
2320,1799400
2321,1777900
2322,1714800
2323,1681300
2324,1630300
2325,1603200
2326,1589800
2327,1738500
2328,2320000
2329,2365000
2330,2574100
2331,1746200
2332,1682800
2333,1628400
2334,1636800
2335,1629000
2336,2353500
2337,2381500
2338,2600600
2339,2046300
2340,1706500
2341,1563200
2342,1610600
2343,1558600
2344,1904600
2345,1776900
2346,1674300
2347,1793400
2348,1667000
2349,1707300
2350,1650300
2351,1660000
2352,1576800
2353,1761600
2354,1752300
2355,1541200
2356,1602600
2357,1657600
2358,1720700
2359,1769100
2360,1593200
2361,1651100
2362,1834400
2363,3076800
2364,3388800
2365,3718700
2366,2120000
2367,1871600
2368,1979000
2369,2862300
2370,2557800
2371,2540200
2372,2225700
2373,1978500
2374,1815000
2375,2028800
2376,2986800
2377,2641800
2378,2566800
2379,2199800
2380,2031800
2381,1911100
2382,1915600
2383,1748600
2384,1872200
2385,1841500
2386,1756200
2387,1847600
2388,1876200
2389,1782100
2390,1798000
2391,1787200
2392,1710700
2393,1655900
2394,1745800
2395,1769600
2396,1712900
2397,2049400
2398,1772600
2399,1818800
2400,2434900
2401,2333900
2402,1888300
2403,1640400
2404,1619300
2405,1648700
2406,1764400
2407,1881900
2408,1671200
2409,1603700
2410,1615800
2411,1620800
2412,1659200
2413,1572400
2414,1985500
2415,1812600
2416,1883000
2417,2006300
2418,2535700
2419,2153800
2420,1805900
2421,1596600
2422,1612900
2423,1691600
2424,1744200
2425,1930100
2426,1653100
2427,1646300
2428,1557900
2429,1587100
2430,1551200
2431,1638100
2432,1665300
2433,1709400
2434,1778500
2435,3030600
2436,3243200
2437,2882500
2438,1799300
2439,1735000
2440,1817500
2441,2051300
2442,2130400
2443,1862600
2444,1939800
2445,1821000
2446,1789600
2447,1740500
2448,1843200
2449,1738900
2450,3253400
2451,3194500
2452,2698300
2453,1746600
2454,1793200
2455,1723000
2456,1826100
2457,1788700
2458,1946100
2459,1855100
2460,1726100
2461,1704500
2462,1670700
2463,1741200
2464,1719100
2465,1809200
2466,1803400
2467,2003900
2468,1879500
2469,1674600
2470,1646100
2471,1646400
2472,1812400
2473,1704500
2474,1924000
2475,2820900
2476,3061100
2477,2322800
2478,1781100
2479,1742800
2480,1752100
2481,2030100
2482,2607900
2483,3142100
2484,2706900
2485,1712500
2486,1736800
2487,1677300
2488,1729500
2489,1898600
2490,1791500
2491,1708900
2492,1816100
2493,1773100
2494,1731200
2495,1707800
2496,1753100
2497,1764700
2498,1804100
2499,1787000
2500,1674800
2501,1927900
2502,1966300
2503,1794400
2504,1733300
2505,1623500
2506,1763100
2507,2554500
2508,2719400
2509,2694400
2510,2302600
2511,1818000
2512,1676600
2513,1628600
2514,1937400
2515,2670800
2516,2296000
2517,2103300
2518,1816000
2519,1828700
2520,1681000
2521,1757300
2522,1836000
2523,1708900
2524,1806500
2525,1765900
2526,1909500
2527,1980400
2528,1899600
2529,1737900
2530,2120300
2531,2959900
2532,2563000
2533,2170700
2534,1980100
2535,1864900
2536,1703900
2537,1913700
2538,1765000
2539,1741000
2540,1716000
2541,1698400
2542,1644900
2543,1799100
2544,2052100
2545,1711900
2546,2056900
2547,2756300
2548,2703900
2549,2170700
2550,1762800
2551,2207000
2552,1872900
2553,1954400
2554,1687700
2555,1725700
2556,1587900
2557,1589000
2558,1571000
2559,1609800
2560,1648800
2561,1730200
2562,1673200
2563,1836900
2564,1703000
2565,1658600
2566,1649400
2567,1714200
2568,1693200
2569,1757200
2570,1574600
2571,1883000
2572,1917000
2573,2686900
2574,2136900
2575,1806200
2576,1554800
2577,1596100
2578,1583500
2579,1654900
2580,2174300
2581,2698100
2582,2323300
2583,1952900
2584,1607200
2585,1692800
2586,1577100
2587,1586900
2588,1698000
2589,2226500
2590,2427500
2591,2081400
2592,1662900
2593,1683400
2594,1605300
2595,1550900
2596,1580100
2597,2168100
2598,2050900
2599,1721800
2600,1673900
2601,1673500
2602,1717600
2603,1564500
2604,1593700
2605,1632100
2606,1904300
2607,2675000
2608,2483900
2609,1895100
2610,1663300
2611,1644800
2612,1687900
2613,1568300
2614,1724500
2615,1796800
2616,1977000
2617,1700300
2618,1638800
2619,1702600
2620,1635100
2621,1529800
2622,1653100
2623,1953800
2624,2475000
2625,3072600
2626,2041300
2627,1617600
2628,1741000
2629,1633500
2630,1655000
2631,1698000
2632,2488000
2633,3027300
2634,2408200
2635,1653700
2636,1661800
2637,1612700
2638,1654900
2639,2021200
2640,2430400
2641,2743100
2642,1912900
2643,1603400
2644,1594900
2645,1537500
2646,1565000
2647,1938600
2648,1947500
2649,2254100
2650,2216500
2651,2086700
2652,1740100
2653,1814800
2654,1632300
2655,2018400
2656,2404500
2657,2256100
2658,2246200
2659,1788100
2660,1663300
2661,1569800
2662,1572600
2663,1715200
2664,1761100
2665,1694300
2666,1674700
2667,1656400
2668,1784200
2669,1651900
2670,1740500
2671,1669500
2672,2225900
2673,3206200
2674,2796800
2675,2638200
2676,2227200
2677,1822900
2678,1650100
2679,1823800
2680,2582300
2681,2264600
2682,1891100
2683,1600200
2684,2025900
2685,1661000
2686,1586600
2687,1615700
2688,1574100
2689,1676500
2690,1655700
2691,1559500
2692,1552700
2693,1633100
2694,1756300
2695,1606800
2696,1637900
2697,2223400
2698,2469700
2699,2230700
2700,1681100
2701,1610200
2702,1583000
2703,1952200
2704,1692000
2705,1755000
2706,1815100
2707,1660600
2708,1664300
2709,1610600
2710,1553900
2711,1641200
2712,1730300
2713,1707100
2714,1573300
2715,2553700
2716,2615300
2717,2161000
2718,1725100
2719,1596500
2720,1630400
2721,1886500
2722,1670500
2723,1799100
2724,1615600
2725,1635300
2726,1610100
2727,1539100
2728,1591700
2729,1571800
2730,1572700
2731,1732500
2732,1836000
2733,2523200
2734,2409500
2735,1948000
2736,1646800
2737,1603200
2738,1618900
2739,1630300
2740,2135200
2741,1791500
2742,1715000
2743,1634800
2744,1586700
2745,1546200
2746,1508400
2747,1557400
2748,1715500
2749,1568300
2750,2222900
2751,1749200
2752,1816300
2753,1603500
2754,1559900
2755,1598300
2756,1640100
2757,1594400
2758,1544500
2759,1683500
2760,1864900
2761,1811600
2762,1648800
2763,1520100
2764,1601500
2765,1613700
2766,1618700
2767,1611700
2768,1586300
2769,1806100
2770,3292100
2771,2507500
2772,1848500
2773,1616900
2774,1746000
2775,1575800
2776,1594300
2777,2875700
2778,3501200
2779,2575500
2780,1623600
2781,1640500
2782,1629400
2783,1719600
2784,1857300
2785,1758300
2786,2057300
2787,1712100
2788,1651000
2789,1629100
2790,1685200
2791,1648400
2792,1684600
2793,1700100
2794,1596600
2795,1710700
2796,1883300
2797,1660200
2798,1581500
2799,1606100
2800,1622400
2801,1738400
2802,2118000
2803,2696600
2804,2544800
2805,2035400
2806,1665600
2807,1602200
2808,1594900
2809,1512300
2810,1771400
2811,1726000
2812,1652200
2813,1682300
2814,2010900
2815,1802800
2816,1657900
2817,1654700
2818,1655600
2819,1878900
2820,2524300
2821,2250900
2822,2081500
2823,1822400
2824,1623600
2825,1576700
2826,1556300
2827,1788700
2828,1730200
2829,1630700
2830,1677700
2831,1537400
2832,1735500
2833,1751400
2834,1627400
2835,1625800
2836,1563600
2837,1686800
2838,1642300
2839,1721800
2840,1627400
2841,1622800
2842,1848800
2843,1851000
2844,1691300
2845,1661400
2846,1782400
2847,2522500
2848,2140700
2849,1891300
2850,1560800
2851,1659100
2852,1819000
2853,1654700
2854,2005700
2855,2393600
2856,2368600
2857,2000000
2858,1576500
2859,1577600
2860,1874600
2861,1636000
2862,1666000
2863,2243500
2864,2357800
2865,2637900
2866,1641600
2867,1595800
2868,1602000
2869,2095900
2870,1693600
2871,1750100
2872,1622600
2873,1634500
2874,1635500
2875,1536700
2876,1618900
2877,1571600
2878,1640600
2879,1738500
2880,1717700
2881,1677300
2882,1764700
2883,1663500
2884,1747800
2885,1696800
2886,1662600
2887,1611400
2888,1733900
2889,1904400
2890,2430900
2891,2364200
2892,2103600
2893,1697500
2894,1695900
2895,1666200
2896,1587100
2897,2069700
2898,2793900
2899,3449000
2900,3043900
2901,2150200
2902,1829800
2903,1800600
2904,2703400
2905,3208000
2906,2778100
2907,2151600
2908,1932200
2909,1714300
2910,1696900
2911,2187500
2912,1948800
2913,1849900
2914,1862800
2915,2015800
2916,1934200
2917,1805500
2918,1762100
2919,2355700
2920,3429300
2921,2952100
2922,1993800
2923,1821500
2924,1772700
2925,1620000
2926,1726700
2927,1930600
2928,1754200
2929,1661500
2930,1655000
2931,1597400
2932,1526500
2933,1698600
2934,1639000
2935,1823300
2936,2362000
2937,2766300
2938,2303500
2939,1649700
2940,1565800
2941,1739800
2942,1576600
2943,1632500
2944,2832300
2945,2644600
2946,2177400
2947,1595400
2948,1605200
2949,1588600
2950,1634800
2951,1754800
2952,1721700
2953,1567500
2954,1735400
2955,1796000
2956,1769500
2957,1681100
2958,1591800
2959,1620300
2960,1614300
2961,2234300
2962,2307800
2963,2207800
2964,1877700
2965,1624800
2966,1665400
2967,1615000
2968,1624300
2969,1718500
2970,2071900
2971,1868200
2972,1724800
2973,1935900
2974,1722200
2975,1701600
2976,1605700
2977,1895800
2978,2649600
2979,2431500
2980,2017100
2981,1739400
2982,1673500
2983,1633200
2984,1618900
2985,1567100
2986,2037200
2987,1764000
2988,1632000
2989,1534200
2990,1603000
2991,1915800
2992,1741800
2993,1682100
2994,1580300
2995,1885500
2996,2898900
2997,2214900
2998,1929500
2999,1807300
3000,1772600
3001,1700000
3002,1594600
3003,1726700
3004,2435100
3005,2249500
3006,1924000
3007,1685100
3008,1768200
3009,1796300
3010,1705600
3011,1666600
3012,1584500
3013,1599100
3014,1631100
3015,1666400
3016,1499900
3017,1609900
3018,1918400
3019,1824500
3020,1679100
3021,2260300
3022,2364000
3023,2254100
3024,1661900
3025,1575000
3026,1559600
3027,1828800
3028,1775400
3029,1753300
3030,1733900
3031,1640100
3032,1721700
3033,1653500
3034,1644100
3035,1620200
3036,1522600
3037,1850100
3038,1928400
3039,2351600
3040,2297700
3041,2140100
3042,1641100
3043,1692900
3044,1567900
3045,1564900
3046,1768800
3047,2129300
3048,1861400
3049,1689400
3050,1620400
3051,1701700
3052,1637500
3053,1524000
3054,1679800
3055,1667400
3056,2158700
3057,2620000
3058,2169400
3059,1852600
3060,1704500
3061,1570900
3062,1728100
3063,1667500
3064,2177000
3065,1902200
3066,1643200
3067,1677400
3068,1696500
3069,1663700
3070,1553500
3071,1584700
3072,1654500
3073,1643600
3074,1849300
3075,1617100
3076,1638800
3077,1687200
3078,1568700
3079,1656900
3080,1633100
3081,1651700
3082,1648200
3083,2033600
3084,2851200
3085,2361700
3086,2058000
3087,1727700
3088,1617500
3089,1654600
3090,1561600
3091,1929300
3092,1890000
3093,1732800
3094,1664000
3095,1605900
3096,1520000
3097,1640800
3098,1587400
3099,1512600
3100,1621600
3101,2145800
3102,2739500
3103,2431200
3104,1772100
3105,1571000
3106,1664900
3107,1545800
3108,1918500
3109,2077200
3110,1795900
3111,1770200
3112,1650600
3113,1670800
3114,1633800
3115,1567400
3116,1568400
3117,1535100
3118,2353700
3119,2599500
3120,2769100
3121,1823800
3122,1789400
3123,1658700
3124,1589500
3125,1843400
3126,1836400
3127,1621200
3128,1506000
3129,1939600
3130,1579700
3131,1572500
3132,1593400
3133,1503400
3134,1940900
3135,2431300
3136,2383000
3137,1970400
3138,1722100
3139,1684400
3140,1577300
3141,1630700
3142,1700700
3143,2083300
3144,1654600
3145,1566000
3146,1692500
3147,1749400
3148,1794600
3149,1679400
3150,1657700
3151,1551200
3152,1877000
3153,1585500
3154,1659500
3155,1573600
3156,1574200
3157,1758700
3158,1804500
3159,1638900
3160,1587500
3161,1626100
3162,1720500
3163,1751100
3164,1550100
3165,1620900
3166,1542900
3167,1756800
3168,1701500
3169,1646900
3170,1640200
3171,1943400
3172,2472800
3173,2141400
3174,1860100
3175,1533300
3176,1816500
3177,1951600
3178,1635900
3179,1870500
3180,2705300
3181,2371000
3182,1961200
3183,1520000
3184,1533800
3185,1855400
3186,1801700
3187,1869100
3188,1749900
3189,1677400
3190,1754600
3191,1568300
3192,1531500
3193,1564100
3194,1507900
3195,1906100
3196,1758800
3197,1712300
3198,1641700
3199,1530000
3200,1645200
3201,1638300
3202,1743300
3203,1667600
3204,1630600
3205,2074000
3206,2055100
3207,2805400
3208,2984800
3209,2564200
3210,1932100
3211,1840500
3212,2004400
3213,1844800
3214,1704300
3215,1593200
3216,1534600
3217,1650000
3218,1692500
3219,1497100
3220,1652000
3221,1628400
3222,2272900
3223,3302500
3224,2674700
3225,2332500
3226,1879200
3227,1839300
3228,1582800
3229,2104100
3230,2244300
3231,1713200
3232,1642700
3233,1627600
3234,1626900
3235,1612400
3236,1649000
3237,1708400
3238,1557200
3239,2149600
3240,1795100
3241,1679400
3242,1648200
3243,1576000
3244,1629600
3245,1533600
3246,1541700
3247,1545800
3248,1845200
3249,3127500
3250,2488100
3251,1862100
3252,1647200
3253,1607600
3254,1588600
3255,1577800
3256,1989900
3257,1946300
3258,1697500
3259,1652400
3260,1654100
3261,1562700
3262,1635400
3263,1618900
3264,1585200
3265,1849300
3266,2755500
3267,2898600
3268,2242400
3269,1648200
3270,1644600
3271,1596200
3272,1781900
3273,2026200
3274,1787800
3275,1831100
3276,1709800
3277,1644900
3278,1616800
3279,1563100
3280,1670200
3281,1622000
3282,1739300
3283,1813800
3284,1626600
3285,1716600
3286,1675700
3287,1530200
3288,1671300
3289,1604100
3290,1604800
3291,1590300
3292,2069300
3293,2553100
3294,2719200
3295,2102400
3296,1655400
3297,1632200
3298,1687800
3299,1716900
3300,1864200
3301,1710500
3302,1687300
3303,1762700
3304,1826100
3305,1731300
3306,1626400
3307,1675900
3308,1581200
3309,2110900
3310,2384200
3311,2131800
3312,1784900
3313,1723500
3314,1758900
3315,1648100
3316,1563100
3317,1727200
3318,1684300
3319,1691900
3320,1593400
3321,1618500
3322,1769700
3323,1842400
3324,1664000
3325,1570800
3326,2410800
3327,3369400
3328,2605000
3329,2143400
3330,1935400
3331,1818100
3332,1748200
3333,1822800
3334,1647900
3335,1598600
3336,1777900
3337,1630300
3338,1654600
3339,1817600
3340,1950400
3341,1789800
3342,1643100
3343,1658900
3344,1660800
3345,1670100
3346,1588100
3347,1514900
3348,1578600
3349,1825600
3350,1615500
3351,1613800
3352,2176200
3353,2647000
3354,2311100
3355,1742300
3356,1557800
3357,1664900
3358,1958000
3359,1769000
3360,1763800
3361,1795700
3362,1735100
3363,1750900
3364,1577700
3365,1644400
3366,1677800
3367,1668400
3368,1699100
3369,1858200
3370,2514500
3371,2124300
3372,2022100
3373,1581500
3374,1668500
3375,1682300
3376,2025400
3377,2171800
3378,2658300
3379,2142400
3380,1912700
3381,1653600
3382,1611100
3383,1659900
3384,1510900
3385,2390200
3386,2864100
3387,2480900
3388,2316100
3389,1844900
3390,1770400
3391,1682200
3392,1601200
3393,2079000
3394,2514800
3395,2366000
3396,1884500
3397,1706000
3398,1730800
3399,1571700
3400,1581400
3401,1788900
3402,3028000
3403,2214300
3404,1832400
3405,1584000
3406,1798100
3407,1512100
3408,1601500
3409,1751200
3410,1806300
3411,1813100
3412,1621200
3413,1676200
3414,1715900
3415,1659500
3416,1668700
3417,1606800
3418,1539800
3419,1944900
3420,2975000
3421,2477700
3422,1864200
3423,1818700
3424,1684100
3425,1690900
3426,1868100
3427,2444400
3428,2822500
3429,2479700
3430,1683600
3431,1755100
3432,1857100
3433,1697800
3434,1627700
3435,1592300
3436,1682700
3437,1679200
3438,1610500
3439,1590600
3440,1691400
3441,1709200
3442,1562900
3443,1657600
3444,2556400
3445,3013400
3446,3039100
3447,2054300
3448,1911800
3449,1908900
3450,2167100
3451,1959600
3452,1816900
3453,1883800
3454,1932200
3455,1864000
3456,1852700
3457,1781700
3458,1861400
3459,1813400
3460,1702000
3461,1740200
3462,1733700
3463,2204000
3464,2006500
3465,1862200
3466,1812800
3467,2206500
3468,3004400
3469,2591100
3470,2482900
3471,1869000
3472,1780000
3473,1641700
3474,1731600
3475,1666500
3476,1580200
3477,1639300
3478,1598800
3479,1732500
3480,2229500
3481,1726700
3482,1647200
3483,1744400
3484,2325400
3485,2299400
3486,2014200
3487,2046800
3488,1865700
3489,1701300
3490,1642400
3491,1581700
3492,2100500
3493,2576400
3494,2082900
3495,1691200
3496,1706100
3497,1785900
3498,1788900
3499,1603600
3500,1801400
3501,2508700
3502,2245700
3503,1918800
3504,1625400
3505,1580800
3506,1958200
3507,1703100
3508,1600300
3509,1639200
3510,1631600
3511,1560600
3512,1606800
3513,1629200
3514,1507300
3515,1648500
3516,1819800
3517,1670200
3518,1807700
3519,2131500
3520,1973100
3521,1714600
3522,1633100
3523,1667400
3524,1603100
3525,1735500
3526,1736100
3527,1953300
3528,1797000
3529,1609300
3530,1610500
3531,1752100
3532,1620200
3533,1594300
3534,1547000
3535,2192100
3536,1934100
3537,1743000
3538,1622100
3539,1629600
3540,1753700
3541,1684300
3542,1585600
3543,1653700
3544,1629800
3545,1662200
3546,1796300
3547,1723500
3548,1544900
3549,1569500
3550,1631900
3551,1562200
3552,1644800
3553,1542100
3554,1610700
3555,1997900
3556,2004200
3557,1671500
3558,1555100
3559,1613500
3560,1715800
3561,1605100
3562,1588300
3563,1641900
3564,1669000
3565,2028200
3566,1679300
3567,1586200
3568,1653100
3569,1691000
3570,1604000
3571,1612400
3572,1600600
3573,1607700
3574,1770500
3575,1907400
3576,1628300
3577,1628400
3578,1706000
3579,1625700
3580,1631900
3581,1593200
3582,1619500
3583,1660400
3584,2119400
3585,1826500
3586,1592700
3587,1668200
3588,1619800
3589,1494700
3590,1553000
3591,1561800
3592,1624300
3593,1749800
3594,1710500
3595,1898400
3596,1785800
3597,1570700
3598,1638900
3599,1664100
3600,1611600
3601,1504400
3602,1667600
3603,2092800
3604,1923400
3605,1760000
3606,1629800
3607,1621100
3608,1653400
3609,1556000
3610,1604700
3611,1631800
3612,1870500
3613,1766100
3614,1871600
3615,1769000
3616,1612200
3617,1637700
3618,1603300
3619,1690100
3620,1688900
3621,1711600
3622,1570200
3623,1653700
3624,1849600
3625,1610800
3626,1580300
3627,1605900
3628,1590700
3629,1618700
3630,1702800
3631,2006500
3632,1662700
3633,1624300
3634,1787500
3635,1638400
3636,1710500
3637,1649800
3638,1705300
3639,1531200
3640,1757600
3641,1951800
3642,1786000
3643,1971100
3644,1799600
3645,1646600
3646,1612100
3647,1633500
3648,1649900
3649,1857000
3650,1759800
3651,1735500
3652,1826300
3653,1846100
3654,1778600
3655,1665800
3656,1641700
3657,1659300
3658,1841100
3659,1959500
3660,2064300
3661,1788300
3662,1949000
3663,1637000
3664,1618400
3665,1535600
3666,1555600
3667,2022500
3668,1668800
3669,1728000
3670,1529300
3671,1655400
3672,1833900
3673,1814400
3674,1678900
3675,1699400
3676,1737600
3677,1823400
3678,1618600
3679,1551500
3680,1571100
3681,1661000
3682,2001200
3683,2033000
3684,2061400
3685,2216100
3686,1979200
3687,1661600
3688,1657700
3689,1576700
3690,1634900
3691,1781400
3692,1679600
3693,1547400
3694,1675100
3695,1694200
3696,1700600
3697,1628300
3698,1773200
3699,1652400
3700,1773600
3701,2021100
3702,1714800
3703,1772500
3704,1589800
3705,1679400
3706,1701900
3707,1721900
3708,1729300
3709,1695500
3710,1667000
3711,1668700
3712,1790700
3713,1691600
3714,1611500
3715,1630000
3716,1600300
3717,1646400
3718,1649700
3719,1627800
3720,1793100
3721,1708700
3722,1780700
3723,1742500
3724,1640300
3725,1620000
3726,1621900
3727,1528600
3728,1623700
3729,1632400
3730,2208400
3731,2420600
3732,2216500
3733,1822300
3734,1763400
3735,1658800
3736,1654900
3737,1537500
3738,1574700
3739,1711100
3740,1881800
3741,1728600
3742,1702200
3743,1598500
3744,1709000
3745,1562600
3746,1522500
3747,1637800
3748,1595900
3749,2042700
3750,1780400
3751,1571400
3752,1700700
3753,1719400
3754,1754300
3755,1593500
3756,1577900
3757,1681200
3758,1752800
3759,1791500
3760,1719100
3761,1712300
3762,1547300
3763,1611500
3764,1709500
3765,1571900
3766,1626000
3767,1589100
3768,1666000
3769,2115400
3770,1827000
3771,1711900
3772,1618200
3773,1598200
3774,1597500
3775,1664200
3776,1655400
3777,2111300
3778,2604300
3779,2603800
3780,2255400
3781,2333300
3782,1922500
3783,1713500
3784,1884900
3785,1749300
3786,2001700
3787,1793200
3788,1672400
3789,1684600
3790,1585200
3791,1679700
3792,1642700
3793,1874100
3794,1715500
3795,1610400
3796,1983900
3797,1707800
3798,1709100
3799,1583200
3800,1586000
3801,1563100
3802,1575600
3803,1780600
3804,1736100
3805,1654800
3806,1784600
3807,1627700
3808,1891100
3809,2039400
3810,1738900
3811,1922800
3812,1587600
3813,1747200
3814,1539100
3815,1844600
3816,1695500
3817,1747100
3818,1700800
3819,1536700
3820,1697500
3821,1931500
3822,1653400
3823,1720900
3824,1637900
3825,2247600
3826,1757200
3827,1587800
3828,1676900
3829,1645800
3830,1801700
3831,1633600
3832,1722500
3833,1633300
3834,1853200
3835,1725700
3836,1625900
3837,1666700
3838,1556900
3839,1777800
3840,1697200
3841,1611500
3842,1676100
3843,1494700
3844,1607700
3845,1999600
3846,1863500
3847,1702700
3848,1633100
3849,1793600
3850,1646500
3851,1603600
3852,1670000
3853,1601600
3854,1936600
3855,1665300
3856,1642000
3857,1591800
3858,1852800
3859,1734600
3860,1869800
3861,1845300
3862,1697500
3863,1790000
3864,1985300
3865,1793200
3866,1649200
3867,1707900
3868,1570900
3869,1673900
3870,1595700
3871,1721100
3872,1676200
3873,1824400
3874,1731600
3875,1599600
3876,1878100
3877,1783200
3878,1624000
3879,1668000
3880,1584100
3881,1581800
3882,1566000
3883,1662500
3884,1747000
3885,1609400
3886,1850900
3887,1829400
3888,1710800
3889,1705000
3890,1714100
3891,1574100
3892,1641400
3893,1723000
3894,1589500
3895,2004400
3896,1891600
3897,1784500
3898,1850300
3899,1767300
3900,1683800
3901,1746300
3902,1732600
3903,1962400
3904,1823700
3905,1679300
3906,1746200
3907,1685700
3908,1712500
3909,1745500
3910,1744300
3911,1760600
3912,1895400
3913,1922700
3914,1715000
3915,1647800
3916,1548000
3917,1636600
3918,1581300
3919,1615700
3920,1674900
3921,1584100
3922,2037200
3923,1711700
3924,1761000
3925,1602900
3926,1639800
3927,1661200
3928,1557400
3929,1499100
3930,1633500
3931,2027400
3932,1785600
3933,1666100
3934,1647600
3935,1601100
3936,1647900
3937,1660400
3938,1594000
3939,1604900
3940,1660400
3941,1823700
3942,1810100
3943,1763900
3944,1605300
3945,1665100
3946,1664800
3947,1576300
3948,1604600
3949,1669200
3950,1731900
3951,1742700
3952,1657500
3953,1603800
3954,1612100
3955,1584400
3956,1535100
3957,1688000
3958,1658200
3959,1535000
3960,1708100
3961,1701900
3962,1915800
3963,1759400
3964,1638400
3965,1677100
3966,1604400
3967,1683000
3968,1572200
3969,1786500
3970,1693900
3971,1754800
3972,1613100
3973,1690800
3974,1651000
3975,1572100
3976,1683000
3977,1697600
3978,1749700
3979,1614600
3980,1688000
3981,1822800
3982,1835100
3983,1700400
3984,1665300
3985,1677400
3986,1631500
3987,1935700
3988,1752500
3989,1739900
3990,1539700
3991,2089700
3992,1685000
3993,1671900
3994,1604400
3995,1673000
3996,1699400
3997,1785600
3998,1651100
3999,1571200
4000,1676600
4001,1795100
4002,1631800
4003,1611600
4004,1631000
4005,1639500
4006,1853200
4007,1732200
4008,1627100
4009,1670500
4010,1740900
4011,1686000
4012,1601400
4013,1591200
4014,1698300
4015,1778500
4016,1714700
4017,1564200
4018,1561600
4019,1649800
4020,1646700
4021,1796100
4022,1694600
4023,1669400
4024,1798600
4025,2015900
4026,2174800
4027,2143700
4028,2143400
4029,2026700
4030,1808400
4031,1732900
4032,1857300
4033,1762000
4034,1677900
4035,1809500
4036,1809400
4037,1835500
4038,1919500
4039,2211100
4040,1850100
4041,2185200
4042,1880000
4043,2087100
4044,1923300
4045,1870000
4046,1737100
4047,1917300
4048,1764500
4049,2270100
4050,1911200
4051,1740500
4052,1584600
4053,1661200
4054,1664800
4055,1568900
4056,1626700
4057,1913500
4058,1740600
4059,1661400
4060,1572200
4061,1603800
4062,1619300
4063,1584000
4064,1561200
4065,1611600
4066,2147500
4067,1775900
4068,1606100
4069,1667300
4070,1717500
4071,1553100
4072,1656900
4073,1643600
4074,1638900
4075,1659400
4076,1717300
4077,1853100
4078,1631600
4079,1721400
4080,1664900
4081,1680500
4082,1680800
4083,1533300
4084,1643800
4085,1566300
4086,1787900
4087,1668400
4088,1654400
4089,1645700
4090,1555400
4091,1547300
4092,1778600
4093,1538600
4094,1582800
4095,1521300
4096,1807400
4097,1751300
4098,1626200
4099,1635700
4100,1651400
4101,1552100
4102,1717800
4103,1601200
4104,1606100
4105,1607200
4106,2320000
4107,2158100
4108,1702000
4109,1646400
4110,1531000
4111,1883400
4112,1996000
4113,1969600
4114,2155400
4115,2454000
4116,1957100
4117,1700400
4118,1661100
4119,1639300
4120,1613300
4121,1649300
4122,1757800
4123,1682100
4124,1840900
4125,1843100
4126,1684800
4127,1641800
4128,1648600
4129,1720400
4130,1527200
4131,1662200
4132,1625600
4133,1676800
4134,1815600
4135,1736600
4136,1618800
4137,1630000
4138,1551100
4139,1600400
4140,1592600
4141,1651000
4142,1708100
4143,1587700
4144,1764300
4145,1678700
4146,1580300
4147,1549500
4148,1647800
4149,1669600
4150,1781100
4151,1804000
4152,1657000
4153,1603400
4154,2074800
4155,1768300
4156,1600700
4157,1534900
4158,1709200
4159,1582800
4160,1868200
4161,1613600
4162,1571500
4163,1585900
4164,1692000
4165,1721400
4166,1637700
4167,1623800
4168,1528900
4169,1617900
4170,1827800
4171,1676900
4172,1617000
4173,1558900
4174,1742600
4175,1795300
4176,1767600
4177,1701100
4178,1606500
4179,1613900
4180,1564600
4181,1527500
4182,1654500
4183,1565200
4184,1868500
4185,1935000
4186,1771100
4187,1703300
4188,1698000
4189,1809100
4190,1791900
4191,1626300
4192,1620500
4193,1634100
4194,2054500
4195,1836100
4196,2071200
4197,2272800
4198,2231900
4199,2159300
4200,1910500
4201,1755400
4202,1966400
4203,1674600
4204,1566900
4205,1686000
4206,1747100
4207,1728700
4208,1569500
4209,1611800
4210,1622200
4211,1661600
4212,1707900
4213,1657200
4214,1640400
4215,1876900
4216,1730500
4217,1534600
4218,1635600
4219,1553000
4220,1644400
4221,1592000
4222,2032200
4223,1794200
4224,1750400
4225,1747400
4226,1630100
4227,1703100
4228,1689600
4229,1674700
4230,1537000
4231,1678200
4232,1897500
4233,1705100
4234,1642800
4235,1760600
4236,1625900
4237,1767700
4238,1656300
4239,1564000
4240,1631100
4241,1686400
4242,1702200
4243,2110200
4244,1978800
4245,1770600
4246,1680900
4247,1642500
4248,1664400
4249,1554100
4250,1545700
4251,2139700
4252,1841900
4253,1778700
4254,1726400
4255,1997700
4256,1764000
4257,1702200
4258,1644100
4259,1646500
4260,1914600
4261,1864200
4262,1662900
4263,1668800
4264,1609800
4265,1601300
4266,1653100
4267,1665400
4268,1577400
4269,1665300
4270,2120600
4271,1899300
4272,1669400
4273,1643900
4274,1630700
4275,1637800
4276,1601900
4277,1708300
4278,1596000
4279,1555500
4280,2107100
4281,1676100
4282,1989700
4283,2072200
4284,2076500
4285,2025600
4286,1723300
4287,1815500
4288,1876000
4289,1802700
4290,1665700
4291,1585300
4292,1615300
4293,1643800
4294,1613600
4295,1583000
4296,1554300
4297,1653700
4298,1657700
4299,1735900
4300,1659700
4301,1707900
4302,1594000
4303,1579500
4304,1658500
4305,1578300
4306,1623900
4307,1763100
4308,1661200
4309,1853900
4310,1759800
4311,1651000
4312,1554600
4313,1603100
4314,1639300
4315,1649600
4316,2242400
4317,1774200
4318,1718600
4319,1665700
4320,1672200
4321,1579400
4322,1572200
4323,1633600
4324,1708300
4325,1813900
4326,1613800
4327,1622300
4328,1791700
4329,1814500
4330,1667600
4331,1603600
4332,1555000
4333,1651600
4334,1958900
4335,1687100
4336,1684400
4337,1528700
4338,1701600
4339,1652400
4340,1703500
4341,1577300
4342,1542900
4343,1636000
4344,1655000
4345,1687200
4346,1674300
4347,1563400
4348,1702200
4349,1978000
4350,1618000
4351,1621700
4352,1654400
4353,1643000
4354,2102500
4355,1956600
4356,1754800
4357,1974200
4358,2182500
4359,1688300
4360,1669400
4361,1605000
4362,1684400
4363,1806600
4364,1665700
4365,1628300
4366,1714700
4367,1738100
4368,1809500
4369,1772400
4370,1698100
4371,1921800
4372,2043500
4373,2244500
4374,1803200
4375,1915600
4376,1918100
4377,2177100
4378,1902600
4379,1838200
4380,1706200
4381,1777700
4382,1613700
4383,1595100
4384,1590800
4385,1887000
4386,1982300
4387,1715400
4388,1752200
4389,1724300
4390,1647200
4391,1573500
4392,1632600
4393,1709900
4394,1643900
4395,1849200
4396,1733300
4397,1695000
4398,1555300
4399,1599500
4400,1641500
4401,1613300
4402,1694100
4403,1575100
4404,1637200
4405,1827200
4406,1667200
4407,2029900
4408,2258900
4409,2040100
4410,1987700
4411,1738700
4412,1739400
4413,1574400
4414,1981200
4415,1991200
4416,1807300
4417,1748300
4418,1683400
4419,1703900
4420,1645500
4421,1593600
4422,1613000
4423,1725000
4424,2090100
4425,1739800
4426,1718300
4427,1660800
4428,1560500
4429,1667900
4430,1789800
4431,1801000
4432,1608500
4433,2160100
4434,1764100
4435,1621400
4436,1549600
4437,1682400
4438,1580300
4439,1645600
4440,1593000
4441,1644800
4442,1593900
4443,2215500
4444,1793100
4445,1709900
4446,1618500
4447,1628400
4448,1677700
4449,1722100
4450,1628100
4451,1535700
4452,1919900
4453,1928300
4454,1600900
4455,1578500
4456,1648900
4457,1570700
4458,1607300
4459,1676700
4460,1647000
4461,1727100
4462,1787200
4463,1893300
4464,1641600
4465,1639600
4466,1681600
4467,1609600
4468,1673000
4469,1530300
4470,1543600
4471,1624400
4472,1809800
4473,1795400
4474,1617300
4475,1695600
4476,1562400
4477,1584600
4478,1608600
4479,1646400
4480,1690800
4481,2376100
4482,2184200
4483,1718200
4484,1778200
4485,1659500
4486,1674700
4487,1590800
4488,1669400
4489,1773800
4490,1739700
4491,1787100
4492,1933500
4493,1680300
4494,1654500
4495,1648100
4496,1692300
4497,1673500
4498,1653900
4499,1705700
4500,1718700
4501,1775200
4502,1760500
4503,1731300
4504,1670600
4505,1565700
4506,1606000
4507,1972600
4508,1830800
4509,1795600
4510,1559200
4511,2051800
4512,1764900
4513,1684300
4514,1715000
4515,1619200
4516,1754100
4517,1681100
4518,1616400
4519,1596600
4520,1671500
4521,1899000
4522,1753300
4523,1660700
4524,1563100
4525,1585500
4526,1669800
4527,1726400
4528,1641900
4529,1679000
4530,1699500
4531,1708600
4532,1676600
4533,1659100
4534,1555500
4535,1633300
4536,1707000
4537,1590600
4538,1639600
4539,1686300
4540,1710900
4541,2092500
4542,1740400
4543,1676000
4544,1699100
4545,1865200
4546,1562400
4547,1585000
4548,1522600
4549,1595900
4550,1594700
4551,1796700
4552,1566800
4553,1594600
4554,1703900
4555,1659800
4556,1671600
4557,1615000
4558,1696500
4559,1678600
4560,1852600
4561,1757300
4562,1651100
4563,1696000
4564,1820900
4565,1714900
4566,1748700
4567,1599200
4568,1751700
4569,1652400
4570,1921700
4571,1649000
4572,1609400
4573,1693300
4574,1578900
4575,1704500
4576,1661700
4577,1707000
4578,1626600
4579,1540600
4580,1975000
4581,1813700
4582,1778400
4583,1616000
4584,1646400
4585,1584600
4586,1685200
4587,1559600
4588,1596500
4589,1612700
4590,1858300
4591,1708300
4592,1665400
4593,1669700
4594,1567200
4595,1685000
4596,1638400
4597,1571200
4598,1547400
4599,1540000
4600,2046900
4601,1856700
4602,1618800
4603,1613600
4604,1683000
4605,1697400
4606,1593300
4607,1685000
4608,1569800
4609,1713800
4610,2156000
4611,2065200
4612,2047900
4613,2222200
4614,1935500
4615,1720500
4616,1766800
4617,1801100
4618,2332500
4619,1996900
4620,1776400
4621,1720000
4622,1793700
4623,1850500
4624,1948000
4625,1997100
4626,1779000
4627,2358200
4628,1948600
4629,1896200
4630,1854800
4631,1937800
4632,1783100
4633,1605300
4634,1680700
4635,1593600
4636,2182100
4637,1867900
4638,1627000
4639,1647600
4640,1613400
4641,1681500
4642,1666700
4643,1667600
4644,1614600
4645,1710900
4646,2170700
4647,1647100
4648,1657500
4649,1768400
4650,1643200
4651,1695300
4652,1607900
4653,1895100
4654,1716000
4655,1767900
4656,1976400
4657,1679200
4658,1599100
4659,1657300
4660,1649100
4661,1592200
4662,1598400
4663,1628000
4664,1700500
4665,2125700
4666,2052300
4667,2115300
4668,1997200
4669,2187400
4670,2005600
4671,2239200
4672,2204700
4673,1951800
4674,1771700
4675,1738800
4676,1578400
4677,1627100
4678,1660700
4679,1952300
4680,1981800
4681,1848000
4682,1691300
4683,1789900
4684,1623900
4685,1578300
4686,1673500
4687,1703300
4688,1792900
4689,1960900
4690,1798600
4691,1605800
4692,1851800
4693,1841500
4694,1638800
4695,1632000
4696,1546600
4697,1927600
4698,2070100
4699,1661200
4700,1677000
4701,1784700
4702,1847500
4703,1592200
4704,1566100
4705,1574400
4706,1749100
4707,1651900
4708,1576900
4709,1544900
4710,1701900
4711,1657600
4712,1908800
4713,1707800
4714,1576100
4715,1670800
4716,1595100
4717,1647800
4718,1578100
4719,1545200
4720,1726900
4721,1794700
4722,1902300
4723,1653800
4724,1663000
4725,1757800
4726,1705000
4727,1558200
4728,1618600
4729,1554500
4730,1575000
4731,1882900
4732,1927600
4733,1664300
4734,1652400
4735,1742300
4736,1645100
4737,1565200
4738,1522400
4739,1607500
4740,1596500
4741,1670100
4742,1688800
4743,1587500
4744,1859800
4745,1730500
4746,1543100
4747,1687500
4748,1597600
4749,1551800
4750,1661600
4751,1743300
4752,1921000
4753,1614100
4754,1758300
4755,1556400
4756,1546000
4757,1519400
4758,1678300
4759,1719000
4760,1706700
4761,1720200
4762,1741900
4763,1713900
4764,1676700
4765,1620200
4766,1586300
4767,1713800
4768,1604600
4769,1650400
4770,1524200
4771,1798400
4772,2439400
4773,1810300
4774,1686600
4775,1578500
4776,1581200
4777,1619800
4778,1629000
4779,1535900
4780,1641200
4781,1817300
4782,1821500
4783,1711200
4784,1632300
4785,1591800
4786,1654300
4787,1666100
4788,1624100
4789,1601600
4790,1549900
4791,1960400
4792,1796800
4793,1726900
4794,1527800
4795,1616600
4796,1743100
4797,1642100
4798,1647900
4799,1640300
4800,1562600
4801,3016400
4802,2262600
4803,1863800
4804,1844300
4805,1665100
4806,1555400
4807,1582600
4808,1708100
4809,2118800
4810,2306200
4811,1753200
4812,1661300
4813,1628200
4814,1678300
4815,1645800
4816,1637600
4817,1634900
4818,1675400
4819,1879900
4820,1715900
4821,1641600
4822,1966300
4823,1841200
4824,1610900
4825,1588400
4826,1735100
4827,1660800
4828,1934300
4829,2075200
4830,1657000
4831,1681800
4832,1748000
4833,1764600
4834,1568700
4835,1658200
4836,1707800
4837,1666000
4838,1778100
4839,1630000
4840,1588700
4841,1719600
4842,1638300
4843,1707800
4844,1610800
4845,1836000
4846,1699900
4847,1601100
4848,1983500
4849,1728000
4850,1663700
4851,1612000
4852,1663900
4853,1625500
4854,1692100
4855,1638200
4856,1586700
4857,1526400
4858,1859100
4859,1673100
4860,1650500
4861,1671100
4862,1642200
4863,1798300
4864,2130900
4865,1673500
4866,1611700
4867,1799400
4868,1883200
4869,1802300
4870,1587500
4871,1600200
4872,1576500
4873,2086200
4874,1774500
4875,1599000
4876,1679200
4877,1756100
4878,1729800
4879,1670900
4880,1667900
4881,1692500
4882,1616200
4883,1636100
4884,1603700
4885,1712400
4886,1612500
4887,1967100
4888,1864300
4889,1759700
4890,1696700
4891,1722800
4892,1708100
4893,1643700
4894,1539700
4895,1522900
4896,1648000
4897,1768200
4898,1635300
4899,1807600
4900,1692000
4901,1604200
4902,1793200
4903,1807200
4904,1690500
4905,1755500
4906,1586700
4907,1804600
4908,1714700
4909,1752700
4910,1694600
4911,1663000
4912,1760000
4913,1653600
4914,1767700
4915,1545500
4916,1612700
4917,1718800
4918,1871800
4919,1641800
4920,1634200
4921,1569800
4922,1526800
4923,1644600
4924,1555600
4925,1580800
4926,1605800
4927,1804500
4928,1794400
4929,1744000
4930,1656700
4931,1580200
4932,1768300
4933,1744100
4934,1751700
4935,1691300
4936,1857100
4937,2186400
4938,2059500
4939,1812400
4940,2069900
4941,2482600
4942,1912800
4943,1809400
4944,1763800
4945,2235100
4946,2130300
4947,1951000
4948,1785100
4949,1682100
4950,1616700
4951,1649400
4952,1615400
4953,1779300
4954,2089800
4955,1845400
4956,1699200
4957,1594000
4958,1646300
4959,1602600
4960,1668700
4961,1671700
4962,1713400
4963,2391600
4964,2650800
4965,1894000
4966,1999600
4967,1745000
4968,1726400
4969,1674200
4970,1802200
4971,2193200
4972,2040000
4973,1746700
4974,1678000
4975,1706700
4976,1622700
4977,1589400
4978,1570200
4979,1802800
4980,1624400
4981,1906000
4982,1711800
4983,1673700
4984,1614400
4985,1670700
4986,1639300
4987,1598600
4988,1651800
4989,1960600
4990,1651000
4991,2116500
4992,1819000
4993,1663400
4994,1626500
4995,1677000
4996,1640200
4997,1636800
4998,1753200
4999,1738600
5000,1769100
5001,1825600
5002,1716300
5003,1664300
5004,1546500
5005,1606400
5006,1709300
5007,1675000
5008,1703300
5009,1790300
5010,2064500
5011,1742200
5012,1577700
5013,1668500
5014,1558500
5015,1682800
5016,1741900
5017,1687700
5018,1666900
5019,1621400
5020,2037800
5021,1787300
5022,1640800
5023,1663100
5024,1615900
5025,1587900
5026,1726800
5027,1557400
5028,1608900
5029,1940500
5030,2512000
5031,1882400
5032,1650700
5033,1599200
5034,1848100
5035,1729500
5036,1699000
5037,1579400
5038,1746400
5039,1738500
5040,1685300
5041,1731100
5042,1600500
5043,1587200
5044,1681300
5045,1635600
5046,1685400
5047,1688900
5048,1527000
5049,1704100
5050,1710300
5051,1565900
5052,1616500
5053,1605000
5054,1761400
5055,1678000
5056,1603700
5057,1682200
5058,1556500
5059,1864900
5060,1891100
5061,1701800
5062,1866500
5063,1992800
5064,1896800
5065,1962300
5066,1806800
5067,1665100
5068,1859000
5069,1828000
5070,1706200
5071,1892400
5072,1781300
5073,1645900
5074,1722900
5075,1708400
5076,1617400
5077,1735500
5078,1883900
5079,1717600
5080,1800400
5081,1751600
5082,1719600
5083,1634300
5084,1540700
5085,1686800
5086,1579800
5087,1626900
5088,1892100
5089,1856600
5090,1643400
5091,1598600
5092,1535300
5093,1608100
5094,1593800
5095,1596800
5096,1666900
5097,1561400
5098,1818200
5099,1833200
5100,1649700
5101,1611600
5102,1642600
5103,1705000
5104,1610300
5105,1635000
5106,1563500
5107,1634000
5108,2119600
5109,1668000
5110,1599100
5111,1615100
5112,1650500
5113,1606200
5114,1625600
5115,1588000
5116,1882600
5117,1868700
5118,2047000
5119,1664500
5120,1635600
5121,1639300
5122,1624800
5123,1607900
5124,1689100
5125,1656100
5126,1696400
5127,1935000
5128,1902800
5129,1686300
5130,1718400
5131,1586600
5132,1597000
5133,1602200
5134,1633400
5135,1721500
5136,1743100
5137,2018300
5138,1715500
5139,1899900
5140,1683500
5141,1704600
5142,1559900
5143,1660600
5144,1714200
5145,1642300
5146,1905700
5147,1814100
5148,1783900
5149,1627300
5150,1655400
5151,1611300
5152,1566200
5153,1539400
5154,1662500
5155,1735200
5156,1727000
5157,2023800
5158,1716500
5159,1605500
5160,1662300
5161,1687600
5162,1724000
5163,1574300
5164,1584700
5165,1877900
5166,2197300
5167,2173100
5168,2145600
5169,2095400
5170,2073200
5171,2089800
5172,2236200
5173,2325100
5174,2204200
5175,1858800
5176,1669200
5177,1567300
5178,1668800
5179,1706000
5180,1621000
5181,1539600
5182,1619300
5183,1912800
5184,1939900
5185,1680900
5186,1572300
5187,1726500
5188,1567000
5189,1542100
5190,1901300
5191,2230100
5192,2375900
5193,2403500
5194,1891800
5195,1805900
5196,1819300
5197,2052200
5198,1857600
5199,1947400
5200,1836900
5201,2055300
5202,1909800
5203,1734500
5204,1803800
5205,1956000
5206,2047100
5207,1863400
5208,1856300
5209,1931500
5210,2010600
5211,2070900
5212,2053300
5213,1675600
5214,2036400
5215,1916800
5216,1687500
5217,1787700
5218,1887700
5219,2156800
5220,1675200
5221,1614600
5222,1772200
5223,1592400
5224,1656200
5225,1652800
5226,1581000
5227,1652300
5228,1798800
5229,1837600
5230,1685300
5231,1600200
5232,1735200
5233,1650000
5234,1686700
5235,1597100
5236,1583200
5237,1567500
5238,1937200
5239,1691000
5240,1668500
5241,1651100
5242,1587300
5243,1651800
5244,1638100
5245,1615100
5246,1681400
5247,1661700
5248,1869600
5249,1675600
5250,1589400
5251,1809800
5252,1704000
5253,1621700
5254,1610900
5255,1530900
5256,1629900
5257,1692100
5258,1874900
5259,1669700
5260,1623700
5261,1746600
5262,1580100
5263,1520200
5264,1593000
5265,1548800
5266,1628100
5267,1542000
5268,1762500
5269,1838800
5270,2055400
5271,1917300
5272,1748600
5273,1662200
5274,1897700
5275,1974800
5276,1954000
5277,2178300
5278,2007500
5279,1744800
5280,1665500
5281,1640600
5282,1580000
5283,1625700
5284,1641600
5285,1599500
5286,1733600
5287,2071700
5288,1783800
5289,1683100
5290,1557500
5291,1738200
5292,1749000
5293,1674700
5294,1553500
5295,1576000
5296,1961000
5297,1899900
5298,1615500
5299,1561600
5300,1564000
5301,1619700
5302,1728800
5303,1621500
5304,1596800
5305,1715800
5306,1745900
5307,1959500
5308,1616000
5309,1654300
5310,1744500
5311,1660600
5312,1688000
5313,1708600
5314,1622700
5315,1626300
5316,2379500
5317,1848500
5318,1655200
5319,1514700
5320,1732000
5321,1581600
5322,1628500
5323,1601700
5324,1838200
5325,2112200
5326,2383200
5327,1933300
5328,1661700
5329,1608600
5330,1574800
5331,1637500
5332,1995000
5333,2182700
5334,2306300
5335,1790600
5336,1605200
5337,1552000
5338,1573900
5339,1758200
5340,1584600
5341,1592600
5342,1739200
5343,1628500
5344,2337500
5345,1785600
5346,1622600
5347,1607400
5348,1588100
5349,1589200
5350,1592200
5351,1953200
5352,1704300
5353,1700000
5354,1899800
5355,1843100
5356,1653000
5357,1676500
5358,1587100
5359,1630800
5360,1657100
5361,1757800
5362,1686400
5363,1710000
5364,1843800
5365,1717900
5366,1579500
5367,1633000
5368,1618800
5369,1624500
5370,1913100
5371,2124100
5372,2390500
5373,2651500
5374,2639900
5375,3464600
5376,3365400
5377,2768100
5378,2709100
5379,2472900
5380,2447900
5381,2431700
5382,2602200
5383,2365600
5384,2330500
5385,2792200
5386,2326600
5387,2301100
5388,2368800
5389,2186500
5390,2121200
5391,2170000
5392,2511400
5393,2370100
5394,1996700
5395,2156000
5396,2431000
5397,2209200
5398,2309100
5399,2363700
5400,2337600
5401,2082200
5402,2140600
5403,2084000
5404,1934000
5405,1906800
5406,1691400
5407,1683200
5408,1777300
5409,1806800
5410,1675000
5411,1727700
5412,1662200
5413,1738100
5414,1700300
5415,1644600
5416,1575500
5417,1619300
5418,1846100
5419,1736300
5420,1851800
5421,1711400
5422,1617400
5423,1570900
5424,1603000
5425,1615200
5426,1640200
5427,1782400
5428,2026400
5429,1831500
5430,1677800
5431,1582300
5432,1854600
5433,1714300
5434,1697600
5435,1705100
5436,1584400
5437,1733400
5438,1833800
5439,1723000
5440,1655700
5441,1647800
5442,1568400
5443,1551700
5444,1650800
5445,1539600
5446,1626300
5447,1950500
5448,1868300
5449,1627700
5450,1642500
5451,1568500
5452,1595100
5453,1730500
5454,1673900
5455,1621800
5456,1564700
5457,2097400
5458,1836400
5459,1669000
5460,1580300
5461,1555100
5462,1551500
5463,1590200
5464,1627000
5465,1609600
5466,1780300
5467,2111100
5468,1720000
5469,1606700
5470,1719800
5471,1581700
5472,1632200
5473,1511400
5474,1663600
5475,1765600
5476,1945400
5477,1794400
5478,1622400
5479,1673700
5480,1612000
5481,1607400
5482,1569200
5483,1630100
5484,1835500
5485,1726400
5486,1735100
5487,1753200
5488,1574500
5489,1605000
5490,1668100
5491,1642600
5492,1654700
5493,1572800
5494,2238100
5495,2129000
5496,2045000
5497,1991600
5498,1734700
5499,1611800
5500,1723500
5501,1703600
5502,1773000
5503,1659100
5504,1727800
5505,1663300
5506,1848500
5507,1758100
5508,1558900
5509,1629000
5510,1619000
5511,1612700
5512,1735700
5513,1652400
5514,1678100
5515,2122900
5516,2024000
5517,1772900
5518,1662500
5519,1616700
5520,1589600
5521,1985200
5522,1819700
5523,1723200
5524,1737700
5525,1786600
5526,1682000
5527,1593700
5528,1608600
5529,1634100
5530,1683500
5531,1535000
5532,1547500
5533,1639400
5534,1513400
5535,1757300
5536,1645500
5537,1590000
5538,1574200
5539,1622000
5540,2274300
5541,1885400
5542,2361400
5543,2119300
5544,1992600
5545,1914200
5546,1663000
5547,1870400
5548,1765600
5549,1564500
5550,1628000
5551,1568600
5552,1608500
5553,1733400
5554,1679100
5555,1694700
5556,1609900
5557,2138200
5558,1834300
5559,1737600
5560,1645400
5561,1652300
5562,1690800
5563,2095000
5564,1843900
5565,1714600
5566,1831700
5567,1674000
5568,1802600
5569,2029500
5570,2255600
5571,2161900
5572,1982400
5573,1572900
5574,1734400
5575,1692800
5576,1622000
5577,1668900
5578,1527600
5579,1603600
5580,1563700
5581,1806000
5582,1762300
5583,1758200
5584,1667500
5585,1688300
5586,1565200
5587,1559800
5588,1564300
5589,1703100
5590,1558600
5591,1768300
5592,1917500
5593,1884400
5594,1701200
5595,1594100
5596,1570900
5597,1633100
5598,1563300
5599,1580600
5600,1572500
5601,1659200
5602,2069400
5603,1849000
5604,1689500
5605,1569900
5606,1714200
5607,1778500
5608,1602500
5609,1633300
5610,1565900
5611,1771200
5612,1848600
5613,1740900
5614,1586500
5615,1563000
5616,1699700
5617,1611800
5618,1630600
5619,1572000
5620,1589600
5621,2565300
5622,1939300
5623,1600200
5624,1629400
5625,1589400
5626,1671000
5627,1551900
5628,1584800
5629,1533000
5630,1888200
5631,2317600
5632,1771500
5633,1717100
5634,1695800
5635,1690200
5636,1676000
5637,1620200
5638,1638700
5639,1818200
5640,2015500
5641,1914800
5642,1667900
5643,1731700
5644,1703300
5645,1648000
5646,1813600
5647,2084900
5648,2113900
5649,2587900
5650,2010100
5651,1672500
5652,1637100
5653,1598600
5654,1691000
5655,1684600
5656,1578700
5657,1950800
5658,2383800
5659,1844900
5660,1699900
5661,1569900
5662,1555400
5663,1509600
5664,1684700
5665,1762800
5666,1724700
5667,1654800
5668,1900500
5669,1709000
5670,1619000
5671,1571500
5672,1624300
5673,1570500
5674,1633200
5675,1759300
5676,1731700
5677,1690000
5678,1924600
5679,1785100
5680,1707400
5681,1656200
5682,1549800
5683,1651000
5684,1741200
5685,1571000
5686,1593600
5687,1639600
5688,1952800
5689,1678300
5690,1648300
5691,1680500
5692,1544400
5693,1833000
5694,1778400
5695,1688700
5696,1608900
5697,1777800
5698,1747900
5699,1568300
5700,1636800
5701,1628600
5702,1639500
5703,1860100
5704,1752100
5705,1665200
5706,1659900
5707,1814600
5708,1735300
5709,1585500
5710,1538300
5711,1647000
5712,1711200
5713,1626400
5714,1586700
5715,1585100
5716,1560200
5717,1786100
5718,1794000
5719,1656600
5720,1671100
5721,1667200
5722,1792900
5723,1720400
5724,1630100
5725,1586400
5726,1654100
5727,1806500
5728,1710800
5729,1558300
5730,1864400
5731,1909000
5732,1708200
5733,1706200
5734,1557100
5735,1535700
5736,1578800
5737,1741900
5738,1723500
5739,1658200
5740,1727200
5741,1590300
5742,1731000
5743,1616500
5744,1628400
5745,1579700
5746,1576800
5747,1706800
5748,1708200
5749,1946700
5750,1974500
5751,1837900
5752,1645600
5753,1669900
5754,1611700
5755,1700300
5756,1766400
5757,1961100
5758,1975700
5759,1887600
5760,1961600
5761,2373900
5762,2084100
5763,2237000
5764,2064000
5765,2491000
5766,1960000
5767,1733500
5768,1771900
5769,1862100
5770,1857100
5771,1732100
5772,1899900
5773,2220000
5774,2464100
5775,1993800
5776,1909800
5777,2076800
5778,2140200
5779,2084200
5780,1881500
5781,2596500
5782,2738100
5783,2446000
5784,2199000
5785,2122500
5786,2020100
5787,2230300
5788,2834400
5789,2541200
5790,2136800
5791,2153100
5792,2084000
5793,2340300
5794,2350500
5795,2539900
5796,2201700
5797,2104200
5798,2055200
5799,2172600
5800,2019700
5801,1859100
5802,2194000
5803,2504900
5804,2553300
5805,2358600
5806,2239000
5807,2474400
5808,2319200
5809,2815400
5810,2366400
5811,2212200
5812,1988800
5813,2016400
5814,2189200
5815,1895900
5816,2128800
5817,2171700
5818,2158000
5819,2516200
5820,2189900
5821,2063000
5822,2214100
5823,2153000
5824,2581200
5825,2712500
5826,2198900
5827,2224200
5828,2179900
5829,2819600
5830,3005800
5831,2221100
5832,2597900
5833,2188100
5834,1738100
5835,1974000
5836,1819100
5837,1986100
5838,1797500
5839,2239400
5840,2293400
5841,2016700
5842,1950500
5843,2056400
5844,1937100
5845,1984600
5846,1841200
5847,1788000
5848,1836300
5849,2171900
5850,1859000
5851,1838400
5852,1966100
5853,2182200
5854,2051900
5855,1934300
5856,1855300
5857,2126900
5858,1885100
5859,1826300
5860,1776000
5861,2080500
5862,1880900
5863,1805200
5864,1747100
5865,1740300
5866,2008400
5867,1916400
5868,1880500
5869,2103200
5870,1865800
5871,1808400
5872,1755400
5873,1877400
5874,2195700
5875,2254100
5876,1962100
5877,1966000
5878,1879500
5879,1799100
5880,1872100
5881,1809400
5882,1795500
5883,2026700
5884,1966600
5885,1822900
5886,1889300
5887,1834500
5888,1839500
5889,1770300
5890,1689400
5891,1808100
5892,2457100
5893,2141500
5894,2152100
5895,1908000
5896,1757500
5897,1769200
5898,1815800
5899,1719800
5900,1839200
5901,2001900
5902,2134800
5903,1840800
5904,1785500
5905,1757300
5906,1800200
5907,1791500
5908,1822600
5909,1867400
5910,1886000
5911,2000000
5912,1770700
5913,1737800
5914,1825800
5915,1817800
5916,1795600
5917,1797900
5918,1741700
5919,2484300
5920,1944800
5921,1814900
5922,1823200
5923,1715400
5924,1796500
5925,1774900
5926,1785100
5927,1757800
5928,2024400
5929,1768200
5930,1745800
5931,1655400
5932,1764000
5933,1721600
5934,1650500
5935,1727700
5936,1696000
5937,2022500
5938,1993800
5939,1950300
5940,1781800
5941,1771200
5942,1823800
5943,1870100
5944,1869300
5945,1909800
5946,2345200
5947,1961700
5948,1779200
5949,1959800
5950,2094600
5951,2510500
5952,2075600
5953,1979500
5954,2372600
5955,1881400
5956,1782200
5957,1757500
5958,1842700
5959,1944500
5960,1854900
5961,1885500
5962,1829300
5963,1997200
5964,1770300
5965,1768200
5966,1813500
5967,1774200
5968,1755300
5969,1704900
5970,1947900
5971,1813100
5972,1972100
5973,1810600
5974,1846100
5975,1809100
5976,1748900
5977,1868900
5978,2022100
5979,1946900
5980,1790800
5981,2139300
5982,1897400
5983,1834000
5984,1837500
5985,1859500
5986,1874500
5987,1930500
5988,1876800
5989,1728800
5990,2139500
5991,1853800
5992,1876800
5993,1705100
5994,1667500
5995,1757100
5996,2596600
5997,2485300
5998,3484000
5999,2109000
6000,2357500
6001,2248600
6002,4334800
6003,3427000
6004,4958000
6005,3719600
6006,3281600
6007,2904500
6008,3122500
6009,2977400
6010,2023000
6011,1740900
6012,1738600
6013,1651000
6014,1558800
6015,1686800
6016,1697800
6017,1813700
6018,1682500
6019,1610200
6020,1723700
6021,2420300
6022,2321400
6023,2185400
6024,2346200
6025,2470800
6026,1872600
6027,1698800
6028,2231100
6029,1964200
6030,1818100
6031,1875600
6032,2053700
6033,2791100
6034,2519200
6035,2579000
6036,2166700
6037,2048900
6038,1959900
6039,2091000
6040,2280300
6041,2213900
6042,2400900
6043,2023600
6044,2068000
6045,2275600
6046,2029500
6047,1933600
6048,2143300
6049,2066900
6050,2252000
6051,2093200
6052,2280100
6053,2123700
6054,2560800
6055,3166100
6056,2927700
6057,2085400
6058,1899100
6059,1906200
6060,1944600
6061,1952100
6062,1855400
6063,2318900
6064,2503800
6065,2436500
6066,2757900
6067,3430400
6068,2612800
6069,2394600
6070,2110100
6071,2034000
6072,1856900
6073,1984700
6074,2226800
6075,2068400
6076,2071400
6077,2396600
6078,2630900
6079,2116500
6080,1847400
6081,1920600
6082,2229800
6083,2265400
6084,2774800
6085,3109700
6086,2541500
6087,2436200
6088,2238000
6089,1961400
6090,1891200
6091,1904100
6092,2135900
6093,1834200
6094,1785900
6095,2858200
6096,2785700
6097,1825700
6098,1742500
6099,2249000
6100,2355900
6101,1885600
6102,1799500
6103,1861000
6104,1795800
6105,1996000
6106,1709300
6107,1798200
6108,2083700
6109,2191000
6110,1943600
6111,1797800
6112,1808500
6113,2256500
6114,1901300
6115,1854700
6116,1973800
6117,1839300
6118,1830400
6119,1809700
6120,1764300
6121,1781700
6122,2042600
6123,1833000
6124,1667900
6125,1815100
6126,2095400
6127,1850100
6128,1837300
6129,1779400
6130,1819600
6131,1925900
6132,2383000
6133,1803700
6134,1734600
6135,2060700
6136,2011700
6137,1740900
6138,1743000
6139,1857900
6140,2323500
6141,2527900
6142,2805100
6143,2056000
6144,1855000
6145,1798000
6146,1868200
6147,2222200
6148,2003800
6149,2042700
6150,1879800
6151,2196400
6152,2012000
6153,1966000
6154,2165000
6155,2664500
6156,1826100
6157,1670200
6158,1659600
6159,1969200
6160,1995100
6161,1978300
6162,1851200
6163,2129700
6164,1926900
6165,1865100
6166,1653900
6167,1660300
6168,1852000
6169,1786400
6170,1806100
6171,1923400
6172,1913500
6173,1944500
6174,1858000
6175,2287200
6176,1746800
6177,2066400
6178,1839100
6179,2028500
6180,1879500
6181,1799900
6182,1773000
6183,1831000
6184,1857700
6185,1830300
6186,2051000
6187,2049900
6188,2555600
6189,2213100
6190,1780900
6191,1650900
6192,1661300
6193,1752200
6194,1838300
6195,2035900
6196,1983400
6197,1931900
6198,1826500
6199,1984700
6200,1747300
6201,1772200
6202,1717800
6203,1811800
6204,1871100
6205,2019300
6206,1810100
6207,1816100
6208,2072800
6209,2371700
6210,1729400
6211,1708200
6212,1849400
6213,2027100
6214,1891600
6215,1831800
6216,2018300
6217,1995300
6218,1796300
6219,1829800
6220,2151400
6221,2337900
6222,2444300
6223,1817400
6224,1708800
6225,1842000
6226,1711200
6227,1742600
6228,1759100
6229,2098200
6230,2184600
6231,1842000
6232,1932900
6233,1731900
6234,1660900
6235,1699000
6236,1632300
6237,1835300
6238,2124400
6239,1884500
6240,1907200
6241,1976100
6242,2315200
6243,1835900
6244,1652100
6245,1620200
6246,1961100
6247,2206800
6248,1850900
6249,1924200
6250,1915000
6251,1954400
6252,1836700
6253,1843100
6254,2196400
6255,2891100
6256,3359900
6257,2597200
6258,1973300
6259,1788900
6260,2142400
6261,2089300
6262,2528000
6263,2359800
6264,2478700
6265,2029300
6266,1944000
6267,1812200
6268,2148500
6269,2555700
6270,2529400
6271,2512700
6272,2457700
6273,2769800
6274,2099300
6275,1896200
6276,1935200
6277,2368000
6278,2020800
6279,1770200
6280,1762400
6281,1782100
6282,1936600
6283,1926000
6284,1750200
6285,1887800
6286,2281600
6287,2428700
6288,1853500
6289,1733300
6290,2063300
6291,1965800
6292,1847100
6293,1873000
6294,2096200
6295,1923000
6296,2159600
6297,1736600
6298,1757000
6299,1656100
6300,1761700
6301,1806000
6302,1773800
6303,1921200
6304,1958000
6305,1839000
6306,2291100
6307,1890600
6308,1713500
6309,1609000
6310,1833500
6311,2004600
6312,1993400
6313,1850000
6314,1879500
6315,2115500
6316,2081800
6317,2052900
6318,1977200
6319,2195700
6320,2716700
6321,1810900
6322,1751200
6323,1911500
6324,2152400
6325,2090500
6326,1904900
6327,1857400
6328,2319700
6329,2247700
6330,1850100
6331,1849800
6332,1778900
6333,1809100
6334,1731000
6335,1757800
6336,1771600
6337,2194300
6338,1986400
6339,2436700
6340,1719300
6341,1640500
6342,1675500
6343,1860500
6344,1737200
6345,1939800
6346,2125900
6347,1991300
6348,1827500
6349,1861800
6350,1922400
6351,1962500
6352,2269500
6353,2215500
6354,1964100
6355,1796900
6356,1809600
6357,1817600
6358,1788600
6359,1954400
6360,1953900
6361,1809700
6362,2135400
6363,2152500
6364,1799700
6365,1794000
6366,1825900
6367,1746700
6368,1756700
6369,1799700
6370,1959000
6371,2297300
6372,2293900
6373,1786800
6374,1599500
6375,1692700
6376,1779200
6377,1805600
6378,1762100
6379,1858900
6380,2093000
6381,2120400
6382,1922500
6383,1824400
6384,1874800
6385,2029900
6386,2372200
6387,1880500
6388,1783000
6389,2187900
6390,1858300
6391,1834300
6392,1898900
6393,1802300
6394,1717900
6395,1857300
6396,2105800
6397,1888200
6398,1931700
6399,1684400
6400,1785900
6401,1821800
6402,1742500
6403,1749700
6404,1930200
6405,2013000
6406,2677000
6407,1761800
6408,1739500
6409,1647400
6410,1666500
6411,1741500
6412,1715700
6413,1743100
6414,1875700
6415,1892900
6416,2213800
6417,1947500
6418,1933600
6419,1847300
6420,2342500
6421,2386500
6422,1818100
6423,1817800
6424,1819600
6425,1886800
6426,1725900
6427,1822100
6428,1871800
6429,1997400
6430,1908400
6431,1892000
6432,1715800
6433,1949000
6434,1813800
6435,1748400
6436,1764400
6437,1776400
6438,1878500
6439,1992100
6440,2431200
6441,1890200
6442,1750000
6443,1684700
6444,1706100
6445,1678400
6446,1891300
6447,2250000
6448,2038500
6449,1774000
6450,2362700
6451,2275900
6452,2068000
6453,2365400
6454,2265000
6455,1950800
6456,1657600
6457,1824500
6458,1857300
6459,1921000
6460,1931500
6461,1791000
6462,1856900
6463,2257000
6464,1773100
6465,1746900
6466,1639800
6467,1936200
6468,2071800
6469,1838200
6470,1852200
6471,1957500
6472,2247600
6473,2146400
6474,1773400
6475,1754000
6476,2035000
6477,1834900
6478,1803900
6479,1702900
6480,2075600
6481,1968500
6482,1840300
6483,1787100
6484,1834900
6485,2218300
6486,2453500
6487,1990600
6488,1778200
6489,1840600
6490,1630400
6491,1700700
6492,1800300
6493,1903800
6494,2087200
6495,1852100
6496,2054900
6497,2007800
6498,1748100
6499,1716900
6500,1853100
6501,1710900
6502,2125600
6503,2021500
6504,1861800
6505,2171700
6506,2510200
6507,1821700
6508,1650300
6509,1703900
6510,1831800
6511,1939100
6512,1887900
6513,1908100
6514,2088400
6515,1884500
6516,1831800
6517,1813300
6518,1940700
6519,2416400
6520,2550200
6521,1928400
6522,1838500
6523,1662600
6524,1818200
6525,1723700
6526,1932100
6527,1916200
6528,2331100
6529,3134800
6530,2115100
6531,1854200
6532,1883800
6533,2003600
6534,2187600
6535,2011100
6536,2232900
6537,1901500
6538,2125100
6539,2194600
6540,1786800
6541,1678300
6542,1636500
6543,1787800
6544,1998800
6545,2000800
6546,1847300
6547,1967700
6548,1930800
6549,1791300
6550,1748400
6551,1734700
6552,2096900
6553,2845400
6554,1796200
6555,1717600
6556,1650400
6557,1703300
6558,1715200
6559,1690300
6560,1852500
6561,1999600
6562,2499000
6563,2137600
6564,1725500
6565,1632200
6566,1685500
6567,1721300
6568,1676800
6569,1861500
6570,1965100
6571,2091400
6572,2135600
6573,2166800
6574,1717300
6575,1816600
6576,1703700
6577,1892600
6578,1836400
6579,2136400
6580,2002800
6581,1970500
6582,1811000
6583,1816000
6584,1939600
6585,1902800
6586,2557800
6587,2726900
6588,2589900
6589,1936900
6590,2020800
6591,1831800
6592,1953700
6593,2377700
6594,2332700
6595,2269700
6596,2465100
6597,1891400
6598,1772000
6599,1682800
6600,1786600
6601,1710200
6602,1827600
6603,1793600
6604,2023100
6605,1968400
6606,2284100
6607,1782900
6608,1701500
6609,1685000
6610,1830300
6611,1712000
6612,1903000
6613,1951100
6614,1991800
6615,1903300
6616,1825100
6617,1899200
6618,2196200
6619,2164500
6620,2313100
6621,2202800
6622,1820700
6623,1889600
6624,1765200
6625,1979900
6626,1920900
6627,1949800
6628,1959000
6629,2096600
6630,1764700
6631,1697900
6632,1763200
6633,1746300
6634,1898200
6635,1739000
6636,1871300
6637,1899900
6638,2450100
6639,2161200
6640,1789300
6641,1672700
6642,1888100
6643,1716800
6644,1808200
6645,1814200
6646,1844300
6647,2202000
6648,2140700
6649,1849300
6650,2009600
6651,2030900
6652,2433800
6653,1814600
6654,1686600
6655,1637400
6656,2046800
6657,1799000
6658,2016400
6659,2220100
6660,2447400
6661,1916600
6662,1960100
6663,1791400
6664,2038800
6665,1824200
6666,1872800
6667,1823500
6668,1865500
6669,2001600
6670,1995800
6671,2473300
6672,1948700
6673,1912300
6674,1891100
6675,1906600
6676,1781600
6677,1717200
6678,1863300
6679,1807000
6680,1879500
6681,2276500
6682,2193100
6683,1990700
6684,2121600
6685,2231900
6686,1802900
6687,1708100
6688,1649200
6689,1723400
6690,2123600
6691,1879300
6692,1831800
6693,1840900
6694,1732200
6695,2017600
6696,1807600
6697,1585000
6698,1726900
6699,2172500
6700,1803300
6701,1784800
6702,1879000
6703,1791700
6704,2175400
6705,2048500
6706,1698500
6707,1710400
6708,2218700
6709,1909800
6710,1777300
6711,1794400
6712,1852900
6713,1896800
6714,1939500
6715,1898600
6716,1999900
6717,2014800
6718,2152900
6719,2113000
6720,1717400
6721,1767700
6722,1696800
6723,1704800
6724,2091400
6725,2259300
6726,1983900
6727,1891300
6728,1933900
6729,1709800
6730,1789800
6731,1622600
6732,1834100
6733,1741800
6734,2044500
6735,1939500
6736,1914400
6737,2053800
6738,2220800
6739,1689900
6740,1803100
6741,1707200
6742,1875200
6743,1933000
6744,1801600
6745,1808700
6746,1891000
6747,1914000
6748,1777600
6749,2129600
6750,1900400
6751,2507100
6752,2507000
6753,1780700
6754,1778900
6755,1608700
6756,1771500
6757,1884700
6758,1761400
6759,1908100
6760,1900400
6761,2215700
6762,1693800
6763,1711200
6764,1655900
6765,2049300
6766,1986700
6767,1780200
6768,1830900
6769,2086100
6770,1928300
6771,2284700
6772,1773900
6773,1920300
6774,1986100
6775,2319600
6776,2438900
6777,2495700
6778,2123100
6779,2162500
6780,2231600
6781,2182300
6782,2194200
6783,2348600
6784,2928500
6785,2169400
6786,2421700
6787,2159500
6788,2122100
6789,2103500
6790,1952900
6791,2035700
6792,2971200
6793,2154600
6794,2034500
6795,1772600
6796,1837600
6797,1667700
6798,1836900
6799,1837400
6800,1927600
6801,2150400
6802,2314800
6803,1791400
6804,1733000
6805,1594900
6806,1796700
6807,1826600
6808,1853000
6809,1999700
6810,2210200
6811,2018500
6812,1916200
6813,1803300
6814,1893300
6815,2269700
6816,2221900
6817,1941600
6818,1942800
6819,1826000
6820,1739100
6821,1765900
6822,1820600
6823,1992900
6824,1856900
6825,1925100
6826,1974200
6827,1876100
6828,1762000
6829,1788300
6830,1716200
6831,1884800
6832,1839800
6833,1891700
6834,2365000
6835,2094700
6836,1762600
6837,1753400
6838,1902200
6839,1711000
6840,1870500
6841,1839400
6842,1816100
6843,1860700
6844,2880400
6845,2287300
6846,2198800
6847,2164700
6848,2157200
6849,1730300
6850,1729500
6851,1949400
6852,2126500
6853,1913700
6854,1822400
6855,1918800
6856,1870800
6857,1994400
6858,1715500
6859,1655300
6860,1973400
6861,2294500
6862,1855300
6863,1813000
6864,1867500
6865,1862200
6866,2396400
6867,1701400
6868,1801200
6869,1850400
6870,1980000
6871,1771100
6872,1760900
6873,1901900
6874,1937200
6875,1813000
6876,1953300
6877,1932800
6878,2246300
6879,2407600
6880,2225400
6881,1697600
6882,1660800
6883,1689300
6884,1874400
6885,1917200
6886,1891300
6887,1950000
6888,1968400
6889,1921200
6890,1766000
6891,1636900
6892,1599800
6893,2084200
6894,1832900
6895,1972100
6896,2067400
6897,1862100
6898,1894400
6899,2289800
6900,1740300
6901,1805500
6902,1641800
6903,1735800
6904,2232000
6905,1932300
6906,1880700
6907,1879700
6908,1795900
6909,1949700
6910,1906700
6911,1934100
6912,2272200
6913,2630900
6914,1845900
6915,1741500
6916,1719900
6917,2014900
6918,2038600
6919,1878400
6920,1806800
6921,2249300
6922,2161500
6923,1818800
6924,1737000
6925,1837400
6926,1906100
6927,1870700
6928,1757200
6929,1810700
6930,2137500
6931,2333300
6932,1917700
6933,1936200
6934,2010200
6935,1902000
6936,1676500
6937,1745300
6938,2033000
6939,2145600
6940,1915800
6941,1861300
6942,1848700
6943,1970400
6944,2296100
6945,2015600
6946,1718500
6947,1882600
6948,1932500
6949,1879000
6950,1820900
6951,1807200
6952,1833900
6953,1782400
6954,2044800
6955,1664300
6956,1784900
6957,1657000
6958,1824400
6959,1794900
6960,1747100
6961,1785900
6962,1812800
6963,1853600
6964,2238500
6965,2572400
6966,1953200
6967,1853500
6968,1862600
6969,1784300
6970,1865300
6971,1934800
6972,1793300
6973,2076600
6974,2074200
6975,1940700
6976,1845300
6977,1986500
6978,2411000
6979,1931300
6980,1701900
6981,1728200
6982,2281000
6983,1905200
6984,1775900
6985,1945700
6986,1901100
6987,2279100
6988,1813900
6989,1703000
6990,1665500
6991,2299900
6992,1777900
6993,1841000
6994,1740800
6995,1832200
6996,1908300
6997,2186300
6998,1697600
6999,2105800
7000,1994400
7001,1843500
7002,1840200
7003,1794100
7004,1977400
7005,1879500
7006,1794800
7007,1891300
7008,2077500
7009,1928400
7010,2399000
7011,1968300
7012,1809400
7013,1729800
7014,1721100
7015,2007400
7016,2156400
7017,2224400
7018,1964700
7019,2041100
7020,1857400
7021,1825800
7022,1688300
7023,1658500
7024,1890600
7025,2093900
7026,1984000
7027,1923400
7028,1959100
7029,2314800
7030,1747900
7031,1683500
7032,1779300
7033,1941200
7034,1942100
7035,1840800
7036,1916000
7037,2354500
7038,2208000
7039,2356800
7040,1980200
7041,2132700
7042,2633200
7043,2881800
7044,1886700
7045,1784700
7046,1774100
7047,1791800
7048,1741600
7049,1786900
7050,2180400
7051,2073200
7052,2149800
7053,1719000
7054,1697900
7055,1748500
7056,1711200
7057,1732100
7058,1669400
7059,1944800
7060,1880300
7061,2138900
7062,2392300
7063,1996100
7064,1670100
7065,1714200
7066,1618200
7067,1768700
7068,2184500
7069,1953400
7070,1875900
7071,1780300
7072,1816800
7073,1875100
7074,1870600
7075,2016100
7076,2409600
7077,2295800
7078,1788100
7079,1653900
7080,1707900
7081,1967500
7082,1730800
7083,1877200
7084,1880000
7085,2172300
7086,2220200
7087,1864000
7088,1991500
7089,1758000
7090,1742200
7091,1711100
7092,1817400
7093,1778100
7094,1966500
7095,1995700
7096,2323800
7097,1854400
7098,1703900
7099,1585900
7100,1787400
7101,1702000
7102,1827000
7103,2093400
7104,1960800
7105,1892800
7106,2097800
7107,1830700
7108,2051200
7109,2446300
7110,2125000
7111,2377600
7112,2066900
7113,2848400
7114,2532600
7115,2295100
7116,2596600
7117,2342000
7118,2830500
7119,2293400
7120,1976500
7121,1901500
7122,1736200
7123,1771500
7124,1817700
7125,1809700
7126,2296900
7127,2702000
7128,1809200
7129,1734300
7130,1711200
7131,1815800
7132,1830100
7133,1792400
7134,1943100
7135,2350200
7136,1999900
7137,1835400
7138,1912200
7139,1997900
7140,2362600
7141,2097300
7142,1913500
7143,1859700
7144,1739500
7145,1783600
7146,1780900
7147,1778800
7148,1864800
7149,1991200
7150,2123700
7151,1992800
7152,1864800
7153,1717800
7154,1800700
7155,1780700
7156,1800400
7157,1891800
7158,2219200
7159,2654800
7160,1990800
7161,1825200
7162,1780100
7163,1757400
7164,1689300
7165,1917900
7166,1809100
7167,1826400
7168,2200100
7169,2066100
7170,1985200
7171,1910300
7172,2088400
7173,2548600
7174,1748000
7175,2027800
7176,2095600
7177,2378500
7178,1847400
7179,1797400
7180,1841600
7181,1935900
7182,2298200
7183,1784400
7184,1740300
7185,1775100
7186,2148800
7187,1909200
7188,1775900
7189,1907500
7190,1870200
7191,2133400
7192,2499800
7193,1773200
7194,2048700
7195,1755000
7196,1819800
7197,1862200
7198,1714300
7199,2127700
7200,2019400
7201,1838300
7202,1776400
7203,2234200
7204,1988600
7205,2279300
7206,2070400
7207,1917300
7208,1699600
7209,1662500
7210,1736400
7211,1797300
7212,2025500
7213,1927500
7214,1852700
7215,2091700
7216,1807900
7217,1707700
7218,1722200
7219,1653000
7220,1907300
7221,2235700
7222,1978800
7223,1839900
7224,2127400
7225,2407000
7226,1757100
7227,1788300
7228,1637700
7229,2053900
7230,1971100
7231,1769300
7232,1960400
7233,1898000
7234,1926900
7235,1729300
7236,1800900
7237,1958000
7238,2510200
7239,2283200
7240,2010000
7241,1896600
7242,1775300
7243,1791400
7244,1799600
7245,1865000
7246,2015700
7247,1878000
7248,2203200
7249,1883000
7250,1723800
7251,1697500
7252,1797500
7253,1766700
7254,1723400
7255,2062700
7256,2433100
7257,2377500
7258,1790800
7259,1782100
7260,1723500
7261,1683200
7262,1688000
7263,2026700
7264,1957400
7265,2057100
7266,1870100
7267,1757100
7268,1849600
7269,1828100
7270,2067000
7271,2381800
7272,2105200
7273,2006200
7274,1760700
7275,1820700
7276,1819800
7277,1772800
7278,1800800
7279,1907700
7280,2131700
7281,2244700
7282,1789000
7283,1763700
7284,1708000
7285,1783500
7286,1830300
7287,1860900
7288,1903000
7289,2609300
7290,2787200
7291,2146200
7292,2077400
7293,2381000
7294,1998200
7295,2194800
7296,2490000
7297,2515700
7298,2005100
7299,2455600
7300,2146500
7301,2509000
7302,2592600
7303,2149600
7304,2369800
7305,2244800
7306,1987800
7307,2152600
7308,2049600
7309,2073100
7310,2357000
7311,2441600
7312,2091700
7313,1843300
7314,1782000
7315,1837500
7316,1800800
7317,1883400
7318,2123900
7319,2341300
7320,2260400
7321,1766700
7322,1678300
7323,1685500
7324,1822100
7325,1929100
7326,2135900
7327,2014000
7328,2239700
7329,2031900
7330,1834200
7331,1965300
7332,2354600
7333,2175700
7334,1858700
7335,1768200
7336,1626500
7337,2162200
7338,1872200
7339,1852800
7340,1995700
7341,1854400
7342,2145600
7343,1796600
7344,1680700
7345,1663200
7346,2025100
7347,1845600
7348,1726400
7349,1900000
7350,1807900
7351,1982100
7352,2246500
7353,1746100
7354,1664100
7355,2141900
7356,1864000
7357,1855300
7358,1823900
7359,1880000
7360,2640200
7361,2256100
7362,2135600
7363,2013400
7364,1949300
7365,2542700
7366,1839800
7367,1862700
7368,1735900
7369,1652700
7370,1733300
7371,1893900
7372,2128000
7373,1893900
7374,2105300
7375,1986000
7376,1848400
7377,1777700
7378,1580200
7379,1706200
7380,1897200
7381,1910500
7382,1821100
7383,2098500
7384,2482800
7385,1836100
7386,1712400
7387,1597300
7388,1780600
7389,2065000
7390,1979900
7391,2021100
7392,2184500
7393,1999700
7394,1948700
7395,1803000
7396,1794100
7397,2228300
7398,2552700
7399,1895100
7400,1844800
7401,1809800
7402,1862200
7403,1773200
7404,1789300
7405,1870300
7406,2423000
7407,2243600
7408,1908400
7409,1618500
7410,1659200
7411,1784900
7412,1717800
7413,1723500
7414,1898900
7415,2216900
7416,2301300
7417,2639800
7418,1777200
7419,1727300
7420,1706300
7421,1762400
7422,1754700
7423,1963900
7424,2114900
7425,1894600
7426,1779100
7427,1840000
7428,1772200
7429,1864700
7430,2247400
7431,2351200
7432,2160000
7433,1950300
7434,1902200
7435,1782700
7436,1739000
7437,1816300
7438,1906000
7439,1957700
7440,1941800
7441,1991200
7442,1819500
7443,1701500
7444,1694700
7445,1795200
7446,1742500
7447,1880700
7448,1819200
7449,2332100
7450,2690400
7451,1777200
7452,1840900
7453,1814400
7454,1824900
7455,1767300
7456,1741300
7457,1777400
7458,2303300
7459,1990500
7460,1907200
7461,1872800
7462,2288300
7463,2636900
7464,1785800
7465,1726700
7466,1983300
7467,1891100
7468,1767200
7469,1668600
7470,1798900
7471,1909700
7472,1976600
7473,2154700
7474,1782100
7475,1971400
7476,1894400
7477,1774000
7478,1736500
7479,1817800
7480,1905700
7481,1919200
7482,2454100
7483,2122800
7484,1844000
7485,1790400
7486,1850900
7487,1813400
7488,1896300
7489,1867600
7490,1997900
7491,1906800
7492,2106600
7493,2061700
7494,2010800
7495,2459000
7496,1869900
7497,1743600
7498,1724200
7499,1635400
7500,1707500
7501,2164700
7502,1829600
7503,1920100
7504,1951300
7505,2001800
7506,1735400
7507,1710800
7508,1684000
7509,1758900
7510,2158900
7511,2204400
7512,1909200
7513,1942300
7514,2062500
7515,2402300
7516,1716800
7517,1595500
7518,1815600
7519,1857800
7520,1780000
7521,1836000
7522,1871200
7523,2015300
7524,1935300
7525,1772600
7526,1803800
7527,2401900
7528,2758200
7529,2066800
7530,2034000
7531,1786100
7532,1835700
7533,1788200
7534,1802700
7535,1987600
7536,1944300
7537,1999600
7538,1946800
7539,1743300
7540,1652300
7541,1598100
7542,1785400
7543,1758300
7544,1973400
7545,1995000
7546,2006100
7547,2633600
7548,1835700
7549,1954500
7550,1775300
7551,1810600
7552,1726700
7553,1899600
7554,1887900
7555,2488800
7556,2609200
7557,2131600
7558,1967300
7559,2163400
7560,2697700
7561,2943100
7562,1912800
7563,1849400
7564,1638500
7565,1903100
7566,1828700
7567,1807000
7568,1861900
7569,2451100
7570,2304200
7571,1780000
7572,1696400
7573,1692500
7574,1780400
7575,1732500
7576,1775100
7577,1889900
7578,2262300
7579,2057500
7580,2243300
7581,1651500
7582,1716000
7583,1730300
7584,1792900
7585,1771200
7586,1960300
7587,2176300
7588,1902900
7589,1823000
7590,1830500
7591,1899100
7592,2040400
7593,2474300
7594,2558100
7595,2085300
7596,1782000
7597,1743700
7598,1707700
7599,1719300
7600,1849100
7601,1976000
7602,2267500
7603,2148800
7604,1756300
7605,1703600
7606,1697200
7607,1739700
7608,1786000
7609,1820800
7610,1820400
7611,2346200
7612,2827100
7613,1900200
7614,1740600
7615,1677500
7616,1815600
7617,1825300
7618,1859500
7619,2157400
7620,2557300
7621,2421600
7622,2247800
7623,2177100
7624,2073100
7625,2480000
7626,2869900
7627,2204400
7628,2208800
7629,2403500
7630,2100000
7631,2097200
7632,2009800
7633,2795400
7634,2774900
7635,2848700
7636,2219300
7637,2003300
7638,2029300
7639,2216900
7640,2437200
7641,2167200
7642,2430100
7643,2791200
7644,1935000
7645,1836400
7646,2490900
7647,2441400
7648,2070300
7649,2319900
7650,2001200
7651,1828300
7652,1811900
7653,1939900
7654,2070800
7655,2233000
7656,2291800
7657,1897100
7658,1965400
7659,1736900
7660,1857900
7661,1937400
7662,1856800
7663,1850400
7664,1817700
7665,1934900
7666,1870300
7667,1697200
7668,1729100
7669,1671600
7670,1862200
7671,1750400
7672,1815500
7673,1893700
7674,1879300
7675,2681500
7676,2079200
7677,1711900
7678,1835600
7679,1821600
7680,1898600
7681,1882700
7682,1749600
7683,1899800
7684,2043500
7685,1877000
7686,1763200
7687,2522400
7688,2706600
7689,2374500
7690,1828300
7691,1800000
7692,2252700
7693,1893300
7694,2020600
7695,1855700
7696,1937200
7697,1853100
7698,2025700
7699,1854700
7700,2045100
7701,1825500
7702,1987900
7703,1835500
7704,1884900
7705,1922900
7706,1749400
7707,1994000
7708,2090200
7709,2055000
7710,1949500
7711,2066800
7712,1839000
7713,1817700
7714,1971600
7715,1865200
7716,1846300
7717,1921500
7718,2111100
7719,1989100
7720,2065400
7721,2432900
7722,1831400
7723,1730900
7724,1642300
7725,1734700
7726,1889800
7727,2223300
7728,1829600
7729,2094600
7730,1969000
7731,1727600
7732,1759600
7733,1667300
7734,1600900
7735,2313300
7736,2005300
7737,1842100
7738,1970300
7739,1837300
7740,2305500
7741,1823700
7742,1693700
7743,1776600
7744,1979000
7745,1882200
7746,1814000
7747,1837800
7748,1883700
7749,1838300
7750,1833200
7751,1774700
7752,2294200
7753,2396600
7754,2395500
7755,1761700
7756,1674500
7757,1585700
7758,1768500
7759,1686000
7760,1955000
7761,2232500
7762,2164100
7763,2147200
7764,1838800
7765,1638900
7766,1697500
7767,1789300
7768,1772900
7769,1776500
7770,1940500
7771,1858800
7772,1926300
7773,2207900
7774,1768700
7775,1648100
7776,1620700
7777,1965000
7778,1801000
7779,2248100
7780,1889400
7781,1800300
7782,1797800
7783,1934000
7784,1833500
7785,1902900
7786,2216900
7787,2565700
7788,1804800
7789,1634500
7790,1664300
7791,1710700
7792,1752500
7793,1848300
7794,1930500
7795,1932900
7796,2518900
7797,2231000
7798,1810300
7799,1706400
7800,1768900
7801,1926300
7802,2005000
7803,2349200
7804,3071400
7805,2506700
7806,2618000
7807,2275500
7808,1931400
7809,1981700
7810,1944200
7811,2320000
7812,2588300
7813,2566900
7814,2137500
7815,2099400
7816,2035800
7817,1967600
7818,2152700
7819,2931100
7820,2615800
7821,1872500
7822,1900300
7823,1972000
7824,1896300
7825,1911700
7826,1877200
7827,2183900
7828,2136900
7829,1958900
7830,1893500
7831,1808600
7832,1812700
7833,1831800
7834,1817100
7835,1867000
7836,1972600
7837,1973700
7838,2407600
7839,1916600
7840,1631500
7841,1740300
7842,1790500
7843,1740200
7844,1832100
7845,2043300
7846,1870300
7847,1911100
7848,1900600
7849,2026100
7850,1732600
7851,2119300
7852,2504200
7853,1941000
7854,1719700
7855,1694400
7856,1634700
7857,1805600
7858,1957700
7859,1749800
7860,1787200
7861,1780500
7862,2017200
7863,1873800
7864,1800100
7865,1704800
7866,1663000
7867,1772500
7868,1716400
7869,1805100
7870,1850700
7871,2298200
7872,2518300
7873,2039200
7874,1855600
7875,1918400
7876,1741300
7877,1812400
7878,1830300
7879,1937800
7880,2497900
7881,2004100
7882,1812600
7883,1789700
7884,1979700
7885,2221300
7886,2081300
7887,1713800
7888,2148600
7889,1888900
7890,1799000
7891,1801800
7892,1832600
7893,1786800
7894,1810500
7895,1958000
7896,1808700
7897,1990400
7898,1850800
7899,1817700
7900,1735300
7901,1657100
7902,1859100
7903,1813800
7904,2057700
7905,2659900
7906,2020200
7907,1775200
7908,1734900
7909,1759300
7910,1803500
7911,1806400
7912,1915900
7913,2022600
7914,2020800
7915,2050400
7916,1814600
7917,1946500
7918,2272800
7919,2187700
7920,1753100
7921,1907500
7922,1863800
7923,2042000
7924,1805200
7925,1844100
7926,1862000
7927,1815500
7928,2004200
7929,1723900
7930,1778500
7931,1944000
7932,2489400
7933,1975100
7934,1852900
7935,1869300
7936,1956800
7937,2373500
7938,1814100
7939,1671000
7940,1936100
7941,1865100
7942,1745300
7943,1843500
7944,1810300
7945,1898200
7946,1987000
7947,1925400
7948,1865200
7949,2049000
7950,2321500
7951,2251800
7952,1874300
7953,1690000
7954,1840400
7955,1810400
7956,1696000
7957,1895600
7958,1918900
7959,1768900
7960,1829400
7961,2127500
7962,1860100
7963,1720900
7964,1714700
7965,1723400
7966,1812400
7967,2244200
7968,1806000
7969,1927800
7970,1848600
7971,2440700
7972,1786500
7973,1803400
7974,1628800
7975,1948400
7976,1848100
7977,1859700
7978,1820100
7979,2158400
7980,2056700
7981,1830200
7982,1847900
7983,1965000
7984,2664100
7985,2205700
7986,1711400
7987,1920900
7988,1683100
7989,1878200
7990,1724400
7991,1729300
7992,2125100
7993,2262800
7994,2195900
7995,1770300
7996,1729500
7997,1712100
7998,1755300
7999,1788100
8000,1724000
8001,1872600
8002,2265500
8003,1982200
8004,2442900
8005,1733900
8006,1726900
8007,1641100
8008,1760700
8009,1754600
8010,2052100
8011,1906200
8012,2071500
8013,1926500
8014,1791100
8015,1832100
8016,1830300
8017,2194300
8018,2711800
8019,2049500
8020,1801400
8021,1803100
8022,1732900
8023,1791500
8024,1860900
8025,1873000
8026,1853300
8027,2208200
8028,1923700
8029,1712500
8030,1621700
8031,1872500
8032,1711000
8033,1700800
8034,1829500
8035,1819700
8036,2105700
8037,2606600
8038,1726800
8039,1726000
8040,1682200
8041,1881700
8042,1816200
8043,1722100
8044,1822200
8045,2101600
8046,2241600
8047,2035400
8048,1979000
8049,1851800
8050,1938900
8051,2372700
8052,1911300
8053,1848100
8054,1987200
8055,1842000
8056,1754200
8057,1790700
8058,1857900
8059,1912800
8060,2056700
8061,2497600
8062,2152700
8063,1960800
8064,2066900
8065,2422900
8066,1934900
8067,1954800
8068,1834000
8069,1861900
8070,2887200
8071,1882700
8072,1658400
8073,1645200
8074,1784400
8075,1789800
8076,1803700
8077,1782200
8078,2392800
8079,2181800
8080,1879800
8081,1832000
8082,1797000
8083,2020200
8084,2423800
8085,1919900
8086,1708000
8087,2031500
8088,2026600
8089,1874900
8090,1862400
8091,1883200
8092,2150100
8093,2018200
8094,1724900
8095,1827600
8096,1842800
8097,1708500
8098,1799300
8099,1755600
8100,1741200
8101,1977600
8102,1904700
8103,2375700
8104,2050200
8105,2132600
8106,1711900
8107,1827300
8108,1770400
8109,1945500
8110,2025800
8111,2016400
8112,1871600
8113,2119100
8114,1961200
8115,2014000
8116,2271700
8117,2018600
8118,1797300
8119,1737000
8120,1704500
8121,1937800
8122,1891500
8123,1804800
8124,1819400
8125,2003900
8126,2173200
8127,2022200
8128,1769300
8129,1802800
8130,2013700
8131,2105800
8132,2014400
8133,2032500
8134,2128000
8135,2653200
8136,2714700
8137,1859800
8138,1873500
8139,1766700
8140,1805700
8141,1712600
8142,2088200
8143,2151600
8144,2334300
8145,2343600
8146,2759700
8147,2354000
8148,2143800
8149,3253500
8150,3211200
8151,2571700
8152,2455000
8153,2922200
8154,2093700
8155,2508200
8156,2488600
8157,2131200
8158,2533800
8159,2097400
8160,1951800
8161,1977000
8162,2006400
8163,1916100
8164,1874600
8165,2126400
8166,2184300
8167,2706100
8168,2222000
8169,1826200
8170,1747400
8171,1794100
8172,1751400
8173,1802400
8174,1714200
8175,1836800
8176,2198900
8177,2083000
8178,1991100
8179,1991900
8180,1925700
8181,2314500
8182,1968000
8183,1739500
8184,1732900
8185,1873700
8186,2285300
8187,1883800
8188,1805800
8189,1953400
8190,1821300
8191,1995400
8192,1742800
8193,2005000
8194,1724900
8195,1845100
8196,1739400
8197,1721500
8198,1820900
8199,1881100
8200,1865900
8201,2324600
8202,2016200
8203,2242100
8204,2070500
8205,1802000
8206,1961800
8207,1836000
8208,1955200
8209,1890400
8210,2151100
8211,2022100
8212,1912900
8213,2013900
8214,2185700
8215,2306800
8216,1829700
8217,1700500
8218,1667000
8219,2462100
8220,1933200
8221,1925400
8222,1816400
8223,1843300
8224,2071200
8225,1661800
8226,1646700
8227,1835900
8228,2092300
8229,1843400
8230,1749400
8231,1720300
8232,1783300
8233,1864800
8234,2431500
8235,1868400
8236,1932400
8237,2066100
8238,1815000
8239,1747700
8240,1732800
8241,1917400
8242,1889900
8243,1861000
8244,1901700
8245,2342700
8246,2199500
8247,2355000
8248,2196700
8249,1721400
8250,1713000
8251,1659100
8252,1930900
8253,1968600
8254,2001600
8255,1883800
8256,1953000
8257,1982900
8258,1802200
8259,1746600
8260,1777900
8261,1921700
8262,1891500
8263,1883200
8264,1823700
8265,1841600
8266,2074100
8267,2399400
8268,1912400
8269,1778500
8270,1694100
8271,1918800
8272,1818200
8273,1727600
8274,1901500
8275,1832000
8276,1973000
8277,2253500
8278,1954600
8279,2179000
8280,2438200
8281,2088900
8282,1766500
8283,1656300
8284,1906100
8285,2024300
8286,1859500
8287,1780200
8288,2370900
8289,1907000
8290,2050500
8291,1761900
8292,1624300
8293,1938800
8294,1883600
8295,1759000
8296,1855600
8297,2197800
8298,2036600
8299,2250000
8300,1901200
8301,1750200
8302,1832600
8303,1719700
8304,1815900
8305,2156200
8306,2067400
8307,2091500
8308,1907600
8309,1843300
8310,1954100
8311,1867300
8312,2079500
8313,2333100
8314,1815100
8315,1710500
8316,1652200
8317,1751700
8318,2359200
8319,2115800
8320,2585800
8321,3054500
8322,3009400
8323,1901200
8324,2004700
8325,1998400
8326,1798300
8327,1900300
8328,1824300
8329,2386100
8330,2332000
8331,2632300
8332,2218400
8333,1905100
8334,2009600
8335,1940700
8336,2062500
8337,2456200
8338,2161800
8339,2120900
8340,2395600
8341,2214600
8342,2080200
8343,1776500
8344,2207700
8345,2635600
8346,1889900
8347,1724000
8348,1623600
8349,1788700
8350,1744300
8351,1900300
8352,1992300
8353,1858900
8354,2291100
8355,1965300
8356,1706300
8357,1697200
8358,1700500
8359,1729600
8360,1858200
8361,1761300
8362,2099300
8363,2150600
8364,2420000
8365,1731000
8366,1733300
8367,1668700
8368,1750600
8369,1690300
8370,1847300
8371,2106400
8372,1967400
8373,1837900
8374,1806800
8375,1768400
8376,1864000
8377,2066100
8378,2184500
8379,1888200
8380,1822100
8381,1814200
8382,1964600
8383,1872100
8384,1788200
8385,1828700
8386,1978000
8387,2087200
8388,1968200
8389,2084300
8390,2042500
8391,2085400
8392,1909200
8393,2011000
8394,1843500
8395,2254200
8396,2349000
8397,2301700
8398,1822200
8399,1714400
8400,1653500
8401,1724600
8402,1765100
8403,1920200
8404,1792600
8405,1933900
8406,2233400
8407,1895400
8408,1799500
8409,1952300
8410,2497600
8411,1920600
8412,1756100
8413,1810600
8414,2061200
8415,1918900
8416,1785000
8417,1754400
8418,1835300
8419,2032200
8420,2051500
8421,1817800
8422,1717700
8423,2025100
8424,1863700
8425,1814500
8426,1770600
8427,1888600
8428,2149500
8429,2418500
8430,1899600
8431,1794300
8432,1748200
8433,1729100
8434,1759900
8435,1680500
8436,1703400
8437,1915600
8438,1922300
8439,1864000
8440,1835800
8441,2035700
8442,2034400
8443,2213100
8444,2199900
8445,1984700
8446,1970800
8447,1913000
8448,1870400
8449,1940700
8450,1813700
8451,1847700
8452,1933900
8453,2119500
8454,1718200
8455,1751900
8456,1581700
8457,1626100
8458,1911600
8459,1958500
8460,1841200
8461,1816500
8462,1990400
8463,2534200
8464,1732900
8465,1737100
8466,1816800
8467,2027600
8468,1723900
8469,1842500
8470,1921400
8471,2137400
8472,2047800
8473,1913400
8474,1907200
8475,2117300
8476,2466200
8477,2090200
8478,1872400
8479,1819500
8480,1788200
8481,1802000
8482,1724900
8483,1943500
8484,2026000
8485,1952600
8486,2072700
8487,1870600
8488,1694000
8489,1668200
8490,1769300
8491,1732900
8492,1784300
8493,1986700
8494,1903800
8495,2142900
8496,2796100
8497,1955600
8498,1758000
8499,1752800
8500,1732900
8501,2141900
8502,1918000
8503,1920800
8504,1922000
8505,1933600
8506,1870200
8507,1822600
8508,1887200
8509,2600300
8510,1988600
8511,2090700
8512,1771200
8513,1791200
8514,1752700
8515,1837100
8516,1847500
8517,1896300
8518,2082600
8519,2075300
8520,1814300
8521,1769300
8522,1703100
8523,1717300
8524,1717900
8525,1682100
8526,1830500
8527,1934500
8528,1896700
8529,2799500
8530,1822000
8531,1811600
8532,1673900
8533,1722500
8534,1765600
8535,1845300
8536,1939900
8537,2043300
8538,1838800
8539,1795200
8540,1850700
8541,1943100
8542,1967700
8543,2353900
8544,2251300
8545,2087600
8546,1796900
8547,1765300
8548,1649400
8549,1847800
8550,1867200
8551,2009800
8552,1805900
8553,2308100
8554,1903200
8555,1627400
8556,1621000
8557,1760200
8558,1789900
8559,1778700
8560,1817000
8561,2061200
8562,2921000
8563,2285600
8564,1837600
8565,1718500
8566,1924800
8567,1795800
8568,1805300
8569,2157000
8570,2824900
8571,2044200
8572,2085700
8573,2125100
8574,2347300
8575,2251000
8576,2374600
8577,2293900
8578,2205600
8579,2059000
8580,2088900
8581,2044600
8582,2211300
8583,2107800
8584,2246500
8585,1997200
8586,2001400
8587,1675500
8588,1817000
8589,1714600
8590,1812600
8591,1877100
8592,2010000
8593,1908000
8594,2918000
8595,2181100
8596,1675000
8597,1799700
8598,1888300
8599,1876500
8600,1916100
8601,1880700
8602,1839000
8603,2018000
8604,1947800
8605,1784800
8606,1941300
8607,2744100
8608,2103400
8609,1686100
8610,1622200
8611,1991200
8612,1999400
8613,1807400
8614,1828500
8615,1874600
8616,2969000
8617,2964400
8618,2428300
8619,2147000
8620,1945900
8621,1721000
8622,1714300
8623,2152000
8624,1980400
8625,2045800
8626,2093700
8627,1930800
8628,1801300
8629,1677800
8630,1849600
8631,2124600
8632,1880100
8633,1847300
8634,2044200
8635,2253600
8636,2385400
8637,2107500
8638,2135900
8639,2537700
8640,2680100
8641,1966200
8642,1860600
8643,2259200
8644,2660700
8645,2049600
8646,1828600
8647,1810800
8648,2076800
8649,1935700
8650,1633700
8651,1788700
8652,1773400
8653,1725400
8654,2084300
8655,2168200
8656,2185900
8657,2516700
8658,2388700
8659,2722600
8660,2150300
8661,2094300
8662,1981100
8663,2028800
8664,2006800
8665,1883700
8666,2084200
8667,2442600
8668,3098000
8669,2753600
8670,2723500
8671,2991300
8672,2981200
8673,2353100
8674,2194500
8675,2003400
8676,1962400
8677,2149400
8678,2178800
8679,2003400
8680,1884600
8681,2529000
8682,1887800
8683,1716000
8684,1601700
8685,1822800
8686,1825300
8687,1692100
8688,1836300
8689,1782800
8690,2698000
8691,3214300
8692,2275200
8693,1983500
8694,1982600
8695,1765900
8696,1791100
8697,2219200
8698,3748400
8699,2871400
8700,2236900
8701,1781700
8702,1847400
8703,2138800
8704,2691500
8705,2000900
8706,1735100
8707,1609900
8708,1869900
8709,1864000
8710,1764800
8711,1834300
8712,3399500
8713,4157200
8714,2880800
8715,1972000
8716,1835800
8717,1793700
8718,2006900
8719,2137800
8720,2342400
8721,2228600
8722,2391700
8723,1673800
8724,1715700
8725,1701900
8726,2590700
8727,3093500
8728,2885700
8729,1913200
8730,1924500
8731,1940700
8732,1943600
8733,1931700
8734,1815500
8735,2491200
8736,2311300
8737,1790300
8738,1742100
8739,1694400
8740,2012900
8741,2527200
8742,2703600
8743,2818000
8744,1895500
8745,2027800
8746,1768800
8747,1915300
8748,1770600
8749,1714900
8750,1748300
8751,2096200
8752,2013400
8753,1947000
8754,1861100
8755,2357900
8756,2631600
8757,2588300
8758,2522400
8759,1956400
8760,1857300
8761,1808300
8762,1926900
8763,2018700
8764,1906500
8765,1900100
8766,1867600
8767,2450900
8768,2478800
8769,1774600
8770,1650900
8771,2090700
8772,3194500
8773,2555900
8774,2243800
8775,1941200
8776,2037200
8777,2146400
8778,1795000
8779,1711200
8780,1775400
8781,1707500
8782,1851700
8783,2058300
8784,1880100
8785,1791400
8786,1925100
8787,2785900
8788,2645400
8789,2500700
8790,2089700
8791,1937400
8792,1820600
8793,2027000
8794,2420600
8795,2728300
8796,2636800
8797,2057400
8798,2463800
8799,2019400
8800,2406300
8801,2243800
8802,2844900
8803,2456500
8804,1868700
8805,2064900
8806,1931000
8807,1980200
8808,1808500
8809,1952400
8810,2265000
8811,1691300
8812,1589300
8813,1741700
8814,1892800
8815,2289800
8816,3709500
8817,3791600
8818,3309300
8819,2714800
8820,2196100
8821,3130500
8822,2970200
8823,2590600
8824,1969800
8825,1947400
8826,2702300
8827,3397600
8828,3433900
8829,2988100
8830,2283200
8831,2421400
8832,3513300
8833,2214300
8834,1886000
8835,1815500
8836,1989200
8837,1773700
8838,1733900
8839,1901400
8840,2667800
8841,3239700
8842,2501300
8843,1864100
8844,1816500
8845,1918000
8846,2056100
8847,2554300
8848,2642100
8849,2398800
8850,1753800
8851,1790800
8852,1768500
8853,1943800
8854,2232100
8855,2989700
8856,2899100
8857,2133600
8858,1879600
8859,1904300
8860,2279700
8861,2792700
8862,2916200
8863,2478500
8864,1854100
8865,1806500
8866,1828300
8867,1827000
8868,3012100
8869,3078600
8870,3053600
8871,1887400
8872,1779900
8873,1832000
8874,2466900
8875,2954500
8876,4837300
8877,3163900
8878,2205500
8879,2864400
8880,3856200
8881,4736000
8882,3337900
8883,1893900
8884,2001700
8885,2002100
8886,2169000
8887,2363200
8888,2155200
8889,2125300
8890,1979900
8891,2186500
8892,3628700
8893,3457500
8894,3475600
8895,2183800
8896,2042200
8897,2270700
8898,1969600
8899,2129800
8900,1942400
8901,2213800
8902,2098900
8903,3085800
8904,2761400
8905,3320300
8906,2947400
8907,2936800
8908,2439400
8909,2244700
8910,2326400
8911,2249900
8912,1942500
8913,2023200
8914,2460800
8915,2374500
8916,1992700
8917,2502200
8918,3664700
8919,3486800
8920,2405300
8921,2195100
8922,1972800
8923,1956100
8924,1869400
8925,1809400
8926,1843000
8927,1707000
8928,1841800
8929,2013900
8930,1855000
8931,2133200
8932,3029800
8933,2948600
8934,2341600
8935,1852100
8936,2029000
8937,2028600
8938,2001200
8939,1902300
8940,1806400
8941,1922000
8942,1802500
8943,1756700
8944,1892900
8945,2220300
8946,2100900
8947,2883000
8948,2415000
8949,2116600
8950,1747200
8951,1844400
8952,1731800
8953,2175700
8954,1862800
8955,1852800
8956,1819000
8957,1865800
8958,1823500
8959,1945600
8960,1871400
8961,1835400
8962,3531100
8963,2956200
8964,2726000
8965,2143700
8966,1795500
8967,1743000
8968,1875400
8969,2314000
8970,1924700
8971,1773100
8972,1720800
8973,1765500
8974,1748200
8975,1681400
8976,1765000
8977,2022800
8978,3099100
8979,3251300
8980,2205400
8981,1879700
8982,1708600
8983,1750500
8984,1930200
8985,2096600
8986,1884900
8987,1844800
8988,1777300
8989,1851700
8990,1749800
8991,1755600
8992,1767600
8993,2449800
8994,3646600
8995,2822600
8996,1946200
8997,1792400
8998,1799000
8999,1933900
9000,1828000
9001,1910400
9002,2011300
9003,1861900
9004,1836800
9005,1833000
9006,1778100
9007,1757500
9008,2134600
9009,2803600
9010,3188100
9011,2026400
9012,1746200
9013,1789200
9014,1948500
9015,2065700
9016,1894200
9017,1814100
9018,2122300
9019,1858600
9020,1850500
9021,1825200
9022,1814000
9023,2543300
9024,4729700
9025,4462700
9026,4574100
9027,2510600
9028,2460400
9029,2132700
9030,4431700
9031,3522800
9032,3444800
9033,2897700
9034,2642400
9035,3168900
9036,2752100
9037,2751400
9038,3314200
9039,3032100
9040,3478300
9041,1941100
9042,1676000
9043,1616800
9044,1793500
9045,2473200
9046,2247100
9047,1928000
9048,1828700
9049,1685600
9050,1609800
9051,1606500
9052,1517700
9053,1650100
9054,1660700
9055,1606500
9056,1632600
9057,1575400
9058,1587900
9059,1893500
9060,1659800
9061,1582700
9062,1674700
9063,1697400
9064,1550900
9065,1695000
9066,1634500
9067,1657000
9068,1545900
9069,1973400
9070,1726800
9071,2045000
9072,2467900
9073,2332500
9074,1970900
9075,1813400
9076,1636000
9077,1722600
9078,1820500
9079,1787400
9080,2400300
9081,2376600
9082,2100400
9083,1699700
9084,1650000
9085,1770700
9086,2170200
9087,2351500
9088,2710300
9089,2870900
9090,2443800
9091,2075200
9092,1712800
9093,1736600
9094,1852100
9095,2211300
9096,1741000
9097,1680300
9098,1669500
9099,1718200
9100,1666500
9101,1586100
9102,1548200
9103,1984700
9104,2394600
9105,2624300
9106,2734500
9107,1692900
9108,1612800
9109,1555000
9110,1493100
9111,1953600
9112,2251200
9113,1651500
9114,1685000
9115,1698600
9116,1674800
9117,1604900
9118,1611300
9119,1604600
9120,2206200
9121,2726000
9122,2387700
9123,2053300
9124,1691800
9125,1609100
9126,1558600
9127,1598200
9128,1770200
9129,1915100
9130,1758400
9131,1742500
9132,1732100
9133,1583500
9134,1537400
9135,1541800
9136,1557000
9137,1608800
9138,2251300
9139,3378700
9140,3571700
9141,2473400
9142,2024000
9143,1812100
9144,1762400
9145,1687900
9146,1839900
9147,1689100
9148,1724900
9149,1662100
9150,1587700
9151,1697700
9152,1710900
9153,1781500
9154,2467600
9155,2735300
9156,2131000
9157,1744200
9158,1604500
9159,1624200
9160,1551700
9161,1619600
9162,1529200
9163,1505000
9164,1860000
9165,1932100
9166,1660600
9167,1654000
9168,1727200
9169,1674700
9170,1627300
9171,2436500
9172,2289000
9173,2376100
9174,1829500
9175,1736000
9176,1599800
9177,1665100
9178,1879100
9179,1973900
9180,1781200
9181,1703000
9182,1943200
9183,2062500
9184,1746600
9185,1676200
9186,1737500
9187,2148500
9188,2633000
9189,2233900
9190,2147900
9191,1965400
9192,1682700
9193,1730200
9194,1696400
9195,1683300
9196,1608700
9197,1685500
9198,1652800
9199,1583200
9200,1889500
9201,1745500
9202,1621600
9203,1591000
9204,1959200
9205,2705100
9206,2225100
9207,1894100
9208,1672100
9209,1736800
9210,1596800
9211,1674600
9212,2073300
9213,1808900
9214,1724000
9215,1677500
9216,1627900
9217,1669600
9218,1910500
9219,1892700
9220,1775500
9221,2382100
9222,2412200
9223,2452800
9224,1657100
9225,1654900
9226,1695100
9227,1923000
9228,1693900
9229,1637900
9230,1590900
9231,1615000
9232,1776200
9233,1698800
9234,1578000
9235,1597400
9236,1770300
9237,1897300
9238,2387000
9239,2447200
9240,2157300
9241,1634000
9242,1569200
9243,1577400
9244,1609400
9245,1961800
9246,2093100
9247,1815600
9248,1696500
9249,1634700
9250,1583200
9251,1618000
9252,1680700
9253,1658800
9254,1628700
9255,1860100
9256,2415400
9257,2492100
9258,1979500
9259,1724000
9260,1595100
9261,1701000
9262,1561400
9263,1707700
9264,2035100
9265,1620200
9266,1619400
9267,1572500
9268,1578300
9269,1669600
9270,1674200
9271,1549600
9272,1577200
9273,1906300
9274,3225000
9275,2566800
9276,1834800
9277,1582300
9278,1683000
9279,1575000
9280,1591000
9281,1708200
9282,1915700
9283,1763800
9284,1683800
9285,1659600
9286,1653800
9287,1619400
9288,2007600
9289,1643300
9290,1776000
9291,2730600
9292,2666300
9293,1915400
9294,1726000
9295,1662200
9296,1767900
9297,1689700
9298,1881200
9299,1961800
9300,2393500
9301,2282500
9302,2105200
9303,2171600
9304,1927700
9305,1787300
9306,2107500
9307,2064900
9308,2336600
9309,1958400
9310,1865700
9311,1749900
9312,1720500
9313,1724700
9314,2641800
9315,3392200
9316,3213200
9317,1945300
9318,1750100
9319,1872400
9320,2381100
9321,2781700
9322,2756900
9323,2800700
9324,1944800
9325,1840800
9326,1812300
9327,2035300
9328,1805000
9329,1635400
9330,1557100
9331,1702300
9332,1697900
9333,1613200
9334,1652100
9335,1647200
9336,1774400
9337,2229900
9338,2281000
9339,2148100
9340,1864400
9341,1794100
9342,1572000
9343,1607200
9344,1612700
9345,1802500
9346,1633100
9347,1623500
9348,1603000
9349,1633400
9350,1853800
9351,1661700
9352,1586800
9353,1562400
9354,1691100
9355,2608700
9356,2195800
9357,1917800
9358,1602300
9359,1789800
9360,1713600
9361,1663300
9362,1698400
9363,1929500
9364,1734800
9365,1714900
9366,1656200
9367,1636400
9368,1681500
9369,1818000
9370,1588100
9371,1666900
9372,2056200
9373,3195600
9374,2732400
9375,2026600
9376,1768000
9377,1721500
9378,1755300
9379,1759500
9380,1741400
9381,1803800
9382,1723100
9383,1646000
9384,1596000
9385,1717200
9386,1725000
9387,1670100
9388,1702600
9389,1986900
9390,2493500
9391,2235000
9392,1782400
9393,1721200
9394,1594500
9395,1877700
9396,1797900
9397,1864100
9398,1582400
9399,1567800
9400,1671100
9401,1720100
9402,1637500
9403,1596700
9404,1510000
9405,1671600
9406,1657100
9407,1883600
9408,2554300
9409,2242600
9410,1814200
9411,1628800
9412,1572500
9413,1537800
9414,1825600
9415,1869400
9416,1720600
9417,1647800
9418,1522700
9419,1717500
9420,1752200
9421,1736800
9422,1814300
9423,1637200
9424,2318200
9425,2726800
9426,2486400
9427,1832800
9428,1640800
9429,1567900
9430,1647200
9431,1582400
9432,1873500
9433,1794700
9434,1645800
9435,1746400
9436,1595900
9437,1578100
9438,1553400
9439,1643900
9440,1651300
9441,1607700
9442,1870200
9443,1846000
9444,1754000
9445,1567000
9446,1566000
9447,1565300
9448,1506600
9449,1623900
9450,1618400
9451,1812500
9452,3035000
9453,2749800
9454,2012600
9455,1621300
9456,1575000
9457,1685300
9458,1613500
9459,2051800
9460,3015100
9461,2561500
9462,1955200
9463,1644800
9464,1640200
9465,1627100
9466,1567200
9467,1722400
9468,1652700
9469,1843800
9470,1897900
9471,1606000
9472,1574400
9473,1638700
9474,1628800
9475,1730000
9476,1766800
9477,1621300
9478,1618700
9479,1740700
9480,1678600
9481,1654000
9482,1552000
9483,1629100
9484,1653500
9485,1541600
9486,2328200
9487,2424600
9488,2845500
9489,1937200
9490,1743000
9491,1661100
9492,1580500
9493,1767700
9494,2445100
9495,2401500
9496,2119000
9497,1664900
9498,1690800
9499,1623500
9500,1562300
9501,1635800
9502,1827300
9503,1589900
9504,1645000
9505,1601300
9506,1945400
9507,1731000
9508,1659800
9509,1538100
9510,1631100
9511,1824900
9512,2449600
9513,2234700
9514,1946200
9515,2037700
9516,1628800
9517,1625000
9518,1559700
9519,1532800
9520,1702100
9521,1665700
9522,1686500
9523,1573800
9524,1721200
9525,2075400
9526,1761700
9527,1706600
9528,1682800
9529,1816700
9530,2755700
9531,2261500
9532,1924000
9533,1888000
9534,1762100
9535,1654000
9536,1555600
9537,1776400
9538,1716400
9539,1647800
9540,1666900
9541,1685900
9542,1707600
9543,1953300
9544,1731900
9545,1593400
9546,1784300
9547,2421100
9548,2480900
9549,2409200
9550,2006100
9551,2515200
9552,1871400
9553,1895900
9554,2102600
9555,1903000
9556,1970400
9557,1863600
9558,1768100
9559,1735200
9560,1761600
9561,1872500
9562,2354400
9563,2252100
9564,1964400
9565,1723400
9566,1601300
9567,1588100
9568,1615900
9569,1941300
9570,1693200
9571,1640400
9572,1578700
9573,1547200
9574,1591700
9575,1604100
9576,1629200
9577,1681100
9578,1574600
9579,2084200
9580,1843800
9581,1651200
9582,1565600
9583,1627000
9584,1597400
9585,1615200
9586,1927500
9587,1835600
9588,1796100
9589,2524200
9590,2385700
9591,2129700
9592,1622400
9593,1614000
9594,1632800
9595,1621700
9596,1681200
9597,1965100
9598,2850000
9599,2294700
9600,1986900
9601,1684700
9602,1637900
9603,1691700
9604,1628400
9605,1710600
9606,1826600
9607,1669000
9608,1608600
9609,1601900
9610,1715900
9611,1715400
9612,1534900
9613,1529900
9614,1564100
9615,2069600
9616,3200000
9617,2484800
9618,1796900
9619,1694300
9620,1658200
9621,1702300
9622,1966500
9623,2276600
9624,3238600
9625,2467900
9626,1753000
9627,1606200
9628,1621100
9629,1678700
9630,1645700
9631,1696300
9632,1921900
9633,1749000
9634,1653500
9635,1743200
9636,1664800
9637,1601200
9638,1819300
9639,1812000
9640,1739400
9641,1898600
9642,1847700
9643,1646200
9644,1713500
9645,1809400
9646,1699000
9647,1605200
9648,1708600
9649,2454000
9650,2490000
9651,2649400
9652,1786900
9653,1611500
9654,1622100
9655,1817700
9656,2173300
9657,1838900
9658,1686100
9659,1702700
9660,1735600
9661,1607400
9662,1675200
9663,1618200
9664,1604900
9665,1891200
9666,2552500
9667,2436800
9668,2300000
9669,1841100
9670,1645400
9671,1670300
9672,1571100
9673,1853600
9674,1649400
9675,1533600
9676,1540800
9677,1696900
9678,1796500
9679,1646900
9680,1650200
9681,1598300
9682,1562700
9683,2171100
9684,2382500
9685,2200500
9686,1614700
9687,1881400
9688,1660700
9689,1610400
9690,1546900
9691,1810000
9692,2008200
9693,2314200
9694,2038800
9695,1983300
9696,2066700
9697,1758900
9698,1582700
9699,1772300
9700,2267900
9701,2366000
9702,2102300
9703,1521700
9704,1855900
9705,1998600
9706,1639000
9707,1727500
9708,1641700
9709,1598100
9710,1533100
9711,1645900
9712,1570200
9713,1557500
9714,1905100
9715,1687400
9716,1582900
9717,1829600
9718,2507800
9719,2301400
9720,2007600
9721,1567400
9722,1621800
9723,1931400
9724,1710000
9725,1968400
9726,1981200
9727,1723600
9728,1684400
9729,1621600
9730,1737200
9731,1772600
9732,1964600
9733,1777700
9734,1945700
9735,2609900
9736,2189300
9737,2017900
9738,1724600
9739,1684100
9740,1730200
9741,1988300
9742,1800000
9743,1644900
9744,1732700
9745,1634800
9746,1779100
9747,1673100
9748,1702800
9749,1564400
9750,1633900
9751,2219900
9752,2769500
9753,2374300
9754,2064500
9755,1718000
9756,1686700
9757,1742100
9758,1719900
9759,2061800
9760,1784100
9761,1720800
9762,1784800
9763,1575200
9764,1607300
9765,1784000
9766,1660700
9767,1666800
9768,2336400
9769,2898600
9770,2307800
9771,1896500
9772,1671400
9773,1588400
9774,1722400
9775,1660700
9776,1844000
9777,1839900
9778,1635200
9779,1634900
9780,1627800
9781,1564800
9782,1718500
9783,1669500
9784,1629700
9785,1744600
9786,2493900
9787,2385600
9788,2161700
9789,1664600
9790,1647200
9791,1689700
9792,1547700
9793,1691300
9794,1810500
9795,1899400
9796,1845600
9797,1699600
9798,1718900
9799,1625900
9800,1635000
9801,1734900
9802,1927900
9803,2268400
9804,2520800
9805,2337900
9806,1721400
9807,1682700
9808,1544200
9809,1574900
9810,1549700
9811,1760800
9812,1640400
9813,1576800
9814,1982700
9815,1680900
9816,1581400
9817,1657300
9818,1582900
9819,1607300
9820,1724700
9821,2406600
9822,2332900
9823,2850300
9824,1724400
9825,1695700
9826,1651900
9827,1650000
9828,1692100
9829,2026300
9830,1624400
9831,1594000
9832,1906800
9833,1679600
9834,1559300
9835,1550100
9836,1643000
9837,1672300
9838,2217300
9839,3667700
9840,3384700
9841,1879600
9842,1775000
9843,1702700
9844,1847800
9845,1886600
9846,2075300
9847,2379800
9848,2371900
9849,1942800
9850,1935600
9851,1891300
9852,2533700
9853,3437700
9854,3184300
9855,2337800
9856,2002600
9857,1963500
9858,1983300
9859,1969600
9860,1951000
9861,2051100
9862,1849900
9863,2064800
9864,1976400
9865,1799800
9866,2020400
9867,2911100
9868,2961600
9869,2434600
9870,1909500
9871,1674500
9872,1727200
9873,1759600
9874,1754100
9875,1612600
9876,1616400
9877,1603900
9878,1721600
9879,1707200
9880,1660300
9881,1774400
9882,1563400
9883,1918300
9884,2504500
9885,2191100
9886,1746600
9887,1690300
9888,1549800
9889,1705700
9890,1700700
9891,1703900
9892,1620900
9893,1664700
9894,1632800
9895,1705600
9896,1646500
9897,1658800
9898,1610400
9899,1717500
9900,1755900
9901,2292300
9902,2435700
9903,2189100
9904,1694700
9905,1634600
9906,1643500
9907,1523500
9908,1925900
9909,1940000
9910,2668200
9911,2283200
9912,1846000
9913,1690700
9914,1663200
9915,1545600
9916,1655100
9917,2044100
9918,2957500
9919,2749600
9920,2511000
9921,1665800
9922,1610300
9923,1571800
9924,1629400
9925,2008100
9926,1686000
9927,1703400
9928,1552700
9929,1620000
9930,1755500
9931,1693700
9932,1597300
9933,1769500
9934,1925300
9935,3006600
9936,2318200
9937,1962700
9938,1595400
9939,1566300
9940,1566700
9941,1643500
9942,1829500
9943,2117600
9944,1724700
9945,1670300
9946,1729900
9947,1629900
9948,1618400
9949,1642600
9950,1502300
9951,1952000
9952,2999100
9953,2908200
9954,2093500
9955,1706700
9956,1634100
9957,1567300
9958,1726100
9959,1676100
9960,1649200
9961,1737000
9962,1629900
9963,1747500
9964,1675100
9965,1657800
9966,1558300
9967,1612900
9968,1585600
9969,2082600
9970,2898800
9971,2614700
9972,1914600
9973,1678300
9974,1575700
9975,1693300
9976,1750900
9977,1710100
9978,1686800
9979,1847600
9980,1719200
9981,1560400
9982,1610800
9983,1663600
9984,1633800
9985,1609400
9986,1858200
9987,2486400
9988,2338200
9989,2341600
9990,1602800
9991,1620400
9992,1635200
9993,1624000
9994,1898600
9995,1749000
9996,1670800
9997,1702600
9998,2003500
9999,1662500
10000,1682500
10001,1706300
10002,1738900
10003,1805000
10004,2522700
10005,2255600
10006,2006200
10007,1771000
10008,1581700
10009,1620800
10010,1684800
10011,1850200
10012,1826700
10013,1794400
10014,2014900
10015,2000400
10016,2008000
10017,1774200
10018,1690900
10019,1679100
10020,2596000
10021,2878600
10022,2304600
10023,1675200
10024,1773500
10025,1820000
10026,1667400
10027,1588600
10028,1869800
10029,1845500
10030,1685200
10031,1569500
10032,1639500
10033,1816200
10034,1737900
10035,1637300
10036,1549000
10037,1792000
10038,2728600
10039,2250700
10040,1869200
10041,1557600
10042,1763700
10043,2000600
10044,1654000
10045,1792800
10046,1681100
10047,1611700
10048,1523200
10049,1692300
10050,1559500
10051,1539300
10052,1719900
10053,1645800
10054,1808100
10055,2414100
10056,2296700
10057,2098000
10058,1684000
10059,1665000
10060,1489500
10061,2035800
10062,1676100
10063,2147100
10064,2304100
10065,2295000
10066,1756700
10067,1619000
10068,1606500
10069,1720900
10070,1827900
10071,1784400
10072,2556400
10073,2185300
10074,1945300
10075,1674200
10076,1596200
10077,1588700
10078,1690200
10079,1943900
10080,1705300
10081,1659500
10082,1555800
10083,1628800
10084,1684100
10085,1708000
10086,1650500
10087,1538500
10088,1838400
10089,2906900
10090,3049700
10091,2648700
10092,1864300
10093,2052700
10094,1850000
10095,1778100
10096,2039800
10097,1683500
10098,1697400
10099,1617700
10100,1685000
10101,1626800
10102,1635700
10103,1680400
10104,1557500
10105,2409400
10106,2876900
10107,2292900
10108,1776400
10109,1578700
10110,1595300
10111,1544200
10112,1606800
10113,1638400
10114,1818500
10115,1749700
10116,1637200
10117,1796200
10118,1620700
10119,1828800
10120,1672000
10121,1699700
10122,1796300
10123,1766700
10124,1899300
10125,1650300
10126,1705800
10127,1602100
10128,1701400
10129,1547000
10130,1626100
10131,1854600
10132,2514900
10133,2737200
10134,2124100
10135,1629400
10136,1626100
10137,1671000
10138,1702100
10139,2173600
10140,2438600
10141,2451800
10142,1948000
10143,1615000
10144,1635500
10145,1558200
10146,1637700
10147,1893100
10148,1842000
10149,1666200
10150,1688300
10151,2031500
10152,1670600
10153,1710600
10154,1549400
10155,1616700
10156,1683300
10157,1674000
10158,1537400
10159,1524700
10160,1810000
10161,2032200
10162,1791400
10163,1640600
10164,1651900
10165,1785100
10166,2470900
10167,2265300
10168,2038900
10169,1958000
10170,1803800
10171,1698500
10172,1506500
10173,1572600
10174,2243300
10175,2349500
10176,2268200
10177,1663100
10178,1741300
10179,1665700
10180,1683600
10181,1604300
10182,1753100
10183,1681100
10184,1567500
10185,1622600
10186,1568700
10187,1603400
10188,1882000
10189,1799500
10190,1742400
10191,1689400
10192,1709100
10193,1603700
10194,1596600
10195,1713900
10196,1662300
10197,1545400
10198,1939500
10199,1734100
10200,1980300
10201,2582800
10202,2688600
10203,1997300
10204,1726500
10205,1562800
10206,1863000
10207,1807300
10208,1741300
10209,1696000
10210,1673400
10211,1690300
10212,1631600
10213,1623100
10214,1540500
10215,1661600
10216,2051200
10217,1966200
10218,2592500
10219,2642100
10220,2266400
10221,1687700
10222,1600800
10223,1689900
10224,1859100
10225,1801500
10226,1662400
10227,1569400
10228,1599600
10229,1631500
10230,1500600
10231,1645900
10232,1564200
10233,1631600
10234,1861700
10235,2234800
10236,2948300
10237,3391900
10238,2614500
10239,2014400
10240,1840700
10241,2064100
10242,1833800
10243,1736300
10244,1612600
10245,1520000
10246,1708400
10247,1661500
10248,1636500
10249,1639000
10250,1533700
10251,2634000
10252,2563700
10253,2191300
10254,1742400
10255,1621000
10256,1644100
10257,1641200
10258,1685600
10259,1951800
10260,1838700
10261,1686100
10262,1608900
10263,1644600
10264,1660100
10265,1704000
10266,1556200
10267,1694500
10268,1940400
10269,3047200
10270,2621100
10271,2136500
10272,1587600
10273,1727600
10274,1696500
10275,1636000
10276,2024900
10277,1922100
10278,1818000
10279,1619500
10280,1686100
10281,1644000
10282,1760900
10283,1709000
10284,1904000
10285,2287200
10286,2726300
10287,2341600
10288,1734200
10289,1639400
10290,1618500
10291,1629500
10292,1774500
10293,1774600
10294,1589900
10295,1900100
10296,1785300
10297,1816400
10298,1710800
10299,1664700
10300,1614000
10301,2076400
10302,2688100
10303,2387700
10304,2392900
10305,1741700
10306,1691200
10307,1616300
10308,1592800
10309,1824900
10310,1768700
10311,1666800
10312,1736500
10313,1854900
10314,1820500
10315,1688600
10316,1563800
10317,1585900
10318,1707100
10319,2465000
10320,2169700
10321,1934200
10322,1843900
10323,1668700
10324,1618200
10325,1657400
10326,1712700
10327,1747000
10328,1621500
10329,1718400
10330,1548600
10331,1577100
10332,1993500
10333,1825800
10334,1657900
10335,1579200
10336,2045400
10337,2656500
10338,2170500
10339,1683500
10340,1914700
10341,1897600
10342,1642100
10343,1576200
10344,1628600
10345,1628900
10346,1675400
10347,1630300
10348,1701000
10349,1740600
10350,1690700
10351,1780300
10352,1647200
10353,1864000
10354,2476700
10355,2354600
10356,1962800
10357,1679000
10358,1644100
10359,1727100
10360,1631900
10361,1658700
10362,2097200
10363,1964600
10364,1753100
10365,1616300
10366,2046400
10367,1542400
10368,1795800
10369,1873400
10370,1840500
10371,2677900
10372,2258700
10373,1993000
10374,1614600
10375,1625300
10376,1496100
10377,1853800
10378,1945300
10379,1671700
10380,1628200
10381,1664000
10382,1652300
10383,1658500
10384,1624800
10385,1586300
10386,1584400
10387,1663800
10388,2225000
10389,3209000
10390,2942800
10391,3082500
10392,1962100
10393,1793300
10394,2293600
10395,2032800
10396,1789500
10397,1843800
10398,1773900
10399,1780700
10400,1705400
10401,1796500
10402,1915900
10403,2738900
10404,3224700
10405,2684900
10406,2441400
10407,1895100
10408,1968400
10409,2210900
10410,2579200
10411,2607600
10412,2286500
10413,1818100
10414,1700500
10415,1584900
10416,1587500
10417,1811900
10418,1919500
10419,1719200
10420,1660700
10421,1580700
10422,1739100
10423,1711400
10424,1625100
10425,1657700
10426,1655000
10427,1648000
10428,1791700
10429,1651100
10430,1667500
10431,1609500
10432,1677200
10433,1585900
10434,1562200
10435,1615400
10436,1548300
10437,2219500
10438,3129100
10439,2258000
10440,1701200
10441,1704000
10442,1590000
10443,1543800
10444,1806900
10445,2340500
10446,2770800
10447,2151300
10448,1641200
10449,1609100
10450,1719200
10451,1661600
10452,1546300
10453,1729000
10454,1582800
10455,1900700
10456,1815100
10457,1728900
10458,1771800
10459,1603600
10460,1561300
10461,1687300
10462,1870600
10463,1901600
10464,1791500
10465,1975000
10466,1673700
10467,1750500
10468,1638500
10469,1578400
10470,1895100
10471,2410900
10472,2419000
10473,2394600
10474,1711100
10475,1669900
10476,1612500
10477,1661700
10478,1585200
10479,2462800
10480,2491500
10481,2896100
10482,2215400
10483,1764800
10484,1756000
10485,1561300
10486,1915700
10487,2429500
10488,2117200
10489,1923700
10490,1861600
10491,1699300
10492,1613600
10493,1591500
10494,1810600
10495,1778500
10496,1736900
10497,1558700
10498,1717700
10499,1664700
10500,1933200
10501,1738000
10502,1649700
10503,1715100
10504,2541000
10505,3037700
10506,2524400
10507,1791100
10508,1969700
10509,1817000
10510,1938100
10511,2411900
10512,2341600
10513,2072000
10514,1564900
10515,1683500
10516,2010700
10517,1870500
10518,1955300
10519,2609900
10520,2080300
10521,2124200
10522,1642100
10523,1610900
10524,1795800
10525,1815700
10526,1800700
10527,1632200
10528,1616400
10529,1599300
10530,1683800
10531,1545800
10532,1590600
10533,1618800
10534,1797800
10535,1998500
10536,2916300
10537,2543200
10538,2160600
10539,1717900
10540,1736000
10541,1707000
10542,1869500
10543,1959900
10544,1766800
10545,1605500
10546,1617900
10547,1602200
10548,1606900
10549,1632900
10550,1599200
10551,1567200
10552,1844800
10553,2424000
10554,2501500
10555,2153800
10556,1689500
10557,1746100
10558,1689900
10559,1700000
10560,1625600
10561,2077700
10562,1704500
10563,1601300
10564,1629700
10565,1680700
10566,1589200
10567,1626400
10568,1641000
10569,1592100
10570,1705900
10571,3127100
10572,2514300
10573,1964900
10574,1650800
10575,1645800
10576,1593200
10577,1675700
10578,1851500
10579,1787200
10580,1715900
10581,1679600
10582,1648100
10583,1647200
10584,1641900
10585,1569100
10586,1595200
10587,1803100
10588,2335500
10589,2865700
10590,2250300
10591,1643400
10592,1542100
10593,1613600
10594,1661600
10595,1565800
10596,1795900
10597,1778900
10598,1898300
10599,1697100
10600,1630600
10601,1638500
10602,1582600
10603,1663200
10604,1881000
10605,2716000
10606,2640700
10607,2579000
10608,1737700
10609,1701100
10610,1592100
10611,1784600
10612,1792900
10613,1743500
10614,1673400
10615,1668800
10616,1714600
10617,1631300
10618,1682900
10619,1604700
10620,1638000
10621,1975000
10622,3065900
10623,2777100
10624,2814900
10625,2182100
10626,1797200
10627,2723400
10628,2753400
10629,1845700
10630,1759900
10631,1934700
10632,2079000
10633,1734400
10634,1559300
10635,1654200
10636,2291900
10637,2310600
10638,2044500
10639,1564300
10640,1917600
10641,1908000
10642,1602800
10643,1655600
10644,1666400
10645,1695500
10646,1686000
10647,1690100
10648,1590100
10649,1667000
10650,1923400
10651,1752500
10652,1656900
10653,1768900
10654,2628200
10655,2300900
10656,1799800
10657,1604500
10658,1698400
10659,2116700
10660,1730700
10661,1712700
10662,1669000
10663,1632700
10664,1715800
10665,1710200
10666,1575800
10667,1602400
10668,1661400
10669,1776000
10670,1780800
10671,2491500
10672,2111300
10673,2027800
10674,1626400
10675,1656300
10676,1595300
10677,1726100
10678,1797000
10679,1720900
10680,1674800
10681,1701600
10682,1705300
10683,1579800
10684,1589400
10685,1566600
10686,1660700
10687,1803700
10688,1980000
10689,2687000
10690,2232200
10691,1917400
10692,1675100
10693,1768800
10694,1658600
10695,1616800
10696,1885400
10697,1672900
10698,1625900
10699,1619200
10700,1607800
10701,1585600
10702,1647100
10703,1572000
10704,1641500
10705,1729900
10706,2046900
10707,1804200
10708,1656000
10709,1608000
10710,1649000
10711,1731000
10712,1630200
10713,1581000
10714,1652900
10715,1863500
10716,2674700
10717,2350800
10718,1925500
10719,1662900
10720,1722200
10721,1619700
10722,1588400
10723,1818200
10724,3196000
10725,2774300
10726,2100700
10727,1661800
10728,1621600
10729,1709600
10730,1719300
10731,1729300
10732,1733700
10733,1749300
10734,1580100
10735,1568700
10736,1557400
10737,1723500
10738,1593000
10739,1594400
10740,1848400
10741,1721800
10742,1650700
10743,1805700
10744,1670700
10745,1546500
10746,1625500
10747,1554000
10748,1616300
10749,1796100
10750,2529000
10751,2580000
10752,2616900
10753,1682300
10754,1730800
10755,1632100
10756,1622000
10757,1711700
10758,1669300
10759,1567300
10760,1663700
10761,1771100
10762,1749400
10763,1717100
10764,1596500
10765,1665300
10766,1656100
10767,2196300
10768,2401700
10769,2038200
10770,1796400
10771,1729200
10772,1594800
10773,1570100
10774,1551800
10775,1614200
10776,1731400
10777,1629200
10778,1609700
10779,1546300
10780,1773300
10781,1758800
10782,1642400
10783,1589200
10784,1850800
10785,2591600
10786,2665900
10787,3282900
10788,2725500
10789,2016900
10790,1759100
10791,1699200
10792,1625100
10793,1551100
10794,1699100
10795,1579700
10796,1539900
10797,1752900
10798,1667300
10799,1558800
10800,1730600
10801,1974500
10802,2465200
10803,2145200
10804,1777700
10805,1594400
10806,1762900
10807,1769100
10808,1638800
10809,1842000
10810,1948000
10811,1861200
10812,1658200
10813,1691900
10814,1799700
10815,1976600
10816,1979100
10817,1606600
10818,1798100
10819,2640200
10820,2308800
10821,1865000
10822,1715800
10823,1696500
10824,1957500
10825,1779500
10826,1703300
10827,1611600
10828,1563400
10829,1628300
10830,1700700
10831,1641100
10832,1604300
10833,1807300
10834,1813100
10835,2001600
10836,2528100
10837,2288700
10838,2180300
10839,1718700
10840,1606500
10841,1617100
10842,1918600
10843,1814100
10844,1635700
10845,1695900
10846,1641200
10847,1546600
10848,1702700
10849,1524800
10850,1562300
10851,1674300
10852,2026700
10853,2230000
10854,2410600
10855,2031200
10856,1795400
10857,1569800
10858,1588600
10859,1666600
10860,1724900
10861,2033400
10862,1703900
10863,1578600
10864,1670900
10865,1572000
10866,1524800
10867,1693600
10868,1571000
10869,1612400
10870,1567700
10871,2237700
10872,2713300
10873,2264700
10874,1649100
10875,1708900
10876,1569200
10877,1538800
10878,1575200
10879,1776700
10880,2401400
10881,1659300
10882,1679600
10883,1576800
10884,1592400
10885,1643000
10886,1595900
10887,1596100
10888,1783000
10889,2784300
10890,2755700
10891,2163900
10892,1710300
10893,1694900
10894,1519800
10895,1670900
10896,1734600
10897,1693500
10898,1747400
10899,1719400
10900,1657500
10901,1592700
10902,1602100
10903,1570000
10904,1547100
10905,1901700
10906,3066200
10907,2919900
10908,2057600
10909,1696500
10910,1746700
10911,1847400
10912,1858200
10913,1804400
10914,1879300
10915,2190500
10916,2018700
10917,1960000
10918,1778900
10919,1896600
10920,1903000
10921,1816900
10922,1696700
10923,1829100
10924,2303300
10925,2257800
10926,2514300
10927,2448500
10928,2688600
10929,3815100
10930,3863100
10931,2348600
10932,1890600
10933,1967800
10934,2842700
10935,3597700
10936,3804600
10937,2493900
10938,2147300
10939,2873700
10940,3290700
10941,3395500
10942,3207600
10943,2312700
10944,2485500
10945,2277500
10946,2148500
10947,2002600
10948,2465100
10949,2340200
10950,2191000
10951,2334900
10952,2718600
10953,2896900
10954,3602700
10955,2451900
10956,2134100
10957,2335800
10958,2995400
10959,3456200
10960,3245200
10961,3648700
10962,2759700
10963,2379100
10964,2570800
10965,2085600
10966,1984100
10967,2034800
10968,2208400
10969,2387600
10970,2632400
10971,2262100
10972,2008100
10973,2090100
10974,2112400
10975,3092500
10976,2888500
10977,3983800
10978,3961300
10979,2417000
10980,2391800
10981,4174600
10982,5350600
10983,3110600
10984,2362400
10985,2972400
10986,2415800
10987,2101000
10988,2035900
10989,2154200
10990,2025300
10991,2402300
10992,2364100
10993,2014400
10994,2027000
10995,2080700
10996,2000100
10997,2070100
10998,1991400
10999,2072700
11000,2824100
11001,3674300
11002,3046100
11003,2376900
11004,1927600
11005,2076700
11006,2513600
11007,3851900
11008,2818700
11009,2198600
11010,1931700
11011,2014100
11012,2073600
11013,3298500
11014,3629300
11015,2816900
11016,2334200
11017,2502200
11018,2062600
11019,3853800
11020,2860700
11021,1910700
11022,1723100
11023,1758300
11024,2052100
11025,2527600
11026,3052400
11027,2985100
11028,2138800
11029,1721300
11030,1795100
11031,1899200
11032,2391100
11033,3254600
11034,2684100
11035,2135100
11036,1959200
11037,2076300
11038,2544400
11039,2436300
11040,2782900
11041,2785800
11042,1989800
11043,1781600
11044,2011200
11045,2022500
11046,2189900
11047,1800500
11048,2022800
11049,1712500
11050,1779700
11051,1765900
11052,1751000
11053,2104400
11054,2749800
11055,3325800
11056,3283000
11057,1895700
11058,1773100
11059,1794200
11060,1883900
11061,2910600
11062,2779800
11063,2521800
11064,1959400
11065,1851400
11066,1768000
11067,2329600
11068,3419800
11069,3218600
11070,2504700
11071,1934300
11072,1779200
11073,1880400
11074,2791800
11075,2935700
11076,2661100
11077,2435000
11078,1780400
11079,1705500
11080,1737600
11081,2549100
11082,2706000
11083,2457200
11084,1974900
11085,2056500
11086,1929800
11087,2380000
11088,1698500
11089,1933700
11090,1807600
11091,1753700
11092,1744700
11093,2242100
11094,2070900
11095,1810000
11096,2395900
11097,2924000
11098,2647300
11099,2092800
11100,2508300
11101,2278200
11102,2022500
11103,2622200
11104,2554000
11105,2178400
11106,1757400
11107,1877300
11108,2415300
11109,2990400
11110,2931900
11111,2735900
11112,2631400
11113,1978000
11114,2578700
11115,2472400
11116,2049500
11117,2294700
11118,2028700
11119,1775400
11120,1683800
11121,1869900
11122,1921500
11123,2493100
11124,3120600
11125,2977500
11126,2352700
11127,1810600
11128,1846400
11129,1888300
11130,2319400
11131,2359700
11132,2044200
11133,1715400
11134,1788000
11135,1612100
11136,1737700
11137,1773700
11138,2391800
11139,3170900
11140,2933000
11141,2388000
11142,1741100
11143,1724000
11144,1700800
11145,2191300
11146,2181600
11147,1839300
11148,1927800
11149,1926300
11150,2411400
11151,1850800
11152,1672200
11153,1882500
11154,3850000
11155,2844300
11156,2008300
11157,1774700
11158,1975900
11159,1883700
11160,1850700
11161,2085100
11162,1993900
11163,2282500
11164,2167900
11165,1799500
11166,1725000
11167,1645900
11168,2358700
11169,3729800
11170,3504200
11171,3051100
11172,2013400
11173,2074800
11174,2628900
11175,2620300
11176,2696200
11177,1687300
11178,1788700
11179,1796900
11180,1786500
11181,3002600
11182,2991500
11183,2898500
11184,1952800
11185,1802900
11186,1713000
11187,2089800
11188,1818600
11189,1871600
11190,1873300
11191,2256400
11192,1881700
11193,2080200
11194,2341300
11195,2029600
11196,1750000
11197,1635100
11198,1724600
11199,1989200
11200,1924200
11201,1880600
11202,1843100
11203,2285200
11204,2581300
11205,2327600
11206,2193500
11207,2157100
11208,1931800
11209,1799500
11210,2012100
11211,3013100
11212,3308000
11213,2566400
11214,2084900
11215,1845900
11216,1716900
11217,1958700
11218,2817500
11219,2907100
11220,2469800
11221,2228000
11222,2193000
11223,2297900
11224,2597700
11225,1847100
11226,1730200
11227,1657900
11228,1738800
11229,1820200
11230,2035900
11231,1814300
11232,2439500
11233,3234900
11234,2515700
11235,1944300
11236,1656600
11237,2171700
11238,1930900
11239,2363800
11240,2910600
11241,2831800
11242,2359900
11243,2042100
11244,1873700
11245,1926400
11246,1857400
11247,1714900
11248,1761300
11249,1858700
11250,1915200
11251,1875000
11252,1829600
11253,2341900
11254,2383000
11255,2447400
11256,2910500
11257,1921100
11258,2123300
11259,1766700
11260,2073600
11261,2103500
11262,2948300
11263,2812800
11264,2288700
11265,1900500
11266,1726900
11267,1769400
11268,2311000
11269,2368300
11270,1941300
11271,1809900
11272,1890600
11273,2006000
11274,1987900
11275,2413700
11276,2211800
11277,1820700
11278,1884800
11279,1777200
11280,1743300
11281,1901600
11282,1843600
11283,1961500
11284,2410000
11285,3516800
11286,3442100
11287,2402400
11288,2518000
11289,1847200
11290,2281500
11291,3243600
11292,2604800
11293,1865500
11294,1846500
11295,1875500
11296,1884100
11297,2257700
11298,1987900
11299,1982500
11300,1665800
11301,1758500
11302,1813600
11303,1763600
11304,1765100
11305,1983100
11306,3018800
11307,3239700
11308,2408600
11309,1822000
11310,1899000
11311,1738400
11312,1924000
11313,2019000
11314,1976100
11315,2140400
11316,2050600
11317,1904600
11318,1959100
11319,2222400
11320,2959300
11321,2779900
11322,3148300
11323,2692600
11324,1937900
11325,1851500
11326,2259000
11327,2685000
11328,2955500
11329,3023700
11330,1788100
11331,1660100
11332,1822700
11333,1991500
11334,2891100
11335,2906400
11336,2593300
11337,2282600
11338,2031500
11339,1754700
11340,1743800
11341,1711800
11342,1750800
11343,1838300
11344,2286500
11345,2213200
11346,1915100
11347,1903100
11348,2373500
11349,1883200
11350,2264000
11351,2090500
11352,1810400
11353,1781800
11354,1729500
11355,1689400
11356,2064500
11357,2935600
11358,2552800
11359,2242500
11360,2343500
11361,2118600
11362,1750600
11363,1891400
11364,1969100
11365,1719200
11366,1778100
11367,1817000
11368,1832300
11369,2261900
11370,2171800
11371,1952900
11372,2911400
11373,3482400
11374,3302400
11375,2685500
11376,2169600
11377,2089600
11378,2196400
11379,2100000
11380,1922000
11381,2065700
11382,2366500
11383,2718600
11384,2462700
11385,3183400
11386,3121000
11387,2598400
11388,2053900
11389,2285700
11390,2333400
11391,2084800
11392,2111700
11393,1874200
11394,1747600
11395,1642400
11396,1878500
11397,2202200
11398,2737100
11399,2934100
11400,2733000
11401,2320300
11402,1719600
11403,1743500
11404,1875300
11405,2176700
11406,1932400
11407,1913200
11408,1880400
11409,2063100
11410,1802100
11411,1834000
11412,1805800
11413,2985400
11414,3128700
11415,2348500
11416,1863400
11417,1738200
11418,1874700
11419,2197400
11420,2983300
11421,3184100
11422,2753600
11423,1794000
11424,1612600
11425,1676400
11426,1825500
11427,2059200
11428,1995900
11429,1737500
11430,1877400
11431,1877200
11432,2317400
11433,1972800
11434,1827100
11435,2286500
11436,2783600
11437,1956500
11438,1912500
11439,1795400
11440,1951700
11441,1958100
11442,2088900
11443,2057800
11444,2442900
11445,2495200
11446,1885100
11447,1719400
11448,1695800
11449,1803800
11450,1988800
11451,1914400
11452,1974800
11453,2394300
11454,2080300
11455,1711100
11456,1737300
11457,1759000
11458,2006300
11459,1767900
11460,1864200
11461,1983900
11462,2025100
11463,2041000
11464,2164600
11465,1794800
11466,1742900
11467,1767000
11468,1773600
11469,1825900
11470,1868200
11471,2001500
11472,1947900
11473,1964000
11474,1854600
11475,1862700
11476,1883100
11477,2161100
11478,2552200
11479,2017000
11480,1780100
11481,1731000
11482,1788200
11483,1898700
11484,1795900
11485,1863400
11486,1723800
11487,2075200
11488,1975700
11489,1823100
11490,1733300
11491,1825200
11492,1751700
11493,1817700
11494,1845200
11495,1871500
11496,2097700
11497,2555400
11498,1676400
11499,1784000
11500,1793600
11501,1777800
11502,1858200
11503,1913500
11504,1761700
11505,2089100
11506,1964900
11507,1882600
11508,1999200
11509,2065300
11510,2460800
11511,1992700
11512,1765200
11513,2017700
11514,1988700
11515,1911400
11516,1823100
11517,1859900
11518,1804700
11519,1912800
11520,1932000
11521,1697500
11522,1934700
11523,1745900
11524,1994100
11525,1752700
11526,1894900
11527,1917000
11528,1833100
11529,2405100
11530,1776300
11531,1919200
11532,1791600
11533,1954300
11534,1849300
11535,1781200
11536,1883600
11537,1948700
11538,1868600
11539,2033300
11540,2532300
11541,2012800
11542,2201200
11543,2158400
11544,1797600
11545,1825400
11546,1711400
11547,1834600
11548,2159500
11549,1876300
11550,1821200
11551,1757700
11552,1953300
11553,1774700
11554,1681600
11555,1655300
11556,1681400
11557,2041300
11558,1953800
11559,1925300
11560,1952400
11561,1827000
11562,2316600
11563,1906500
11564,1748300
11565,1797300
11566,2192500
11567,1873700
11568,1853400
11569,1815600
11570,1843200
11571,1937400
11572,1851400
11573,2066100
11574,2334600
11575,2548100
11576,2353900
11577,1793200
11578,1841400
11579,1856300
11580,1695200
11581,2398900
11582,2660400
11583,2189600
11584,2050500
11585,2426800
11586,1998300
11587,1780200
11588,1999700
11589,1900200
11590,1861500
11591,2085700
11592,1852700
11593,1954400
11594,2271100
11595,1814400
11596,1842000
11597,1810100
11598,1825500
11599,2020600
11600,1893300
11601,1917400
11602,1944200
11603,1970000
11604,1788700
11605,1927600
11606,1977200
11607,2713800
11608,2284200
11609,1703200
11610,1695200
11611,1732500
11612,1822500
11613,1855100
11614,1880800
11615,1875400
11616,2034700
11617,1906000
11618,1750900
11619,1718600
11620,1669300
11621,1796100
11622,1829500
11623,1742900
11624,1776400
11625,2250000
11626,2136100
11627,2393200
11628,1799200
11629,1709300
11630,1837700
11631,1632000
11632,1746000
11633,1902500
11634,2024800
11635,2263800
11636,1879500
11637,1787900
11638,1981800
11639,2029500
11640,2248300
11641,2219300
11642,2080800
11643,1834000
11644,1696200
11645,1856800
11646,1820100
11647,1855200
11648,1820800
11649,1943200
11650,2439900
11651,2353500
11652,1912700
11653,1811400
11654,2203300
11655,1914600
11656,1711900
11657,1832600
11658,1973500
11659,2831700
11660,1972000
11661,1794000
11662,1732900
11663,1863100
11664,1724500
11665,1828000
11666,1883800
11667,2276500
11668,2228100
11669,1958600
11670,2008500
11671,2036800
11672,2314600
11673,2111900
11674,1610900
11675,1841300
11676,1791900
11677,1975500
11678,1877800
11679,1765800
11680,1793600
11681,1795000
11682,2016000
11683,1727300
11684,1703600
11685,2022000
11686,1998300
11687,1843300
11688,1783300
11689,1799200
11690,1813600
11691,1975000
11692,2204800
11693,1806100
11694,1895400
11695,1774700
11696,1836400
11697,1789600
11698,1908500
11699,1848000
11700,1887900
11701,1923200
11702,2316600
11703,2287600
11704,2173500
11705,2353300
11706,1830600
11707,1730500
11708,1708100
11709,1682800
11710,1791100
11711,2243400
11712,1950800
11713,1860300
11714,2085900
11715,1813200
11716,1789500
11717,1697200
11718,1790400
11719,2139200
11720,2081800
11721,1947500
11722,1885100
11723,2054900
11724,2389100
11725,1799200
11726,1755500
11727,1669000
11728,2131900
11729,1876600
11730,1785500
11731,1852400
11732,1924000
11733,1860200
11734,1858600
11735,1901800
11736,2049400
11737,2420000
11738,2263700
11739,1756500
11740,1709600
11741,1633600
11742,1744000
11743,2106300
11744,2019300
11745,1912000
11746,2138100
11747,2051400
11748,1839000
11749,1645500
11750,1709300
11751,1732800
11752,1801100
11753,1884100
11754,2022600
11755,1972100
11756,1943200
11757,2457900
11758,1696000
11759,1665500
11760,1874300
11761,2151500
11762,2549800
11763,2405900
11764,2469500
11765,2277700
11766,2065900
11767,2404100
11768,2374100
11769,2592700
11770,2723300
11771,1966100
11772,1830300
11773,1705600
11774,1982000
11775,1875000
11776,1813800
11777,1872100
11778,2473000
11779,2321900
11780,1859400
11781,1748600
11782,1728400
11783,1797400
11784,1763400
11785,1852200
11786,1823600
11787,2305100
11788,2293000
11789,2053300
11790,1754700
11791,1949800
11792,1849100
11793,1679900
11794,1749300
11795,2530800
11796,1992800
11797,1892600
11798,1822100
11799,1892200
11800,1842900
11801,2000800
11802,2337400
11803,2169400
11804,1794700
11805,1706600
11806,1735100
11807,1799000
11808,1753400
11809,1801500
11810,1892200
11811,1733600
11812,2289600
11813,1912200
11814,1725800
11815,1790100
11816,1879000
11817,1835000
11818,1831400
11819,1803800
11820,2225100
11821,2690200
11822,1938600
11823,1961700
11824,1707000
11825,1731300
11826,1817800
11827,1752800
11828,1856600
11829,1946100
11830,2235100
11831,2051000
11832,1890500
11833,1837400
11834,1990200
11835,2352200
11836,1785600
11837,1790100
11838,1814300
11839,2006400
11840,1922400
11841,1820100
11842,1770500
11843,1963300
11844,2171200
11845,1772800
11846,1674300
11847,2284700
11848,2062400
11849,1872500
11850,1951400
11851,1813300
11852,1847200
11853,2100400
11854,2043700
11855,1945800
11856,2176900
11857,1849900
11858,1810300
11859,1821700
11860,1769200
11861,1785900
11862,1935000
11863,1820000
11864,1993500
11865,2031300
11866,2011300
11867,2499100
11868,1859100
11869,1716600
11870,1580300
11871,1708500
11872,1696100
11873,2125200
11874,1811800
11875,1906200
11876,2011400
11877,2151900
11878,1858300
11879,1666600
11880,1742600
11881,2021200
11882,3600700
11883,2648200
11884,2342200
11885,2355200
11886,2491600
11887,2578500
11888,2312900
11889,1920200
11890,2000000
11891,1964100
11892,2003700
11893,1994800
11894,2123300
11895,2118100
11896,2452500
11897,2230500
11898,2317700
11899,2699700
11900,2300900
11901,1942800
11902,1915400
11903,1835700
11904,1978200
11905,1901800
11906,2002100
11907,1904100
11908,1819100
11909,2077400
11910,1966500
11911,1758500
11912,1722700
11913,2077300
11914,1890700
11915,1809100
11916,1817300
11917,2117700
11918,2200600
11919,2220700
11920,1699900
11921,1962600
11922,1740400
11923,1686700
11924,1813100
11925,1715800
11926,2096600
11927,1937200
11928,1785600
11929,1800800
11930,1852500
11931,1904200
11932,2205900
11933,2247700
11934,2102100
11935,1765400
11936,1651200
11937,1803800
11938,1923200
11939,1934800
11940,1811100
11941,1823500
11942,1972400
11943,2070400
11944,1713400
11945,1791000
11946,1649600
11947,1994900
11948,1987800
11949,1823300
11950,1787400
11951,2186200
11952,2485800
11953,2343400
11954,1803600
11955,1841300
11956,1768100
11957,1897300
11958,1828700
11959,2009800
11960,1925200
11961,1774600
11962,1878100
11963,1848100
11964,2183300
11965,2312700
11966,2572800
11967,1976600
11968,1818800
11969,1639500
11970,1829500
11971,1702400
11972,1766500
11973,2146100
11974,1964600
11975,2022100
11976,1943000
11977,1781200
11978,1709600
11979,1901900
11980,1756300
11981,1760600
11982,1957100
11983,1998400
11984,1985900
11985,2285100
11986,1811200
11987,1832600
11988,1634400
11989,1750400
11990,1933800
11991,1992600
11992,1885000
11993,1854700
11994,1872300
11995,2026400
11996,1834900
11997,1922000
11998,2289900
11999,3201000
12000,1977400
12001,1722300
12002,1716400
12003,1920300
12004,1783200
12005,1770700
12006,1825900
12007,2252000
12008,2306900
12009,1785800
12010,1694000
12011,1777800
12012,1867600
12013,1763200
12014,1838800
12015,1760200
12016,2535100
12017,2124900
12018,2189700
12019,1731800
12020,1814900
12021,1652400
12022,1769000
12023,1735200
12024,2165800
12025,2418200
12026,1939800
12027,1869300
12028,1740600
12029,1910600
12030,1922600
12031,2246400
12032,2116300
12033,1972600
12034,1759300
12035,1832500
12036,1743300
12037,1709500
12038,1855600
12039,1830600
12040,1839500
12041,2109200
12042,2066000
12043,1789200
12044,1622600
12045,1703100
12046,1714900
12047,1801000
12048,1725000
12049,1940000
12050,2140200
12051,2698700
12052,1866400
12053,1681000
12054,1711400
12055,1712200
12056,1707300
12057,1821100
12058,1942600
12059,1813300
12060,2001200
12061,1809600
12062,1849400
12063,2111700
12064,2373200
12065,1950600
12066,1709400
12067,1689900
12068,1933700
12069,1981200
12070,1866700
12071,1832500
12072,1827600
12073,2329100
12074,1894900
12075,1708300
12076,1566400
12077,2178700
12078,1817400
12079,1711600
12080,1842900
12081,1856300
12082,1977500
12083,2412900
12084,1818300
12085,1672800
12086,2136400
12087,2060800
12088,1749100
12089,1842500
12090,2333900
12091,2455700
12092,2147200
12093,2086200
12094,2488300
12095,2759900
12096,2608100
12097,2096100
12098,1805800
12099,1736200
12100,1805000
12101,1835500
12102,2008500
12103,1945700
12104,1765100
12105,1986500
12106,2128400
12107,1753500
12108,1599200
12109,1625900
12110,1822900
12111,2378100
12112,1977100
12113,1944600
12114,1982600
12115,2420300
12116,1856000
12117,1695900
12118,1677000
12119,2076600
12120,1811200
12121,1961000
12122,1874000
12123,1803000
12124,1860700
12125,1771300
12126,1733600
12127,1839600
12128,2366800
12129,2576000
12130,1782900
12131,1720200
12132,1780900
12133,1756500
12134,1836200
12135,1872700
12136,1977700
12137,2255100
12138,2197100
12139,1703700
12140,1793800
12141,1725000
12142,1720100
12143,1752900
12144,1802100
12145,2303200
12146,2224400
12147,1992300
12148,2293200
12149,1678300
12150,1738700
12151,1623800
12152,1642400
12153,1675200
12154,2105200
12155,1917900
12156,2018200
12157,1930500
12158,1824900
12159,1868200
12160,1766400
12161,2675600
12162,3254800
12163,2135300
12164,1976500
12165,1802000
12166,1933700
12167,1935400
12168,1800300
12169,1888000
12170,2288900
12171,2568900
12172,1839500
12173,1697400
12174,1821900
12175,1761400
12176,1689900
12177,1727100
12178,1866700
12179,2079800
12180,2036300
12181,2223900
12182,1703400
12183,1601600
12184,1657800
12185,1651000
12186,1747400
12187,1965900
12188,2172700
12189,1964300
12190,1963800
12191,1869900
12192,1815800
12193,1936700
12194,2091800
12195,2379000
12196,2073900
12197,1893400
12198,1726700
12199,1890300
12200,1791200
12201,1865200
12202,1989300
12203,1920500
12204,2022700
12205,1947200
12206,1830300
12207,1656100
12208,1734600
12209,1820900
12210,1812400
12211,1829700
12212,2215600
12213,2173900
12214,2453000
12215,1750600
12216,1838900
12217,1710300
12218,1715000
12219,1829900
12220,2092900
12221,1978300
12222,2087100
12223,2098200
12224,1873800
12225,1832000
12226,2152500
12227,2737800
12228,2066300
12229,1754900
12230,1819400
12231,2194600
12232,1760200
12233,1767600
12234,1860200
12235,1934400
12236,1891100
12237,1898000
12238,1774500
12239,1729800
12240,1793700
12241,1875100
12242,1757500
12243,1766100
12244,1984000
12245,1859400
12246,2273300
12247,1908500
12248,1861700
12249,1668500
12250,1780300
12251,1695900
12252,1816700
12253,1857200
12254,1892800
12255,1928400
12256,1823900
12257,2083700
12258,2143300
12259,1917100
12260,2247700
12261,2196400
12262,1832000
12263,1675800
12264,1640000
12265,1779400
12266,2156900
12267,1828500
12268,1793300
12269,2017600
12270,2159000
12271,1830100
12272,1673000
12273,1644800
12274,1852300
12275,2034900
12276,1873600
12277,1807700
12278,2082500
12279,1956900
12280,2366100
12281,1687200
12282,1717700
12283,2001300
12284,2070600
12285,1828800
12286,2725400
12287,2923300
12288,2867100
12289,2424800
12290,2273600
12291,2207100
12292,2367900
12293,2577200
12294,2029200
12295,1793300
12296,1686200
12297,1976500
12298,1958400
12299,2048500
12300,1974700
12301,1851800
12302,2103100
12303,1832900
12304,1668500
12305,1583800
12306,1739500
12307,1883900
12308,2275200
12309,2105200
12310,1817400
12311,2041600
12312,1983100
12313,1696300
12314,1636700
12315,1681700
12316,2301600
12317,1875900
12318,1804100
12319,1903600
12320,1861700
12321,1823700
12322,1814500
12323,1760000
12324,2331200
12325,2662200
12326,2177700
12327,1726900
12328,1726200
12329,1726000
12330,1753100
12331,1692000
12332,2105400
12333,2552900
12334,1986200
12335,1998800
12336,1699600
12337,1642100
12338,1743600
12339,1784200
12340,1777600
12341,1881100
12342,1941200
12343,2036200
12344,2342600
12345,1837300
12346,1681800
12347,1673300
12348,1723400
12349,1828000
12350,1839400
12351,1961900
12352,1799800
12353,1811100
12354,1725100
12355,1729100
12356,1865400
12357,1948600
12358,2674900
12359,2111600
12360,2385000
12361,1689700
12362,1722400
12363,1760200
12364,1785400
12365,2074000
12366,2074000
12367,2073100
12368,2105000
12369,1762100
12370,1627800
12371,1682400
12372,1768800
12373,1909400
12374,2266900
12375,2250200
12376,2389000
12377,2487100
12378,1809200
12379,1754300
12380,1878100
12381,2108900
12382,1974900
12383,1827200
12384,1901300
12385,2002700
12386,1902200
12387,1795400
12388,1912500
12389,2203700
12390,2598400
12391,1920800
12392,1715100
12393,2017800
12394,1871600
12395,1718400
12396,1731400
12397,1774200
12398,2386800
12399,2519100
12400,2202600
12401,2487800
12402,2196100
12403,1977300
12404,2040600
12405,2251400
12406,2367300
12407,2482200
12408,2644600
12409,2161200
12410,1874100
12411,1959300
12412,2231200
12413,2134700
12414,2074200
12415,2353800
12416,2260300
12417,2098900
12418,2039100
12419,2422600
12420,2518000
12421,2622200
12422,1943700
12423,1845300
12424,2200100
12425,2049900
12426,2068800
12427,2062000
12428,2107100
12429,2167900
12430,2063100
12431,1967000
12432,2058100
12433,2235600
12434,2056400
12435,1932100
12436,1872300
12437,2021900
12438,2003200
12439,2701700
12440,2209000
12441,2372900
12442,2667000
12443,2470900
12444,2432600
12445,2218900
12446,3133600
12447,2709800
12448,2344700
12449,2017700
12450,2057600
12451,2325700
12452,2870600
12453,2135100
12454,2317200
12455,1988600
12456,2026000
12457,2118000
12458,2044500
12459,2175800
12460,2176800
12461,2275000
12462,2435400
12463,2001600
12464,1906600
12465,2029700
12466,1926600
12467,2072700
12468,2041000
12469,2481200
12470,2426300
12471,2623700
12472,2075300
12473,1865800
12474,1774500
12475,1975200
12476,2075600
12477,2587700
12478,2111400
12479,2087300
12480,2146500
12481,2088300
12482,1988100
12483,2376100
12484,3225900
12485,2382400
12486,1902500
12487,1782800
12488,2088800
12489,2055500
12490,2145600
12491,2321000
12492,2441300
12493,2260400
12494,1892600
12495,1875100
12496,1868900
12497,1938500
12498,2107100
12499,2182700
12500,2409800
12501,2200900
12502,2533400
12503,1954900
12504,2020200
12505,1780400
12506,2079700
12507,1961800
12508,2336500
12509,2066700
12510,2340400
12511,2105500
12512,1982700
12513,2260400
12514,2324800
12515,3794700
12516,2388900
12517,1888400
12518,1888900
12519,1989500
12520,2078500
12521,2052000
12522,2057900
12523,2424000
12524,2220400
12525,1925200
12526,1808700
12527,2008200
12528,2021600
12529,2050300
12530,1982500
12531,2246600
12532,2036200
12533,2118300
12534,2057000
12535,2853400
12536,1952600
12537,1891000
12538,2054200
12539,2344800
12540,1939900
12541,2046200
12542,2027000
12543,2252200
12544,2091200
12545,2163000
12546,2319300
12547,2850200
12548,2762000
12549,2186100
12550,1969200
12551,1945000
12552,1983900
12553,1949600
12554,2424600
12555,2195700
12556,2171400
12557,2332600
12558,2053900
12559,1854000
12560,1938000
12561,1985400
12562,2251500
12563,2182600
12564,2392900
12565,2160500
12566,2504700
12567,1971000
12568,1869200
12569,2714700
12570,3180600
12571,4853800
12572,2224800
12573,3621400
12574,4534100
12575,5672500
12576,3876700
12577,3297800
12578,3231900
12579,4073400
12580,4533000
12581,3284300
12582,1986800
12583,2234800
12584,2724600
12585,1994300
12586,1864400
12587,1947400
12588,1828900
12589,1953200
12590,1804700
12591,1969300
12592,1866200
12593,1877400
12594,1698900
12595,1817600
12596,1913800
12597,1824200
12598,2303000
12599,2376900
12600,2130000
12601,1734400
12602,1753000
12603,1754900
12604,1747100
12605,1810600
12606,1809700
12607,1861400
12608,1927100
12609,2143200
12610,1889200
12611,2052500
12612,2385900
12613,1800600
12614,1684300
12615,1654700
12616,1799900
12617,1943700
12618,2242000
12619,1964700
12620,1818800
12621,1845500
12622,2000500
12623,1720500
12624,1796100
12625,1732300
12626,2413000
12627,1993200
12628,1833000
12629,1758800
12630,1960800
12631,2264400
12632,1858200
12633,1720800
12634,1775000
12635,2097600
12636,1797500
12637,1891800
12638,1814300
12639,1785700
12640,1978600
12641,1863100
12642,1974900
12643,2215200
12644,2716400
12645,2980700
12646,2234400
12647,1870300
12648,1827400
12649,1972400
12650,2004000
12651,2598700
12652,2006800
12653,1918200
12654,1823000
12655,2124100
12656,1712500
12657,1764200
12658,1668000
12659,2000100
12660,1859600
12661,1773100
12662,1745100
12663,1806500
12664,2308500
12665,2115400
12666,1895900
12667,1684200
12668,2069200
12669,1867600
12670,1802200
12671,1723300
12672,1888100
12673,1938600
12674,2115400
12675,1846800
12676,1854800
12677,2108400
12678,2155200
12679,1911100
12680,1743800
12681,1961300
12682,1702600
12683,1858700
12684,1726400
12685,2061700
12686,2178900
12687,1890900
12688,2082600
12689,1778100
12690,1784100
12691,1639200
12692,1683400
12693,1716800
12694,1945200
12695,1924400
12696,1898100
12697,1992400
12698,2405800
12699,1870700
12700,1640200
12701,1691300
12702,1912000
12703,1907400
12704,1901000
12705,1908800
12706,1870400
12707,2069900
12708,1918800
12709,1845400
12710,1795800
12711,2176600
12712,2820200
12713,1909700
12714,1716900
12715,1821700
12716,1904800
12717,1737100
12718,1787000
12719,1815700
12720,2019600
12721,2519200
12722,1810100
12723,1812800
12724,1766000
12725,1706400
12726,1709500
12727,1806000
12728,1816800
12729,2299200
12730,2066600
12731,2405500
12732,1796800
12733,1739800
12734,1658900
12735,1779900
12736,1686900
12737,1716800
12738,2428800
12739,2154300
12740,1965900
12741,1849400
12742,1779800
12743,1856000
12744,2051900
12745,2348900
12746,1943100
12747,1683900
12748,1992500
12749,1954100
12750,1818900
12751,1919800
12752,1762000
12753,1855900
12754,2091500
12755,1964800
12756,1882300
12757,1658800
12758,1764600
12759,1765900
12760,1902800
12761,1757000
12762,1773800
12763,1852100
12764,3266200
12765,1969400
12766,1718800
12767,1797300
12768,1659100
12769,1824200
12770,1814400
12771,1890100
12772,2130600
12773,2623900
12774,2384000
12775,1972000
12776,2014200
12777,2425600
12778,2261000
12779,2182400
12780,2219400
12781,2132700
12782,2607400
12783,2288300
12784,2402500
12785,2436900
12786,2461700
12787,2155000
12788,1731400
12789,1680000
12790,1780800
12791,1741900
12792,1775100
12793,1808600
12794,1893800
12795,2254900
12796,2636200
12797,1778400
12798,1695600
12799,1764800
12800,1843800
12801,1822500
12802,1868800
12803,2085600
12804,2045000
12805,1981500
12806,1809500
12807,1792800
12808,2140300
12809,2324300
12810,2338900
12811,1708900
12812,1684800
12813,1812800
12814,1835300
12815,1676300
12816,1705900
12817,1765300
12818,1981100
12819,2409500
12820,2037200
12821,1844700
12822,2039600
12823,1875600
12824,1750600
12825,1655200
12826,1841800
12827,2065000
12828,1992800
12829,2365500
12830,1831300
12831,1767700
12832,1683300
12833,1753400
12834,1815400
12835,1888600
12836,1979000
12837,1906800
12838,1824600
12839,1951500
12840,2438300
12841,2237400
12842,2246300
12843,2120800
12844,1772600
12845,1592700
12846,1720400
12847,1906800
12848,1812000
12849,1762800
12850,1812300
12851,1891600
12852,2086900
12853,1788600
12854,1707000
12855,1578100
12856,1764900
12857,2204700
12858,1946100
12859,1927300
12860,2192200
12861,2101300
12862,2378700
12863,1879300
12864,1747100
12865,1947000
12866,1902500
12867,1792500
12868,1897300
12869,1936800
12870,1921400
12871,1772400
12872,1821100
12873,1965600
12874,2256800
12875,2649200
12876,2140900
12877,1769700
12878,1735300
12879,1898700
12880,1804600
12881,1807800
12882,2105500
12883,1991200
12884,2283600
12885,2976700
12886,2458000
12887,2782700
12888,3020400
12889,3303500
12890,2810000
12891,2412400
12892,2422500
12893,2824300
12894,1933000
12895,2275600
12896,2210800
12897,1944900
12898,1965900
12899,2018100
12900,2119300
12901,2030600
12902,1999100
12903,2550900
12904,2438000
12905,2618600
12906,2696600
12907,2007100
12908,1824800
12909,1859900
12910,2142200
12911,2333900
12912,2145900
12913,2069900
12914,1862200
12915,2067700
12916,1697700
12917,1662900
12918,1791100
12919,2185800
12920,1953400
12921,1876900
12922,1777100
12923,1795600
12924,1981900
12925,2117800
12926,1783600
12927,2403000
12928,2525100
12929,2335800
12930,2340800
12931,2442700
12932,2219500
12933,2371700
12934,2243200
12935,2399800
12936,2355000
12937,2495500
12938,2241900
12939,1861500
12940,1870100
12941,2028000
12942,2414600
12943,2075200
12944,2121400
12945,2287500
12946,2230900
12947,2354500
12948,2237800
12949,2399500
12950,2431600
12951,2047200
12952,2056100
12953,2186300
12954,2516300
12955,2700200
12956,2093000
12957,2288000
12958,1753200
12959,1854400
12960,1669500
12961,1938900
12962,2087000
12963,1914900
12964,1902800
12965,1988400
12966,2139900
12967,1886700
12968,2243000
12969,2229300
12970,1808500
12971,1743900
12972,1770300
12973,1757800
12974,2036600
12975,1936500
12976,1910300
12977,1926500
12978,2047500
12979,1711400
12980,1671000
12981,1751400
12982,1696700
12983,1930800
12984,1859900
12985,1843500
12986,1998700
12987,2030500
12988,2343300
12989,1768600
12990,1755300
12991,1953200
12992,2229300
12993,1860700
12994,1787100
12995,1996200
12996,1922700
12997,1815300
12998,1748800
12999,1844900
13000,2288500
13001,2277400
13002,2313400
13003,1867300
13004,1790800
13005,1781700
13006,1832300
13007,1796200
13008,1975500
13009,2086000
13010,1956100
13011,2080100
13012,1730000
13013,1725300
13014,1656300
13015,1739400
13016,1809300
13017,2057700
13018,2074600
13019,1929700
13020,2492000
13021,2362700
13022,1714200
13023,1683400
13024,1599000
13025,1904900
13026,2091000
13027,2005200
13028,2006600
13029,1786300
13030,1912500
13031,1839000
13032,1785400
13033,1890400
13034,3627400
13035,2368000
13036,1868900
13037,1767700
13038,1777900
13039,1800200
13040,1822400
13041,1813900
13042,1974700
13043,2336000
13044,1741400
13045,1759300
13046,1635300
13047,1762500
13048,1765300
13049,1747800
13050,1864100
13051,2049800
13052,2541500
13053,2629800
13054,2048500
13055,1981600
13056,2013200
13057,2093400
13058,2045400
13059,2613500
13060,2035300
13061,1960300
13062,1870700
13063,1971600
13064,1878200
13065,2220100
13066,2415700
13067,2132100
13068,1794000
13069,1603400
13070,1673600
13071,1780700
13072,1904600
13073,1868700
13074,1883000
13075,2374400
13076,3237700
13077,1865300
13078,1807600
13079,2104800
13080,2133500
13081,1943000
13082,1756500
13083,2352700
13084,2651700
13085,2334500
13086,1764100
13087,1674900
13088,1733700
13089,1843700
13090,1904700
13091,1963900
13092,2157700
13093,1810200
13094,1861000
13095,1782200
13096,1772500
13097,1813000
13098,2113700
13099,2394400
13100,1865500
13101,1858600
13102,1809200
13103,1760600
13104,1812400
13105,1902000
13106,1782600
13107,2084300
13108,2083200
13109,1821500
13110,1738800
13111,1639100
13112,1705700
13113,1772900
13114,1827000
13115,1932700
13116,2060700
13117,2020200
13118,2469400
13119,2055600
13120,1691000
13121,1699700
13122,1686500
13123,1782000
13124,1978400
13125,1893800
13126,1964800
13127,2162800
13128,1972600
13129,1866300
13130,2008000
13131,2573600
13132,2145900
13133,1771500
13134,1658200
13135,2018700
13136,2055500
13137,1867100
13138,1786000
13139,1948300
13140,1993600
13141,2027400
13142,1700600
13143,1843200
13144,1971200
13145,2096200
13146,1996500
13147,1983600
13148,2126300
13149,2202400
13150,2413700
13151,2682900
13152,2084100
13153,1977000
13154,1872500
13155,2333600
13156,2126300
13157,1878300
13158,1866900
13159,1917200
13160,2342400
13161,1971400
13162,1837700
13163,1970000
13164,2354000
13165,2135500
13166,1752600
13167,1732200
13168,1683800
13169,1975000
13170,1783200
13171,2047100
13172,1833700
13173,1893800
13174,2093300
13175,1739900
13176,1678100
13177,1863800
13178,1869500
13179,2153400
13180,1928100
13181,1838100
13182,1900200
13183,2138400
13184,2106100
13185,1870000
13186,2025200
13187,1853100
13188,1860700
13189,1851400
13190,1837900
13191,1877500
13192,1997500
13193,2079900
13194,2174800
13195,2027700
13196,1996100
13197,2144300
13198,2142400
13199,1825200
13200,1659300
13201,1643200
13202,1749900
13203,2066300
13204,1917500
13205,1870800
13206,1832200
13207,2234800
13208,1783200
13209,1732400
13210,1725000
13211,1703100
13212,2376400
13213,1995000
13214,1854000
13215,1840900
13216,1815600
13217,2321700
13218,1722300
13219,1745100
13220,1841700
13221,2108100
13222,1763800
13223,1778400
13224,1866000
13225,1884900
13226,1955300
13227,1981600
13228,1876500
13229,2121300
13230,2221500
13231,2440100
13232,2108800
13233,2010100
13234,1999300
13235,2041400
13236,2135800
13237,2691500
13238,2300500
13239,2047600
13240,2198100
13241,1760000
13242,1691000
13243,1745500
13244,2112100
13245,2036700
13246,1774700
13247,1854800
13248,1942700
13249,2026000
13250,2342200
13251,1913100
13252,1745500
13253,1689700
13254,2035800
13255,1869400
13256,1745600
13257,1823300
13258,2086900
13259,1905100
13260,1923100
13261,1982700
13262,1898400
13263,2244900
13264,2182800
13265,1788600
13266,1770700
13267,1878900
13268,1925300
13269,1765800
13270,1878400
13271,2320900
13272,2108900
13273,2111900
13274,1778100
13275,1811900
13276,2082900
13277,2122000
13278,1850700
13279,2156800
13280,1962500
13281,1980700
13282,2184100
13283,2599400
13284,1786700
13285,1865000
13286,1862200
13287,2033100
13288,2102300
13289,1952700
13290,1959300
13291,2262700
13292,2076200
13293,2563900
13294,2326100
13295,2608900
13296,2509200
13297,1796100
13298,2012800
13299,1711000
13300,1816300
13301,1905800
13302,1830600
13303,2345200
13304,2341700
13305,1955500
13306,1780700
13307,1847000
13308,1649800
13309,1790000
13310,1795900
13311,1730300
13312,1889600
13313,1914400
13314,1967200
13315,2307600
13316,1757200
13317,1830900
13318,1710000
13319,1764400
13320,1778900
13321,2196400
13322,2283700
13323,2014100
13324,1813600
13325,1752200
13326,1760400
13327,1865300
13328,2109400
13329,2465600
13330,1825700
13331,1835700
13332,1645000
13333,1714000
13334,1744400
13335,1769100
13336,1865400
13337,1872500
13338,2195400
13339,2626600
13340,1738000
13341,1615500
13342,1697000
13343,1912600
13344,1736700
13345,1815900
13346,1770600
13347,2356400
13348,2462400
13349,1849200
13350,1746600
13351,1756800
13352,1735700
13353,1670300
13354,1830800
13355,2005000
13356,2539500
13357,2062200
13358,1885700
13359,1964200
13360,1895800
13361,2211500
13362,2253200
13363,1928600
13364,1843400
13365,1765200
13366,1875500
13367,1807100
13368,1811400
13369,1808800
13370,1982700
13371,2122500
13372,1959200
13373,1906100
13374,1758900
13375,1790200
13376,1818500
13377,1803300
13378,1783000
13379,1982500
13380,1919000
13381,2527500
13382,1860200
13383,1695600
13384,1800300
13385,1858700
13386,1846100
13387,1801900
13388,1847000
13389,2231900
13390,3194900
13391,2522700
13392,2387400
13393,2082000
13394,2256700
13395,2828200
13396,1986800
13397,2134300
13398,2074400
13399,1814300
13400,1958400
13401,2130400
13402,2076500
13403,2256500
13404,3170600
13405,2799100
13406,2332400
13407,2247900
13408,2365400
13409,2608200
13410,2512100
13411,2342200
13412,2276100
13413,2360500
13414,1796900
13415,1804400
13416,1840200
13417,2922400
13418,2653100
13419,2568700
13420,1911000
13421,1940300
13422,1942400
13423,1974100
13424,1866200
13425,1985300
13426,2173500
13427,2573100
13428,1790400
13429,1767300
13430,1672000
13431,2093600
13432,2162600
13433,2306800
13434,2670300
13435,3441400
13436,2157500
13437,1920400
13438,2036500
13439,2054200
13440,2032300
13441,1914900
13442,2096300
13443,2176100
13444,2578000
13445,2366300
13446,1809200
13447,1755500
13448,2072400
13449,1961400
13450,2452200
13451,2120000
13452,2055800
13453,2677100
13454,2588900
13455,2339300
13456,2426200
13457,2971900
13458,2434200
13459,2028900
13460,1778200
13461,1750700
13462,1696900
13463,1762900
13464,1861200
13465,2133200
13466,2129000
13467,2155800
13468,1673700
13469,1778700
13470,1699200
13471,1806500
13472,1740900
13473,1691300
13474,1962800
13475,1941300
13476,2097500
13477,2344100
13478,1807700
13479,1655400
13480,1650800
13481,1900300
13482,1761700
13483,2202000
13484,1931000
13485,1861400
13486,2028700
13487,1864700
13488,1798000
13489,1959400
13490,2291300
13491,2668800
13492,2343500
13493,2695100
13494,2545000
13495,2015900
13496,1793700
13497,1865300
13498,2217700
13499,2495900
13500,2642400
13501,2178200
13502,2010000
13503,1821000
13504,1684100
13505,1749500
13506,1881200
13507,2302700
13508,2399700
13509,1956200
13510,1684800
13511,1669400
13512,1653600
13513,1771100
13514,1697100
13515,2275200
13516,2350400
13517,1997900
13518,1798400
13519,1879700
13520,1974800
13521,1999000
13522,2324300
13523,2392400
13524,1804300
13525,1773600
13526,1906500
13527,1851100
13528,1890000
13529,1840300
13530,1779600
13531,2265200
13532,3125000
13533,2593700
13534,2083500
13535,1732600
13536,1901400
13537,1799500
13538,2817400
13539,3527700
13540,3079600
13541,1885400
13542,1742100
13543,1708200
13544,1854000
13545,1890400
13546,2034900
13547,2390600
13548,1943700
13549,1869400
13550,1917000
13551,1786900
13552,2031700
13553,3375900
13554,3230300
13555,2168400
13556,1859700
13557,1908300
13558,1752100
13559,1915400
13560,1929400
13561,1863300
13562,2125900
13563,1863700
13564,1799600
13565,1774800
13566,1809000
13567,2825200
13568,3853500
13569,3438300
13570,3372400
13571,2600000
13572,2263900
13573,1843100
13574,1855700
13575,1751000
13576,1851700
13577,2075700
13578,2061300
13579,1943300
13580,1949700
13581,1823400
13582,1848900
13583,1815100
13584,2431200
13585,2078500
13586,1864600
13587,1654800
13588,2086600
13589,2825400
13590,2634800
13591,2236500
13592,1961000
13593,2360700
13594,1955200
13595,1960100
13596,2800600
13597,2567900
13598,1950600
13599,1849300
13600,2233300
13601,2006300
13602,2333900
13603,3324200
13604,2522700
13605,1935300
13606,1813700
13607,1762100
13608,2011100
13609,2079300
13610,1924900
13611,1937700
13612,1958400
13613,1805400
13614,1881600
13615,2172900
13616,2271000
13617,2055000
13618,2768400
13619,2657500
13620,2293300
13621,1746100
13622,1933000
13623,1984100
13624,2653400
13625,2164800
13626,1789400
13627,1690500
13628,1853700
13629,1764400
13630,1720100
13631,1954500
13632,2763000
13633,2960200
13634,2955900
13635,3389700
13636,2685400
13637,2337800
13638,2575100
13639,2230600
13640,2032000
13641,2042100
13642,2158300
13643,2094200
13644,2131000
13645,2728400
13646,3296800
13647,3304700
13648,2355700
13649,1842900
13650,1734700
13651,2008900
13652,3085600
13653,2999300
13654,2252000
13655,1856600
13656,2118100
13657,2481100
13658,2707600
13659,2727100
13660,2301900
13661,1769200
13662,1767500
13663,1784900
13664,2149000
13665,2164600
13666,2572200
13667,2072900
13668,1714700
13669,1741400
13670,1731000
13671,1750000
13672,1893400
13673,2286200
13674,1880600
13675,2120500
13676,1921900
13677,1892900
13678,1831800
13679,2102300
13680,1940200
13681,1918100
13682,1694300
13683,1663900
13684,1931900
13685,2080800
13686,1823700
13687,1914000
13688,1933700
13689,2630900
13690,2739200
13691,2551500
13692,1890500
13693,1859000
13694,2093500
13695,1731000
13696,2179300
13697,2896600
13698,2540300
13699,2277600
13700,2181600
13701,1821000
13702,1941900
13703,1973300
13704,1804100
13705,1816700
13706,1813000
13707,1974900
13708,2354300
13709,1899200
13710,1876800
13711,2226700
13712,2811800
13713,2358800
13714,2004500
13715,1827300
13716,2153100
13717,1969200
13718,2137200
13719,2644200
13720,2452600
13721,2102600
13722,1620500
13723,1957700
13724,1882000
13725,1734100
13726,1740400
13727,2632400
13728,2279200
13729,1876500
13730,1654300
13731,1555100
13732,1778700
13733,1854000
13734,1790200
13735,1746500
13736,1759900
13737,1842100
13738,1719800
13739,3980500
13740,2200300
13741,2058800
13742,2745000
13743,2624800
13744,2158200
13745,1634100
13746,1706400
13747,1625800
13748,1763700
13749,2043400
13750,1884900
13751,1741200
13752,1620600
13753,1803200
13754,1734200
13755,1801800
13756,1641700
13757,1880200
13758,2489600
13759,3172300
13760,2514000
13761,1891800
13762,1708700
13763,1666400
13764,1647800
13765,1879100
13766,1994500
13767,1852000
13768,1640100
13769,1730900
13770,1731300
13771,1713300
13772,1661200
13773,1635500
13774,1812700
13775,1835600
13776,1815300
13777,1712000
13778,1624300
13779,1618400
13780,1715300
13781,1636100
13782,1630900
13783,1990700
13784,3207900
13785,3326900
13786,3417700
13787,2063700
13788,1855200
13789,1803600
13790,1799200
13791,1903700
13792,1613700
13793,1728200
13794,1579100
13795,1649200
13796,1624100
13797,1678500
13798,1641400
13799,1793700
13800,2916300
13801,2843600
13802,1993400
13803,1565200
13804,1661900
13805,1590100
13806,1638600
13807,1720600
13808,1728700
13809,2013800
13810,1833300
13811,1718100
13812,1681500
13813,1567400
13814,1659900
13815,1558800
13816,1699300
13817,2607800
13818,2563900
13819,2922900
13820,1702200
13821,1587100
13822,1658000
13823,1885700
13824,1866900
13825,1743700
13826,1567700
13827,2002300
13828,1637700
13829,1661200
13830,1629600
13831,1602600
13832,1627500
13833,2276800
13834,2844000
13835,2406400
13836,1995300
13837,1675900
13838,1628700
13839,1541400
13840,1686100
13841,1828900
13842,1781500
13843,1761900
13844,1569400
13845,2117400
13846,1751500
13847,1597700
13848,1696200
13849,1715700
13850,2267300
13851,2860500
13852,2230000
13853,1897900
13854,1727000
13855,1694700
13856,1694800
13857,1889900
13858,1675800
13859,1647200
13860,1698900
13861,1677600
13862,1649400
13863,2095800
13864,1771200
13865,1628500
13866,1747800
13867,2319700
13868,2502800
13869,2059200
13870,1597400
13871,1741800
13872,2118900
13873,1780200
13874,1923400
13875,2921800
13876,3348200
13877,2907400
13878,2292100
13879,1905400
13880,1940600
13881,1857200
13882,1914000
13883,1870500
13884,1757900
13885,1865300
13886,1760800
13887,2215600
13888,2202800
13889,2981200
13890,3101100
13891,2446000
13892,1960000
13893,1817000
13894,2242300
13895,1996300
13896,1925100
13897,1633400
13898,1797300
13899,1726100
13900,1652500
13901,1561700
13902,1657500
13903,1724400
13904,1975600
13905,2677100
13906,2434200
13907,1958600
13908,1597800
13909,1631500
13910,1612100
13911,1641900
13912,1779000
13913,1631200
13914,1600300
13915,1724400
13916,1676700
13917,1587200
13918,1524000
13919,1555000
13920,1710300
13921,1669200
13922,2872200
13923,4141800
13924,3835600
13925,3626500
13926,3600000
13927,3516700
13928,2887400
13929,3697200
13930,4260300
13931,2963200
13932,3070800
13933,2866000
13934,2005500
13935,1953600
13936,1847900
13937,2157300
13938,2668400
13939,2087400
13940,1962300
13941,1811900
13942,1886500
13943,1822400
13944,1782500
13945,2342100
13946,2954400
13947,2450900
13948,2199100
13949,1686700
13950,1637600
13951,1639400
13952,1738900
13953,1584100
13954,1625900
13955,2182900
13956,1825000
13957,1836800
13958,1571100
13959,1554400
13960,1673100
13961,2159100
13962,2973500
13963,2943300
13964,2751800
13965,1866000
13966,1820500
13967,1856000
13968,1899400
13969,1845200
13970,1916500
13971,2053600
13972,2049700
13973,1943300
13974,1744500
13975,1814500
13976,2072300
13977,2021900
13978,1842600
13979,1948500
13980,2173200
13981,2072900
13982,2163600
13983,1716000
13984,1843300
13985,3012700
13986,2630900
13987,2586200
13988,2109100
13989,1985700
13990,1906000
13991,2510100
13992,3015600
13993,2552200
13994,2586800
13995,2375300
13996,2158000
13997,2301100
13998,2168100
13999,2244900
14000,1865600
14001,1884200
14002,2101700
14003,2039300
14004,1981000
14005,2494000
14006,3370000
14007,3407600
14008,2203600
14009,2086400
14010,2220500
14011,2326300
14012,2911000
14013,2741700
14014,2247800
14015,1924200
14016,2066800
14017,1960700
14018,2395900
14019,2939200
14020,2730000
14021,1831300
14022,1741100
14023,2150500
14024,2023000
14025,1936100
14026,1838100
14027,1859300
14028,1802700
14029,1908100
14030,1746600
14031,1783300
14032,1994500
14033,1967200
14034,1878600
14035,1828500
14036,1732700
14037,1732600
14038,1798000
14039,1788200
14040,1738300
14041,2032200
14042,2218600
14043,3016200
14044,2502000
14045,2054600
14046,1763900
14047,1795100
14048,2282100
14049,3086300
14050,2649700
14051,3924600
14052,3492200
14053,3015500
14054,3391200
14055,3064600
14056,2615200
14057,2511800
14058,2228300
14059,2138900
14060,2405300
14061,2093600
14062,1990500
14063,1945200
14064,1922500
14065,1915600
14066,1890800
14067,2210600
14068,3436300
14069,4250800
14070,3521900
14071,2091700
14072,2053800
14073,3341500
14074,3588700
14075,3016500
14076,2137700
14077,1841600
14078,1854200
14079,1920300
14080,1819900
14081,1878700
14082,1647700
14083,1605400
14084,1604800
14085,1624400
14086,1638400
14087,1515000
14088,1732000
14089,1633600
14090,1597500
14091,1813300
14092,1636000
14093,1572200
14094,1736000
14095,1588200
14096,1577100
14097,1661300
14098,2258300
14099,2689100
14100,2985700
14101,2020700
14102,1752400
14103,1598800
14104,1692300
14105,1791600
14106,2291800
14107,2427900
14108,3102300
14109,1924400
14110,1664500
14111,1768200
14112,1641600
14113,1874200
14114,1662300
14115,1555700
14116,1618100
14117,1764400
14118,1702500
14119,1578000
14120,1657200
14121,1645100
14122,1743400
14123,1596500
14124,1580500
14125,1654900
14126,1527800
14127,1853400
14128,1677300
14129,1538600
14130,1694200
14131,1596900
14132,2193800
14133,2532700
14134,2225700
14135,1731700
14136,2218400
14137,1698500
14138,1752100
14139,1596800
14140,2114100
14141,2608600
14142,2200300
14143,1708000
14144,1776800
14145,1652100
14146,1660600
14147,1612400
14148,1666300
14149,1659900
14150,1638900
14151,1633800
14152,1598200
14153,1550000
14154,1884200
14155,2047500
14156,1771100
14157,1758900
14158,1774900
14159,1731000
14160,1679900
14161,1620100
14162,1638800
14163,1630800
14164,2209700
14165,1747900
14166,2095900
14167,2834300
14168,2268200
14169,1874100
14170,1696000
14171,1621200
14172,1973900
14173,1844900
14174,1871000
14175,2601200
14176,2235400
14177,1680800
14178,1609100
14179,1611600
14180,1774800
14181,1925400
14182,1747200
14183,1605100
14184,1606400
14185,1588600
14186,1583800
14187,1559000
14188,1619600
14189,1608000
14190,1598400
14191,2503200
14192,1898100
14193,1717200
14194,1561000
14195,1610800
14196,1603400
14197,1569600
14198,1696200
14199,1654100
14200,1946400
14201,2402700
14202,2347600
14203,1951700
14204,1632200
14205,1534200
14206,1661500
14207,1759100
14208,1582000
14209,2374800
14210,2718500
14211,2190600
14212,1882000
14213,1745400
14214,1590700
14215,1697600
14216,1621600
14217,1651000
14218,1746200
14219,1607900
14220,1548700
14221,1652500
14222,1614600
14223,1559100
14224,1675300
14225,1642900
14226,1912300
14227,2058800
14228,1905900
14229,1689200
14230,1610000
14231,1593200
14232,1624700
14233,1609900
14234,1609000
14235,1531100
14236,1901700
14237,2938800
14238,2420600
14239,1821600
14240,1648500
14241,1695200
14242,1688300
14243,1574600
14244,1726800
14245,2661600
14246,2730000
14247,1940100
14248,1684500
14249,1567000
14250,1671800
14251,1578800
14252,2045800
14253,2557400
14254,3005400
14255,2335100
14256,1680000
14257,1734200
14258,1652600
14259,1660200
14260,1919100
14261,2035600
14262,1910700
14263,1968600
14264,1745100
14265,1626000
14266,1711300
14267,1687300
14268,1755300
14269,2181900
14270,2529500
14271,2608900
14272,1857900
14273,1715400
14274,1724400
14275,1692900
14276,2153800
14277,2476600
14278,2203400
14279,2433600
14280,2085400
14281,1697400
14282,1745400
14283,1728100
14284,1867900
14285,1644800
14286,1558300
14287,1627200
14288,1809800
14289,1827000
14290,1637200
14291,1715900
14292,1627300
14293,1790100
14294,2710200
14295,2720300
14296,3618100
14297,2414400
14298,1955200
14299,1689200
14300,1774200
14301,1738900
14302,1770900
14303,1748700
14304,1700800
14305,1891300
14306,1690900
14307,1634100
14308,1602700
14309,2043900
14310,2806700
14311,2351300
14312,1895800
14313,1731100
14314,1886900
14315,2425300
14316,1629100
14317,1722700
14318,1574100
14319,1614300
14320,1672000
14321,1505300
14322,1581000
14323,1972000
14324,1665200
14325,1607000
14326,1854400
14327,2664800
14328,2345200
14329,1794200
14330,1621600
14331,1540600
14332,1794300
14333,1733600
14334,1977400
14335,2066100
14336,1669500
14337,1662800
14338,1604200
14339,1583500
14340,1561700
14341,1960100
14342,1835300
14343,1838600
14344,2441600
14345,2251200
14346,2020900
14347,1649700
14348,1661200
14349,1632200
14350,1833800
14351,1710800
14352,1970600
14353,1731800
14354,1579900
14355,1698600
14356,1729900
14357,1670700
14358,1617900
14359,1709300
14360,1860000
14361,1813400
14362,2478000
14363,2211900
14364,1769800
14365,1562100
14366,1578900
14367,1696300
14368,1608100
14369,2316100
14370,1800300
14371,1674600
14372,1639600
14373,1691600
14374,1562900
14375,1645600
14376,1638400
14377,1657100
14378,1757500
14379,2634800
14380,3094200
14381,3006400
14382,2288700
14383,1898200
14384,1841900
14385,2049200
14386,2041600
14387,1884000
14388,1787500
14389,1712500
14390,1859800
14391,1785500
14392,1841000
14393,2104700
14394,2338600
14395,1862300
14396,1826800
14397,1826500
14398,1746700
14399,1914600
14400,1651800
14401,1648600
14402,1750300
14403,3171500
14404,2606500
14405,1877000
14406,1657700
14407,1579200
14408,1574300
14409,1703900
14410,1874200
14411,2832900
14412,2387100
14413,1755500
14414,1595700
14415,1647500
14416,1710100
14417,1572900
14418,1644700
14419,1690100
14420,1796000
14421,1810000
14422,1693100
14423,1637200
14424,1573500
14425,1577500
14426,1671200
14427,1876300
14428,1990100
14429,1660400
14430,1889000
14431,1728900
14432,1636400
14433,1602400
14434,1527600
14435,1657700
14436,1567400
14437,2110300
14438,2422600
14439,2435800
14440,2272100
14441,1627900
14442,1585900
14443,1640100
14444,1765300
14445,1972400
14446,2499100
14447,2054200
14448,1998300
14449,1729200
14450,1658100
14451,1651900
14452,1687500
14453,2184400
14454,2137200
14455,1804100
14456,1861000
14457,1997900
14458,1659500
14459,1679400
14460,1651300
14461,1880900
14462,1772800
14463,1704700
14464,1558300
14465,1545800
14466,1844800
14467,1764100
14468,1673500
14469,1597900
14470,1642800
14471,1724300
14472,2554000
14473,2182500
14474,1940600
14475,1711400
14476,1822600
14477,1681200
14478,1576100
14479,1986600
14480,2430600
14481,2351400
14482,2010000
14483,1604400
14484,1800500
14485,1721400
14486,1576500
14487,1962600
14488,1779800
14489,1834300
14490,1549100
14491,1553000
14492,1674600
14493,1930000
14494,2420400
14495,2240900
14496,2368800
14497,2590900
14498,2528100
14499,2413700
14500,2723300
14501,2657700
14502,2823800
14503,3878300
14504,3907100
14505,2930200
14506,2397000
14507,2617300
14508,3445300
14509,4434300
14510,2816100
14511,2642700
14512,2739100
14513,2457900
14514,2557000
14515,2525200
14516,2147000
14517,2161800
14518,2351200
14519,2611900
14520,2358400
14521,2499300
14522,2390400
14523,2121500
14524,2046600
14525,2671200
14526,3757800
14527,3836300
14528,3620900
14529,2585400
14530,3240900
14531,3127700
14532,2650300
14533,2385000
14534,1803000
14535,1782400
14536,1661300
14537,2084700
14538,1829500
14539,1813900
14540,1741200
14541,2046500
14542,2477900
14543,2522200
14544,2648200
14545,2598300
14546,2334600
14547,2084500
14548,2025300
14549,2215900
14550,2200100
14551,2569700
14552,3383900
14553,2963100
14554,2461000
14555,2059900
14556,2083800
14557,1835100
14558,2299500
14559,3360400
14560,2699300
14561,1742400
14562,1663600
14563,1716800
14564,1713600
14565,1732100
14566,1697400
14567,1949900
14568,1694700
14569,1658400
14570,1696000
14571,1644400
14572,1577200
14573,1620700
14574,1701200
14575,1593600
14576,1583000
14577,1775000
14578,1772800
14579,1726600
14580,1617800
14581,1700000
14582,1562300
14583,1637400
14584,2048700
14585,2602800
14586,2935100
14587,2059200
14588,1644000
14589,1693900
14590,1546500
14591,1773100
14592,2234000
14593,2416100
14594,2353100
14595,2219400
14596,1688200
14597,1640800
14598,1614800
14599,1874100
14600,2406100
14601,2415600
14602,2058200
14603,1770800
14604,1681000
14605,1611700
14606,1531000
14607,1631200
14608,1700000
14609,1730400
14610,1624600
14611,1613600
14612,1655800
14613,1777700
14614,1630600
14615,1589700
14616,1636900
14617,1802300
14618,2734100
14619,2320700
14620,1927400
14621,2228600
14622,1875300
14623,1735200
14624,1622400
14625,1833500
14626,2620800
14627,2180300
14628,1820000
14629,1628700
14630,1888300
14631,1711100
14632,1681400
14633,1997800
14634,2382600
14635,2298500
14636,2022700
14637,1657200
14638,1787000
14639,1728100
14640,1617700
14641,1858700
14642,1719800
14643,1692800
14644,1674300
14645,1619400
14646,1614200
14647,1610000
14648,1964500
14649,2042000
14650,1991800
14651,2361300
14652,2538800
14653,2154100
14654,1817200
14655,1610100
14656,1642000
14657,1713900
14658,1704900
14659,1668600
14660,1613000
14661,1583800
14662,1755600
14663,1631100
14664,1676200
14665,1690000
14666,1662400
14667,1784500
14668,1816400
14669,2505500
14670,2239500
14671,1929400
14672,1620900
14673,1623900
14674,1618100
14675,1869100
14676,1901000
14677,1743700
14678,1642200
14679,1682300
14680,1586700
14681,1594400
14682,1592000
14683,1587700
14684,1693600
14685,1812300
14686,2385200
14687,2369500
14688,2281000
14689,1582500
14690,1643800
14691,1693000
14692,1641500
14693,1665200
14694,1889600
14695,1685900
14696,1638400
14697,1567000
14698,1636300
14699,1678600
14700,1629700
14701,1604700
14702,1598300
14703,2075300
14704,3010900
14705,2498100
14706,1890300
14707,1693200
14708,1735600
14709,1533100
14710,1584500
14711,1794600
14712,1941700
14713,1876800
14714,1699400
14715,1542500
14716,1638900
14717,2112800
14718,1865600
14719,1669000
14720,1785700
14721,3134900
14722,3833200
14723,2560400
14724,2197300
14725,1848600
14726,1769200
14727,1780200
14728,1805500
14729,1829600
14730,1614700
14731,1612000
14732,1610400
14733,1578600
14734,1557800
14735,1579900
14736,2200200
14737,2553600
14738,2834500
14739,1907800
14740,1729900
14741,1681000
14742,1594100
14743,1868500
14744,1595500
14745,1710400
14746,1712000
14747,1838600
14748,1607600
14749,1637500
14750,1687100
14751,1523500
14752,1613200
14753,1936900
14754,2660800
14755,2513900
14756,2304000
14757,1851300
14758,1613600
14759,1664400
14760,1715400
14761,1780700
14762,1662000
14763,1726000
14764,1696500
14765,1854900
14766,1689200
14767,1663900
14768,1589700
14769,1929400
14770,2533400
14771,2449800
14772,1829800
14773,1678200
14774,1704500
14775,1624900
14776,1531800
14777,1605000
14778,1994300
14779,1858200
14780,1742700
14781,1686900
14782,1703400
14783,1915400
14784,1818800
14785,1729800
14786,1943000
14787,2506300
14788,2287000
14789,1784000
14790,1644300
14791,1678000
14792,1861000
14793,1749000
14794,1747800
14795,1688100
14796,1609500
14797,1740200
14798,1653500
14799,1559800
14800,1609700
14801,1922200
14802,1855100
14803,1973000
14804,2527300
14805,2371900
14806,1966700
14807,1660000
14808,1558100
14809,1626800
14810,1908200
14811,1770100
14812,1783200
14813,1673100
14814,1609100
14815,1587200
14816,1538900
14817,1584800
14818,1648900
14819,1568400
14820,1885000
14821,2538300
14822,2998600
14823,3171400
14824,2490300
14825,1934400
14826,2388700
14827,2542000
14828,2674200
14829,1744900
14830,1681700
14831,1726900
14832,1575900
14833,1631500
14834,1534800
14835,1741100
14836,2353700
14837,2496800
14838,2224800
14839,1640900
14840,1595500
14841,1574500
14842,1578400
14843,1569500
14844,1833600
14845,2605000
14846,2519300
14847,2078000
14848,1578600
14849,1626800
14850,1641400
14851,1538300
14852,1589300
14853,2404500
14854,2725500
14855,2212100
14856,1720400
14857,1724300
14858,1569900
14859,1575400
14860,1682800
14861,1681900
14862,2074700
14863,1782800
14864,1671100
14865,1600400
14866,1653200
14867,1685200
14868,1656000
14869,1994500
14870,3083400
14871,4203900
14872,2978100
14873,2044900
14874,1979200
14875,2023700
14876,1841600
14877,1862100
14878,1878200
14879,1761600
14880,1697600
14881,1643900
14882,1635500
14883,1589800
14884,1923500
14885,2559400
14886,2932200
14887,2422600
14888,1653600
14889,1686700
14890,1586400
14891,1627000
14892,1726900
14893,1931200
14894,2103200
14895,2508200
14896,1950700
14897,1851200
14898,1850900
14899,1777600
14900,2015300
14901,2969200
14902,2708900
14903,2563400
14904,1886200
14905,1770200
14906,1751100
14907,2089700
14908,1957800
14909,1841100
14910,2040700
14911,2279100
14912,1866300
14913,1842700
14914,1880400
14915,1976400
14916,1877300
14917,1693400
14918,1785800
14919,1726800
14920,1717000
14921,1631500
14922,1608100
14923,1594800
14924,1659400
14925,2488500
14926,2269800
14927,2002500
14928,1678200
14929,1987000
14930,1668700
14931,1651800
14932,1822200
14933,1785100
14934,1594800
14935,1611100
14936,1705100
14937,1679300
14938,1907800
14939,1692700
14940,1654400
14941,2107100
14942,2849400
14943,2248400
14944,1909200
14945,1732600
14946,1710300
14947,1830100
14948,1770100
14949,1828800
14950,1657900
14951,1643200
14952,1641500
14953,1692200
14954,1622800
14955,1674500
14956,1647700
14957,2017300
14958,1756600
14959,2481200
14960,2118800
14961,1834200
14962,1712600
14963,1626700
14964,1634400
14965,1718300
14966,2038800
14967,2096500
14968,1825200
14969,1677400
14970,1582300
14971,1611100
14972,1668000
14973,1565100
14974,1617700
14975,2255500
14976,2593400
14977,2381200
14978,2078700
14979,1666100
14980,1654500
14981,1602900
14982,1662000
14983,1695800
14984,1988700
14985,1716500
14986,1709900
14987,1589200
14988,1605300
14989,1665800
14990,1600500
14991,1570500
14992,1558400
14993,1898200
14994,1698500
14995,1708000
14996,1718800
14997,1686400
14998,1543100
14999,1614000
15000,1587900
15001,1613400
15002,1674600
15003,2937100
15004,2690700
15005,2286800
15006,1724800
15007,1684400
15008,1639600
15009,1548300
15010,2135000
15011,3653900
15012,3698900
15013,2127500
15014,1824800
15015,1739300
15016,1662400
15017,2166300
15018,2766200
15019,2704500
15020,1657100
15021,1686200
15022,1741100
15023,1617800
15024,1647900
15025,1778200
15026,1711500
15027,1741100
15028,1685900
15029,1714500
15030,1691900
15031,1632300
15032,1644000
15033,1595200
15034,1957800
15035,2768300
15036,2972800
15037,2073300
15038,1716700
15039,1522000
15040,1588100
15041,1876800
15042,2493600
15043,2515700
15044,2605000
15045,1646600
15046,1684100
15047,1626900
15048,1621000
15049,1834300
15050,2273600
15051,2370000
15052,2370600
15053,1847100
15054,1676100
15055,1620700
15056,1701000
15057,1584400
15058,1733800
15059,1715000
15060,1630200
15061,1631000
15062,2036300
15063,1748000
15064,1648400
15065,1648900
15066,1646400
15067,1797300
15068,2623200
15069,2200100
15070,1966200
15071,1812900
15072,1757700
15073,1721100
15074,1548400
15075,1781200
15076,2120500
15077,1789500
15078,1888400
15079,1906600
15080,2012100
15081,1776100
15082,1741200
15083,2051600
15084,2543900
15085,2277300
15086,2063600
15087,1854100
15088,2711400
15089,1994900
15090,1674500
15091,2317800
15092,2495400
15093,2121300
15094,1672000
15095,1707100
15096,1807400
15097,1689600
15098,1651700
15099,1800600
15100,1606100
15101,1603500
15102,1677100
15103,1621000
15104,1638000
15105,1639100
15106,1806400
15107,1686500
15108,2001300
15109,2527100
15110,2204200
15111,1827300
15112,1674800
15113,1568500
15114,1614100
15115,1990000
15116,2395100
15117,3547100
15118,2806000
15119,1942400
15120,1762400
15121,1596000
15122,1980900
15123,1978400
15124,2509700
15125,2302600
15126,1857600
15127,1961300
15128,1761900
15129,1693100
15130,1555300
15131,1954300
15132,1771600
15133,2000600
15134,1880800
15135,1707000
15136,1729900
15137,1649400
15138,1562600
15139,1613800
15140,2274200
15141,2718300
15142,2506500
15143,2073500
15144,1695000
15145,1646200
15146,1543600
15147,1645800
15148,2237100
15149,1950700
15150,1662600
15151,1641600
15152,1669000
15153,1807500
15154,1617900
15155,1588000
15156,1576100
15157,1724500
15158,2671100
15159,2481500
15160,2150600
15161,1779100
15162,1587000
15163,1593100
15164,1625500
15165,1733600
15166,1861900
15167,1975500
15168,1614800
15169,1537000
15170,1635900
15171,1530000
15172,1624100
15173,1643200
15174,1585400
15175,2232200
15176,2961700
15177,2852800
15178,1758500
15179,1680900
15180,1665600
15181,1587000
15182,1762900
15183,2419800
15184,2785600
15185,2360100
15186,1657300
15187,1548800
15188,1499000
15189,1563900
15190,1804100
15191,2417800
15192,2663300
15193,2603500
15194,1708900
15195,1538800
15196,1692100
15197,1617700
15198,1781300
15199,1742400
15200,1687200
15201,1674600
15202,1773200
15203,1697400
15204,1688000
15205,1605600
15206,1502200
15207,1968500
15208,2491500
15209,2456400
15210,2285900
15211,2070400
15212,1723100
15213,1639200
15214,1703300
15215,1724000
15216,1578500
15217,1576200
15218,1587700
15219,1594600
15220,2005700
15221,1690600
15222,1596500
15223,1561300
15224,1584500
15225,2428800
15226,2568700
15227,2154400
15228,1760700
15229,1958500
15230,1707900
15231,1647100
15232,1856200
15233,1704200
15234,1648400
15235,1606200
15236,1555000
15237,1668800
15238,1845900
15239,1929500
15240,1590800
15241,1599400
15242,1820800
15243,1675800
15244,1654800
15245,1544600
15246,1634900
15247,1665900
15248,1741400
15249,1775100
15250,1742000
15251,1873800
15252,2537300
15253,2209400
15254,1885400
15255,1554300
15256,1562000
15257,1864200
15258,1730200
15259,1771400
15260,2298600
15261,2341000
15262,2074800
15263,1577800
15264,1563300
15265,1661300
15266,2138500
15267,1753000
15268,1779500
15269,1558000
15270,1669400
15271,1616100
15272,1594400
15273,1590500
15274,1696400
15275,1687800
15276,1764200
15277,1751700
15278,1784700
15279,1625400
15280,1697300
15281,1603800
15282,1582600
15283,1656500
15284,1550000
15285,1625300
15286,2000200
15287,2693800
15288,2360100
15289,1924200
15290,1614100
15291,1749200
15292,1551600
15293,1607600
15294,1737700
15295,2174600
15296,2541000
15297,2156600
15298,1738100
15299,1734000
15300,1632300
15301,1670000
15302,1556300
15303,1920800
15304,2022300
15305,1706600
15306,1595500
15307,1657100
15308,1643900
15309,1669800
15310,1644700
15311,1575400
15312,1669900
15313,2394400
15314,1759000
15315,1740100
15316,1744100
15317,1674400
15318,1871800
15319,2197000
15320,1895200
15321,2491100
15322,2981500
15323,2592500
15324,1804800
15325,1663800
15326,1654700
15327,1749300
15328,1730400
15329,2972500
15330,3298400
15331,1882800
15332,1662100
15333,1555800
15334,1608600
15335,1647800
15336,1938200
15337,2808600
15338,2926000
15339,1918300
15340,1674300
15341,1623200
15342,1720400
15343,1643600
15344,1781800
15345,1590600
15346,1908400
15347,1741400
15348,1650100
15349,1680400
15350,1604700
15351,1593000
15352,1599600
15353,2203300
15354,2443100
15355,3040000
15356,2152800
15357,2506200
15358,1572400
15359,1600000
15360,1929700
15361,2347100
15362,2514600
15363,2655200
15364,2005400
15365,1796800
15366,1638300
15367,1932100
15368,2516200
15369,2272800
15370,2026900
15371,1860000
15372,1703200
15373,1698100
15374,1713800
15375,2241800
15376,2196400
15377,1842200
15378,1661200
15379,1759700
15380,1840900
15381,1681300
15382,1562500
15383,1559800
15384,1792500
15385,2714500
15386,2158000
15387,1730700
15388,1714400
15389,2188500
15390,1697900
15391,1712700
15392,1746700
15393,1747700
15394,1675500
15395,1621200
15396,1617700
15397,1585100
15398,1865500
15399,1746400
15400,1680600
15401,1940000
15402,2538900
15403,2429200
15404,2015400
15405,1562900
15406,1758800
15407,2046000
15408,1760800
15409,1779800
15410,1607900
15411,1653000
15412,1573300
15413,1595100
15414,1584000
15415,1588500
15416,1722300
15417,2141400
15418,1937900
15419,2473400
15420,2246800
15421,2007600
15422,1619900
15423,1673000
15424,1531000
15425,1795400
15426,1755800
15427,1923100
15428,2032000
15429,2067800
15430,2184900
15431,2014600
15432,1818200
15433,1807500
15434,2197000
15435,2562700
15436,3102400
15437,2472300
15438,1966700
15439,1728700
15440,1703800
15441,1826800
15442,2173900
15443,1915300
15444,1902200
15445,1819700
15446,1947800
15447,1848700
15448,1896200
15449,1877900
15450,1997400
15451,1816300
15452,1675500
15453,1619000
15454,1649600
15455,1651600
15456,1630200
15457,1665500
15458,1809300
15459,2513400
15460,3166700
15461,2500200
15462,1948100
15463,1652500
15464,1596300
15465,1643200
15466,1603200
15467,2304900
15468,2821200
15469,2270100
15470,1670400
15471,1650900
15472,1564600
15473,1610800
15474,1609300
15475,1705700
15476,1793800
15477,2051800
15478,1817200
15479,1603400
15480,1609500
15481,1620100
15482,1499100
15483,1569500
15484,1686000
15485,1581200
15486,1820400
15487,1752700
15488,1644200
15489,1640600
15490,1638700
15491,1577300
15492,1548100
15493,1781000
15494,2328900
15495,2448700
15496,2673600
15497,1671000
15498,1716700
15499,1612600
15500,1648600
15501,1753300
15502,2058300
15503,1797300
15504,1948800
15505,1891300
15506,1706600
15507,1752000
15508,1589600
15509,1586000
15510,2017000
15511,2697100
15512,2179300
15513,2092400
15514,1855100
15515,1647100
15516,1657000
15517,1697800
15518,1706300
15519,1696800
15520,1577600
15521,1737600
15522,1598400
15523,1898500
15524,1612100
15525,1648400
15526,1599300
15527,1788200
15528,2563800
15529,2231200
15530,1874000
15531,1606900
15532,1935200
15533,1683700
15534,1630700
15535,1834100
15536,1853000
15537,1729600
15538,2086400
15539,2033600
15540,2153000
15541,2158100
15542,1828700
15543,1783800
15544,2398100
15545,2362000
15546,1941100
15547,1650100
15548,1725800
15549,1837900
15550,1758200
15551,1928800
15552,1750200
15553,1615800
15554,1709400
15555,1588400
15556,1587300
15557,1662700
15558,1665600
15559,1874800
15560,1663300
15561,2162900
15562,2472200
15563,2140600
15564,1776600
15565,1634800
15566,1607900
15567,1885400
15568,1907600
15569,2124000
15570,2597300
15571,2061500
15572,1839400
15573,1694500
15574,1552000
15575,1570700
15576,1807400
15577,2034500
15578,2717100
15579,2341300
15580,1925100
15581,1760500
15582,1606700
15583,1640900
15584,1738400
15585,1971900
15586,1780900
15587,1642900
15588,1688300
15589,1576800
15590,1721600
15591,1518400
15592,1661100
15593,1534900
15594,1884900
15595,2130500
15596,1681100
15597,1700600
15598,1592400
15599,1621800
15600,1724600
15601,1614000
15602,1557000
15603,1693300
15604,2458600
15605,2791300
15606,2233900
15607,1750300
15608,1688600
15609,1638000
15610,1606100
15611,1693400
15612,2413000
15613,3172400
15614,2684800
15615,2117000
15616,2036400
15617,1822100
15618,1619300
15619,1971300
15620,1978200
15621,1703600
15622,1653000
15623,1685800
15624,1562600
15625,1655400
15626,1663100
15627,1581500
15628,1847200
15629,2912400
15630,2662500
15631,2054700
15632,1604700
15633,1671600
15634,1642400
15635,1616100
15636,1739300
15637,1685100
15638,1795300
15639,1884700
15640,1712900
15641,1643200
15642,1691200
15643,1592000
15644,1561600
15645,1846300
15646,2596100
15647,2598000
15648,1946500
15649,1682300
15650,1652000
15651,1616400
15652,1638400
15653,1774100
15654,1785300
15655,1900700
15656,1844300
15657,2006500
15658,1690000
15659,1620100
15660,1720100
15661,1866800
15662,2376200
15663,2399300
15664,2080800
15665,1809500
15666,1653500
15667,1632700
15668,1653000
15669,1645900
15670,2079000
15671,1989300
15672,1677400
15673,1600300
15674,1761600
15675,1977900
15676,1699100
15677,1656200
15678,1704600
15679,2152400
15680,2404500
15681,2065100
15682,1657400
15683,1911300
15684,1866400
15685,1693000
15686,1808900
15687,2046300
15688,1801800
15689,1613400
15690,1774000
15691,2258000
15692,2394900
15693,1778600
15694,1595600
15695,1751400
15696,1832600
15697,1693900
15698,1748700
15699,1644700
15700,1730700
15701,1747300
15702,1757100
15703,1692400
15704,1906800
15705,2469700
15706,2322300
15707,2051200
15708,1776400
15709,1576200
15710,1867800
15711,1680500
15712,2088300
15713,2721500
15714,2405000
15715,2134300
15716,1596900
15717,1567200
15718,1675400
15719,1821100
15720,1807000
15721,1706000
15722,1661600
15723,1702900
15724,1615600
15725,1616200
15726,1632800
15727,1549700
15728,1766300
15729,1806600
15730,2100200
15731,2537500
15732,2215800
15733,1788100
15734,1564000
15735,1506200
15736,1545300
15737,1693400
15738,1893500
15739,2512100
15740,2286500
15741,2275300
15742,1700100
15743,1538200
15744,1616400
15745,1683600
15746,1829900
15747,2458400
15748,2435600
15749,2397000
15750,1661600
15751,1576300
15752,1485900
15753,1527700
15754,1516600
15755,1979900
15756,1775400
15757,1642400
15758,1856600
15759,1874400
15760,1684600
15761,1671300
15762,1606300
15763,2059100
15764,2385000
15765,2198800
15766,2102900
15767,1731300
15768,1630400
15769,1632300
15770,1618600
15771,1640800
15772,1737100
15773,2739300
15774,2358300
15775,2013800
15776,1556000
15777,1588200
15778,1598400
15779,1645600
15780,1692000
15781,2583100
15782,3270600
15783,2602900
15784,1632500
15785,1689700
15786,1656300
15787,1581600
15788,1782700
15789,2744800
15790,2439100
15791,2028800
15792,1709100
15793,1626200
15794,1751000
15795,1627500
15796,1669500
15797,1625900
15798,1758300
15799,1821000
15800,1786600
15801,1631100
15802,1692500
15803,1579200
15804,1716600
15805,1697100
15806,2355900
15807,2407600
15808,2879600
15809,1706600
15810,1696400
15811,1588900
15812,1591000
15813,1805500
15814,1680500
15815,1599400
15816,1683300
15817,1802600
15818,1696500
15819,1564300
15820,1682600
15821,1669600
15822,1895900
15823,2624400
15824,2461500
15825,2253200
15826,1768600
15827,1677800
15828,1666500
15829,1568800
15830,1731000
15831,1758000
15832,1629200
15833,1575700
15834,1675400
15835,1994800
15836,1774900
15837,1598700
15838,1636800
15839,1587000
15840,1659100
15841,2579100
15842,2322900
15843,1859700
15844,1960400
15845,1665200
15846,1631500
15847,1624200
15848,1795700
15849,2005300
15850,1754300
15851,1684700
15852,1617500
15853,1822400
15854,1996000
15855,1704200
15856,1628600
15857,1810200
15858,2549400
15859,2662500
15860,2026100
15861,1759100
15862,1817800
15863,1785700
15864,1632800
15865,1876000
15866,1799000
15867,1798800
15868,1685500
15869,1611200
15870,1602700
15871,1735800
15872,1735800
15873,1633600
15874,1987800
15875,2697300
15876,2328900
15877,1952700
15878,1588300
15879,1690200
15880,1791800
15881,1756000
15882,1757500
15883,1632700
15884,1574400
15885,1689200
15886,1645000
15887,1563300
15888,1647600
15889,1583400
15890,1771900
15891,1695000
15892,2424600
15893,3197200
15894,2050200
15895,1677000
15896,1614300
15897,1607400
15898,1802700
15899,1943700
15900,1670200
15901,1671500
15902,1695600
15903,1660400
15904,1699200
15905,1723100
15906,1588300
15907,1591600
15908,1734000
15909,2349400
15910,3090900
15911,3289100
15912,2566000
15913,1914000
15914,1774000
15915,2361600
15916,2085500
15917,1774800
15918,1667000
15919,1667500
15920,1653200
15921,1685000
15922,1628800
15923,1633100
15924,1896800
15925,2323400
15926,2577500
15927,2049200
15928,1723300
15929,1603100
15930,1697500
15931,1641200
15932,1640300
15933,1971300
15934,1837200
15935,1653600
15936,1693800
15937,1647900
15938,2278100
15939,2116200
15940,1888500
15941,1968700
15942,3107000
15943,2411600
15944,1867800
15945,1626200
15946,1768100
15947,1656200
15948,1654200
15949,1860400
15950,1838000
15951,1825800
15952,1709300
15953,1715500
15954,1647100
15955,1600500
15956,1631600
15957,1600100
15958,2341500
15959,2975900
15960,2820400
15961,1652100
15962,1667800
15963,1672500
15964,1703900
15965,1909000
15966,1912000
15967,2157700
15968,2503500
15969,1978000
15970,1848300
15971,1845800
15972,1768600
15973,2085800
15974,2926300
15975,2750100
15976,2469400
15977,1779900
15978,1729700
15979,1693700
15980,2253000
15981,3122900
15982,3467700
15983,2698500
15984,1792100
15985,1816400
15986,1832200
15987,2035100
15988,2546300
15989,2720600
15990,3018100
15991,1924900
15992,1836900
15993,1818600
15994,2038700
15995,1842100
15996,1779300
15997,1845600
15998,1928500
15999,1829200
16000,1746100
16001,1806500
16002,1927600
16003,3060600
16004,2758200
16005,2352700
16006,2498800
16007,1951600
16008,1801500
16009,2066600
16010,1998500
16011,1867800
16012,1865300
16013,1769900
16014,1992700
16015,1934500
16016,1835400
16017,2049000
16018,2777800
16019,2859400
16020,2420700
16021,1903700
16022,1981900
16023,1915300
16024,1877100
16025,1896900
16026,1865000
16027,1981500
16028,1847100
16029,1750800
16030,1823700
16031,1819100
16032,1832700
16033,2413800
16034,2204600
16035,2014800
16036,1828300
16037,1788400
16038,1748400
16039,2265300
16040,1855500
16041,2717800
16042,2867500
16043,2744300
16044,1922500
16045,1853700
16046,2244300
16047,2103100
16048,2809100
16049,2740700
16050,2483200
16051,1823000
16052,1807600
16053,1861900
16054,2206700
16055,1947400
16056,1848500
16057,1836900
16058,1821200
16059,1845100
16060,1800500
16061,1711100
16062,2226600
16063,2097000
16064,1829200
16065,1827200
16066,1807800
16067,1817100
16068,1903700
16069,1715400
16070,1723200
16071,2047500
16072,2937300
16073,2850900
16074,2566500
16075,1796500
16076,1726600
16077,1736400
16078,2002200
16079,2928300
16080,2806600
16081,3178900
16082,2258900
16083,2465100
16084,2629900
16085,3031000
16086,2030500
16087,1862100
16088,1915900
16089,1941900
16090,1803800
16091,1781400
16092,1952100
16093,2025500
16094,1917400
16095,1732000
16096,1778100
16097,1821400
16098,1764400
16099,1734300
16100,1783000
16101,2182400
16102,3639400
16103,3120800
16104,2049500
16105,1793400
16106,1840500
16107,1849500
16108,1782800
16109,2493400
16110,2477500
16111,2869000
16112,1953800
16113,2276800
16114,2706700
16115,4767200
16116,5189300
16117,3352000
16118,4306600
16119,3810200
16120,3208700
16121,2859100
16122,2735800
16123,3059700
16124,2448000
16125,2609300
16126,2533300
16127,1751800
16128,1648600
16129,1644900
16130,1889600
16131,1877400
16132,1635200
16133,1587600
16134,1761400
16135,1724000
16136,1616300
16137,1601300
16138,1578800
16139,1654200
16140,2283800
16141,2622500
16142,2242000
16143,1995000
16144,1644100
16145,1550600
16146,1805500
16147,1793300
16148,1658200
16149,1585700
16150,1634900
16151,1603900
16152,1690200
16153,1982700
16154,1668200
16155,1712200
16156,1574300
16157,1642200
16158,1599800
16159,2076600
16160,2028600
16161,2232400
16162,2135000
16163,1682400
16164,1665300
16165,1835100
16166,2527300
16167,2210700
16168,1852600
16169,1673000
16170,1801700
16171,1921700
16172,1755400
16173,1879800
16174,2330500
16175,2345500
16176,2000600
16177,1849400
16178,1874100
16179,1886500
16180,1662100
16181,1901700
16182,1692200
16183,1597400
16184,1647000
16185,1623200
16186,1630700
16187,1673800
16188,1948300
16189,1901000
16190,2013800
16191,1664800
16192,1551900
16193,1718300
16194,1641300
16195,1654900
16196,1573100
16197,1591800
16198,2112500
16199,1875300
16200,1865100
16201,1672400
16202,1593500
16203,1733200
16204,1669400
16205,1566900
16206,1586700
16207,1870600
16208,1797400
16209,1782400
16210,2564600
16211,2315400
16212,1891100
16213,1667300
16214,1575300
16215,1647700
16216,1827800
16217,1910400
16218,2364300
16219,2591500
16220,1938400
16221,1715200
16222,1656500
16223,1656700
16224,1526200
16225,2156000
16226,2023200
16227,1718700
16228,1752800
16229,1628200
16230,1635000
16231,1533300
16232,1616100
16233,1668000
16234,1700100
16235,2017800
16236,1690800
16237,1617400
16238,1642200
16239,1676700
16240,1753900
16241,1623700
16242,1489900
16243,1625700
16244,1969700
16245,3051300
16246,2545900
16247,2125900
16248,1963600
16249,1878700
16250,1782700
16251,1669500
16252,2461800
16253,3006300
16254,2024400
16255,1676000
16256,1617200
16257,1686300
16258,1737100
16259,2132800
16260,3055900
16261,2796700
16262,2145500
16263,1622200
16264,1620800
16265,1539200
16266,1531400
16267,1658700
16268,2537000
16269,2670500
16270,2214000
16271,1691100
16272,1771600
16273,1725600
16274,1568900
16275,1686800
16276,2407100
16277,2745800
16278,2061500
16279,1667000
16280,1627500
16281,1574800
16282,1697800
16283,1728700
16284,2309900
16285,2710100
16286,2808900
16287,1723100
16288,1670200
16289,1596600
16290,1741700
16291,1876700
16292,1717800
16293,1633800
16294,1775600
16295,1655200
16296,1621400
16297,1660800
16298,1715100
16299,1656400
16300,1847900
16301,1575000
16302,1548000
16303,1545800
16304,1826800
16305,1738800
16306,1637100
16307,1585800
16308,1613700
16309,1590500
16310,1712800
16311,1680300
16312,1539000
16313,1552700
16314,1868800
16315,1852400
16316,1713000
16317,1569500
16318,1686800
16319,1800700
16320,1710300
16321,1654700
16322,1654200
16323,1677600
16324,1672100
16325,1773500
16326,1788300
16327,1593400
16328,1622800
16329,1627200
16330,1661700
16331,1577900
16332,1607400
16333,1535100
16334,1758000
16335,1661100
16336,1590100
16337,1585000
16338,1629400
16339,1754400
16340,1725900
16341,1612600
16342,1638400
16343,1564400
16344,1671400
16345,1828100
16346,1647700
16347,1571000
16348,1743900
16349,1721300
16350,1732700
16351,1721500
16352,1705900
16353,1538400
16354,1680200
16355,1638800
16356,1585200
16357,1638500
16358,1567300
16359,1557500
16360,1609100
16361,1580600
16362,1570000
16363,1633100
16364,1713700
16365,1766000
16366,1646400
16367,1981200
16368,2082200
16369,1761900
16370,1888100
16371,1751700
16372,1743600
16373,1794700
16374,1769500
16375,2002500
16376,1831600
16377,1845900
16378,1739500
16379,1735000
16380,1809800
16381,1664700
16382,1692300
16383,2013000
16384,1974100
16385,1928100
16386,1635800
16387,1664700
16388,1695800
16389,1532900
16390,1713300
16391,1582900
16392,1780700
16393,1836600
16394,1857300
16395,1698000
16396,1647500
16397,1597000
16398,1712900
16399,1529200
16400,1596500
16401,1612900
16402,1691300
16403,1805900
16404,1707300
16405,1691100
16406,1676800
16407,1948600
16408,1655900
16409,1586300
16410,1494800
16411,1594600
16412,2312700
16413,2301300
16414,1812800
16415,1667900
16416,1627400
16417,1550500
16418,1669700
16419,1674100
16420,1639900
16421,1919400
16422,2052200
16423,1686700
16424,1668100
16425,1575800
16426,1565400
16427,1681400
16428,1590900
16429,1541900
16430,1847700
16431,2169400
16432,2466200
16433,2007200
16434,2034600
16435,1734800
16436,1711200
16437,1640100
16438,1678700
16439,1713000
16440,1940700
16441,1767300
16442,1653500
16443,1563700
16444,1695300
16445,1553100
16446,1723900
16447,1658200
16448,1810600
16449,1716500
16450,2170600
16451,1688500
16452,1749900
16453,1701600
16454,1664300
16455,1702000
16456,1719400
16457,1719900
16458,1643500
16459,1877600
16460,1788700
16461,1638900
16462,1598500
16463,1546200
16464,1600800
16465,1650300
16466,1719700
16467,1554400
16468,1643300
16469,1893600
16470,1706000
16471,1613400
16472,1586800
16473,1589300
16474,1530000
16475,1867200
16476,1685300
16477,1585000
16478,1567300
16479,1898700
16480,2097600
16481,1648000
16482,1609100
16483,1651100
16484,1695600
16485,1833800
16486,1755700
16487,1686200
16488,1689800
16489,1808000
16490,1657600
16491,1580800
16492,1599000
16493,1659400
16494,1680100
16495,1912200
16496,2185100
16497,2314200
16498,2497800
16499,1986400
16500,1851200
16501,1793200
16502,2020000
16503,1846100
16504,1980400
16505,1950500
16506,2037400
16507,2048300
16508,2026000
16509,2029300
16510,2185200
16511,2065000
16512,1870900
16513,1923000
16514,2003100
16515,2033400
16516,1869900
16517,1750500
16518,1937900
16519,1824700
16520,1830400
16521,1911600
16522,1809500
16523,1794200
16524,1716900
16525,1722900
16526,1572100
16527,1728100
16528,1679000
16529,1680400
16530,1608500
16531,1562900
16532,1637400
16533,1733500
16534,1776900
16535,1772000
16536,1790700
16537,1810300
16538,1669000
16539,1848800
16540,1565600
16541,1538100
16542,1641800
16543,1822200
16544,1828700
16545,1671200
16546,1641000
16547,1657500
16548,1657600
16549,1592300
16550,1544900
16551,1621600
16552,1595800
16553,1827600
16554,1966600
16555,2434900
16556,2258200
16557,1884000
16558,1770800
16559,1800300
16560,2058500
16561,2552400
16562,2142800
16563,1692500
16564,1666700
16565,1618600
16566,1646300
16567,1670000
16568,1597300
16569,1642000
16570,1567400
16571,2117400
16572,2212700
16573,1905000
16574,1684600
16575,1708500
16576,1720700
16577,1682800
16578,1569800
16579,1589100
16580,1923600
16581,1783400
16582,1614900
16583,1699200
16584,1650500
16585,1667900
16586,1555600
16587,1563600
16588,1625000
16589,1584800
16590,1794000
16591,1766100
16592,1578900
16593,1671100
16594,1640500
16595,1567000
16596,1697000
16597,1634300
16598,1558500
16599,1789800
16600,3120200
16601,2515400
16602,1768600
16603,1769300
16604,1691700
16605,1545400
16606,1575800
16607,2147400
16608,3271700
16609,2746300
16610,1957200
16611,1643600
16612,2073600
16613,2078400
16614,2127600
16615,3414100
16616,3295000
16617,1837000
16618,1681800
16619,1592000
16620,1598300
16621,1736300
16622,2493700
16623,2609300
16624,2858900
16625,1713300
16626,1657200
16627,1629800
16628,1921200
16629,1999400
16630,1781800
16631,1726000
16632,1832600
16633,1734700
16634,1696100
16635,1634300
16636,1600200
16637,1775100
16638,1679900
16639,1590700
16640,1700200
16641,1774400
16642,1847500
16643,1664900
16644,1633500
16645,1645200
16646,1669200
16647,1876200
16648,1642200
16649,1967000
16650,1864800
16651,1863400
16652,1740300
16653,1677800
16654,1626300
16655,1541300
16656,1722100
16657,1648600
16658,1612000
16659,1586800
16660,1707400
16661,2110700
16662,1763000
16663,1708800
16664,1587300
16665,2103200
16666,2345900
16667,1885500
16668,2084900
16669,1875800
16670,1952600
16671,1643200
16672,1688100
16673,1912500
16674,2446200
16675,2271100
16676,2002200
16677,1696000
16678,1861900
16679,1704500
16680,1539900
16681,2101000
16682,2669700
16683,2567700
16684,2004400
16685,1580400
16686,1656200
16687,1764400
16688,1583800
16689,1838800
16690,1888100
16691,1679800
16692,1693400
16693,1689400
16694,1652500
16695,1647000
16696,1660400
16697,1821400
16698,1598200
16699,1796000
16700,1606700
16701,1611300
16702,1696000
16703,1629800
16704,1626000
16705,1586600
16706,1974100
16707,1766900
16708,1634200
16709,1597200
16710,1719900
16711,1581700
16712,1559400
16713,1543400
16714,1678300
16715,1676700
16716,1984500
16717,1894100
16718,1774000
16719,1603400
16720,1686700
16721,1538400
16722,1576600
16723,1654200
16724,1562100
16725,1614700
16726,1928300
16727,1930000
16728,1686700
16729,1726900
16730,1645000
16731,1659300
16732,1601300
16733,1629200
16734,1714700
16735,1678500
16736,1911300
16737,1716200
16738,1697900
16739,1598800
16740,1617800
16741,1723600
16742,1575600
16743,1606500
16744,1610100
16745,1750200
16746,2157100
16747,1673000
16748,1746700
16749,1630200
16750,1700600
16751,1800000
16752,1643300
16753,1574300
16754,1728700
16755,1919900
16756,1940600
16757,1746000
16758,1748000
16759,1597300
16760,1583200
16761,1559200
16762,1599800
16763,1660600
16764,1751300
16765,1878700
16766,1752200
16767,1720000
16768,1665500
16769,1642000
16770,1622300
16771,1589400
16772,1698900
16773,1680600
16774,1622000
16775,1860000
16776,1708300
16777,1679500
16778,1669300
16779,1574300
16780,1691700
16781,1648500
16782,1654800
16783,1575600
16784,1626400
16785,1966200
16786,1720000
16787,1661100
16788,1645700
16789,1613100
16790,1667100
16791,1599000
16792,1795700
16793,1771300
16794,1920400
16795,2157000
16796,1661900
16797,1702700
16798,1631400
16799,1582800
16800,2383700
16801,2088000
16802,1793400
16803,1854700
16804,1743800
16805,1700800
16806,1757500
16807,1654500
16808,1565200
16809,1668400
16810,1750700
16811,1748400
16812,1636900
16813,1846800
16814,1860200
16815,1696900
16816,1786100
16817,1611000
16818,1610400
16819,1592500
16820,1676000
16821,1657900
16822,1613100
16823,1883500
16824,1852600
16825,1684700
16826,1643500
16827,1815700
16828,1731800
16829,1632500
16830,1717600
16831,1652400
16832,1602900
16833,1928200
16834,1707000
16835,1581800
16836,1593300
16837,1652500
16838,1548700
16839,1705800
16840,1591000
16841,1589900
16842,1633900
16843,1724700
16844,1679000
16845,1647100
16846,1680100
16847,1628000
16848,1768800
16849,1611200
16850,1663100
16851,1585600
16852,1555400
16853,2025100
16854,1849800
16855,1681500
16856,1678900
16857,1637400
16858,1582700
16859,1593800
16860,1527900
16861,1539000
16862,1846800
16863,2328900
16864,2280300
16865,1914600
16866,1648800
16867,1717700
16868,1665400
16869,1628600
16870,1581400
16871,1551500
16872,1804500
16873,1836800
16874,1733100
16875,1715300
16876,1713900
16877,1650000
16878,1590300
16879,1540400
16880,1638500
16881,1618600
16882,1874800
16883,1902700
16884,1751800
16885,1616600
16886,1710800
16887,1805400
16888,1557300
16889,1651300
16890,1611800
16891,1637700
16892,2133200
16893,1663400
16894,1642500
16895,1703600
16896,1579800
16897,1605400
16898,1557400
16899,1586100
16900,1613200
16901,1776500
16902,1799100
16903,1672000
16904,1669300
16905,1710700
16906,1623600
16907,1642900
16908,1549100
16909,1570500
16910,1514400
16911,1802400
16912,1866900
16913,1659400
16914,1678100
16915,1684200
16916,1631300
16917,1665100
16918,1658700
16919,1561400
16920,1661100
16921,2058400
16922,1780400
16923,1647200
16924,1646500
16925,1665400
16926,1613100
16927,1554500
16928,1563000
16929,1530000
16930,1652100
16931,1873500
16932,1989300
16933,1608200
16934,1670400
16935,1623800
16936,1743600
16937,1884600
16938,2354700
16939,2802500
16940,2379900
16941,1780800
16942,1659600
16943,1669200
16944,1636500
16945,1791900
16946,1587000
16947,1931000
16948,1838000
16949,2094900
16950,1823700
16951,1727900
16952,1644600
16953,1717600
16954,1719900
16955,1721000
16956,1767800
16957,1633000
16958,1881000
16959,1741800
16960,1613800
16961,1624000
16962,1553500
16963,1660100
16964,1579400
16965,1876000
16966,1724500
16967,1711500
16968,1751000
16969,1769000
16970,1645900
16971,1651500
16972,1640100
16973,2090600
16974,1718700
16975,1620400
16976,1703400
16977,1682000
16978,1811600
16979,1562600
16980,1668600
16981,1627200
16982,1512600
16983,1870700
16984,1878200
16985,1753500
16986,1622100
16987,1684500
16988,1966100
16989,1780700
16990,1616200
16991,1609100
16992,1830900
16993,2536200
16994,2154600
16995,2066800
16996,2103000
16997,1810200
16998,1688100
16999,1672800
17000,1904600
17001,1774000
17002,1742700
17003,1700100
17004,1625700
17005,1562000
17006,1837200
17007,1650200
17008,1597300
17009,1639100
17010,2113200
17011,2066200
17012,2438800
17013,2009400
17014,1979500
17015,2221700
17016,1734000
17017,1638200
17018,1662300
17019,1759200
17020,1615500
17021,1597200
17022,1532600
17023,1631300
17024,1834600
17025,1725400
17026,1599500
17027,1804000
17028,1669400
17029,1721900
17030,1653900
17031,1663200
17032,1635300
17033,1684500
17034,1835300
17035,1618600
17036,1704800
17037,1703800
17038,1691500
17039,1717800
17040,1514900
17041,1572400
17042,1637800
17043,1654500
17044,1877600
17045,1684300
17046,1725600
17047,1809400
17048,1617900
17049,1609200
17050,1532900
17051,1561400
17052,1617900
17053,1693600
17054,2040900
17055,1876100
17056,1769000
17057,1541600
17058,1630500
17059,1581600
17060,1641600
17061,1525500
17062,1549500
17063,1624400
17064,1861800
17065,2259400
17066,2102600
17067,2063000
17068,2122600
17069,1875600
17070,1851100
17071,1798200
17072,2265800
17073,2170700
17074,1888100
17075,1786700
17076,1836400
17077,1823900
17078,1907400
17079,1854900
17080,1768100
17081,2268700
17082,2065600
17083,1844800
17084,1798700
17085,1800900
17086,1822700
17087,1775000
17088,1772100
17089,2045200
17090,2165200
17091,1872400
17092,1857400
17093,1711100
17094,1628300
17095,1623900
17096,1575900
17097,1628800
17098,1737600
17099,1946200
17100,1816800
17101,1647500
17102,1624000
17103,1643300
17104,1670800
17105,1625800
17106,1604800
17107,1564200
17108,2035800
17109,1873500
17110,1739800
17111,1705300
17112,1591600
17113,1649400
17114,1562400
17115,1556300
17116,1573600
17117,1602500
17118,1688900
17119,1926700
17120,1710600
17121,1699800
17122,1640400
17123,1556100
17124,1561300
17125,1586800
17126,1912100
17127,1701800
17128,1820700
17129,1983700
17130,1647400
17131,1629100
17132,1530600
17133,1585200
17134,1588200
17135,1576700
17136,1796000
17137,1775300
17138,1657300
17139,1783700
17140,1587400
17141,1663700
17142,1623100
17143,1567400
17144,1563500
17145,1791100
17146,1993000
17147,1898900
17148,2011000
17149,1899600
17150,1609700
17151,1731100
17152,1638100
17153,1672100
17154,1685000
17155,1813300
17156,1542600
17157,1584100
17158,1882300
17159,1691700
17160,1704100
17161,1575200
17162,1534000
17163,1658200
17164,1782400
17165,1663300
17166,1658500
17167,1616300
17168,1896000
17169,1604700
17170,1576300
17171,1628100
17172,1564400
17173,1748100
17174,1624600
17175,1701500
17176,1592900
17177,1651900
17178,2008100
17179,1796200
17180,1701500
17181,1781700
17182,1768100
17183,1738900
17184,1604700
17185,1635000
17186,1656800
17187,1596400
17188,1725700
17189,1630800
17190,1595800
17191,1653500
17192,1747400
17193,1672400
17194,1607200
17195,1566500
17196,1653500
17197,1775000
17198,1763900
17199,1664500
17200,1688600
17201,1747700
17202,1689800
17203,1587600
17204,1578200
17205,1563000
17206,1605000
17207,1548300
17208,1983600
17209,1704400
17210,1726100
17211,1728000
17212,1663800
17213,1603100
17214,1578000
17215,1500200
17216,1672800
17217,1545500
17218,1736900
17219,1663300
17220,1716300
17221,1702600
17222,1555600
17223,1642300
17224,1602100
17225,1564200
17226,1532200
17227,1539200
17228,1765900
17229,1763200
17230,1653100
17231,1669400
17232,1617700
17233,1615600
17234,1608800
17235,1605900
17236,1556300
17237,1543300
17238,1793600
17239,1764900
17240,1954300
17241,1738600
17242,1748500
17243,1540300
17244,1686200
17245,2120100
17246,2121200
17247,2669800
17248,2734500
17249,2445200
17250,2570500
17251,2271100
17252,1858600
17253,1707400
17254,1719300
17255,2189300
17256,1742800
17257,1599400
17258,1626400
17259,1686900
17260,1664900
17261,1679800
17262,1573800
17263,1633900
17264,1829200
17265,1808900
17266,1816100
17267,1641700
17268,1577400
17269,1559400
17270,1656900
17271,1586200
17272,1664200
17273,1664600
17274,1755200
17275,2168500
17276,2037700
17277,1749100
17278,1711300
17279,1745200
17280,1621500
17281,1614600
17282,1847200
17283,1876700
17284,1930100
17285,1720300
17286,1619100
17287,1670200
17288,1672400
17289,1609500
17290,1669700
17291,1795700
17292,1627300
17293,1834900
17294,1740500
17295,1739400
17296,1744200
17297,1623300
17298,1635400
17299,1615000
17300,1615200
17301,1624500
17302,1579900
17303,1802000
17304,1694500
17305,1544200
17306,1611800
17307,1536900
17308,1582700
17309,1590100
17310,1598200
17311,1859100
17312,1719800
17313,2460500
17314,1914500
17315,1808800
17316,1929400
17317,1761600
17318,1679800
17319,1758500
17320,1749500
17321,1728900
17322,1997400
17323,1758400
17324,1751600
17325,1637200
17326,1677300
17327,1636400
17328,1739000
17329,1729000
17330,1604300
17331,1595000
17332,1790400
17333,1734800
17334,1626000
17335,1557800
17336,1695900
17337,1695200
17338,1627600
17339,1658900
17340,1576000
17341,1548100
17342,1958900
17343,1842000
17344,1590600
17345,1603200
17346,1617900
17347,1840100
17348,1563300
17349,1641400
17350,1588700
17351,1634600
17352,1779400
17353,1672000
17354,1680800
17355,1634300
17356,1722700
17357,1665800
17358,1631900
17359,1604000
17360,1533300
17361,1573700
17362,1793200
17363,1691100
17364,1663200
17365,1597500
17366,1736500
17367,1538500
17368,1553000
17369,1639800
17370,1623100
17371,1639100
17372,1939700
17373,1959400
17374,1710600
17375,1867700
17376,1666900
17377,1783600
17378,1749900
17379,1689300
17380,1602600
17381,1701700
17382,1719900
17383,1590800
17384,1855300
17385,1852900
17386,1648700
17387,1766700
17388,1601800
17389,2072600
17390,2204500
17391,2282900
17392,1728200
17393,1763200
17394,1642700
17395,1695100
17396,1664300
17397,1568300
17398,1620100
17399,1605900
17400,2070300
17401,1843900
17402,1920400
17403,2031400
17404,1881900
17405,1646400
17406,1717400
17407,1654600
17408,1570100
17409,1872900
17410,2094500
17411,1709300
17412,1735400
17413,1677300
17414,1649400
17415,1665400
17416,1579300
17417,1660700
17418,1620200
17419,1951600
17420,1866100
17421,1670200
17422,1678300
17423,1761500
17424,1549400
17425,1596000
17426,1622900
17427,1564200
17428,1603000
17429,1943700
17430,2025000
17431,1691800
17432,1647400
17433,1723800
17434,1612300
17435,1815400
17436,1589300
17437,1574900
17438,1594800
17439,1930200
17440,1705600
17441,1752400
17442,2072100
17443,2212200
17444,1779800
17445,1666400
17446,1709800
17447,2007500
17448,2278600
17449,1794700
17450,1755600
17451,1533800
17452,1678400
17453,1651800
17454,1617300
17455,1672300
17456,1766800
17457,1973100
17458,1676700
17459,1636600
17460,1576400
17461,1651300
17462,1555500
17463,1643000
17464,1618700
17465,1536900
17466,2052100
17467,1987600
17468,1866000
17469,1650300
17470,1748600
17471,1553800
17472,1624900
17473,1708300
17474,1637300
17475,1686900
17476,1651500
17477,1737000
17478,1625400
17479,1561900
17480,1680400
17481,1650900
17482,1547400
17483,1575700
17484,1612800
17485,1594900
17486,1706700
17487,1895500
17488,1725500
17489,1628000
17490,1604900
17491,1605700
17492,1568300
17493,1761400
17494,1732900
17495,1644600
17496,1633800
17497,1804100
17498,1710500
17499,1725700
17500,1631200
17501,1574800
17502,1836300
17503,1772300
17504,1579500
17505,1641500
17506,1608700
17507,2224000
17508,1718400
17509,1775700
17510,1658200
17511,1814500
17512,1737700
17513,1583500
17514,1569200
17515,1536200
17516,1812000
17517,1638700
17518,1774300
17519,1669400
17520,1585700
17521,1778400
17522,2136800
17523,1741800
17524,1670100
17525,1723700
17526,1955600
17527,1860800
17528,1707500
17529,1693600
17530,1808200
17531,1638800
17532,1640100
17533,1637000
17534,1720900
17535,2003600
17536,1975500
17537,1734200
17538,1714900
17539,1719000
17540,1709600
17541,1546000
17542,1596800
17543,1658400
17544,1640900
17545,1860500
17546,1746900
17547,1702600
17548,1660400
17549,1764400
17550,1991300
17551,1685200
17552,1636700
17553,1597600
17554,1758000
17555,1897800
17556,1600800
17557,1772300
17558,1628200
17559,1742100
17560,2081700
17561,1646500
17562,1659500
17563,1778000
17564,2001100
17565,1872200
17566,1868800
17567,1727300
17568,1705700
17569,1615400
17570,1585800
17571,1651400
17572,1730500
17573,1668700
17574,2015300
17575,1813400
17576,1603100
17577,1689800
17578,1561800
17579,1612700
17580,1571600
17581,1726500
17582,1567500
17583,1562500
17584,1851100
17585,1845300
17586,1697800
17587,1643000
17588,1641100
17589,1804300
17590,1715900
17591,1617800
17592,1637300
17593,1692600
17594,2085900
17595,2056600
17596,2352600
17597,2016300
17598,2034100
17599,1821200
17600,1768200
17601,1606600
17602,2183100
17603,1780400
17604,1622900
17605,1648600
17606,1848900
17607,2244700
17608,2146000
17609,1963900
17610,1736700
17611,2028600
17612,1704200
17613,1596800
17614,1650300
17615,1621900
17616,1691000
17617,1742200
17618,1588700
17619,1589300
17620,1920000
17621,1813100
17622,1822300
17623,1667400
17624,1558600
17625,1666800
17626,1567800
17627,1566300
17628,1520000
17629,1568700
17630,1965400
17631,2069700
17632,1712900
17633,1606400
17634,1590800
17635,1529900
17636,1600700
17637,1593800
17638,1719300
17639,1642300
17640,1669700
17641,1813600
17642,1604200
17643,1635500
17644,1711400
17645,1728900
17646,1574700
17647,1531100
17648,1739700
17649,1992500
17650,2453600
17651,2180900
17652,2065700
17653,1816400
17654,1790500
17655,1787300
17656,1902100
17657,2216900
17658,2028300
17659,1846200
17660,1931600
17661,1783600
17662,1801700
17663,1802500
17664,1998600
17665,2071100
17666,1793900
17667,2073800
17668,1949400
17669,1855700
17670,1774200
17671,1740700
17672,1588300
17673,1748200
17674,1560900
17675,1599700
17676,1836100
17677,2107800
17678,1628300
17679,1687700
17680,1591000
17681,1550300
17682,1677800
17683,1654700
17684,1651400
17685,1519600
17686,1686600
17687,1844000
17688,1553900
17689,1535400
17690,1632200
17691,1974800
17692,1983000
17693,1617000
17694,1701700
17695,1636100
17696,1919700
17697,1677000
17698,1641300
17699,1597800
17700,1721100
17701,1677600
17702,1632000
17703,1611200
17704,1600700
17705,1635200
17706,1928800
17707,1688000
17708,1697500
17709,1665800
17710,1612500
17711,1610100
17712,1685000
17713,1607500
17714,1548100
17715,1563800
17716,1669300
17717,1838500
17718,1633100
17719,1658100
17720,1737600
17721,1618800
17722,1650200
17723,1706100
17724,1609200
17725,1541000
17726,1836600
17727,1768300
17728,1706900
17729,2074000
17730,1784500
17731,1675800
17732,1658300
17733,1684600
17734,1582300
17735,1581800
17736,2004000
17737,2095000
17738,1922100
17739,1632200
17740,1576700
17741,1666900
17742,1711400
17743,1653500
17744,1602300
17745,1819700
17746,1782600
17747,1717100
17748,1622700
17749,1547400
17750,1518600
17751,1675800
17752,1538400
17753,1585500
17754,1550500
17755,1818400
17756,1968800
17757,1831900
17758,1638300
17759,1724300
17760,1698400
17761,1526700
17762,1571900
17763,1679100
17764,1561900
17765,2045000
17766,1856900
17767,1668600
17768,1636000
17769,1630500
17770,1625200
17771,1546000
17772,2015900
17773,1966300
17774,2067100
17775,1826800
17776,1644200
17777,1637400
17778,1603100
17779,1594600
17780,1556700
17781,1661500
17782,1647800
17783,1552900
17784,1756300
17785,1767700
17786,1656100
17787,1726600
17788,1558300
17789,1622100
17790,1646900
17791,1621600
17792,1645700
17793,1758100
17794,1903000
17795,1806200
17796,1742000
17797,1747600
17798,1697300
17799,1697000
17800,1758800
17801,1547200
17802,1747400
17803,1683400
17804,1914000
17805,1785500
17806,1631000
17807,1649100
17808,1550800
17809,1653600
17810,1652500
17811,1562700
17812,1868200
17813,1648100
17814,1760500
17815,1803700
17816,1617900
17817,1614200
17818,1602100
17819,1599600
17820,1581100
17821,2052100
17822,2222800
17823,2027400
17824,2232400
17825,1799000
17826,1685100
17827,1586200
17828,1607400
17829,1628800
17830,1750300
17831,1521200
17832,1689200
17833,1784400
17834,1885600
17835,1649600
17836,1668800
17837,1541800
17838,1760100
17839,1794100
17840,1659800
17841,1641100
17842,1849200
17843,2030500
17844,1720600
17845,1739300
17846,1542800
17847,1622900
17848,1851700
17849,1633900
17850,1578200
17851,1549800
17852,1996200
17853,1993900
17854,1639500
17855,1615500
17856,1548100
17857,1705500
17858,1588600
17859,1549500
17860,1674700
17861,1588200
17862,1845000
17863,2163600
17864,1709600
17865,1580600
17866,1627000
17867,1548500
17868,1612900
17869,1534500
17870,1682400
17871,1533300
17872,1775800
17873,1715800
17874,1666800
17875,1670900
17876,1765600
17877,1585300
17878,1574200
17879,1634800
17880,1565200
17881,1704600
17882,1807000
17883,1721600
17884,1634200
17885,1848000
17886,1755700
17887,2008200
17888,1732100
17889,1599400
17890,1640100
17891,2324400
17892,2029400
17893,1790000
17894,1745800
17895,1598500
17896,1725300
17897,1596400
17898,1669900
17899,1592100
17900,1738700
17901,1752200
17902,1577400
17903,1797500
17904,1669700
17905,1599000
17906,1582000
17907,1645000
17908,1591000
17909,1593900
17910,1616600
17911,2483800
17912,2229500
17913,1948600
17914,1743000
17915,1711300
17916,1683000
17917,1722000
17918,1654400
17919,1614600
17920,2005500
17921,1835300
17922,1689200
17923,1703500
17924,1599700
17925,1656600
17926,1528100
17927,1678200
17928,1581000
17929,1558200
17930,1805200
17931,1852300
17932,1798700
17933,1928200
17934,1911100
17935,1904400
17936,1730200
17937,1619100
17938,1676900
17939,1834700
17940,1838400
17941,1722400
17942,1640600
17943,1585600
17944,1617200
17945,1577700
17946,1573500
17947,1556700
17948,1618600
17949,2026400
17950,1871800
17951,1653000
17952,1694000
17953,1575400
17954,1621900
17955,1962200
17956,1739600
17957,1737200
17958,2365900
17959,1845000
17960,1792700
17961,1839400
17962,1728200
17963,1579800
17964,1574200
17965,1688900
17966,1667100
17967,1709900
17968,1887200
17969,1755400
17970,1586800
17971,1759200
17972,1765700
17973,1634900
17974,1686400
17975,1708800
17976,1725700
17977,1943800
17978,1853000
17979,1728200
17980,1699000
17981,1653500
17982,1607900
17983,1567400
17984,1668700
17985,1741600
17986,1582800
17987,1861200
17988,1919700
17989,1728500
17990,1648500
17991,1668300
17992,1637300
17993,1689800
17994,1730900
17995,1749400
17996,1627800
17997,1876300
17998,1740600
17999,1693800
18000,1647900
18001,1664600
18002,1641500
18003,1567100
18004,1627600
18005,1663700
18006,1755400
18007,1963300
18008,1863600
18009,1783900
18010,1591600
18011,1830800
18012,1691000
18013,1805700
18014,1753400
18015,1706600
18016,2146400
18017,1829000
18018,1592100
18019,1642600
18020,1627200
18021,1710500
18022,1710100
18023,1656600
18024,1719400
18025,1618100
18026,1774600
18027,1723000
18028,1630600
18029,1687100
18030,1573100
18031,1576800
18032,2052500
18033,1820700
18034,1674100
18035,1623100
18036,1767400
18037,1637100
18038,1624700
18039,1520100
18040,1671100
18041,1691400
18042,1704700
18043,1631800
18044,1574600
18045,1543700
18046,1821100
18047,1717100
18048,1671800
18049,1565800
18050,1775300
18051,1615600
18052,1759600
18053,1583200
18054,1556300
18055,1686500
18056,2108300
18057,1815500
18058,1690600
18059,1774000
18060,1733500
18061,1699600
18062,1576400
18063,1611500
18064,1587300
18065,1595600
18066,1751500
18067,1630800
18068,1549300
18069,1756900
18070,1764500
18071,1681100
18072,1661900
18073,1642300
18074,1645400
18075,1853400
18076,1796700
18077,1709800
18078,1862900
18079,1723000
18080,1635800
18081,1700000
18082,1614800
18083,1636200
18084,1619500
18085,1997300
18086,1989700
18087,1926100
18088,1769400
18089,1677800
18090,1584500
18091,1557600
18092,1529400
18093,1517000
18094,1674300
18095,1973500
18096,1691200
18097,1731000
18098,1710900
18099,1657800
18100,1701900
18101,1659200
18102,1655500
18103,1578000
18104,1557000
18105,1920900
18106,1885500
18107,2072500
18108,1777300
18109,1734900
18110,1636800
18111,1662800
18112,2114000
18113,2052800
18114,2367000
18115,1795600
18116,1719400
18117,1670000
18118,1658200
18119,1611400
18120,1727900
18121,1639400
18122,1660900
18123,2081600
18124,2061900
18125,1788000
18126,1663400
18127,1595400
18128,2031300
18129,1649000
18130,1686200
18131,1602400
18132,2049500
18133,1921000
18134,1602000
18135,1636500
18136,1637500
18137,1565100
18138,1619000
18139,1571900
18140,1599100
18141,1650200
18142,1765700
18143,1822400
18144,1636200
18145,1701900
18146,1618600
18147,1588100
18148,1588400
18149,1617500
18150,1730800
18151,2019700
18152,2135500
18153,1784600
18154,1689200
18155,1651400
18156,1556800
18157,1613100
18158,1572200
18159,1569000
18160,1627400
18161,1729500
18162,1785500
18163,1670100
18164,1719600
18165,1665400
18166,1560800
18167,1569100
18168,1598500
18169,1732500
18170,1706800
18171,1668400
18172,1772600
18173,2214400
18174,1944900
18175,1708100
18176,1677800
18177,1598900
18178,1698900
18179,1752500
18180,1618500
18181,1928600
18182,1910200
18183,1721000
18184,1666100
18185,1609000
18186,1683700
18187,1846600
18188,2211400
18189,1777400
18190,2550000
18191,2119500
18192,1839100
18193,1706400
18194,1722700
18195,1868900
18196,1702200
18197,1585600
18198,1645000
18199,1819600
18200,1924700
18201,1606600
18202,1601500
18203,1577200
18204,1771400
18205,1718300
18206,1655600
18207,1612400
18208,1590500
18209,1936300
18210,1776100
18211,1701800
18212,1770000
18213,2156800
18214,1997400
18215,1710300
18216,1643800
18217,1627400
18218,1701500
18219,1811800
18220,1735600
18221,1697100
18222,1712200
18223,1677200
18224,1707200
18225,1564900
18226,1650800
18227,1618000
18228,1837000
18229,1699400
18230,1639300
18231,1756500
18232,1819500
18233,2043400
18234,2135300
18235,1956600
18236,1809900
18237,1901300
18238,1999800
18239,2136300
18240,1904400
18241,1833000
18242,2046400
18243,1727700
18244,1783100
18245,1734000
18246,1948100
18247,1857900
18248,2048600
18249,2006700
18250,1836200
18251,1893900
18252,1803700
18253,1714500
18254,1907200
18255,1983300
18256,1822000
18257,1764200
18258,1681900
18259,1721600
18260,1709100
18261,1601500
18262,1609600
18263,1654300
18264,1501500
18265,2176500
18266,2399800
18267,1913100
18268,1635000
18269,1579400
18270,1561200
18271,1549300
18272,1524700
18273,1670700
18274,2041600
18275,1840800
18276,1785500
18277,1719600
18278,1691700
18279,1703100
18280,1592200
18281,1640800
18282,1579600
18283,1658500
18284,1858600
18285,1901200
18286,1615300
18287,1560500
18288,1627300
18289,1642400
18290,1688800
18291,1609700
18292,1647000
18293,1831700
18294,2059600
18295,1661500
18296,1635900
18297,1716100
18298,1587700
18299,1609300
18300,1606800
18301,1624300
18302,1736300
18303,1955900
18304,1847000
18305,1733300
18306,1652300
18307,1585700
18308,1670200
18309,1645900
18310,1554200
18311,1630900
18312,2010700
18313,2148000
18314,1768100
18315,1718000
18316,1987500
18317,1981700
18318,1786000
18319,1635200
18320,1794500
18321,1726900
18322,1817200
18323,1711400
18324,1654100
18325,1705200
18326,1605200
18327,1711000
18328,1636600
18329,1789100
18330,1821200
18331,1627400
18332,1819000
18333,1874400
18334,1947300
18335,1716400
18336,1629000
18337,1630100
18338,1691600
18339,1904400
18340,1774300
18341,1779200
18342,1686000
18343,1681300
18344,1664500
18345,1619400
18346,1543900
18347,1843300
18348,1702300
18349,1592400
18350,1667300
18351,1700900
18352,1738700
18353,1708000
18354,1696000
18355,1567900
18356,1654200
18357,1817800
18358,1588300
18359,1646200
18360,1660500
18361,1642100
18362,1709200
18363,1660300
18364,1612100
18365,1565200
18366,2499200
18367,2375300
18368,2170900
18369,2138500
18370,2064700
18371,1765700
18372,1708800
18373,1606700
18374,1697000
18375,1950300
18376,1736400
18377,1633000
18378,1595300
18379,1846300
18380,1887200
18381,1793000
18382,1701200
18383,1835400
18384,1812100
18385,1635900
18386,1618600
18387,1593600
18388,1672300
18389,1739800
18390,1677800
18391,1717300
18392,1676200
18393,1787700
18394,1612300
18395,1687300
18396,1636300
18397,1631300
18398,1596000
18399,1787500
18400,1628000
18401,1993400
18402,1996500
18403,1998300
18404,2017900
18405,1867900
18406,1681900
18407,1645800
18408,1989100
18409,1929500
18410,1894000
18411,1713200
18412,1705600
18413,1617800
18414,1608900
18415,1658400
18416,1617200
18417,1728800
18418,1800900
18419,1898300
18420,1873800
18421,1953300
18422,1712000
18423,1582500
18424,1572000
18425,1643400
18426,1739600
18427,2046400
18428,1914900
18429,1781500
18430,1614200
18431,1673800
18432,1619500
18433,1595700
18434,1595200
18435,1588900
18436,1558900
18437,1831300
18438,1785500
18439,1542700
18440,1624000
18441,1674300
18442,1622200
18443,1601000
18444,1615700
18445,1620600
18446,1676000
18447,2071500
18448,1815400
18449,1654200
18450,1638400
18451,1594300
18452,1575700
18453,1668700
18454,1657300
18455,1542900
18456,1797400
18457,1841300
18458,1687100
18459,1625200
18460,1564500
18461,1585200
18462,1612900
18463,1532500
18464,1728500
18465,1844200
18466,1841200
18467,1827600
18468,1791300
18469,1994300
18470,1784300
18471,1589500
18472,1628800
18473,1578900
18474,1827900
18475,1726500
18476,1943000
18477,1759300
18478,1631600
18479,1598000
18480,1566500
18481,1577300
18482,1651200
18483,1572800
18484,1855100
18485,1954400
18486,1794900
18487,1767600
18488,1723600
18489,1666900
18490,1696500
18491,1624800
18492,1532300
18493,1726600
18494,1786700
18495,1737200
18496,1968500
18497,1603500
18498,1711600
18499,1669900
18500,1540700
18501,1692700
18502,1808700
18503,1683100
18504,1517200
18505,1733700
18506,2096600
18507,1701300
18508,1701900
18509,1685700
18510,1634500
18511,1815400
18512,1886100
18513,2101000
18514,2533800
18515,2000300
18516,1729800
18517,1652300
18518,1708600
18519,1875800
18520,1805100
18521,1672100
18522,1682100
18523,1737500
18524,1787600
18525,1680300
18526,1644100
18527,1646300
18528,1552200
18529,1876500
18530,1810400
18531,1531200
18532,1660500
18533,1859000
18534,1933900
18535,1721400
18536,1818000
18537,1726100
18538,1844100
18539,1711500
18540,1669200
18541,1533300
18542,1638100
18543,1839100
18544,1729400
18545,1775000
18546,1589800
18547,1769000
18548,1670100
18549,1607800
18550,1672100
18551,1622900
18552,2029200
18553,2016900
18554,1698400
18555,1605200
18556,1658900
18557,1640400
18558,1665000
18559,1642000
18560,1586800
18561,1579500
18562,1842500
18563,2132300
18564,1619200
18565,1749300
18566,1731900
18567,1665300
18568,1682700
18569,1633300
18570,1639400
18571,1660400
18572,1950200
18573,1699400
18574,1724300
18575,1890000
18576,1690900
18577,1671400
18578,1627400
18579,1530000
18580,1622800
18581,1508200
18582,1869400
18583,1744300
18584,1755900
18585,1732200
18586,1685600
18587,1682300
18588,1661800
18589,1648300
18590,1731900
18591,2363000
18592,2118400
18593,2046900
18594,1825600
18595,1609800
18596,1651300
18597,1594600
18598,1663500
18599,1506700
18600,1712700
18601,1862100
18602,1809200
18603,1614700
18604,1524300
18605,1626700
18606,1648500
18607,1584700
18608,1528700
18609,1581300
18610,1671900
18611,1897400
18612,1848500
18613,1727100
18614,1609400
18615,1611500
18616,1645400
18617,1658500
18618,1600000
18619,1622800
18620,1681300
18621,1885300
18622,1717000
18623,1736500
18624,1580200
18625,1675800
18626,1729400
18627,1624700
18628,1641700
18629,1676400
18630,1919300
18631,1935500
18632,1590700
18633,1600800
18634,1689400
18635,1704600
18636,1731200
18637,1590400
18638,1537100
18639,1690000
18640,1929100
18641,1839500
18642,1648200
18643,1606000
18644,1641200
18645,1606700
18646,1606900
18647,1693500
18648,1495700
18649,1676600
18650,1920400
18651,1693800
18652,1580200
18653,1606100
18654,1478100
18655,1611500
18656,1907700
18657,1807400
18658,1638800
18659,1746100
18660,1964500
18661,1873300
18662,1784200
18663,1551500
18664,2057900
18665,1939300
18666,1740400
18667,2021400
18668,2122700
18669,1999600
18670,1663900
18671,1607100
18672,1534600
18673,1660300
18674,1503200
18675,1594300
18676,1828900
18677,1657300
18678,1531500
18679,1770700
18680,1717500
18681,1660000
18682,1550500
18683,1571900
18684,1609600
18685,1613000
18686,2325600
18687,2605900
18688,2228400
18689,1842500
18690,1748900
18691,1661600
18692,1717200
18693,1697400
18694,2060800
18695,1752100
18696,1675300
18697,1781500
18698,1845200
18699,1821800
18700,1701700
18701,1749000
18702,1737700
18703,2169100
18704,1711300
18705,1775700
18706,1958600
18707,1771400
18708,1718200
18709,1645900
18710,1693200
18711,1973200
18712,1863900
18713,1699300
18714,1609300
18715,1516600
18716,1614200
18717,1622000
18718,1580300
18719,1685100
18720,1620100
18721,1700600
18722,1781600
18723,1659000
18724,1642000
18725,1598700
18726,1863200
18727,1769300
18728,1682000
18729,1533200
18730,1792000
18731,1849500
18732,1682400
18733,1679400
18734,1626500
18735,1609300
18736,1776500
18737,1691200
18738,1606000
18739,1592900
18740,1813000
18741,1708700
18742,1610400
18743,1623600
18744,1699200
18745,1735700
18746,1773400
18747,1640100
18748,1547000
18749,2201400
18750,1849300
18751,1756000
18752,1635200
18753,1639000
18754,1577600
18755,1919300
18756,2115200
18757,1756900
18758,1773500
18759,1735800
18760,1594200
18761,1618100
18762,1552500
18763,1646800
18764,1620300
18765,1698900
18766,1960000
18767,2085400
18768,1671800
18769,1695300
18770,1675900
18771,1709500
18772,1517500
18773,1558500
18774,1815700
18775,1832600
18776,1949100
18777,2175100
18778,2349400
18779,2019200
18780,1905600
18781,1779200
18782,1722800
18783,1860500
18784,2349000
18785,2152800
18786,1730500
18787,1668900
18788,1669800
18789,1634100
18790,1680500
18791,1670600
18792,2158300
18793,2238800
18794,1729400
18795,1754300
18796,1554200
18797,1565600
18798,1713500
18799,1592900
18800,1665200
18801,1657100
18802,1844700
18803,1803700
18804,1598800
18805,1640700
18806,1611900
18807,1614900
18808,1584400
18809,1972300
18810,2137100
18811,3009300
18812,2300700
18813,2215200
18814,2039900
18815,1784900
18816,1854700
18817,1827900
18818,1907900
18819,2104800
18820,1835600
18821,1700300
18822,1753000
18823,1720600
18824,1758100
18825,1812200
18826,1952900
18827,2116400
18828,2144500
18829,1851000
18830,1829400
18831,1776100
18832,2081300
18833,1958400
18834,1748200
18835,1826800
18836,1730700
18837,1847200
18838,1655500
18839,1636700
18840,1688000
18841,1530700
18842,1578200
18843,1611800
18844,1787100
18845,1654100
18846,1597300
18847,2289200
18848,1729500
18849,1736100
18850,1546100
18851,1573500
18852,1684500
18853,1749400
18854,1793800
18855,1645000
18856,1667200
18857,1803200
18858,1692200
18859,1621000
18860,1613200
18861,1765600
18862,1608100
18863,1710600
18864,1715000
18865,1590000
18866,1702700
18867,2001900
18868,1626000
18869,1605200
18870,1646400
18871,1631000
18872,1826600
18873,1655100
18874,1713100
18875,1639800
18876,1910400
18877,1633200
18878,1533200
18879,1669400
18880,1570900
18881,1772400
18882,1876400
18883,1704800
18884,1583700
18885,1618200
18886,1776200
18887,1745600
18888,1589000
18889,1724700
18890,1882800
18891,1990300
18892,1784600
18893,1608300
18894,1660600
18895,1746100
18896,1756300
18897,1680700
18898,1620000
18899,1609900
18900,1821200
18901,1646600
18902,1581300
18903,1606400
18904,1574500
18905,1701300
18906,1770200
18907,1654000
18908,1559400
18909,1843000
18910,1725500
18911,1575600
18912,1666200
18913,1700300
18914,1633400
18915,1826500
18916,2285900
18917,1971700
18918,1832500
18919,1710300
18920,1614800
18921,1617600
18922,1577900
18923,1685100
18924,1615000
18925,1715900
18926,1654600
18927,1765400
18928,1684700
18929,1533900
18930,1733100
18931,1590700
18932,1634200
18933,1627100
18934,1640800
18935,1711500
18936,1697800
18937,1777900
18938,1609100
18939,1571900
18940,1565300
18941,1603600
18942,1594500
18943,1642900
18944,1567900
18945,1758600
18946,2015300
18947,1652100
18948,1638100
18949,1652800
18950,1518900
18951,1590900
18952,1584100
18953,1617100
18954,1535500
18955,2000000
18956,1990400
18957,1690500
18958,1640200
18959,1662200
18960,1727900
18961,1598400
18962,1564600
18963,1652100
18964,1804500
18965,2053100
18966,1808600
18967,1639500
18968,1620400
18969,1538300
18970,1711700
18971,1725300
18972,1572700
18973,1621100
18974,2094800
18975,2366700
18976,1911700
18977,2060700
18978,1830500
18979,1752500
18980,1580900
18981,1763000
18982,1556000
18983,2245500
18984,1903700
18985,1640300
18986,1609700
18987,1614400
18988,1638800
18989,1610300
18990,1619900
18991,1581000
18992,1730700
18993,2077000
18994,1633200
18995,1615300
18996,1644600
18997,1658500
18998,1571400
18999,1744100
19000,1550100
19001,1723100
19002,1721600
19003,1805600
19004,1716600
19005,1628000
19006,1680900
19007,1716500
19008,1759200
19009,1649900
19010,1622400
19011,1685800
19012,1640800
19013,2043500
19014,1670900
19015,1673200
19016,1572100
19017,1638800
19018,1735100
19019,1695700
19020,1877600
19021,1655200
19022,1800200
19023,1844300
19024,1734500
19025,1619200
19026,1697100
19027,1602300
19028,1651100
19029,1612800
19030,1543800
19031,1568600
19032,1788200
19033,1852900
19034,1624100
19035,1664000
19036,1708100
19037,1646800
19038,1589600
19039,1851100
19040,1599000
19041,1679900
19042,1715600
19043,1984200
19044,1567600
19045,1692700
19046,1633000
19047,1623200
19048,1744700
19049,1654700
19050,1694600
19051,1745500
19052,1949100
19053,1808400
19054,1642200
19055,1657400
19056,1580900
19057,1759600
19058,1728200
19059,1649600
19060,1653800
19061,1637300
19062,1712800
19063,1716600
19064,1702600
19065,1676100
19066,1624200
19067,1763400
19068,2002500
19069,1881500
19070,1780700
19071,1841500
19072,1737600
19073,1621100
19074,1573800
19075,1728700
19076,1983400
19077,1658100
19078,1663000
19079,1635000
19080,1547100
19081,2211900
19082,1879200
19083,1684300
19084,1788800
19085,1735100
19086,1645000
19087,1690800
19088,1746600
19089,1688500
19090,1830000
19091,1681400
19092,1571700
19093,1848000
19094,1607800
19095,1618900
19096,1623800
19097,1631500
19098,1587200
19099,1624600
19100,1827600
19101,2103200
19102,1776200
19103,1697000
19104,1683800
19105,1695900
19106,1535900
19107,1619500
19108,1600100
19109,1597500
19110,1796100
19111,1864200
19112,1653000
19113,1638800
19114,1661400
19115,1726300
19116,1678600
19117,1661500
19118,1646900
19119,1716600
19120,1818200
19121,1827700
19122,1647400
19123,1657800
19124,1600000
19125,1618500
19126,1592900
19127,1594600
19128,1688900
19129,1614500
19130,1969600
19131,1644700
19132,1579100
19133,1594200
19134,1645300
19135,1667000
19136,1719100
19137,1578400
19138,1630200
19139,1561700
19140,1896000
19141,1788600
19142,1568300
19143,1707100
19144,1620100
19145,1713900
19146,1742100
19147,1520800
19148,1544500
19149,1784400
19150,2094700
19151,1748100
19152,1659400
19153,1648700
19154,1613600
19155,1879700
19156,1914700
19157,1696900
19158,1713100
19159,2181400
19160,1850300
19161,1716800
19162,1695500
19163,1540600
19164,1599900
19165,1679800
19166,1592000
19167,1590800
19168,1689600
19169,1768200
19170,1751500
19171,1667400
19172,1618300
19173,1633300
19174,1642300
19175,1625600
19176,1562000
19177,1647100
19178,1673300
19179,2129200
19180,1937000
19181,2017600
19182,1705100
19183,1668200
19184,1671100
19185,1643900
19186,1718800
19187,1658000
19188,1853900
19189,1619800
19190,1627700
19191,1652600
19192,1719600
19193,1507100
19194,1603800
19195,1537600
19196,1910500
19197,1706900
19198,1914800
19199,1780400
19200,1641600
19201,1715700
19202,1571000
19203,1961000
19204,1890200
19205,1800500
19206,1729900
19207,1663300
19208,1898900
19209,1776100
19210,1765800
19211,1663900
19212,1680800
19213,2042400
19214,1760100
19215,1591400
19216,1665700
19217,1961900
19218,1863000
19219,1688500
19220,1604400
19221,1605500
19222,1655500
19223,1811800
19224,1697000
19225,1770200
19226,2178300
19227,2279600
19228,2062800
19229,2151000
19230,2080500
19231,2238000
19232,2024600
19233,1749600
19234,1847500
19235,1809500
19236,1612300
19237,1637200
19238,1649900
19239,1850600
19240,2020000
19241,1656200
19242,1694300
19243,1625100
19244,1856900
19245,1789300
19246,1635300
19247,1641700
19248,1637300
19249,1639600
19250,1708700
19251,1593600
19252,1645900
19253,1644600
19254,1776500
19255,1877100
19256,1895400
19257,1844100
19258,1749800
19259,1765800
19260,1536100
19261,1668200
19262,1568800
19263,1651600
19264,1718700
19265,1672900
19266,1615800
19267,1788500
19268,1995400
19269,1737500
19270,1739000
19271,1705700
19272,1777400
19273,1853600
19274,1957200
19275,1720600
19276,1831900
19277,1833700
19278,1596000
19279,1738200
19280,2078100
19281,1694600
19282,1877500
19283,1833400
19284,1711700
19285,1675800
19286,1712100
19287,1685400
19288,1623400
19289,1553000
19290,1673100
19291,1544400
19292,1636800
19293,2005800
19294,1928400
19295,1771200
19296,1641900
19297,1727600
19298,1640600
19299,1610600
19300,1504200
19301,1734600
19302,1923600
19303,1957500
19304,1699500
19305,1621700
19306,1704000
19307,1735900
19308,1620900
19309,1704700
19310,1556700
19311,1528800
19312,2220500
19313,2346600
19314,2180600
19315,2077000
19316,2125800
19317,1837300
19318,1705700
19319,1670300
19320,1814100
19321,2108800
19322,1731100
19323,1645700
19324,1639800
19325,1652900
19326,1649500
19327,1611700
19328,1537200
19329,1763200
19330,2164500
19331,1756500
19332,1788800
19333,1708300
19334,1593700
19335,1680400
19336,1752200
19337,1837500
19338,1775000
19339,1946700
19340,1735100
19341,1622800
19342,1680200
19343,1607400
19344,1935200
19345,1792600
19346,1627500
19347,1820200
19348,1755200
19349,1940600
19350,1715700
19351,1877500
19352,1750500
19353,1606400
19354,1686100
19355,1572900
19356,1914600
19357,1929300
19358,2033100
19359,2654600
19360,2462200
19361,2321300
19362,1816100
19363,1739500
19364,1710100
19365,1799300
19366,2310100
19367,1909500
19368,1698100
19369,1578400
19370,1604600
19371,1530300
19372,1536900
19373,1669100
19374,1580600
19375,1717500
19376,1826800
19377,1642900
19378,1566600
19379,1553300
19380,1600100
19381,1652300
19382,1683500
19383,1636900
19384,1593900
19385,1673100
19386,1937600
19387,1750600
19388,1584000
19389,1595300
19390,1561300
19391,1582200
19392,1741900
19393,2139600
19394,2101300
19395,2446200
19396,2198100
19397,1843900
19398,1888100
19399,1829300
19400,1939000
19401,1957200
19402,1756400
19403,1885300
19404,2276200
19405,1855200
19406,1925200
19407,2317200
19408,1950900
19409,1882500
19410,1786700
19411,1809700
19412,1867400
19413,1954300
19414,1805100
19415,1641200
19416,1840700
19417,1732000
19418,1715700
19419,1661600
19420,1598400
19421,1689500
19422,1689600
19423,1669200
19424,1633500
19425,1618000
19426,1756600
19427,1666900
19428,1562300
19429,1678000
19430,1844200
19431,1989100
19432,2258300
19433,1647800
19434,1760900
19435,1760700
19436,1707400
19437,1564100
19438,1682400
19439,1566500
19440,1579400
19441,1648800
19442,1793300
19443,1648200
19444,1664600
19445,1593300
19446,1595300
19447,1699500
19448,1576400
19449,1609000
19450,1602100
19451,1719700
19452,1823000
19453,1654300
19454,1661300
19455,1693300
19456,1625800
19457,1615600
19458,1600300
19459,1530000
19460,1649800
19461,1787800
19462,2112300
19463,1832600
19464,1737000
19465,1653200
19466,1712300
19467,1584600
19468,1724300
19469,1584300
19470,1610400
19471,1726400
19472,1822000
19473,2105300
19474,1851100
19475,1690100
19476,1671200
19477,1622100
19478,1643900
19479,1558100
19480,1640400
19481,2018000
19482,1862000
19483,1715500
19484,1893400
19485,1883600
19486,1657700
19487,1717300
19488,1636100
19489,1632400
19490,1774100
19491,1750200
19492,1615100
19493,1545100
19494,1840200
19495,1655100
19496,1612100
19497,1578400
19498,1531100
19499,1556700
19500,2041500
19501,1839600
19502,1732600
19503,1665700
19504,1682600
19505,1550100
19506,1607300
19507,2043800
19508,2260500
19509,2325300
19510,2086600
19511,1908600
19512,1771100
19513,1606800
19514,1611000
19515,1616800
19516,1642700
19517,1799600
19518,1860700
19519,1919300
19520,1642000
19521,1643400
19522,1643400
19523,1584700
19524,1627100
19525,1650000
19526,1767100
19527,1705700
19528,1937400
19529,1810100
19530,1752100
19531,1648700
19532,1655100
19533,1702100
19534,1586000
19535,2220100
19536,1889900
19537,1806200
19538,1725200
19539,1696300
19540,1671100
19541,1642400
19542,1671800
19543,1853300
19544,1793700
19545,2019800
19546,1980200
19547,2036500
19548,2163600
19549,1644300
19550,1680500
19551,1611100
19552,1639100
19553,1898400
19554,1720300
19555,1618100
19556,2055900
19557,1868300
19558,1580000
19559,1634900
19560,1650100
19561,1573900
19562,1704000
19563,1658500
19564,1567900
19565,1627100
19566,1839200
19567,1630000
19568,1629800
19569,1660300
19570,1647900
19571,1860600
19572,1745200
19573,1689500
19574,1692100
19575,1754600
19576,1911400
19577,1708300
19578,1657700
19579,1559200
19580,1581200
19581,1737900
19582,1708200
19583,1639000
19584,1550000
19585,1693200
19586,1818400
19587,1601400
19588,1642700
19589,1581200
19590,1834000
19591,1945900
19592,1765100
19593,1689700
19594,1609500
19595,1674000
19596,1805100
19597,1566200
19598,1715000
19599,1718900
19600,1695500
19601,1624000
19602,1614900
19603,1638400
19604,1571500
19605,1734800
19606,1719000
19607,1588900
19608,1777900
19609,1979300
19610,1996800
19611,1743900
19612,1645300
19613,1663400
19614,1710100
19615,1783900
19616,1738200
19617,1697800
19618,1766900
19619,1619000
19620,1673000
19621,1599400
19622,1569000
19623,1604400
19624,1726600
19625,2166300
19626,1717000
19627,1704000
19628,1629000
19629,1657700
19630,1848900
19631,1648300
19632,1584800
19633,1546100
19634,1714100
19635,1737200
19636,1824000
19637,1735800
19638,1683100
19639,1670800
19640,1612000
19641,1617300
19642,1585800
19643,1684600
19644,1869300
19645,1932900
19646,1708600
19647,1636200
19648,1572400
19649,1580500
19650,1685200
19651,1675000
19652,1680800
19653,2182700
19654,2584700
19655,1957600
19656,1728100
19657,1666400
19658,1642100
19659,1619800
19660,1765700
19661,1625700
19662,1736700
19663,1969300
19664,1741700
19665,1625000
19666,1562800
19667,1600500
19668,1697900
19669,1563700
19670,1669400
19671,1598400
19672,1762500
19673,2000400
19674,1873300
19675,1647000
19676,1634300
19677,1572800
19678,1621200
19679,1617000
19680,1534500
19681,1649100
19682,1860200
19683,1869400
19684,1660600
19685,1668800
19686,1604900
19687,1581900
19688,1612100
19689,1584200
19690,1612500
19691,1733500
19692,1589600
19693,1934600
19694,1722600
19695,1667400
19696,1651300
19697,1621200
19698,1582300
19699,1566100
19700,1760000
19701,1695700
19702,1601100
19703,1963400
19704,1652000
19705,1635400
19706,1659900
19707,1500300
19708,1642600
19709,1590600
19710,1869600
19711,1674500
19712,1701400
19713,1872800
19714,1667300
19715,1605400
19716,1679000
19717,1975800
19718,1864500
19719,1762500
19720,1549600
19721,1673400
19722,1869300
19723,1822500
19724,1699200
19725,1597600
19726,1651600
19727,1613600
19728,1742000
19729,1618600
19730,1560600
19731,1579800
19732,1722600
19733,1816700
19734,1658000
19735,1590900
19736,1600700
19737,1516900
19738,1878100
19739,1686700
19740,1998200
19741,1722900
19742,2056600
19743,1768600
19744,1807200
19745,1603500
19746,1577400
19747,1852900
19748,1735100
19749,1896500
19750,1817100
19751,1900900
19752,1761400
19753,1726200
19754,1727300
19755,1538800
19756,1845700
19757,1711500
19758,1752900
19759,1516200
19760,1599900
19761,2103700
19762,1799200
19763,1684600
19764,1609700
19765,1768200
19766,1768100
19767,1534800
19768,1568800
19769,1562400
19770,1680400
19771,1790900
19772,1672200
19773,1651500
19774,1905100
19775,1986300
19776,1803000
19777,1646500
19778,1664800
19779,1631900
19780,1778900
19781,1703500
19782,1694100
19783,1636100
19784,1635000
19785,1623200
19786,1617500
19787,1619500
19788,1549000
19789,1603100
19790,1732200
19791,1935300
19792,1665700
19793,1825000
19794,1644200
19795,1676000
19796,1600800
19797,1633800
19798,1649700
19799,1556800
19800,1799400
19801,1712000
19802,1798700
19803,1661500
19804,1677800
19805,1591300
19806,1520600
19807,1529000
19808,1592100
19809,1632600
19810,1696700
19811,1742200
19812,1999500
19813,1691800
19814,1580200
19815,1594000
19816,1642800
19817,1595300
19818,1595200
19819,1621100
19820,1869600
19821,1978800
19822,1626000
19823,1688300
19824,1606500
19825,1639400
19826,1635400
19827,1698200
19828,1668900
19829,1531300
19830,1767500
19831,1949200
19832,1710400
19833,1673400
19834,1623900
19835,1642400
19836,1635200
19837,1675700
19838,1609500
19839,1705800
19840,2001500
19841,1684800
19842,1601700
19843,1605700
19844,1540000
19845,1653200
19846,1568400
19847,1588400
19848,1577100
19849,1915400
19850,2453500
19851,1910900
19852,1785000
19853,1662100
19854,1636800
19855,1712600
19856,1726400
19857,2109300
19858,1809400
19859,2069700
19860,1794100
19861,1655000
19862,1654600
19863,1610700
19864,1720700
19865,1636900
19866,1704600
19867,1812700
19868,1996800
19869,1830600
19870,1730500
19871,1642900
19872,1676500
19873,1550600
19874,1709600
19875,1543800
19876,1791000
19877,1790000
19878,1885400
19879,1770700
19880,1696600
19881,1681300
19882,1620900
19883,1576600
19884,1576300
19885,1737600
19886,1717300
19887,1734500
19888,1889100
19889,1776200
19890,1648200
19891,1711700
19892,1496400
19893,1560600
19894,1713400
19895,1804900
19896,1615200
19897,1694200
19898,1755100
19899,1632100
19900,1600000
19901,1680100
19902,1637400
19903,1582400
19904,1758200
19905,1689400
19906,1569300
19907,1600900
19908,1934200
19909,1738100
19910,1645800
19911,1630000
19912,1629400
19913,1697500
19914,1678300
19915,1629600
19916,1618800
19917,1607100
19918,2046800
19919,1762800
19920,1713000
19921,1585400
19922,1843000
19923,1826700
19924,1631400
19925,1656100
19926,1741400
19927,2806700
19928,1982500
19929,1757100
19930,1713200
19931,1782300
19932,1593900
19933,1603500
19934,1542300
19935,1741800
19936,1687800
19937,1675500
19938,1659300
19939,1566200
19940,1733100
19941,1606700
19942,1692300
19943,1633700
19944,1620400
19945,1736400
19946,1680800
19947,1780500
19948,1613800
19949,1996100
19950,2270700
19951,2440200
19952,1904400
19953,2007400
19954,1871000
19955,1933500
19956,1616600
19957,1699700
19958,1622900
19959,1714200
19960,1654900
19961,1553900
19962,1714900
19963,1607100
19964,1716400
19965,1859900
19966,1768200
19967,1816800
19968,1581400
19969,1612200
19970,1621600
19971,1636000
19972,1615400
19973,1613000
19974,1534900
19975,1885900
19976,2112500
19977,2065400
19978,2029900
19979,2196300
19980,1935400
19981,1856900
19982,1879000
19983,2089000
19984,2161400
19985,1799500
19986,1850500
19987,1840700
19988,1776700
19989,1931900
19990,1819900
19991,1975000
19992,2470300
19993,1856400
19994,1840700
19995,1869600
19996,1798300
19997,1822200
19998,1609100
19999,1588800
20000,1506200
20001,2050200
20002,1822500
20003,1732500
20004,1699400
20005,1609700
20006,1573500
20007,1579800
20008,1588600
20009,1538700
20010,1915000
20011,2036800
20012,1689800
20013,1663400
20014,1634000
20015,1641800
20016,1928100
20017,2036900
20018,2064400
20019,2250300
20020,2326500
20021,2032900
20022,1704900
20023,1605200
20024,1620900
20025,1658800
20026,1630000
20027,1697200
20028,1774200
20029,1957400
20030,1607900
20031,1648600
20032,1663700
20033,1646300
20034,1593300
20035,1645500
20036,1539900
20037,1762700
20038,1709500
20039,1701600
20040,1817900
20041,1565600
20042,1576900
20043,1601600
20044,1531300
20045,1498400
20046,1911800
20047,1869500
20048,1750300
20049,1946200
20050,1604200
20051,1679800
20052,1569300
20053,1680800
20054,1635400
20055,1616000
20056,2000600
20057,1927700
20058,1943900
20059,2017500
20060,1764500
20061,1664300
20062,1629000
20063,1698900
20064,1964700
20065,1712800
20066,1641400
20067,1676200
20068,1636900
20069,1647200
20070,1595300
20071,1618000
20072,1567800
20073,1694900
20074,1933000
20075,1794500
20076,1608200
20077,1673700
20078,1898600
20079,1612500
20080,1653500
20081,1576800
20082,1585200
20083,1627100
20084,1589300
20085,1707100
20086,1520000
20087,1674800
20088,1734100
20089,1625700
20090,1625500
20091,1715400
20092,1692000
20093,1829900
20094,1618100
20095,1624600
20096,1627000
20097,1555800
20098,1783500
20099,1683600
20100,1590500
20101,1652300
20102,2256300
20103,2262400
20104,1923300
20105,1864700
20106,1899600
20107,2338600
20108,1907100
20109,1701100
20110,1729400
20111,1546400
20112,1791000
20113,1664300
20114,1601200
20115,1630100
20116,1959100
20117,1737100
20118,1673800
20119,1751900
20120,1572400
20121,1614700
20122,1756400
20123,1633300
20124,1677600
20125,1714400
20126,1968800
20127,1650500
20128,1848800
20129,2061600
20130,1868900
20131,1978200
20132,1867800
20133,1798300
20134,1615300
20135,1849100
20136,1733000
20137,2057700
20138,2185100
20139,2126400
20140,1839000
20141,1814100
20142,1689800
20143,1640400
20144,2082300
20145,2051600
20146,1773900
20147,1711700
20148,1608300
20149,1648100
20150,1665600
20151,1661100
20152,1575300
20153,1850800
20154,1930800
20155,1936400
20156,1709400
20157,1582900
20158,1613300
20159,1513600
20160,1621200
20161,1622300
20162,1664400
20163,2062400
20164,1752900
20165,1641000
20166,1620600
20167,1663600
20168,1583400
20169,1630700
20170,1552300
20171,1610300
20172,1573500
20173,2220000
20174,1800800
20175,1734100
20176,1573500
20177,1527600
20178,1682600
20179,1535100
20180,1574200
20181,1573000
20182,1876100
20183,1857200
20184,1652200
20185,1999700
20186,2060900
20187,1791800
20188,1724000
20189,1751100
20190,1560900
20191,1693100
20192,2191600
20193,1883600
20194,1706000
20195,1652700
20196,1685600
20197,1837500
20198,1678500
20199,1552300
20200,1775500
20201,1876600
20202,1737300
20203,1607500
20204,1760700
20205,1589600
20206,1622600
20207,1705100
20208,1628900
20209,1785400
20210,1956800
20211,1792200
20212,1888500
20213,1630700
20214,1696500
20215,1617200
20216,1668000
20217,1653100
20218,1878700
20219,1830700
20220,1694600
20221,1826800
20222,1689200
20223,1713800
20224,1567200
20225,1537200
20226,1665900
20227,1570700
20228,1740900
20229,1746900
20230,1730600
20231,1850600
20232,1698100
20233,1569700
20234,1583400
20235,1649200
20236,1667700
20237,1866800
20238,1835700
20239,1611000
20240,1888500
20241,1938000
20242,1731000
20243,1709900
20244,1575700
20245,1589300
20246,1857600
20247,1684000
20248,1635400
20249,1632700
20250,1895300
20251,1684700
20252,1599900
20253,1665600
20254,1486300
20255,1543600
20256,1722200
20257,1653700
20258,1543400
20259,1570600
20260,1645700
20261,1717400
20262,1530800
20263,1648200
20264,1533700
20265,1576700
20266,1695300
20267,1518600
20268,1561600
20269,1557300
20270,1731100
20271,1964900
20272,1759300
20273,1613500
20274,1588300
20275,1887900
20276,1697000
20277,1616700
20278,1561600
20279,1578400
20280,1837100
20281,1651600
20282,1548300
20283,1546000
20284,1765700
20285,1725500
20286,1729000
20287,1638500
20288,1736200
20289,1590100
20290,1679200
20291,2002500
20292,1768700
20293,1768000
20294,1733200
20295,1719000
20296,1691000
20297,1607500
20298,1566400
20299,1620000
20300,1877100
20301,1627900
20302,1603100
20303,1973500
20304,1769100
20305,1675700
20306,1652100
20307,1522400
20308,1638100
20309,1623700
20310,1817700
20311,1857600
20312,1752800
20313,1608100
20314,1633600
20315,1572100
20316,1589200
20317,1674500
20318,1699700
20319,1641700
20320,1817500
20321,1737500
20322,1726100
20323,1567500
20324,1655100
20325,1716200
20326,1637600
20327,1542700
20328,1621500
20329,1687900
20330,1818900
20331,1878000
20332,1611000
20333,1643900
20334,1672300
20335,1691800
20336,1632500
20337,1646900
20338,1598000
20339,1601300
20340,2231700
20341,1931900
20342,1661300
20343,1616700
20344,1673700
20345,1681300
20346,1684400
20347,1540900
20348,1630200
20349,2019500
20350,2160600
20351,1747500
20352,1706100
20353,1590400
20354,1606600
20355,1705000
20356,1631400
20357,1573600
20358,1615900
20359,2334300
20360,1816900
20361,1745200
20362,1614300
20363,1677700
20364,1656200
20365,1601100
20366,1602000
20367,1633700
20368,1890800
20369,1822600
20370,1730300
20371,1579900
20372,1582600
20373,1583000
20374,1606500
20375,1564200
20376,1581700
20377,1922800
20378,2126300
20379,1750300
20380,1585100
20381,1608400
20382,1652600
20383,1532400
20384,1701600
20385,1553400
20386,1609500
20387,1753000
20388,1753300
20389,1744500
20390,1658900
20391,1571900
20392,1601500
20393,1549800
20394,1590500
20395,1616200
20396,1616200
20397,1589900
20398,1674900
20399,1780500
20400,1620100
20401,1611200
20402,1619400
20403,1565200
20404,1679900
20405,1571500
20406,1780900
20407,1728000
20408,1924500
20409,1956600
20410,1780000
20411,1669800
20412,1606000
20413,1560900
20414,1674100
20415,1694900
20416,1627000
20417,1613900
20418,1749800
20419,1690000
20420,1639300
20421,1722800
20422,1707400
20423,1549400
20424,1538700
20425,1696700
20426,1659300
20427,1643200
20428,1826500
20429,1775600
20430,1590100
20431,1589000
20432,1546200
20433,1647700
20434,1756200
20435,2034600
20436,2187300
20437,2448100
20438,2407000
20439,2091100
20440,2154100
20441,2447800
20442,2472600
20443,1872000
20444,1763000
20445,1807300
20446,1778300
20447,1832300
20448,1693500
20449,1939800
20450,1749000
20451,1783000
20452,1670500
20453,1582100
20454,1678700
20455,1915600
20456,1754900
20457,1820500
20458,1642800
20459,1692700
20460,1709900
20461,1749200
20462,1601300
20463,1608600
20464,1821100
20465,1938900
20466,1694900
20467,1780200
20468,2353400
20469,1873200
20470,1759600
20471,1715600
20472,1641200
20473,1850200
20474,1676000
20475,1616300
20476,1596600
20477,1896700
20478,1722800
20479,1667500
20480,1568300
20481,1544700
20482,1587000
20483,1702900
20484,1858300
20485,1609700
20486,1776100
20487,1667700
20488,1701200
20489,1639300
20490,1575300
20491,1549500
20492,1494300
20493,1524100
20494,1888700
20495,1850500
20496,1800800
20497,1721600
20498,1568100
20499,1661300
20500,1622000
20501,1682900
20502,1601600
20503,1987400
20504,1944300
20505,2060200
20506,1757900
20507,1711300
20508,1716000
20509,1654100
20510,1588000
20511,1563100
20512,1657700
20513,1727000
20514,2105300
20515,1974800
20516,1747700
20517,1656700
20518,1725000
20519,1648600
20520,1704200
20521,1687400
20522,1978200
20523,1973600
20524,1690000
20525,1728500
20526,1690200
20527,1685300
20528,1633300
20529,1666800
20530,1630400
20531,1651500
20532,2473700
20533,1902600
20534,2305400
20535,1973700
20536,1958500
20537,1772100
20538,1649300
20539,1679700
20540,1937700
20541,1957300
20542,1738300
20543,1651200
20544,1659400
20545,1734200
20546,1638200
20547,1568400
20548,1677600
20549,1867700
20550,2063700
20551,1692400
20552,1629700
20553,1596100
20554,1562700
20555,1668600
20556,1567500
20557,1679900
20558,1954400
20559,2420800
20560,2529500
20561,2576100
20562,2396600
20563,2096700
20564,2115700
20565,2232200
20566,2070600
20567,2255100
20568,2180300
20569,1902100
20570,1925200
20571,2069100
20572,2500200
20573,2289500
20574,2402700
20575,2287800
20576,2077300
20577,2000100
20578,1973100
20579,2073000
20580,2227300
20581,2001400
20582,2225100
20583,2437300
20584,2080100
20585,1963800
20586,1946300
20587,2432700
20588,2449000
20589,2214900
20590,2264900
20591,2235900
20592,2977800
20593,2884800
20594,2660300
20595,2184300
20596,2187900
20597,1985600
20598,1978000
20599,1897000
20600,2056700
20601,2646200
20602,2330600
20603,2511300
20604,2312800
20605,2122800
20606,2121700
20607,1931400
20608,2502200
20609,2058400
20610,1899700
20611,2006800
20612,2147300
20613,2006700
20614,2155400
20615,3291700
20616,3137100
20617,2064400
20618,2091400
20619,2369200
20620,2233800
20621,2250100
20622,2867700
20623,2328500
20624,1996100
20625,2109600
20626,1875500
20627,1671700
20628,1646500
20629,2018200
20630,1884200
20631,1827900
20632,1733100
20633,1857400
20634,1913400
20635,2454800
20636,1904200
20637,1781600
20638,1867800
20639,1772200
20640,1822600
20641,1817400
20642,1887400
20643,1926500
20644,1924800
20645,1716000
20646,1902600
20647,1916900
20648,1722800
20649,1787500
20650,1768800
20651,1809900
20652,2152900
20653,2303900
20654,1973400
20655,1822800
20656,1680800
20657,1753600
20658,1731900
20659,1751800
20660,1828700
20661,1813400
20662,2097700
20663,2893600
20664,1870700
20665,1673200
20666,1717800
20667,1825700
20668,1829600
20669,1817600
20670,2207100
20671,1966100
20672,1967300
20673,1877700
20674,1787300
20675,1983800
20676,2667900
20677,1928700
20678,1900500
20679,2261500
20680,2308200
20681,1980700
20682,1941800
20683,2113900
20684,2258100
20685,2173300
20686,2530600
20687,1903700
20688,1720600
20689,1671300
20690,1871200
20691,1820600
20692,1774200
20693,1794500
20694,1809200
20695,2553400
20696,2491200
20697,2162100
20698,1999500
20699,1833500
20700,1832600
20701,1786500
20702,2027500
20703,2414000
20704,1949200
20705,1813900
20706,1859600
20707,1862600
20708,2051200
20709,2386800
20710,2159200
20711,1802500
20712,1821300
20713,1723300
20714,1695600
20715,1950300
20716,2332400
20717,2046000
20718,2099600
20719,2287900
20720,1957900
20721,1837500
20722,1715500
20723,1733700
20724,1652500
20725,1748600
20726,1785100
20727,2047800
20728,1955000
20729,2898600
20730,1794200
20731,1798700
20732,1788700
20733,1800400
20734,1879800
20735,1937000
20736,1849400
20737,2119700
20738,2283300
20739,1890600
20740,1831700
20741,1871800
20742,2213000
20743,2303800
20744,1788800
20745,1973400
20746,1827500
20747,1884000
20748,1720100
20749,1816700
20750,2051300
20751,1863300
20752,2069200
20753,1691900
20754,1895500
20755,1932500
20756,1973000
20757,1796300
20758,1862700
20759,1903500
20760,1951300
20761,1952000
20762,2139600
20763,1939100
20764,1689600
20765,1681000
20766,1854400
20767,1903900
20768,1942600
20769,1829500
20770,1960500
20771,1966300
20772,2263700
20773,1931600
20774,2076500
20775,2264700
20776,2297400
20777,1775200
20778,1639100
20779,1656900
20780,1942200
20781,1857000
20782,1915200
20783,2008000
20784,1803900
20785,2117800
20786,1721500
20787,1653300
20788,1664700
20789,1981900
20790,2082000
20791,2036300
20792,1911200
20793,1954700
20794,2320300
20795,2193600
20796,1730300
20797,2484500
20798,2449000
20799,2177100
20800,1850700
20801,1917500
20802,2023700
20803,1848500
20804,1887500
20805,2022700
20806,2264500
20807,2551500
20808,2039900
20809,1831900
20810,1711900
20811,1621400
20812,1754300
20813,1786000
20814,2364300
20815,2094500
20816,1854100
20817,1963500
20818,1677500
20819,1687700
20820,1660800
20821,1642700
20822,1795600
20823,2139700
20824,1953500
20825,1805800
20826,2086300
20827,2350200
20828,1758800
20829,1681400
20830,1676500
20831,1840800
20832,2136200
20833,1881300
20834,1782200
20835,1851100
20836,1949600
20837,1947700
20838,1702000
20839,1816100
20840,2303400
20841,2580300
20842,2250100
20843,1694000
20844,1685000
20845,1714100
20846,1821600
20847,1732000
20848,2133600
20849,2106300
20850,1830500
20851,2144600
20852,1709100
20853,1577400
20854,1676100
20855,1632200
20856,1782100
20857,2454300
20858,2264600
20859,2266900
20860,2424900
20861,1824200
20862,1756700
20863,1614300
20864,1685600
20865,1873700
20866,2200900
20867,2010000
20868,1949900
20869,2004700
20870,1905000
20871,1852900
20872,2002900
20873,2311300
20874,2518100
20875,2016800
20876,1725600
20877,1635800
20878,1816100
20879,1875800
20880,1780400
20881,1978400
20882,1963400
20883,2483100
20884,1772700
20885,1682400
20886,1708900
20887,1749600
20888,1741800
20889,1873100
20890,1881200
20891,1788700
20892,1964100
20893,2651000
20894,1800900
20895,1664300
20896,1707200
20897,2011900
20898,2114500
20899,1794700
20900,1965900
20901,2010000
20902,1961300
20903,1882100
20904,1929100
20905,2018000
20906,2299200
20907,2138000
20908,1914400
20909,1947100
20910,1762400
20911,1795600
20912,1717400
20913,1775100
20914,2070400
20915,2124100
20916,2063500
20917,1791300
20918,1792300
20919,1706800
20920,1661300
20921,1734600
20922,2053800
20923,1852900
20924,1896800
20925,1870600
20926,2641100
20927,2044700
20928,2022400
20929,1883700
20930,1950200
20931,1772200
20932,1840900
20933,2411000
20934,2770500
20935,2635000
20936,2375100
20937,2100700
20938,1891200
20939,2224600
20940,2253400
20941,1726300
20942,1956800
20943,1676100
20944,1773300
20945,2125900
20946,2076700
20947,1849900
20948,1880400
20949,2728000
20950,1940900
20951,1694600
20952,1683800
20953,2279200
20954,2017900
20955,1909900
20956,2018600
20957,2351900
20958,2581100
20959,2285100
20960,1827600
20961,1824500
20962,1834200
20963,1837600
20964,1823900
20965,1972900
20966,2226600
20967,2446800
20968,2115800
20969,2033700
20970,1952700
20971,2041500
20972,2462200
20973,1754500
20974,1715300
20975,1862900
20976,2365900
20977,2009100
20978,1864100
20979,1817800
20980,1830200
20981,2138400
20982,1805600
20983,1936300
20984,1869400
20985,1819000
20986,1833700
20987,1780100
20988,1760900
20989,1949700
20990,1907300
20991,2291400
20992,1881400
20993,1816800
20994,1713000
20995,1825000
20996,1670300
20997,1797400
20998,1781900
20999,1823000
21000,1845600
21001,1984100
21002,1966500
21003,1877000
21004,2146400
21005,2391800
21006,1794500
21007,1746500
21008,1606700
21009,1859000
21010,2446100
21011,1904500
21012,1833500
21013,1894100
21014,1954000
21015,1744100
21016,1644200
21017,1967500
21018,2047500
21019,2015200
21020,1753400
21021,1755800
21022,1859800
21023,1845000
21024,2255000
21025,1932100
21026,2037500
21027,2182200
21028,2155300
21029,1880200
21030,1956400
21031,2304500
21032,2222200
21033,2039400
21034,1846700
21035,1946900
21036,1938100
21037,2103200
21038,2511500
21039,2075400
21040,2163000
21041,2047400
21042,1828600
21043,1826500
21044,2137400
21045,2296400
21046,1967000
21047,1990900
21048,2096900
21049,1973500
21050,2436000
21051,2345800
21052,2340800
21053,1963500
21054,1844900
21055,2089000
21056,2464200
21057,2011400
21058,1917600
21059,1715300
21060,2024100
21061,1908300
21062,1803600
21063,2219900
21064,3075100
21065,2712800
21066,2991900
21067,2339700
21068,2358800
21069,3089600
21070,2633300
21071,2343100
21072,2237400
21073,3127400
21074,2336800
21075,2262800
21076,2387200
21077,2369500
21078,2261900
21079,1949600
21080,2248400
21081,2038700
21082,2686500
21083,2386500
21084,1999600
21085,1960300
21086,2230000
21087,2578500
21088,3075300
21089,2171800
21090,1947900
21091,2253400
21092,1917100
21093,1997000
21094,2035100
21095,2710000
21096,2125300
21097,2183000
21098,2094500
21099,2131300
21100,2484800
21101,2657000
21102,2124200
21103,2054000
21104,1949700
21105,1947100
21106,2197200
21107,2097500
21108,2203600
21109,2297600
21110,3012800
21111,2266800
21112,1946100
21113,1953600
21114,2046200
21115,2007100
21116,1893200
21117,2021800
21118,2437200
21119,2529800
21120,2263800
21121,1886900
21122,1784500
21123,1769200
21124,1734900
21125,1777900
21126,2559200
21127,2524000
21128,2205000
21129,2320500
21130,2113700
21131,2037000
21132,2059200
21133,2330200
21134,2595300
21135,2477600
21136,2170200
21137,1831100
21138,1890700
21139,1862000
21140,2244500
21141,2713700
21142,2277300
21143,2040900
21144,2268900
21145,2040300
21146,1955500
21147,2030300
21148,2101600
21149,2307300
21150,2214400
21151,2059300
21152,2097700
21153,2494900
21154,2282900
21155,1962300
21156,2261200
21157,2094100
21158,1851800
21159,1890800
21160,1997100
21161,2059200
21162,2183200
21163,1988600
21164,2241300
21165,2497700
21166,2382700
21167,2590200
21168,2058600
21169,2270900
21170,2387100
21171,2712500
21172,2595500
21173,2671600
21174,2463300
21175,2434200
21176,2168000
21177,1915900
21178,1977900
21179,2237100
21180,2055800
21181,2323100
21182,2104300
21183,2291800
21184,2207900
21185,2532500
21186,2193700
21187,1939900
21188,1771100
21189,2083000
21190,3036200
21191,2214100
21192,2086000
21193,2483200
21194,2605000
21195,2134800
21196,2109800
21197,2337600
21198,2631400
21199,2020100
21200,1974900
21201,3332900
21202,3483500
21203,2382100
21204,2991800
21205,2446200
21206,4242200
21207,4672000
21208,3503400
21209,3443700
21210,2736900
21211,3580800
21212,3081400
21213,4438100
21214,2239600
21215,1867500
21216,2378000
21217,2711900
21218,1868500
21219,1737500
21220,1771500
21221,1798400
21222,1860900
21223,1768700
21224,1836000
21225,2313400
21226,2226700
21227,2149400
21228,2009500
21229,2622700
21230,2954800
21231,2264000
21232,2599900
21233,2413300
21234,1881900
21235,1905100
21236,1928300
21237,1842500
21238,1845300
21239,2035100
21240,1996700
21241,1824400
21242,1657200
21243,1774500
21244,1772300
21245,1820700
21246,1883500
21247,1810300
21248,2196700
21249,2597200
21250,1783600
21251,1686700
21252,1618700
21253,1675000
21254,1744500
21255,1769900
21256,1840300
21257,1911000
21258,2105000
21259,1960800
21260,1770800
21261,1790400
21262,2141400
21263,2393400
21264,1852900
21265,1804300
21266,1833700
21267,2259300
21268,1777100
21269,1837800
21270,1852000
21271,1835000
21272,1987600
21273,1781300
21274,1756500
21275,1769600
21276,1816800
21277,1803700
21278,1750900
21279,1708100
21280,1921900
21281,1928400
21282,2185200
21283,2123300
21284,1751400
21285,1807200
21286,1723500
21287,1749100
21288,1868600
21289,1818100
21290,1944100
21291,2162500
21292,1918000
21293,2275900
21294,1990800
21295,1877100
21296,2270000
21297,2267900
21298,1886200
21299,1748300
21300,1603500
21301,1777000
21302,1898000
21303,1923700
21304,1881600
21305,1956500
21306,1975100
21307,1947800
21308,1762200
21309,1631600
21310,1670400
21311,2097600
21312,1864800
21313,1725600
21314,1834000
21315,2160300
21316,2303600
21317,1763300
21318,1735000
21319,1723100
21320,2045300
21321,1880900
21322,1817000
21323,1879900
21324,1999800
21325,1870300
21326,1855600
21327,1796700
21328,2051200
21329,2072200
21330,2447900
21331,2257900
21332,1818800
21333,1716700
21334,1767000
21335,1777400
21336,1749300
21337,2076000
21338,2006000
21339,1961000
21340,2102200
21341,1798700
21342,1697300
21343,1617900
21344,1814300
21345,1771400
21346,2072000
21347,1888600
21348,2012600
21349,2022800
21350,2280900
21351,1805000
21352,1649300
21353,1689900
21354,2128400
21355,2113200
21356,1972400
21357,1908600
21358,1931700
21359,1782100
21360,1851000
21361,1799600
21362,1847500
21363,2488600
21364,2359000
21365,1742600
21366,1727000
21367,1659000
21368,1742000
21369,1733800
21370,1815800
21371,1736600
21372,2121800
21373,2523600
21374,1992600
21375,1730400
21376,1825200
21377,1766200
21378,1763600
21379,2080000
21380,3059200
21381,2594700
21382,2237000
21383,2297200
21384,1764800
21385,1665700
21386,1722700
21387,1738600
21388,1964900
21389,1969600
21390,1808600
21391,1823300
21392,1954100
21393,1843100
21394,1786600
21395,1842900
21396,2016100
21397,3033000
21398,1839100
21399,1765800
21400,1608200
21401,1674000
21402,1737700
21403,1726800
21404,1828100
21405,2185900
21406,2091600
21407,2032200
21408,1686400
21409,1793600
21410,1643000
21411,1941400
21412,2223700
21413,2509400
21414,2007100
21415,1840600
21416,2164200
21417,1986600
21418,1674400
21419,1646300
21420,1609200
21421,1942500
21422,1852900
21423,2096700
21424,2004500
21425,2542800
21426,2009600
21427,1776400
21428,1811500
21429,1932700
21430,2755600
21431,2391200
21432,1761500
21433,1736400
21434,1768500
21435,1879300
21436,1702200
21437,2471800
21438,2319900
21439,2686300
21440,2190400
21441,1808400
21442,1747300
21443,1909300
21444,2052500
21445,1928800
21446,1905100
21447,1951100
21448,1954800
21449,1915300
21450,2764800
21451,2365700
21452,2243200
21453,2114600
21454,1862400
21455,2065100
21456,1842200
21457,1897500
21458,1860700
21459,1892000
21460,2154400
21461,1887900
21462,1937700
21463,3215800
21464,2060000
21465,1826400
21466,1679000
21467,2008500
21468,1775000
21469,1864900
21470,1785400
21471,1859600
21472,2174000
21473,1938700
21474,1802200
21475,1716900
21476,1698100
21477,1748000
21478,1752000
21479,1779900
21480,1792500
21481,2071100
21482,1958300
21483,2574800
21484,1766900
21485,1731700
21486,1596200
21487,1724900
21488,1816400
21489,1728000
21490,2162500
21491,2232700
21492,1902800
21493,1893300
21494,1920600
21495,1774800
21496,2041900
21497,2437000
21498,2117900
21499,1872000
21500,1937000
21501,1876100
21502,1695800
21503,1854200
21504,1992600
21505,1882700
21506,2046100
21507,2148100
21508,1755700
21509,1736600
21510,1746800
21511,1775700
21512,1738000
21513,1817500
21514,1723600
21515,1839100
21516,2941300
21517,1839100
21518,1710800
21519,1667900
21520,1865500
21521,1820900
21522,1713400
21523,1873800
21524,2116800
21525,2100900
21526,1869800
21527,1901900
21528,1838700
21529,2268200
21530,2382400
21531,1858500
21532,1931900
21533,1947300
21534,1783200
21535,1711500
21536,1716200
21537,1745500
21538,1878100
21539,1881000
21540,2030400
21541,1713600
21542,2305800
21543,1999600
21544,2512600
21545,2518400
21546,2237700
21547,2049300
21548,1979200
21549,3214800
21550,2395100
21551,2036700
21552,2731900
21553,2193300
21554,2028000
21555,2156600
21556,2040300
21557,2191100
21558,2138000
21559,2170100
21560,2250600
21561,2608800
21562,2828900
21563,2610500
21564,2408900
21565,2271000
21566,1959900
21567,2008600
21568,2044800
21569,2355900
21570,2567800
21571,2499200
21572,1976200
21573,1900600
21574,2087800
21575,2057000
21576,2251800
21577,2151600
21578,2511100
21579,2701900
21580,1826300
21581,1636500
21582,1592400
21583,1636100
21584,1839300
21585,1863500
21586,2243500
21587,2490700
21588,2161400
21589,1830800
21590,1965400
21591,1903100
21592,1949900
21593,2233100
21594,2251900
21595,1922200
21596,1808500
21597,1754900
21598,1745500
21599,1719000
21600,1848200
21601,1844700
21602,1800800
21603,2024700
21604,2455600
21605,1930600
21606,1670100
21607,1809500
21608,1763000
21609,1840900
21610,1789800
21611,1916600
21612,2056800
21613,2497000
21614,1845600
21615,1670500
21616,1731400
21617,1999300
21618,1821300
21619,1717900
21620,1818100
21621,2030200
21622,2256200
21623,1902600
21624,1984900
21625,2354900
21626,2749600
21627,2341400
21628,1702400
21629,1859600
21630,1958100
21631,1834900
21632,1987700
21633,1907300
21634,1735500
21635,1957400
21636,1931800
21637,1788400
21638,1818600
21639,2215500
21640,1977800
21641,1854000
21642,1765100
21643,2001100
21644,1839800
21645,2288100
21646,1828700
21647,1792500
21648,1774600
21649,1860100
21650,1815400
21651,1801200
21652,1966300
21653,2495500
21654,2147600
21655,2287500
21656,2118800
21657,2095500
21658,2189100
21659,2156400
21660,1789900
21661,1646400
21662,1660600
21663,1840200
21664,2071800
21665,2334600
21666,2243900
21667,2212300
21668,2443000
21669,2216900
21670,1795200
21671,1875200
21672,2320600
21673,1851000
21674,1930300
21675,2127500
21676,1936200
21677,2020400
21678,2257100
21679,1839300
21680,1922600
21681,1679300
21682,1848700
21683,1776800
21684,1768700
21685,1774100
21686,2151300
21687,1999800
21688,3266000
21689,2722500
21690,2333100
21691,2470200
21692,2100100
21693,1756400
21694,1836800
21695,1932100
21696,2085500
21697,1743100
21698,1716200
21699,1901500
21700,1936300
21701,2052000
21702,1808700
21703,1777300
21704,1794200
21705,1961700
21706,1791400
21707,1695200
21708,1739500
21709,1939000
21710,2207900
21711,2430100
21712,1765100
21713,2077100
21714,1910100
21715,1821800
21716,1792400
21717,1996800
21718,1867000
21719,1934900
21720,2000700
21721,1970400
21722,2240500
21723,1942300
21724,2363800
21725,1986400
21726,1827900
21727,1751700
21728,1814500
21729,1826200
21730,2154000
21731,2048300
21732,2060900
21733,2225600
21734,2698000
21735,1970700
21736,1691200
21737,1700200
21738,1868300
21739,1986500
21740,1746900
21741,1823500
21742,1926900
21743,2093600
21744,2346000
21745,1689300
21746,1762800
21747,2329000
21748,1794100
21749,1733500
21750,1831800
21751,2052600
21752,1910500
21753,1887400
21754,1930200
21755,2085000
21756,2348500
21757,2473300
21758,1911000
21759,1800300
21760,1723100
21761,1755900
21762,1829100
21763,1762400
21764,2083300
21765,2316900
21766,2127500
21767,1934700
21768,1745400
21769,1682000
21770,2240300
21771,2355700
21772,2975200
21773,2003100
21774,1961600
21775,2095100
21776,2260600
21777,1704000
21778,1732800
21779,1675000
21780,1969300
21781,1772400
21782,1886000
21783,1998000
21784,2301900
21785,2015400
21786,1813600
21787,1867900
21788,1894800
21789,2568900
21790,2471700
21791,1804200
21792,1735500
21793,1839100
21794,1717300
21795,1722100
21796,1790900
21797,2281800
21798,2018000
21799,2177100
21800,1677100
21801,1807300
21802,1784700
21803,1834900
21804,1810900
21805,1856300
21806,2207900
21807,2245300
21808,2403700
21809,1830300
21810,1688200
21811,1617600
21812,1715300
21813,1716900
21814,1810800
21815,1965600
21816,1987300
21817,2163900
21818,1898100
21819,1807900
21820,1770600
21821,1888800
21822,2270500
21823,2307600
21824,2126700
21825,1837400
21826,1822800
21827,1821800
21828,1794700
21829,1850400
21830,1912100
21831,1970300
21832,2405300
21833,1752200
21834,1781300
21835,1555600
21836,1755000
21837,1892800
21838,1747400
21839,1836200
21840,2255000
21841,2663000
21842,1926300
21843,1764300
21844,1716900
21845,1816200
21846,1671400
21847,1806500
21848,1854300
21849,2366700
21850,2025000
21851,1867700
21852,1885100
21853,1787400
21854,2128300
21855,2415000
21856,1920700
21857,2166200
21858,1961200
21859,1853200
21860,1695800
21861,1791700
21862,1972600
21863,1956200
21864,2158800
21865,1875200
21866,1906600
21867,1755900
21868,1762100
21869,1729300
21870,1756500
21871,1927800
21872,1822200
21873,2035500
21874,2421400
21875,1946500
21876,1823700
21877,1665700
21878,1795900
21879,1780300
21880,1753700
21881,1835700
21882,2210900
21883,1910100
21884,2198200
21885,1906900
21886,1862600
21887,2055400
21888,2357200
21889,1951200
21890,1849500
21891,1738500
21892,2147100
21893,2121000
21894,1924400
21895,1799100
21896,1894700
21897,2317900
21898,1993700
21899,1735500
21900,1932700
21901,2135100
21902,1847800
21903,1874300
21904,1824100
21905,2639800
21906,2623800
21907,2062200
21908,1823700
21909,2041000
21910,2059700
21911,1870800
21912,1765300
21913,1820400
21914,1986100
21915,1803400
21916,1786300
21917,2242000
21918,2028300
21919,1909400
21920,2170900
21921,2275300
21922,1800400
21923,1678600
21924,1833800
21925,2089100
21926,1855100
21927,1852800
21928,1800400
21929,1827700
21930,2135400
21931,1966200
21932,2146400
21933,2119600
21934,2646300
21935,1839200
21936,1844300
21937,1878200
21938,2005100
21939,2238800
21940,2068400
21941,1763700
21942,1973600
21943,1980200
21944,1839600
21945,2360000
21946,2511900
21947,2243500
21948,2030100
21949,1843900
21950,2064900
21951,2126100
21952,2296200
21953,2424900
21954,1892800
21955,1776800
21956,1672100
21957,1766300
21958,1938200
21959,2047700
21960,1996800
21961,2126500
21962,2473700
21963,2357000
21964,2097200
21965,1808700
21966,1904800
21967,1898600
21968,1867400
21969,1905500
21970,1966900
21971,1964900
21972,2250000
21973,1665800
21974,1645500
21975,2151100
21976,2306100
21977,1894200
21978,1907600
21979,1828500
21980,1794600
21981,1804900
21982,1742700
21983,1827100
21984,2090300
21985,2628300
21986,2014600
21987,1694500
21988,1674600
21989,1644800
21990,1710200
21991,1880900
21992,1850000
21993,2025200
21994,2065800
21995,2037400
21996,1849000
21997,1677500
21998,1612300
21999,1562700
22000,1776700
22001,1671300
22002,2315300
22003,1996800
22004,1823100
22005,1910400
22006,2162300
22007,1713200
22008,1609500
22009,1600500
22010,2269000
22011,2327900
22012,1969000
22013,1881200
22014,1922800
22015,1714100
22016,1781000
22017,1810800
22018,2247000
22019,2981700
22020,2046900
22021,1780200
22022,1700100
22023,1823100
22024,1712300
22025,1714600
22026,2092900
22027,2250100
22028,2280400
22029,2013000
22030,1665500
22031,1687200
22032,1632700
22033,1770400
22034,1753400
22035,1961100
22036,2089800
22037,1934400
22038,2271900
22039,1990900
22040,1690700
22041,1671600
22042,1662000
22043,2199500
22044,2386000
22045,2247400
22046,2022500
22047,1871300
22048,1846600
22049,1711300
22050,1770900
22051,2506100
22052,3130000
22053,2918700
22054,2124100
22055,1992800
22056,1889600
22057,2049400
22058,2312400
22059,2318700
22060,2946400
22061,2427300
22062,1897100
22063,1921900
22064,2056600
22065,2146700
22066,2108400
22067,2113600
22068,2353600
22069,2136900
22070,2554600
22071,2229200
22072,2043700
22073,1948700
22074,2046100
22075,2432300
22076,2234300
22077,2412900
22078,2855300
22079,2713400
22080,2342200
22081,2160300
22082,2833400
22083,2697300
22084,1818500
22085,1831200
22086,1715900
22087,1650900
22088,1859600
22089,1796600
22090,1988500
22091,2028400
22092,1937700
22093,2098900
22094,1782300
22095,1630000
22096,1603600
22097,1722300
22098,1721800
22099,1995700
22100,1871100
22101,1791000
22102,1977700
22103,2782900
22104,2067800
22105,2051600
22106,2316600
22107,2662900
22108,2122400
22109,2118800
22110,2129100
22111,2052300
22112,2053800
22113,2168700
22114,2055200
22115,2554900
22116,2831600
22117,2185200
22118,1942800
22119,2072800
22120,2044800
22121,2028200
22122,2344200
22123,2707700
22124,2304800
22125,2298500
22126,1958500
22127,1899700
22128,1914500
22129,1919800
22130,2114000
22131,2265000
22132,2360300
22133,2103700
22134,2418900
22135,2007900
22136,1738200
22137,1624700
22138,2302200
22139,2126900
22140,1964300
22141,1790400
22142,1871000
22143,1858100
22144,1878900
22145,1946800
22146,1869300
22147,2560700
22148,2376900
22149,1764600
22150,1780300
22151,1710600
22152,1731100
22153,1708000
22154,1821100
22155,2401000
22156,2578200
22157,2306100
22158,1898700
22159,1696000
22160,1661000
22161,1780900
22162,1756700
22163,2355600
22164,2565600
22165,2068500
22166,1999600
22167,2441000
22168,2500900
22169,1915100
22170,1871200
22171,2202400
22172,1866400
22173,1857200
22174,1861500
22175,2072800
22176,2020500
22177,1870300
22178,1913100
22179,2130300
22180,2107800
22181,2404700
22182,1828000
22183,1683600
22184,1654900
22185,1678000
22186,1807000
22187,2097300
22188,2399100
22189,2065800
22190,1837400
22191,1874700
22192,1678900
22193,1707900
22194,1712500
22195,2000500
22196,1904100
22197,2058000
22198,1921700
22199,1852600
22200,1846900
22201,2324900
22202,1823200
22203,1851300
22204,1589200
22205,1906800
22206,1952800
22207,1886800
22208,1932000
22209,1822600
22210,1799900
22211,1902000
22212,1901900
22213,1837600
22214,2410900
22215,2378600
22216,1790000
22217,1732100
22218,1720500
22219,1893900
22220,2152500
22221,1981400
22222,1991100
22223,2108000
22224,2149800
22225,1764200
22226,1727700
22227,1653200
22228,1874900
22229,1732000
22230,1741900
22231,2241900
22232,2371200
22233,2470500
22234,2713200
22235,2008400
22236,1812100
22237,1925200
22238,1802500
22239,1840100
22240,1896600
22241,1887000
22242,2069400
22243,1936300
22244,1931100
22245,1872400
22246,1793300
22247,2198100
22248,2895900
22249,1921200
22250,1701900
22251,1905800
22252,1878000
22253,1752500
22254,1817100
22255,1953300
22256,2261800
22257,2241600
22258,1849100
22259,1788800
22260,1733900
22261,1727900
22262,1712700
22263,1796400
22264,1900700
22265,2298700
22266,2133100
22267,2221100
22268,1706400
22269,1663500
22270,1695800
22271,1806900
22272,1690000
22273,1765500
22274,2179300
22275,2213500
22276,2027100
22277,1781500
22278,1889000
22279,1841800
22280,2271900
22281,2224800
22282,2113900
22283,1865100
22284,1991500
22285,1703900
22286,1767700
22287,1765100
22288,1753300
22289,1897200
22290,2203500
22291,1955100
22292,1832000
22293,1742300
22294,1885200
22295,1783200
22296,1699300
22297,1720400
22298,1869800
22299,1855600
22300,2718500
22301,1820100
22302,1650800
22303,1669900
22304,1784400
22305,1684100
22306,1798100
22307,1794600
22308,1797900
22309,2685500
22310,2035700
22311,1858700
22312,1855300
22313,1912200
22314,2203100
22315,2145400
22316,1723000
22317,2015900
22318,1748500
22319,1840800
22320,1862300
22321,1767500
22322,1975300
22323,1894700
22324,2075500
22325,1741900
22326,1975500
22327,1880800
22328,1811600
22329,1847600
22330,1738800
22331,1723600
22332,1860100
22333,1786800
22334,2362100
22335,2404200
22336,1846200
22337,1804600
22338,1679900
22339,1762000
22340,1741500
22341,1726600
22342,2026800
22343,1919800
22344,2069200
22345,1914000
22346,1827200
22347,1962900
22348,2113000
22349,2078100
22350,1788700
22351,2221200
22352,2469400
22353,2739800
22354,2385800
22355,2420600
22356,3036100
22357,3610400
22358,3277800
22359,2733400
22360,2909300
22361,2412700
22362,2051100
22363,1832900
22364,1860100
22365,2623300
22366,2088400
22367,2383300
22368,1721700
22369,1698600
22370,1653700
22371,1827800
22372,1708300
22373,1870100
22374,1927200
22375,1850800
22376,1786000
22377,2307200
22378,1966900
22379,1877800
22380,1964800
22381,2336600
22382,2195100
22383,1737300
22384,1672300
22385,1647300
22386,1869200
22387,2489100
22388,2362800
22389,1938700
22390,2341200
22391,2156000
22392,1848600
22393,1611200
22394,1813800
22395,1839300
22396,1758200
22397,1737800
22398,1735700
22399,2081200
22400,1984800
22401,2440000
22402,1773700
22403,1797700
22404,1771700
22405,1818800
22406,1762500
22407,1885400
22408,2300500
22409,1957400
22410,1943700
22411,1913900
22412,1957600
22413,1957800
22414,2066300
22415,2705600
22416,2441000
22417,1939500
22418,1670100
22419,1949600
22420,1902100
22421,1783700
22422,1942900
22423,2137700
22424,2389200
22425,1936300
22426,1731400
22427,1754200
22428,1791000
22429,1745300
22430,1760100
22431,1768800
22432,1871300
22433,2617600
22434,2452100
22435,1881400
22436,1752200
22437,1790900
22438,1732800
22439,1694500
22440,1750100
22441,1971300
22442,2364100
22443,2152200
22444,2078500
22445,1956700
22446,2018700
22447,2460300
22448,1979200
22449,1909800
22450,1717800
22451,1999900
22452,2189200
22453,1998300
22454,1965500
22455,1966200
22456,1860700
22457,3018100
22458,2256800
22459,1848300
22460,1749500
22461,1851300
22462,1881000
22463,1843200
22464,2062100
22465,1971200
22466,2781900
22467,2033800
22468,1765400
22469,1637300
22470,1944200
22471,1750800
22472,1725400
22473,1844600
22474,2363700
22475,2572400
22476,1911100
22477,1781000
22478,1962600
22479,2181000
22480,2296600
22481,1957500
22482,2001000
22483,2264100
22484,2269300
22485,2217600
22486,2138600
22487,2061400
22488,1857700
22489,2072100
22490,1828200
22491,1772900
22492,1712400
22493,1839800
22494,1702000
22495,1789800
22496,1945900
22497,1790500
22498,2034700
22499,2711700
22500,1920200
22501,1697600
22502,1780200
22503,1821700
22504,1895300
22505,1835800
22506,1928300
22507,1892000
22508,2129000
22509,1948700
22510,2022700
22511,1970500
22512,2564900
22513,2191000
22514,1885700
22515,1752400
22516,2007500
22517,1859900
22518,1721100
22519,1865600
22520,1898100
22521,1790700
22522,2109000
22523,1789400
22524,1671100
22525,1972900
22526,1865200
22527,1768500
22528,1728700
22529,1756100
22530,2210000
22531,1978100
22532,2385100
22533,1836600
22534,1971000
22535,1799600
22536,1865500
22537,1814000
22538,2166900
22539,1936600
22540,1958800
22541,1836600
22542,1847500
22543,2177600
22544,2040300
22545,2238000
22546,2740700
22547,2483700
22548,2210400
22549,2390400
22550,2791100
22551,2317800
22552,2454100
22553,2396300
22554,2346800
22555,1975100
22556,1831500
22557,1958900
22558,1957200
22559,1967700
22560,2285600
22561,3054800
22562,3382000
22563,4219600
22564,3341600
22565,2194900
22566,2105300
22567,2131700
22568,2031500
22569,2098300
22570,2494300
22571,2189300
22572,2522400
22573,2440700
22574,2106200
22575,2466500
22576,2820200
22577,2335300
22578,1906400
22579,2033600
22580,2075400
22581,1945300
22582,2072500
22583,2108900
22584,1978000
22585,2472200
22586,1869400
22587,1958800
22588,1740200
22589,1750300
22590,1790100
22591,1885600
22592,1840500
22593,2234500
22594,3093400
22595,2971300
22596,2207400
22597,2124600
22598,2364500
22599,2248200
22600,2857600
22601,2373000
22602,1953200
22603,1937000
22604,2098100
22605,2152200
22606,2189300
22607,2482400
22608,3900000
22609,2130200
22610,1836400
22611,1877000
22612,2365300
22613,2008700
22614,2117600
22615,3047500
22616,2174600
22617,2188300
22618,1793200
22619,1922400
22620,1899000
22621,1991100
22622,2261800
22623,2059300
22624,1916800
22625,1863300
22626,1938400
22627,2464800
22628,1865100
22629,1684500
22630,2079900
22631,2804900
22632,2227200
22633,2222600
22634,2072900
22635,1948000
22636,1839800
22637,1893800
22638,1918000
22639,2452800
22640,2412600
22641,2022000
22642,1867400
22643,1716400
22644,1898200
22645,1817800
22646,1974600
22647,2185700
22648,2220700
22649,2076800
22650,1657100
22651,1613200
22652,1762700
22653,1754400
22654,2139500
22655,2280400
22656,2237500
22657,2101500
22658,2658500
22659,2821300
22660,2076200
22661,2027200
22662,1808500
22663,2083300
22664,2130900
22665,1851900
22666,1868900
22667,2359000
22668,2036300
22669,1928500
22670,1929600
22671,2719100
22672,2419800
22673,1834200
22674,1668100
22675,1612800
22676,2090100
22677,1801000
22678,1776800
22679,1862500
22680,2522100
22681,2114600
22682,1687800
22683,1690100
22684,1927600
22685,1752200
22686,1772400
22687,1939900
22688,2360200
22689,2066900
22690,2035200
22691,2381500
22692,1857000
22693,1734200
22694,1667100
22695,1891800
22696,1781600
22697,2076900
22698,1926600
22699,1939600
22700,1800600
22701,1875300
22702,1864500
22703,1856900
22704,2046300
22705,2609500
22706,1887000
22707,1730400
22708,1611400
22709,1814200
22710,1703300
22711,1814500
22712,2178700
22713,1940100
22714,2305400
22715,2650700
22716,2295200
22717,2037400
22718,2008300
22719,2169200
22720,2031200
22721,2311700
22722,2327100
22723,2389400
22724,2705900
22725,2172100
22726,1870900
22727,1664400
22728,1829000
22729,2022100
22730,2475900
22731,2158800
22732,2009800
22733,2245100
22734,2295200
22735,2104700
22736,1948300
22737,2096500
22738,2036700
22739,2585400
22740,2154900
22741,1854500
22742,1641500
22743,1616000
22744,1833300
22745,1850500
22746,2568900
22747,1973900
22748,1895000
22749,2083300
22750,1735200
22751,1691200
22752,1739300
22753,1813000
22754,1847100
22755,1934400
22756,1952700
22757,1841200
22758,1999900
22759,2175600
22760,1803400
22761,1652300
22762,1697700
22763,2433900
22764,1928400
22765,1866500
22766,1878100
22767,1872800
22768,1865700
22769,1712900
22770,1801600
22771,1908800
22772,3321300
22773,2339300
22774,1779700
22775,1679200
22776,1693200
22777,1776400
22778,1817400
22779,1752800
22780,2350100
22781,2034600
22782,2030400
22783,1782800
22784,1711100
22785,1608500
22786,1678400
22787,1663000
22788,1834200
22789,2187600
22790,2036200
22791,2091100
22792,2275800
22793,1751800
22794,1629500
22795,1648600
22796,2009800
22797,1889800
22798,3017700
22799,2340300
22800,2047000
22801,1857000
22802,1805600
22803,1748500
22804,1901000
22805,2572000
22806,2151000
22807,1795600
22808,1665200
22809,1606200
22810,1766300
22811,1762500
22812,1794900
22813,1937000
22814,2017000
22815,2349500
22816,1799700
22817,1727800
22818,1649000
22819,1679000
22820,1815200
22821,1856300
22822,1842500
22823,1900500
22824,2266400
22825,2452200
22826,1820700
22827,1649200
22828,1623900
22829,1945400
22830,1892100
22831,1974800
22832,2008500
22833,2055500
22834,1940000
22835,1805500
22836,1888400
22837,1882900
22838,2194300
22839,2432900
22840,2020800
22841,1865000
22842,1642600
22843,1689400
22844,1795900
22845,1752700
22846,1933200
22847,1846500
22848,1827300
22849,2105800
22850,2016300
22851,1749000
22852,1609200
22853,1706100
22854,2087300
22855,1863800
22856,1864200
22857,1892100
22858,2140400
22859,2517000
22860,1924100
22861,1768600
22862,1751300
22863,1738600
22864,1791300
22865,1822400
22866,1748200
22867,2179800
22868,2232800
22869,2261600
22870,1903400
22871,1893300
22872,2027100
22873,2276800
22874,2167300
22875,1920900
22876,1706000
22877,1616500
22878,1905800
22879,1772500
22880,1755800
22881,1747300
22882,2247600
22883,2755500
22884,2977800
22885,2329100
22886,1846100
22887,1794800
22888,1742500
22889,1879600
22890,1724100
22891,1872700
22892,2106500
22893,2249900
22894,2417200
22895,2158300
22896,2074400
22897,1976300
22898,2063000
22899,2184300
22900,2659200
22901,2098500
22902,2106800
22903,1831500
22904,1799600
22905,1886200
22906,2162200
22907,2644900
22908,1920300
22909,1767800
22910,1691900
22911,1764300
22912,1750200
22913,1772700
22914,1900700
22915,2040300
22916,2673100
22917,2093600
22918,1820500
22919,1656700
22920,1852200
22921,1767400
22922,1743400
22923,1753800
22924,1839500
22925,2886900
22926,2256500
22927,1813000
22928,1674600
22929,1850000
22930,1731600
22931,1717000
22932,1811000
22933,2068600
22934,2321500
22935,1946900
22936,1854700
22937,1783800
22938,1969800
22939,2441100
22940,1946400
22941,2349500
22942,2190200
22943,1967600
22944,1797500
22945,1738600
22946,1976400
22947,1995500
22948,2113700
22949,2102900
22950,2334100
22951,1918400
22952,1947900
22953,1796800
22954,1856200
22955,1836400
22956,1885200
22957,2119000
22958,2685300
22959,1839900
22960,1786700
22961,1908900
22962,1870300
22963,1824500
22964,1915500
22965,2079000
22966,2024200
22967,2190200
22968,1953700
22969,1860900
22970,1864300
22971,2672400
22972,2111900
22973,1848400
22974,1767400
22975,1836000
22976,1789400
22977,1733300
22978,1887100
22979,1854400
22980,2030800
22981,2064700
22982,1650200
22983,1664900
22984,1976700
22985,1815700
22986,1695800
22987,1697300
22988,1815900
22989,2058900
22990,1853000
22991,2328500
22992,1786400
22993,1949700
22994,1829000
22995,1872400
22996,1867600
22997,1889100
22998,1878400
22999,1965900
23000,1804700
23001,1944800
23002,2220100
23003,1975500
23004,2306100
23005,2260300
23006,1951400
23007,2070700
23008,1882300
23009,1893500
23010,1789100
23011,1821000
23012,1807300
23013,2030200
23014,1900100
23015,1950800
23016,1708800
23017,1768500
23018,1713600
23019,2071200
23020,1839100
23021,1763400
23022,1989300
23023,2086700
23024,2169600
23025,1968700
23026,1668600
23027,1838400
23028,1778000
23029,1861300
23030,1835700
23031,1819600
23032,1824700
23033,1929100
23034,1838200
23035,1874800
23036,1951500
23037,2191200
23038,2373900
23039,2606600
23040,1783400
23041,1740500
23042,1699600
23043,1790400
23044,1819700
23045,1886900
23046,1968600
23047,2569100
23048,2535900
23049,2761100
23050,1960300
23051,1680700
23052,1844300
23053,1999200
23054,1944900
23055,1874700
23056,1903200
23057,2132200
23058,2424300
23059,1875600
23060,1810300
23061,1759200
23062,1894600
23063,2167700
23064,2243400
23065,2535600
23066,2340500
23067,2053900
23068,2003700
23069,2387800
23070,2591800
23071,3175400
23072,3505200
23073,2752500
23074,3220500
23075,2873400
23076,2562000
23077,2474900
23078,2553900
23079,2319100
23080,2487900
23081,2984000
23082,3624100
23083,3142700
23084,2287400
23085,1970600
23086,2228100
23087,2264300
23088,2508700
23089,1841900
23090,1685200
23091,1720700
23092,1797600
23093,1648900
23094,1754000
23095,2203500
23096,2599500
23097,2320200
23098,2412000
23099,2340600
23100,2149600
23101,2390300
23102,3278800
23103,2295300
23104,1957900
23105,1838500
23106,1963200
23107,1916700
23108,1840000
23109,2199800
23110,2442100
23111,2861600
23112,1955300
23113,1887300
23114,1938100
23115,2099300
23116,2061600
23117,2123000
23118,2400100
23119,2125100
23120,2366500
23121,2177800
23122,1663500
23123,1922000
23124,1890200
23125,1803000
23126,1997600
23127,2094100
23128,1959800
23129,1840100
23130,1823700
23131,1842100
23132,2449200
23133,3108100
23134,3988800
23135,2103200
23136,1795300
23137,1722300
23138,1953600
23139,2652700
23140,2575300
23141,2763500
23142,2300100
23143,2131800
23144,1754500
23145,2100200
23146,2225900
23147,2028100
23148,2364700
23149,2337900
23150,2133400
23151,2071400
23152,2598200
23153,2586200
23154,2567200
23155,2515400
23156,2416600
23157,1909900
23158,1917600
23159,1864000
23160,1874600
23161,1803700
23162,1833000
23163,1684800
23164,1997900
23165,2100600
23166,2454000
23167,1961300
23168,2810900
23169,2236200
23170,2003800
23171,1781200
23172,2046500
23173,1890300
23174,2190300
23175,2401800
23176,1817700
23177,1738300
23178,1762400
23179,1767900
23180,2121100
23181,2031100
23182,2114800
23183,2782600
23184,3043600
23185,2750200
23186,1926500
23187,1900100
23188,2004400
23189,2006400
23190,1953800
23191,1867500
23192,1898600
23193,1812400
23194,1854900
23195,1804500
23196,2038300
23197,2339000
23198,2583600
23199,1841900
23200,1888400
23201,1796600
23202,1824800
23203,1718300
23204,1880000
23205,3170400
23206,3372600
23207,2811400
23208,1850000
23209,1677600
23210,1716900
23211,2345800
23212,3045400
23213,3304000
23214,3027700
23215,2396200
23216,2302700
23217,3543600
23218,2639000
23219,2002500
23220,2066200
23221,2247000
23222,1953100
23223,1967900
23224,2620400
23225,2415300
23226,1894800
23227,1970300
23228,1851800
23229,2214800
23230,2227400
23231,2052800
23232,3147400
23233,3481300
23234,2154200
23235,1698900
23236,1926800
23237,2134700
23238,2734000
23239,3335100
23240,2401900
23241,1847100
23242,1756300
23243,1828400
23244,1929100
23245,1916700
23246,1798900
23247,2616300
23248,2698100
23249,1912000
23250,1891300
23251,1839100
23252,1935300
23253,1842900
23254,1928900
23255,2301800
23256,2006100
23257,1898500
23258,1785100
23259,1964500
23260,2725200
23261,2152700
23262,2662400
23263,2727400
23264,2112700
23265,1830400
23266,1729400
23267,2289500
23268,3261900
23269,3086900
23270,2448900
23271,1787200
23272,1705700
23273,1852500
23274,1921200
23275,1755700
23276,1714700
23277,1919000
23278,2065000
23279,2458300
23280,1795600
23281,1748500
23282,2056300
23283,1878600
23284,1824400
23285,1742100
23286,1888700
23287,2185200
23288,2017800
23289,1846000
23290,2069900
23291,3292700
23292,3808700
23293,3439000
23294,2428700
23295,1756700
23296,2339300
23297,2847600
23298,2442000
23299,2051200
23300,1944100
23301,2354500
23302,1845800
23303,2017800
23304,2473800
23305,2549300
23306,2747400
23307,2130700
23308,2486900
23309,2100400
23310,2270400
23311,1979700
23312,1841100
23313,1757900
23314,1759500
23315,1738200
23316,2129400
23317,1802700
23318,2413700
23319,2820400
23320,3001100
23321,1986600
23322,1814200
23323,2186100
23324,2881900
23325,2322100
23326,2759100
23327,2667000
23328,2105000
23329,1732600
23330,1909100
23331,2157800
23332,2867800
23333,2989300
23334,2470300
23335,1779700
23336,2177000
23337,2419300
23338,2297100
23339,1954100
23340,1853100
23341,1841500
23342,2053400
23343,2235700
23344,1889300
23345,1876100
23346,2162700
23347,2888700
23348,2583800
23349,2316200
23350,1823700
23351,1874700
23352,1878000
23353,2591900
23354,3221300
23355,2880200
23356,2444100
23357,2203000
23358,1827600
23359,1970000
23360,3180800
23361,2836100
23362,2365100
23363,1788600
23364,1892600
23365,1818700
23366,1814800
23367,2004500
23368,2638600
23369,2023600
23370,2075900
23371,1870600
23372,1652500
23373,1627800
23374,1673700
23375,2410300
23376,3170100
23377,2563700
23378,2466300
23379,2306400
23380,2212000
23381,2241400
23382,1916500
23383,2125800
23384,1940500
23385,1924100
23386,1961600
23387,2073900
23388,2214800
23389,3179500
23390,3890300
23391,3223700
23392,3371100
23393,2384500
23394,2213700
23395,2763200
23396,2892900
23397,2112000
23398,2083900
23399,2338900
23400,2474900
23401,3478400
23402,3436000
23403,2695300
23404,2018200
23405,2031600
23406,2819800
23407,3790100
23408,2943900
23409,2285900
23410,1774300
23411,1851900
23412,2176800
23413,3785300
23414,4356800
23415,3123500
23416,2612100
23417,2031900
23418,1966000
23419,1935400
23420,1954100
23421,2051500
23422,2618100
23423,2245600
23424,3088700
23425,3337500
23426,3254200
23427,2520500
23428,2049400
23429,2234500
23430,2236700
23431,2003300
23432,1833800
23433,1716300
23434,1749700
23435,2523400
23436,2477400
23437,2013400
23438,2168700
23439,3026400
23440,2708900
23441,2031500
23442,2111800
23443,2215300
23444,2441300
23445,2175700
23446,1842000
23447,1845400
23448,1902700
23449,1774200
23450,1892500
23451,2708000
23452,2737100
23453,3242800
23454,2727500
23455,2566000
23456,1970100
23457,2039700
23458,2190900
23459,2235800
23460,1927500
23461,1882000
23462,1822800
23463,1732000
23464,1976800
23465,2489900
23466,2636800
23467,2893800
23468,2179700
23469,2204800
23470,2170000
23471,2459800
23472,3387400
23473,3755400
23474,3437700
23475,2722200
23476,2054700
23477,2074300
23478,2407600
23479,2135900
23480,2173000
23481,2127400
23482,2065400
23483,2244700
23484,2054300
23485,2652000
23486,3671500
23487,4024600
23488,3022000
23489,2093200
23490,2113300
23491,3013100
23492,2955900
23493,2582600
23494,1790200
23495,1740200
23496,1653200
23497,1710200
23498,2264700
23499,2602000
23500,2210000
23501,1717200
23502,1639900
23503,1687900
23504,1666800
23505,1790400
23506,2011400
23507,2325800
23508,2498900
23509,2104600
23510,1832900
23511,1822000
23512,1770600
23513,2128900
23514,2877000
23515,3157800
23516,2463800
23517,1794600
23518,1852800
23519,1886400
23520,2411700
23521,2529300
23522,3022800
23523,2660400
23524,2114700
23525,1954200
23526,1870200
23527,2103500
23528,2381200
23529,2286900
23530,2155100
23531,1667500
23532,1682100
23533,1618200
23534,1630100
23535,1715800
23536,1681200
23537,1577300
23538,1638700
23539,1779200
23540,1735700
23541,1631100
23542,1578000
23543,1667100
23544,1576700
23545,1739800
23546,1727300
23547,1643700
23548,1657400
23549,1678600
23550,1738200
23551,1768800
23552,1645200
23553,1568200
23554,2037500
23555,2438700
23556,2015300
23557,1724500
23558,1869600
23559,2137600
23560,1626200
23561,1684600
23562,2071600
23563,1992000
23564,1648300
23565,1619000
23566,1605600
23567,1903100
23568,1622800
23569,1734500
23570,1743400
23571,2002400
23572,2547400
23573,2215200
23574,1712400
23575,1553000
23576,1813300
23577,1859300
23578,1599700
23579,1803700
23580,2404400
23581,2177600
23582,1915200
23583,1618800
23584,1683000
23585,2256900
23586,1801600
23587,1953700
23588,2924100
23589,2663600
23590,2355600
23591,1646000
23592,1736800
23593,2072300
23594,1847400
23595,1666600
23596,1660700
23597,1549500
23598,1573700
23599,1715800
23600,1643600
23601,1788600
23602,1728400
23603,1718700
23604,2052600
23605,3111100
23606,2486300
23607,2201200
23608,1956200
23609,1930500
23610,2870800
23611,2024300
23612,1703100
23613,1773500
23614,1656600
23615,1780400
23616,1738900
23617,1640700
23618,1607200
23619,2008700
23620,1726700
23621,1734900
23622,1583700
23623,1591600
23624,1595700
23625,1643200
23626,1601500
23627,1544700
23628,1598200
23629,2174400
23630,2648500
23631,2187800
23632,1925500
23633,1652200
23634,1593400
23635,1560000
23636,1525700
23637,1582500
23638,2144900
23639,1701600
23640,1578900
23641,1619200
23642,1631200
23643,1769100
23644,1620800
23645,1693100
23646,1516200
23647,1889600
23648,3161600
23649,2506700
23650,2029600
23651,1635700
23652,1577000
23653,1553600
23654,1603900
23655,1890600
23656,2149400
23657,1773600
23658,1679100
23659,1628500
23660,1677300
23661,1593000
23662,1625300
23663,1588600
23664,1771500
23665,2196500
23666,2079000
23667,1746700
23668,1649700
23669,1665300
23670,1700700
23671,1586600
23672,1655400
23673,1901000
23674,2138000
23675,2343400
23676,1965600
23677,1762800
23678,1811700
23679,1738500
23680,1694300
23681,1759400
23682,2438500
23683,2512200
23684,2637300
23685,1614700
23686,1623700
23687,1559100
23688,1651700
23689,1702600
23690,2575600
23691,2548700
23692,2402300
23693,1800100
23694,1590300
23695,1570900
23696,1634900
23697,1754400
23698,1707900
23699,1694500
23700,1681600
23701,2036000
23702,1781000
23703,1717000
23704,1638700
23705,1620100
23706,1628700
23707,1765500
23708,1710000
23709,1666100
23710,1860300
23711,1682600
23712,1676100
23713,1575300
23714,1571400
23715,1609700
23716,1906900
23717,3245300
23718,3149500
23719,2046100
23720,1756100
23721,1716700
23722,1561200
23723,1691500
23724,2521600
23725,2223600
23726,2019100
23727,1769800
23728,1705000
23729,1628900
23730,1678700
23731,1568200
23732,2270300
23733,1870200
23734,1710700
23735,1646000
23736,1670600
23737,2057100
23738,1708200
23739,1581300
23740,1703500
23741,1703300
23742,1627900
23743,1676100
23744,1673800
23745,1633300
23746,1810100
23747,1901400
23748,1653400
23749,1629500
23750,2137200
23751,2508800
23752,2262500
23753,1601800
23754,1568800
23755,1752100
23756,1683000
23757,1627800
23758,1856000
23759,2543900
23760,2200200
23761,1955400
23762,1677100
23763,1593500
23764,1965600
23765,1840300
23766,1832600
23767,1769800
23768,1654800
23769,1602900
23770,1664200
23771,1580800
23772,1686700
23773,1696500
23774,1728800
23775,1716400
23776,1928300
23777,2665600
23778,2333800
23779,1750300
23780,1553400
23781,1661000
23782,1774900
23783,1732100
23784,1736800
23785,1697200
23786,1692900
23787,1545900
23788,1661500
23789,1596500
23790,1613800
23791,1606700
23792,1721100
23793,1804000
23794,1884800
23795,2604400
23796,2178800
23797,1949800
23798,1597800
23799,1646300
23800,1660100
23801,1804400
23802,2109000
23803,1747000
23804,1597200
23805,1552300
23806,1628800
23807,1611100
23808,1499600
23809,1605100
23810,1665900
23811,2086200
23812,2580200
23813,2520700
23814,2035700
23815,1648500
23816,1646900
23817,1713300
23818,1720900
23819,1985200
23820,1884000
23821,1608500
23822,1692700
23823,1672800
23824,1637700
23825,1710800
23826,1579400
23827,1569900
23828,1542900
23829,2485200
23830,3353700
23831,2335200
23832,1696500
23833,1727500
23834,1734300
23835,1625300
23836,1679200
23837,1914100
23838,1840000
23839,1714800
23840,1691900
23841,1587800
23842,1611300
23843,1641000
23844,1534200
23845,1574500
23846,1925700
23847,2802500
23848,2377700
23849,2016200
23850,1684000
23851,1611400
23852,1568000
23853,1601800
23854,1662700
23855,1608100
23856,1876600
23857,1843800
23858,1658400
23859,1584800
23860,1567300
23861,1657100
23862,1510500
23863,1496800
23864,1917500
23865,2888500
23866,2814400
23867,1937400
23868,1694800
23869,1679100
23870,1655300
23871,1636700
23872,1770100
23873,1633000
23874,2096600
23875,1774700
23876,1630800
23877,1602500
23878,1692500
23879,2241200
23880,2522700
23881,3674000
23882,4119100
23883,2231000
23884,2666400
23885,2316100
23886,1729500
23887,1655900
23888,1724900
23889,1960500
23890,2074000
23891,1663100
23892,1602800
23893,1643600
23894,1769400
23895,2660800
23896,2255700
23897,1974500
23898,1930800
23899,1779000
23900,1601300
23901,1578900
23902,1914900
23903,1644600
23904,1654400
23905,1579700
23906,1591300
23907,1752200
23908,1779000
23909,1618500
23910,1645500
23911,1635100
23912,1753500
23913,1703300
23914,1599700
23915,1525900
23916,1622700
23917,1785900
23918,1905500
23919,1696200
23920,1670600
23921,1767600
23922,2570500
23923,2338800
23924,1945200
23925,1654600
23926,1847200
23927,1651000
23928,1639200
23929,1831400
23930,3140800
23931,2565900
23932,2035500
23933,1782600
23934,1795200
23935,2119100
23936,1905300
23937,1773100
23938,1773000
23939,1657900
23940,1698400
23941,1658900
23942,1691200
23943,1733200
23944,2015900
23945,2008900
23946,1817800
23947,1691700
23948,1686700
23949,1570200
23950,1600800
23951,1622700
23952,1652900
23953,1764100
23954,1975200
23955,2271100
23956,2400700
23957,2118600
23958,1627600
23959,1737100
23960,1630100
23961,1650800
23962,1870500
23963,2006300
23964,2545900
23965,2147400
23966,1785800
23967,1590900
23968,1636300
23969,1635300
23970,1601400
23971,1934000
23972,2725600
23973,2464300
23974,1880400
23975,1726800
23976,1662200
23977,1609300
23978,1717000
23979,2050400
23980,2763700
23981,2407400
23982,1984200
23983,1756200
23984,1562100
23985,1558500
23986,1625800
23987,2079300
23988,3020600
23989,2519000
23990,1985900
23991,1650100
23992,1670000
23993,1614100
23994,1558100
23995,1747600
23996,1943100
23997,1713400
23998,1540400
23999,1536200
24000,1548200
24001,1573200
24002,1598700
24003,1604500
24004,1579600
24005,1926200
24006,3421400
24007,2684500
24008,1873000
24009,1644700
24010,1603700
24011,1551300
24012,1880800
24013,2093100
24014,1966400
24015,1774100
24016,1723400
24017,1738700
24018,1746900
24019,1790000
24020,1666000
24021,1996300
24022,2692000
24023,3368900
24024,2261500
24025,1766900
24026,1799900
24027,1862900
24028,1917200
24029,1820400
24030,2031500
24031,2349700
24032,1772500
24033,1661300
24034,1645700
24035,1628200
24036,1740100
24037,2322100
24038,2384900
24039,2395500
24040,1828800
24041,1604400
24042,1773100
24043,1569000
24044,1700400
24045,2103500
24046,2118800
24047,2130900
24048,2508400
24049,1969400
24050,1800100
24051,1864800
24052,2002500
24053,2484000
24054,2487700
24055,2490100
24056,2283700
24057,1842300
24058,1823600
24059,1829800
24060,2690100
24061,2277300
24062,2617300
24063,3011400
24064,2280800
24065,1901800
24066,1944900
24067,3061600
24068,2662900
24069,2042400
24070,1835300
24071,1744500
24072,1624100
24073,1580100
24074,1769100
24075,1668700
24076,1649800
24077,1643000
24078,1581200
24079,1670100
24080,1819200
24081,1681200
24082,1672700
24083,1806400
24084,1698000
24085,1629200
24086,1705200
24087,1679800
24088,1686000
24089,1661900
24090,2045700
24091,1754500
24092,2001400
24093,2465700
24094,2379000
24095,2009000
24096,1707800
24097,1657700
24098,1760000
24099,1723900
24100,1758800
24101,2368600
24102,2305400
24103,2114800
24104,1526800
24105,1560600
24106,1589700
24107,2032800
24108,2185500
24109,1705400
24110,1667500
24111,1589400
24112,1617300
24113,1733600
24114,1577500
24115,1641900
24116,1520400
24117,1787700
24118,1778500
24119,1692400
24120,1680900
24121,1670000
24122,1628500
24123,1624300
24124,1669100
24125,1588300
24126,1636400
24127,1996000
24128,3040900
24129,2853600
24130,2955900
24131,2042600
24132,2211200
24133,2143500
24134,3451400
24135,3850400
24136,2901900
24137,2270900
24138,1857000
24139,1683600
24140,2145100
24141,1806100
24142,1635500
24143,1642600
24144,1794300
24145,1691000
24146,1623600
24147,1623000
24148,1648200
24149,1820100
24150,2149400
24151,1650000
24152,1674600
24153,1674700
24154,1572400
24155,1699800
24156,1628400
24157,1597800
24158,1881400
24159,3209700
24160,2399500
24161,1768100
24162,1714400
24163,1766600
24164,1562200
24165,1562300
24166,1914100
24167,1857300
24168,1821600
24169,1735300
24170,1631900
24171,1568700
24172,1618100
24173,1704100
24174,1674800
24175,1996100
24176,2528800
24177,2873600
24178,2217000
24179,1638000
24180,1674500
24181,1626400
24182,1674500
24183,1657900
24184,1621400
24185,1678800
24186,1966000
24187,1794700
24188,1776000
24189,1813900
24190,1739100
24191,1654500
24192,2264200
24193,2878900
24194,3035100
24195,1808500
24196,1582900
24197,1663700
24198,1597700
24199,1766000
24200,1746100
24201,1654200
24202,1557500
24203,1831800
24204,1796600
24205,1626200
24206,1657600
24207,1651200
24208,1893100
24209,2662400
24210,2349000
24211,2105100
24212,2114700
24213,1655700
24214,1660200
24215,1586400
24216,1631900
24217,1737200
24218,1635200
24219,1590800
24220,1730600
24221,1669400
24222,1745100
24223,1656600
24224,1670800
24225,1594400
24226,2297300
24227,2498300
24228,2206700
24229,1679600
24230,1627400
24231,1958800
24232,1622700
24233,1678600
24234,1768900
24235,1641600
24236,1646600
24237,1758100
24238,1631800
24239,1628700
24240,2002500
24241,1830600
24242,1698100
24243,2198700
24244,2450700
24245,2284100
24246,1834300
24247,1659500
24248,1677000
24249,2014900
24250,1697600
24251,1837600
24252,1697700
24253,1755900
24254,1797100
24255,1541500
24256,1577900
24257,1627100
24258,1898700
24259,1734600
24260,1665500
24261,2405500
24262,2344400
24263,2027700
24264,1678500
24265,1544700
24266,1592500
24267,1883300
24268,1922800
24269,1780100
24270,1668800
24271,1573700
24272,1644000
24273,1603600
24274,1590500
24275,1552600
24276,1543300
24277,1973700
24278,2345000
24279,2458000
24280,2099400
24281,1725600
24282,1608400
24283,1553500
24284,1682700
24285,1579700
24286,1855800
24287,1784500
24288,1663900
24289,1594800
24290,1674600
24291,1689000
24292,1571000
24293,1587100
24294,1604600
24295,1622800
24296,2371000
24297,2588200
24298,2369800
24299,1719300
24300,1718800
24301,1559100
24302,1694700
24303,1749800
24304,1982900
24305,1913400
24306,1730200
24307,1674000
24308,1700200
24309,1754200
24310,1586700
24311,1685500
24312,1770100
24313,2641800
24314,2865700
24315,2053700
24316,1709400
24317,1581800
24318,1633400
24319,1583600
24320,1678700
24321,1710800
24322,1728500
24323,1895800
24324,1731700
24325,1648900
24326,1607200
24327,1599200
24328,1637100
24329,1723900
24330,1831200
24331,1646800
24332,1939700
24333,1786400
24334,1734600
24335,1680900
24336,1573300
24337,1726600
24338,1650100
24339,1790200
24340,2423100
24341,2319000
24342,2294500
24343,1683800
24344,1769400
24345,1712400
24346,1624500
24347,1897000
24348,2550000
24349,2295800
24350,2376700
24351,1687500
24352,1586500
24353,1697700
24354,1652500
24355,1676900
24356,1616100
24357,1731500
24358,1560300
24359,1850700
24360,1920500
24361,1645000
24362,1666700
24363,1598000
24364,1869100
24365,1690000
24366,1632000
24367,1625300
24368,1688500
24369,1832000
24370,1579500
24371,1715400
24372,1591700
24373,1527500
24374,1880400
24375,2472500
24376,2178600
24377,1785600
24378,1839200
24379,1742700
24380,1686000
24381,1591700
24382,1806900
24383,2366000
24384,2217800
24385,1923500
24386,1624800
24387,1703600
24388,1785800
24389,1613400
24390,1596000
24391,1771900
24392,1640800
24393,1569200
24394,1680300
24395,1588200
24396,1678900
24397,1924100
24398,1835100
24399,1566200
24400,1804700
24401,1722600
24402,1689200
24403,1716500
24404,1651100
24405,1688200
24406,1801400
24407,1706200
24408,1749500
24409,1790300
24410,2408000
24411,2480800
24412,1921500
24413,1644000
24414,1680900
24415,1892200
24416,1910100
24417,1962900
24418,2489000
24419,2344800
24420,1869500
24421,1651800
24422,1595400
24423,1537000
24424,1787500
24425,2050700
24426,2335000
24427,2329500
24428,2164500
24429,1602300
24430,1670500
24431,1774800
24432,1674800
24433,2021000
24434,1820600
24435,1602700
24436,1545100
24437,1690900
24438,1758700
24439,1487400
24440,1732400
24441,1599100
24442,1912800
24443,2383500
24444,2530500
24445,2200200
24446,1818600
24447,1674500
24448,1599700
24449,1549400
24450,1598000
24451,2294800
24452,1836000
24453,1633600
24454,1693200
24455,1565700
24456,1564300
24457,1586300
24458,1761300
24459,1565400
24460,1905900
24461,2920200
24462,2428600
24463,1871900
24464,1583300
24465,1620100
24466,1668500
24467,1600000
24468,1755100
24469,2386700
24470,1872900
24471,1747500
24472,1696300
24473,1670500
24474,1635200
24475,1638700
24476,1583000
24477,1843100
24478,2784500
24479,2623600
24480,2095000
24481,1659200
24482,1613700
24483,1610000
24484,1730200
24485,1846600
24486,1776200
24487,2110900
24488,1883100
24489,1712600
24490,1640800
24491,1572700
24492,1619900
24493,1583400
24494,1687700
24495,2372400
24496,2696200
24497,2184700
24498,1698100
24499,1572900
24500,1572900
24501,1553300
24502,1675400
24503,1597400
24504,1556000
24505,1720900
24506,1796200
24507,1733800
24508,1743300
24509,1585600
24510,1890900
24511,2356600
24512,3687600
24513,4152800
24514,2584800
24515,2134900
24516,2155100
24517,2309000
24518,2268200
24519,1856000
24520,1834100
24521,1783800
24522,1727400
24523,1610300
24524,1595400
24525,2263900
24526,2647000
24527,2190000
24528,1687900
24529,1748800
24530,1581000
24531,1598200
24532,1578600
24533,1810000
24534,1796600
24535,1631000
24536,1622500
24537,1562100
24538,1592800
24539,2066700
24540,1858800
24541,1618300
24542,1818800
24543,2516800
24544,2184300
24545,1861400
24546,1642800
24547,1746400
24548,1920800
24549,1635100
24550,1724100
24551,1592400
24552,1707400
24553,1669300
24554,1647700
24555,1586800
24556,1563100
24557,1718100
24558,1790800
24559,1680300
24560,2012200
24561,2551900
24562,2297500
24563,1717800
24564,1580000
24565,1549100
24566,1669000
24567,1677800
24568,1798800
24569,1732200
24570,1636800
24571,1534600
24572,1636900
24573,1626900
24574,1584100
24575,1548600
24576,1622800
24577,1808500
24578,1734200
24579,1740000
24580,1615700
24581,1624900
24582,1785900
24583,1607500
24584,1555200
24585,1671300
24586,1599100
24587,1949200
24588,2972400
24589,3149500
24590,3197800
24591,1983800
24592,1836900
24593,2031700
24594,3301700
24595,3056300
24596,2638400
24597,1950300
24598,1929900
24599,1898700
24600,2448900
24601,2787800
24602,2644400
24603,2666100
24604,1898800
24605,1969200
24606,1804000
24607,3322600
24608,3877100
24609,4122200
24610,2685700
24611,2307600
24612,2060500
24613,2046000
24614,1948600
24615,2058500
24616,1811700
24617,1820100
24618,1839600
24619,1878400
24620,2656500
24621,3251600
24622,2702700
24623,1923400
24624,1738800
24625,1782400
24626,2089800
24627,1952500
24628,1796100
24629,2094700
24630,1880600
24631,1838700
24632,1900600
24633,1863100
24634,2072400
24635,2541700
24636,2745600
24637,2717400
24638,2106100
24639,1839000
24640,1817800
24641,1799000
24642,1860100
24643,1842100
24644,1783600
24645,1827100
24646,1824500
24647,1796000
24648,1811700
24649,1836800
24650,2319000
24651,2868300
24652,2539600
24653,2620900
24654,2017500
24655,1806700
24656,2197200
24657,2806400
24658,3127800
24659,2625700
24660,2174600
24661,1814500
24662,1702500
24663,2275400
24664,2820400
24665,2226400
24666,2457900
24667,2112700
24668,2148100
24669,1797100
24670,2063200
24671,2913600
24672,2676700
24673,2342900
24674,1963300
24675,2256700
24676,1842000
24677,1892800
24678,2875200
24679,2661500
24680,2230300
24681,1758000
24682,1925600
24683,2056100
24684,2104900
24685,1981200
24686,1935700
24687,1860700
24688,1803400
24689,1837900
24690,1733300
24691,2177900
24692,1999300
24693,1979800
24694,1899600
24695,1867400
24696,1815700
24697,1770600
24698,1715900
24699,1789200
24700,2137000
24701,2359800
24702,2952300
24703,2721000
24704,2068700
24705,1861100
24706,1859800
24707,2116300
24708,2157600
24709,3034900
24710,2887800
24711,2103300
24712,1861200
24713,1784300
24714,1972100
24715,2445200
24716,3327100
24717,2549100
24718,2262700
24719,1823800
24720,1811800
24721,2060400
24722,2382900
24723,1853300
24724,1709900
24725,1717700
24726,1807500
24727,2691900
24728,2814800
24729,3158000
24730,3282300
24731,3361100
24732,2460800
24733,3244100
24734,4565800
24735,4100700
24736,3683900
24737,3123000
24738,3105500
24739,3397900
24740,3512600
24741,3408900
24742,2473300
24743,1675200
24744,1662100
24745,2167300
24746,1848200
24747,1651900
24748,1694900
24749,1646400
24750,1664700
24751,1615800
24752,1572000
24753,1804500
24754,2785200
24755,2701400
24756,2014600
24757,1566300
24758,1592900
24759,1581700
24760,1685200
24761,1656400
24762,1800800
24763,1583300
24764,1928100
24765,1732500
24766,1567300
24767,1597000
24768,1680300
24769,1644900
24770,1650800
24771,2073000
24772,2516800
24773,2653000
24774,1828200
24775,1650500
24776,1681400
24777,1574200
24778,1630300
24779,1793800
24780,1650200
24781,1632400
24782,2200100
24783,1803800
24784,1593800
24785,1557800
24786,1717000
24787,1550600
24788,1910400
24789,2567600
24790,2183800
24791,2552000
24792,1778000
24793,1687800
24794,1651400
24795,1665500
24796,1715800
24797,1658900
24798,1578800
24799,1676400
24800,1888400
24801,1787900
24802,1644100
24803,1618900
24804,1635600
24805,1659800
24806,2406800
24807,2205300
24808,1997400
24809,1799500
24810,1913900
24811,1681800
24812,1679400
24813,1592200
24814,2062800
24815,2497000
24816,2145600
24817,1652800
24818,1792300
24819,1711500
24820,1646100
24821,1653300
24822,1724000
24823,2539900
24824,2226800
24825,1903900
24826,1633500
24827,1814700
24828,1689200
24829,1729100
24830,1522900
24831,1809200
24832,1719900
24833,1616800
24834,1606200
24835,1533500
24836,1570600
24837,2002600
24838,1719200
24839,1615200
24840,1660600
24841,2284700
24842,2140600
24843,2127500
24844,1707600
24845,1674600
24846,1742300
24847,1616400
24848,1700100
24849,1805900
24850,1679400
24851,1638000
24852,1696000
24853,1656700
24854,1671500
24855,1663300
24856,1759900
24857,1615800
24858,1657000
24859,1649500
24860,1630900
24861,1713400
24862,1718500
24863,1576600
24864,1575800
24865,1537500
24866,1805000
24867,1932200
24868,2510800
24869,2335700
24870,2146200
24871,1854900
24872,2038100
24873,2168200
24874,2203600
24875,2010100
24876,1740100
24877,1676800
24878,1634000
24879,1668200
24880,1637300
24881,1643100
24882,1570300
24883,2023400
24884,1897400
24885,2545700
24886,2390600
24887,1913000
24888,1670500
24889,1575900
24890,1606800
24891,1591900
24892,1952700
24893,2067500
24894,1817500
24895,1661200
24896,1610500
24897,1659400
24898,1542800
24899,1640700
24900,1577900
24901,1685400
24902,2254400
24903,2686100
24904,2298800
24905,1655500
24906,1590800
24907,1502000
24908,1618100
24909,1628100
24910,2050500
24911,2019200
24912,1749000
24913,1582300
24914,1649400
24915,1612900
24916,1534100
24917,1638300
24918,1531900
24919,1619100
24920,2745800
24921,2645300
24922,2144400
24923,1643600
24924,1652500
24925,1734000
24926,1627800
24927,1898600
24928,2156900
24929,1831400
24930,1947900
24931,1604300
24932,1556000
24933,1559400
24934,1708600
24935,1587400
24936,1888600
24937,3236900
24938,2882100
24939,1899900
24940,1723700
24941,1636600
24942,1734400
24943,1708800
24944,1767700
24945,1763900
24946,1744500
24947,1653600
24948,1805200
24949,1635600
24950,1683500
24951,1570200
24952,1761500
24953,1922600
24954,2696100
24955,3359800
24956,2828400
24957,2390900
24958,2125000
24959,2221600
24960,2005000
24961,1665000
24962,1771500
24963,1693100
24964,1571200
24965,1644500
24966,1543000
24967,1643100
24968,1873100
24969,1684700
24970,1656500
24971,1663300
24972,1744200
24973,1955500
24974,1665500
24975,1622600
24976,1627900
24977,1889800
24978,2909900
24979,2796900
24980,2399200
24981,1791900
24982,1760300
24983,1636300
24984,1730300
24985,1983400
24986,2622100
24987,2229400
24988,2003300
24989,2094900
24990,1798100
24991,1772600
24992,1971800
24993,1886200
24994,1712100
24995,1530800
24996,1523400
24997,1599300
24998,2017000
24999,1673800
25000,1559400
25001,1608600
25002,2224700
25003,2171100
25004,1829900
25005,2198600
25006,1936600
25007,1876900
25008,1696800
25009,1634100
25010,1758400
25011,2553800
25012,2175800
25013,1900800
25014,1701400
25015,1598500
25016,1703200
25017,1754100
25018,1851400
25019,2857500
25020,2466200
25021,2043200
25022,1854800
25023,1672500
25024,1815700
25025,1772300
25026,1776400
25027,1625500
25028,1732700
25029,1598700
25030,1657800
25031,1717900
25032,1646800
25033,1862800
25034,1953600
25035,1816300
25036,1707300
25037,1712100
25038,1713200
25039,1703600
25040,1577500
25041,1565500
25042,1594500
25043,2120900
25044,1948600
25045,2603100
25046,2449300
25047,1970100
25048,1540400
25049,1568600
25050,1597100
25051,1594800
25052,2109800
25053,2620400
25054,2630200
25055,2171500
25056,1675500
25057,1634800
25058,1574800
25059,1615100
25060,2095800
25061,2642800
25062,2524200
25063,1998100
25064,1677500
25065,1553700
25066,1655500
25067,1687100
25068,1598100
25069,1965200
25070,1724400
25071,1644700
25072,1538600
25073,1625000
25074,1703300
25075,1603900
25076,1565700
25077,1596700
25078,1888800
25079,2980500
25080,2511000
25081,1828600
25082,1652700
25083,1625700
25084,1632600
25085,1614700
25086,1712800
25087,1810500
25088,1691400
25089,1634700
25090,1610400
25091,1718200
25092,1681600
25093,1655100
25094,1707800
25095,1859300
25096,2901400
25097,3881600
25098,3451500
25099,2107700
25100,2056500
25101,1945000
25102,1882200
25103,1856500
25104,1875900
25105,1918900
25106,1889800
25107,1792700
25108,1775600
25109,1855200
25110,2448500
25111,2010000
25112,1989200
25113,1916200
25114,1846400
25115,1744700
25116,1770000
25117,1862400
25118,2491800
25119,3033200
25120,3403900
25121,1955200
25122,1816800
25123,1818600
25124,2122000
25125,2075200
25126,1747300
25127,2380100
25128,2264100
25129,1974000
25130,1709200
25131,1648100
25132,1641800
25133,2623300
25134,2625400
25135,2406800
25136,1899900
25137,1649000
25138,1624700
25139,1596400
25140,1641600
25141,1806500
25142,1552600
25143,1607800
25144,1600100
25145,1712300
25146,1840800
25147,1628700
25148,1534600
25149,1643500
25150,1681000
25151,2408600
25152,2163300
25153,1823300
25154,1853500
25155,1700900
25156,1613900
25157,1608200
25158,1697400
25159,1660600
25160,1599200
25161,1661500
25162,1642100
25163,1613000
25164,1969100
25165,1881500
25166,1729000
25167,1603300
25168,2202800
25169,2341700
25170,2245500
25171,1678800
25172,1711500
25173,1726200
25174,1704900
25175,1657700
25176,2036200
25177,2194800
25178,1919800
25179,1875300
25180,1995100
25181,1843900
25182,1934500
25183,1751500
25184,1968800
25185,2924800
25186,2788600
25187,2366000
25188,1685200
25189,1604100
25190,1656000
25191,1594400
25192,1708600
25193,1608800
25194,1679800
25195,1674300
25196,1686600
25197,1598900
25198,1669000
25199,1626700
25200,2213100
25201,2337800
25202,2786500
25203,2456500
25204,1720400
25205,1724200
25206,1642800
25207,2071600
25208,2277200
25209,2219200
25210,1826400
25211,1976800
25212,2038400
25213,1855100
25214,1948700
25215,1766000
25216,2137300
25217,2107100
25218,2360700
25219,2568700
25220,2491300
25221,2212400
25222,2084600
25223,2673200
25224,3466900
25225,3026600
25226,2736200
25227,1894700
25228,1791400
25229,2235800
25230,3796900
25231,3269300
25232,2944500
25233,1990100
25234,2204600
25235,2775800
25236,2774600
25237,2388600
25238,2161700
25239,1833600
25240,1759400
25241,1813100
25242,2405700
25243,3704000
25244,3576400
25245,2716900
25246,2015900
25247,1913500
25248,2193800
25249,2388000
25250,2235300
25251,2028900
25252,1929100
25253,1920400
25254,2022400
25255,2169400
25256,3040700
25257,3333800
25258,3345600
25259,2064600
25260,2022400
25261,2233000
25262,3109500
25263,3775400
25264,2781200
25265,2005300
25266,1985300
25267,2345800
25268,2999600
25269,3307500
25270,3211600
25271,2044400
25272,1802600
25273,1985300
25274,1922500
25275,1665000
25276,1572100
25277,1810500
25278,1818000
25279,1738600
25280,1733400
25281,1629900
25282,1765900
25283,2242400
25284,2621700
25285,2589500
25286,2156100
25287,1797100
25288,1676900
25289,1778900
25290,1847600
25291,1824500
25292,1684300
25293,1731000
25294,1785700
25295,2140400
25296,1806300
25297,1717300
25298,1691800
25299,2243200
25300,2827300
25301,2508500
25302,1887700
25303,2008800
25304,1815600
25305,1698400
25306,1990300
25307,1839700
25308,1739000
25309,1655000
25310,1711300
25311,1725200
25312,1903000
25313,1700100
25314,1736800
25315,1866700
25316,2931900
25317,2652900
25318,2176400
25319,1742100
25320,2334700
25321,1836400
25322,1896600
25323,1683200
25324,1607000
25325,1680600
25326,1661300
25327,1672900
25328,1619900
25329,1900800
25330,1704400
25331,1623000
25332,1740200
25333,1593500
25334,1668700
25335,1715800
25336,1547900
25337,1542600
25338,1648100
25339,1892900
25340,1750800
25341,2102300
25342,2604000
25343,2344500
25344,1860200
25345,1689500
25346,1652200
25347,1560300
25348,1753600
25349,1951200
25350,2727000
25351,2231600
25352,1745400
25353,1652800
25354,1579100
25355,1651100
25356,1657100
25357,2282700
25358,1747500
25359,1626000
25360,1673300
25361,1681600
25362,1732400
25363,1655300
25364,1608500
25365,1655400
25366,1755300
25367,1873800
25368,1599200
25369,1725800
25370,1547500
25371,1606000
25372,1705600
25373,1581000
25374,1583400
25375,1628800
25376,1972300
25377,2624500
25378,2452700
25379,2007600
25380,1586700
25381,1540000
25382,1674100
25383,1634600
25384,1726100
25385,2756500
25386,2627800
25387,2177100
25388,1590700
25389,1701900
25390,1628500
25391,1602600
25392,1744200
25393,2830800
25394,2643000
25395,2107500
25396,1628600
25397,1561500
25398,1643900
25399,1635700
25400,1812900
25401,1625900
25402,1742200
25403,1734200
25404,1718700
25405,1620100
25406,1570900
25407,1566800
25408,1629100
25409,1616300
25410,1696100
25411,1694300
25412,1829000
25413,1666200
25414,1730000
25415,1714600
25416,1602700
25417,1695500
25418,1542600
25419,2092500
25420,2479500
25421,2697300
25422,2076400
25423,1732900
25424,1722100
25425,1579500
25426,1738500
25427,2176800
25428,2593600
25429,2393100
25430,2126300
25431,1639500
25432,1663500
25433,1549400
25434,1562600
25435,1729200
25436,1625700
25437,1567100
25438,1650900
25439,2042000
25440,1667100
25441,1940100
25442,1645700
25443,1633600
25444,1802800
25445,2322200
25446,2160100
25447,2155200
25448,1972600
25449,1747900
25450,1678300
25451,1624100
25452,1697400
25453,1797200
25454,1568100
25455,1668300
25456,1699900
25457,1795000
25458,1729300
25459,1698300
25460,1598000
25461,1522400
25462,1880000
25463,2509900
25464,2180700
25465,1800600
25466,1687500
25467,1935200
25468,1581800
25469,1645500
25470,1748700
25471,1674800
25472,1560600
25473,1543000
25474,1700200
25475,1548200
25476,2018200
25477,1757300
25478,1652100
25479,1756000
25480,2494600
25481,2181300
25482,1916700
25483,1561400
25484,1604900
25485,1937700
25486,1698100
25487,1623900
25488,1596100
25489,1598400
25490,1587300
25491,1726400
25492,1735500
25493,1648600
25494,1688800
25495,1784600
25496,1945900
25497,2746400
25498,2841400
25499,2543000
25500,1783800
25501,1726200
25502,1767700
25503,1938600
25504,1725600
25505,1715300
25506,1734800
25507,1705500
25508,1660000
25509,1630200
25510,1666500
25511,1573500
25512,1959200
25513,2516500
25514,2763000
25515,2137000
25516,1878000
25517,1658200
25518,1666600
25519,1577900
25520,1604700
25521,1882400
25522,1783900
25523,1728300
25524,1578600
25525,1610400
25526,1617800
25527,1638700
25528,1552600
25529,1696900
25530,1819700
25531,2699800
25532,2474500
25533,2035100
25534,1689900
25535,1647500
25536,1672600
25537,1667400
25538,2082400
25539,2281300
25540,1755300
25541,1762100
25542,1702600
25543,1568400
25544,1605300
25545,1633000
25546,1555900
25547,1672200
25548,1733700
25549,1944200
25550,1710400
25551,1765700
25552,1646700
25553,1522700
25554,1568600
25555,1669100
25556,1555300
25557,2011500
25558,2910500
25559,2822000
25560,1831600
25561,1709300
25562,1713100
25563,1610800
25564,1572800
25565,2507500
25566,3669900
25567,2928500
25568,1889600
25569,1716500
25570,1778700
25571,1873400
25572,1777300
25573,1651200
25574,2235100
25575,1846400
25576,1863700
25577,1651600
25578,1759800
25579,1820200
25580,1949800
25581,1711100
25582,1676100
25583,2472600
25584,2064100
25585,1724700
25586,1615600
25587,1621800
25588,1678800
25589,2191600
25590,2443400
25591,2275800
25592,2040800
25593,1721600
25594,1639700
25595,1683400
25596,1654300
25597,1780800
25598,1671800
25599,1672600
25600,1561400
25601,1901700
25602,1652200
25603,1670600
25604,1575200
25605,1723800
25606,1862500
25607,2490100
25608,2197700
25609,1797100
25610,1669700
25611,1802400
25612,1722200
25613,1596500
25614,1663400
25615,1797700
25616,2025100
25617,2121300
25618,2025000
25619,2164200
25620,1954400
25621,1861200
25622,2035500
25623,1951300
25624,1954800
25625,1781900
25626,1821500
25627,1958900
25628,2260000
25629,1894300
25630,1995300
25631,2547100
25632,2643100
25633,2599700
25634,2127100
25635,2316200
25636,1933000
25637,1920500
25638,2484700
25639,2310500
25640,1961200
25641,1565600
25642,1643200
25643,1652300
25644,1838400
25645,1630100
25646,2079400
25647,2526700
25648,2171600
25649,1708900
25650,1605400
25651,1535100
25652,1972200
25653,1742100
25654,1877700
25655,1811400
25656,2276500
25657,2182700
25658,1895000
25659,1828600
25660,1713000
25661,1797200
25662,1854700
25663,2490400
25664,2311900
25665,1927600
25666,1541100
25667,1654900
25668,1646500
25669,1673200
25670,1953400
25671,1730400
25672,1609400
25673,1651800
25674,1562100
25675,1594000
25676,1662400
25677,1558500
25678,1679100
25679,1561600
25680,1886400
25681,2607600
25682,2210800
25683,1854300
25684,1601600
25685,1610400
25686,1715100
25687,1687900
25688,1589100
25689,2489000
25690,2061600
25691,1858900
25692,1916700
25693,1721500
25694,1643000
25695,1676100
25696,1630700
25697,1900500
25698,1850100
25699,1690600
25700,1671800
25701,1674500
25702,1623900
25703,1684000
25704,1557200
25705,1622600
25706,1809000
25707,2712500
25708,2838700
25709,2611000
25710,1890900
25711,1622900
25712,1580400
25713,1565900
25714,1886900
25715,3490500
25716,2984400
25717,1936100
25718,1723000
25719,1750600
25720,1616700
25721,1654800
25722,1631500
25723,1854800
25724,1652400
25725,1603700
25726,1627700
25727,1605600
25728,1520800
25729,1598700
25730,1650700
25731,1735200
25732,1688300
25733,1837600
25734,1966400
25735,1620500
25736,1676200
25737,1649700
25738,1563100
25739,1638900
25740,1855100
25741,2545700
25742,2296100
25743,2427200
25744,1795200
25745,1591000
25746,1700300
25747,1582200
25748,1724900
25749,1661300
25750,1604900
25751,1652200
25752,1917200
25753,1802800
25754,1631400
25755,1634300
25756,1637100
25757,1882600
25758,2174000
25759,2217000
25760,2187800
25761,1988300
25762,1694900
25763,1684900
25764,1620500
25765,1617300
25766,1933500
25767,1695900
25768,1549300
25769,1642200
25770,1696200
25771,1826300
25772,1645300
25773,1606500
25774,1637000
25775,1952600
25776,1836400
25777,1769000
25778,1634100
25779,1685300
25780,1942700
25781,1603000
25782,1629600
25783,1648600
25784,1883100
25785,2412300
25786,2126800
25787,1885700
25788,1762200
25789,1991700
25790,1783200
25791,1633700
25792,1725200
25793,2385500
25794,2267000
25795,1992000
25796,1711000
25797,1659900
25798,1834100
25799,1578400
25800,1540900
25801,1759700
25802,1753100
25803,1667300
25804,1529800
25805,1692300
25806,1561600
25807,1641200
25808,1962200
25809,1761700
25810,1758900
25811,1609700
25812,1678500
25813,1633700
25814,1740600
25815,1537700
25816,1559900
25817,1641100
25818,1706800
25819,1540000
25820,2440800
25821,2805300
25822,2380900
25823,1629800
25824,1550100
25825,1516600
25826,1932400
25827,1928500
25828,1763800
25829,1667700
25830,1610900
25831,1590000
25832,1559000
25833,1541900
25834,1610000
25835,1598800
25836,1821400
25837,2295300
25838,2494000
25839,2220500
25840,1811100
25841,1589700
25842,1623500
25843,1664000
25844,1635000
25845,2185400
25846,1770900
25847,1652600
25848,1608900
25849,1753000
25850,1705800
25851,1555500
25852,1583300
25853,1579000
25854,1849900
25855,2893400
25856,2299800
25857,1964200
25858,1591200
25859,1745300
25860,1785100
25861,1665400
25862,1982100
25863,2084100
25864,2094300
25865,2020900
25866,1800000
25867,1633400
25868,1569700
25869,1635900
25870,1563700
25871,1812800
25872,3711500
25873,3092100
25874,2149200
25875,1696100
25876,1638900
25877,1652500
25878,1758200
25879,1696500
25880,1940100
25881,1814300
25882,1722400
25883,1707500
25884,1855700
25885,1929600
25886,1767300
25887,1696000
25888,1601000
25889,1915000
25890,1718800
25891,1745100
25892,1628300
25893,1720900
25894,1566100
25895,1540500
25896,2201500
25897,2635400
25898,2888300
25899,2306600
25900,1719100
25901,1648600
25902,1713600
25903,1628700
25904,1654100
25905,1534200
25906,1575200
25907,2074400
25908,1670600
25909,1566700
25910,1586300
25911,1724500
25912,1625500
25913,2263500
25914,2393700
25915,2327300
25916,1968600
25917,1730100
25918,1689200
25919,1669900
25920,1719600
25921,1670100
25922,1618200
25923,1607600
25924,1699400
25925,1812900
25926,1845200
25927,1659400
25928,1552700
25929,1635800
25930,2364800
25931,2945300
25932,2335900
25933,1831000
25934,1777400
25935,1691800
25936,1862700
25937,1869800
25938,1769400
25939,1688100
25940,1611500
25941,1621600
25942,1683000
25943,1705500
25944,1759100
25945,1612700
25946,1938100
25947,2480600
25948,2397000
25949,2075300
25950,1597200
25951,1680900
25952,1824800
25953,1734400
25954,1803600
25955,1672100
25956,1644200
25957,1586500
25958,1657800
25959,1606100
25960,1604300
25961,1722500
25962,1944700
25963,1748400
25964,2181400
25965,2335700
25966,2092200
25967,1720500
25968,1647000
25969,1594300
25970,1644700
25971,1947900
25972,2027900
25973,1814800
25974,1695300
25975,1597900
25976,1582400
25977,1784200
25978,1691400
25979,1648900
25980,1728600
25981,1808900
25982,1656400
25983,1918000
25984,1655000
25985,1712500
25986,1530900
25987,1602200
25988,1533100
25989,1605100
25990,2262700
25991,1847700
25992,1709300
25993,1710000
25994,1552400
25995,1577600
25996,1685200
25997,1671300
25998,1657500
25999,1543500
26000,2045800
26001,1690800
26002,1690900
26003,1645300
26004,1610100
26005,1673800
26006,1717300
26007,1623800
26008,1598900
26009,1911500
26010,2716900
26011,2439900
26012,2045600
26013,1656400
26014,1659100
26015,1711200
26016,1692000
26017,1713900
26018,2833200
26019,2545800
26020,1987300
26021,1693100
26022,1660100
26023,1764100
26024,1624900
26025,2026000
26026,2859000
26027,2966900
26028,2113300
26029,1609800
26030,1657500
26031,1734300
26032,1691500
26033,1718400
26034,1779400
26035,1708100
26036,1702700
26037,1611400
26038,1652100
26039,1727700
26040,1567500
26041,1620300
26042,1769800
26043,2001000
26044,1787800
26045,1871800
26046,1709700
26047,1647100
26048,1801900
26049,1637900
26050,1683900
26051,1847700
26052,2633400
26053,3005400
26054,2208100
26055,1755700
26056,1783900
26057,1653200
26058,1668000
26059,2319700
26060,2687800
26061,2707300
26062,2046000
26063,1823000
26064,1664200
26065,1652300
26066,1835600
26067,1689100
26068,1631500
26069,1688400
26070,1747200
26071,1650300
26072,1591000
26073,1684800
26074,1625700
26075,1703500
26076,1816200
26077,1706900
26078,1657100
26079,1552100
26080,1915300
26081,1860500
26082,1753800
26083,1638800
26084,1668600
26085,2030100
26086,2571900
26087,2115100
26088,1811600
26089,1835200
26090,1689000
26091,1635400
26092,1605400
26093,1780000
26094,2532100
26095,2236900
26096,1903000
26097,1696500
26098,1841300
26099,1750700
26100,1591600
26101,1863000
26102,1844300
26103,1603400
26104,1711500
26105,1751900
26106,1613600
26107,1682600
26108,1742500
26109,1695000
26110,1633100
26111,1817300
26112,1694100
26113,1673400
26114,1581400
26115,1628600
26116,1540500
26117,2069000
26118,1828600
26119,1669900
26120,1709500
26121,1560800
26122,1676000
26123,1687200
26124,1654000
26125,1631000
26126,1607800
26127,1801100
26128,1629600
26129,1864400
26130,1715200
26131,1594700
26132,1586600
26133,1598000
26134,1625500
26135,1624700
26136,1661900
26137,1806400
26138,1878600
26139,1682800
26140,1573600
26141,1690500
26142,1677400
26143,1597100
26144,1610000
26145,1579200
26146,1667300
26147,1691200
26148,1743800
26149,1803000
26150,1681000
26151,1659200
26152,1636300
26153,1637000
26154,1603300
26155,1656100
26156,1600100
26157,1720000
26158,1839700
26159,1661000
26160,1619100
26161,1596900
26162,1572700
26163,1577800
26164,1526200
26165,1639700
26166,1677900
26167,2074900
26168,2104400
26169,1975000
26170,2122700
26171,1959300
26172,1776400
26173,1766300
26174,1870300
26175,1992400
26176,1953400
26177,1770900
26178,1757600
26179,1805400
26180,1828500
26181,1883500
26182,1944000
26183,1862400
26184,2415300
26185,2056900
26186,1933600
26187,1781400
26188,1749900
26189,1819900
26190,1811400
26191,1750500
26192,1700600
26193,1732300
26194,1882000
26195,1603800
26196,1646400
26197,1664100
26198,1563600
26199,1595400
26200,1702500
26201,1547700
26202,1809900
26203,2049600
26204,1726600
26205,1593500
26206,1563800
26207,1657900
26208,1639800
26209,1536800
26210,1555700
26211,1926900
26212,1771100
26213,1988900
26214,1675100
26215,1601400
26216,1657400
26217,1644300
26218,1593300
26219,1555000
26220,2058500
26221,1895600
26222,2477100
26223,2081300
26224,1959900
26225,1750200
26226,1739500
26227,1740200
26228,1612000
26229,1592500
26230,1538100
26231,1599800
26232,1907100
26233,1682800
26234,1666200
26235,1671700
26236,1641300
26237,1990200
26238,2468900
26239,1886500
26240,1981800
26241,2164800
26242,1738200
26243,1723600
26244,1657400
26245,1818800
26246,1792200
26247,1590000
26248,1562900
26249,1549300
26250,1721100
26251,1756200
26252,1720900
26253,1651900
26254,1613800
26255,1894400
26256,1717800
26257,1678000
26258,1526600
26259,1649000
26260,1901800
26261,1732900
26262,1586900
26263,1613100
26264,1658100
26265,2052900
26266,1797800
26267,1653300
26268,1552500
26269,1574800
26270,2109900
26271,1722700
26272,1571000
26273,1771600
26274,1792800
26275,1632300
26276,1575000
26277,1632000
26278,1717600
26279,1895800
26280,1851100
26281,1677200
26282,1685800
26283,1808400
26284,1739600
26285,1690700
26286,1604600
26287,1545200
26288,1657900
26289,1749800
26290,1757000
26291,1654400
26292,1718100
26293,1560900
26294,1571600
26295,1757800
26296,1608700
26297,1739000
26298,1631200
26299,1870500
26300,1676600
26301,1631600
26302,1703700
26303,1672800
26304,1673200
26305,1594900
26306,1689600
26307,1628300
26308,1663500
26309,2041200
26310,1722600
26311,1809900
26312,1688300
26313,1646500
26314,1633700
26315,1668000
26316,1647600
26317,1613000
26318,1726500
26319,1740100
26320,1855700
26321,1731600
26322,1648500
26323,1617900
26324,1758500
26325,1569300
26326,1556000
26327,1591300
26328,1596300
26329,2036600
26330,1812900
26331,1654500
26332,1534500
26333,1650900
26334,1593900
26335,1572900
26336,1666700
26337,1548000
26338,1610700
26339,2202700
26340,1737600
26341,1660900
26342,1748900
26343,1644700
26344,1568300
26345,1673800
26346,1596100
26347,1637400
26348,1865600
26349,1954500
26350,1756500
26351,1739000
26352,1642400
26353,1557500
26354,1581900
26355,1695600
26356,1567300
26357,1553700
26358,1925700
26359,1652000
26360,1818700
26361,1691500
26362,1618700
26363,1624100
26364,1653600
26365,1555400
26366,1607200
26367,1787600
26368,1990800
26369,1788000
26370,1752900
26371,1593000
26372,1610400
26373,1662800
26374,1559400
26375,1548900
26376,1647300
26377,2052900
26378,1781200
26379,1760500
26380,1590100
26381,1559400
26382,1653200
26383,1603100
26384,1584100
26385,1583800
26386,1743100
26387,1700400
26388,2008600
26389,1790800
26390,1630700
26391,1591700
26392,1676200
26393,1785400
26394,1624400
26395,1669700
26396,1590100
26397,1633600
26398,1760000
26399,1622000
26400,1596200
26401,1649800
26402,1589400
26403,1612500
26404,1596300
26405,1732100
26406,1557000
26407,1643700
26408,2045100
26409,1770400
26410,1726800
26411,1543500
26412,1581600
26413,1671400
26414,1670800
26415,1593200
26416,1600600
26417,1747000
26418,1746200
26419,1673000
26420,1593000
26421,1673600
26422,1598400
26423,1522000
26424,1620600
26425,1613800
26426,1598100
26427,1607100
26428,1872800
26429,1684300
26430,1652600
26431,1617600
26432,1653300
26433,1587500
26434,1746000
26435,1575800
26436,1600400
26437,1563500
26438,2055100
26439,1695700
26440,1719000
26441,1649400
26442,1643300
26443,1683500
26444,1594800
26445,1677600
26446,1492400
26447,1609300
26448,1763200
26449,1691900
26450,1635100
26451,1601200
26452,1767000
26453,1727000
26454,1587300
26455,1729100
26456,1696700
26457,1647500
26458,1821200
26459,1634600
26460,1605900
26461,1546000
26462,1726700
26463,1598500
26464,1654100
26465,1550700
26466,1572200
26467,1544600
26468,1850000
26469,1816100
26470,1602000
26471,1877900
26472,1958000
26473,1652900
26474,1652200
26475,1655500
26476,1629100
26477,1633300
26478,1688000
26479,1724500
26480,1721100
26481,1590000
26482,1623000
26483,1783300
26484,1545400
26485,1609300
26486,1566400
26487,1607600
26488,1790400
26489,1755300
26490,1635900
26491,1573600
26492,1671000
26493,1670900
26494,1633500
26495,1692800
26496,1575400
26497,1605000
26498,1709600
26499,1655000
26500,2025800
26501,1780500
26502,1756700
26503,1674200
26504,1553300
26505,1559000
26506,1659400
26507,1762400
26508,1846600
26509,1752800
26510,1714000
26511,1602100
26512,1584000
26513,1613400
26514,1674800
26515,1552500
26516,1726700
26517,1611300
26518,2033500
26519,1816600
26520,1773000
26521,1663600
26522,1541500
26523,1577700
26524,1636500
26525,1603700
26526,1556300
26527,1768300
26528,1877700
26529,1747600
26530,1675100
26531,1538700
26532,1590000
26533,1700700
26534,1594200
26535,1733600
26536,1589200
26537,1889200
26538,1809800
26539,1791600
26540,1676500
26541,1606500
26542,1660900
26543,1616800
26544,1539100
26545,1606100
26546,1621100
26547,1845300
26548,2044000
26549,1625700
26550,1698600
26551,1603100
26552,1589200
26553,1614200
26554,1606200
26555,1609300
26556,1899200
26557,2049800
26558,1683000
26559,1661900
26560,1988200
26561,1636500
26562,1604600
26563,1590300
26564,1660700
26565,1686600
26566,1870200
26567,1911400
26568,1603500
26569,1659600
26570,1576500
26571,1580800
26572,1630300
26573,1663700
26574,1637800
26575,1976500
26576,1947000
26577,1960100
26578,1686500
26579,1691700
26580,1562600
26581,1581100
26582,1655600
26583,1589200
26584,1711000
26585,1698600
26586,1904200
26587,1735300
26588,1708300
26589,1594400
26590,1651800
26591,1595000
26592,1561700
26593,1767000
26594,1727700
26595,1614500
26596,2000100
26597,1638900
26598,1604300
26599,1614100
26600,1596000
26601,1667800
26602,1540100
26603,1801000
26604,1647000
26605,1589600
26606,2041100
26607,1784200
26608,1710900
26609,1616600
26610,1614600
26611,1678200
26612,1680400
26613,1602300
26614,1602900
26615,1566900
26616,1846300
26617,1668100
26618,1683000
26619,1618800
26620,1513500
26621,1745300
26622,1706500
26623,1632100
26624,1633600
26625,1613100
26626,1736600
26627,1692000
26628,1588700
26629,1574600
26630,1550500
26631,1906200
26632,1965300
26633,1668600
26634,1710600
26635,1795300
26636,2041300
26637,1767800
26638,1639100
26639,1566900
26640,1826200
26641,1813700
26642,1685600
26643,1670800
26644,1641900
26645,1752300
26646,1898900
26647,1656900
26648,1644200
26649,1940600
26650,1679900
26651,1640800
26652,1631600
26653,1621900
26654,1646700
26655,1805200
26656,1615300
26657,1595400
26658,1818000
26659,1608500
26660,1555100
26661,1640900
26662,1675900
26663,1610000
26664,1663200
26665,1805300
26666,1639900
26667,1667800
26668,1657100
26669,1630100
26670,1658300
26671,1683900
26672,1632800
26673,1598300
26674,1583700
26675,2043700
26676,1807400
26677,1680400
26678,1636400
26679,1681700
26680,1672400
26681,1703800
26682,1547400
26683,1702200
26684,1708400
26685,1850600
26686,1843900
26687,1673100
26688,1556600
26689,1690500
26690,1673200
26691,1657300
26692,1566800
26693,1570200
26694,1635100
26695,1892200
26696,1921000
26697,1706100
26698,1703000
26699,1523000
26700,1556500
26701,1602000
26702,1547000
26703,1623800
26704,1658000
26705,2327900
26706,1924900
26707,1735600
26708,1670600
26709,1645100
26710,1665000
26711,1699100
26712,1686000
26713,1574900
26714,2054200
26715,1752700
26716,1747000
26717,1609800
26718,1584800
26719,1755300
26720,1559600
26721,1623400
26722,1541300
26723,1580400
26724,2078500
26725,1741400
26726,1669600
26727,1585100
26728,1547500
26729,1487100
26730,1648300
26731,1559800
26732,1696700
26733,1751000
26734,1968900
26735,1680100
26736,1658700
26737,1577400
26738,1583500
26739,1629800
26740,1620000
26741,1503100
26742,1628500
26743,1695700
26744,1857900
26745,1735500
26746,1650400
26747,1542600
26748,1645300
26749,1637900
26750,1566700
26751,1691900
26752,1738400
26753,1684000
26754,1745200
26755,1635400
26756,1659900
26757,1542300
26758,1573000
26759,1694400
26760,1580300
26761,1676800
26762,1854100
26763,2100800
26764,2205900
26765,2215300
26766,1858700
26767,1749200
26768,1835400
26769,1836900
26770,1865200
26771,1816700
26772,2029200
26773,2132500
26774,1807300
26775,1801600
26776,1723800
26777,1883600
26778,2132800
26779,1965900
26780,1794300
26781,2101100
26782,2013700
26783,1801300
26784,1840100
26785,1656600
26786,1735600
26787,1910800
26788,1577500
26789,1592600
26790,1717500
26791,1638800
26792,1638400
26793,1597800
26794,1553500
26795,1651600
26796,1748400
26797,1644100
26798,1615200
26799,1605800
26800,1872100
26801,2148100
26802,1745600
26803,1582200
26804,1643900
26805,1662900
26806,1853800
26807,1600600
26808,1610300
26809,1569900
26810,1748600
26811,1786000
26812,1727200
26813,1602200
26814,1656300
26815,1809800
26816,1853000
26817,2345700
26818,1922600
26819,2433400
26820,1861500
26821,1654300
26822,1781500
26823,1695800
26824,1660400
26825,1662400
26826,1675600
26827,1589700
26828,1647600
26829,1995300
26830,1666500
26831,1765500
26832,2023600
26833,2211800
26834,1845400
26835,1898300
26836,1793500
26837,1845900
26838,1764800
26839,1693500
26840,1649700
26841,1887100
26842,1635200
26843,1799200
26844,1536100
26845,1649700
26846,1644500
26847,1804700
26848,1670700
26849,1754200
26850,1845500
26851,1605400
26852,1653700
26853,1533900
26854,1512000
26855,1586600
26856,1632900
26857,1722800
26858,1777400
26859,1586000
26860,2001400
26861,1934300
26862,1836000
26863,1647300
26864,1569900
26865,1630200
26866,1641200
26867,1951200
26868,1749100
26869,1814700
26870,1703400
26871,1710900
26872,1710000
26873,1640500
26874,1642000
26875,1552400
26876,1662700
26877,1944500
26878,2012700
26879,1732400
26880,1706600
26881,1504700
26882,1614700
26883,1664500
26884,1643600
26885,1584800
26886,1915700
26887,1886500
26888,1755100
26889,1664300
26890,1665200
26891,1663600
26892,1605200
26893,1603100
26894,1609500
26895,1704700
26896,2395900
26897,1866200
26898,1666400
26899,1699700
26900,1613900
26901,1529100
26902,1568200
26903,1676000
26904,1648000
26905,1617200
26906,2140200
26907,1743200
26908,1637500
26909,1657100
26910,1648900
26911,1637300
26912,1592900
26913,1609200
26914,1662800
26915,1850600
26916,1854100
26917,1700300
26918,1599000
26919,1578200
26920,1677600
26921,1559800
26922,1661900
26923,1639400
26924,1754300
26925,1914800
26926,1767100
26927,1569700
26928,1615200
26929,1581400
26930,1563800
26931,1786500
26932,1636700
26933,1630500
26934,1810500
26935,2179100
26936,1783300
26937,1672000
26938,1668400
26939,1622000
26940,1636000
26941,1586000
26942,1584800
26943,1600400
26944,1626300
26945,1807400
26946,1641800
26947,1582600
26948,1672200
26949,1589600
26950,1615600
26951,1663200
26952,1553300
26953,1679300
26954,1766000
26955,1918000
26956,1784800
26957,1603400
26958,1625700
26959,1593600
26960,1690200
26961,1650500
26962,1860200
26963,1739900
26964,1657800
26965,1916300
26966,1666900
26967,1739800
26968,1687200
26969,1641600
26970,1583400
26971,1585700
26972,1599300
26973,1598000
26974,1574000
26975,1762900
26976,1728100
26977,1587200
26978,1675300
26979,1749800
26980,1567300
26981,1753800
26982,1596500
26983,1645500
26984,1592700
26985,1797800
26986,1640300
26987,1573500
26988,1640900
26989,1597500
26990,1601500
26991,1668300
26992,1549300
26993,1612300
26994,1651600
26995,1981300
26996,1963400
26997,1748800
26998,1656900
26999,1695100
27000,1752300
27001,1555500
27002,1592000
27003,1663000
27004,1718200
27005,1779800
27006,1670100
27007,1615600
27008,1552700
27009,1630200
27010,1671400
27011,1609100
27012,1619500
27013,1627900
27014,1536600
27015,1797400
27016,1775300
27017,1573000
27018,1662300
27019,1818300
27020,1593300
27021,1694300
27022,1620900
27023,1545400
27024,1689800
27025,1815700
27026,1752000
27027,1692200
27028,1729200
27029,1720700
27030,1676000
27031,1692900
27032,1564900
27033,1597800
27034,1738400
27035,2142300
27036,1781100
27037,1680800
27038,1671200
27039,1694700
27040,1631400
27041,1607700
27042,1553300
27043,1599500
27044,1701400
27045,1676700
27046,1570900
27047,1732300
27048,1563600
27049,1551400
27050,1546400
27051,1576800
27052,1555500
27053,1607100
27054,1544300
27055,1877000
27056,1699500
27057,1708700
27058,1653100
27059,1601900
27060,1725000
27061,1667100
27062,1697300
27063,1715400
27064,1600700
27065,1995400
27066,1859900
27067,1655800
27068,1602000
27069,1587300
27070,1603400
27071,1635200
27072,1607300
27073,1568200
27074,1678400
27075,2083800
27076,1703500
27077,1612700
27078,1601600
27079,1608600
27080,1665000
27081,1640100
27082,1576900
27083,1731000
27084,1757100
27085,1890100
27086,1607800
27087,1564800
27088,1581500
27089,1620600
27090,1557700
27091,1566700
27092,1678400
27093,1629100
27094,2171200
27095,2205300
27096,1813800
27097,1809200
27098,1775700
27099,1650200
27100,1575700
27101,1623400
27102,1681600
27103,1926300
27104,1905900
27105,1723200
27106,1681600
27107,1647800
27108,1689400
27109,1779300
27110,1612800
27111,1681900
27112,1745600
27113,1932100
27114,1902200
27115,1622300
27116,1634500
27117,1646400
27118,1654900
27119,1690400
27120,1641700
27121,1610100
27122,1688400
27123,1789500
27124,1664100
27125,1776200
27126,1562900
27127,1609100
27128,1512800
27129,1645300
27130,1602200
27131,1843400
27132,1782300
27133,1860200
27134,1711900
27135,1687300
27136,1634100
27137,1589600
27138,1580400
27139,1529400
27140,1715500
27141,1532900
27142,1633900
27143,1653900
27144,1730100
27145,1731000
27146,1564100
27147,1967500
27148,1622500
27149,1686100
27150,1869200
27151,1683600
27152,1621200
27153,1877300
27154,1786800
27155,1695800
27156,1673400
27157,1690400
27158,1633400
27159,1996300
27160,1831100
27161,1626900
27162,1753700
27163,1806900
27164,1705600
27165,1649800
27166,1644000
27167,1590600
27168,1725100
27169,1679800
27170,1538200
27171,1638400
27172,1776200
27173,1870800
27174,1634000
27175,1666300
27176,1541300
27177,1668900
27178,1576600
27179,1634900
27180,1571800
27181,1567600
27182,1750500
27183,1738600
27184,1596900
27185,1688800
27186,1635600
27187,1673500
27188,1701100
27189,1548200
27190,1606600
27191,1627500
27192,1659900
27193,1765100
27194,1631500
27195,1611400
27196,1533800
27197,1688600
27198,1780000
27199,1650000
27200,1634000
27201,1662100
27202,1769500
27203,1932800
27204,1680200
27205,1662700
27206,1763900
27207,1632800
27208,1774200
27209,1591000
27210,1487600
27211,1676600
27212,1789500
27213,1929000
27214,1653100
27215,1650900
27216,1709500
27217,1635300
27218,1657200
27219,1577800
27220,1601000
27221,1747000
27222,1838200
27223,1792400
27224,1678000
27225,2116600
27226,2085100
27227,1787600
27228,1765300
27229,1747900
27230,1581000
27231,1879900
27232,1914200
27233,1942700
27234,1719900
27235,1635400
27236,1709400
27237,1596800
27238,1646100
27239,1762400
27240,1789900
27241,1851500
27242,1725600
27243,1877800
27244,1672700
27245,1618100
27246,1644300
27247,1652500
27248,1748500
27249,1657900
27250,1796200
27251,2102400
27252,1755700
27253,1681800
27254,1548500
27255,1695700
27256,1592200
27257,1713600
27258,1588100
27259,1625900
27260,1805400
27261,2022200
27262,1663100
27263,1639200
27264,1552300
27265,1671900
27266,1699200
27267,1732900
27268,1632900
27269,1658300
27270,2074900
27271,1809600
27272,1642600
27273,1671800
27274,1671000
27275,1663500
27276,1551700
27277,1528400
27278,1650100
27279,1546400
27280,2347600
27281,1995000
27282,1761200
27283,1761500
27284,1781500
27285,1769400
27286,1680500
27287,1673000
27288,1860300
27289,2267800
27290,1872600
27291,1717700
27292,1668500
27293,1689400
27294,1718700
27295,1686100
27296,1708000
27297,1854700
27298,2234000
27299,1890400
27300,2196500
27301,1897700
27302,1671000
27303,1800300
27304,1568500
27305,1686900
27306,1696600
27307,1890600
27308,1789500
27309,1603900
27310,1749600
27311,1653600
27312,1612700
27313,1634000
27314,1645200
27315,1733200
27316,1691300
27317,2081500
27318,1702900
27319,1600400
27320,1628700
27321,1706600
27322,1543000
27323,1593700
27324,1747600
27325,1651300
27326,1620700
27327,1860500
27328,1714400
27329,1685500
27330,1616000
27331,1594700
27332,1658200
27333,1585600
27334,1645500
27335,1561100
27336,1586700
27337,1883900
27338,1706900
27339,1586800
27340,1617800
27341,1652200
27342,1490100
27343,1886000
27344,1756400
27345,1622200
27346,1614400
27347,1814900
27348,1684600
27349,1580900
27350,1722700
27351,1607600
27352,1612200
27353,1946400
27354,2088900
27355,2242400
27356,2665900
27357,2043900
27358,1908600
27359,1891800
27360,1986400
27361,1852600
27362,1834700
27363,1728500
27364,1799400
27365,1998500
27366,1902500
27367,1807000
27368,1867400
27369,2111600
27370,1889900
27371,1838200
27372,1868500
27373,2082500
27374,1925600
27375,1959100
27376,1805400
27377,1710400
27378,1709500
27379,1630600
27380,1530200
27381,1538800
27382,1578300
27383,1859400
27384,1782600
27385,1630000
27386,1618200
27387,1815700
27388,1645200
27389,1608100
27390,1656700
27391,1586200
27392,1639600
27393,2139800
27394,1760500
27395,1606300
27396,1691500
27397,1615800
27398,1711400
27399,1633500
27400,1651700
27401,1622600
27402,1719300
27403,1822000
27404,1748000
27405,1665000
27406,1987700
27407,1811600
27408,2275000
27409,2053000
27410,1895200
27411,2077300
27412,1776800
27413,1744200
27414,2082200
27415,2129800
27416,1906700
27417,1992400
27418,1718200
27419,1613200
27420,1957300
27421,1858100
27422,1866100
27423,1721000
27424,1549500
27425,1701600
27426,1607600
27427,1634700
27428,1610100
27429,1689600
27430,1748100
27431,1659700
27432,1728700
27433,1609300
27434,1665400
27435,1648200
27436,1651200
27437,1628400
27438,1625700
27439,1762700
27440,1688400
27441,1829000
27442,1637900
27443,1646700
27444,1613300
27445,1586200
27446,1620100
27447,1592300
27448,1608500
27449,1672900
27450,2145400
27451,2146300
27452,1817800
27453,1688900
27454,1613000
27455,1604300
27456,1699400
27457,1678500
27458,1678900
27459,2122000
27460,2144800
27461,1697400
27462,1675900
27463,1680400
27464,1617000
27465,1591100
27466,1534100
27467,1729900
27468,1665600
27469,1910700
27470,1672600
27471,1698200
27472,1587800
27473,1652900
27474,1718900
27475,1642700
27476,1601600
27477,1600900
27478,1928400
27479,2009500
27480,1667600
27481,1735400
27482,1645100
27483,1558300
27484,1703000
27485,1734800
27486,1603800
27487,1824000
27488,2257700
27489,1768800
27490,1690500
27491,1667300
27492,1533200
27493,1645200
27494,1711400
27495,1644900
27496,1724400
27497,1740400
27498,1793100
27499,1756500
27500,1673900
27501,1569100
27502,1627400
27503,1660900
27504,1538300
27505,1632400
27506,1755600
27507,1645400
27508,1788000
27509,1593200
27510,1609700
27511,1679500
27512,1719600
27513,1638900
27514,1644800
27515,1808100
27516,1856200
27517,1799200
27518,2182600
27519,1662300
27520,1679700
27521,1740400
27522,1578500
27523,1664200
27524,1831700
27525,1638000
27526,1634300
27527,1984400
27528,1720700
27529,1587600
27530,1737600
27531,1593900
27532,1719100
27533,1687700
27534,1743800
27535,1616700
27536,1757100
27537,2003700
27538,1761700
27539,1630900
27540,1645800
27541,1590600
27542,1572000
27543,1707200
27544,1649500
27545,1610000
27546,1485800
27547,2028400
27548,1781600
27549,1701800
27550,1654900
27551,1635600
27552,1822400
27553,1636900
27554,1659100
27555,1536900
27556,1854800
27557,1784700
27558,1704400
27559,1613200
27560,1588600
27561,1678500
27562,1752700
27563,1616600
27564,1648800
27565,1558300
27566,1728600
27567,1897800
27568,1661500
27569,1524800
27570,1672500
27571,1646400
27572,1676200
27573,1640000
27574,1634600
27575,1604800
27576,1750300
27577,1814200
27578,1632400
27579,1633800
27580,1631300
27581,1651500
27582,1747600
27583,1541300
27584,1624200
27585,1622900
27586,1564700
27587,1996300
27588,1696100
27589,1691200
27590,1681400
27591,1570400
27592,1568900
27593,1654700
27594,1682400
27595,1614200
27596,1729300
27597,1771100
27598,1713500
27599,1754100
27600,1619300
27601,1646600
27602,1719600
27603,1637800
27604,1565000
27605,1562900
27606,1766600
27607,1802300
27608,1633600
27609,1673900
27610,1752200
27611,1597700
27612,1741600
27613,1570400
27614,1558200
27615,1662300
27616,1966000
27617,2049700
27618,1697600
27619,1735500
27620,1725600
27621,1634700
27622,1631200
27623,1682200
27624,1695000
27625,1605200
27626,1884600
27627,1744100
27628,1754300
27629,1646400
27630,1560400
27631,1683200
27632,1561400
27633,1603400
27634,1622400
27635,1585600
27636,2036400
27637,1822600
27638,1643800
27639,1660300
27640,1706000
27641,1699300
27642,1604900
27643,1595800
27644,1672700
27645,1814200
27646,1763500
27647,1645700
27648,1580000
27649,1623500
27650,1744700
27651,1604700
27652,1622800
27653,1508900
27654,1540400
27655,1687300
27656,2099700
27657,1855000
27658,1567600
27659,1636400
27660,1695100
27661,1679100
27662,1629800
27663,1585200
27664,1664000
27665,2007400
27666,1742600
27667,1638000
27668,1619500
27669,1713500
27670,1656700
27671,1589400
27672,1594800
27673,1543100
27674,1783600
27675,1839400
27676,1781200
27677,1637300
27678,1660600
27679,1531900
27680,1593800
27681,1576500
27682,1596800
27683,1655300
27684,1597000
27685,1634800
27686,1964200
27687,1661100
27688,1614000
27689,1637200
27690,1559200
27691,1563700
27692,1610100
27693,1666200
27694,1703800
27695,1702900
27696,1755500
27697,1769800
27698,1595200
27699,1626300
27700,1564200
27701,1607000
27702,1655500
27703,1791400
27704,1770300
27705,1739000
27706,1977600
27707,1701400
27708,1675100
27709,1560200
27710,1527400
27711,1567300
27712,1719600
27713,1576200
27714,1520500
27715,1901700
27716,1999800
27717,1677400
27718,1554500
27719,1656200
27720,1552700
27721,1859300
27722,1699500
27723,1606300
27724,1605700
27725,1814600
27726,1690800
27727,1626700
27728,1557400
27729,1610000
27730,1890800
27731,1837500
27732,1689500
27733,1552500
27734,1735600
27735,1782800
27736,1702500
27737,1606900
27738,1500200
27739,1661100
27740,1818400
27741,1901300
27742,1757000
27743,1631100
27744,1629700
27745,1722200
27746,1672000
27747,1602400
27748,1646700
27749,1637000
27750,2111800
27751,1759900
27752,1658300
27753,1608900
27754,1692400
27755,1807100
27756,1663100
27757,1763700
27758,1684200
27759,1646700
27760,1655300
27761,1601300
27762,1755600
27763,1667800
27764,1721700
27765,1716100
27766,1656200
27767,1605700
27768,1759200
27769,1678400
27770,1649800
27771,1597300
27772,1530900
27773,1580900
27774,1629200
27775,1742600
27776,1812900
27777,1691000
27778,1762900
27779,1583900
27780,1656400
27781,1586200
27782,1758500
27783,1583600
27784,1809900
27785,1867500
27786,1673500
27787,1709900
27788,1587800
27789,1622400
27790,1663400
27791,1745300
27792,1560600
27793,1613400
27794,1657100
27795,1799400
27796,1957100
27797,1630000
27798,1640100
27799,1553500
27800,1721300
27801,1608800
27802,1616300
27803,1609700
27804,1754400
27805,1817900
27806,1677700
27807,1556700
27808,1667700
27809,1615700
27810,1652200
27811,1707100
27812,1564700
27813,1557400
27814,1830600
27815,2115900
27816,2125200
27817,1887000
27818,1845200
27819,1715600
27820,1654500
27821,1718600
27822,1621000
27823,1682200
27824,1932200
27825,1715200
27826,1667200
27827,1656000
27828,1722700
27829,1695000
27830,1667900
27831,1744700
27832,1761800
27833,2104900
27834,2015200
27835,1679700
27836,1680000
27837,1747100
27838,1534000
27839,1609600
27840,1587500
27841,1579500
27842,1640800
27843,1859900
27844,1657100
27845,1628800
27846,1661600
27847,1683800
27848,1654200
27849,1642500
27850,1635200
27851,1499900
27852,1960000
27853,1965700
27854,1733600
27855,1639500
27856,1653600
27857,1661400
27858,1548000
27859,1598600
27860,1660200
27861,1929100
27862,2134700
27863,1870100
27864,1715900
27865,1696100
27866,1549800
27867,1654700
27868,1647100
27869,1569400
27870,1651400
27871,1735700
27872,1927100
27873,1807400
27874,1615900
27875,1662300
27876,1594500
27877,1755100
27878,1629700
27879,1997200
27880,1847800
27881,1659400
27882,1898300
27883,1728900
27884,1657900
27885,1659200
27886,1613900
27887,1732900
27888,1876800
27889,1801000
27890,1653700
27891,1768400
27892,2128100
27893,1628900
27894,1677300
27895,1665300
27896,1650800
27897,1735800
27898,1676000
27899,1616500
27900,1507800
27901,1833000
27902,1713400
27903,1652200
27904,1641100
27905,1658400
27906,1802100
27907,1749900
27908,1540300
27909,1621000
27910,1741800
27911,1715400
27912,1736500
27913,1681800
27914,1593000
27915,1636300
27916,1656800
27917,1604300
27918,1616600
27919,1516800
27920,1581700
27921,2032300
27922,1701300
27923,1545300
27924,1534400
27925,1663500
27926,1753000
27927,1752800
27928,1552100
27929,1575200
27930,1646000
27931,1816600
27932,1723600
27933,1726400
27934,1600700
27935,1662700
27936,1660900
27937,1632200
27938,1600400
27939,1606500
27940,1605800
27941,1837700
27942,1635900
27943,1653900
27944,1599100
27945,2324800
27946,2077200
27947,2089300
27948,2066300
27949,1907800
27950,1974500
27951,1885600
27952,1896000
27953,1823100
27954,1733500
27955,1789200
27956,1775400
27957,1796900
27958,1770500
27959,2121200
27960,1902600
27961,2020600
27962,1780000
27963,1755800
27964,1815700
27965,1706700
27966,1770200
27967,1669100
27968,1725000
27969,1733000
27970,1646600
27971,1662900
27972,1525500
27973,1662600
27974,1737400
27975,1633300
27976,1569500
27977,1603700
27978,1978400
27979,1921200
27980,1638300
27981,1606700
27982,1566100
27983,1594900
27984,1579600
27985,1551700
27986,1592100
27987,1543100
27988,1917000
27989,1867600
27990,1687700
27991,1581300
27992,1675100
27993,1661400
27994,1566700
27995,1601400
27996,1561800
27997,1651100
27998,2252100
27999,2461300
28000,2582000
28001,2459100
28002,2367500
28003,1852600
28004,1672700
28005,2134600
28006,2256300
28007,1718400
28008,1690500
28009,1714200
28010,1727000
28011,1600200
28012,1630300
28013,1645800
28014,1545500
28015,1909500
28016,1767400
28017,1612200
28018,1689300
28019,1733700
28020,1603400
28021,1570200
28022,1567600
28023,1703500
28024,1582400
28025,1929600
28026,1688500
28027,1727700
28028,1658900
28029,1586800
28030,1538800
28031,1579600
28032,1583000
28033,1658000
28034,1880100
28035,1851300
28036,1643000
28037,1601800
28038,1530300
28039,1658100
28040,1559600
28041,1568600
28042,1616100
28043,1946600
28044,2067400
28045,2334900
28046,1689900
28047,1668100
28048,1632500
28049,1728400
28050,1593400
28051,1642300
28052,1733300
28053,1670400
28054,1866300
28055,1782700
28056,1675500
28057,1564700
28058,1673800
28059,1603400
28060,1587600
28061,1674600
28062,1647000
28063,1617200
28064,3688000
28065,1802200
28066,1644100
28067,1557300
28068,1616900
28069,1632200
28070,1746600
28071,1578800
28072,1557400
28073,2196500
28074,1758300
28075,1689900
28076,1669900
28077,1697300
28078,1631500
28079,1806100
28080,1664600
28081,1669900
28082,1692600
28083,1786800
28084,1691700
28085,1662700
28086,1645700
28087,1617800
28088,1665500
28089,1705200
28090,1711600
28091,1549100
28092,1655700
28093,1723900
28094,1631500
28095,1587600
28096,1569900
28097,1562100
28098,1786100
28099,1600000
28100,1631600
28101,1736900
28102,1554000
28103,1792100
28104,1664000
28105,1727200
28106,1676500
28107,1753500
28108,1760300
28109,1671900
28110,1728600
28111,1688800
28112,1834800
28113,1835900
28114,1669000
28115,1621100
28116,1799100
28117,1713900
28118,1730200
28119,1665300
28120,1614100
28121,1652600
28122,1899500
28123,1774300
28124,1600700
28125,1625500
28126,1813800
28127,1695300
28128,1661300
28129,1631600
28130,1570300
28131,1620500
28132,1945400
28133,1680900
28134,1580500
28135,1784800
28136,1740600
28137,1724200
28138,1548200
28139,1661900
28140,1589100
28141,1601700
28142,1894700
28143,1857900
28144,1795300
28145,1736100
28146,1707800
28147,1774100
28148,1611700
28149,1573400
28150,1624200
28151,1676200
28152,1957700
28153,1735200
28154,1650500
28155,1662800
28156,1704600
28157,1721200
28158,1575500
28159,1499700
28160,1558500
28161,1769300
28162,2006500
28163,1761100
28164,1676700
28165,1556700
28166,1661700
28167,1727000
28168,1717200
28169,1638600
28170,1623800
28171,1958100
28172,1920400
28173,1681300
28174,1703200
28175,1571300
28176,1660100
28177,1580300
28178,1636700
28179,1636000
28180,1555100
28181,1685600
28182,1978300
28183,1755700
28184,1704600
28185,1644200
28186,1682000
28187,1699600
28188,1607100
28189,1590500
28190,1632000
28191,1918500
28192,1740100
28193,1666700
28194,1702700
28195,1594100
28196,1645900
28197,1615600
28198,1644000
28199,1596400
28200,1762900
28201,2051500
28202,1757000
28203,1670500
28204,1531400
28205,1584500
28206,1623200
28207,1539700
28208,1647100
28209,1554800
28210,1788800
28211,2072500
28212,1801400
28213,1730400
28214,1651400
28215,1625800
28216,1717600
28217,1618100
28218,1607900
28219,1769700
28220,1770800
28221,1795000
28222,1653500
28223,1582700
28224,1547300
28225,1546600
28226,1637600
28227,1677300
28228,1631300
28229,1684800
28230,1742000
28231,1716900
28232,1669500
28233,1675300
28234,1564700
28235,1619300
28236,1641300
28237,1557500
28238,1687300
28239,1637900
28240,1621500
28241,2317600
28242,1703700
28243,1718800
28244,1660800
28245,1596100
28246,1606900
28247,1760000
28248,1659800
28249,1578500
28250,1737300
28251,1816000
28252,1685500
28253,1564400
28254,1599000
28255,1580100
28256,1701100
28257,1706300
28258,1696400
28259,1603600
28260,1932200
28261,1764700
28262,1660500
28263,1651900
28264,1634400
28265,1516000
28266,1663200
28267,1678300
28268,1657600
28269,1698000
28270,2000700
28271,1786000
28272,1627900
28273,1694900
28274,1673500
28275,1621200
28276,1862200
28277,1725200
28278,1657700
28279,1697800
28280,1925500
28281,1695900
28282,1696800
28283,1766900
28284,1868400
28285,1724100
28286,1672200
28287,1590000
28288,1693700
28289,1821000
28290,1707300
28291,1693500
28292,1613900
28293,1619700
28294,1824100
28295,1764000
28296,1685500
28297,1582700
28298,1662300
28299,1744600
28300,1862900
28301,1610100
28302,1552900
28303,1712100
28304,1714600
28305,1622100
28306,1669400
28307,1675800
28308,1549400
28309,1856800
28310,1816900
28311,1625200
28312,1620300
28313,1709000
28314,1928800
28315,1717600
28316,1678100
28317,1710000
28318,1755100
28319,1968000
28320,1645400
28321,1663600
28322,1771700
28323,1629000
28324,1712100
28325,1674300
28326,1560300
28327,1640800
28328,1574100
28329,1912900
28330,1703600
28331,1868700
28332,1756500
28333,1592500
28334,1796000
28335,1597900
28336,1523600
28337,1637400
28338,1646000
28339,1759400
28340,1743000
28341,1753900
28342,1649200
28343,1598200
28344,1619100
28345,1756500
28346,1673300
28347,1574300
28348,1904100
28349,1634500
28350,1799000
28351,1615500
28352,1673000
28353,1636700
28354,1589000
28355,1658700
28356,1634000
28357,1546300
28358,1789800
28359,2074600
28360,1816700
28361,1741100
28362,1620400
28363,1621200
28364,1708100
28365,1599900
28366,1600200
28367,1537300
28368,2054800
28369,1929100
28370,1823100
28371,1617800
28372,1597900
28373,1642700
28374,1691200
28375,1592000
28376,1536600
28377,1688500
28378,2030400
28379,1792200
28380,1731100
28381,1562300
28382,1658000
28383,1603600
28384,1538800
28385,1596700
28386,1657700
28387,1748400
28388,1821200
28389,1631700
28390,1553700
28391,1649900
28392,1654000
28393,1636200
28394,1686800
28395,1609100
28396,1526500
28397,1658400
28398,1936700
28399,1659900
28400,1617700
28401,1568800
28402,1577900
28403,1574600
28404,1570300
28405,1593100
28406,1698500
28407,2455300
28408,2316800
28409,1848800
28410,1691600
28411,1714400
28412,1637500
28413,1622300
28414,1564700
28415,1875900
28416,1741500
28417,1994300
28418,1745000
28419,1747700
28420,1610300
28421,1663900
28422,1679000
28423,1792700
28424,2077200
28425,1855800
28426,1957200
28427,1721200
28428,1668000
28429,1570400
28430,1568700
28431,1624600
28432,1610100
28433,1811600
28434,1659200
28435,1608900
28436,2026700
28437,1702000
28438,1596100
28439,1549500
28440,1700000
28441,1616100
28442,1545200
28443,1874900
28444,1835200
28445,1659200
28446,1756600
28447,1654200
28448,1590800
28449,1651300
28450,1567100
28451,1568800
28452,1756000
28453,1838000
28454,1675600
28455,1599000
28456,1972500
28457,1629200
28458,1662500
28459,1727200
28460,1574900
28461,1863300
28462,1744600
28463,1678400
28464,1585200
28465,2079900
28466,1825300
28467,1644000
28468,1705200
28469,1667300
28470,1672700
28471,1959600
28472,1734800
28473,1597300
28474,1682200
28475,1839600
28476,1712800
28477,1707800
28478,1666100
28479,1621400
28480,1984800
28481,1627700
28482,1611600
28483,1569600
28484,1720700
28485,1698200
28486,1633100
28487,1742900
28488,1613000
28489,1732100
28490,1850700
28491,1638800
28492,1654200
28493,1573800
28494,1720000
28495,1761700
28496,1661000
28497,1566600
28498,1840800
28499,1765600
28500,1665200
28501,1574600
28502,1658900
28503,1542600
28504,1632200
28505,1770000
28506,1619000
28507,1618300
28508,1710500
28509,1692700
28510,1644900
28511,1656800
28512,1536900
28513,1550100
28514,1561600
28515,1870100
28516,1755800
28517,1636300
28518,1717300
28519,1624000
28520,1569600
28521,1565400
28522,1654700
28523,1669200
28524,1581700
28525,1711000
28526,1617700
28527,1881100
28528,1816000
28529,1644500
28530,1722900
28531,1563700
28532,1610600
28533,1651300
28534,1593700
28535,1831900
28536,2024200
28537,1851500
28538,1986600
28539,2041700
28540,2116700
28541,1768000
28542,1732300
28543,1958600
28544,1979200
28545,1884000
28546,1757600
28547,1689100
28548,1728500
28549,1783700
28550,1788400
28551,1681400
28552,1903400
28553,2537600
28554,1924000
28555,1842600
28556,1868400
28557,1782100
28558,1883500
28559,1780200
28560,1771000
28561,2298300
28562,1871700
28563,1716700
28564,1693800
28565,1583000
28566,1633100
28567,1576000
28568,1676800
28569,1554900
28570,1668300
28571,1896200
28572,1651400
28573,1744400
28574,1569500
28575,1627100
28576,1575400
28577,1646000
28578,1651500
28579,1606700
28580,1855700
28581,2220600
28582,1887900
28583,1901100
28584,1863400
28585,1685500
28586,1632900
28587,1757300
28588,1701700
28589,1994600
28590,2127100
28591,2421500
28592,1912200
28593,1913900
28594,1748000
28595,1773400
28596,1678900
28597,1866000
28598,1960000
28599,1893700
28600,1657100
28601,1590600
28602,1608400
28603,1543700
28604,1723900
28605,1664300
28606,1638400
28607,1820100
28608,1830300
28609,1702900
28610,1652500
28611,1578400
28612,1543600
28613,1546700
28614,1665800
28615,1646800
28616,1700100
28617,1668900
28618,1877000
28619,1749800
28620,1633500
28621,1666800
28622,1579900
28623,1644200
28624,1532900
28625,1782400
28626,1824400
28627,1699400
28628,2004300
28629,2043300
28630,1820900
28631,1587400
28632,1713600
28633,1622000
28634,2124800
28635,2082100
28636,1879300
28637,1966100
28638,1708500
28639,1644100
28640,1583300
28641,1621600
28642,1618400
28643,1777400
28644,1729000
28645,1667700
28646,1645500
28647,1946300
28648,1733600
28649,1694600
28650,1590000
28651,1645700
28652,1722100
28653,1551700
28654,1548600
28655,1544400
28656,1589100
28657,1775200
28658,1583000
28659,1618100
28660,1648100
28661,1594200
28662,1740200
28663,1624700
28664,1630100
28665,1634800
28666,1564000
28667,1841600
28668,1814500
28669,1674100
28670,1768000
28671,1773600
28672,1601100
28673,1589300
28674,1653700
28675,1568900
28676,1632000
28677,1821200
28678,1676400
28679,1587700
28680,1860300
28681,1728300
28682,1586200
28683,1681500
28684,1614400
28685,1660000
28686,1602500
28687,1793100
28688,1712200
28689,1711900
28690,1655100
28691,1707200
28692,1573100
28693,1609900
28694,1721800
28695,1664600
28696,1572300
28697,2002000
28698,1733200
28699,1802000
28700,1684500
28701,1731100
28702,1615600
28703,1568500
28704,1624300
28705,1640700
28706,1817700
28707,1999200
28708,1841500
28709,1698100
28710,1530300
28711,1671500
28712,1554000
28713,1640500
28714,1520500
28715,1598800
28716,1837600
28717,1711400
28718,1925800
28719,1789400
28720,1664200
28721,1565200
28722,1618400
28723,1611900
28724,1702300
28725,1707600
28726,1980800
28727,2007700
28728,1613300
28729,1592600
28730,1609400
28731,1578600
28732,1600000
28733,1641000
28734,1551800
28735,1663800
28736,1823200
28737,1785700
28738,1693300
28739,1598000
28740,1539400
28741,1564500
28742,1631600
28743,1665000
28744,1702600
28745,1537600
28746,1872400
28747,1927900
28748,1644300
28749,1662700
28750,1593200
28751,1558300
28752,1568100
28753,1615300
28754,1638100
28755,1636900
28756,1840000
28757,1734300
28758,1547400
28759,1597600
28760,1582300
28761,1729800
28762,1662900
28763,1651700
28764,1628700
28765,1665800
28766,1839600
28767,1823200
28768,1746600
28769,1648600
28770,1581800
28771,1627500
28772,1694700
28773,1672200
28774,1710900
28775,1627700
28776,1810500
28777,1757700
28778,1583400
28779,1602800
28780,1572900
28781,1633400
28782,1595700
28783,1605500
28784,1726800
28785,1757600
28786,1918500
28787,1680900
28788,1725000
28789,1620900
28790,1632300
28791,1676100
28792,1661800
28793,1743600
28794,1622500
28795,1615600
28796,1971100
28797,1758200
28798,1692300
28799,1617000
28800,1603500
28801,1674200
28802,1862200
28803,1656500
28804,1562600
28805,1575000
28806,1921100
28807,1772000
28808,1627400
28809,1636000
28810,1549900
28811,1690800
28812,1671400
28813,1685100
28814,1627100
28815,1767700
28816,1892100
28817,1696300
28818,1720700
28819,1580500
28820,1631200
28821,1874100
28822,1726600
28823,1597300
28824,1689800
28825,1903800
28826,1837700
28827,1665000
28828,1682100
28829,1622600
28830,1725100
28831,1732200
28832,1616200
28833,1549700
28834,1637700
28835,1737500
28836,1669100
28837,1646800
28838,1542500
28839,1600700
28840,1589900
28841,1671900
28842,1600000
28843,1579300
28844,1666000
28845,1619300
28846,1891800
28847,1656700
28848,1652600
28849,1659500
28850,1897400
28851,1636800
28852,1678200
28853,1583100
28854,1608400
28855,1793000
28856,1633000
28857,1666900
28858,1624500
28859,1779500
28860,1822600
28861,1728000
28862,1645300
28863,1669300
28864,1637600
28865,1766400
28866,1705400
28867,1681400
28868,1588900
28869,1608500
28870,1566800
28871,1560600
28872,1605500
28873,1574900
28874,1604800
28875,1709200
28876,1725800
28877,1640700
28878,1632800
28879,1595500
28880,1688100
28881,1560100
28882,1508700
28883,1713000
28884,1575700
28885,1720900
28886,1962900
28887,1742500
28888,1845400
28889,1596400
28890,1612100
28891,1705800
28892,1575000
28893,1692000
28894,1627600
28895,2118300
28896,1745500
28897,1821200
28898,1783100
28899,1648000
28900,2076200
28901,1615200
28902,1641000
28903,1570100
28904,1671000
28905,1776900
28906,1783500
28907,1580700
28908,1687000
28909,1560800
28910,1642800
28911,1635000
28912,1497900
28913,1526000
28914,1707200
28915,1897100
28916,1801100
28917,1658300
28918,1640000
28919,1602200
28920,1649900
28921,1678600
28922,1648000
28923,1581600
28924,1627900
28925,2435300
28926,1738000
28927,1714700
28928,1749000
28929,1664800
28930,1576600
28931,1685500
28932,1605800
28933,1552100
28934,1764500
28935,1710700
28936,1580500
28937,1593400
28938,1588300
28939,1586000
28940,1573400
28941,1626300
28942,1610500
28943,1497400
28944,1960700
28945,1774800
28946,1659800
28947,1645000
28948,1663000
28949,1674300
28950,1613100
28951,1601400
28952,1523300
28953,1649100
28954,1924300
28955,1715100
28956,1699100
28957,1612400
28958,1638400
28959,1596200
28960,1677600
28961,1642700
28962,1651100
28963,1907400
28964,1798600
28965,1715000
28966,1642200
28967,1585400
28968,1707200
28969,1575200
28970,1653900
28971,1534800
28972,1701700
28973,1623000
28974,1882500
28975,1770700
28976,1696500
28977,1558400
28978,1497600
28979,1583400
28980,1749500
28981,1812500
28982,1674800
28983,1569300
28984,1806700
28985,1671200
28986,1603900
28987,1619700
28988,1590900
28989,1534000
28990,1703000
28991,1763100
28992,1597200
28993,1666800
28994,1880200
28995,1928900
28996,1698200
28997,1688500
28998,1517200
28999,1573900
29000,1870700
29001,2021600
29002,1757400
29003,1684500
29004,2117900
29005,1878500
29006,1738900
29007,1618300
29008,1681600
29009,1760100
29010,1759000
29011,1703100
29012,1553800
29013,1894200
29014,1853000
29015,1729900
29016,1761400
29017,1635700
29018,1816400
29019,1734700
29020,1582700
29021,1611600
29022,1784000
29023,1934500
29024,1701800
29025,1675200
29026,1596400
29027,1826000
29028,1892800
29029,1800400
29030,1873400
29031,1764000
29032,1933600
29033,1844300
29034,1744000
29035,1666100
29036,1738600
29037,1650900
29038,1711800
29039,1743400
29040,1618700
29041,1666900
29042,1857900
29043,1718700
29044,1675800
29045,1809700
29046,1678800
29047,1839800
29048,2144100
29049,1808600
29050,1642200
29051,1830100
29052,1739200
29053,1585500
29054,1763100
29055,1664800
29056,1678900
29057,1695900
29058,1645700
29059,1673800
29060,1639900
29061,2003000
29062,1795400
29063,1833900
29064,1711200
29065,1667000
29066,1667900
29067,1660800
29068,1662000
29069,1580700
29070,1734400
29071,1797400
29072,1836300
29073,1759200
29074,1582400
29075,1700200
29076,1739200
29077,1585000
29078,1592200
29079,1660100
29080,1701200
29081,1979800
29082,1758800
29083,1615500
29084,1556400
29085,1698600
29086,1621100
29087,1527500
29088,1607800
29089,1605000
29090,1732000
29091,2027700
29092,1855400
29093,1684300
29094,1602900
29095,1620500
29096,1590000
29097,1600100
29098,1588000
29099,1556700
29100,1749600
29101,1875300
29102,1711700
29103,1570400
29104,1618100
29105,1674900
29106,1592700
29107,1556100
29108,1627000
29109,1616000
29110,1769700
29111,1725300
29112,1592600
29113,1636200
29114,1699500
29115,1685500
29116,1560900
29117,1587500
29118,1621900
29119,1670400
29120,1678300
29121,1778200
29122,1591700
29123,1597900
29124,1702300
29125,1578300
29126,1668900
29127,1727800
29128,1653500
29129,1808500
29130,2333400
29131,2073700
29132,2300400
29133,2003000
29134,1925500
29135,1826100
29136,1841200
29137,1965700
29138,2224800
29139,2205000
29140,1935500
29141,1891500
29142,1769100
29143,2006400
29144,1862400
29145,1899800
29146,1901100
29147,1896200
29148,1857100
29149,1868700
29150,1768500
29151,1659400
29152,1628900
29153,1716600
29154,1737200
29155,1608000
29156,1823500
29157,1862000
29158,1738100
29159,1692300
29160,1617000
29161,1588000
29162,1684900
29163,1968600
29164,2160300
29165,1907400
29166,2407800
29167,1790500
29168,1639400
29169,1596200
29170,1660600
29171,1653800
29172,1814700
29173,1592500
29174,1576000
29175,1775300
29176,2062900
29177,1644400
29178,1643400
29179,1560400
29180,1538700
29181,1932200
29182,1960600
29183,2228500
29184,2275500
29185,2134600
29186,1753400
29187,1666100
29188,1603400
29189,1716100
29190,1644000
29191,1601100
29192,1613600
29193,1735300
29194,1914700
29195,1697000
29196,1579000
29197,1544700
29198,1594400
29199,1806800
29200,1743300
29201,1627500
29202,1683300
29203,1821900
29204,1790600
29205,1591300
29206,1597700
29207,1673000
29208,1674700
29209,1712300
29210,1591400
29211,1658000
29212,1528600
29213,1638100
29214,1889300
29215,1635800
29216,1554900
29217,1683800
29218,1775800
29219,1657600
29220,1619400
29221,1742100
29222,1696700
29223,1934200
29224,1917300
29225,1628100
29226,1633500
29227,1963900
29228,2068700
29229,1707600
29230,2144900
29231,1728800
29232,1689100
29233,1814000
29234,1655400
29235,1859100
29236,1666600
29237,1604700
29238,1729400
29239,1585600
29240,1570100
29241,1675700
29242,1782800
29243,1643800
29244,1684600
29245,1722300
29246,1621900
29247,1627700
29248,1677400
29249,1593500
29250,1594200
29251,1589900
29252,1813200
29253,1977500
29254,1771300
29255,1660700
29256,1629300
29257,1661500
29258,1634300
29259,1621200
29260,1653600
29261,1584100
29262,1761100
29263,1725600
29264,1908900
29265,1723200
29266,1742700
29267,1673000
29268,1545300
29269,1558100
29270,1614600
29271,1637300
29272,2108100
29273,1883300
29274,1767500
29275,1776600
29276,1661600
29277,1663500
29278,1531600
29279,1702600
29280,1698100
29281,1788400
29282,1752100
29283,1772400
29284,1605900
29285,1640200
29286,1673600
29287,1651800
29288,1583700
29289,1640800
29290,1635900
29291,2015800
29292,2043700
29293,1834900
29294,1611300
29295,1693700
29296,1630800
29297,1711800
29298,1654500
29299,1635600
29300,1699200
29301,1980100
29302,1804300
29303,1657000
29304,1703300
29305,1602300
29306,1607300
29307,1607200
29308,1652400
29309,1581700
29310,1654300
29311,1882500
29312,1694800
29313,1635600
29314,1596400
29315,1649200
29316,1663100
29317,1559400
29318,1674200
29319,1734200
29320,1849500
29321,2060200
29322,1768100
29323,1663200
29324,1611400
29325,1634000
29326,1631300
29327,1649600
29328,1872900
29329,1816100
29330,1683100
29331,1772600
29332,1630600
29333,1596100
29334,1550000
29335,1617000
29336,1597900
29337,1604400
29338,1766100
29339,1623500
29340,1719700
29341,1787800
29342,1685700
29343,1671900
29344,1562700
29345,1671000
29346,1507200
29347,1733600
29348,1634400
29349,1645700
29350,1752900
29351,2023000
29352,1729200
29353,1758100
29354,1597300
29355,1618100
29356,1766000
29357,1657400
29358,1624700
29359,1603600
29360,1775700
29361,1590300
29362,1538500
29363,1664700
29364,1656500
29365,1529500
29366,1704400
29367,1699300
29368,1622300
29369,1635600
29370,1722700
29371,1930600
29372,1724600
29373,1684000
29374,1742000
29375,1811800
29376,1772900
29377,1563600
29378,1551600
29379,1609600
29380,2011000
29381,1835900
29382,1637100
29383,1595800
29384,1760100
29385,1801000
29386,1580100
29387,1684200
29388,1619300
29389,1685400
29390,1964900
29391,1720600
29392,1631300
29393,1632100
29394,1716400
29395,1650000
29396,1558800
29397,1611300
29398,1668400
29399,1676100
29400,1785300
29401,1589900
29402,1695600
29403,1844100
29404,1785900
29405,1678400
29406,1597600
29407,1540100
29408,1564500
29409,1583500
29410,1776300
29411,1730200
29412,1681100
29413,2089800
29414,1753800
29415,1673900
29416,1645900
29417,1567800
29418,1601900
29419,1892400
29420,1655400
29421,1608100
29422,1639500
29423,1623600
29424,1616200
29425,1566100
29426,1574000
29427,1513200
29428,1675100
29429,1706500
29430,1818200
29431,1835500
29432,1723900
29433,1599100
29434,1630500
29435,1643600
29436,1611500
29437,1629500
29438,1631400
29439,2000200
29440,1666300
29441,1688500
29442,1629700
29443,1665900
29444,1593900
29445,1647600
29446,1672200
29447,1537200
29448,1604600
29449,1855900
29450,2118800
29451,1828500
29452,1605900
29453,1571800
29454,1572500
29455,1731200
29456,1650500
29457,1591300
29458,1586000
29459,1710500
29460,1849500
29461,1701700
29462,1652600
29463,1594800
29464,1515700
29465,1621000
29466,1584100
29467,1628900
29468,1812400
29469,2179700
29470,1854800
29471,1545000
29472,1654600
29473,1518600
29474,1625200
29475,1659900
29476,1610800
29477,1582800
29478,1848600
29479,1915200
29480,1641900
29481,1662000
29482,1637600
29483,1676500
29484,1603100
29485,2047600
29486,1640600
29487,1577000
29488,2427200
29489,1789100
29490,1789900
29491,1537300
29492,1591700
29493,1589500
29494,1638800
29495,1747900
29496,1861600
29497,2060800
29498,1944000
29499,1636100
29500,1640900
29501,1551900
29502,1652300
29503,1605200
29504,1493600
29505,1610500
29506,1784900
29507,1615000
29508,1786800
29509,1756900
29510,1612800
29511,1531100
29512,1628500
29513,1677500
29514,1607800
29515,1720800
29516,1840600
29517,1677900
29518,2077200
29519,1789100
29520,1686000
29521,1627100
29522,1608600
29523,1644600
29524,1885900
29525,1673300
29526,1678800
29527,1689800
29528,1840800
29529,1683500
29530,1595600
29531,1651700
29532,1538600
29533,1645000
29534,1675900
29535,1576000
29536,1571400
29537,1746700
29538,2028000
29539,1758000
29540,1624200
29541,1630900
29542,1612300
29543,1769600
29544,1694600
29545,1667200
29546,1635800
29547,1857200
29548,1933800
29549,1712700
29550,1570300
29551,1607000
29552,1697500
29553,1599100
29554,1579100
29555,1544700
29556,1607600
29557,1704000
29558,1725300
29559,1543800
29560,1630300
29561,1675700
29562,1675800
29563,1665200
29564,1703200
29565,1616900
29566,1640300
29567,1868200
29568,1715800
29569,1640300
29570,1666200
29571,1763500
29572,1729700
29573,1548800
29574,1712800
29575,1792300
29576,1715300
29577,1748800
29578,1642100
29579,1675800
29580,1636700
29581,1675400
29582,1616900
29583,1692000
29584,1568800
29585,1688200
29586,1628700
29587,2111300
29588,1871000
29589,1633400
29590,1845100
29591,1957600
29592,1954600
29593,1639000
29594,1687500
29595,1673600
29596,1764300
29597,1823500
29598,1674100
29599,1770100
29600,1701900
29601,1729300
29602,1698000
29603,1588400
29604,1832600
29605,1587300
29606,1943800
29607,1856600
29608,1918300
29609,1795800
29610,1693400
29611,1680300
29612,1643600
29613,1618500
29614,1584600
29615,1871400
29616,1837200
29617,1822600
29618,1606500
29619,1622000
29620,1565700
29621,1671600
29622,1645700
29623,1620900
29624,1607300
29625,1736000
29626,1809800
29627,1652500
29628,1639800
29629,1651800
29630,1552000
29631,1941900
29632,1983500
29633,1866700
29634,1906200
29635,2085200
29636,1808600
29637,1689700
29638,1648700
29639,1580100
29640,1665200
29641,1574700
29642,1557000
29643,1695100
29644,1777900
29645,2145100
29646,1777300
29647,1673900
29648,1702400
29649,1654400
29650,1701000
29651,1649400
29652,1727200
29653,1597400
29654,2109800
29655,1773900
29656,1620800
29657,1664400
29658,1572500
29659,1565700
29660,1592000
29661,1747400
29662,1621400
29663,1893500
29664,1991300
29665,1739100
29666,1666400
29667,1674900
29668,1624400
29669,1709500
29670,1705100
29671,1628800
29672,1747000
29673,1839300
29674,1780400
29675,1730700
29676,1619500
29677,1561600
29678,1627000
29679,1776600
29680,1596800
29681,1760700
29682,1735700
29683,1853500
29684,1737300
29685,1701600
29686,1602100
29687,1562600
29688,1614100
29689,1577900
29690,1621200
29691,1833200
29692,1693100
29693,1931200
29694,1740200
29695,1641800
29696,1606900
29697,1532200
29698,1725800
29699,1641200
29700,1710900
29701,1817400
29702,1599300
29703,2077700
29704,1691600
29705,1655700
29706,1712700
29707,1686400
29708,1626900
29709,1799000
29710,1852800
29711,1685900
29712,1690600
29713,1950800
29714,1620300
29715,1640300
29716,1704000
29717,1642200
29718,1921700
29719,2015100
29720,2065200
29721,2081300
29722,2411400
29723,2036300
29724,1859800
29725,1764600
29726,1882000
29727,1835300
29728,1830400
29729,1931500
29730,2187100
29731,1795800
29732,1843500
29733,1905900
29734,2281500
29735,2317800
29736,2028900
29737,1887600
29738,1951100
29739,1970100
29740,1881300
29741,1993100
29742,2307400
29743,1908100
29744,1864200
29745,1862300
29746,1743000
29747,2032400
29748,1851900
29749,1800300
29750,2267900
29751,2297000
29752,2076000
29753,2104500
29754,2143200
29755,2233300
29756,1984900
29757,1808900
29758,2021000
29759,1875500
29760,1844700
29761,1743000
29762,1751300
29763,1769900
29764,2131100
29765,1837000
29766,2051300
29767,2231800
29768,2592900
29769,2155800
29770,2314600
29771,2429800
29772,2338700
29773,2132000
29774,1948000
29775,1928300
29776,1873200
29777,1717900
29778,1826900
29779,1838500
29780,2095900
29781,1811600
29782,1855800
29783,1668100
29784,1783300
29785,1742600
29786,1790200
29787,1756500
29788,1825400
29789,2188900
29790,2028600
29791,1923200
29792,1868700
29793,1718600
29794,1875500
29795,1802900
29796,1791800
29797,1791900
29798,2596300
29799,2042200
29800,1834500
29801,1859400
29802,2026000
29803,1781200
29804,1993100
29805,1693400
29806,2315600
29807,2488800
29808,1966400
29809,1784700
29810,1734200
29811,1822700
29812,1876800
29813,1750000
29814,2087800
29815,2012900
29816,1839100
29817,1790900
29818,1790300
29819,1800300
29820,1858900
29821,1700400
29822,1767100
29823,1891700
29824,2266700
29825,1923200
29826,1863500
29827,1758100
29828,1812200
29829,1836500
29830,1851400
29831,1841000
29832,1981300
29833,2014600
29834,1895600
29835,1855800
29836,1802600
29837,1811800
29838,1814800
29839,1953100
29840,1749100
29841,1893500
29842,1948600
29843,1854300
29844,1886000
29845,1810500
29846,1966200
29847,1828900
29848,1918800
29849,1845200
29850,1895900
29851,1885000
29852,1812000
29853,1782200
29854,1825500
29855,1879300
29856,2002500
29857,2036100
29858,2402300
29859,2597800
29860,2467900
29861,2143600
29862,1857600
29863,2667800
29864,5034700
29865,3572600
29866,3477600
29867,3001500
29868,2783500
29869,2735100
29870,2586200
29871,2934200
29872,2359500
29873,1819900
29874,1789900
29875,1907900
29876,1697500
29877,1621100
29878,1750100
29879,1672000
29880,1646000
29881,1587600
29882,1574000
29883,1536500
29884,1768200
29885,1744200
29886,1655700
29887,1709400
29888,1897200
29889,1821500
29890,1703400
29891,1667500
29892,1638200
29893,1784300
29894,1702200
29895,1544800
29896,1586900
29897,1547600
29898,1717400
29899,1789500
29900,1633900
29901,1523700
29902,1762800
29903,1667500
29904,1743900
29905,1587500
29906,1554800
29907,1607400
29908,1811500
29909,1954300
29910,1600600
29911,1763300
29912,1664300
29913,1714800
29914,1664300
29915,1605400
29916,1658800
29917,1529300
29918,1819500
29919,1779300
29920,1745400
29921,1629800
29922,1630300
29923,1569000
29924,1617200
29925,1538400
29926,1632100
29927,1639900
29928,1708000
29929,1922200
29930,1768200
29931,1564300
29932,1581500
29933,1648700
29934,1554500
29935,1494300
29936,1662800
29937,1533100
29938,1753900
29939,1826000
29940,1884500
29941,1683600
29942,1562000
29943,1503900
29944,1622400
29945,1631700
29946,1670200
29947,1591600
29948,1980600
29949,2083800
29950,1719000
29951,1613600
29952,1674800
29953,1679000
29954,1654900
29955,1708200
29956,1617400
29957,1580100
29958,1790300
29959,1758300
29960,1646200
29961,1619600
29962,1601200
29963,1668500
29964,1689700
29965,1537400
29966,1638800
29967,1509400
29968,1861500
29969,1705500
29970,1647500
29971,1661200
29972,1600200
29973,1657100
29974,1550000
29975,1621300
29976,1670800
29977,1874300
29978,2234800
29979,1823600
29980,1800000
29981,1879300
29982,2050400
29983,1807000
29984,1830400
29985,1792300
29986,2131900
29987,2214200
29988,1803800
29989,1786000
29990,2011500
29991,2165900
29992,2350500
29993,2495100
29994,2890600
29995,2424200
29996,2050900
29997,2118200
29998,2284100
29999,2054300
30000,2313400
30001,2293600
30002,2127900
30003,2324500
30004,2101200
30005,2069300
30006,1949700
30007,1941300
30008,2477400
30009,2540800
30010,2272300
30011,2229800
30012,2464800
30013,2954200
30014,2704100
30015,2281900
30016,2295200
30017,2540600
30018,2171400
30019,2130200
30020,2019800
30021,2281900
30022,2110200
30023,2274600
30024,2285800
30025,2028000
30026,2026000
30027,4365600
30028,3763500
30029,2427600
30030,3189500
30031,2345000
30032,2100300
30033,2460800
30034,2224700
30035,1933100
30036,2729300
30037,1997100
30038,1864000
30039,1884900
30040,2147800
30041,1936700
30042,1990200
30043,1820900
30044,2048200
30045,2146100
30046,1905300
30047,1837200
30048,1696300
30049,2121400
30050,1820000
30051,1954700
30052,1794700
30053,2527000
30054,1909900
30055,1674900
30056,1680600
30057,2001500
30058,1999500
30059,1777200
30060,1682200
30061,1856800
30062,2090700
30063,2474700
30064,1888200
30065,1761100
30066,1664700
30067,1746200
30068,1769200
30069,1766300
30070,1813700
30071,2011100
30072,1858900
30073,2576500
30074,1792400
30075,1727100
30076,1625600
30077,1841800
30078,1904600
30079,1916100
30080,2056300
30081,1960300
30082,2040100
30083,1884400
30084,1835400
30085,1844700
30086,2171200
30087,2186400
30088,2170100
30089,1856100
30090,1861800
30091,1815700
30092,1808200
30093,1869700
30094,1793700
30095,1882600
30096,2147500
30097,1934300
30098,1809900
30099,1672300
30100,1920400
30101,1773600
30102,1813000
30103,1846400
30104,1926200
30105,2370100
30106,2816600
30107,1857300
30108,1697700
30109,1766300
30110,1769400
30111,1782400
30112,1788400
30113,1809700
30114,1911200
30115,2118300
30116,1899200
30117,1763700
30118,2135300
30119,2385000
30120,2140100
30121,1714500
30122,1748700
30123,2163800
30124,2119500
30125,1873500
30126,1996100
30127,1882900
30128,1896300
30129,2026400
30130,1881100
30131,1926800
30132,2078200
30133,1921000
30134,1811500
30135,1921100
30136,1872700
30137,1954200
30138,2182700
30139,2774600
30140,1818300
30141,1768500
30142,1847900
30143,1719700
30144,1895600
30145,1861800
30146,1759000
30147,1952600
30148,2181900
30149,2179200
30150,1970600
30151,1973400
30152,2396500
30153,1882800
30154,1674100
30155,1818700
30156,1880400
30157,1950800
30158,1844800
30159,1822200
30160,2179400
30161,2161400
30162,1807300
30163,1686400
30164,1656300
30165,1738700
30166,2043800
30167,1818800
30168,1854500
30169,1752100
30170,1970200
30171,2205100
30172,2118000
30173,1748800
30174,2011800
30175,1858300
30176,1736000
30177,1776600
30178,1814700
30179,1815800
30180,2126400
30181,2003200
30182,2054000
30183,2090900
30184,2116800
30185,2151500
30186,2233000
30187,2032300
30188,1852900
30189,1776700
30190,1786700
30191,2381600
30192,1942800
30193,1839000
30194,1993000
30195,2271200
30196,1803100
30197,1738600
30198,1699900
30199,1961700
30200,2067000
30201,1916100
30202,1932800
30203,2027000
30204,2498400
30205,1923000
30206,1645800
30207,1612800
30208,1885900
30209,1884300
30210,1935100
30211,1795100
30212,1968900
30213,1951800
30214,1825900
30215,1828200
30216,1883800
30217,2531800
30218,2512800
30219,1785100
30220,2122800
30221,1880700
30222,1825500
30223,1821500
30224,1722000
30225,2183600
30226,1980200
30227,1915500
30228,2072400
30229,1755400
30230,1827300
30231,1637200
30232,1737200
30233,1836400
30234,1812600
30235,1975100
30236,2114500
30237,2465500
30238,2796100
30239,2283500
30240,2066900
30241,2098800
30242,2164100
30243,2191500
30244,2054300
30245,1999300
30246,1964800
30247,1977400
30248,1875400
30249,2189000
30250,2838800
30251,3135900
30252,2089300
30253,1784600
30254,1836600
30255,2093200
30256,2143300
30257,2077500
30258,2446000
30259,2778500
30260,2223200
30261,2539800
30262,1946200
30263,2049900
30264,2112900
30265,2255700
30266,1967100
30267,1836700
30268,1743300
30269,2050500
30270,2426300
30271,1845900
30272,1740700
30273,1877300
30274,1823000
30275,1790600
30276,1732500
30277,1904400
30278,1850900
30279,1925800
30280,1883700
30281,1976500
30282,2708100
30283,2213700
30284,3144800
30285,2408600
30286,1967600
30287,1826800
30288,1917800
30289,2244900
30290,1818100
30291,1813400
30292,2047300
30293,2082800
30294,1865400
30295,1681600
30296,1719700
30297,1906600
30298,2090000
30299,1830300
30300,1824000
30301,1901500
30302,1884000
30303,2230200
30304,1810800
30305,1684200
30306,2130700
30307,2091600
30308,1699300
30309,1873800
30310,1831500
30311,2146700
30312,1893200
30313,2187900
30314,1974100
30315,2231300
30316,2237300
30317,2340600
30318,1800500
30319,1862700
30320,1656700
30321,1916900
30322,2163000
30323,2999200
30324,2371500
30325,2416300
30326,2196400
30327,2157300
30328,1904700
30329,1884300
30330,1655000
30331,1961000
30332,1798900
30333,1772300
30334,1883100
30335,1934200
30336,2393000
30337,2242600
30338,1728900
30339,1975600
30340,1976700
30341,1765500
30342,1819400
30343,1810600
30344,1939100
30345,1945800
30346,1869300
30347,1910600
30348,2174200
30349,2248300
30350,2289700
30351,1673800
30352,1894400
30353,1785100
30354,1849800
30355,1805800
30356,1982300
30357,1936600
30358,2104000
30359,2057800
30360,1942400
30361,1843600
30362,1607800
30363,1817100
30364,1845700
30365,2334500
30366,2021800
30367,1918900
30368,1957000
30369,2277100
30370,1729800
30371,1663400
30372,1774400
30373,1791600
30374,2143400
30375,1883400
30376,1805400
30377,2036700
30378,1903100
30379,1867800
30380,1892700
30381,1819100
30382,2482600
30383,2399200
30384,1792000
30385,1947100
30386,1818900
30387,1904400
30388,1926200
30389,1836400
30390,1935100
30391,2087900
30392,1956400
30393,2073600
30394,1883900
30395,1600300
30396,1835000
30397,1753900
30398,1757500
30399,1862700
30400,1965700
30401,2132700
30402,2356300
30403,1700800
30404,1802000
30405,1699700
30406,1771900
30407,1715500
30408,1898200
30409,1881000
30410,1832400
30411,1803500
30412,1859600
30413,1834100
30414,1774700
30415,2154300
30416,2201400
30417,2000000
30418,1840100
30419,1677100
30420,1822400
30421,1732000
30422,1839600
30423,1867600
30424,1883500
30425,1974500
30426,2058400
30427,1777700
30428,1680800
30429,1715700
30430,1714300
30431,1778500
30432,1793400
30433,1870200
30434,1846000
30435,2756800
30436,2045600
30437,1768200
30438,1606300
30439,1871200
30440,1756700
30441,1756400
30442,1825200
30443,1965500
30444,2418400
30445,1897100
30446,1816200
30447,1878600
30448,2208500
30449,2120100
30450,1712400
30451,1695700
30452,1914600
30453,2179000
30454,1905700
30455,1829600
30456,1891200
30457,1861800
30458,1990900
30459,1734600
30460,1657700
30461,2014500
30462,1926600
30463,1837300
30464,1734600
30465,1772000
30466,1754700
30467,2101800
30468,2383200
30469,1666300
30470,1968600
30471,1911200
30472,1796800
30473,1786400
30474,1778500
30475,2006700
30476,1943100
30477,1861600
30478,2006600
30479,1918400
30480,2235900
30481,2381400
30482,1816800
30483,1633100
30484,1912500
30485,1866200
30486,1826100
30487,2383500
30488,2209900
30489,1882800
30490,2070500
30491,1702200
30492,1752700
30493,1619800
30494,1894300
30495,1725300
30496,1888100
30497,1861400
30498,1899000
30499,2192800
30500,2189300
30501,1793900
30502,1775300
30503,1842400
30504,1821200
30505,1972500
30506,1862200
30507,1823400
30508,1830000
30509,1891200
30510,1787200
30511,1885300
30512,1946600
30513,3031700
30514,2141200
30515,1676800
30516,1662200
30517,1809300
30518,1978700
30519,1875100
30520,1759900
30521,1857300
30522,2073900
30523,2005700
30524,1780600
30525,1807500
30526,1704900
30527,1810400
30528,1753800
30529,1722100
30530,1790500
30531,2403200
30532,2380400
30533,1877700
30534,1813300
30535,1669500
30536,1712400
30537,1801700
30538,1828800
30539,2213100
30540,2523100
30541,1894200
30542,2113700
30543,1969900
30544,1895300
30545,2140900
30546,2332800
30547,1735400
30548,1824600
30549,1781100
30550,1964200
30551,1830900
30552,1805500
30553,1861400
30554,1790700
30555,1908000
30556,1847900
30557,2037800
30558,1808500
30559,1804500
30560,1742200
30561,1729700
30562,1853900
30563,1883300
30564,1889100
30565,2465000
30566,2021500
30567,1792100
30568,1619000
30569,1752800
30570,1689100
30571,1832700
30572,1798600
30573,1816000
30574,2098100
30575,2453000
30576,2066000
30577,1839500
30578,1842800
30579,2372600
30580,2058600
30581,1699200
30582,1565800
30583,1951300
30584,1923900
30585,1758100
30586,1770700
30587,1976400
30588,1866400
30589,1958200
30590,1803800
30591,1689900
30592,2087700
30593,1923100
30594,1751900
30595,1762200
30596,1863300
30597,1925100
30598,2086700
30599,2031200
30600,2030800
30601,1974600
30602,1839600
30603,1785000
30604,1826200
30605,1804200
30606,1776600
30607,1813700
30608,1748900
30609,2145000
30610,2079200
30611,2141900
30612,2391900
30613,1831000
30614,1679700
30615,1595800
30616,1699300
30617,1860200
30618,2142600
30619,1855200
30620,1964600
30621,1811000
30622,1973500
30623,1743800
30624,1591800
30625,1765500
30626,1940200
30627,2301500
30628,1990600
30629,1877900
30630,1816100
30631,1833400
30632,2215700
30633,1869600
30634,1729700
30635,1835600
30636,2026900
30637,1825400
30638,1820800
30639,1809200
30640,1782300
30641,1938200
30642,2329100
30643,2276200
30644,2288500
30645,2789300
30646,1989200
30647,1738600
30648,1818900
30649,2059200
30650,2155500
30651,2005100
30652,2095300
30653,2082800
30654,2021200
30655,2087900
30656,1829700
30657,2199000
30658,2067100
30659,1880500
30660,2028100
30661,2220500
30662,2040300
30663,2102500
30664,2585700
30665,2018900
30666,1806300
30667,1829000
30668,2065700
30669,2548800
30670,2141200
30671,1859100
30672,2047400
30673,1988200
30674,1836800
30675,1926100
30676,2168800
30677,2756100
30678,1953000
30679,1991700
30680,2017900
30681,1827400
30682,1792000
30683,1750000
30684,1868800
30685,2094600
30686,1822600
30687,2043700
30688,1795800
30689,1779900
30690,1672500
30691,1751200
30692,1728400
30693,1857600
30694,2070600
30695,2247800
30696,2458400
30697,2039300
30698,1730000
30699,1594500
30700,1724400
30701,1722900
30702,1963300
30703,1934800
30704,1882900
30705,2022200
30706,1842100
30707,1813300
30708,1902500
30709,2280600
30710,2583000
30711,1979300
30712,1861400
30713,1782000
30714,1811100
30715,1767600
30716,1778100
30717,1893400
30718,1861900
30719,2273600
30720,1798700
30721,1906400
30722,1828500
30723,1767800
30724,1700200
30725,1865600
30726,1887400
30727,1910000
30728,2342800
30729,2559800
30730,1768100
30731,1690300
30732,1770300
30733,1628200
30734,1703100
30735,1777400
30736,1928900
30737,2107800
30738,2006400
30739,1879300
30740,1888400
30741,1928800
30742,2369200
30743,2067700
30744,1698300
30745,1981500
30746,2410000
30747,1916600
30748,1800700
30749,1892800
30750,2016400
30751,1942600
30752,1823900
30753,1593500
30754,1943500
30755,2339600
30756,2284600
30757,2475800
30758,2189300
30759,2012900
30760,2329800
30761,2761400
30762,2062800
30763,1924500
30764,2008200
30765,1929000
30766,2334300
30767,2075600
30768,2459900
30769,3221900
30770,2604900
30771,2305900
30772,2506100
30773,3083700
30774,3205900
30775,2367900
30776,1951300
30777,1848000
30778,1811000
30779,1850300
30780,1809300
30781,1992900
30782,1803500
30783,2053400
30784,1954400
30785,1690300
30786,1654400
30787,1695100
30788,1793300
30789,1736600
30790,2012300
30791,2007700
30792,2069400
30793,2474200
30794,1872900
30795,1766800
30796,1773100
30797,1741100
30798,1903500
30799,1909600
30800,1812200
30801,2038600
30802,2104900
30803,1839900
30804,1848900
30805,2048700
30806,2694600
30807,2153600
30808,1858600
30809,2621700
30810,2423100
30811,2055100
30812,1919600
30813,1941400
30814,2053100
30815,2031100
30816,1736500
30817,1804800
30818,1836200
30819,1713000
30820,1749600
30821,1722100
30822,2112600
30823,2057300
30824,2299300
30825,2685500
30826,2251500
30827,1822100
30828,1751800
30829,2135900
30830,2026000
30831,1874400
30832,1861300
30833,1825100
30834,2193600
30835,2190200
30836,2255500
30837,3050500
30838,2979400
30839,2272700
30840,1921600
30841,2253900
30842,1877000
30843,1897300
30844,1925600
30845,2217200
30846,1960000
30847,1644100
30848,1686500
30849,1683000
30850,2178300
30851,1866100
30852,1840500
30853,1904000
30854,1846100
30855,1739100
30856,2331900
30857,1685300
30858,1652000
30859,1956200
30860,1887200
30861,2107400
30862,1795400
30863,1933600
30864,1794200
30865,1901100
30866,1860300
30867,2026200
30868,2231000
30869,2502800
30870,1819000
30871,1680900
30872,1673300
30873,1767900
30874,1794000
30875,1672000
30876,1923200
30877,2118500
30878,2281100
30879,1942100
30880,1726800
30881,1693100
30882,1661500
30883,1635600
30884,1691000
30885,2078700
30886,2031200
30887,1921500
30888,1925900
30889,2227900
30890,1872800
30891,1733800
30892,1648000
30893,1811400
30894,1964000
30895,2060600
30896,1901900
30897,1857600
30898,1896700
30899,1823300
30900,1893400
30901,1932500
30902,2474600
30903,2340500
30904,1733300
30905,1798600
30906,1709700
30907,1755900
30908,1853300
30909,1792300
30910,1822300
30911,2276900
30912,2371300
30913,1870000
30914,1792900
30915,1718600
30916,1716800
30917,1761900
30918,1709200
30919,1866100
30920,2204100
30921,2321400
30922,1919400
30923,1755500
30924,1712100
30925,1818900
30926,1777800
30927,1792900
30928,2174300
30929,2073900
30930,1851800
30931,1847900
30932,1785200
30933,1806500
30934,2095200
30935,2294900
30936,1934000
30937,1988000
30938,1820700
30939,1869500
30940,1692700
30941,1764900
30942,1866400
30943,1807700
30944,2021800
30945,2150900
30946,1974200
30947,1682200
30948,1748200
30949,1708600
30950,1740800
30951,1793800
30952,1799200
30953,2012300
30954,2354100
30955,2065800
30956,1775900
30957,1681800
30958,1664200
30959,1742200
30960,1797700
30961,1833700
30962,1881900
30963,1875300
30964,2164800
30965,1977000
30966,1997400
30967,2109000
30968,2413900
30969,2070700
30970,1825200
30971,1612400
30972,1887100
30973,1942100
30974,1817600
30975,1798100
30976,1854300
30977,2197100
30978,1716100
30979,1623700
30980,1647600
30981,1939700
30982,2008700
30983,1803600
30984,1762700
30985,1755400
30986,1955600
30987,2286700
30988,1881700
30989,1636400
30990,1840100
30991,1874700
30992,1720900
30993,1710900
30994,1815500
30995,2163100
30996,1839700
30997,1820300
30998,1848000
30999,2549800
31000,2292000
31001,2455700
31002,1958700
31003,1824000
31004,1742400
31005,1706900
31006,1736600
31007,1954300
31008,1899500
31009,2028400
31010,2083700
31011,1762800
31012,1672300
31013,1629400
31014,1742400
31015,1798900
31016,1856000
31017,2025300
31018,1890100
31019,1876200
31020,2387100
31021,1784000
31022,1774400
31023,1700000
31024,1767900
31025,2173700
31026,1908200
31027,1778400
31028,1965800
31029,1878900
31030,1784400
31031,1760200
31032,1920000
31033,2050000
31034,2814600
31035,2099600
31036,1719100
31037,1694700
31038,1693100
31039,1761300
31040,1810500
31041,1835400
31042,1892200
31043,2244500
31044,2202100
31045,1708000
31046,1718200
31047,1691300
31048,1843000
31049,1791800
31050,1880700
31051,2554800
31052,2440000
31053,2316500
31054,1722900
31055,1701200
31056,1585800
31057,1798900
31058,1621800
31059,1752200
31060,1895000
31061,2192300
31062,2018400
31063,1895500
31064,1870600
31065,1935300
31066,1840200
31067,2235400
31068,2421900
31069,1902900
31070,1680700
31071,1744600
31072,1735400
31073,1763100
31074,1762100
31075,1874400
31076,1916200
31077,2402600
31078,1839500
31079,1634000
31080,1614500
31081,2018600
31082,1834200
31083,1825900
31084,1747400
31085,1834200
31086,2504700
31087,2249900
31088,1805100
31089,1753800
31090,1668600
31091,1771800
31092,1819800
31093,1858000
31094,2219600
31095,2438300
31096,1950600
31097,1836200
31098,1877300
31099,1947500
31100,2228500
31101,2128900
31102,1847700
31103,1986100
31104,1817600
31105,1773200
31106,1679600
31107,1727500
31108,1800200
31109,1797200
31110,2056900
31111,1694000
31112,1864300
31113,1898200
31114,1798600
31115,1869000
31116,1699800
31117,1832500
31118,1805300
31119,2125400
31120,2489100
31121,1869100
31122,1792300
31123,1647700
31124,1827200
31125,1764600
31126,1729900
31127,1897700
31128,1803000
31129,1820400
31130,2111600
31131,1976100
31132,1906800
31133,2094600
31134,2502600
31135,1926500
31136,1692600
31137,1686700
31138,2050800
31139,1990100
31140,1836800
31141,1760600
31142,2076000
31143,2169100
31144,1816100
31145,1685800
31146,1768300
31147,2106100
31148,1976400
31149,1904400
31150,1869400
31151,1886000
31152,2355600
31153,2117600
31154,1848400
31155,1631200
31156,2140100
31157,1795200
31158,1793400
31159,1883900
31160,2386100
31161,2457800
31162,2339500
31163,2122000
31164,2054100
31165,2158900
31166,2400700
31167,2252900
31168,1786400
31169,1752500
31170,1743800
31171,1773100
31172,2188400
31173,2119200
31174,2033100
31175,2314500
31176,2108800
31177,1715500
31178,1673700
31179,1677100
31180,1763900
31181,1905300
31182,1837200
31183,1884100
31184,1847800
31185,1827900
31186,2263300
31187,1750400
31188,1756000
31189,1850800
31190,2086600
31191,1911200
31192,1979400
31193,1902700
31194,2144800
31195,2057800
31196,2146000
31197,2399400
31198,3225500
31199,3537200
31200,2919200
31201,2353700
31202,2164100
31203,2670000
31204,2944900
31205,2488600
31206,2963100
31207,2680300
31208,2055600
31209,1954600
31210,2604300
31211,2247600
31212,2236600
31213,2138700
31214,2265900
31215,2389000
31216,2232900
31217,3610600
31218,2511200
31219,2177600
31220,2165600
31221,2240400
31222,2416800
31223,2351900
31224,2748400
31225,2394700
31226,2156600
31227,2055700
31228,1910200
31229,2224900
31230,2536500
31231,2063300
31232,2148500
31233,2021700
31234,2147900
31235,2011800
31236,2364600
31237,2350200
31238,4028300
31239,2376200
31240,1752600
31241,1718100
31242,1721900
31243,1922600
31244,1753600
31245,2134700
31246,2212900
31247,2252100
31248,2422500
31249,1766800
31250,1719600
31251,1812400
31252,1741000
31253,1866700
31254,1863500
31255,2019800
31256,1894500
31257,1781500
31258,1780800
31259,1785300
31260,1926600
31261,2712400
31262,2362900
31263,2394700
31264,2267200
31265,2365900
31266,2030600
31267,2012100
31268,2549600
31269,2868100
31270,2851000
31271,2100700
31272,2099000
31273,2633600
31274,2141800
31275,2422200
31276,2250200
31277,2502900
31278,2583200
31279,2578000
31280,1923300
31281,1936000
31282,1828400
31283,2096300
31284,1904300
31285,2100800
31286,1893200
31287,1881600
31288,2075500
31289,2088100
31290,2325700
31291,2583100
31292,2466100
31293,2005200
31294,1849900
31295,1673000
31296,1730700
31297,1880900
31298,1855100
31299,1836900
31300,1830000
31301,1826500
31302,2207500
31303,1785100
31304,1768000
31305,1847900
31306,1922400
31307,1917600
31308,1923000
31309,1848900
31310,2027200
31311,2583100
31312,1779700
31313,1660300
31314,1999200
31315,1993600
31316,2878100
31317,2276300
31318,2796000
31319,2381900
31320,2501400
31321,2137600
31322,2101200
31323,2353000
31324,2466100
31325,1994600
31326,1937500
31327,1813200
31328,1897200
31329,1997900
31330,1842200
31331,2061000
31332,2043900
31333,2175500
31334,2055300
31335,1907800
31336,2154900
31337,2075000
31338,1902800
31339,2022800
31340,2046100
31341,2015800
31342,2696800
31343,2611600
31344,2166900
31345,1899200
31346,1954100
31347,1930200
31348,1901000
31349,1853500
31350,2291300
31351,2252100
31352,1965600
31353,1842500
31354,2063300
31355,2165000
31356,2143700
31357,1700900
31358,1858200
31359,1839400
31360,1746000
31361,1757700
31362,1923900
31363,2050800
31364,1930900
31365,1919200
31366,2178400
31367,1873400
31368,1740400
31369,1806800
31370,1729400
31371,1884100
31372,1853300
31373,1996800
31374,1994300
31375,3003200
31376,2301800
31377,1805800
31378,1752400
31379,1734300
31380,1710100
31381,1799800
31382,1805800
31383,1990700
31384,2289600
31385,1827000
31386,1801500
31387,1976000
31388,2240300
31389,2107400
31390,1678700
31391,1843100
31392,1807700
31393,1990100
31394,1789000
31395,1787800
31396,1883700
31397,1816700
31398,1931900
31399,1890300
31400,1872800
31401,1809800
31402,1766900
31403,1918600
31404,1652300
31405,1798300
31406,1788000
31407,1783000
31408,1995100
31409,2358300
31410,1906000
31411,1898100
31412,1873100
31413,1721900
31414,1696000
31415,1922600
31416,1847300
31417,1863200
31418,1941600
31419,1927500
31420,1958000
31421,1889800
31422,2448200
31423,1921400
31424,1687100
31425,1771300
31426,1800500
31427,1715900
31428,2450500
31429,2032600
31430,2253500
31431,2257100
31432,1772000
31433,1875000
31434,1898200
31435,1805500
31436,2092000
31437,1831600
31438,1848500
31439,1854200
31440,2109000
31441,2492700
31442,1796200
31443,1754400
31444,1904100
31445,2570800
31446,1919200
31447,1940100
31448,1924100
31449,1877000
31450,1842100
31451,1829100
31452,1892200
31453,2358900
31454,2440000
31455,1849900
31456,1693400
31457,1828100
31458,1810600
31459,1832500
31460,1870500
31461,1935700
31462,2117700
31463,2003500
31464,1996400
31465,1767300
31466,1703400
31467,1749000
31468,1944500
31469,1768500
31470,2382100
31471,2259800
31472,1979200
31473,2358600
31474,1748900
31475,1725500
31476,1698100
31477,1831400
31478,1859800
31479,2137900
31480,2023000
31481,2033400
31482,1888800
31483,1864800
31484,1905000
31485,2162200
31486,2328400
31487,1951900
31488,1752900
31489,1745800
31490,1917400
31491,1775200
31492,1945100
31493,1824200
31494,2041700
31495,2161500
31496,2501900
31497,1778400
31498,1686400
31499,1776400
31500,1770300
31501,1844400
31502,1759200
31503,1909000
31504,2091100
31505,2629600
31506,1869700
31507,1710300
31508,1673000
31509,1750600
31510,1726000
31511,1816300
31512,1825100
31513,1902300
31514,2145600
31515,1946000
31516,1940000
31517,1925500
31518,2257600
31519,2090800
31520,1677800
31521,1698700
31522,1984500
31523,1897700
31524,1748100
31525,1769100
31526,1800000
31527,1825500
31528,2072800
31529,1771000
31530,1695800
31531,2343800
31532,1916200
31533,1840400
31534,1772600
31535,1848000
31536,1844200
31537,2057700
31538,2434000
31539,1934300
31540,1822300
31541,1715700
31542,1775600
31543,1750900
31544,1975100
31545,1877900
31546,2128600
31547,2160200
31548,3342100
31549,2773100
31550,3244000
31551,2714200
31552,1944400
31553,1790100
31554,2533100
31555,2346200
31556,1999600
31557,2066500
31558,1992700
31559,2147800
31560,2162600
31561,2011500
31562,2120400
31563,2429200
31564,2203100
31565,2012600
31566,2010600
31567,2120500
31568,2587900
31569,2796400
31570,2060300
31571,1986900
31572,2073500
31573,1847100
31574,1772800
31575,1792400
31576,1955800
31577,1845600
31578,2115300
31579,1920800
31580,1891600
31581,2424000
31582,2301000
31583,1987300
31584,1878400
31585,1809700
31586,2000400
31587,1904800
31588,1843300
31589,1857500
31590,1886000
31591,2155400
31592,1953400
31593,1690500
31594,1697800
31595,2304100
31596,1845900
31597,1816400
31598,1839000
31599,1909200
31600,2268100
31601,2274100
31602,1686800
31603,1770800
31604,1850100
31605,1757500
31606,1781600
31607,1731400
31608,2183700
31609,1926500
31610,1753900
31611,1827400
31612,2149500
31613,2146300
31614,2234100
31615,2483000
31616,1964800
31617,1819300
31618,1651800
31619,1863600
31620,1847400
31621,1988800
31622,1938600
31623,1862000
31624,2192500
31625,1771500
31626,1694600
31627,1766000
31628,1769800
31629,1926000
31630,2077800
31631,1893500
31632,1863900
31633,2156400
31634,2146400
31635,1742900
31636,1574200
31637,1763800
31638,2081100
31639,2061800
31640,1839500
31641,1893800
31642,1895800
31643,1952300
31644,1808900
31645,1839700
31646,1840000
31647,2893400
31648,2091800
31649,1934300
31650,1737400
31651,1833800
31652,1860500
31653,1823000
31654,1785900
31655,2036700
31656,2144500
31657,2590800
31658,1954500
31659,1807400
31660,1869000
31661,1817500
31662,1787400
31663,1867500
31664,2029500
31665,2333100
31666,2579600
31667,1792700
31668,1761900
31669,1770700
31670,1762000
31671,1881200
31672,2023300
31673,2171100
31674,1908700
31675,1878000
31676,1948200
31677,1886700
31678,1765800
31679,2158100
31680,2840500
31681,2167400
31682,1812700
31683,1772900
31684,1855600
31685,1780700
31686,1823000
31687,1806200
31688,1905000
31689,2408400
31690,1790000
31691,1721400
31692,1641300
31693,1725200
31694,1750700
31695,1662200
31696,1905000
31697,2126700
31698,2357200
31699,2578100
31700,1769300
31701,1724500
31702,1679200
31703,1797800
31704,1798600
31705,1870800
31706,1933400
31707,2083700
31708,2037300
31709,1934800
31710,1940200
31711,1881900
31712,2212600
31713,2211400
31714,1772600
31715,1846200
31716,1744000
31717,1847100
31718,1815000
31719,1720600
31720,1831100
31721,1980400
31722,2220500
31723,1676800
31724,1887200
31725,1696400
31726,1687300
31727,1705500
31728,1742100
31729,2000000
31730,2078400
31731,1799800
31732,2256000
31733,1922400
31734,1757000
31735,1684500
31736,1747200
31737,1751300
31738,1995400
31739,1916300
31740,2014900
31741,1974200
31742,2069100
31743,1894500
31744,1974800
31745,2208900
31746,2334500
31747,1766200
31748,1742200
31749,1828100
31750,1955600
31751,1926800
31752,1847200
31753,1810100
31754,2029300
31755,2077000
31756,1771300
31757,1656500
31758,1676800
31759,2054300
31760,2019400
31761,1759700
31762,1811700
31763,1957000
31764,2130600
31765,2378700
31766,1877700
31767,1813700
31768,2056900
31769,1895200
31770,1783800
31771,1990600
31772,2015800
31773,2558200
31774,3062600
31775,2949300
31776,2320500
31777,2401700
31778,2818900
31779,3246700
31780,2221000
31781,1920300
31782,2401200
31783,2030000
31784,1989100
31785,2043700
31786,2315500
31787,2546400
31788,1942300
31789,1974900
31790,2068000
31791,2192000
31792,2008500
31793,2022400
31794,1853900
31795,2111900
31796,1970500
31797,2159000
31798,2234300
31799,1847200
31800,1880300
31801,1803600
31802,1767800
31803,1821400
31804,1968000
31805,1824700
31806,2137800
31807,2100200
31808,1873300
31809,2001300
31810,2147800
31811,2237600
31812,1656400
31813,1730700
31814,1670900
31815,2192100
31816,1899300
31817,1834800
31818,1864300
31819,1832800
31820,2295100
31821,1886900
31822,1883300
31823,2029800
31824,2407600
31825,2222800
31826,2056500
31827,2160800
31828,1953900
31829,1857200
31830,2309000
31831,2593400
31832,2317100
31833,2972200
31834,2344600
31835,2045400
31836,1868000
31837,2107000
31838,2663700
31839,2361500
31840,2147300
31841,2138700
31842,2727300
31843,2924500
31844,2354300
31845,2414000
31846,2191200
31847,1866900
31848,1793500
31849,1870100
31850,1871800
31851,1834900
31852,2098700
31853,2237000
31854,2020400
31855,1995600
31856,1733500
31857,1749900
31858,1836500
31859,1903500
31860,2054000
31861,2555300
31862,2211000
31863,1771700
31864,1775600
31865,1793100
31866,1772700
31867,1675000
31868,1813800
31869,2011100
31870,1910600
31871,2042700
31872,1814600
31873,1854300
31874,2209300
31875,2305300
31876,1940300
31877,1700700
31878,1684300
31879,2121900
31880,1999300
31881,1803700
31882,1983700
31883,1921700
31884,2276600
31885,1755500
31886,1613300
31887,1664900
31888,2252300
31889,1853900
31890,1869000
31891,1766300
31892,1884100
31893,1947800
31894,2350000
31895,1745200
31896,1782800
31897,1970500
31898,1962900
31899,1820300
31900,1786300
31901,2014900
31902,1971100
31903,1798800
31904,1745900
31905,1958300
31906,2122600
31907,2337600
31908,2200100
31909,1940800
31910,2017100
31911,1744200
31912,1667500
31913,1777100
31914,1975100
31915,1968100
31916,1876300
31917,1958000
31918,2074200
31919,1777800
31920,1757500
31921,1717000
31922,2107300
31923,1986500
31924,1893900
31925,1837100
31926,2076200
31927,2458100
31928,1724900
31929,1672600
31930,1678400
31931,1968600
31932,1940500
31933,1841300
31934,1892300
31935,1865700
31936,1927700
31937,1796300
31938,1757100
31939,1867800
31940,2334700
31941,2493900
31942,1881100
31943,1798800
31944,1732600
31945,1771700
31946,1881000
31947,1806100
31948,1950300
31949,2496700
31950,2175200
31951,1745500
31952,1689600
31953,1681900
31954,1746700
31955,1871600
31956,1851600
31957,1993500
31958,1947100
31959,2181400
31960,2399300
31961,1689900
31962,1775100
31963,1655400
31964,1825100
31965,1776700
31966,2045500
31967,2200900
31968,1955900
31969,1901400
31970,1762400
31971,1978400
31972,1918500
31973,2385700
31974,2115200
31975,1982700
31976,1860200
31977,1804100
31978,1777100
31979,1817300
31980,1815700
31981,1802100
31982,1809500
31983,2377000
31984,2086800
31985,1756000
31986,1649100
31987,1711700
31988,1878200
31989,1725500
31990,1750600
31991,1824900
31992,2287800
31993,2732600
31994,2071800
31995,1892900
31996,2011200
31997,2102300
31998,2170000
31999,2160600
32000,2102300
32001,2097600
32002,1941000
32003,1867200
32004,1976300
32005,2005700
32006,2307400
32007,2015200
32008,2216900
32009,1776700
32010,1708600
32011,1842200
32012,1861200
32013,1880200
32014,1897700
32015,2076400
32016,1889600
32017,1863600
32018,1726900
32019,1734700
32020,1699900
32021,1789600
32022,1836700
32023,1782600
32024,1930800
32025,2441100
32026,1957100
32027,1686100
32028,1676300
32029,1820700
32030,1755400
32031,1925900
32032,2076100
32033,2034600
32034,2045100
32035,2270900
32036,1997000
32037,2025300
32038,2224600
32039,2142000
32040,1936600
32041,1789000
32042,1713600
32043,1992800
32044,1858900
32045,1832300
32046,1830100
32047,1793300
32048,2150000
32049,1775400
32050,1795600
32051,1742400
32052,2837600
32053,1874500
32054,1796100
32055,1873700
32056,2180900
32057,2852100
32058,2262500
32059,2341200
32060,2291200
32061,2009100
32062,1918000
32063,2117000
32064,2130500
32065,2068100
32066,2052300
32067,2388500
32068,2311200
32069,2514500
32070,3007100
32071,2096200
32072,2002900
32073,1931900
32074,2458400
32075,2147200
32076,2048000
32077,2223500
32078,2120300
32079,2273100
32080,1941500
32081,1779600
32082,2295000
32083,2024500
32084,1802300
32085,1979400
32086,1864700
32087,2056600
32088,2225700
32089,1734900
32090,1864200
32091,1980800
32092,1881500
32093,1926600
32094,1831300
32095,1803100
32096,1855800
32097,1828500
32098,1821800
32099,1908900
32100,2205800
32101,2741400
32102,2272700
32103,1828800
32104,1787900
32105,1812300
32106,1734300
32107,1824700
32108,1941200
32109,1865200
32110,1883200
32111,1953100
32112,1675400
32113,1649000
32114,1674500
32115,1558200
32116,1705000
32117,2376200
32118,2034100
32119,1834400
32120,2002000
32121,1884400
32122,2194600
32123,1693900
32124,1762200
32125,1669100
32126,1935700
32127,1929700
32128,1765700
32129,1822000
32130,1832700
32131,1868500
32132,1804200
32133,1841500
32134,2042300
32135,2637600
32136,2416400
32137,1770400
32138,1674000
32139,1742000
32140,1746400
32141,1839400
32142,1721300
32143,2171700
32144,2117800
32145,2096900
32146,1764300
32147,1770300
32148,1667300
32149,1715900
32150,1754900
32151,1764000
32152,2193700
32153,2084400
32154,1914600
32155,2378600
32156,1785800
32157,1736000
32158,1699100
32159,1772500
32160,1895100
32161,1853100
32162,1797400
32163,1899900
32164,1883300
32165,1793400
32166,1948900
32167,1826800
32168,2324500
32169,3050700
32170,2360500
32171,2244100
32172,2074600
32173,2135800
32174,1939000
32175,2850900
32176,2656700
32177,2519900
32178,2249400
32179,1956800
32180,1920200
32181,1706000
32182,2056700
32183,1885500
32184,1922400
32185,2093600
32186,2024200
32187,1966000
32188,2304900
32189,1862900
32190,1694200
32191,1547000
32192,1809800
32193,1904200
32194,1860400
32195,1916200
32196,1992200
32197,1917600
32198,2081000
32199,1831900
32200,1880000
32201,2407300
32202,2729300
32203,1815500
32204,1657400
32205,1828500
32206,2039400
32207,1871300
32208,1769900
32209,1796800
32210,2258900
32211,2141200
32212,1762300
32213,1712900
32214,1642400
32215,1808800
32216,1754500
32217,1700400
32218,1755200
32219,2246200
32220,2126200
32221,2329300
32222,1813500
32223,1782400
32224,1723900
32225,1812500
32226,1733500
32227,1841700
32228,2018700
32229,1953400
32230,1894500
32231,2001800
32232,1845900
32233,1898000
32234,2368800
32235,2013000
32236,1999400
32237,1862900
32238,1949200
32239,1827100
32240,1744200
32241,1864300
32242,1870600
32243,1770300
32244,1973100
32245,1778400
32246,1656800
32247,1808500
32248,1752700
32249,1806600
32250,1756800
32251,1771800
32252,1888500
32253,2096000
32254,2627800
32255,1863300
32256,1785800
32257,1803400
32258,1709000
32259,2072000
32260,1748100
32261,1931100
32262,2061100
32263,2437300
32264,1924800
32265,1842500
32266,1935800
32267,2225500
32268,2111600
32269,1634700
32270,1647700
32271,1766800
32272,2070900
32273,1805300
32274,1873300
32275,1874700
32276,2206300
32277,2535200
32278,2035700
32279,1975800
32280,2379100
32281,2904800
32282,2405400
32283,2488700
32284,2436000
32285,2302600
32286,3342300
32287,2172400
32288,1907600
32289,2045400
32290,2002300
32291,1862000
32292,2020900
32293,2396300
32294,2205700
32295,2322500
32296,2007400
32297,2076200
32298,2330400
32299,2788000
32300,2027000
32301,2356300
32302,2232200
32303,1905400
32304,1836600
32305,1909700
32306,1892900
32307,1988800
32308,2102400
32309,1794300
32310,1686200
32311,1631200
32312,1730500
32313,1670800
32314,1830400
32315,1853800
32316,2026300
32317,2031300
32318,2596600
32319,1940600
32320,1720300
32321,1598300
32322,1774000
32323,1687300
32324,1866800
32325,2030600
32326,2087200
32327,2236600
32328,1940000
32329,1869600
32330,1843800
32331,2176500
32332,2489100
32333,1917500
32334,1728900
32335,1717600
32336,2023900
32337,1767200
32338,1772300
32339,1767700
32340,1990400
32341,2472100
32342,2057200
32343,1946200
32344,2497300
32345,2608400
32346,2346600
32347,2228500
32348,3470000
32349,3590000
32350,4602900
32351,3362600
32352,3170400
32353,2601000
32354,2390100
32355,2911800
32356,2583000
32357,2675400
32358,2894700
32359,3072100
32360,2614600
32361,3596100
32362,2823500
32363,2629800
32364,1960100
32365,1939800
32366,2131800
32367,2023900
32368,2402900
32369,2255000
32370,2042600
32371,2405100
32372,1992900
32373,1939300
32374,1862200
32375,1857000
32376,2521900
32377,2039200
32378,2068700
32379,2163100
32380,2265300
32381,2389400
32382,1832000
32383,1905200
32384,2182800
32385,2072800
32386,2372300
32387,2507600
32388,2852600
32389,2754900
32390,3159700
32391,2910600
32392,3026000
32393,3376000
32394,2419600
32395,2209600
32396,2303700
32397,2535700
32398,2041300
32399,2162000
32400,2107500
32401,2682600
32402,2344100
32403,2442900
32404,2450300
32405,2499400
32406,2396100
32407,2550900
32408,2526900
32409,2927800
32410,4026300
32411,2815800
32412,2379100
32413,2594400
32414,2707700
32415,2377500
32416,2658500
32417,2392800
32418,2218300
32419,2245500
32420,2342400
32421,2444100
32422,3178200
32423,3361400
32424,2160600
32425,2345400
32426,2177000
32427,2243300
32428,2624900
32429,2329000
32430,2653400
32431,2388600
32432,2525100
32433,2112500
32434,2060200
32435,2094800
32436,2326300
32437,2515700
32438,2341400
32439,2371800
32440,2561800
32441,2692900
32442,2318600
32443,2288500
32444,2471600
32445,2354400
32446,2224100
32447,2128100
32448,2242900
32449,2512000
32450,2356000
32451,2569600
32452,2245700
32453,2252400
32454,2737900
32455,3074500
32456,2183400
32457,2315700
32458,2479800
32459,2257200
32460,2243200
32461,2487300
32462,2312200
32463,2494300
32464,2781000
32465,2386100
32466,2295000
32467,2413700
32468,2539500
32469,2902300
32470,2274000
32471,2711800
32472,2641000
32473,2681700
32474,2239600
32475,1981400
32476,2145900
32477,2030300
32478,2814400
32479,2257000
32480,2217800
32481,2268700
32482,2332400
32483,2272000
32484,2175400
32485,2546800
32486,3177300
32487,2311200
32488,2067200
32489,2045400
32490,2151100
32491,1979000
32492,2272100
32493,2106800
32494,2392300
32495,2459400
32496,2085000
32497,2028600
32498,1950800
32499,2401600
32500,2291100
32501,2540300
32502,3556800
32503,3853000
32504,3418800
32505,2622800
32506,2069000
32507,2747600
32508,3247400
32509,3422600
32510,2062800
32511,2473300
32512,2739500
32513,2388700
32514,2105400
32515,2306000
32516,2810600
32517,3307000
32518,3348300
32519,2645900
32520,2921700
32521,2803400
32522,2195500
32523,2231500
32524,2783000
32525,2689200
32526,1988200
32527,1984000
32528,2171300
32529,2453800
32530,2231800
32531,2724200
32532,2354300
32533,2376200
32534,2964800
32535,2071400
32536,1936800
32537,1926500
32538,2749200
32539,3526600
32540,2283400
32541,2093900
32542,2171000
32543,2108600
32544,2092200
32545,2404800
32546,2142500
32547,2624200
32548,2610300
32549,1978800
32550,1849500
32551,2182200
32552,3410600
32553,3599100
32554,2833100
32555,2335300
32556,2459600
32557,2506700
32558,3282900
32559,3069400
32560,2543300
32561,1897900
32562,2016600
32563,2302200
32564,4060400
32565,4148800
32566,2433100
32567,1940400
32568,2103600
32569,2332700
32570,2123500
32571,2379700
32572,2162800
32573,2094300
32574,2052300
32575,2186300
32576,2258300
32577,3534700
32578,4193900
32579,2604800
32580,2213700
32581,2356800
32582,3225900
32583,3152600
32584,3211300
32585,2482300
32586,1917700
32587,2217500
32588,2771700
32589,2739400
32590,3044400
32591,2388600
32592,2047800
32593,2356900
32594,2661400
32595,2066000
32596,1829700
32597,1922400
32598,2292300
32599,2025800
32600,1986800
32601,3023900
32602,3364000
32603,3084600
32604,2511500
32605,2186900
32606,2298400
32607,3009600
32608,2908000
32609,2036700
32610,2344500
32611,2281400
32612,2211500
32613,2381100
32614,3592200
32615,3218400
32616,2948300
32617,2207100
32618,1989500
32619,2173500
32620,2250500
32621,2292800
32622,2003700
32623,2008400
32624,2504100
32625,2454800
32626,2883700
32627,3260600
32628,2823900
32629,2426800
32630,2103600
32631,2409600
32632,2142100
32633,2111700
32634,1992900
32635,2081600
32636,2100400
32637,2069200
32638,2864200
32639,2635600
32640,2594100
32641,3002500
32642,3350600
32643,2111800
32644,2446800
32645,2465300
32646,2146500
32647,2158700
32648,1850500
32649,1844300
32650,1879600
32651,2007200
32652,2671300
32653,3584200
32654,3483000
32655,3044200
32656,2392900
32657,2604200
32658,2216400
32659,1928100
32660,1944200
32661,1977400
32662,3349600
32663,3894600
32664,3216600
32665,3347900
32666,3835200
32667,3659200
32668,4833900
32669,5461500
32670,3992700
32671,4221300
32672,3917800
32673,6026000
32674,4067700
32675,1938700
32676,1923700
32677,2449700
32678,2117300
32679,1702700
32680,1614100
32681,1634800
32682,2104200
32683,3319200
32684,3482500
32685,3078400
32686,2184200
32687,2748700
32688,2486400
32689,2681800
32690,2430900
32691,2724100
32692,2176400
32693,2335200
32694,2551900
32695,2139700
32696,2160600
32697,2183800
32698,2364200
32699,2541300
32700,2789200
32701,2818800
32702,3276700
32703,2774500
32704,2366400
32705,2163700
32706,2169700
32707,2391800
32708,2077300
32709,2486500
32710,1896000
32711,2029000
32712,2083800
32713,1987100
32714,2375400
32715,3166700
32716,3524500
32717,2903100
32718,3274800
32719,1964200
32720,1792900
32721,1745000
32722,1799600
32723,1885700
32724,1838000
32725,1927300
32726,2070000
32727,1912400
32728,2111800
32729,3172200
32730,3244700
32731,2266800
32732,2289800
32733,1937600
32734,2021600
32735,2000000
32736,1683700
32737,1747700
32738,1931600
32739,1811600
32740,1854500
32741,1877500
32742,2033400
32743,2219500
32744,3296200
32745,3222900
32746,2922900
32747,2061600
32748,2185800
32749,2409800
32750,1997000
32751,1954600
32752,2080800
32753,2128300
32754,2024200
32755,1886400
32756,2029200
32757,3075700
32758,3378800
32759,3918100
32760,3183100
32761,2023800
32762,2147600
32763,1758100
32764,1769700
32765,1719300
32766,1763300
32767,1839800
32768,1937900
32769,1923700
32770,1996800
32771,3704300
32772,3301200
32773,3111100
32774,2185400
32775,1889200
32776,2407100
32777,3639800
32778,3246700
32779,2827500
32780,2598800
32781,2617400
32782,2773300
32783,2658300
32784,2054300
32785,2084100
32786,2057800
32787,2013400
32788,2481700
32789,3660000
32790,4414200
32791,2484300
32792,2043600
32793,2267600
32794,3115300
32795,3366300
32796,3343000
32797,2213900
32798,2129100
32799,2011200
32800,1833600
32801,1770300
32802,2018000
32803,1942200
32804,1955300
32805,1808500
32806,1829700
32807,2082700
32808,2687600
32809,2436400
32810,2389400
32811,1686300
32812,1657800
32813,1651300
32814,1577300
32815,1764900
32816,1632000
32817,1656700
32818,1594000
32819,1719200
32820,2098700
32821,1780200
32822,1572600
32823,1593200
32824,1849200
32825,2282300
32826,2348800
32827,2049000
32828,1790000
32829,1784700
32830,1703600
32831,1740900
32832,1797300
32833,1649300
32834,1658300
32835,1650200
32836,1689900
32837,1615200
32838,1766700
32839,1748200
32840,1572700
32841,1728900
32842,1926000
32843,2611600
32844,2154100
32845,1720700
32846,1560400
32847,1851800
32848,1825800
32849,1685600
32850,1729200
32851,1727800
32852,1624700
32853,1571400
32854,1575300
32855,1560100
32856,1570600
32857,1724800
32858,1780900
32859,1706400
32860,2421400
32861,2409100
32862,2182900
32863,1645200
32864,1570100
32865,1732000
32866,1841200
32867,1634200
32868,1727500
32869,1682200
32870,1663400
32871,1637900
32872,1664100
32873,1662000
32874,1565000
32875,1624800
32876,2180900
32877,1960700
32878,2536200
32879,2169800
32880,1898600
32881,1692900
32882,1638900
32883,1510400
32884,1674300
32885,1939000
32886,1721600
32887,1622300
32888,1655200
32889,1635900
32890,1595600
32891,1610100
32892,1600400
32893,1644200
32894,1875700
32895,2343000
32896,2466400
32897,2165700
32898,1724000
32899,1597500
32900,1664700
32901,1629800
32902,1565600
32903,1925100
32904,1913300
32905,1813800
32906,1693800
32907,1653000
32908,1655800
32909,1637400
32910,1633200
32911,1674700
32912,2444900
32913,3092700
32914,2382100
32915,1691100
32916,1611900
32917,1661900
32918,1579200
32919,1576100
32920,1903500
32921,1943900
32922,1743000
32923,1564500
32924,1665200
32925,1606600
32926,1681100
32927,1638900
32928,1628200
32929,1996800
32930,2753500
32931,2789300
32932,1925300
32933,1613900
32934,1572300
32935,1691400
32936,1611600
32937,1990400
32938,1702900
32939,1829800
32940,1671600
32941,1584100
32942,1622000
32943,1603200
32944,1645400
32945,1723300
32946,1879900
32947,2630300
32948,2490500
32949,2658800
32950,1707100
32951,1583200
32952,1735300
32953,1615400
32954,1873900
32955,1647400
32956,1669700
32957,1819300
32958,1734600
32959,1650500
32960,1574900
32961,1628000
32962,1735000
32963,1753500
32964,2699000
32965,2362400
32966,2234000
32967,1701600
32968,1705100
32969,1560600
32970,1624900
32971,1708300
32972,1669600
32973,1592100
32974,1654900
32975,1715900
32976,1949600
32977,1745300
32978,1573800
32979,1588700
32980,1582300
32981,2316800
32982,2597800
32983,2184600
32984,1736000
32985,1882200
32986,1668500
32987,1610300
32988,1617600
32989,1703200
32990,1621400
32991,1564200
32992,1672900
32993,1579600
32994,1553700
32995,1948800
32996,1707200
32997,1627100
32998,1733500
32999,2420600
33000,2317600
33001,2033800
33002,1577800
33003,1821100
33004,2043700
33005,1673700
33006,1852300
33007,1717700
33008,1638900
33009,1700900
33010,1652800
33011,1533100
33012,1677000
33013,2009800
33014,1603100
33015,1643000
33016,2360900
33017,2504700
33018,2165000
33019,1649100
33020,1611900
33021,1700100
33022,1976300
33023,1830200
33024,1627900
33025,1645600
33026,1678800
33027,1651900
33028,1527000
33029,1524900
33030,1716100
33031,1838900
33032,1951700
33033,1892900
33034,2506300
33035,2321500
33036,1903100
33037,1578900
33038,1692200
33039,1650300
33040,1685800
33041,1890700
33042,1700900
33043,1680300
33044,1628100
33045,1503500
33046,1615500
33047,1727200
33048,1562100
33049,1611700
33050,1892800
33051,2148000
33052,2478400
33053,2165000
33054,1804000
33055,1746600
33056,1568900
33057,1586200
33058,1623400
33059,2087500
33060,2063200
33061,1711900
33062,1632600
33063,1655700
33064,1830700
33065,1661300
33066,1594200
33067,1627300
33068,1851600
33069,3328500
33070,2847000
33071,2422700
33072,2009000
33073,1879300
33074,1743300
33075,1861200
33076,1858100
33077,1769600
33078,1715700
33079,1757600
33080,1703400
33081,1774100
33082,1722600
33083,1789300
33084,1896000
33085,2423800
33086,1916600
33087,2355400
33088,1826800
33089,1708200
33090,1647900
33091,1611600
33092,1897300
33093,3006600
33094,3086800
33095,2290200
33096,1684600
33097,1670900
33098,1704600
33099,1676800
33100,2526700
33101,2799700
33102,2422100
33103,1832000
33104,1689200
33105,1552400
33106,1675800
33107,1558900
33108,1674800
33109,1779600
33110,1838800
33111,1732000
33112,1546000
33113,1685200
33114,1577900
33115,1547900
33116,1626100
33117,1872500
33118,1827500
33119,1613600
33120,1781900
33121,1661000
33122,1689400
33123,1579600
33124,1671200
33125,1677700
33126,1558000
33127,2147100
33128,2385200
33129,2392200
33130,1998200
33131,1699400
33132,1616700
33133,1658700
33134,1727600
33135,2054300
33136,2400600
33137,2210400
33138,1957900
33139,1585100
33140,1643000
33141,1545300
33142,1602300
33143,1891900
33144,1749000
33145,1704900
33146,1650900
33147,1767400
33148,1768300
33149,1666300
33150,1599900
33151,1566800
33152,1523600
33153,1830900
33154,1732900
33155,1634400
33156,1616900
33157,1787900
33158,1644700
33159,1712000
33160,1664100
33161,1513700
33162,1900900
33163,2704800
33164,2176500
33165,1720400
33166,1759200
33167,1881500
33168,1735400
33169,1706500
33170,1768000
33171,2516500
33172,2193800
33173,2044500
33174,1531600
33175,1855600
33176,1623700
33177,1649200
33178,1560600
33179,1793800
33180,1586600
33181,1597100
33182,1663400
33183,1600600
33184,1651600
33185,1896200
33186,1759200
33187,1611700
33188,1633500
33189,1740100
33190,1538300
33191,1594200
33192,1700500
33193,1677600
33194,1678200
33195,1731600
33196,1612600
33197,1988500
33198,3054200
33199,2716100
33200,2270500
33201,1860800
33202,1883300
33203,1887500
33204,1886800
33205,1862500
33206,2004500
33207,2242400
33208,2085000
33209,1837000
33210,1780300
33211,2060700
33212,2293200
33213,3291300
33214,2718100
33215,2611000
33216,1930500
33217,1846300
33218,2135700
33219,2799400
33220,3231100
33221,2998400
33222,1841700
33223,1769000
33224,1725500
33225,2446700
33226,2784800
33227,2571800
33228,2139500
33229,1630300
33230,1697800
33231,1631400
33232,1666100
33233,1723100
33234,1992300
33235,1637800
33236,1682100
33237,1722100
33238,1572400
33239,1720700
33240,1740400
33241,1622000
33242,1982400
33243,2604500
33244,2551900
33245,2122400
33246,1672100
33247,1661400
33248,1622100
33249,1617800
33250,1771000
33251,1751200
33252,2309000
33253,1769600
33254,1681800
33255,1634500
33256,1634200
33257,1705200
33258,1641100
33259,1876400
33260,2567600
33261,3253900
33262,2679800
33263,1737800
33264,1715700
33265,1651600
33266,1543700
33267,1645300
33268,1634900
33269,1885500
33270,1728400
33271,1551600
33272,1580000
33273,1572600
33274,1595600
33275,1686400
33276,1669300
33277,2383900
33278,2845200
33279,2514500
33280,1685400
33281,1714800
33282,1684300
33283,1664700
33284,1816000
33285,2756300
33286,2650300
33287,2609500
33288,1802500
33289,1652200
33290,1596900
33291,1927800
33292,2798400
33293,2756500
33294,3781900
33295,2059000
33296,1732800
33297,1778100
33298,1837700
33299,1685400
33300,1604300
33301,1640200
33302,1878500
33303,1892100
33304,1701800
33305,1603400
33306,1673500
33307,1715900
33308,2884500
33309,2782100
33310,2865200
33311,1704900
33312,1785200
33313,1656700
33314,1683700
33315,1830500
33316,1667900
33317,1616000
33318,1710600
33319,1762000
33320,1910200
33321,1682900
33322,1570700
33323,1632100
33324,2074200
33325,2376600
33326,2075100
33327,1747100
33328,1997100
33329,1910800
33330,1688000
33331,1862900
33332,1755100
33333,1714400
33334,1601800
33335,1653300
33336,1581600
33337,1639600
33338,1811600
33339,1763200
33340,1690100
33341,1765700
33342,2770400
33343,2435900
33344,1882800
33345,1723100
33346,1823300
33347,1739400
33348,1729200
33349,1817400
33350,2694400
33351,2329900
33352,1927700
33353,1719000
33354,1634200
33355,2127800
33356,1790800
33357,2085100
33358,2466500
33359,2440200
33360,1810300
33361,1758600
33362,1565900
33363,1827500
33364,1705800
33365,1836100
33366,1693800
33367,1638900
33368,1614300
33369,1726800
33370,1566100
33371,1628400
33372,1602100
33373,1672400
33374,2085300
33375,2858100
33376,2391500
33377,1976800
33378,1554200
33379,1648000
33380,1624500
33381,1636300
33382,2279900
33383,1850200
33384,1666400
33385,1677500
33386,1649400
33387,1603800
33388,1676700
33389,1663500
33390,1576200
33391,1779000
33392,2539100
33393,2526600
33394,2077600
33395,1658400
33396,1715500
33397,1617900
33398,1684100
33399,1648000
33400,2743200
33401,2719400
33402,2165300
33403,1724400
33404,1688700
33405,1634600
33406,1620700
33407,1507000
33408,1798800
33409,1841800
33410,1679700
33411,1621600
33412,1751900
33413,1637600
33414,1681300
33415,1590500
33416,1550300
33417,2153200
33418,3166500
33419,2475200
33420,1881500
33421,1557000
33422,1714600
33423,1625600
33424,1776200
33425,1570100
33426,1582200
33427,1875000
33428,1658100
33429,1743300
33430,1644200
33431,1579700
33432,1610500
33433,1629100
33434,1709800
33435,2661500
33436,2610800
33437,2097000
33438,1664200
33439,1569800
33440,1608500
33441,1646700
33442,1690400
33443,1720700
33444,1674200
33445,1922400
33446,1856700
33447,1687700
33448,1699100
33449,1607800
33450,1537200
33451,1831200
33452,2546700
33453,2392400
33454,2339400
33455,1727700
33456,1720500
33457,1566900
33458,1621100
33459,1746100
33460,1717100
33461,1580800
33462,1635100
33463,1731500
33464,1787200
33465,1650900
33466,1662300
33467,1617000
33468,1643800
33469,1872700
33470,2555500
33471,2343100
33472,1862800
33473,1762600
33474,1628200
33475,1652500
33476,1747500
33477,1740900
33478,1748400
33479,1566900
33480,1734100
33481,1657900
33482,1801500
33483,2018800
33484,2077900
33485,1630800
33486,1978500
33487,2660900
33488,2290400
33489,1808500
33490,1640800
33491,1933300
33492,1611600
33493,1570700
33494,1660600
33495,1702400
33496,1689300
33497,1688700
33498,1659300
33499,1636900
33500,1617100
33501,2001500
33502,1747400
33503,1991000
33504,2564100
33505,2408200
33506,1865500
33507,1687500
33508,1674800
33509,1958500
33510,1784600
33511,1717200
33512,1656300
33513,1731500
33514,1674300
33515,1548600
33516,1645200
33517,1587500
33518,1567400
33519,1789900
33520,1731700
33521,1760200
33522,1647900
33523,1608500
33524,1651500
33525,1624900
33526,1611800
33527,1699100
33528,1583500
33529,1809200
33530,2205500
33531,2426600
33532,2210500
33533,1731100
33534,1545000
33535,1603500
33536,1668100
33537,1640300
33538,2497000
33539,2778200
33540,2226000
33541,1768900
33542,1718000
33543,1560500
33544,1512600
33545,1591500
33546,1785800
33547,1761700
33548,1675100
33549,1707200
33550,1614300
33551,1632600
33552,1620800
33553,1540900
33554,1566700
33555,1960500
33556,1917600
33557,1763800
33558,1666900
33559,1760800
33560,1726300
33561,1567400
33562,1647700
33563,1639800
33564,1612200
33565,2011500
33566,2778700
33567,2408000
33568,1807800
33569,1595600
33570,1544700
33571,1648100
33572,1619500
33573,2091800
33574,3172000
33575,2773500
33576,1972400
33577,1637700
33578,1591400
33579,1575200
33580,1818100
33581,1641900
33582,1615900
33583,2025800
33584,1678500
33585,1646900
33586,1570800
33587,1554700
33588,1536600
33589,1617400
33590,1679000
33591,1744400
33592,1760300
33593,1725600
33594,1684600
33595,1656800
33596,1590000
33597,1623500
33598,1572400
33599,1932100
33600,2415300
33601,2306600
33602,2950100
33603,1684900
33604,1690100
33605,1643900
33606,1508700
33607,1755000
33608,2409400
33609,2281700
33610,2181800
33611,1787500
33612,1778900
33613,1638300
33614,1787400
33615,1808500
33616,1675300
33617,1913700
33618,1671600
33619,1739900
33620,1874000
33621,1628600
33622,1679500
33623,1557300
33624,2025300
33625,2180400
33626,1793100
33627,1725700
33628,1668100
33629,2048000
33630,1860100
33631,1653100
33632,1733900
33633,1715200
33634,2658200
33635,2441400
33636,2134700
33637,1784100
33638,1723500
33639,1685500
33640,1777800
33641,2274100
33642,2561900
33643,2205000
33644,1779400
33645,1666100
33646,1710800
33647,1688800
33648,1613800
33649,1650900
33650,2392900
33651,2432500
33652,1888000
33653,1693000
33654,1579800
33655,1912900
33656,1719000
33657,1846800
33658,1688800
33659,1644600
33660,1652600
33661,1620400
33662,1632300
33663,1651400
33664,1658500
33665,2057100
33666,1919500
33667,1752400
33668,1594000
33669,1665600
33670,1734700
33671,1683500
33672,1684300
33673,1678600
33674,1919100
33675,1783000
33676,2488700
33677,2334300
33678,1933800
33679,1616000
33680,1633400
33681,1572000
33682,1677600
33683,2101500
33684,2753300
33685,2475000
33686,2027900
33687,1649100
33688,1573100
33689,1627000
33690,1683100
33691,2041900
33692,1830300
33693,1675700
33694,1601300
33695,1591500
33696,1680600
33697,1573400
33698,1693700
33699,1649800
33700,1536000
33701,1832600
33702,2834200
33703,2337900
33704,1895800
33705,1605500
33706,1559600
33707,1718300
33708,1568100
33709,1770300
33710,3225200
33711,2524500
33712,1807000
33713,1608500
33714,1604700
33715,1590900
33716,1529500
33717,1754400
33718,1821000
33719,2207500
33720,1791200
33721,1728900
33722,1585400
33723,1501800
33724,1678700
33725,1620200
33726,1952000
33727,3258100
33728,3404800
33729,2297100
33730,1995500
33731,1753600
33732,1674500
33733,1859400
33734,1696000
33735,1779900
33736,1709200
33737,1758700
33738,1685300
33739,1576300
33740,1687400
33741,1696900
33742,2253300
33743,3231900
33744,4304300
33745,2905600
33746,1953900
33747,1961700
33748,2278400
33749,2022700
33750,1984500
33751,2060000
33752,1915400
33753,1770700
33754,1800300
33755,1896900
33756,2087000
33757,2971700
33758,3048100
33759,2302600
33760,1782600
33761,1832000
33762,1801100
33763,1963600
33764,1828900
33765,1793300
33766,1701000
33767,1805300
33768,1762200
33769,1550200
33770,1603600
33771,1554100
33772,1972600
33773,2545400
33774,2205100
33775,2197400
33776,1688500
33777,1765000
33778,1669900
33779,1665300
33780,1773700
33781,2039000
33782,2368000
33783,2247200
33784,2190700
33785,2104700
33786,1961300
33787,2528500
33788,3096700
33789,3265400
33790,3115500
33791,2119900
33792,1740600
33793,1691600
33794,1795200
33795,1674500
33796,1655900
33797,1689400
33798,1606500
33799,1647100
33800,2057000
33801,1799800
33802,1746100
33803,1672200
33804,1632500
33805,1636700
33806,1648700
33807,1615100
33808,1631400
33809,1853200
33810,2024700
33811,1590000
33812,1766100
33813,2483200
33814,2172900
33815,1911500
33816,1561700
33817,1659000
33818,1671800
33819,2007700
33820,1873200
33821,2460800
33822,2416900
33823,2163400
33824,1621200
33825,1696500
33826,1587700
33827,1761800
33828,1921800
33829,1695100
33830,1660100
33831,1641000
33832,1663600
33833,1669500
33834,1613600
33835,1616700
33836,1578100
33837,2042600
33838,2322400
33839,1865700
33840,2445100
33841,2141200
33842,1965100
33843,1772400
33844,1648600
33845,1907100
33846,2467700
33847,2993300
33848,2723600
33849,1948400
33850,1714300
33851,1657600
33852,1560000
33853,2230200
33854,2610000
33855,2222400
33856,1946400
33857,1688500
33858,1635500
33859,1660000
33860,1637000
33861,1941000
33862,2548800
33863,2368100
33864,2168600
33865,1723000
33866,1544500
33867,1551100
33868,1558000
33869,1547500
33870,1776300
33871,2000900
33872,1686300
33873,1686400
33874,1562000
33875,1547500
33876,1604000
33877,1617800
33878,1563000
33879,1640900
33880,2669700
33881,2646000
33882,2069300
33883,1637700
33884,1643400
33885,1672600
33886,1664900
33887,1912200
33888,2544400
33889,3126100
33890,2285900
33891,1656300
33892,1627000
33893,1708900
33894,1641500
33895,2238700
33896,3025400
33897,2679300
33898,1778400
33899,1552100
33900,1706900
33901,1609000
33902,1548800
33903,1770700
33904,1673800
33905,1655700
33906,1732400
33907,1687900
33908,1630100
33909,1608000
33910,1500900
33911,1715400
33912,1713800
33913,2294200
33914,2271200
33915,2377000
33916,1798600
33917,1738700
33918,1640700
33919,1616200
33920,1796200
33921,1722900
33922,1684700
33923,1563000
33924,1869100
33925,1894600
33926,1698800
33927,1680800
33928,1637700
33929,1610900
33930,1949100
33931,2474100
33932,2312000
