idx,delta_ns
0,3013200
1,2790500
2,2783900
3,2984400
4,3576900
5,2818200
6,2759500
7,2874200
8,3024900
9,3261900
10,3064400
11,2646400
12,2853300
13,2786800
14,3003200
15,3253700
16,2917800
17,2730100
18,2912300
19,2851200
20,3588600
21,3010900
22,2751800
23,2678200
24,2804100
25,3090600
26,3519300
27,2717900
28,2780000
29,2824200
30,2820300
31,3006000
32,3317200
33,2879600
34,2767500
35,2763300
36,2864500
37,3300100
38,2727100
39,2931000
40,2679900
41,2872100
42,3302400
43,3133000
44,2764500
45,2789400
46,2787200
47,2844900
48,3474100
49,3294600
50,3111800
51,2788900
52,2512300
53,2818000
54,2860200
55,3127800
56,2689700
57,2894000
58,3016600
59,3022500
60,3165700
61,2811000
62,2719600
63,2956400
64,2782900
65,2955500
66,3121500
67,2661500
68,2841900
69,2924600
70,2813500
71,3261300
72,2822700
73,2807200
74,2936800
75,3021500
76,3039200
77,3275400
78,2750700
79,2856000
80,3112400
81,2652500
82,3305100
83,3221200
84,2870700
85,2972600
86,2851500
87,2917200
88,3217800
89,2846700
90,2978500
91,2770200
92,2837600
93,3026500
94,3322300
95,2948800
96,2769800
97,2856100
98,2816500
99,3147700
100,3201400
101,3499100
102,2619600
103,3148300
104,2729600
105,3166800
106,2636700
107,2822800
108,2845100
109,2816500
110,3075800
111,3296300
112,2760000
113,2854100
114,2937900
115,2799600
116,3599200
117,3509300
118,2240700
119,2752800
120,2896900
121,3031400
122,3265400
123,2738200
124,2860700
125,2924200
126,2790900
127,3088000
128,3096100
129,2771100
130,2884200
131,2809500
132,3023200
133,3558000
134,2666100
135,2816100
136,2892600
137,3136700
138,3082900
139,2793600
140,2757000
141,2857400
142,3193200
143,2821900
144,3045100
145,3085600
146,2814800
147,2862200
148,3018800
149,2835600
150,3333200
151,2752000
152,2810800
153,2712900
154,2874100
155,3056800
156,3172000
157,2720400
158,2834900
159,3176100
160,2786300
161,3018800
162,3133100
163,2739900
164,2959900
165,2732300
166,2863000
167,3582500
168,2707900
169,2895000
170,2781200
171,2778600
172,3167700
173,3058200
174,2975800
175,2588300
176,2818700
177,3153400
178,2988200
179,3125300
180,3095400
181,2557100
182,2770100
183,2874700
184,3295300
185,2800700
186,2728400
187,2825100
188,2802100
189,3049900
190,3309000
191,2772600
192,2708800
193,2839300
194,3152700
195,2899500
196,3556500
197,2565000
198,2808600
199,2966200
200,2922500
201,3454100
202,2797800
203,2706500
204,2907100
205,2851600
206,3029700
207,3500800
208,2787100
209,2801000
210,3013300
211,3058800
212,3477600
213,2818800
214,2797400
215,2903200
216,2820700
217,3148900
218,3162600
219,2880000
220,2794000
221,2917900
222,3109700
223,2927800
224,3168600
225,2838600
226,2816600
227,2896000
228,3170800
229,3109700
230,2861000
231,2786500
232,2934500
233,3162700
234,2957100
235,3393800
236,2765600
237,2806800
238,3001000
239,2822000
240,3278800
241,3099400
242,2874000
243,3090500
244,2845900
245,3201200
246,3076000
247,2677300
248,3031700
249,2719800
250,2812000
251,3098300
252,3217800
253,2766900
254,3099400
255,2800500
256,2983900
257,3367600
258,2779700
259,2893300
260,2767800
261,2872600
262,3013100
263,3261500
264,2791500
265,2764400
266,2899300
267,2759700
268,3216300
269,3150700
270,2697200
271,3162300
272,2777200
273,3023700
274,3279800
275,2761200
276,2776100
277,2924000
278,2733000
279,3059100
280,3654500
281,2572700
282,2772800
283,2932300
284,2784600
285,3740400
286,2837500
287,2436200
288,2878200
289,3090600
290,2874500
291,3338500
292,2853100
293,2784700
294,2848600
295,2832100
296,3085200
297,3241700
298,2658000
299,2892100
300,2956800
301,2747500
302,2971900
303,3269300
304,2746300
305,2893100
306,3147400
307,2802800
308,3297100
309,2705700
310,3092100
311,3136800
312,2617500
313,3204700
314,3298800
315,2689300
316,2893800
317,2940900
318,2833100
319,3268300
320,2843500
321,2784900
322,3032000
323,3048500
324,2896100
325,3319600
326,2671800
327,2880400
328,2864200
329,2831100
330,2911800
331,3282100
332,2785400
333,2828700
334,2842900
335,2961100
336,3318400
337,2734500
338,2911000
339,2794500
340,2846900
341,2924900
342,3304700
343,2786500
344,2865000
345,2755600
346,2807900
347,3267100
348,3057600
349,3086300
350,2798600
351,2842900
352,2875800
353,3507000
354,3046700
355,2640600
356,2785200
357,2831800
358,3109000
359,3352300
360,2733800
361,2716800
362,2918900
363,2727700
364,3554300
365,2680000
366,3145500
367,2719200
368,2820000
369,2931400
370,3478600
371,2653200
372,2860000
373,2848000
374,2711900
375,3140600
376,3083000
377,2751200
378,2932500
379,2741700
380,2888700
381,3179800
382,2964200
383,2870000
384,3063100
385,2793800
386,2941700
387,3441600
388,2770500
389,2945800
390,2748600
391,3133100
392,3218500
393,3123100
394,2633900
395,2842300
396,2871400
397,2739100
398,2917900
399,3127600
400,2855400
401,2985600
402,2762200
403,2782800
404,3049900
405,3117200
406,3073500
407,2613600
408,2850700
409,2933700
410,3224100
411,2720500
412,3005100
413,2758700
414,2841600
415,3052800
416,3259000
417,3115000
418,2929800
419,2798000
420,2963100
421,3286400
422,3512800
423,2415200
424,2742500
425,2847100
426,3166200
427,3571900
428,2713100
429,2771500
430,2918200
431,2919400
432,3379000
433,2898800
434,2831700
435,2841000
436,2931000
437,3252900
438,3478300
439,3101700
440,2759100
441,2915300
442,3209000
443,3742200
444,2213900
445,3750100
446,4545500
447,2084900
448,2209500
449,2495700
450,2836600
451,2821700
452,2971400
453,2824700
454,3158200
455,3044400
456,3546400
457,2365900
458,2923800
459,2984700
460,3323500
461,2751800
462,2832000
463,2911700
464,2970200
465,3043300
466,3133000
467,2782200
468,2910400
469,2859800
470,2890500
471,3469100
472,2660100
473,2829700
474,2939000
475,2933700
476,3166300
477,2907500
478,3079500
479,2806400
480,2973000
481,2740100
482,3106400
483,3150200
484,2762700
485,2826600
486,2906700
487,2851700
488,3370100
489,2696600
490,2857300
491,3118000
492,2594500
493,3073600
494,3180300
495,3011200
496,2865700
497,2740700
498,2806900
499,3164300
500,3193900
501,2729000
502,2829600
503,2875900
504,2763500
505,2963100
506,3174100
507,2923200
508,2659200
509,2841300
510,2945900
511,3261800
512,2684600
513,2854300
514,2821900
515,2791400
516,3112300
517,3299100
518,2745100
519,2706200
520,2823400
521,2753800
522,3029700
523,3366100
524,2827500
525,2692900
526,2837100
527,2978000
528,3264700
529,2763000
530,2772700
531,2815800
532,2791500
533,3202900
534,3485900
535,2631900
536,2789800
537,2929600
538,2868200
539,3291600
540,3127300
541,2779700
542,2896400
543,2858300
544,2879500
545,3337900
546,2763200
547,2829000
548,2915000
549,2895800
550,3164400
551,3342000
552,2777900
553,2978500
554,2924700
555,2802000
556,3310500
557,2789900
558,2890500
559,2869500
560,2975100
561,2913600
562,3322800
563,2772700
564,2908800
565,3008200
566,3043500
567,3213500
568,2716800
569,2883300
570,2908300
571,3157500
572,2718900
573,3263000
574,3084200
575,2870800
576,2990200
577,3101200
578,3101400
579,3162800
580,2884500
581,2874100
582,3005800
583,2875600
584,2849800
585,3322100
586,2921100
587,3161600
588,3160200
589,2986500
590,2832700
591,2778600
592,2803700
593,2831700
594,3118600
595,2975700
596,3330100
597,2912300
598,2739600
599,2851800
600,3060600
601,3194800
602,2764100
603,2874500
604,2858600
605,2849900
606,2995100
607,3361700
608,2852000
609,2771800
610,2902700
611,2791600
612,3601400
613,2704000
614,2819200
615,2862000
616,3112800
617,2902700
618,3364000
619,2789200
620,2788800
621,2876000
622,2815200
623,3173300
624,3219400
625,2637200
626,2794900
627,2983000
628,2763900
629,3002200
630,3442900
631,2596500
632,2710100
633,3095500
634,2929700
635,3334600
636,2656400
637,2763300
638,2823500
639,2861000
640,2972700
641,3464000
642,2697900
643,2790100
644,2711900
645,2911200
646,3361500
647,2902500
648,2786300
649,2825600
650,3071200
651,3109300
652,3093800
653,2743700
654,2836700
655,2731000
656,2860300
657,3030100
658,3089000
659,2866200
660,2763500
661,2871900
662,3122000
663,2791800
664,3165400
665,2803700
666,2788000
667,3031100
668,2855000
669,3296500
670,2685100
671,2910800
672,3204300
673,2860400
674,3012400
675,3237300
676,2834700
677,2898300
678,3103100
679,2728900
680,3155600
681,3213000
682,2861200
683,3113000
684,2701500
685,3323800
686,2993500
687,2800500
688,2947800
689,3182900
690,2861600
691,3032200
692,3177300
693,2837600
694,2963900
695,2808100
696,2970800
697,3448300
698,2697100
699,3041100
700,2689000
701,3001600
702,3128500
703,2983500
704,3065400
705,2689800
706,3186100
707,2903400
708,3406000
709,2768300
710,2866600
711,2925800
712,2855100
713,2930600
714,3317900
715,2952600
716,2723300
717,2993000
718,2729400
719,3198200
720,3355400
721,2783400
722,2950000
723,2880000
724,3015100
725,3213800
726,2785200
727,3022500
728,2948400
729,2804600
730,2943700
731,3534400
732,2884000
733,3060500
734,2763500
735,2799700
736,3328700
737,2642600
738,2810100
739,2876100
740,2808600
741,3042100
742,3252000
743,2770200
744,2893500
745,2744500
746,2906200
747,3060900
748,3005400
749,2718000
750,2908100
751,2761100
752,2868200
753,3171000
754,3032000
755,2854100
756,2772100
757,2901700
758,3231500
759,3401600
760,2821100
761,2805900
762,2812900
763,3144100
764,2860000
765,3222700
766,2631900
767,2879500
768,2978200
769,2735500
770,3296200
771,2847200
772,2772900
773,2843300
774,3300500
775,2743200
776,3377900
777,2622500
778,2721600
779,3103500
780,2621200
781,3090800
782,3092300
783,2775400
784,3368300
785,2642400
786,2862000
787,2918000
788,3278300
789,2754400
790,2932400
791,2819100
792,2995800
793,3387800
794,2837900
795,3243100
796,2458300
797,2793700
798,3078400
799,3237400
800,2724700
801,3159800
802,2760200
803,2957400
804,3288600
805,3008700
806,2627100
807,2878200
808,2790400
809,3056600
810,3263200
811,2742000
812,2876400
813,2794100
814,2832000
815,3182500
816,3149800
817,2698200
818,3178900
819,2747500
820,3003800
821,3452900
822,2604400
823,2854200
824,2804600
825,2847000
826,2994500
827,3331600
828,2711200
829,2823600
830,2849800
831,2860400
832,3417400
833,2989100
834,2785800
835,3056100
836,2869500
837,3182000
838,3201200
839,2625900
840,2802100
841,2978400
842,2728800
843,3132100
844,3187300
845,2720500
846,2821500
847,2918000
848,2882400
849,3293500
850,2720300
851,2865500
852,2723100
853,3043200
854,2821900
855,3277200
856,2760000
857,3099300
858,2754500
859,3110600
860,2874700
861,3118300
862,2728100
863,2817500
864,3156300
865,2749700
866,3348500
867,2839000
868,2708000
869,3056400
870,2624400
871,2953500
872,3206100
873,2771100
874,2840900
875,2834200
876,2791700
877,3205700
878,3110800
879,2993400
880,2891600
881,2754300
882,2853900
883,3383200
884,2734800
885,2998000
886,2716700
887,2800600
888,2954900
889,3436900
890,2718200
891,2894900
892,2851900
893,2825900
894,3223300
895,3103900
896,3077000
897,2813200
898,2852300
899,2966400
900,3064900
901,3362800
902,2750900
903,2814300
904,2839800
905,3223800
906,3342800
907,2627900
908,2934900
909,2919500
910,2822300
911,3508500
912,2876800
913,3157600
914,2768000
915,2863700
916,3032300
917,3442700
918,2698500
919,2921400
920,2784800
921,2902800
922,3090800
923,3262100
924,2851300
925,2855100
926,2984700
927,2932500
928,3359400
929,2764400
930,2854000
931,2884300
932,3512400
933,2780600
934,3364300
935,2761400
936,2777200
937,3005200
938,2760000
939,3230700
940,3244200
941,2732100
942,3121600
943,2663000
944,2989500
945,3347200
946,2835800
947,2806000
948,2967800
949,2800800
950,3233300
951,3334600
952,2745200
953,3053600
954,2646500
955,2998600
956,3323600
957,2835700
958,2919100
959,2776900
960,2794500
961,2982000
962,3305200
963,2859000
964,2744500
965,2963700
966,2875000
967,2961100
968,3206200
969,3100700
970,2689100
971,2874400
972,2848700
973,3422100
974,3116400
975,2673800
976,2610800
977,2841700
978,2985500
979,3619000
980,2741300
981,2693700
982,2801600
983,2846200
984,3389200
985,2982300
986,2916300
987,2803000
988,2759500
989,2977100
990,3296800
991,2738800
992,2758900
993,2836700
994,2837600
995,3023100
996,3216900
997,2672500
998,2859800
999,2826900
1000,2753800
1001,3040800
1002,3247900
1003,2700200
1004,2798900
1005,2927400
1006,2993300
1007,3133200
1008,3147900
1009,2742200
1010,2833200
1011,2853000
1012,3132100
1013,3355200
1014,2768900
1015,2787800
1016,2824700
1017,2954600
1018,3291900
1019,2798700
1020,2882100
1021,2781500
1022,2960700
1023,2880100
1024,2978300
1025,3550100
1026,2754400
1027,2869500
1028,2861300
1029,2945000
1030,3346800
1031,2800500
1032,2769800
1033,2945100
1034,2898500
1035,2940100
1036,3377000
1037,2710100
1038,3098400
1039,2745000
1040,2952400
1041,3305900
1042,2855400
1043,2927200
1044,2769000
1045,2937400
1046,3020600
1047,3262500
1048,3097300
1049,2613400
1050,2952300
1051,3120600
1052,3584400
1053,2928500
1054,2802600
1055,2806800
1056,2906100
1057,3061900
1058,3347100
1059,2868100
1060,2777600
1061,2967100
1062,2786900
1063,3715600
1064,2740800
1065,2766600
1066,2867700
1067,2904100
1068,2928900
1069,3455600
1070,2768900
1071,2792200
1072,2880600
1073,2866900
1074,3217500
1075,3254900
1076,2797600
1077,2866200
1078,2765900
1079,2962300
1080,3313500
1081,2874100
1082,2633900
1083,2850600
1084,2966100
1085,3112900
1086,2967600
1087,2991000
1088,2791700
1089,2738200
1090,3160100
1091,2746800
1092,3390200
1093,2807200
1094,2844000
1095,2956100
1096,2798200
1097,3256800
1098,2856900
1099,2789200
1100,2781600
1101,3028700
1102,3136700
1103,3236800
1104,2724700
1105,2791000
1106,3300800
1107,2498800
1108,2976100
1109,3093700
1110,2802000
1111,2765100
1112,3323100
1113,2764800
1114,2851500
1115,3020900
1116,2672500
1117,3256500
1118,2485900
1119,3133900
1120,3185600
1121,2803100
1122,2855200
1123,2845400
1124,2707100
1125,3024000
1126,3720300
1127,3390900
1128,2557300
1129,3949600
1130,4762800
1131,2364700
1132,1826400
1133,2166700
1134,3178600
1135,2410300
1136,2984400
1137,3160700
1138,3007600
1139,2624900
1140,2835900
1141,2804600
1142,3511700
1143,2631300
1144,2837800
1145,2864600
1146,3100500
1147,2892500
1148,3198500
1149,2942300
1150,2770900
1151,2789300
1152,2776900
1153,3012700
1154,3065600
1155,2890700
1156,2808200
1157,2884500
1158,2779900
1159,3115800
1160,3296100
1161,2669000
1162,2788700
1163,3213700
1164,2922600
1165,3519400
1166,2769400
1167,2726600
1168,2823600
1169,2938600
1170,3092600
1171,3064400
1172,2791500
1173,2936100
1174,2729400
1175,2909100
1176,3177800
1177,2977000
1178,2772100
1179,2881200
1180,2980900
1181,3283500
1182,3110900
1183,2738900
1184,2917900
1185,2822200
1186,3144400
1187,2973200
1188,2990800
1189,2762400
1190,2902900
1191,2953400
1192,2947400
1193,3339500
1194,2682500
1195,2933200
1196,2805100
1197,3339700
1198,2759200
1199,3295100
1200,2747100
1201,2865500
1202,3430900
1203,2885300
1204,3250300
1205,2708900
1206,2812200
1207,2901000
1208,2967900
1209,2893300
1210,3239900
1211,2767400
1212,2903500
1213,2856700
1214,2794700
1215,3370600
1216,2928600
1217,2785800
1218,2977300
1219,3070800
1220,2755000
1221,3398100
1222,2814700
1223,2907600
1224,2760300
1225,2906300
1226,3018500
1227,3344500
1228,2716200
1229,2980800
1230,2777500
1231,2878100
1232,3085200
1233,3195900
1234,2745500
1235,2967100
1236,3069800
1237,2993700
1238,3570800
1239,2904200
1240,2739700
1241,2893900
1242,2844100
1243,3099200
1244,3252900
1245,2817400
1246,2879700
1247,2813100
1248,2924300
1249,3400000
1250,3110600
1251,2615300
1252,2818000
1253,3174100
1254,3033900
1255,3285100
1256,2840500
1257,2787600
1258,2902800
1259,2845100
1260,3356500
1261,2954600
1262,2777500
1263,2986700
1264,2782400
1265,2910400
1266,3486200
1267,2850000
1268,2671000
1269,2878900
1270,2895800
1271,3270000
1272,3009900
1273,2869400
1274,2773700
1275,3116300
1276,3261600
1277,3133900
1278,3184900
1279,2856200
1280,2651600
1281,2828800
1282,3053600
1283,3257000
1284,2739000
1285,2886700
1286,2904200
1287,2909400
1288,3043200
1289,3154200
1290,2771800
1291,2903200
1292,3177000
1293,2896300
1294,3320700
1295,2833600
1296,2810700
1297,3023200
1298,2746800
1299,2924300
1300,3355300
1301,2737100
1302,2878700
1303,2899100
1304,2838100
1305,2908500
1306,3328900
1307,2741200
1308,3157700
1309,2932200
1310,2881600
1311,3333300
1312,2788400
1313,3086400
1314,2877900
1315,2619600
1316,2928600
1317,3445300
1318,2666000
1319,2956100
1320,2755400
1321,2835800
1322,3489200
1323,2817100
1324,3091100
1325,2548100
1326,3084500
1327,3079300
1328,3167400
1329,3017700
1330,2580800
1331,2824000
1332,2829100
1333,3075000
1334,3152200
1335,2739700
1336,2787700
1337,2828100
1338,2865400
1339,3346900
1340,2915800
1341,2686900
1342,2822000
1343,2814500
1344,3109500
1345,3216500
1346,2707200
1347,2786100
1348,3134900
1349,2764100
1350,3023700
1351,3422300
1352,2796200
1353,2817200
1354,2832200
1355,2977700
1356,3471200
1357,2534200
1358,2755300
1359,2945600
1360,2758800
1361,2966800
1362,3405400
1363,2639000
1364,2828300
1365,3071400
1366,2818200
1367,3099600
1368,3134000
1369,2721400
1370,2907600
1371,2780500
1372,2901600
1373,3081900
1374,3085500
1375,2812700
1376,2826700
1377,2820700
1378,3279200
1379,2998000
1380,2744600
1381,2886100
1382,2800800
1383,3075300
1384,2948900
1385,3357100
1386,2740500
1387,3117600
1388,3151400
1389,2697900
1390,3388400
1391,2758500
1392,2897500
1393,2886400
1394,2920900
1395,3194700
1396,3019200
1397,2811300
1398,2936000
1399,3109400
1400,2611000
1401,3054200
1402,3204300
1403,2781500
1404,2983800
1405,2826700
1406,3096000
1407,3329900
1408,2963300
1409,2821600
1410,3001900
1411,2760300
1412,3103900
1413,3233200
1414,2737600
1415,3154900
1416,3014000
1417,3078500
1418,2889800
1419,2907300
1420,3058200
1421,2714700
1422,2771900
1423,2933500
1424,3549200
1425,2761900
1426,2949300
1427,2865800
1428,2719000
1429,3073800
1430,3266000
1431,2768000
1432,2747900
1433,2828900
1434,2844300
1435,3378900
1436,3060900
1437,2574600
1438,3125900
1439,2850500
1440,2986500
1441,3331000
1442,2671100
1443,2907800
1444,2790600
1445,2847900
1446,2959500
1447,3391700
1448,2649800
1449,2800200
1450,2871900
1451,2884700
1452,3829400
1453,2701300
1454,2712500
1455,2600000
1456,2802000
1457,3370900
1458,2860500
1459,2677300
1460,2813300
1461,2860900
1462,2775000
1463,3441200
1464,3272600
1465,2724200
1466,2766500
1467,2816800
1468,2979300
1469,2850500
1470,3195400
1471,2712500
1472,2873700
1473,3281900
1474,2608200
1475,3121300
1476,2837200
1477,2712200
1478,2906600
1479,2785400
1480,3065100
1481,3249500
1482,3011000
1483,2774400
1484,2874300
1485,2754200
1486,2931200
1487,3259100
1488,2743900
1489,3046600
1490,2647000
1491,3226000
1492,2933300
1493,2859700
1494,2765400
1495,2938600
1496,2769500
1497,3124100
1498,3405500
1499,2919600
1500,2898600
1501,2876700
1502,2754600
1503,3401100
1504,2783700
1505,2971900
1506,2653500
1507,2718300
1508,2925300
1509,3382500
1510,2767700
1511,2866000
1512,2726700
1513,2873100
1514,2942400
1515,3252800
1516,2991200
1517,2734200
1518,2726100
1519,2766500
1520,3439500
1521,3029800
1522,2956900
1523,2704700
1524,2806700
1525,3038200
1526,3180200
1527,3027400
1528,2634100
1529,2831300
1530,2824100
1531,2946000
1532,3602800
1533,2819800
1534,2544300
1535,2926100
1536,2767600
1537,3566100
1538,3130700
1539,2762400
1540,2767200
1541,2938600
1542,3056000
1543,3547700
1544,2611400
1545,2831200
1546,2775500
1547,2916900
1548,3173300
1549,3017700
1550,2849600
1551,2847000
1552,2845600
1553,2841800
1554,3110500
1555,3468300
1556,2752800
1557,2921400
1558,2810100
1559,3193400
1560,3052200
1561,2801000
1562,2982100
1563,2805500
1564,3086700
1565,2815700
1566,3279900
1567,2810100
1568,2938500
1569,2823800
1570,3064900
1571,3364200
1572,2702400
1573,3031000
1574,2786200
1575,3021100
1576,2978900
1577,3536700
1578,2822000
1579,2878700
1580,3022100
1581,2963300
1582,3172500
1583,2849000
1584,2942100
1585,2984800
1586,2727700
1587,3020600
1588,3329100
1589,2891800
1590,2767500
1591,2987200
1592,2862800
1593,3245200
1594,3250200
1595,2850300
1596,2867600
1597,2820400
1598,3156400
1599,3159000
1600,2945000
1601,2883500
1602,2849300
1603,2863600
1604,3105400
1605,3191200
1606,3058800
1607,2634300
1608,2891500
1609,3197200
1610,3434900
1611,3335000
1612,2574200
1613,2862200
1614,2922800
1615,3191200
1616,3019900
1617,2968900
1618,2746400
1619,2850200
1620,2964200
1621,3387400
1622,3048100
1623,3195500
1624,2688300
1625,2556200
1626,2858300
1627,3354600
1628,2661500
1629,2869100
1630,2833500
1631,2946500
1632,3210200
1633,2898700
1634,2813300
1635,2849500
1636,3106200
1637,2870800
1638,3388000
1639,2738200
1640,2836400
1641,2858500
1642,2802900
1643,3218600
1644,3003100
1645,2715600
1646,2892500
1647,2734500
1648,3023300
1649,3114200
1650,3071400
1651,2818200
1652,2725700
1653,2960700
1654,4231800
1655,2824200
1656,2670100
1657,2540600
1658,2757900
1659,2807400
1660,2919800
1661,3344800
1662,2748400
1663,2807400
1664,2792700
1665,2893900
1666,2923300
1667,3239800
1668,2678300
1669,2795400
1670,3096200
1671,2980200
1672,3291900
1673,2671500
1674,2830200
1675,2930500
1676,2771700
1677,3050900
1678,3218000
1679,2654100
1680,2839500
1681,2969500
1682,2720700
1683,3021400
1684,3177300
1685,2755800
1686,2904300
1687,2808100
1688,2900600
1689,3112900
1690,3090000
1691,2926700
1692,2689400
1693,3213800
1694,2952800
1695,3222500
1696,2785800
1697,2826700
1698,2851400
1699,2901100
1700,3178800
1701,3104300
1702,2787800
1703,2840700
1704,2928100
1705,2995200
1706,3302700
1707,2885000
1708,2688500
1709,2876300
1710,3244300
1711,3088800
1712,3193600
1713,2785200
1714,2941300
1715,2854600
1716,2942700
1717,3221600
1718,3052800
1719,2809300
1720,2942200
1721,2867900
1722,3145200
1723,3364300
1724,2824700
1725,2919100
1726,2857600
1727,2978200
1728,3490000
1729,2738500
1730,2784100
1731,3214600
1732,2876100
1733,3000700
1734,3416400
1735,2738400
1736,2936600
1737,2970600
1738,2865600
1739,2982300
1740,3181800
1741,2857900
1742,2824600
1743,3176200
1744,2790900
1745,2911000
1746,3196900
1747,2775900
1748,3254800
1749,2793600
1750,3052500
1751,3169100
1752,2784900
1753,2878200
1754,3288200
1755,2805700
1756,3418300
1757,2817300
1758,2860700
1759,3057200
1760,2725500
1761,2849200
1762,3212300
1763,2859600
1764,3038200
1765,2756500
1766,2927600
1767,2780700
1768,3225300
1769,2768400
1770,2952300
1771,2749100
1772,2832700
1773,2778600
1774,3410700
1775,2937800
1776,2699100
1777,2793800
1778,2861600
1779,3351200
1780,3204700
1781,2482400
1782,2660900
1783,3150500
1784,2955900
1785,3308900
1786,2745600
1787,2743500
1788,2899600
1789,2760800
1790,2930400
1791,3906000
1792,2689100
1793,2549000
1794,2697800
1795,2726800
1796,3891100
1797,2427100
1798,2738600
1799,2771200
1800,3153700
1801,3176400
1802,3025600
1803,2716700
1804,2796400
1805,2745500
1806,4118700
1807,2977700
1808,3164900
1809,4146900
1810,3026900
1811,2236700
1812,2130200
1813,2933000
1814,2763600
1815,2809200
1816,2871800
1817,3034500
1818,2822800
1819,3175800
1820,2727000
1821,2958200
1822,3051500
1823,2818400
1824,2944200
1825,3122200
1826,2834100
1827,2830900
1828,2945400
1829,2856000
1830,3406100
1831,2694000
1832,2792700
1833,2972400
1834,2707300
1835,3010500
1836,3239900
1837,2766700
1838,2736100
1839,2923400
1840,2795100
1841,3538700
1842,2732500
1843,2957400
1844,2843600
1845,2773200
1846,2989900
1847,3241300
1848,2861300
1849,3029100
1850,2584700
1851,2857800
1852,2993100
1853,3127000
1854,3072400
1855,2610000
1856,2776100
1857,2924500
1858,3424500
1859,2886700
1860,2752900
1861,3132400
1862,2797300
1863,3062700
1864,3310800
1865,2809900
1866,2736900
1867,2831300
1868,2959600
1869,2971900
1870,3506800
1871,2741700
1872,2842300
1873,2894100
1874,2947400
1875,3568100
1876,2547700
1877,2905300
1878,3111000
1879,2905600
1880,3159600
1881,3162100
1882,2704900
1883,2900600
1884,2824400
1885,2857800
1886,3367000
1887,2971700
1888,2686600
1889,2888000
1890,2873800
1891,2994700
1892,3222100
1893,2831700
1894,2709200
1895,2856800
1896,2861800
1897,3083900
1898,3234400
1899,2673800
1900,2835200
1901,2849800
1902,3072300
1903,3145100
1904,3262900
1905,2696800
1906,2958100
1907,2911500
1908,3204000
1909,3223200
1910,2810900
1911,2833400
1912,3036400
1913,2747700
1914,3077300
1915,3226100
1916,3040200
1917,2866700
1918,2837800
1919,2914800
1920,3308000
1921,2869100
1922,2882500
1923,2859800
1924,2806900
1925,3042000
1926,3193200
1927,3024900
1928,2779400
1929,2869600
1930,2804000
1931,3438700
1932,2819300
1933,3239400
1934,2568600
1935,2831900
1936,3035000
1937,3270200
1938,3366900
1939,2621400
1940,2846100
1941,2856000
1942,3218700
1943,3214300
1944,2935200
1945,2796000
1946,2841000
1947,3004100
1948,3358100
1949,3217000
1950,2512600
1951,3147900
1952,2817000
1953,3097300
1954,3353800
1955,2592900
1956,2946000
1957,2797000
1958,2926900
1959,3259100
1960,2986800
1961,2752000
1962,2901100
1963,2884000
1964,3136100
1965,3380700
1966,3151700
1967,2619700
1968,2645400
1969,2724500
1970,3179200
1971,3155600
1972,3032600
1973,2799800
1974,2857500
1975,3123500
1976,3176500
1977,2846200
1978,2736000
1979,2899400
1980,2872100
1981,3007900
1982,3471900
1983,2664200
1984,2854400
1985,2929900
1986,2808200
1987,3078200
1988,3097600
1989,2761800
1990,2862500
1991,3090600
1992,2717400
1993,3606000
1994,2870700
1995,3164800
1996,2565500
1997,2982800
1998,2729700
1999,3187600
2000,2684700
2001,2861300
2002,2929900
2003,2700500
2004,3415300
2005,2768900
2006,2777700
2007,3069100
2008,2666200
2009,2753100
2010,3479300
2011,2944700
2012,2835200
2013,2839400
2014,2773900
2015,3002200
2016,3469100
2017,2689100
2018,2844600
2019,2878900
2020,2783200
2021,3006500
2022,3205600
2023,2821600
2024,2714600
2025,2885900
2026,2827200
2027,2969600
2028,3607500
2029,2670700
2030,3223000
2031,2372200
2032,3048100
2033,3130700
2034,2898300
2035,2733000
2036,2892300
2037,2821700
2038,2959400
2039,3268500
2040,2746400
2041,2815500
2042,2949600
2043,2787800
2044,3570400
2045,2692800
2046,2673500
2047,2871300
2048,2901100
2049,3062700
2050,3548800
2051,2674800
2052,2875400
2053,2853900
2054,2869300
2055,3258800
2056,3244300
2057,2733200
2058,2873300
2059,2803300
2060,3064000
2061,3246700
2062,2857300
2063,2812800
2064,3281900
2065,2624000
2066,3083700
2067,3354100
2068,2752300
2069,2958300
2070,3080600
2071,2636600
2072,3061800
2073,3209000
2074,2762200
2075,2856600
2076,2938300
2077,3089000
2078,3135200
2079,2781100
2080,2924800
2081,2913700
2082,2810500
2083,3082600
2084,3530300
2085,2731600
2086,2977200
2087,2883100
2088,2854400
2089,3522700
2090,2813100
2091,2821300
2092,2885200
2093,2829300
2094,2971200
2095,3322400
2096,2774300
2097,3158900
2098,3305100
2099,2624200
2100,2861400
2101,3089600
2102,2914100
2103,2705300
2104,2839300
2105,2868000
2106,3416400
2107,2679400
2108,2898800
2109,2859900
2110,2744400
2111,3045300
2112,3195100
2113,2853200
2114,2669800
2115,2856300
2116,2723400
2117,2888300
2118,3654800
2119,2525300
2120,2769600
2121,2762100
2122,2889600
2123,3547600
2124,2776500
2125,2759700
2126,2770900
2127,2853700
2128,2998500
2129,3941700
2130,2600100
2131,2541200
2132,2805700
2133,3130400
2134,2523400
2135,3314900
2136,2964300
2137,2766700
2138,2837900
2139,2863100
2140,3450000
2141,2640300
2142,2843300
2143,2809700
2144,2816200
2145,3251600
2146,2965200
2147,2777500
2148,2846300
2149,2837400
2150,2813900
2151,3008300
2152,3191000
2153,2730300
2154,2854300
2155,2859700
2156,2899600
2157,3198400
2158,2833500
2159,2785000
2160,2913200
2161,2925000
2162,3054600
2163,3347100
2164,2720500
2165,2812300
2166,3145300
2167,2885800
2168,3582800
2169,2519800
2170,2898800
2171,2760900
2172,2982700
2173,2686800
2174,3463900
2175,2756000
2176,2800600
2177,2942800
2178,2735500
2179,3060300
2180,3270300
2181,2706600
2182,2921600
2183,2768700
2184,3098600
2185,2903100
2186,3315000
2187,2711600
2188,2935100
2189,2851700
2190,2783900
2191,3371600
2192,2838200
2193,2813700
2194,2802500
2195,2831200
2196,2858100
2197,3548400
2198,2763500
2199,2761100
2200,2779200
2201,2853700
2202,3118500
2203,4107800
2204,2017900
2205,3053800
2206,2864600
2207,2818300
2208,3450000
2209,2779100
2210,2781100
2211,2869700
2212,2809400
2213,3034900
2214,3164200
2215,2804800
2216,2768800
2217,2915600
2218,2831100
2219,3157300
2220,3009100
2221,2846600
2222,2811300
2223,3161800
2224,2820000
2225,3068500
2226,3028800
2227,2900900
2228,2743400
2229,2848000
2230,3363700
2231,2994800
2232,2734000
2233,2766900
2234,2858200
2235,2915200
2236,3167500
2237,3122800
2238,3157000
2239,2428500
2240,3257700
2241,2756400
2242,2884800
2243,3305400
2244,2742500
2245,3094000
2246,2593500
2247,3095200
2248,3203100
2249,2691100
2250,2921000
2251,2853300
2252,2778700
2253,2971500
2254,3324000
2255,2807900
2256,3169600
2257,2972600
2258,2776300
2259,3286000
2260,2873600
2261,2878500
2262,2840700
2263,2812100
2264,2972000
2265,3427000
2266,2662600
2267,2892300
2268,2995000
2269,2768600
2270,3330700
2271,2923200
2272,3288300
2273,2389400
2274,2869000
2275,3091200
2276,3482000
2277,2939000
2278,2668500
2279,3119400
2280,2879700
2281,2992000
2282,3311800
2283,2815800
2284,2864900
2285,2807100
2286,2925600
2287,3444700
2288,2802900
2289,2843800
2290,2888700
2291,2883900
2292,3098300
2293,3134300
2294,2787400
2295,2856100
2296,3162400
2297,2814900
2298,3143000
2299,3104100
2300,2864600
2301,2794000
2302,2832500
2303,3082600
2304,3191200
2305,2773000
2306,3328900
2307,2390500
2308,2897400
2309,3337200
2310,3457700
2311,2594400
2312,2681600
2313,2682500
2314,2881700
2315,3280200
2316,3016100
2317,3161700
2318,2738700
2319,2990900
2320,2817900
2321,3349300
2322,2736700
2323,2858300
2324,2824300
2325,2815300
2326,2978500
2327,3229900
2328,2728800
2329,3012900
2330,2807400
2331,2719400
2332,3786600
2333,2646700
2334,2901700
2335,2958500
2336,2877300
2337,2939500
2338,3285100
2339,2796200
2340,3473200
2341,2272800
2342,2699000
2343,2935700
2344,3246900
2345,2830500
2346,2855700
2347,2835100
2348,2703500
2349,3694900
2350,2699200
2351,2832900
2352,3132700
2353,2753100
2354,3069300
2355,3178200
2356,2942800
2357,2645900
2358,2877000
2359,2748000
2360,3189900
2361,3054100
2362,2820200
2363,2764800
2364,2867100
2365,2880100
2366,3328300
2367,2958700
2368,2733200
2369,3011200
2370,2810100
2371,3124600
2372,3299200
2373,2622700
2374,2765200
2375,3284400
2376,2460600
2377,2976700
2378,3328200
2379,2834900
2380,2843600
2381,2916200
2382,2827200
2383,3465600
2384,2729500
2385,2876400
2386,2857800
2387,2871700
2388,3359500
2389,3164400
2390,2829800
2391,3139400
2392,2772800
2393,2945800
2394,3429400
2395,2846500
2396,2765300
2397,2930600
2398,2823300
2399,3783500
2400,2755300
2401,2691500
2402,2891100
2403,2832000
2404,3039500
2405,2996100
2406,3132200
2407,2869700
2408,3134700
2409,3397900
2410,2419300
2411,3367600
2412,2769200
2413,2866300
2414,2857800
2415,2923800
2416,2946900
2417,3273200
2418,2745700
2419,2854300
2420,3059000
2421,2704700
2422,3187600
2423,3231100
2424,2837600
2425,3171500
2426,2631000
2427,3040400
2428,3144000
2429,3113100
2430,2857500
2431,2891500
2432,2750100
2433,2960000
2434,3254600
2435,2813400
2436,2896900
2437,2807100
2438,2848800
2439,3389900
2440,2790500
2441,3198500
2442,2795800
2443,3423000
2444,2463700
2445,3115000
2446,2924000
2447,2706900
2448,2815400
2449,2745700
2450,3216000
2451,3213000
2452,2668600
2453,2809100
2454,2930900
2455,2743200
2456,2984800
2457,3198300
2458,2758800
2459,2778600
2460,2924400
2461,2728300
2462,3598500
2463,2615100
2464,2835100
2465,2798400
2466,2855000
2467,3546200
2468,3200100
2469,2448400
2470,2965700
2471,2530100
2472,2784000
2473,3138100
2474,2952100
2475,2840100
2476,2766800
2477,2948800
2478,3375600
2479,2303000
2480,3119200
2481,2809000
2482,2862300
2483,2786500
2484,3337600
2485,2884700
2486,3086600
2487,2746200
2488,2891900
2489,2892600
2490,2955100
2491,3169900
2492,2778400
2493,3425500
2494,3509000
2495,3055600
2496,4515200
2497,3367100
2498,2283000
2499,1889300
2500,2557600
2501,2984000
2502,3310600
2503,2710200
2504,3134200
2505,2889400
2506,2979500
2507,3256000
2508,2743300
2509,2949200
2510,2869300
2511,2739700
2512,3444900
2513,2780700
2514,3027900
2515,2636300
2516,3002900
2517,2676900
2518,3173800
2519,3138300
2520,2729000
2521,3119500
2522,2498600
2523,3023700
2524,3343800
2525,3059300
2526,2775600
2527,2954400
2528,2799200
2529,2943000
2530,3710500
2531,2485800
2532,2843900
2533,2770000
2534,2982200
2535,3586500
2536,2839500
2537,2860500
2538,2790700
2539,2931100
2540,3191600
2541,3184500
2542,2784300
2543,3118000
2544,2961700
2545,2726200
2546,4018200
2547,2264200
2548,2879000
2549,2833900
2550,2834500
2551,2978900
2552,3377900
2553,2731500
2554,2906900
2555,2745500
2556,2877200
2557,3309400
2558,2936600
2559,2835000
2560,3149800
2561,2821100
2562,3125400
2563,2700300
2564,3290200
2565,2717300
2566,2898700
2567,2785400
2568,3074200
2569,3394000
2570,2834900
2571,2754500
2572,2854700
2573,3173000
2574,2756500
2575,3136200
2576,2891300
2577,2740700
2578,3062300
2579,2757100
2580,2873500
2581,3748900
2582,2452300
2583,2809600
2584,2855300
2585,2904800
2586,3198400
2587,2879200
2588,2734800
2589,2954800
2590,2774400
2591,2903200
2592,3294200
2593,2741200
2594,2995800
2595,2750800
2596,2761100
2597,3120600
2598,3088200
2599,3092100
2600,2724900
2601,2885900
2602,2856800
2603,3311800
2604,2854200
2605,2887500
2606,2727100
2607,2834200
2608,3170800
2609,3154600
2610,3018600
2611,2583700
2612,2927200
2613,2763000
2614,3103900
2615,3157600
2616,3653100
2617,2182000
2618,2812600
2619,3045700
2620,3224800
2621,2868400
2622,2769700
2623,2982400
2624,2754200
2625,3036800
2626,3389600
2627,2736600
2628,2850800
2629,2816900
2630,2939700
2631,3458800
2632,2841500
2633,3006900
2634,2865000
2635,2847000
2636,3180500
2637,3216100
2638,2768000
2639,2904400
2640,2949000
2641,2771700
2642,3545500
2643,2724600
2644,2861400
2645,2774400
2646,2909100
2647,3379000
2648,2786900
2649,3261200
2650,3399300
2651,2560900
2652,3123500
2653,3077800
2654,3190900
2655,2831600
2656,2701200
2657,2863700
2658,2929800
2659,2888000
2660,3315300
2661,2763000
2662,2901100
2663,2883400
2664,3098700
2665,3130400
2666,2863100
2667,2778200
2668,3188500
2669,2783500
2670,3163100
2671,3275400
2672,3027900
2673,2896200
2674,2833800
2675,2889800
2676,3303500
2677,2866500
2678,2834300
2679,2910900
2680,2774100
2681,3175400
2682,3306200
2683,2913600
2684,3011300
2685,2797900
2686,2737500
2687,3263700
2688,2826800
2689,3212500
2690,2624400
2691,2718200
2692,3096700
2693,3316100
2694,2816100
2695,2845600
2696,2844500
2697,2907100
2698,2855400
2699,3153500
2700,3099100
2701,2618000
2702,2812200
2703,2883600
2704,3370300
2705,2860800
2706,2800600
2707,2784700
2708,2857900
2709,3138100
2710,3299800
2711,2852600
2712,2743000
2713,2834200
2714,2888000
2715,2961900
2716,3390700
2717,2693200
2718,2769400
2719,2863000
2720,2891200
2721,3579300
2722,2640900
2723,2743800
2724,2858700
2725,2890000
2726,2891300
2727,3367000
2728,3125100
2729,2690000
2730,2838200
2731,2806200
2732,3425500
2733,2765300
2734,2815400
2735,2853400
2736,2765700
2737,2974500
2738,2856000
2739,3275400
2740,2823300
2741,2832200
2742,2874800
2743,3045800
2744,3170300
2745,2778500
2746,2785800
2747,2887200
2748,2987200
2749,2889900
2750,3243500
2751,2683800
2752,2847700
2753,3310200
2754,2774800
2755,3328400
2756,2807700
2757,2821400
2758,2834300
2759,2873800
2760,2980100
2761,3236200
2762,2736000
2763,2841300
2764,3037600
2765,2641600
2766,3228800
2767,3232100
2768,2688800
2769,2867800
2770,2835800
2771,2895700
2772,3368700
2773,2814600
2774,2794800
2775,2923300
2776,2742600
2777,3044700
2778,3212100
2779,2726600
2780,3209600
2781,2769600
2782,2891400
2783,3203400
2784,2902100
2785,2855000
2786,2789400
2787,2969800
2788,2581600
2789,3431800
2790,2733200
2791,2863300
2792,2849700
2793,2778000
2794,3039900
2795,3453300
2796,2810100
2797,2735000
2798,2769200
2799,2785000
2800,2900700
2801,3469800
2802,2597800
2803,2794000
2804,2811900
2805,2897000
2806,3010100
2807,3472000
2808,2685900
2809,2917400
2810,2883800
2811,2921700
2812,3465900
2813,2503600
2814,2795200
2815,2863600
2816,2755700
2817,3143700
2818,3134800
2819,2711600
2820,2860700
2821,2870300
2822,2742200
2823,3111000
2824,3170900
2825,2683100
2826,2836600
2827,3176500
2828,3081900
2829,3128800
2830,2789300
2831,2814800
2832,2927000
2833,2800000
2834,3348100
2835,3041300
2836,2805200
2837,2913600
2838,2840600
2839,2891600
2840,3081700
2841,3051900
2842,2898100
2843,2881800
2844,3140800
2845,2811700
2846,3087000
2847,2933000
2848,2754500
2849,3315500
2850,2726700
2851,3181500
2852,3065600
2853,2818400
2854,2933800
2855,2848700
2856,2939600
2857,3334400
2858,2754500
2859,2921400
2860,3023400
2861,2732800
2862,3175800
2863,3198500
2864,2755800
2865,3119600
2866,3032100
2867,2776100
2868,3602600
2869,2726000
2870,2870900
2871,2907600
2872,2907700
2873,3090900
2874,3180200
2875,2871000
2876,2872400
2877,2951600
2878,2876700
2879,3005600
2880,3209300
2881,3027400
2882,2677300
2883,3210700
2884,2972700
2885,3395500
2886,2813300
2887,2836000
2888,2879900
2889,2928400
2890,2933000
2891,3357100
2892,2760100
2893,2894400
2894,2858700
2895,2893300
2896,3325000
2897,2969400
2898,2729700
2899,2931900
2900,3144500
2901,2936600
2902,3309400
2903,2689700
2904,2884500
2905,2811800
2906,2936900
2907,3608600
2908,2649800
2909,2781000
2910,2887000
2911,2830700
2912,2883800
2913,3766300
2914,2435600
2915,2801100
2916,2837000
2917,3152900
2918,2960200
2919,3217500
2920,2779100
2921,2789600
2922,2894400
2923,2868300
2924,3303600
2925,2784000
2926,2801300
2927,2807700
2928,2972100
2929,2713800
2930,2974200
2931,3132900
2932,2810500
2933,2837300
2934,2977800
2935,2857700
2936,3193600
2937,2628800
2938,2868500
2939,3200300
2940,2691800
2941,3066500
2942,3197500
2943,2807500
2944,2997300
2945,2804300
2946,2573300
2947,3396800
2948,2732200
2949,2833900
2950,2816400
2951,2776400
2952,2782800
2953,3379600
2954,2723000
2955,2847900
2956,2849900
2957,2783600
2958,3036400
2959,3091500
2960,2909300
2961,3113200
2962,2899100
2963,2662100
2964,3042500
2965,3462300
2966,2555500
2967,2866400
2968,2876600
2969,2872800
2970,3279900
2971,2809400
2972,2846900
2973,2923500
2974,2963800
2975,3066000
2976,3192700
2977,2786000
2978,3149600
2979,2976200
2980,2726400
2981,3454400
2982,3012700
2983,2826400
2984,2979800
2985,2819600
2986,3080400
2987,3267900
2988,2783400
2989,3221000
2990,2643600
2991,2803500
2992,2971300
2993,3257400
2994,2921500
2995,2867200
2996,2835400
2997,3501900
2998,2591700
2999,3560800
3000,2852300
3001,2771300
3002,3099000
3003,2778100
3004,3268900
3005,2779500
3006,2893800
3007,2957900
3008,2951800
3009,3164000
3010,3185300
3011,2912900
3012,2854400
3013,2925500
3014,3095900
3015,3327700
3016,3159900
3017,2866900
3018,2908300
3019,2927800
3020,2908900
3021,3348400
3022,2866800
3023,3009400
3024,2669100
3025,2989800
3026,3170000
3027,2902200
3028,2991900
3029,2926600
3030,2682500
3031,2976200
3032,3199600
3033,3165400
3034,2791900
3035,2880800
3036,3057400
3037,3123700
3038,2742300
3039,3065800
3040,2618900
3041,2805400
3042,2968200
3043,3233500
3044,2975100
3045,2637500
3046,2825900
3047,2792300
3048,2898400
3049,3241400
3050,3152000
3051,2741000
3052,2806200
3053,2888400
3054,3467800
3055,2836800
3056,2803600
3057,2742000
3058,2832200
3059,3128300
3060,3030700
3061,2783900
3062,2802900
3063,2834000
3064,2773800
3065,2909600
3066,3461600
3067,2552100
3068,3128800
3069,2760200
3070,2797200
3071,2876000
3072,3224200
3073,2761700
3074,2803200
3075,2755000
3076,3032000
3077,3325500
3078,2650900
3079,2815300
3080,2718300
3081,2818700
3082,3071500
3083,3117700
3084,2742500
3085,2722500
3086,2865400
3087,2818100
3088,3157400
3089,2992800
3090,3075500
3091,2709800
3092,2929800
3093,2830600
3094,3475400
3095,2859600
3096,2746200
3097,2882400
3098,2940200
3099,2957400
3100,3145500
3101,2867900
3102,2766500
3103,2889300
3104,2779000
3105,2994400
3106,3303900
3107,2761200
3108,2889300
3109,3053000
3110,2691900
3111,3349000
3112,3167800
3113,2759100
3114,2970000
3115,2770800
3116,3010400
3117,3219600
3118,2906900
3119,2791500
3120,3143900
3121,2825400
3122,3258300
3123,3012100
3124,2745800
3125,2905800
3126,2773300
3127,3024900
3128,3574500
3129,2666500
3130,2840900
3131,2878000
3132,2961400
3133,3037400
3134,3182100
3135,3038000
3136,2596800
3137,2846600
3138,2895300
3139,3058500
3140,3126800
3141,2922300
3142,3048600
3143,2851400
3144,3151400
3145,3114700
3146,3307800
3147,2649500
3148,2878500
3149,2689100
3150,2896400
3151,3491600
3152,2677100
3153,2739700
3154,2821900
3155,2940000
3156,3353300
3157,2839700
3158,2800100
3159,2845400
3160,2805900
3161,3113300
3162,3564500
3163,2459200
3164,2737700
3165,2874000
3166,2919700
3167,3153100
3168,3424000
3169,2794700
3170,2850800
3171,3299100
3172,3129700
3173,3406700
3174,4606400
3175,3050600
3176,1843600
3177,1942900
3178,3163000
3179,3139300
3180,2778500
3181,2819100
3182,2874300
3183,3157800
3184,3350100
3185,2682500
3186,2875500
3187,2819400
3188,2915700
3189,2895600
3190,3329600
3191,2689300
3192,2842600
3193,2932200
3194,2887200
3195,2896700
3196,3201800
3197,2774000
3198,2839600
3199,2886300
3200,2991900
3201,3589300
3202,2892400
3203,2788700
3204,2830800
3205,2884200
3206,2885300
3207,3335300
3208,2690600
3209,2912500
3210,2782900
3211,2861000
3212,3463300
3213,2674400
3214,2850400
3215,3054700
3216,2676800
3217,3017500
3218,3257600
3219,2747700
3220,2889200
3221,2874600
3222,2892600
3223,3075100
3224,3161100
3225,2760100
3226,3312300
3227,2600700
3228,3040300
3229,3275100
3230,2837500
3231,2975700
3232,2750600
3233,2925700
3234,3040700
3235,3277300
3236,2751100
3237,2948500
3238,2805500
3239,2891500
3240,3292900
3241,3091300
3242,2850200
3243,2863300
3244,2882200
3245,3402700
3246,3168500
3247,2892000
3248,2806900
3249,2889900
3250,2892800
3251,2976800
3252,3513400
3253,2609700
3254,2805100
3255,2842600
3256,2978100
3257,3512000
3258,2628900
3259,2875900
3260,2742000
3261,2961600
3262,3611300
3263,2841700
3264,2750000
3265,2922300
3266,2915200
3267,2723400
3268,3048000
3269,3144600
3270,2860900
3271,2873000
3272,2933300
3273,2952300
3274,3349300
3275,2834300
3276,2779800
3277,3055800
3278,2838500
3279,3047200
3280,3218000
3281,2577600
3282,2863900
3283,3123500
3284,2866800
3285,2865000
3286,3247300
3287,2758500
3288,2916700
3289,2872900
3290,2812400
3291,3421600
3292,2707600
3293,2903200
3294,2849500
3295,2783900
3296,3131600
3297,3075400
3298,2741400
3299,2910100
3300,2819300
3301,3017100
3302,3040600
3303,3207500
3304,2738400
3305,3024100
3306,2700800
3307,2886900
3308,3324800
3309,2697900
3310,2909800
3311,2901900
3312,2716400
3313,3071800
3314,3371500
3315,2766400
3316,2986900
3317,2696700
3318,2837400
3319,3128500
3320,3063000
3321,2850700
3322,3167500
3323,2766900
3324,3019900
3325,3266600
3326,2791200
3327,2923600
3328,3170000
3329,2494700
3330,2929800
3331,3321500
3332,2820500
3333,2911700
3334,2786400
3335,2831000
3336,3200600
3337,3175000
3338,2802600
3339,3141800
3340,2834800
3341,3007000
3342,3257600
3343,3148800
3344,3021900
3345,2722200
3346,2665900
3347,2975300
3348,3402600
3349,2742800
3350,2951800
3351,2822000
3352,2925100
3353,3727400
3354,2677500
3355,2903800
3356,2798800
3357,3157900
3358,3135100
3359,3258500
3360,2851100
3361,2810100
3362,2983500
3363,3064000
3364,3135500
3365,2857500
3366,2899200
3367,2852300
3368,2817000
3369,3466000
3370,2927600
3371,2852300
3372,2848400
3373,2886300
3374,3019400
3375,2859300
3376,3242300
3377,2792200
3378,3165200
3379,2858200
3380,2928000
3381,3309800
3382,2932300
3383,2702600
3384,3182400
3385,2663500
3386,3103300
3387,3219500
3388,2855600
3389,2814600
3390,2969600
3391,2689400
3392,2982500
3393,3366800
3394,2684100
3395,3148500
3396,2751000
3397,3019800
3398,3259100
3399,2769500
3400,2900200
3401,2747400
3402,2844700
3403,2946600
3404,3248500
3405,2791300
3406,2909700
3407,2739900
3408,2863500
3409,3399800
3410,2702600
3411,2907400
3412,2970000
3413,2848100
3414,2958000
3415,3240800
3416,2979700
3417,2615000
3418,2882600
3419,2771600
3420,2901200
3421,3292100
3422,2821200
3423,2749700
3424,2881800
3425,2789500
3426,3128600
3427,3373000
3428,2633200
3429,2836500
3430,2762300
3431,2966500
3432,3669600
3433,2386000
3434,3078000
3435,2820700
3436,2801500
3437,2895600
3438,3304600
3439,2734300
3440,2836400
3441,2859700
3442,2772800
3443,3011700
3444,3255000
3445,2639100
3446,2874100
3447,2924600
3448,2713800
3449,3648900
3450,2567500
3451,2740800
3452,3134000
3453,2788900
3454,3160500
3455,2997100
3456,2820600
3457,2759400
3458,2870900
3459,2790200
3460,3387400
3461,3189000
3462,2857400
3463,2573000
3464,2808800
3465,2906900
3466,3499300
3467,2808300
3468,2750500
3469,2813300
3470,2875300
3471,2977900
3472,3340200
3473,2690100
3474,2787000
3475,2883100
3476,2989800
3477,2934300
3478,2979400
3479,2784300
3480,2807600
3481,3148400
3482,2969900
3483,2658200
3484,3237200
3485,2702900
3486,2851500
3487,3032500
3488,2867600
3489,3168700
3490,2768200
3491,3169900
3492,2957800
3493,2759500
3494,2931800
3495,3203700
3496,2792100
3497,3178700
3498,2730900
3499,2669600
3500,3466800
3501,2753800
3502,2850000
3503,2886800
3504,2815200
3505,3076100
3506,3147100
3507,2770000
3508,3216600
3509,2777300
3510,2797400
3511,2957800
3512,3208300
3513,2752400
3514,2952400
3515,2781000
3516,2849500
3517,3030300
3518,3071300
3519,2892900
3520,2877900
3521,2745300
3522,2940100
3523,3214400
3524,3046300
3525,2657800
3526,2835300
3527,2731000
3528,2929900
3529,3490100
3530,2819800
3531,2899500
3532,2666600
3533,2901800
3534,2908600
3535,3330900
3536,2670700
3537,2897200
3538,2741400
3539,2890700
3540,3770900
3541,2610700
3542,3060600
3543,2822900
3544,2793900
3545,2982800
3546,3231500
3547,2721500
3548,2906700
3549,2763200
3550,2819900
3551,3018600
3552,3137900
3553,2921600
3554,2736900
3555,2824400
3556,3351300
3557,2921800
3558,2786100
3559,2839200
3560,2795500
3561,2852500
3562,3139400
3563,3133200
3564,3075800
3565,2799100
3566,2839300
3567,2979300
3568,3354800
3569,2743300
3570,2903200
3571,2827700
3572,2965100
3573,2950100
3574,3441500
3575,2804300
3576,2760400
3577,2893500
3578,2879700
3579,2963500
3580,3294500
3581,2749000
3582,2896900
3583,2831800
3584,2836000
3585,3048400
3586,3432800
3587,2794400
3588,3067500
3589,2690800
3590,3020300
3591,3202100
3592,2753000
3593,2957600
3594,3051800
3595,2640100
3596,2950400
3597,3379800
3598,2723800
3599,2901400
3600,2824100
3601,2863100
3602,3463800
3603,3029600
3604,2907200
3605,2707900
3606,2902200
3607,2923800
3608,3390400
3609,3050000
3610,2712000
3611,2706700
3612,2908500
3613,3285200
3614,2995800
3615,2930500
3616,2823700
3617,2813300
3618,3082600
3619,3388200
3620,3043500
3621,2715300
3622,2775500
3623,2921900
3624,2991300
3625,3338200
3626,2645700
3627,2783700
3628,2829100
3629,2884700
3630,3445800
3631,2749600
3632,2789100
3633,2856700
3634,2840800
3635,2993600
3636,3320100
3637,2682700
3638,2816100
3639,2877000
3640,2820400
3641,3116600
3642,3180000
3643,2700600
3644,2867500
3645,3037800
3646,2918100
3647,3481800
3648,2643000
3649,2880800
3650,2846100
3651,2839100
3652,3388400
3653,3097900
3654,2716600
3655,3114400
3656,2846900
3657,3102300
3658,2735500
3659,3149000
3660,2760700
3661,2931300
3662,2843400
3663,2841400
3664,2943100
3665,3268800
3666,2733100
3667,2947200
3668,3133100
3669,2591800
3670,3317200
3671,2705100
3672,2846300
3673,2893600
3674,2829600
3675,3218300
3676,3355700
3677,2737600
3678,2906800
3679,2824500
3680,3028900
3681,3239600
3682,2776900
3683,2902300
3684,2960100
3685,2770100
3686,2988300
3687,3497300
3688,2722100
3689,3204900
3690,2817300
3691,2972700
3692,3153500
3693,2997100
3694,3137000
3695,2584500
3696,2856300
3697,3096700
3698,3250100
3699,2727000
3700,2903100
3701,2849400
3702,3239800
3703,2867000
3704,3280600
3705,2856100
3706,2877500
3707,2869300
3708,3013600
3709,3311100
3710,3064200
3711,2728200
3712,2769400
3713,2844800
3714,3147300
3715,3284200
3716,2657100
3717,2863100
3718,2821100
3719,3226600
3720,3236900
3721,3000400
3722,2797700
3723,2924100
3724,2876700
3725,2966500
3726,3502900
3727,2762000
3728,2806300
3729,2896500
3730,2934700
3731,3092700
3732,3287800
3733,2789100
3734,2858700
3735,2947700
3736,2882700
3737,3214700
3738,2856100
3739,2889700
3740,2821400
3741,2935200
3742,2937200
3743,3221200
3744,2695300
3745,2904200
3746,2867100
3747,2753300
3748,2972000
3749,3228400
3750,2735200
3751,2920400
3752,3094700
3753,2887400
3754,3319700
3755,2736500
3756,2867900
3757,3207700
3758,2516900
3759,2902800
3760,3308600
3761,2710400
3762,2882900
3763,3052300
3764,2617300
3765,2930600
3766,3240800
3767,2806500
3768,2886100
3769,2807800
3770,2780800
3771,3492100
3772,2652700
3773,2883800
3774,2798600
3775,3051700
3776,2933900
3777,3213400
3778,3016600
3779,2787800
3780,2683000
3781,2875600
3782,2915300
3783,3234600
3784,2756300
3785,2895000
3786,2752600
3787,2801800
3788,3462900
3789,2960600
3790,2624100
3791,2811200
3792,2774400
3793,3108000
3794,3313000
3795,2595900
3796,2876600
3797,3045000
3798,2799100
3799,2913300
3800,3739600
3801,2820600
3802,2940800
3803,2590400
3804,2778400
3805,3044200
3806,3157500
3807,2785200
3808,2744100
3809,2876300
3810,2921000
3811,3303300
3812,2847900
3813,2754800
3814,2766000
3815,2853300
3816,3058600
3817,3111100
3818,2801500
3819,2783800
3820,2874100
3821,2769400
3822,3369400
3823,3038000
3824,3079200
3825,2440000
3826,2785300
3827,3093200
3828,3039200
3829,2769800
3830,2918200
3831,2814600
3832,3429200
3833,2663500
3834,3321400
3835,2829000
3836,2804000
3837,2981100
3838,2777500
3839,2889700
3840,3152800
3841,2883900
3842,2761700
3843,2950600
3844,2821500
3845,2935700
3846,3408700
3847,2645900
3848,3020000
3849,2984600
3850,2958200
3851,3136500
3852,2833000
3853,3632500
3854,4047300
3855,2833500
3856,3527600
3857,3656400
3858,2307600
3859,1802400
3860,2458000
3861,2943000
3862,3204800
3863,2938300
3864,2811900
3865,2727200
3866,3158400
3867,3014900
3868,3193000
3869,2730200
3870,2800400
3871,2824900
3872,2968600
3873,3487300
3874,2883400
3875,2740300
3876,2826800
3877,2842800
3878,2951500
3879,3221200
3880,2874800
3881,2733100
3882,2927000
3883,2790500
3884,3411100
3885,2994200
3886,2712300
3887,2970600
3888,2769400
3889,2894200
3890,3587000
3891,2563000
3892,2861700
3893,2823000
3894,2847300
3895,3310300
3896,2922300
3897,2732000
3898,2874600
3899,2789900
3900,2859500
3901,3149600
3902,3160700
3903,2730800
3904,2979700
3905,2968400
3906,3123200
3907,3167700
3908,2803500
3909,2847000
3910,2898100
3911,2881600
3912,2972400
3913,3458000
3914,2698700
3915,2928200
3916,3042700
3917,2640200
3918,3151800
3919,3043000
3920,2840400
3921,2852200
3922,2877300
3923,3171800
3924,3197200
3925,2706400
3926,3066100
3927,3010900
3928,2729700
3929,2945700
3930,3336200
3931,2705900
3932,3093700
3933,2687400
3934,2896800
3935,3414500
3936,2670000
3937,3047400
3938,2885300
3939,2705800
3940,3096600
3941,3194200
3942,2786500
3943,3069900
3944,2831300
3945,2806100
3946,3113900
3947,3277300
3948,2750900
3949,2892000
3950,2837700
3951,2911900
3952,3362600
3953,2833900
3954,2735700
3955,2839900
3956,2861100
3957,3091700
3958,3195800
3959,2824000
3960,2821300
3961,2815800
3962,2901600
3963,3171900
3964,3035600
3965,3057600
3966,2859400
3967,2838000
3968,3173100
3969,3152400
3970,2810100
3971,2872600
3972,2794100
3973,2889900
3974,3026500
3975,3230500
3976,2701100
3977,2901600
3978,2903000
3979,2816300
3980,3050400
3981,3218500
3982,3009700
3983,2860900
3984,2918300
3985,3100000
3986,3099500
3987,2797400
3988,2866700
3989,2871700
3990,3159400
3991,2724600
3992,3221300
3993,2791500
3994,2888100
3995,2832800
3996,2829300
3997,3001800
3998,3131100
3999,3153400
4000,2834600
4001,2952700
4002,2761600
4003,3384500
4004,2771500
4005,2909100
4006,2887400
4007,3090600
4008,2596000
4009,3271500
4010,2759200
4011,2951900
4012,2990500
4013,2642800
4014,3447200
4015,2750400
4016,2894100
4017,2958000
4018,2750700
4019,3182200
4020,3285400
4021,3011900
4022,2954500
4023,2790200
4024,2754100
4025,3062200
4026,3226000
4027,2876500
4028,2916100
4029,2716800
4030,2939100
4031,3394800
4032,2767200
4033,3162400
4034,3182400
4035,2523900
4036,3285000
4037,2798500
4038,3138600
4039,2784300
4040,2842000
4041,2869100
4042,3343400
4043,3006200
4044,2713300
4045,2927100
4046,2842800
4047,2977100
4048,3306100
4049,2849600
4050,2882200
4051,2808100
4052,2878000
4053,2993500
4054,3531100
4055,2651900
4056,2765900
4057,2808200
4058,2864400
4059,3861000
4060,2745300
4061,2864100
4062,2744300
4063,2915900
4064,3077100
4065,3149200
4066,2778900
4067,2976600
4068,2770500
4069,2854900
4070,3137200
4071,3115600
4072,2811200
4073,2925900
4074,2762100
4075,3099700
4076,3303000
4077,3017100
4078,2808500
4079,2845400
4080,3038900
4081,2756500
4082,3263300
4083,2766100
4084,2935900
4085,2866400
4086,2882400
4087,3283500
4088,2767500
4089,2886400
4090,2909100
4091,2885200
4092,2874300
4093,3534300
4094,3038400
4095,2875100
4096,3049400
4097,2625200
4098,2905000
4099,3214300
4100,2876300
4101,2859900
4102,2896100
4103,2740700
4104,2980200
4105,3266100
4106,2879200
4107,2845700
4108,2774000
4109,2945000
4110,3243000
4111,2765200
4112,3012500
4113,2650100
4114,2898400
4115,3082400
4116,3192300
4117,2663100
4118,2933000
4119,2802300
4120,3082500
4121,3390100
4122,2716200
4123,2911200
4124,2731900
4125,2876100
4126,2844700
4127,3317100
4128,2961800
4129,2728300
4130,2725800
4131,2865300
4132,3244400
4133,3240200
4134,2769100
4135,2883400
4136,2742500
4137,2894500
4138,3061300
4139,3335600
4140,2788000
4141,3125400
4142,2554300
4143,2882300
4144,3305300
4145,2661000
4146,2812100
4147,2806800
4148,2803900
4149,3024400
4150,3263900
4151,2735100
4152,2811000
4153,2858400
4154,2790100
4155,3047800
4156,2993300
4157,2745200
4158,2846300
4159,2797500
4160,2789100
4161,3797800
4162,2527800
4163,2854000
4164,2660400
4165,2806400
4166,3016100
4167,3371800
4168,2733900
4169,2920400
4170,2784200
4171,3095200
4172,2768800
4173,3206700
4174,2685400
4175,2874100
4176,3069500
4177,2944700
4178,3290500
4179,2747000
4180,2935500
4181,2731900
4182,3202400
4183,2671100
4184,3245200
4185,2811400
4186,2862400
4187,2820100
4188,2872100
4189,3035800
4190,3117000
4191,2821600
4192,2831700
4193,3085200
4194,2947000
4195,3407800
4196,2754200
4197,2894500
4198,2942700
4199,2764500
4200,2950000
4201,3337700
4202,2683300
4203,2857700
4204,2962400
4205,2692900
4206,3098300
4207,3336800
4208,2875400
4209,2977300
4210,2739100
4211,3092300
4212,3327300
4213,2831700
4214,2869100
4215,2842700
4216,2760700
4217,3035300
4218,3279800
4219,2785800
4220,2872700
4221,2830000
4222,2836200
4223,2947700
4224,3294100
4225,3168600
4226,2581700
4227,2783900
4228,3167300
4229,3317700
4230,2997200
4231,2648600
4232,2836200
4233,2852000
4234,3093700
4235,3069300
4236,3007500
4237,2673700
4238,2792600
4239,2900000
4240,3036100
4241,3455700
4242,2522300
4243,2822700
4244,2845300
4245,2966000
4246,3537900
4247,2816700
4248,2732100
4249,2845800
4250,3173200
4251,2953600
4252,3286000
4253,2714200
4254,2910700
4255,2864500
4256,2896900
4257,2829400
4258,3282100
4259,2792800
4260,2851900
4261,2792200
4262,2956500
4263,3370100
4264,2689100
4265,2792700
4266,2904500
4267,3130800
4268,3002100
4269,3268900
4270,2638000
4271,2889300
4272,2796600
4273,2908900
4274,3559200
4275,2641200
4276,2823300
4277,2872900
4278,2822400
4279,3471300
4280,2865300
4281,2777800
4282,2780400
4283,2847100
4284,3004400
4285,3083500
4286,3261100
4287,2766400
4288,3060400
4289,2958000
4290,3080900
4291,3194600
4292,2749600
4293,2864000
4294,2902200
4295,2836600
4296,3064700
4297,3206300
4298,2777300
4299,2843000
4300,2900800
4301,2945800
4302,2957700
4303,3147200
4304,2812500
4305,2927700
4306,3125300
4307,2900800
4308,3333600
4309,2754700
4310,2920500
4311,3000100
4312,2706300
4313,2929000
4314,3259600
4315,2782700
4316,2874800
4317,2971500
4318,2675300
4319,3282400
4320,3164900
4321,2777500
4322,3028400
4323,2721400
4324,3103800
4325,3112300
4326,2823200
4327,3204700
4328,2751800
4329,2906200
4330,2985400
4331,3201800
4332,2914700
4333,2808900
4334,2979500
4335,2750400
4336,3390500
4337,2765000
4338,3088400
4339,2639500
4340,2898700
4341,3063100
4342,3274100
4343,2778000
4344,3078900
4345,2879600
4346,3218000
4347,2726600
4348,3103500
4349,2848600
4350,2865400
4351,2795300
4352,2988700
4353,3542800
4354,2891500
4355,2754600
4356,2847300
4357,2898000
4358,3058600
4359,3445500
4360,2670100
4361,2947700
4362,2861800
4363,2898200
4364,3822400
4365,2635200
4366,2798800
4367,2888500
4368,2860300
4369,3013700
4370,3443600
4371,2739700
4372,2934200
4373,2950000
4374,2686200
4375,3393700
4376,3114100
4377,2854200
4378,2753100
4379,2798200
4380,3355000
4381,2976900
4382,2712000
4383,3118700
4384,2798800
4385,2885900
4386,3074300
4387,3227400
4388,2758300
4389,2868000
4390,2956600
4391,2859100
4392,3267200
4393,2999800
4394,2824900
4395,2864800
4396,2770700
4397,3620500
4398,2829600
4399,2655400
4400,3048200
4401,2871000
4402,2963000
4403,2928000
4404,3120100
4405,2817000
4406,2851500
4407,3035800
4408,2731800
4409,3090800
4410,3017800
4411,2795900
4412,2849300
4413,2874200
4414,3407000
4415,2842100
4416,2735400
4417,3049800
4418,2960800
4419,2811400
4420,2927800
4421,3213200
4422,2808100
4423,2879200
4424,2947200
4425,2750300
4426,3349300
4427,2962400
4428,2832400
4429,2996300
4430,2696100
4431,2951500
4432,3234800
4433,2787700
4434,2900500
4435,2836800
4436,2850400
4437,3073400
4438,3034200
4439,3189800
4440,2931000
4441,2676800
4442,2803200
4443,3356800
4444,2744000
4445,3033800
4446,2712000
4447,2821000
4448,2887300
4449,3679600
4450,2369900
4451,2893500
4452,2795600
4453,2821000
4454,3073800
4455,3190300
4456,3072100
4457,2771900
4458,2862600
4459,2814900
4460,3310300
4461,3116000
4462,2498300
4463,2897100
4464,2771100
4465,2982200
4466,3480000
4467,2765400
4468,2785000
4469,2874500
4470,2819000
4471,3049000
4472,3223900
4473,2723800
4474,3128400
4475,2830100
4476,2813900
4477,3450500
4478,2713000
4479,2779900
4480,2838700
4481,2847300
4482,3313500
4483,3610600
4484,2371200
4485,2746300
4486,2832800
4487,2828900
4488,3080700
4489,3203800
4490,2645300
4491,2855000
4492,2823900
4493,3037300
4494,3156300
4495,2917800
4496,2652100
4497,2949100
4498,2790000
4499,3663700
4500,3011100
4501,2753700
4502,2530800
4503,2730200
4504,3032600
4505,2781700
4506,3470500
4507,2748100
4508,2821900
4509,3165300
4510,2582400
4511,3036700
4512,3064600
4513,3125900
4514,3075300
4515,2737600
4516,3024600
4517,3093300
4518,3146800
4519,2445700
4520,2969400
4521,2718000
4522,3053000
4523,3124500
4524,2803600
4525,2977400
4526,2748300
4527,2853800
4528,2916100
4529,3191500
4530,3151700
4531,2839100
4532,2847800
4533,2891700
4534,4221700
4535,2402300
4536,3053500
4537,4676500
4538,3294700
4539,2293300
4540,1843200
4541,3043800
4542,2458000
4543,2877900
4544,2791500
4545,3329600
4546,3216200
4547,2814400
4548,2808400
4549,2800900
4550,2930900
4551,3329300
4552,3349200
4553,2185000
4554,2889600
4555,2788300
4556,3406100
4557,2754100
4558,2800900
4559,2782400
4560,2884200
4561,2807800
4562,3474700
4563,2606200
4564,2804400
4565,2793900
4566,2900500
4567,3074300
4568,3150400
4569,3005600
4570,2904200
4571,2777100
4572,2822700
4573,3471200
4574,2663800
4575,2830600
4576,2871000
4577,2874300
4578,3197500
4579,3236600
4580,2702300
4581,2888200
4582,2765500
4583,2883100
4584,3148400
4585,2998000
4586,3063700
4587,3279300
4588,2467700
4589,2836200
4590,2905400
4591,3331100
4592,2767100
4593,2861200
4594,2893200
4595,2869700
4596,3333000
4597,2722300
4598,2913200
4599,3078100
4600,2643800
4601,2929700
4602,3318300
4603,2792000
4604,2890200
4605,3013100
4606,2673400
4607,3255700
4608,3188300
4609,2808700
4610,3101700
4611,2664100
4612,2978100
4613,3531200
4614,2744700
4615,3108600
4616,2745200
4617,2807700
4618,2958300
4619,3240500
4620,2920400
4621,3611000
4622,2215000
4623,2833400
4624,3524200
4625,2957900
4626,3017100
4627,2715800
4628,2888000
4629,2907700
4630,3294900
4631,3078900
4632,2615000
4633,2820400
4634,2935000
4635,3031300
4636,3229400
4637,2903200
4638,2833300
4639,2857000
4640,2895000
4641,3331600
4642,2981900
4643,2692000
4644,2916400
4645,2818600
4646,3111300
4647,3320100
4648,2773200
4649,2770800
4650,3166300
4651,2874400
4652,3798500
4653,2505000
4654,2890000
4655,3280100
4656,2438400
4657,2984000
4658,3375700
4659,2721800
4660,2956200
4661,2807100
4662,2865600
4663,3123800
4664,3148600
4665,2782700
4666,2850500
4667,2858800
4668,3399600
4669,3118100
4670,2774500
4671,2888100
4672,2833400
4673,2900700
4674,2976600
4675,3236000
4676,2819800
4677,2768800
4678,3019700
4679,2757300
4680,3348100
4681,3177500
4682,2809800
4683,2794100
4684,3014000
4685,2806000
4686,3462700
4687,2801300
4688,2780000
4689,3514700
4690,2323600
4691,2922300
4692,3287700
4693,2776700
4694,2865200
4695,2921000
4696,2885300
4697,3298700
4698,2768200
4699,2805000
4700,3050900
4701,2752500
4702,3214000
4703,3237700
4704,2766100
4705,2859400
4706,2959500
4707,2814500
4708,3559700
4709,2685400
4710,2844100
4711,2984000
4712,2819300
4713,2850000
4714,3493000
4715,2761400
4716,2836200
4717,2862200
4718,2850300
4719,3159200
4720,3131700
4721,2745100
4722,3312200
4723,3811100
4724,2855600
4725,2473200
4726,2928300
4727,2836400
4728,2832000
4729,2883000
4730,3018600
4731,3281500
4732,2797400
4733,2836400
4734,2829500
4735,2888800
4736,3132300
4737,3358000
4738,2875400
4739,2700000
4740,2833700
4741,3181100
4742,3333600
4743,2799000
4744,2751800
4745,2907900
4746,2751000
4747,3006100
4748,3268900
4749,2779200
4750,2871100
4751,2932600
4752,2780300
4753,3669000
4754,2515000
4755,2817800
4756,2833300
4757,2877900
4758,3613200
4759,2992100
4760,2661100
4761,2806000
4762,2913900
4763,2831600
4764,3207300
4765,3159800
4766,2817000
4767,2848600
4768,2980000
4769,2723900
4770,3138600
4771,3076100
4772,2725100
4773,2839100
4774,2788900
4775,3152500
4776,3049000
4777,2764200
4778,2768200
4779,3076300
4780,3066100
4781,2758700
4782,3230800
4783,2750800
4784,2861800
4785,2920200
4786,2756900
4787,3369500
4788,2757600
4789,2743800
4790,2821100
4791,2883200
4792,2987600
4793,3391400
4794,2637300
4795,2803100
4796,2977400
4797,3020600
4798,2947600
4799,3342600
4800,2864300
4801,2799500
4802,2988000
4803,2744500
4804,3007800
4805,3232700
4806,2738300
4807,2914900
4808,2813000
4809,2908300
4810,3321600
4811,2747000
4812,3094100
4813,2708300
4814,3175100
4815,2862200
4816,3368700
4817,2776900
4818,2988100
4819,2732700
4820,3028300
4821,3240100
4822,2788700
4823,3205700
4824,2957200
4825,3071200
4826,2860000
4827,3434600
4828,2644600
4829,2693800
4830,2755400
4831,2868300
4832,3242400
4833,3143000
4834,2876100
4835,2730800
4836,2835800
4837,2990500
4838,3557900
4839,3077700
4840,2649300
4841,3011100
4842,2534100
4843,2970200
4844,3405400
4845,2617800
4846,2815500
4847,2925400
4848,2824400
4849,3242500
4850,3073700
4851,2801100
4852,2887300
4853,3071800
4854,2960600
4855,3432800
4856,2699300
4857,2823600
4858,2925200
4859,2842700
4860,3185300
4861,3526100
4862,2367800
4863,2829300
4864,2847300
4865,2956600
4866,3207500
4867,2942100
4868,2773600
4869,2896700
4870,3143000
4871,3104400
4872,3114200
4873,2785900
4874,2840400
4875,2870500
4876,2858400
4877,3277200
4878,3099400
4879,2807700
4880,2802300
4881,2876400
4882,2971200
4883,3362500
4884,2672700
4885,2820200
4886,2877300
4887,3180600
4888,2920800
4889,2999200
4890,2774500
4891,3053300
4892,2916200
4893,2842300
4894,2961800
4895,3595200
4896,2371300
4897,2871000
4898,3005800
4899,2723000
4900,3356000
4901,3043700
4902,2478500
4903,2907700
4904,2817600
4905,2847000
4906,3373300
4907,2666200
4908,2832800
4909,2942000
4910,2756700
4911,3207900
4912,2981100
4913,3018900
4914,2999700
4915,2664400
4916,2846000
4917,3377800
4918,2649800
4919,2948200
4920,2810400
4921,2747800
4922,2981800
4923,3324000
4924,2677800
4925,2886400
4926,2814700
4927,2804400
4928,3157500
4929,3120700
4930,3172100
4931,2723100
4932,2750600
4933,2813400
4934,3456500
4935,2957800
4936,2658700
4937,2836900
4938,2843900
4939,3149500
4940,3190700
4941,2845600
4942,2753600
4943,2901200
4944,2873100
4945,3108500
4946,3298300
4947,2670800
4948,3166000
4949,2898900
4950,2890800
4951,3779400
4952,2569500
4953,2905200
4954,2888100
4955,2837000
4956,3015100
4957,3454000
4958,2681500
4959,2910100
4960,2920100
4961,2881000
4962,3546700
4963,3019800
4964,3115500
4965,2660200
4966,2903000
4967,3328400
4968,2990300
4969,2819900
4970,2854100
4971,2900600
4972,2851400
4973,3245000
4974,3048700
4975,2869100
4976,2921300
4977,2843400
4978,3165100
4979,3399700
4980,2789700
4981,2955600
4982,2808900
4983,3061100
4984,3046400
4985,3152900
4986,3133300
4987,2873300
4988,2979700
4989,2954700
4990,3207700
4991,2852000
4992,2838000
4993,2968700
4994,2996900
4995,2911400
4996,3255300
4997,2834500
4998,3646600
4999,2287300
5000,2808100
5001,2967900
5002,3172100
5003,3041300
5004,3061800
5005,2780700
5006,3004200
5007,3179700
5008,2793300
5009,3083500
5010,2777000
5011,2776200
5012,3053700
5013,3197300
5014,2744300
5015,2895100
5016,2885900
5017,2740500
5018,3599700
5019,2820100
5020,3037800
5021,2676300
5022,2843900
5023,2910900
5024,3456600
5025,2859200
5026,2805500
5027,2831500
5028,2825600
5029,3086300
5030,3348800
5031,2532200
5032,3192300
5033,2494700
5034,2722300
5035,3338900
5036,3018300
5037,2635800
5038,3094600
5039,2738500
5040,3055800
5041,3560900
5042,2537900
5043,2786200
5044,2902500
5045,2735500
5046,3245300
5047,3047700
5048,2776800
5049,2854400
5050,2836500
5051,2798200
5052,3410800
5053,2627400
5054,2751800
5055,3166600
5056,2817400
5057,3035400
5058,3241800
5059,2704000
5060,2955600
5061,2758800
5062,2935300
5063,2892500
5064,3249100
5065,2806800
5066,2872500
5067,2888600
5068,3021300
5069,3287900
5070,2821400
5071,2697000
5072,2911400
5073,2793300
5074,2882900
5075,3395400
5076,2745000
5077,2913000
5078,3100300
5079,2717700
5080,2949300
5081,3476600
5082,2812700
5083,3055500
5084,2612700
5085,2953300
5086,3391400
5087,2797000
5088,2847700
5089,2882100
5090,2849000
5091,2925300
5092,3524900
5093,2831800
5094,2963300
5095,2753600
5096,2855200
5097,3068900
5098,3547800
5099,2869100
5100,2751700
5101,2915500
5102,3011200
5103,3228500
5104,3073500
5105,2630000
5106,2824600
5107,2919100
5108,2969500
5109,3286600
5110,2862900
5111,2807900
5112,2899500
5113,2887200
5114,3303000
5115,3159900
5116,2641800
5117,2897700
5118,2753600
5119,3264600
5120,3655600
5121,2569300
5122,2845200
5123,2835800
5124,2812800
5125,3431800
5126,2921100
5127,2806800
5128,2748300
5129,2869700
5130,3066900
5131,3589000
5132,2919100
5133,2826500
5134,2833900
5135,2860400
5136,3106400
5137,3096000
5138,2800700
5139,2813400
5140,2904000
5141,2737800
5142,3543100
5143,2629800
5144,2841700
5145,2831300
5146,2844800
5147,3009900
5148,3228500
5149,2693300
5150,2891100
5151,2854800
5152,2956000
5153,3096300
5154,3235700
5155,2668000
5156,2878500
5157,2822500
5158,2904600
5159,3376300
5160,2699500
5161,2874500
5162,2840400
5163,3220700
5164,2947000
5165,3443400
5166,2596400
5167,2862800
5168,2958500
5169,2805100
5170,3014800
5171,3047800
5172,2792800
5173,3230500
5174,3028500
5175,2579200
5176,3330100
5177,2631600
5178,2791200
5179,2980200
5180,2678000
5181,2901800
5182,3328800
5183,2758600
5184,3252900
5185,2489800
5186,2765100
5187,3063300
5188,3238300
5189,3026000
5190,2649400
5191,2719000
5192,2884600
5193,3766600
5194,2627800
5195,3029900
5196,2758300
5197,2833400
5198,2969900
5199,3282200
5200,3051100
5201,2613400
5202,2833600
5203,2849000
5204,3188100
5205,3068200
5206,2991200
5207,2691300
5208,2904800
5209,2851900
5210,3018500
5211,3210100
5212,2786900
5213,2897400
5214,3061000
5215,3773100
5216,3505700
5217,2271700
5218,4494300
5219,3951800
5220,2349000
5221,2188300
5222,2596500
5223,2782200
5224,2833500
5225,2859100
5226,2930500
5227,3487200
5228,2541100
5229,2844100
5230,2777600
5231,3207600
5232,3028400
5233,3017600
5234,2760800
5235,2858500
5236,2886600
5237,2903000
5238,3237800
5239,2663800
5240,2806300
5241,2836100
5242,2859200
5243,3199500
5244,3184900
5245,2699000
5246,2784400
5247,2798700
5248,2886700
5249,3180900
5250,2870500
5251,2742200
5252,2803600
5253,3170900
5254,2976900
5255,3073300
5256,2747400
5257,2762400
5258,2858600
5259,2993500
5260,2772400
5261,3226800
5262,2761200
5263,2832200
5264,2864500
5265,2896700
5266,3016000
5267,3149500
5268,2693800
5269,2932700
5270,2848400
5271,3162400
5272,3391900
5273,2737200
5274,2881000
5275,3118000
5276,2717500
5277,2941200
5278,3480300
5279,2812300
5280,2946400
5281,2940300
5282,2758000
5283,3005600
5284,3250300
5285,2877700
5286,3138000
5287,2801800
5288,3165400
5289,3467200
5290,2787300
5291,2963400
5292,2993500
5293,2783000
5294,3005600
5295,3300200
5296,3079200
5297,2811200
5298,2799500
5299,2971700
5300,3467500
5301,3267700
5302,2898600
5303,2646300
5304,3090800
5305,2946400
5306,3351700
5307,2957600
5308,2862200
5309,2894700
5310,3034200
5311,3409100
5312,2888700
5313,2892300
5314,2805500
5315,2960200
5316,3277300
5317,3298500
5318,2976100
5319,2820000
5320,2882900
5321,3025300
5322,3602400
5323,2725600
5324,3018600
5325,2708800
5326,3222100
5327,3247900
5328,2991000
5329,2894500
5330,2859900
5331,2936400
5332,2926400
5333,3398700
5334,2788400
5335,2944100
5336,2846200
5337,2893800
5338,3189500
5339,3030600
5340,2856100
5341,2795700
5342,2840100
5343,3137900
5344,2748700
5345,3229200
5346,2884700
5347,3064200
5348,3116900
5349,2804300
5350,3372500
5351,2823100
5352,2799900
5353,2823600
5354,2863200
5355,3048100
5356,3144300
5357,2715600
5358,2854500
5359,2991000
5360,2655200
5361,3217600
5362,2978600
5363,2722000
5364,3234400
5365,2736700
5366,2952000
5367,3280500
5368,2657500
5369,2752400
5370,3288500
5371,2342900
5372,3015100
5373,3200800
5374,2671100
5375,2902600
5376,2743500
5377,2804400
5378,2910800
5379,3277700
5380,2694700
5381,2979700
5382,2974600
5383,2694900
5384,3442200
5385,2724800
5386,2847200
5387,2743300
5388,2820100
5389,2795300
5390,3598900
5391,2735600
5392,2735800
5393,2865700
5394,2812700
5395,2907400
5396,3283600
5397,2766200
5398,2778200
5399,2885100
5400,2735800
5401,3103700
5402,3340700
5403,2600100
5404,3058900
5405,2794000
5406,3054600
5407,3240300
5408,2730300
5409,2818400
5410,2894100
5411,2769100
5412,3230200
5413,3411900
5414,2983300
5415,2565800
5416,2911800
5417,2766800
5418,3233200
5419,3207100
5420,2556200
5421,2826200
5422,2780800
5423,3072000
5424,3295000
5425,2693500
5426,2839800
5427,2892300
5428,2792500
5429,3196800
5430,3215300
5431,2706600
5432,2873800
5433,2898800
5434,2827400
5435,2991500
5436,3298000
5437,2714900
5438,2887500
5439,2783300
5440,3077200
5441,3224700
5442,2789000
5443,2817400
5444,2860100
5445,2943200
5446,3058600
5447,3181000
5448,2725300
5449,2845800
5450,2923100
5451,3105200
5452,3393400
5453,2726000
5454,2924600
5455,2833100
5456,3000700
5457,2912000
5458,3341300
5459,2647200
5460,3119700
5461,3168400
5462,2619400
5463,2948400
5464,3338100
5465,2784100
5466,2923500
5467,2900100
5468,2826100
5469,3432100
5470,2792500
5471,2837900
5472,2879700
5473,2792800
5474,3157300
5475,3042300
5476,2853200
5477,3237100
5478,2665500
5479,2832400
5480,2989500
5481,3197300
5482,2846000
5483,2862400
5484,2751400
5485,2945200
5486,3307600
5487,2815100
5488,3034300
5489,2594200
5490,2791200
5491,3059500
5492,3216400
5493,2907800
5494,2675100
5495,2845000
5496,2851000
5497,3003500
5498,3450300
5499,2883100
5500,2753600
5501,2808700
5502,2881300
5503,3533800
5504,3146800
5505,2757700
5506,3061700
5507,2695200
5508,2916500
5509,3315000
5510,2546400
5511,2827900
5512,2893300
5513,2774400
5514,3210100
5515,3502100
5516,2490700
5517,2958000
5518,2589500
5519,2863800
5520,3304600
5521,2704600
5522,2708200
5523,2734500
5524,2817900
5525,3215600
5526,3028300
5527,2793200
5528,2742000
5529,3129000
5530,3097000
5531,2817300
5532,3244200
5533,2818000
5534,2862700
5535,2896600
5536,3046700
5537,3450700
5538,2712600
5539,2858800
5540,2888700
5541,2977500
5542,2902600
5543,3309500
5544,2717400
5545,2890300
5546,3095000
5547,2591300
5548,3040100
5549,3239300
5550,2794300
5551,2836800
5552,2994000
5553,3031600
5554,3223200
5555,3058000
5556,2765400
5557,3032900
5558,2640000
5559,2975700
5560,3363700
5561,2743100
5562,2899500
5563,2820700
5564,2929500
5565,3075300
5566,3121600
5567,2801800
5568,2860200
5569,2791400
5570,3107500
5571,3236200
5572,3024300
5573,2895500
5574,2759900
5575,2871400
5576,3143700
5577,3180300
5578,3041200
5579,2649800
5580,2849700
5581,2820700
5582,3010000
5583,3151100
5584,2865800
5585,2736200
5586,2904200
5587,3075200
5588,3190200
5589,3146300
5590,2655100
5591,2903900
5592,2817200
5593,2960200
5594,3446600
5595,2648000
5596,2792700
5597,2815800
5598,2871400
5599,3017000
5600,3194000
5601,2750300
5602,2921900
5603,2673900
5604,2986800
5605,3590000
5606,2454800
5607,2839900
5608,2855200
5609,2823100
5610,3059500
5611,3344500
5612,2666400
5613,2970100
5614,2724900
5615,2902200
5616,3688900
5617,2631500
5618,2843700
5619,2862400
5620,2765000
5621,3205300
5622,3150500
5623,2672400
5624,3115800
5625,2769300
5626,2917900
5627,3009300
5628,3191000
5629,2758800
5630,2876200
5631,2925300
5632,2775100
5633,3261100
5634,2812000
5635,2943300
5636,2770700
5637,3035800
5638,3094500
5639,3141600
5640,2820400
5641,2844900
5642,2902900
5643,3424200
5644,2690800
5645,3361000
5646,2894800
5647,2891900
5648,3036200
5649,2860300
5650,3586100
5651,2811400
5652,2920000
5653,3013400
5654,2827700
5655,3008700
5656,3232900
5657,2880100
5658,3186800
5659,2667300
5660,2985200
5661,3403200
5662,2848300
5663,3224800
5664,2696000
5665,2832100
5666,3202000
5667,3061200
5668,2878400
5669,2955400
5670,3094500
5671,2888600
5672,3467400
5673,2806500
5674,2860300
5675,3014900
5676,2771700
5677,3140500
5678,3192500
5679,3069900
5680,2883800
5681,2884100
5682,2818500
5683,3060800
5684,3226900
5685,2837800
5686,2875700
5687,2860500
5688,2984000
5689,3475500
5690,2824300
5691,2866200
5692,2832000
5693,2809200
5694,3010600
5695,3236900
5696,2788600
5697,2932800
5698,2851000
5699,2810500
5700,3427200
5701,2692200
5702,2931700
5703,2802300
5704,2760800
5705,3078700
5706,3189400
5707,2829500
5708,2676100
5709,3600800
5710,2315200
5711,3005100
5712,3225300
5713,2780500
5714,2791200
5715,2830200
5716,3075500
5717,3155900
5718,2768600
5719,2725000
5720,2860000
5721,2858300
5722,3116400
5723,3286200
5724,2616000
5725,2823500
5726,2877300
5727,3182900
5728,3046300
5729,3210900
5730,2700400
5731,2839100
5732,3030200
5733,2611100
5734,3057200
5735,3109200
5736,2707500
5737,2887900
5738,2768600
5739,3136200
5740,3093000
5741,2779400
5742,2753600
5743,2918000
5744,2992700
5745,2910600
5746,3317300
5747,2678000
5748,2951300
5749,2887400
5750,2676100
5751,2973500
5752,3317300
5753,2661500
5754,2892000
5755,2786400
5756,2862300
5757,3331100
5758,2788800
5759,3616400
5760,2741300
5761,2749700
5762,3245000
5763,2955900
5764,2973200
5765,2573900
5766,2838400
5767,2877100
5768,3045100
5769,3130800
5770,2759300
5771,2843900
5772,2788100
5773,2849400
5774,3392700
5775,3030700
5776,2660500
5777,2820800
5778,2837600
5779,3078600
5780,3158100
5781,2728800
5782,2894300
5783,3029000
5784,2868100
5785,3091500
5786,3335200
5787,2714200
5788,2878900
5789,2797800
5790,2957500
5791,3461000
5792,2631900
5793,2919400
5794,2761600
5795,2861000
5796,3451300
5797,2912200
5798,2710800
5799,2869000
5800,3147200
5801,2824700
5802,3729000
5803,2692000
5804,2829000
5805,2850000
5806,2879600
5807,3205800
5808,3041900
5809,2774800
5810,2901300
5811,2864200
5812,2901200
5813,3348600
5814,2684600
5815,2870200
5816,2792400
5817,2862600
5818,3003800
5819,2950000
5820,3083100
5821,2796900
5822,3114300
5823,3020100
5824,2978000
5825,3053900
5826,2698200
5827,2905400
5828,3103500
5829,2521200
5830,3010600
5831,3190700
5832,2738000
5833,2844700
5834,2911500
5835,2755200
5836,3297000
5837,3081000
5838,2726500
5839,3307400
5840,2675100
5841,3034400
5842,3154400
5843,2774400
5844,2930000
5845,2958700
5846,2819600
5847,3148700
5848,2945100
5849,2769000
5850,2839300
5851,2815100
5852,2786400
5853,3132900
5854,3036300
5855,3102100
5856,2847900
5857,2903600
5858,3063400
5859,2643900
5860,2763200
5861,2892200
5862,2732300
5863,2791400
5864,3067900
5865,3096600
5866,2858300
5867,2762100
5868,2835800
5869,2914100
5870,2857400
5871,3505400
5872,2591900
5873,2825900
5874,3174900
5875,2858000
5876,3701100
5877,2633600
5878,2804700
5879,2902800
5880,2842400
5881,3033300
5882,3186800
5883,2785200
5884,2849700
5885,2938000
5886,2752100
5887,3317800
5888,2917100
5889,2857600
5890,2910700
5891,2815200
5892,3237600
5893,3070500
5894,2695700
5895,3247500
5896,3317200
5897,3192400
5898,2621100
5899,4201300
5900,3804000
5901,2068400
5902,1805900
5903,2794400
5904,3246900
5905,2844400
5906,2894200
5907,2803200
5908,2974000
5909,3075200
5910,3364700
5911,2790400
5912,3149200
5913,2879600
5914,2914100
5915,3302700
5916,2844000
5917,2809000
5918,3154700
5919,2679900
5920,3005400
5921,3270300
5922,2747300
5923,2885900
5924,2943400
5925,2823200
5926,3366700
5927,2826600
5928,2801000
5929,2922500
5930,2848500
5931,2956000
5932,2986800
5933,3196900
5934,3444800
5935,2589400
5936,2802800
5937,2943600
5938,3212000
5939,2929600
5940,2829800
5941,2944900
5942,2731900
5943,2936400
5944,3328200
5945,3028000
5946,2666700
5947,2790500
5948,3167200
5949,3308900
5950,2808800
5951,3133200
5952,2791700
5953,2935600
5954,2957700
5955,3279500
5956,2729300
5957,2877800
5958,2921900
5959,2752500
5960,3371800
5961,2785600
5962,2849000
5963,2831400
5964,2822700
5965,2967800
5966,3685500
5967,2507000
5968,2768400
5969,2785600
5970,2879500
5971,3153100
5972,3423000
5973,2739100
5974,2910200
5975,2877700
5976,2813000
5977,3602200
5978,2697400
5979,2834300
5980,2893200
5981,2866500
5982,3247200
5983,3306600
5984,2761600
5985,2820600
5986,2968800
5987,2796100
5988,3079300
5989,3525100
5990,2775800
5991,2850600
5992,3123500
5993,2762200
5994,3283800
5995,2796100
5996,2879400
5997,2860100
5998,2876200
5999,2961700
6000,3369300
6001,2702700
6002,2930100
6003,2929300
6004,2955600
6005,3398100
6006,2739600
6007,3116200
6008,3009600
6009,2796300
6010,3037600
6011,3325300
6012,2787600
6013,2925400
6014,2823800
6015,2907400
6016,3072200
6017,3161400
6018,3040700
6019,2672900
6020,2890900
6021,2971100
6022,3555900
6023,2822600
6024,2963000
6025,2793700
6026,2869100
6027,2907200
6028,3572000
6029,2844000
6030,2881300
6031,2827200
6032,3008800
6033,3362300
6034,2732800
6035,2898900
6036,2861700
6037,2825600
6038,2931200
6039,3431100
6040,2625200
6041,2957100
6042,2802200
6043,2772500
6044,3125000
6045,3512700
6046,2633600
6047,2829000
6048,3265200
6049,2604400
6050,3305000
6051,2669100
6052,2861300
6053,2853900
6054,2805100
6055,3251200
6056,3054900
6057,2648900
6058,2837000
6059,2843200
6060,2902800
6061,3141200
6062,3419700
6063,2743500
6064,2895100
6065,2827300
6066,2983400
6067,3214700
6068,2806700
6069,2776800
6070,2842400
6071,2853400
6072,2890600
6073,3288800
6074,2685600
6075,2869500
6076,2953400
6077,2695200
6078,2915500
6079,3324200
6080,2759100
6081,2888000
6082,2791700
6083,2899000
6084,3546000
6085,2778800
6086,2738800
6087,2928500
6088,2788000
6089,2951100
6090,3318900
6091,2642600
6092,3005500
6093,2714800
6094,2848000
6095,3105400
6096,3192300
6097,3040400
6098,2608700
6099,2836600
6100,2882200
6101,3140700
6102,3209000
6103,3359000
6104,2982300
6105,2311100
6106,2825400
6107,3207800
6108,2775700
6109,2675000
6110,2893600
6111,2813000
6112,3016900
6113,3434400
6114,2513100
6115,3111900
6116,2803900
6117,2932900
6118,2835200
6119,3152300
6120,2789900
6121,2848400
6122,2834900
6123,2936400
6124,3429300
6125,2630800
6126,2820200
6127,2845200
6128,2746200
6129,2954300
6130,3321100
6131,2688100
6132,2950700
6133,2728000
6134,2874600
6135,3236700
6136,3209400
6137,2706800
6138,2843900
6139,2833300
6140,3255300
6141,3021600
6142,2756400
6143,2794900
6144,2855600
6145,3321300
6146,2757900
6147,3279400
6148,2742100
6149,2860300
6150,2837900
6151,2922600
6152,3265400
6153,2846600
6154,2796400
6155,2775300
6156,2945600
6157,3052800
6158,3247600
6159,2658300
6160,2860800
6161,2968100
6162,2984300
6163,3034500
6164,3142500
6165,2790100
6166,2877000
6167,2926100
6168,2769300
6169,3437000
6170,2816300
6171,2818200
6172,2821600
6173,2825800
6174,2899200
6175,3318300
6176,2790400
6177,3087700
6178,2605200
6179,3074300
6180,2915700
6181,3369800
6182,2696300
6183,2875100
6184,2888800
6185,2831200
6186,3412300
6187,2650900
6188,3105800
6189,2935400
6190,2920800
6191,2745000
6192,3282000
6193,3088200
6194,2925400
6195,2624600
6196,2798000
6197,2713600
6198,3429800
6199,2678600
6200,2765100
6201,2925600
6202,2725900
6203,3155500
6204,3196300
6205,2612900
6206,2784900
6207,2806500
6208,2869400
6209,3452800
6210,2760100
6211,2839000
6212,2822100
6213,2783300
6214,3334800
6215,3023600
6216,2665600
6217,2852000
6218,3125700
6219,2842600
6220,3097800
6221,3097700
6222,2720000
6223,2882000
6224,2796200
6225,3137100
6226,3234800
6227,2695200
6228,2848900
6229,2852200
6230,2825600
6231,2985700
6232,3292000
6233,2708100
6234,2849400
6235,2827200
6236,2960400
6237,2993300
6238,3158700
6239,2694800
6240,3120000
6241,3061900
6242,2763200
6243,3426500
6244,2793300
6245,2903800
6246,2776700
6247,2965100
6248,2905800
6249,3276400
6250,2866200
6251,2841400
6252,2928900
6253,2747200
6254,3485200
6255,2788000
6256,2784200
6257,3317100
6258,2683900
6259,3042200
6260,3164800
6261,2922000
6262,2981200
6263,2658500
6264,2890500
6265,2999500
6266,3250100
6267,2739500
6268,2948000
6269,2835900
6270,2860400
6271,3222100
6272,3069800
6273,2819900
6274,3045300
6275,2912800
6276,3013600
6277,3181900
6278,3155900
6279,2538900
6280,2884300
6281,2857500
6282,3154100
6283,3235800
6284,2912700
6285,2834600
6286,2796100
6287,2901100
6288,3338800
6289,3071700
6290,2616500
6291,2894900
6292,3127700
6293,2987500
6294,3408800
6295,2700300
6296,2774400
6297,2867200
6298,2869300
6299,3373900
6300,2895500
6301,2679700
6302,2931300
6303,2892200
6304,2925900
6305,3471000
6306,2694300
6307,2809300
6308,2899700
6309,2847400
6310,3281900
6311,2967200
6312,2713900
6313,3137100
6314,2963100
6315,2787000
6316,3090200
6317,3157000
6318,2920900
6319,2777900
6320,2857200
6321,3503100
6322,3070500
6323,2696100
6324,2836000
6325,2823600
6326,3236400
6327,3140600
6328,2909700
6329,2817600
6330,3125800
6331,3133100
6332,2708800
6333,3302600
6334,2734100
6335,2959900
6336,2829700
6337,2862200
6338,3020700
6339,3292700
6340,2790900
6341,2818900
6342,3022300
6343,2798600
6344,3409000
6345,2763800
6346,2921100
6347,2939400
6348,2740900
6349,3203800
6350,3203900
6351,2746000
6352,3233000
6353,2785300
6354,2906800
6355,3273900
6356,3065800
6357,2966300
6358,2740400
6359,2918800
6360,2926900
6361,3420400
6362,2714100
6363,2924800
6364,2859400
6365,2849300
6366,3334900
6367,2883400
6368,2947600
6369,3104100
6370,2827900
6371,2853100
6372,3454700
6373,2832800
6374,2748400
6375,2840000
6376,2877000
6377,3091800
6378,3223300
6379,2744400
6380,2854800
6381,2893600
6382,2809700
6383,3063700
6384,3162100
6385,2740500
6386,3185600
6387,2765600
6388,3309600
6389,3105200
6390,2595700
6391,2889600
6392,2761500
6393,2908600
6394,3487600
6395,3039600
6396,2644300
6397,2845800
6398,2843500
6399,2777700
6400,3200700
6401,3202700
6402,2798200
6403,2833800
6404,2747900
6405,3169800
6406,3133500
6407,2796500
6408,3076300
6409,2818700
6410,2868700
6411,2874100
6412,3269700
6413,2772900
6414,2856500
6415,2822000
6416,2815400
6417,2941700
6418,3238500
6419,2860200
6420,2740900
6421,2915700
6422,2747000
6423,3475300
6424,2707600
6425,3060100
6426,2952400
6427,2672200
6428,2988200
6429,3391900
6430,2835100
6431,2798500
6432,2825900
6433,2793700
6434,2929100
6435,3266200
6436,2899500
6437,2721700
6438,2809900
6439,2866000
6440,2903800
6441,3253700
6442,3031000
6443,2756000
6444,2865300
6445,3010800
6446,3132400
6447,3297400
6448,2748700
6449,2594100
6450,2844000
6451,2820400
6452,3214300
6453,2747200
6454,2813000
6455,2807000
6456,2813700
6457,2906500
6458,3296300
6459,2768000
6460,2829800
6461,2774000
6462,3085600
6463,3390100
6464,2818400
6465,2854500
6466,2743100
6467,2864100
6468,3122100
6469,3188200
6470,2859400
6471,2745300
6472,2808600
6473,2858500
6474,3281300
6475,2872200
6476,2949400
6477,2666100
6478,2858900
6479,3263900
6480,2987500
6481,3012600
6482,2731200
6483,2942400
6484,2974800
6485,2937700
6486,3030800
6487,2864700
6488,2779400
6489,2826400
6490,2869000
6491,3008900
6492,3083800
6493,2885800
6494,2815000
6495,3023500
6496,2682900
6497,3365100
6498,2768600
6499,2850500
6500,3122800
6501,2591700
6502,3067100
6503,3459800
6504,2785000
6505,2968800
6506,2768500
6507,2936600
6508,3337000
6509,2805600
6510,2876300
6511,3095000
6512,2647100
6513,2949300
6514,3301700
6515,2767400
6516,3127800
6517,2569600
6518,2902500
6519,3261200
6520,3293000
6521,2835000
6522,2804800
6523,2959700
6524,2716400
6525,3379600
6526,2789700
6527,3163300
6528,2832800
6529,2954700
6530,2833400
6531,3266500
6532,3231000
6533,2813400
6534,2750900
6535,2756400
6536,2708800
6537,3549900
6538,2711400
6539,2659000
6540,2975100
6541,2858400
6542,2946600
6543,3387600
6544,2770400
6545,2772100
6546,2918400
6547,3031200
6548,3247100
6549,2643800
6550,2841600
6551,2891900
6552,2801700
6553,3301900
6554,2999600
6555,2984000
6556,2728800
6557,2873400
6558,3163500
6559,3110300
6560,2777300
6561,2834000
6562,2808500
6563,2809500
6564,3136900
6565,3154200
6566,2754700
6567,2793400
6568,2860200
6569,2938900
6570,2858000
6571,3212800
6572,2817900
6573,2832400
6574,2957800
6575,2764500
6576,3517500
6577,3092400
6578,2834400
6579,3174000
6580,2828600
6581,3529800
6582,2514000
6583,3861400
6584,4133000
6585,2050000
6586,1978100
6587,2476700
6588,3062300
6589,2791100
6590,2851200
6591,2813800
6592,2945200
6593,3528300
6594,2645800
6595,3071100
6596,2643100
6597,2812500
6598,3057500
6599,3265100
6600,2713300
6601,2946900
6602,2805700
6603,2810600
6604,3012900
6605,3263400
6606,3006400
6607,2700600
6608,2832700
6609,2972900
6610,3339000
6611,3078100
6612,2629800
6613,2770200
6614,2960800
6615,3335600
6616,3375200
6617,2609400
6618,2855900
6619,2866500
6620,2874800
6621,3464400
6622,2796300
6623,2760700
6624,2935900
6625,2823200
6626,2981700
6627,3478200
6628,2875200
6629,2920600
6630,2823000
6631,2888500
6632,3212300
6633,3013900
6634,2781800
6635,2930300
6636,2845100
6637,2925400
6638,3340100
6639,2745500
6640,2887200
6641,2856400
6642,2795800
6643,3092900
6644,3181700
6645,2756700
6646,2898000
6647,2873400
6648,2908300
6649,3177300
6650,3194500
6651,2742900
6652,2865300
6653,3047000
6654,3094400
6655,3245000
6656,2812500
6657,2865600
6658,3150400
6659,2643800
6660,2926600
6661,3263900
6662,2788400
6663,2860200
6664,2989200
6665,2771500
6666,3344500
6667,2823600
6668,2881900
6669,3179800
6670,2658300
6671,3039500
6672,3140300
6673,2752100
6674,2906100
6675,3140300
6676,2810900
6677,2978500
6678,3242700
6679,2954600
6680,2693600
6681,3042200
6682,2717800
6683,3401800
6684,3014700
6685,2669400
6686,2888500
6687,2818700
6688,3134000
6689,3410100
6690,2758700
6691,2803400
6692,3160000
6693,2890700
6694,3314300
6695,2856100
6696,2811200
6697,2936800
6698,2857200
6699,2964900
6700,3491500
6701,2623300
6702,2797700
6703,2972200
6704,2798000
6705,3187200
6706,3026600
6707,2836600
6708,2807900
6709,3214400
6710,2777000
6711,3186000
6712,3064000
6713,2782200
6714,2909400
6715,2873600
6716,3198500
6717,2976700
6718,2832300
6719,2916100
6720,2790600
6721,2890700
6722,2983200
6723,3221500
6724,2750000
6725,2967600
6726,2855400
6727,2993100
6728,3756600
6729,2346900
6730,2885800
6731,3179400
6732,2889700
6733,2928200
6734,3385900
6735,2798600
6736,2894700
6737,3101700
6738,2555800
6739,2874100
6740,3276700
6741,2799200
6742,2895100
6743,3033100
6744,3157300
6745,3223200
6746,2729300
6747,2912400
6748,2882200
6749,2771100
6750,2922700
6751,3196400
6752,2848500
6753,2837700
6754,2857400
6755,2793200
6756,3391800
6757,2758500
6758,2857900
6759,2959400
6760,2687800
6761,2887900
6762,3950500
6763,2354800
6764,2835600
6765,2832200
6766,2857000
6767,3048100
6768,3097800
6769,2874800
6770,3146800
6771,2710000
6772,2870000
6773,3337000
6774,2850300
6775,2875000
6776,2713000
6777,2775600
6778,2964800
6779,3305300
6780,2752900
6781,2807800
6782,2806100
6783,2880300
6784,3120100
6785,3001300
6786,2824900
6787,3033800
6788,2926300
6789,2722600
6790,2944900
6791,3496300
6792,3075000
6793,2937000
6794,2530400
6795,2639400
6796,3246900
6797,3164700
6798,2408800
6799,2747300
6800,2884500
6801,3056400
6802,3409200
6803,2697000
6804,2832100
6805,3065600
6806,2783900
6807,3621200
6808,2550800
6809,2859400
6810,2730400
6811,2917500
6812,2804100
6813,3085700
6814,3099700
6815,2787000
6816,2826500
6817,2835900
6818,3099400
6819,3068600
6820,2859700
6821,2835500
6822,2788600
6823,3042900
6824,2997500
6825,3027900
6826,3112500
6827,2849600
6828,3056500
6829,2717700
6830,3272700
6831,2816500
6832,3297500
6833,2392900
6834,2885100
6835,3144200
6836,3378100
6837,2738300
6838,2861000
6839,3083200
6840,2638800
6841,3171200
6842,3034500
6843,3133700
6844,2933200
6845,2750800
6846,3052800
6847,3199300
6848,2877700
6849,2812200
6850,2863700
6851,2868100
6852,3030900
6853,3132800
6854,2964800
6855,2776200
6856,2931200
6857,2748500
6858,3495900
6859,2751200
6860,3100000
6861,2935200
6862,2766900
6863,2941900
6864,3312000
6865,3098800
6866,3467200
6867,2405900
6868,2935400
6869,2806400
6870,3160300
6871,3134600
6872,2761000
6873,3047000
6874,2518200
6875,3344500
6876,3112600
6877,2637500
6878,2716700
6879,2838700
6880,3076900
6881,3507300
6882,2653700
6883,2641400
6884,2818100
6885,2871900
6886,2967300
6887,3322000
6888,2672900
6889,2912600
6890,2858800
6891,2820000
6892,3704200
6893,2537200
6894,2797300
6895,3141300
6896,2802000
6897,3160000
6898,3099700
6899,2700100
6900,3295300
6901,2393700
6902,2907200
6903,3054300
6904,3222400
6905,2742300
6906,2834000
6907,2854900
6908,3254200
6909,3708000
6910,2346100
6911,2751600
6912,2833300
6913,3184700
6914,2881900
6915,3087200
6916,2668200
6917,3190300
6918,2773500
6919,2952000
6920,2895100
6921,3195200
6922,2758000
6923,2846100
6924,2921000
6925,2969400
6926,3264100
6927,2732900
6928,2780700
6929,2899400
6930,2847500
6931,2916200
6932,3290400
6933,2680200
6934,2877300
6935,3762000
6936,1911800
6937,3145600
6938,3475000
6939,2730600
6940,2919900
6941,2762400
6942,2934300
6943,3390800
6944,2721800
6945,2855200
6946,3012300
6947,2752100
6948,3043500
6949,3361500
6950,2809500
6951,3048100
6952,2710400
6953,2894300
6954,3458300
6955,2988500
6956,3056900
6957,2631800
6958,2849500
6959,3069700
6960,3256600
6961,2787600
6962,2922700
6963,2853700
6964,2802800
6965,3079400
6966,3121100
6967,2872300
6968,2816500
6969,3249200
6970,2483900
6971,3122500
6972,3112100
6973,3089500
6974,2833700
6975,2944000
6976,2865700
6977,3305600
6978,2899500
6979,2743300
6980,2963200
6981,2808200
6982,3302000
6983,3072900
6984,2835600
6985,2928800
6986,2883500
6987,2902000
6988,3289600
6989,2886600
6990,3083400
6991,2802100
6992,2877200
6993,2951400
6994,3400200
6995,2756200
6996,2822100
6997,2933900
6998,2720200
6999,3550800
7000,2669300
7001,2867700
7002,2867200
7003,3480200
7004,2325300
7005,3398200
7006,2726000
7007,2862000
7008,2885300
7009,2830100
7010,3477900
7011,3093500
7012,2773100
7013,2894400
7014,2785900
7015,3084200
7016,3274200
7017,2802000
7018,2751100
7019,2996200
7020,2784500
7021,3134900
7022,3356600
7023,2736600
7024,2968400
7025,2818700
7026,2917100
7027,2944400
7028,3218100
7029,2936300
7030,2823400
7031,3102000
7032,2866100
7033,3502700
7034,2811400
7035,2967000
7036,2848500
7037,3279500
7038,2582700
7039,3268500
7040,2982900
7041,2750300
7042,2970900
7043,2868700
7044,3405400
7045,2820600
7046,2826700
7047,3089100
7048,2662500
7049,3179900
7050,3206200
7051,2824100
7052,2925000
7053,2804900
7054,3209600
7055,3542000
7056,2886200
7057,2927300
7058,2841700
7059,2864600
7060,3023900
7061,3330000
7062,2756900
7063,2921900
7064,2857000
7065,2920100
7066,3025700
7067,3474900
7068,2936500
7069,2730300
7070,2855100
7071,3409000
7072,3127300
7073,2879900
7074,2786400
7075,2922600
7076,2892100
7077,3000000
7078,3465000
7079,2648700
7080,2870500
7081,2817000
7082,3011900
7083,3403000
7084,2994500
7085,2696800
7086,2866500
7087,2935400
7088,3229400
7089,3290300
7090,2777800
7091,2840400
7092,2821100
7093,3040300
7094,3566500
7095,2707300
7096,2872200
7097,2932300
7098,2725800
7099,2983700
7100,3248300
7101,2728200
7102,2878200
7103,2795300
7104,2825100
7105,3577800
7106,2668900
7107,2783100
7108,2786000
7109,2850700
7110,3355900
7111,3072700
7112,2706700
7113,2977800
7114,2656200
7115,2886100
7116,3046600
7117,3103200
7118,2744100
7119,2921700
7120,2704100
7121,2870300
7122,3093200
7123,3126500
7124,2695400
7125,2883000
7126,2840100
7127,3019800
7128,3544300
7129,2747500
7130,2791400
7131,3037100
7132,2869600
7133,2723500
7134,3217600
7135,2710900
7136,2854300
7137,3106400
7138,3161000
7139,2725700
7140,3297500
7141,2278500
7142,3002000
7143,2702400
7144,2979100
7145,2969200
7146,3179000
7147,2769100
7148,2820700
7149,2791400
7150,2841300
7151,3367100
7152,2710200
7153,2968900
7154,2725100
7155,2819400
7156,2985200
7157,3186500
7158,3066400
7159,2597000
7160,2821400
7161,2792900
7162,3253400
7163,3008400
7164,2957700
7165,2640800
7166,3204600
7167,2735900
7168,3611400
7169,2781500
7170,2828700
7171,2808100
7172,2859900
7173,2961100
7174,3354900
7175,3201700
7176,2322300
7177,2894200
7178,2845500
7179,3108500
7180,3184400
7181,2774300
7182,2777400
7183,3127600
7184,2820400
7185,3145000
7186,3136100
7187,2775100
7188,2854400
7189,2798400
7190,3447400
7191,2770800
7192,2846700
7193,2796400
7194,2814200
7195,3133300
7196,2750400
7197,3291900
7198,2670300
7199,2860300
7200,2936600
7201,2877200
7202,3094800
7203,3273700
7204,2692500
7205,3186800
7206,3255600
7207,3252300
7208,3200700
7209,3459100
7210,2300200
7211,2366400
7212,2728200
7213,3229400
7214,2910300
7215,2819300
7216,2790700
7217,3016400
7218,2781900
7219,3307500
7220,2866000
7221,2757600
7222,2941400
7223,2802700
7224,3030400
7225,3112500
7226,2834600
7227,2714500
7228,2960600
7229,2764300
7230,2945000
7231,3358000
7232,2790100
7233,3143800
7234,2662500
7235,3051100
7236,3216900
7237,2840700
7238,3086200
7239,2675700
7240,2751900
7241,3148100
7242,3278900
7243,2803500
7244,3296000
7245,2397000
7246,2881800
7247,3018700
7248,3106700
7249,2981600
7250,2674400
7251,2832000
7252,2811600
7253,3359200
7254,3019700
7255,2676800
7256,2722100
7257,2841200
7258,3322200
7259,4184700
7260,2431500
7261,3055800
7262,4849800
7263,2870200
7264,2055400
7265,2105300
7266,2777600
7267,2792500
7268,2818300
7269,3130300
7270,3330800
7271,2588600
7272,2863700
7273,2875500
7274,2812700
7275,3065700
7276,3312600
7277,2658800
7278,3490000
7279,2468500
7280,2952400
7281,3525100
7282,2715600
7283,2853800
7284,2824400
7285,2816600
7286,3249300
7287,3022400
7288,2766400
7289,2881400
7290,2982400
7291,2750800
7292,2976500
7293,3218100
7294,2811000
7295,2920900
7296,2804400
7297,3154000
7298,3198000
7299,2747700
7300,3147100
7301,2874600
7302,3132100
7303,2718700
7304,3275200
7305,2808500
7306,2843800
7307,2933800
7308,2916100
7309,2881000
7310,3255300
7311,2890400
7312,3530300
7313,2271400
7314,2958600
7315,3487200
7316,2730500
7317,3481200
7318,2535400
7319,2893200
7320,2986500
7321,3247000
7322,3007900
7323,2671000
7324,2793600
7325,3282300
7326,3023200
7327,2803100
7328,2926700
7329,2762600
7330,2933200
7331,3156400
7332,3095100
7333,2924700
7334,3118300
7335,2783000
7336,2967500
7337,2973700
7338,3224000
7339,2731000
7340,2897800
7341,2875800
7342,3065000
7343,3380900
7344,2688300
7345,2795900
7346,3259200
7347,2512100
7348,3091700
7349,3490400
7350,2549800
7351,2821400
7352,2916300
7353,2774300
7354,3812200
7355,2927600
7356,2802600
7357,2871700
7358,2890000
7359,2968700
7360,3260800
7361,2808000
7362,2878400
7363,2829500
7364,3116600
7365,2764300
7366,3232300
7367,2877200
7368,2843800
7369,2960300
7370,3139400
7371,3078100
7372,2755600
7373,3105200
7374,2887500
7375,2999900
7376,2904600
7377,3209100
7378,2818900
7379,2918000
7380,3562500
7381,2186300
7382,2921500
7383,3222500
7384,2881500
7385,3113200
7386,2691500
7387,3235200
7388,3249200
7389,2769000
7390,3302400
7391,2728400
7392,2826400
7393,2964300
7394,3248500
7395,2822300
7396,2931700
7397,2918500
7398,2891600
7399,3360000
7400,2785100
7401,2888500
7402,2935200
7403,2799100
7404,3171100
7405,3072000
7406,3047300
7407,2803500
7408,2749800
7409,2986200
7410,3651200
7411,3135400
7412,2836900
7413,2761500
7414,3289800
7415,2548200
7416,3509500
7417,2699100
7418,2900200
7419,2933700
7420,2763400
7421,3088000
7422,3309700
7423,2784500
7424,2848700
7425,2804600
7426,3190900
7427,3378600
7428,2985700
7429,2925000
7430,2773700
7431,2891600
7432,3065900
7433,3238300
7434,2796300
7435,2910000
7436,2773100
7437,2915800
7438,3385200
7439,2722500
7440,2869000
7441,2754900
7442,2894800
7443,3196200
7444,3056400
7445,3061200
7446,2846600
7447,2822300
7448,2923200
7449,2837300
7450,3271100
7451,2723700
7452,2962800
7453,2902900
7454,2737900
7455,3318900
7456,2784900
7457,2824100
7458,2819700
7459,2902000
7460,3020000
7461,3181000
7462,2730100
7463,2974500
7464,2801500
7465,2790400
7466,3010000
7467,3410800
7468,2767700
7469,3002800
7470,2678200
7471,2987200
7472,3178400
7473,2790500
7474,3070400
7475,2992600
7476,2536000
7477,2897200
7478,3207400
7479,2729200
7480,3184300
7481,3126000
7482,2523700
7483,2885400
7484,3202000
7485,2812200
7486,2799400
7487,2748200
7488,2877000
7489,3341100
7490,2724500
7491,2876400
7492,2867000
7493,2748800
7494,2937000
7495,3301000
7496,2781000
7497,2848900
7498,2783500
7499,2847900
7500,3068000
7501,3413300
7502,3052000
7503,2733000
7504,2927500
7505,2811700
7506,3278500
7507,2839200
7508,2860900
7509,2807500
7510,2857100
7511,2994500
7512,3434300
7513,2615800
7514,2893200
7515,2791900
7516,2859000
7517,3254300
7518,3026100
7519,3035000
7520,2868700
7521,2827300
7522,2946400
7523,3491800
7524,2691000
7525,2864900
7526,2815400
7527,2950400
7528,3133200
7529,3078800
7530,2827200
7531,2792900
7532,2828600
7533,3202600
7534,2917500
7535,3316800
7536,2804400
7537,2813200
7538,3129300
7539,2849500
7540,3426300
7541,2828700
7542,2865500
7543,2852200
7544,3313700
7545,2865100
7546,3112400
7547,2722100
7548,2780300
7549,3221100
7550,2896000
7551,3044100
7552,3197200
7553,2714100
7554,2889800
7555,2815400
7556,2955000
7557,3225200
7558,3000100
7559,2858200
7560,2713400
7561,2823800
7562,3023600
7563,3119600
7564,2955600
7565,2784500
7566,2736800
7567,2768000
7568,3372900
7569,2801300
7570,2934300
7571,2771600
7572,2789300
7573,3097000
7574,3313600
7575,2933100
7576,2691200
7577,2827000
7578,2869200
7579,3135500
7580,3435100
7581,3103500
7582,2398400
7583,3119800
7584,2815200
7585,3222500
7586,3223200
7587,2486500
7588,2785400
7589,2821500
7590,2937000
7591,3386200
7592,2688800
7593,2783300
7594,2817600
7595,2947200
7596,3309700
7597,2726100
7598,2801800
7599,2752300
7600,2808000
7601,3252800
7602,2970500
7603,3027800
7604,2962700
7605,2683500
7606,2898500
7607,3046100
7608,3370300
7609,2668100
7610,2893200
7611,2778700
7612,2916200
7613,2873300
7614,3250000
7615,2785000
7616,2859500
7617,2942800
7618,2732300
7619,3015900
7620,3112100
7621,2790600
7622,3034700
7623,3020700
7624,2887600
7625,3192800
7626,2849800
7627,2904100
7628,3056900
7629,2615600
7630,3092900
7631,3404800
7632,2659300
7633,2959400
7634,2842300
7635,2755400
7636,3006300
7637,3217800
7638,2809100
7639,2961500
7640,2720700
7641,3152900
7642,3075800
7643,2763600
7644,3106300
7645,2646400
7646,2820600
7647,3130500
7648,3319500
7649,2744500
7650,2876900
7651,2806600
7652,2872000
7653,3424000
7654,2694500
7655,3007900
7656,2771300
7657,3147700
7658,3138000
7659,3072700
7660,3006700
7661,2732000
7662,2797100
7663,2857300
7664,3116000
7665,3153200
7666,2865100
7667,2840100
7668,2803600
7669,2945800
7670,3408300
7671,2991600
7672,2874600
7673,2682500
7674,2889600
7675,3134700
7676,3347700
7677,2589100
7678,3207900
7679,2811200
7680,2973300
7681,2881800
7682,3392600
7683,2868400
7684,2867700
7685,2843300
7686,3139100
7687,3478100
7688,2795200
7689,2832800
7690,2969500
7691,2777900
7692,3414000
7693,3081500
7694,2767700
7695,3132900
7696,2934400
7697,3277800
7698,3027600
7699,2850500
7700,2793200
7701,2896500
7702,3158800
7703,2903800
7704,3144600
7705,2851300
7706,2866700
7707,2912300
7708,3135600
7709,3192700
7710,2738600
7711,2894500
7712,3120000
7713,2939100
7714,2946900
7715,3341000
7716,2759200
7717,2910800
7718,3217600
7719,2604300
7720,3468900
7721,2746800
7722,2841700
7723,2906400
7724,2855100
7725,3001000
7726,3373700
7727,2677500
7728,2879600
7729,3111100
7730,2710100
7731,2945100
7732,3273600
7733,2762400
7734,3326700
7735,2696500
7736,2865300
7737,3438800
7738,2669900
7739,2881800
7740,2833000
7741,2870800
7742,3092400
7743,3148000
7744,2730600
7745,3089600
7746,2686100
7747,2908200
7748,3204800
7749,3208400
7750,2948900
7751,2916600
7752,2809800
7753,3361700
7754,2948200
7755,2742900
7756,2934700
7757,2829900
7758,2740700
7759,3204700
7760,3318600
7761,2786600
7762,2811100
7763,2827000
7764,2885700
7765,3027100
7766,3217500
7767,2753200
7768,3047700
7769,2847700
7770,2936000
7771,3414500
7772,2670200
7773,2909700
7774,2742100
7775,2909400
7776,2922300
7777,3411000
7778,2627400
7779,2833300
7780,2826500
7781,2888500
7782,3893500
7783,2428400
7784,2680200
7785,2929400
7786,2991300
7787,3179200
7788,3142500
7789,2722200
7790,2814300
7791,2929800
7792,2829300
7793,3081800
7794,3216700
7795,2718400
7796,2872500
7797,2946200
7798,2986200
7799,3414300
7800,2708300
7801,2824100
7802,2873100
7803,2920600
7804,3027300
7805,3289100
7806,2697100
7807,2858300
7808,2865400
7809,2920500
7810,3463000
7811,2819300
7812,2911200
7813,2826900
7814,2846200
7815,3405000
7816,2597400
7817,3184200
7818,2738800
7819,2781000
7820,2919400
7821,2973300
7822,3177600
7823,2816000
7824,2851200
7825,2985900
7826,2835900
7827,3170800
7828,3166700
7829,2871000
7830,3017000
7831,2642800
7832,2904000
7833,3436900
7834,2648000
7835,2879000
7836,2827100
7837,2904000
7838,2940900
7839,3350800
7840,2624200
7841,3113200
7842,2659200
7843,2800100
7844,3216100
7845,2990000
7846,3210100
7847,2679600
7848,2857000
7849,2895300
7850,3374300
7851,2709700
7852,2909000
7853,2765600
7854,2899400
7855,2962300
7856,3251000
7857,2739400
7858,2852200
7859,2830400
7860,2834600
7861,3226800
7862,3157200
7863,2969100
7864,2766500
7865,2860700
7866,2898700
7867,3318900
7868,2811400
7869,2884500
7870,2720500
7871,2851600
7872,3056800
7873,3664100
7874,2560500
7875,2816800
7876,2870700
7877,2816200
7878,3646300
7879,2631300
7880,2668600
7881,2906100
7882,2819600
7883,3158300
7884,3472200
7885,2984300
7886,2708600
7887,2740600
7888,2811900
7889,3421200
7890,3007200
7891,3125400
7892,2567600
7893,2724500
7894,2938400
7895,3017200
7896,3056300
7897,2873800
7898,2807300
7899,2873000
7900,2989700
7901,3187600
7902,2899000
7903,2739600
7904,2831300
7905,3015300
7906,2810100
7907,3436600
7908,2856100
7909,2741600
7910,3082000
7911,2676100
7912,3342000
7913,2834500
7914,2802900
7915,2984400
7916,2914700
7917,2844200
7918,3201800
7919,2716400
7920,3087500
7921,3088200
7922,2661300
7923,2925300
7924,3289600
7925,2729100
7926,2794700
7927,2996300
7928,2660800
7929,2918900
7930,3333900
7931,2761200
7932,3169100
7933,2507900
7934,2892200
7935,3232400
7936,2843000
7937,3080100
7938,2616300
7939,2792400
7940,2974300
7941,4253500
7942,2579400
7943,2909500
7944,4575100
7945,3598600
7946,2104700
7947,1830200
7948,2820200
7949,2829700
7950,2761600
7951,2966100
7952,3416600
7953,2755200
7954,2746300
7955,2797800
7956,2855100
7957,3043800
7958,3191600
7959,2770800
7960,2749500
7961,3099800
7962,2924500
7963,2997200
7964,3217100
7965,2648600
7966,2835800
7967,2817900
7968,3213300
7969,3396700
7970,2682500
7971,2816200
7972,2777500
7973,2848900
7974,3031700
7975,3334500
7976,2643700
7977,2852600
7978,2798700
7979,3003500
7980,3511500
7981,2627100
7982,2749600
7983,2845000
7984,2939400
7985,2992600
7986,3436400
7987,2723900
7988,2933700
7989,2788600
7990,2839100
7991,3397800
7992,2893600
7993,2842700
7994,2928100
7995,2920900
7996,3526600
7997,2864200
7998,2892700
7999,3080600
8000,2901000
8001,3198400
8002,2654000
8003,3227800
8004,2914500
8005,2868200
8006,2959200
8007,3017000
8008,3388800
8009,2787000
8010,2908000
8011,2944200
8012,2990300
8013,3109200
8014,3144200
8015,2877700
8016,3130200
8017,3148000
8018,2739500
8019,3692900
8020,2831000
8021,2966200
8022,3179200
8023,2656500
8024,3000400
8025,3322300
8026,2928500
8027,2967900
8028,2964800
8029,2894600
8030,3514500
8031,2735900
8032,3265700
8033,3155700
8034,2597800
8035,2977200
8036,3271300
8037,2890700
8038,3029100
8039,2929000
8040,2824000
8041,3016900
8042,3151800
8043,2931600
8044,2889000
8045,2992900
8046,2958900
8047,3116400
8048,3041200
8049,2743800
8050,2884100
8051,2912800
8052,3109400
8053,3102500
8054,3156200
8055,2862300
8056,2905500
8057,2934700
8058,3357100
8059,2819500
8060,2843500
8061,2904500
8062,2864200
8063,2951900
8064,3216700
8065,2827800
8066,2901100
8067,2828500
8068,3030600
8069,3347900
8070,2614800
8071,2918500
8072,3046600
8073,2846400
8074,2951700
8075,3288000
8076,2717400
8077,2874500
8078,2781000
8079,2934100
8080,2983600
8081,3196200
8082,2675200
8083,2865900
8084,2801700
8085,2997800
8086,2908400
8087,3175300
8088,2723500
8089,2814900
8090,2824000
8091,3711000
8092,2777400
8093,2993900
8094,2825900
8095,2766900
8096,2798000
8097,3072700
8098,3373200
8099,2738400
8100,2792800
8101,2934300
8102,3004600
8103,3073900
8104,2721500
8105,2828000
8106,2872200
8107,3006100
8108,2862500
8109,3180000
8110,2710400
8111,3140900
8112,2811100
8113,2812600
8114,2995500
8115,3107000
8116,2803300
8117,2851500
8118,2848100
8119,2837300
8120,3441000
8121,2723300
8122,2778200
8123,2862600
8124,2777700
8125,3092600
8126,3210500
8127,2703700
8128,3165700
8129,2925600
8130,2676700
8131,3007500
8132,3478400
8133,2718000
8134,2867200
8135,2946600
8136,2797200
8137,3346400
8138,2800300
8139,2904800
8140,2755900
8141,2808600
8142,3038300
8143,3303000
8144,2702500
8145,2902300
8146,2819800
8147,2852000
8148,3137200
8149,3124400
8150,3018600
8151,2762300
8152,2973000
8153,2814400
8154,2897300
8155,3550100
8156,2749100
8157,2679700
8158,2845200
8159,3055000
8160,3282100
8161,2639600
8162,2886100
8163,2777400
8164,2907500
8165,3091200
8166,3286200
8167,2931200
8168,2835600
8169,2873200
8170,2908900
8171,3688300
8172,3110500
8173,2587200
8174,2554900
8175,2821700
8176,3208800
8177,2980900
8178,2728800
8179,2819300
8180,2917200
8181,2753500
8182,3191200
8183,3099000
8184,3018800
8185,2846500
8186,2820900
8187,2964900
8188,3381600
8189,2670400
8190,2883700
8191,2813200
8192,2947300
8193,2950200
8194,3230800
8195,2673100
8196,2887800
8197,3024100
8198,2715900
8199,3046000
8200,3154900
8201,2725700
8202,2926700
8203,3114800
8204,2609800
8205,3540800
8206,2976000
8207,2871600
8208,2941300
8209,2734400
8210,2970100
8211,3287300
8212,2733900
8213,3050000
8214,2676100
8215,2857200
8216,3034700
8217,3192000
8218,2680000
8219,2960100
8220,2766800
8221,2879800
8222,2964100
8223,3547700
8224,3100600
8225,2701500
8226,2947300
8227,2658800
8228,3232800
8229,3131700
8230,2784800
8231,3067700
8232,2616000
8233,2920200
8234,3290800
8235,2646800
8236,2927200
8237,2744800
8238,2880400
8239,3352900
8240,2973100
8241,2691600
8242,2791800
8243,2847300
8244,3217700
8245,3287100
8246,2705800
8247,2734900
8248,2841800
8249,2880800
8250,3069300
8251,3136900
8252,2740700
8253,2774600
8254,2907800
8255,2822600
8256,3718400
8257,2591800
8258,3077700
8259,2719900
8260,2894900
8261,3026000
8262,3206900
8263,2720500
8264,2826000
8265,2881300
8266,2826300
8267,3018500
8268,3279800
8269,2695600
8270,2808400
8271,2875500
8272,2959600
8273,3216600
8274,2869400
8275,2764700
8276,2869000
8277,2941100
8278,3120500
8279,3498800
8280,2697300
8281,2794800
8282,3056800
8283,2624500
8284,3118900
8285,3060500
8286,2808300
8287,3090400
8288,2616700
8289,2913300
8290,3366500
8291,2776700
8292,2718400
8293,2897800
8294,2810400
8295,3035200
8296,3426200
8297,2730800
8298,2975800
8299,2696200
8300,2780200
8301,3126200
8302,3188200
8303,2891300
8304,2627900
8305,2880300
8306,2900100
8307,3235400
8308,2838600
8309,2772400
8310,2820100
8311,2898100
8312,2919400
8313,3310900
8314,2867200
8315,2732000
8316,2833700
8317,2776600
8318,3175400
8319,3315600
8320,2800800
8321,2847400
8322,3054400
8323,2959500
8324,3394800
8325,2804200
8326,2769300
8327,2890400
8328,2789700
8329,3093400
8330,3266100
8331,2791800
8332,2815300
8333,2867100
8334,2946000
8335,3262300
8336,3093800
8337,2741700
8338,2884500
8339,2802200
8340,3582600
8341,3082500
8342,2763900
8343,2882500
8344,2907100
8345,2927400
8346,3164800
8347,3326300
8348,2816700
8349,2931600
8350,2876300
8351,3339100
8352,3343800
8353,2757400
8354,2950900
8355,2905900
8356,3179900
8357,2920700
8358,3258200
8359,2837100
8360,2976900
8361,3162700
8362,3015900
8363,3338100
8364,2933600
8365,2845100
8366,3202800
8367,2728600
8368,3027400
8369,3249000
8370,2966200
8371,3293400
8372,2670500
8373,3059300
8374,3150700
8375,2854100
8376,2941500
8377,3239500
8378,2829500
8379,2981300
8380,3381300
8381,3038700
8382,2777800
8383,2900300
8384,2816000
8385,3352700
8386,2861600
8387,2893800
8388,2930400
8389,2925800
8390,3116900
8391,3339000
8392,2915300
8393,2796700
8394,3236100
8395,2829000
8396,3421200
8397,2797500
8398,2836000
8399,2894500
8400,2804300
8401,3121100
8402,3190900
8403,2809300
8404,2856200
8405,2905100
8406,2845500
8407,2925800
8408,3446600
8409,2677900
8410,2828400
8411,2865100
8412,3293800
8413,3222600
8414,2790800
8415,2737800
8416,2990800
8417,2686600
8418,3095100
8419,3130500
8420,2789900
8421,2857500
8422,2875700
8423,2761800
8424,3330000
8425,2907000
8426,2731200
8427,2871800
8428,2775000
8429,2862900
8430,3980800
8431,2272100
8432,2782200
8433,3193800
8434,2942300
8435,2838700
8436,3189100
8437,2699900
8438,2814700
8439,2927300
8440,2775800
8441,2977500
8442,3239600
8443,2761000
8444,2892600
8445,3022300
8446,2740300
8447,3365500
8448,2671900
8449,2850300
8450,3086000
8451,2895300
8452,2998300
8453,3193100
8454,2764000
8455,3106600
8456,2665600
8457,2823800
8458,2999600
8459,3300200
8460,2792600
8461,2907800
8462,2756600
8463,2856100
8464,3608600
8465,2757300
8466,3058200
8467,2723600
8468,2866600
8469,3160400
8470,3179100
8471,2913300
8472,3032000
8473,2924800
8474,2811200
8475,3415400
8476,3062100
8477,2683400
8478,2756000
8479,2887900
8480,3106400
8481,3343200
8482,2671700
8483,2771100
8484,2915300
8485,3142600
8486,3423400
8487,2814400
8488,2787200
8489,2834500
8490,2878400
8491,2915400
8492,3526400
8493,2599100
8494,2922800
8495,2793700
8496,2931500
8497,3236900
8498,3193600
8499,2637900
8500,2873600
8501,2902700
8502,2995300
8503,3158300
8504,3262300
8505,2598800
8506,3130500
8507,3152500
8508,2801000
8509,3182200
8510,2872000
8511,2747300
8512,2855700
8513,3173200
8514,3361500
8515,2842600
8516,2612400
8517,2724600
8518,3060300
8519,2613800
8520,3312200
8521,2783300
8522,2856000
8523,2815400
8524,2974100
8525,2909600
8526,3165300
8527,2835900
8528,3071100
8529,2891000
8530,2821100
8531,2945900
8532,3248500
8533,2726300
8534,2979100
8535,2765800
8536,2812400
8537,3569200
8538,2787800
8539,2975600
8540,2622100
8541,2837500
8542,3050200
8543,3216700
8544,2694400
8545,3160500
8546,2713300
8547,2901600
8548,2910500
8549,3308400
8550,2971600
8551,2612400
8552,2756900
8553,2924300
8554,3353300
8555,2641700
8556,2935100
8557,2792900
8558,2756200
8559,3203400
8560,3201800
8561,2910200
8562,2832300
8563,3179900
8564,2576300
8565,2822000
8566,3352300
8567,2736400
8568,2773100
8569,2820400
8570,2876800
8571,2990200
8572,3407300
8573,2896100
8574,2972600
8575,2800300
8576,2632900
8577,3531900
8578,2890900
8579,2643100
8580,2845600
8581,2812300
8582,2944400
8583,3409500
8584,2642200
8585,2963900
8586,2744100
8587,2847500
8588,3058100
8589,3126200
8590,2754200
8591,2846000
8592,2855000
8593,3018100
8594,2839600
8595,3210700
8596,2830100
8597,2874300
8598,3104300
8599,3463000
8600,2389900
8601,2853500
8602,3095800
8603,2865600
8604,2878600
8605,2973100
8606,3247500
8607,2772800
8608,2892200
8609,3150000
8610,2836700
8611,3074200
8612,2795300
8613,2907000
8614,2856200
8615,2984100
8616,3090900
8617,3041400
8618,2690000
8619,3130800
8620,2888600
8621,2813100
8622,3019400
8623,3176300
8624,3651900
8625,2697100
8626,2708000
8627,4643300
8628,3397700
8629,2029400
8630,1918400
8631,2770500
8632,2834400
8633,3357000
8634,2749200
8635,2865300
8636,2991300
8637,2696300
8638,2818900
8639,3042100
8640,3451100
8641,2802300
8642,2817400
8643,2812800
8644,3041800
8645,3123100
8646,3044400
8647,2630900
8648,2848700
8649,2776800
8650,3290700
8651,3318300
8652,2642900
8653,2747800
8654,2894600
8655,2978700
8656,3335700
8657,2749800
8658,3113300
8659,2889800
8660,2832200
8661,3039200
8662,3286500
8663,2800700
8664,2917200
8665,2835100
8666,2877500
8667,3369100
8668,2904400
8669,2897700
8670,2890600
8671,2858800
8672,3319700
8673,3048100
8674,2826700
8675,2876800
8676,2933200
8677,2906700
8678,3186600
8679,3438500
8680,2767300
8681,2857300
8682,2915600
8683,3218800
8684,3435400
8685,2794800
8686,2951700
8687,2903500
8688,2980100
8689,3376300
8690,2824000
8691,2947400
8692,2840500
8693,2979800
8694,3186800
8695,3216400
8696,3131600
8697,2799900
8698,3065800
8699,2847600
8700,2896600
8701,3351400
8702,2865000
8703,2969400
8704,2854600
8705,3093500
8706,3375200
8707,2761600
8708,3360800
8709,2798800
8710,2868600
8711,2927500
8712,3324900
8713,3017400
8714,3000600
8715,2730100
8716,3014100
8717,3376400
8718,2873200
8719,2967700
8720,2820000
8721,2875900
8722,2968400
8723,3476600
8724,2873400
8725,2862100
8726,2943800
8727,2769700
8728,3146300
8729,3269300
8730,2816400
8731,2880700
8732,2932200
8733,3177700
8734,3300400
8735,2732000
8736,2807900
8737,2954600
8738,2729200
8739,3183000
8740,3191600
8741,2741000
8742,2944300
8743,2813800
8744,2927800
8745,3395900
8746,2711600
8747,2937000
8748,2803800
8749,2839900
8750,3320300
8751,3055500
8752,2765300
8753,2828500
8754,2938600
8755,2734000
8756,3468900
8757,2710300
8758,2834800
8759,2864500
8760,2813900
8761,3083300
8762,3467000
8763,2649600
8764,2790400
8765,2895000
8766,2875400
8767,3008900
8768,3946300
8769,2386600
8770,2911000
8771,3080600
8772,2521100
8773,3403800
8774,2739800
8775,2815900
8776,2771100
8777,2991600
8778,2800400
8779,3276500
8780,2786800
8781,2844100
8782,2942800
8783,2735900
8784,2908200
8785,3238800
8786,2788400
8787,2946100
8788,2809200
8789,2720300
8790,3126700
8791,3074900
8792,2761500
8793,2886100
8794,3113800
8795,2854900
8796,3535200
8797,2725500
8798,2810100
8799,2852100
8800,2910000
8801,2897400
8802,3209300
8803,2792100
8804,2817300
8805,2856200
8806,2788600
8807,3025400
8808,3187700
8809,2805300
8810,2811400
8811,2893500
8812,3057900
8813,3318200
8814,2815400
8815,2837900
8816,2804400
8817,2867000
8818,2961600
8819,3316700
8820,2646000
8821,2867800
8822,2913300
8823,2695200
8824,3366600
8825,3010600
8826,2769600
8827,2841600
8828,2840600
8829,2852200
8830,3075600
8831,3085800
8832,2793700
8833,2927700
8834,2706400
8835,3172400
8836,3272100
8837,2813900
8838,2846900
8839,2823300
8840,2773600
8841,3326100
8842,2963500
8843,2735000
8844,2866900
8845,2795200
8846,3264100
8847,3195300
8848,2783000
8849,2832600
8850,2837000
8851,2854600
8852,2856600
8853,3349300
8854,2719600
8855,2953300
8856,3077300
8857,2675600
8858,3078500
8859,3291400
8860,2623600
8861,2689800
8862,2868700
8863,2922600
8864,3433800
8865,2645400
8866,2888600
8867,2848500
8868,3118300
8869,2987500
8870,3235900
8871,2797700
8872,2966700
8873,2763100
8874,2800900
8875,3151300
8876,3113100
8877,2976400
8878,2709900
8879,2832200
8880,2842500
8881,3308000
8882,2796400
8883,3194200
8884,2535900
8885,3108100
8886,2973300
8887,3281000
8888,3018400
8889,2642000
8890,2780500
8891,2830200
8892,3007300
8893,3301900
8894,2695300
8895,2893500
8896,2743500
8897,2918600
8898,3411200
8899,3175600
8900,2665100
8901,2934400
8902,2614200
8903,3145900
8904,3385200
8905,2707500
8906,2714300
8907,2903200
8908,2754800
8909,3276500
8910,3216600
8911,2727000
8912,2848200
8913,2820300
8914,2912600
8915,3540600
8916,2860600
8917,3078400
8918,2687200
8919,2718400
8920,3121800
8921,3110300
8922,2665200
8923,2805400
8924,2922900
8925,2836300
8926,3121600
8927,3133900
8928,2718800
8929,2877000
8930,2987900
8931,2868900
8932,2861000
8933,3032100
8934,2755600
8935,2919700
8936,2908700
8937,3116500
8938,2999900
8939,2703400
8940,2903000
8941,2791500
8942,3106900
8943,3012200
8944,3287700
8945,2714900
8946,3104600
8947,2878600
8948,2896000
8949,3354400
8950,2695600
8951,2803900
8952,3179700
8953,2659400
8954,2968800
8955,3220300
8956,2685900
8957,2896200
8958,2992200
8959,2693900
8960,3148500
8961,3050400
8962,2761200
8963,3226000
8964,2784800
8965,2874000
8966,3349100
8967,2770700
8968,2785300
8969,2955600
8970,2824000
8971,2995100
8972,3168900
8973,2776300
8974,2965200
8975,2749500
8976,2746000
8977,3220000
8978,3072500
8979,2844700
8980,3093600
8981,2782700
8982,2954200
8983,3599700
8984,2657900
8985,2884200
8986,2784500
8987,2932900
8988,2942000
8989,3281300
8990,2848200
8991,2720200
8992,2916000
8993,2904800
8994,3304900
8995,3013800
8996,2666300
8997,2904200
8998,2792100
8999,3179600
9000,2637600
9001,3411400
9002,3048500
9003,2838000
9004,2916300
9005,2989200
9006,3178600
9007,2881700
9008,2856500
9009,3028500
9010,2840700
9011,3057800
9012,3202400
9013,2884600
9014,2864700
9015,2867900
9016,3277500
9017,3135500
9018,2728700
9019,3256800
9020,2983400
9021,2893700
9022,3646200
9023,2807800
9024,2934300
9025,2927500
9026,2890100
9027,3223800
9028,3117000
9029,2860600
9030,2980400
9031,2841900
9032,3131600
9033,2910600
9034,3286400
9035,2979900
9036,3132100
9037,3123800
9038,2870300
9039,3274900
9040,2920700
9041,2900700
9042,3005300
9043,2943200
9044,2984400
9045,3355100
9046,2884800
9047,2931000
9048,3018900
9049,2959600
9050,3184500
9051,2890000
9052,2974000
9053,3441600
9054,2455000
9055,3456900
9056,2808700
9057,3204200
9058,3051200
9059,2676400
9060,3123600
9061,3059100
9062,2883200
9063,2988500
9064,2796200
9065,2798900
9066,3039800
9067,3298400
9068,2822700
9069,3066800
9070,3031100
9071,2929500
9072,3223100
9073,2813300
9074,2886300
9075,2742100
9076,2830200
9077,2945100
9078,3313500
9079,2968800
9080,2586500
9081,2902100
9082,2775600
9083,2891300
9084,3292000
9085,2802800
9086,2752500
9087,2823900
9088,2801900
9089,3223100
9090,3136300
9091,3042800
9092,2747400
9093,2824400
9094,3016900
9095,3204000
9096,2749300
9097,2748200
9098,2772300
9099,2817800
9100,3179900
9101,3417400
9102,2524700
9103,2713800
9104,2827500
9105,2873500
9106,3579300
9107,3045900
9108,2281900
9109,3061800
9110,2732100
9111,2879000
9112,3402300
9113,2713100
9114,2728600
9115,2944100
9116,2744000
9117,3051200
9118,3165500
9119,2662100
9120,2835500
9121,2781800
9122,2827000
9123,3099900
9124,3220900
9125,2671500
9126,2839200
9127,2817600
9128,3043400
9129,3436200
9130,2655000
9131,3051600
9132,2952000
9133,2810500
9134,2982300
9135,3310200
9136,2724900
9137,2775700
9138,3052600
9139,2670500
9140,3110900
9141,3153600
9142,2749400
9143,3098800
9144,2726900
9145,3035400
9146,3200600
9147,2805100
9148,2906200
9149,2995000
9150,2733100
9151,3094500
9152,3355400
9153,2846600
9154,2887200
9155,2937500
9156,2980300
9157,3317900
9158,2741900
9159,2984600
9160,2787900
9161,2976500
9162,2849300
9163,3340200
9164,2963200
9165,2770400
9166,2840400
9167,3005800
9168,3160500
9169,3638800
9170,2679000
9171,2822400
9172,2959400
9173,2899400
9174,3570900
9175,2610100
9176,2829900
9177,3057200
9178,2718000
9179,2985700
9180,3593300
9181,2555100
9182,2778700
9183,2929000
9184,2741300
9185,3489300
9186,3005800
9187,2866600
9188,2873800
9189,2829200
9190,3058000
9191,3268900
9192,2681300
9193,2932900
9194,2831000
9195,3066600
9196,2823100
9197,3178900
9198,2683800
9199,2915300
9200,2863300
9201,3174400
9202,3401300
9203,2966000
9204,2548200
9205,2793300
9206,3137800
9207,2852500
9208,3170600
9209,2772900
9210,2797900
9211,2953500
9212,2842800
9213,2935500
9214,3149600
9215,2765200
9216,2908500
9217,2860700
9218,2802200
9219,3322600
9220,2721400
9221,2895500
9222,2702300
9223,2968500
9224,3052400
9225,3297800
9226,2714900
9227,2869000
9228,2915100
9229,2743900
9230,3039600
9231,3143500
9232,2725300
9233,2906600
9234,2765300
9235,2918600
9236,3419000
9237,2672800
9238,3129900
9239,2938200
9240,2662400
9241,2960200
9242,3279100
9243,2994600
9244,2808800
9245,2823900
9246,2793500
9247,3033200
9248,3200400
9249,2816900
9250,2783900
9251,2919200
9252,2718500
9253,3468700
9254,2955100
9255,2849600
9256,2855800
9257,2846000
9258,2935000
9259,3335500
9260,2574400
9261,2831400
9262,2785400
9263,2891700
9264,2948100
9265,3345400
9266,2665000
9267,3037800
9268,2705600
9269,2841500
9270,3306100
9271,2927600
9272,2762300
9273,2855700
9274,2848400
9275,2930800
9276,3387500
9277,2732400
9278,2839300
9279,2781600
9280,2883600
9281,3489500
9282,2908000
9283,2776600
9284,2873600
9285,2967000
9286,3213100
9287,2766600
9288,3264600
9289,2844800
9290,2765900
9291,2866600
9292,3219900
9293,3029700
9294,2785000
9295,2859800
9296,2864700
9297,3036600
9298,3177100
9299,3051700
9300,2715000
9301,2840900
9302,3029300
9303,2782500
9304,2995000
9305,3578700
9306,3088800
9307,2147900
9308,4341800
9309,4294900
9310,2580300
9311,1884100
9312,1962300
9313,2978100
9314,2828100
9315,2906700
9316,3313900
9317,2739100
9318,3085100
9319,2668800
9320,3029200
9321,3179500
9322,2790000
9323,2794400
9324,3197800
9325,2779800
9326,2973800
9327,3217800
9328,2779700
9329,2919200
9330,2769400
9331,2911100
9332,3025300
9333,3077300
9334,3021200
9335,2859000
9336,2818400
9337,3040300
9338,3263200
9339,2865500
9340,2880100
9341,3107000
9342,2844700
9343,2976500
9344,3187200
9345,2843000
9346,2862000
9347,2881000
9348,2856200
9349,3313800
9350,3185300
9351,2905700
9352,2931100
9353,2848800
9354,3349200
9355,2889500
9356,2773000
9357,2760200
9358,3124100
9359,2963800
9360,3274700
9361,3018800
9362,2898800
9363,2894700
9364,2909000
9365,2997000
9366,3355300
9367,2915600
9368,2838300
9369,2915800
9370,2964300
9371,3059300
9372,3315700
9373,2792700
9374,3018100
9375,2829300
9376,3262400
9377,3227500
9378,2789800
9379,3221600
9380,2939200
9381,2961000
9382,2977200
9383,3464800
9384,2746900
9385,2928700
9386,3023400
9387,2870000
9388,3558700
9389,2870500
9390,2884100
9391,3309500
9392,2859600
9393,2917000
9394,3120700
9395,2881000
9396,3142000
9397,2996200
9398,2980200
9399,3167900
9400,2803400
9401,2859000
9402,2894900
9403,2927200
9404,2937600
9405,3346600
9406,2778400
9407,2875800
9408,2939000
9409,2775700
9410,3438200
9411,2713300
9412,3104200
9413,2761400
9414,2667100
9415,3144300
9416,3204400
9417,2931500
9418,2970800
9419,2712800
9420,2906700
9421,3083000
9422,3177000
9423,2879300
9424,2862700
9425,2784200
9426,2811100
9427,3027100
9428,3123500
9429,2837800
9430,2760500
9431,2770200
9432,3092700
9433,3176100
9434,2758800
9435,3132400
9436,2663200
9437,2963900
9438,2877700
9439,3407700
9440,2572700
9441,2789500
9442,2815500
9443,2800200
9444,3324500
9445,2967400
9446,3189500
9447,2447900
9448,2718600
9449,3010800
9450,3324400
9451,2637000
9452,3191100
9453,2684400
9454,2823800
9455,3170100
9456,3105900
9457,2687500
9458,2923200
9459,2687900
9460,3144200
9461,2923600
9462,3254000
9463,2706100
9464,2918400
9465,2781100
9466,2909200
9467,3296600
9468,2731000
9469,2938500
9470,2843200
9471,2993000
9472,2768500
9473,3255000
9474,3109400
9475,2803500
9476,2911000
9477,2761100
9478,2908100
9479,3297000
9480,2740000
9481,3148100
9482,2658400
9483,2847400
9484,3339000
9485,2805300
9486,2842600
9487,3035100
9488,2741500
9489,3064500
9490,3152500
9491,3056900
9492,2896900
9493,2811400
9494,2837200
9495,2953700
9496,3268900
9497,3094400
9498,2655700
9499,2851700
9500,3054300
9501,3416600
9502,2975600
9503,2700500
9504,2823400
9505,2911900
9506,3080000
9507,3365200
9508,3001800
9509,2683800
9510,2966900
9511,2821400
9512,3395400
9513,2827600
9514,2835700
9515,2841400
9516,2907400
9517,3068200
9518,3222000
9519,2723500
9520,2870700
9521,2963800
9522,2764900
9523,3841000
9524,2517600
9525,2647100
9526,3129700
9527,2801800
9528,2939900
9529,2997500
9530,3144400
9531,2770500
9532,2848500
9533,2862700
9534,3019000
9535,3453100
9536,2671800
9537,2890000
9538,2851300
9539,2825500
9540,2932600
9541,3311500
9542,2735500
9543,2895900
9544,3159200
9545,3040900
9546,3039000
9547,3069300
9548,2639700
9549,3006500
9550,2625800
9551,2896900
9552,3281900
9553,2755100
9554,2801700
9555,2899500
9556,2923200
9557,2837300
9558,3242600
9559,2694000
9560,2858300
9561,2830600
9562,2888300
9563,3388100
9564,2779000
9565,3046800
9566,2837600
9567,2738400
9568,3087500
9569,3157200
9570,2791700
9571,2920300
9572,2759200
9573,2806400
9574,3146400
9575,3254400
9576,3081500
9577,2870400
9578,2611100
9579,3101600
9580,3074300
9581,2643800
9582,3066600
9583,2595100
9584,2799500
9585,2947100
9586,3554000
9587,2739200
9588,2725900
9589,2870300
9590,2819800
9591,3112700
9592,3195700
9593,2919700
9594,2869200
9595,2917400
9596,2724700
9597,3356600
9598,2768600
9599,2776300
9600,2761900
9601,2844200
9602,2929900
9603,3558300
9604,2585100
9605,2743200
9606,2830000
9607,2898900
9608,2935800
9609,3312400
9610,2625900
9611,2764600
9612,2944000
9613,2718700
9614,3646300
9615,2651500
9616,2818600
9617,2786300
9618,2856200
9619,3361700
9620,2517100
9621,3516800
9622,2748900
9623,2861100
9624,2763800
9625,3223400
9626,3053700
9627,2777700
9628,2891400
9629,2782200
9630,2937000
9631,2949200
9632,3235500
9633,2777100
9634,2863400
9635,2963900
9636,2927100
9637,3217000
9638,2725600
9639,2873500
9640,3147800
9641,2616100
9642,3030100
9643,3146400
9644,2788600
9645,2818100
9646,2967800
9647,3110200
9648,3127400
9649,3233800
9650,2722500
9651,2871800
9652,2782600
9653,2965300
9654,3448900
9655,2661500
9656,2903400
9657,2765900
9658,2909000
9659,3169300
9660,3143800
9661,3000500
9662,2644200
9663,2950400
9664,2738100
9665,3460100
9666,2790900
9667,2819400
9668,2813300
9669,2871200
9670,3029500
9671,3246200
9672,2939900
9673,2737100
9674,2817700
9675,2942800
9676,3035300
9677,3420400
9678,2813400
9679,2805900
9680,2864400
9681,3024000
9682,3231100
9683,2915400
9684,2880500
9685,2815900
9686,2845500
9687,3090600
9688,3480100
9689,2867600
9690,2928500
9691,2814900
9692,2954600
9693,3567300
9694,2935000
9695,2942800
9696,2882700
9697,2871400
9698,3190900
9699,3222400
9700,2913300
9701,2906800
9702,2940200
9703,3090300
9704,3347600
9705,2784000
9706,2857600
9707,2910200
9708,2928100
9709,3139800
9710,3319700
9711,2770800
9712,2953600
9713,3063500
9714,3284000
9715,3412200
9716,2719600
9717,2956400
9718,2938400
9719,3136300
9720,2894200
9721,3668200
9722,2665000
9723,2967900
9724,3003100
9725,2775500
9726,3039300
9727,3261800
9728,2822300
9729,3059200
9730,2737800
9731,3069300
9732,3364100
9733,2756500
9734,3226400
9735,2907800
9736,2589400
9737,3062800
9738,3179500
9739,2845500
9740,3193500
9741,2821000
9742,3011000
9743,3301600
9744,2731200
9745,2944600
9746,2810200
9747,2912600
9748,2986700
9749,3265900
9750,2819900
9751,2750100
9752,2800000
9753,2907200
9754,3013500
9755,3508300
9756,2549600
9757,2782800
9758,3119200
9759,3001700
9760,3480000
9761,2786900
9762,2676100
9763,2888400
9764,2808000
9765,3093500
9766,3085000
9767,2845400
9768,2698200
9769,2897300
9770,2749200
9771,3174400
9772,3044800
9773,2712800
9774,2830800
9775,3134400
9776,3044500
9777,3123600
9778,2774200
9779,2739400
9780,2865800
9781,2708700
9782,3186900
9783,3322900
9784,2612800
9785,3196200
9786,2478600
9787,2820000
9788,3101200
9789,3290800
9790,2643700
9791,2946300
9792,2980500
9793,2719600
9794,3441200
9795,2706800
9796,2830500
9797,3263500
9798,2659300
9799,2915300
9800,3299000
9801,2705400
9802,3003500
9803,2790000
9804,2716200
9805,3310500
9806,2835600
9807,2728300
9808,2893800
9809,2753600
9810,2875100
9811,3455600
9812,2639500
9813,3010700
9814,2893700
9815,2835600
9816,3002000
9817,3253500
9818,2723800
9819,2894400
9820,2808100
9821,2850200
9822,3043300
9823,3126800
9824,2861400
9825,2817900
9826,2953000
9827,2768800
9828,3510700
9829,2767600
9830,2759700
9831,3107700
9832,2876100
9833,3021700
9834,3541300
9835,2742300
9836,2818400
9837,2871100
9838,2863600
9839,3470200
9840,2752900
9841,2802800
9842,2925500
9843,2864600
9844,2924200
9845,3484300
9846,2638900
9847,2926700
9848,2784900
9849,2922800
9850,3200900
9851,3078400
9852,2754400
9853,3143900
9854,2816000
9855,2978900
9856,3410300
9857,2773700
9858,2740900
9859,2841000
9860,2933500
9861,3051700
9862,3173700
9863,2740300
9864,2790400
9865,2982700
9866,2970100
9867,3424100
9868,2864900
9869,2791800
9870,3115400
9871,2810400
9872,2878100
9873,3310400
9874,2826700
9875,2767700
9876,2840900
9877,2980500
9878,2896400
9879,3231400
9880,2774200
9881,2859800
9882,2803200
9883,2866500
9884,3010900
9885,3193800
9886,2730700
9887,3553000
9888,2568000
9889,2998400
9890,3258300
9891,2670900
9892,2719700
9893,2821000
9894,2837100
9895,3021900
9896,3186800
9897,2701000
9898,2922500
9899,2805800
9900,2774300
9901,2953800
9902,3357000
9903,2795800
9904,2731700
9905,2796100
9906,2865800
9907,3594500
9908,2835200
9909,2949400
9910,2807900
9911,2872200
9912,2911500
9913,3311800
9914,3262900
9915,2585100
9916,2856300
9917,2625500
9918,3023900
9919,3293500
9920,2638600
9921,2775400
9922,2837900
9923,2836600
9924,3223900
9925,3042200
9926,2668100
9927,3106900
9928,2882300
9929,2898500
9930,3337500
9931,2755000
9932,2778300
9933,2888300
9934,2797500
9935,3268600
9936,3279000
9937,2876500
9938,2617900
9939,2865300
9940,2710600
9941,3001000
9942,3268900
9943,2704200
9944,2839300
9945,2819700
9946,3206800
9947,3295800
9948,2812700
9949,2745700
9950,2770200
9951,3045200
9952,2875600
9953,3172700
9954,2748400
9955,2821900
9956,3204200
9957,2634400
9958,2925900
9959,3087000
9960,2795600
9961,2853500
9962,2943000
9963,3083500
9964,3064100
9965,3100500
9966,2639600
9967,2817500
9968,2828400
9969,3009700
9970,3244400
9971,2723100
9972,3063800
9973,2617000
9974,2870100
9975,3108300
9976,2980700
9977,2845500
9978,2927200
9979,2768000
9980,2905100
9981,3498000
9982,2701400
9983,3192400
9984,2854100
9985,2710100
9986,2894300
9987,3249300
9988,3237100
9989,2924800
9990,2860200
9991,3897000
9992,4149700
9993,2216200
9994,1749900
9995,2505500
9996,2776300
9997,2978200
9998,3578700
9999,3007100
10000,2618000
10001,2817600
10002,2882100
10003,2901600
10004,3282600
10005,2733800
10006,2846400
10007,2944400
10008,2828700
10009,3488600
10010,2676900
10011,2809300
10012,2833200
10013,2846400
10014,3046900
10015,3425700
10016,2649600
10017,2870600
10018,2856500
10019,2874700
10020,3487300
10021,3227300
10022,2890600
10023,2901100
10024,2887100
10025,3219300
10026,3229000
10027,2738400
10028,2930700
10029,2914800
10030,3140800
10031,2841400
10032,3195700
10033,3300100
10034,2541300
10035,2921200
10036,3114800
10037,3508000
10038,3073400
10039,2918700
10040,2957700
10041,3025200
10042,2877300
10043,3435000
10044,2856100
10045,2939800
10046,2924300
10047,3032900
10048,3434600
10049,2857000
10050,2897100
10051,3058500
10052,2873300
10053,3265700
10054,3279800
10055,2939600
10056,3213400
10057,2702000
10058,3201900
10059,3376200
10060,2840700
10061,3012000
10062,2769100
10063,2997600
10064,3504900
10065,2733600
10066,3422800
10067,2446100
10068,2871700
10069,3046900
10070,3380700
10071,3129100
10072,2658700
10073,2976800
10074,2872600
10075,3037700
10076,3488000
10077,3243200
10078,2623300
10079,2822500
10080,3042600
10081,3305100
10082,2929500
10083,2794900
10084,2935200
10085,2928400
10086,2970500
10087,3390000
10088,2656700
10089,2904400
10090,2892700
10091,2850300
10092,3586200
10093,3054800
10094,2806700
10095,2848000
10096,3042200
10097,2756300
10098,3324900
10099,2809100
10100,3305800
10101,2387700
10102,2813000
10103,3254800
10104,2923500
10105,2773100
10106,2809900
10107,2866600
10108,2912300
10109,3298900
10110,2967900
10111,2773700
10112,2877700
10113,2859600
10114,3006600
10115,3114400
10116,2678200
10117,2859400
10118,2798400
10119,2865900
10120,2919900
10121,3196000
10122,2783300
10123,2814100
10124,2686600
10125,3099800
10126,3390000
10127,2742800
10128,2746700
10129,2849600
10130,3026400
10131,2850800
10132,3237200
10133,2754900
10134,2871800
10135,3232000
10136,2485000
10137,2879600
10138,3212900
10139,2754100
10140,2855600
10141,3144800
10142,2540500
10143,2967000
10144,3122700
10145,2806500
10146,3093800
10147,2685200
10148,2779000
10149,3439900
10150,2971000
10151,2746100
10152,2823900
10153,2913500
10154,2896600
10155,3220500
10156,2775200
10157,2899000
10158,2800500
10159,2892200
10160,2905700
10161,3234800
10162,3049400
10163,2589700
10164,2976300
10165,2839100
10166,3481100
10167,2763400
10168,2999300
10169,2707600
10170,3259600
10171,2810700
10172,3315500
10173,2801200
10174,2791000
10175,3010600
10176,2659900
10177,3417400
10178,2952900
10179,2669900
10180,2847400
10181,2885300
10182,2858400
10183,3331800
10184,2837200
10185,2815600
10186,2845000
10187,2935200
10188,3016300
10189,3221900
10190,2674600
10191,2929000
10192,2883600
10193,3115400
10194,3070100
10195,3075000
10196,2781900
10197,2881500
10198,2803700
10199,3038800
10200,3221200
10201,2743400
10202,2826200
10203,2842800
10204,3184600
10205,2712200
10206,3388200
10207,2707400
10208,2983200
10209,2720800
10210,3063800
10211,3152500
10212,2814700
10213,2695300
10214,2861800
10215,3069400
10216,3001200
10217,3235900
10218,2741800
10219,2860600
10220,2837800
10221,2951100
10222,2895000
10223,3124800
10224,2746500
10225,2886700
10226,2714000
10227,2950300
10228,3115800
10229,3061600
10230,2709600
10231,2860500
10232,3424900
10233,3254000
10234,2933800
10235,2492300
10236,2781400
10237,2949200
10238,2810700
10239,3344600
10240,2936100
10241,2761100
10242,2864500
10243,2915800
10244,2791800
10245,3141900
10246,2955900
10247,2765000
10248,2875600
10249,3142800
10250,2785500
10251,3385200
10252,2755800
10253,3218400
10254,2712800
10255,2932200
10256,2755700
10257,3042100
10258,2712900
10259,2975200
10260,2830700
10261,2693300
10262,2990800
10263,3196900
10264,3215200
10265,2540100
10266,2817600
10267,3119200
10268,3262000
10269,2912600
10270,2681900
10271,2876700
10272,2737300
10273,2992900
10274,4245700
10275,2049300
10276,2672000
10277,3010700
10278,2941000
10279,2939100
10280,3183400
10281,2744900
10282,2900500
10283,2818400
10284,2751500
10285,3612500
10286,2580000
10287,2741800
10288,2920000
10289,2705400
10290,2995300
10291,3301000
10292,2785300
10293,2710200
10294,2777100
10295,2732100
10296,3023800
10297,3123100
10298,2776700
10299,2878300
10300,2784300
10301,2876100
10302,3401000
10303,2677200
10304,2784300
10305,2917600
10306,3097100
10307,2905300
10308,3338400
10309,3152100
10310,2559100
10311,2704800
10312,2981800
10313,2874100
10314,3433300
10315,2783700
10316,2833400
10317,3016100
10318,2734400
10319,2931100
10320,3211800
10321,2804600
10322,2775700
10323,3062800
10324,2740300
10325,3351300
10326,2755100
10327,3061500
10328,2922800
10329,2754500
10330,2942700
10331,3349100
10332,2782700
10333,3054200
10334,2739700
10335,2703300
10336,2916200
10337,3229500
10338,2864800
10339,2763700
10340,2881100
10341,2856100
10342,3056100
10343,3156900
10344,3337500
10345,2565700
10346,2739100
10347,3029100
10348,3415600
10349,2688500
10350,2906100
10351,2763200
10352,2866100
10353,2975200
10354,3270000
10355,2909200
10356,2720700
10357,2800000
10358,2866300
10359,3416500
10360,2904100
10361,2720700
10362,3175400
10363,2752800
10364,3113100
10365,3272600
10366,2735900
10367,2867300
10368,2847300
10369,2868200
10370,3077400
10371,3314700
10372,2673100
10373,2997200
10374,2858700
10375,2958900
10376,3703800
10377,2690800
10378,3232600
10379,2704200
10380,2965800
10381,2971700
10382,3447000
10383,2724300
10384,2945300
10385,2857800
10386,3056800
10387,3697100
10388,2714400
10389,3007900
10390,2868700
10391,2854700
10392,3672300
10393,2738900
10394,2871700
10395,2938600
10396,3203500
10397,3086100
10398,3416300
10399,2696100
10400,2996000
10401,2898700
10402,3068800
10403,2949500
10404,3250800
10405,2818900
10406,2958800
10407,3041400
10408,2867100
10409,3441900
10410,2804700
10411,2964100
10412,3272200
10413,2639800
10414,3342700
10415,2820500
10416,2894700
10417,3136400
10418,3473100
10419,2673000
10420,3491200
10421,2791600
10422,2890200
10423,2963600
10424,2897100
10425,2964700
10426,3281900
10427,2771700
10428,2922500
10429,2870500
10430,2918000
10431,3404900
10432,2703700
10433,2921700
10434,3050700
10435,2775900
10436,2894200
10437,3372200
10438,3100900
10439,2793400
10440,2811600
10441,2838700
10442,3072700
10443,3220000
10444,2972200
10445,2647300
10446,3250300
10447,2529800
10448,3344900
10449,2728500
10450,3051600
10451,2746100
10452,2793200
10453,3161700
10454,3290300
10455,3148100
10456,2717400
10457,2780300
10458,2874000
10459,3568100
10460,2913400
10461,2664400
10462,2784200
10463,2808600
10464,3049000
10465,3291700
10466,2754300
10467,2701200
10468,2823700
10469,2795000
10470,3082000
10471,3372500
10472,2521300
10473,3137200
10474,2719600
10475,2926700
10476,3521700
10477,2574300
10478,2757000
10479,2878400
10480,3193900
10481,2595500
10482,3303500
10483,2646500
10484,2852200
10485,2819800
10486,2816000
10487,3223100
10488,3026800
10489,2812200
10490,2798300
10491,2824200
10492,2834700
10493,3261200
10494,2972000
10495,3084700
10496,2810000
10497,2814400
10498,3387200
10499,3148200
10500,2723700
10501,2824800
10502,2934600
10503,2994200
10504,2777800
10505,3209200
10506,2775400
10507,2849900
10508,2846700
10509,2957300
10510,2963800
10511,3230600
10512,3045900
10513,2792900
10514,3413000
10515,2475500
10516,3240900
10517,2746200
10518,2808200
10519,2876400
10520,2946800
10521,2919100
10522,3290500
10523,2763100
10524,2852600
10525,2871900
10526,2821300
10527,3101700
10528,3173600
10529,2673300
10530,2961600
10531,2838200
10532,3062400
10533,3635400
10534,2601400
10535,2910700
10536,2929800
10537,2740100
10538,2971300
10539,3160000
10540,2787400
10541,2940500
10542,2813700
10543,2805000
10544,2984100
10545,3263800
10546,2950000
10547,2777600
10548,2746500
10549,3342800
10550,2847300
10551,3196300
10552,2853200
10553,2741100
10554,2668900
10555,2973100
10556,3243100
10557,2947100
10558,2747400
10559,2746800
10560,2863200
10561,3405800
10562,2836100
10563,2694400
10564,2857900
10565,2779800
10566,2968600
10567,3314400
10568,3032500
10569,2756100
10570,2900900
10571,2771000
10572,2978400
10573,3362800
10574,2682600
10575,2862300
10576,2868900
10577,2801600
10578,3702900
10579,2613700
10580,2926400
10581,2870600
10582,2609300
10583,2778900
10584,3852500
10585,2600400
10586,2718400
10587,2888900
10588,2744100
10589,3313000
10590,3114000
10591,3049200
10592,2552800
10593,2743900
10594,2994000
10595,3227900
10596,2716700
10597,2762200
10598,2854900
10599,2886200
10600,2857400
10601,3362500
10602,2688700
10603,2829100
10604,3050800
10605,2933500
10606,2831000
10607,3476200
10608,2717900
10609,2784100
10610,3149300
10611,2559400
10612,3004400
10613,3165100
10614,2817200
10615,2878600
10616,3100600
10617,2891300
10618,3801200
10619,2371000
10620,2485000
10621,2976600
10622,2818300
10623,3025000
10624,3038800
10625,2864600
10626,3081300
10627,2596500
10628,2836900
10629,3087800
10630,3045000
10631,2888000
10632,2794500
10633,2861900
10634,2712600
10635,2978400
10636,3283400
10637,2820900
10638,2716400
10639,2971600
10640,2912800
10641,3435300
10642,2671200
10643,2728100
10644,2915400
10645,2697900
10646,3215100
10647,3191300
10648,2851800
10649,2790400
10650,3148300
10651,2834900
10652,2909000
10653,3251400
10654,2779200
10655,2810600
10656,2871700
10657,2977700
10658,3326100
10659,2783500
10660,2736500
10661,2857800
10662,2879400
10663,3473000
10664,2705500
10665,2871300
10666,2757600
10667,3813300
10668,3396100
10669,2612400
10670,3630400
10671,3610200
10672,2384600
10673,1910200
10674,2219700
10675,3297900
10676,2803600
10677,2796900
10678,2782800
10679,3014900
10680,3208300
10681,3146400
10682,2733300
10683,2805600
10684,3119200
10685,3015700
10686,3273100
10687,2825800
10688,2840800
10689,2839800
10690,2870000
10691,3025400
10692,3190900
10693,2911300
10694,2792600
10695,2891100
10696,2871300
10697,2930200
10698,3263700
10699,2957600
10700,2920800
10701,2712100
10702,3326900
10703,3307600
10704,2794700
10705,2872100
10706,2847700
10707,2922200
10708,2874800
10709,3268400
10710,2940200
10711,2893600
10712,2937200
10713,2883300
10714,3399800
10715,3163100
10716,2652400
10717,2842800
10718,2944600
10719,3208500
10720,3276200
10721,2957100
10722,2870200
10723,3198900
10724,2932800
10725,3057800
10726,3327100
10727,2804000
10728,2915600
10729,2921700
10730,3077100
10731,3245100
10732,2939400
10733,2900600
10734,2948000
10735,2846000
10736,3707000
10737,2712500
10738,2793700
10739,2914800
10740,3207100
10741,3027200
10742,3321000
10743,2770700
10744,2974700
10745,2853800
10746,3082900
10747,3328400
10748,2838100
10749,2882100
10750,2909200
10751,2978100
10752,2851500
10753,3555800
10754,2758100
10755,2924800
10756,2852400
10757,3211300
10758,2797800
10759,3238800
10760,2787400
10761,3156200
10762,3013400
10763,2850900
10764,3342600
10765,2683200
10766,2896500
10767,3005100
10768,2718900
10769,3072300
10770,3145400
10771,2805100
10772,2957200
10773,2770900
10774,2931800
10775,2957700
10776,3210700
10777,2770400
10778,3090400
10779,2793700
10780,3055400
10781,3150800
10782,2769700
10783,2860800
10784,2784400
10785,2836800
10786,3051500
10787,3116600
10788,2954900
10789,2702500
10790,2822000
10791,2855000
10792,3025600
10793,3446000
10794,2584900
10795,2766700
10796,2773900
10797,3026100
10798,3381000
10799,2731800
10800,3097000
10801,2737500
10802,2880500
10803,2912500
10804,3334900
10805,2592800
10806,2865500
10807,2730100
10808,2925700
10809,3060000
10810,2995100
10811,2770400
10812,2870100
10813,2802400
10814,3043800
10815,3204000
10816,2682400
10817,2812300
10818,3174300
10819,2755500
10820,3208800
10821,2996600
10822,2788400
10823,2860500
10824,2825900
10825,3126000
10826,2860800
10827,3145400
10828,2726200
10829,2834900
10830,2911000
10831,3168100
10832,3381500
10833,2752200
10834,2870200
10835,2893400
10836,2876300
10837,3034700
10838,3262600
10839,2738600
10840,2901800
10841,2977200
10842,2745500
10843,3050200
10844,3059600
10845,2896100
10846,3082100
10847,2655800
10848,2869900
10849,3460500
10850,2714300
10851,2859900
10852,2943300
10853,2773400
10854,3194900
10855,3071100
10856,3027200
10857,3001500
10858,2798400
10859,2816000
10860,3007000
10861,3202800
10862,3059000
10863,2658700
10864,2850300
10865,2990600
10866,3454200
10867,2826500
10868,2818700
10869,2853200
10870,2855300
10871,3155900
10872,3110100
10873,2807700
10874,3120500
10875,2881400
10876,2848900
10877,3249400
10878,2956800
10879,2760800
10880,2855000
10881,2850200
10882,3051500
10883,3315300
10884,2751500
10885,2742500
10886,2877000
10887,2875200
10888,3008800
10889,3195500
10890,2850700
10891,3088400
10892,2795400
10893,2900000
10894,3637100
10895,2727700
10896,2670900
10897,2817800
10898,2823900
10899,3330800
10900,2918700
10901,2801600
10902,2780300
10903,2964500
10904,2708700
10905,3396100
10906,3085500
10907,2696200
10908,2922300
10909,2797000
10910,3028000
10911,3195200
10912,3074600
10913,2753000
10914,2852900
10915,3101100
10916,2754600
10917,3235900
10918,2740400
10919,2838400
10920,2893500
10921,3074700
10922,3433600
10923,2806400
10924,2520500
10925,2737800
10926,3113700
10927,3116800
10928,2779800
10929,3146400
10930,2846300
10931,2798000
10932,2877800
10933,2904100
10934,3257700
10935,2773700
10936,2824200
10937,2996100
10938,2714600
10939,3212300
10940,3220000
10941,2700400
10942,2900000
10943,2807600
10944,2958800
10945,3346300
10946,2700900
10947,3148100
10948,2828400
10949,2739500
10950,2979300
10951,3363400
10952,2674900
10953,2868300
10954,2890200
10955,2741600
10956,3457300
10957,3116800
10958,2692900
10959,2902600
10960,3053600
10961,2681000
10962,2871100
10963,3253600
10964,2693400
10965,2900000
10966,2764900
10967,2980200
10968,3203100
10969,2845600
10970,2861100
10971,2753700
10972,2797800
10973,3113100
10974,3274500
10975,2588300
10976,2785400
10977,2902900
10978,2759800
10979,3591400
10980,2657900
10981,2887200
10982,2845300
10983,2796500
10984,3232900
10985,3137300
10986,3017700
10987,2818400
10988,2895500
10989,2863500
10990,3150500
10991,3052800
10992,2759100
10993,2880800
10994,2859800
10995,3222400
10996,3128700
10997,2827000
10998,2816500
10999,2871900
11000,2873800
11001,3273200
11002,2952200
11003,3125100
11004,2799600
11005,2882100
11006,3164700
11007,3205400
11008,2755900
11009,2823500
11010,2891700
11011,3122300
11012,2798400
11013,3308400
11014,2875000
11015,2797500
11016,2912400
11017,2833300
11018,2949400
11019,3288000
11020,2806900
11021,2838900
11022,3017100
11023,2756500
11024,3480700
11025,2969200
11026,2756400
11027,2919500
11028,2835200
11029,3030200
11030,3233200
11031,2714700
11032,2903800
11033,2824800
11034,2867400
11035,3001100
11036,3172500
11037,2825000
11038,3004200
11039,2731300
11040,2775900
11041,3559400
11042,3045300
11043,2793500
11044,2762700
11045,2891000
11046,2958300
11047,3243800
11048,3070000
11049,2618900
11050,2785200
11051,2878100
11052,3168700
11053,3397800
11054,2845400
11055,2783800
11056,2799400
11057,3065300
11058,3183700
11059,2956400
11060,2693700
11061,2830300
11062,2902100
11063,3175400
11064,3387400
11065,2644300
11066,2857300
11067,3014400
11068,3113000
11069,3583100
11070,2580700
11071,2917600
11072,2892000
11073,2867700
11074,3024000
11075,3387400
11076,2701600
11077,2931500
11078,2859100
11079,2885600
11080,3418300
11081,3228800
11082,2716900
11083,2961200
11084,2860900
11085,3342300
11086,3051100
11087,2777600
11088,2901600
11089,2871300
11090,2880000
11091,3178300
11092,3299100
11093,2756100
11094,2914400
11095,2891200
11096,3487900
11097,3181900
11098,2710000
11099,2846500
11100,2836300
11101,3121400
11102,2920000
11103,3084900
11104,2825900
11105,2870400
11106,2856800
11107,2956100
11108,3389200
11109,2688500
11110,2888300
11111,2862900
11112,2923200
11113,2878800
11114,3295400
11115,2784500
11116,2834700
11117,3019100
11118,2686900
11119,3300900
11120,2937800
11121,2722900
11122,2983200
11123,3031500
11124,2739800
11125,3654700
11126,2704100
11127,2895800
11128,2796600
11129,2788200
11130,3000900
11131,3310600
11132,2674100
11133,3017200
11134,2703500
11135,2793800
11136,3222600
11137,3034800
11138,2786000
11139,2890900
11140,2809400
11141,3117500
11142,3334000
11143,2720500
11144,2834300
11145,2828600
11146,2794500
11147,3018000
11148,3258300
11149,2722900
11150,2786100
11151,2882000
11152,2752300
11153,3146300
11154,3217200
11155,2626900
11156,2881700
11157,2774900
11158,3128000
11159,3298700
11160,2879500
11161,2727700
11162,2849300
11163,2794900
11164,3001100
11165,3521900
11166,2664700
11167,2852300
11168,2759800
11169,2816400
11170,2928800
11171,3421900
11172,2664500
11173,2758400
11174,2879600
11175,3108400
11176,2999500
11177,3269000
11178,2667500
11179,2843800
11180,2834200
11181,2976900
11182,3214000
11183,2778000
11184,2791400
11185,2835800
11186,3057300
11187,2748900
11188,3379400
11189,2661400
11190,2851500
11191,2947500
11192,2757700
11193,3068300
11194,3169300
11195,2710600
11196,2865900
11197,3219800
11198,2838100
11199,3530800
11200,2678800
11201,2858300
11202,2840700
11203,2866200
11204,3010400
11205,3185400
11206,2733900
11207,2921600
11208,2898800
11209,2740900
11210,3175600
11211,3159500
11212,2705800
11213,3036600
11214,3008800
11215,2900200
11216,3282400
11217,2833400
11218,2931500
11219,2730900
11220,2838700
11221,2974100
11222,3300500
11223,2775800
11224,2853000
11225,2833600
11226,2886200
11227,3267200
11228,2858800
11229,2834500
11230,2774000
11231,2799500
11232,3086100
11233,3293600
11234,2977300
11235,2811000
11236,2877700
11237,2812200
11238,2932900
11239,3377400
11240,2842500
11241,2752900
11242,2885300
11243,2764400
11244,3392600
11245,2984700
11246,2661700
11247,2794100
11248,2880500
11249,3047900
11250,3270500
11251,2704000
11252,2868300
11253,3033400
11254,2792600
11255,2931100
11256,3453200
11257,2638400
11258,2841600
11259,2823500
11260,2862100
11261,3391000
11262,2747400
11263,2821800
11264,2792700
11265,2875500
11266,3678100
11267,3281300
11268,2913000
11269,2708200
11270,2595400
11271,2688800
11272,2979500
11273,3432700
11274,2699800
11275,2842600
11276,2851300
11277,2992000
11278,2770600
11279,3362400
11280,2655100
11281,2879400
11282,2816100
11283,2892300
11284,3223300
11285,2828200
11286,2778000
11287,2845900
11288,3023000
11289,2768700
11290,3311400
11291,2639800
11292,3111200
11293,2906600
11294,2764000
11295,3398900
11296,3177200
11297,2399800
11298,3058900
11299,2904400
11300,3083900
11301,2796600
11302,3054700
11303,2727600
11304,2944800
11305,2731400
11306,2945700
11307,3547300
11308,2499700
11309,2934100
11310,2880800
11311,2809300
11312,3238200
11313,3084000
11314,2919500
11315,2695100
11316,2863800
11317,2895100
11318,3205500
11319,3166400
11320,2591500
11321,2746500
11322,2947900
11323,2999500
11324,3227600
11325,2763800
11326,2800400
11327,2829200
11328,2830500
11329,3091100
11330,3289300
11331,2930400
11332,2881600
11333,2844900
11334,2838900
11335,3453300
11336,2778800
11337,2819600
11338,2875400
11339,2902300
11340,3037800
11341,3374700
11342,2663400
11343,2804700
11344,2914100
11345,2798000
11346,3348700
11347,2998200
11348,2991900
11349,3359700
11350,3021100
11351,2347900
11352,4883700
11353,4005800
11354,2222600
11355,1860200
11356,2291800
11357,3093000
11358,3255200
11359,2725800
11360,2887600
11361,2832100
11362,3216700
11363,3122100
11364,2730100
11365,3063400
11366,2915200
11367,3014600
11368,2891900
11369,3154800
11370,2748000
11371,2847400
11372,2989300
11373,2792000
11374,3093600
11375,3051800
11376,2791200
11377,2838700
11378,2947100
11379,2928200
11380,3246300
11381,2797300
11382,2865900
11383,2828800
11384,3017800
11385,2891300
11386,3276500
11387,3042600
11388,2850900
11389,2947600
11390,2852100
11391,3394800
11392,2719100
11393,2928200
11394,2922200
11395,2837200
11396,2883800
11397,3252900
11398,2821400
11399,2925400
11400,2908000
11401,2789800
11402,3179400
11403,3067100
11404,3281400
11405,2793100
11406,2853700
11407,2935200
11408,3307400
11409,2746700
11410,2913900
11411,2980300
11412,2752700
11413,2982000
11414,3290600
11415,2928400
11416,2810700
11417,2958700
11418,2806000
11419,3185800
11420,3188400
11421,3022500
11422,2842900
11423,2853300
11424,3099400
11425,3472900
11426,2742900
11427,2881100
11428,2815100
11429,2907600
11430,2929200
11431,3347800
11432,2731800
11433,2956200
11434,2850500
11435,3010800
11436,3741200
11437,2532100
11438,3063300
11439,2811300
11440,2891600
11441,3160500
11442,3028900
11443,2889900
11444,2752200
11445,3013200
11446,2797600
11447,3398800
11448,2778300
11449,2800100
11450,2901500
11451,2890500
11452,2870800
11453,3284900
11454,2839900
11455,2793700
11456,2886200
11457,2897800
11458,3041400
11459,3464700
11460,2991700
11461,2915900
11462,2759300
11463,2928300
11464,3348200
11465,2663300
11466,2915100
11467,2929000
11468,2768200
11469,2989100
11470,3499600
11471,2653400
11472,2951900
11473,2840200
11474,2725400
11475,3547200
11476,2605700
11477,3220400
11478,2681800
11479,2807000
11480,2976200
11481,3366900
11482,2933700
11483,2628300
11484,2828400
11485,2804500
11486,3012200
11487,3287500
11488,2741200
11489,2816600
11490,2852900
11491,2809500
11492,2970400
11493,3451200
11494,2878800
11495,2818500
11496,2820100
11497,2913900
11498,3581800
11499,2743300
11500,2781300
11501,2838900
11502,2883900
11503,3049400
11504,3216600
11505,2677700
11506,2818900
11507,2856800
11508,2792200
11509,3081000
11510,3134400
11511,2863800
11512,2769300
11513,2861900
11514,3078700
11515,2925900
11516,3356600
11517,2693000
11518,2909400
11519,2862400
11520,2825200
11521,3302700
11522,2797800
11523,2853500
11524,2892900
11525,2778400
11526,2952300
11527,3307600
11528,2749800
11529,2831400
11530,2910200
11531,2818300
11532,3623300
11533,3020300
11534,2785500
11535,2934000
11536,2749900
11537,2909200
11538,3372800
11539,2700500
11540,2998500
11541,2793500
11542,2734900
11543,2942000
11544,3289100
11545,2715300
11546,2902600
11547,2831900
11548,2941500
11549,3328400
11550,2741300
11551,2897300
11552,2773700
11553,2830600
11554,3135400
11555,3366500
11556,2818400
11557,2720900
11558,2826100
11559,2816200
11560,2960400
11561,3236800
11562,2835500
11563,2788600
11564,2851300
11565,2949600
11566,3249400
11567,3014200
11568,2602300
11569,2930900
11570,2718500
11571,3251500
11572,3564100
11573,2668300
11574,2762200
11575,2796300
11576,2945000
11577,2803500
11578,3564200
11579,2557600
11580,2713900
11581,2868500
11582,2854600
11583,3411400
11584,2742000
11585,2772300
11586,2820500
11587,2805700
11588,3199000
11589,3006200
11590,2786100
11591,2754400
11592,2902400
11593,2788100
11594,3245400
11595,3034900
11596,2710100
11597,2851300
11598,3081000
11599,2852200
11600,3364200
11601,2737400
11602,2776200
11603,2823400
11604,3230400
11605,2962900
11606,3517400
11607,2438800
11608,2775600
11609,2808700
11610,3112400
11611,3406900
11612,2736300
11613,2579400
11614,2778400
11615,2836900
11616,3155100
11617,3358300
11618,2681500
11619,2824600
11620,2957400
11621,2718200
11622,2921200
11623,3327200
11624,2677100
11625,2995900
11626,2629200
11627,2944300
11628,3158600
11629,3031700
11630,2747200
11631,2827200
11632,2861000
11633,3125400
11634,3396100
11635,3059200
11636,2524500
11637,2787400
11638,2828200
11639,3073200
11640,3243300
11641,2964400
11642,2920700
11643,2984600
11644,2778600
11645,3205700
11646,3027900
11647,2805900
11648,2766900
11649,2715600
11650,2912800
11651,3043900
11652,3217600
11653,2778300
11654,2829000
11655,2831700
11656,3173600
11657,3429300
11658,2383500
11659,2775400
11660,2838800
11661,2860800
11662,2957600
11663,3391500
11664,2692700
11665,2906700
11666,2779500
11667,2907700
11668,3510400
11669,2711100
11670,2747500
11671,2903100
11672,3178200
11673,2984200
11674,3229800
11675,2809700
11676,2906300
11677,2778600
11678,3051700
11679,2853500
11680,3333900
11681,2775700
11682,2824800
11683,2857700
11684,3029000
11685,2897300
11686,3327300
11687,2676400
11688,2928700
11689,3214000
11690,2879100
11691,3197900
11692,2913600
11693,2818400
11694,3164000
11695,2616900
11696,2920900
11697,3212300
11698,2932600
11699,3036800
11700,2632700
11701,2995100
11702,3301500
11703,2808900
11704,2850900
11705,3016800
11706,3070000
11707,2968500
11708,3242400
11709,2866800
11710,2920800
11711,2769000
11712,2920500
11713,2895400
11714,3315600
11715,3122500
11716,2610200
11717,2811700
11718,3036100
11719,3504200
11720,3109900
11721,2573600
11722,2903800
11723,2852600
11724,3201900
11725,3086100
11726,2790600
11727,3136100
11728,2831000
11729,3095600
11730,3293100
11731,2961700
11732,2743400
11733,2808600
11734,2895000
11735,3142100
11736,3150200
11737,2746600
11738,2956800
11739,2892200
11740,2798500
11741,3100300
11742,3268200
11743,2796200
11744,2887100
11745,3093200
11746,3197100
11747,3207100
11748,2745100
11749,2905700
11750,2966000
11751,2768800
11752,3156100
11753,3310600
11754,2692700
11755,2884500
11756,2877400
11757,3100700
11758,3357900
11759,2745200
11760,2908800
11761,2864500
11762,3184900
11763,2822700
11764,3278500
11765,2752800
11766,3178200
11767,3073000
11768,2650900
11769,3393400
11770,2831200
11771,2830000
11772,2904700
11773,2860100
11774,3013100
11775,3306300
11776,2761400
11777,2879300
11778,3383200
11779,2561200
11780,2882900
11781,3158600
11782,2791000
11783,3369800
11784,2659200
11785,2959500
11786,3239500
11787,2779900
11788,2926700
11789,2756100
11790,2834400
11791,2951100
11792,3472000
11793,2737800
11794,2889000
11795,2898800
11796,2710800
11797,3088000
11798,3228400
11799,2763100
11800,3117700
11801,2809500
11802,3060800
11803,3209600
11804,2961200
11805,2633700
11806,2805600
11807,2828400
11808,2940300
11809,3437500
11810,2774100
11811,2785700
11812,2784800
11813,2819400
11814,3393000
11815,2883200
11816,2686300
11817,2836000
11818,2787200
11819,3043800
11820,2927000
11821,3040900
11822,3061200
11823,2746500
11824,2905200
11825,2834500
11826,3361200
11827,2707300
11828,2783600
11829,2831400
11830,2792400
11831,3234300
11832,3228900
11833,2734000
11834,2895800
11835,2791400
11836,3140900
11837,3259600
11838,2689300
11839,3141900
11840,2913900
11841,2853600
11842,3070000
11843,3211900
11844,2796300
11845,2878600
11846,2880900
11847,3094600
11848,2819900
11849,3161600
11850,2914200
11851,2830800
11852,3198800
11853,2766600
11854,3179300
11855,2879500
11856,2895000
11857,2826000
11858,3101900
11859,2951900
11860,3080600
11861,3091800
11862,2916200
11863,2938300
11864,3029900
11865,3428900
11866,2749200
11867,2914400
11868,3142600
11869,2634400
11870,3043600
11871,3160100
11872,2830100
11873,2853000
11874,2916700
11875,2964200
11876,3074800
11877,3090000
11878,3147100
11879,2869300
11880,2840700
11881,2957300
11882,3288900
11883,2799000
11884,3090100
11885,2675600
11886,2854600
11887,3016800
11888,3208400
11889,3134200
11890,2643400
11891,2810600
11892,3097500
11893,3131900
11894,2759900
11895,3142100
11896,2884000
11897,2780700
11898,2911700
11899,3292600
11900,2960600
11901,2740100
11902,2799200
11903,2807000
11904,3187500
11905,3267600
11906,2724200
11907,2898500
11908,2766400
11909,2914200
11910,3507100
11911,2662400
11912,3123500
11913,2712800
11914,2921200
11915,2872400
11916,3302100
11917,2712400
11918,2906400
11919,2842400
11920,2710800
11921,3486400
11922,2940400
11923,2713800
11924,2765600
11925,2788100
11926,2994600
11927,3442200
11928,2606100
11929,2795200
11930,2780900
11931,2832800
11932,3262200
11933,2967000
11934,3070700
11935,2814100
11936,2775700
11937,3037900
11938,3034000
11939,3158200
11940,2775100
11941,2837600
11942,2799300
11943,3487800
11944,2947000
11945,2721100
11946,2731200
11947,2752000
11948,3040100
11949,2953300
11950,3065600
11951,3016600
11952,2840700
11953,3072800
11954,2795000
11955,2908900
11956,3284600
11957,2673100
11958,2736200
11959,2895200
11960,2833200
11961,3213000
11962,2769600
11963,2833700
11964,2951100
11965,2712700
11966,2887000
11967,3292500
11968,2798200
11969,2954800
11970,2711700
11971,2837900
11972,3186500
11973,3216300
11974,3308300
11975,2342300
11976,2831500
11977,2804800
11978,3608400
11979,2696400
11980,3409500
11981,2600100
11982,3091900
11983,2766600
11984,2969400
11985,2774500
11986,2964400
11987,2680700
11988,2839000
11989,2976600
11990,3220500
11991,2989400
11992,2591900
11993,3005200
11994,2637700
11995,3372700
11996,2908100
11997,2777800
11998,2729300
11999,2854700
12000,2892100
12001,3304100
12002,3001300
12003,2830300
12004,2890500
12005,2802200
12006,2919900
12007,3287900
12008,2758100
12009,2813400
12010,2784700
12011,2824900
12012,3014600
12013,3225000
12014,2880900
12015,2788900
12016,2943800
12017,2755600
12018,3507600
12019,2818900
12020,2890000
12021,2744200
12022,2862200
12023,3334200
12024,2856700
12025,2893300
12026,2793000
12027,3007300
12028,3094400
12029,2739500
12030,3128100
12031,2792300
12032,3688000
12033,2732500
12034,3290800
12035,4477800
12036,3231500
12037,1845000
12038,1913700
12039,3038700
12040,2894200
12041,3202600
12042,2844200
12043,2858600
12044,2921800
12045,3147900
12046,3300900
12047,2814100
12048,2791300
12049,3161500
12050,2689200
12051,3168600
12052,3245200
12053,2879600
12054,2920900
12055,2906700
12056,2900000
12057,3333800
12058,2844600
12059,2822000
12060,2983500
12061,2876100
12062,3076400
12063,3524000
12064,2754900
12065,2897000
12066,2874400
12067,2859300
12068,3500100
12069,2738700
12070,3230400
12071,2575100
12072,2905600
12073,3122200
12074,3163000
12075,2872500
12076,2861600
12077,2960200
12078,2817100
12079,3172400
12080,3176500
12081,2923100
12082,2820700
12083,2893600
12084,3085500
12085,3330700
12086,2860400
12087,2912800
12088,2873300
12089,3243400
12090,3130000
12091,3381800
12092,2816700
12093,2846100
12094,2911300
12095,3079500
12096,3428900
12097,2667100
12098,2882600
12099,2898600
12100,2940300
12101,3115400
12102,3206000
12103,2792100
12104,2883400
12105,2884700
12106,3258300
12107,3379400
12108,2681600
12109,2908100
12110,2913700
12111,2784600
12112,3294400
12113,3015300
12114,2786300
12115,2938900
12116,2838700
12117,2929200
12118,3233200
12119,3003500
12120,2730500
12121,2927400
12122,2814500
12123,3159300
12124,3301800
12125,2764400
12126,2838100
12127,3046500
12128,3031700
12129,2892500
12130,3196700
12131,2803300
12132,2801400
12133,2880500
12134,2810800
12135,2864800
12136,3253900
12137,2841900
12138,2789700
12139,2934500
12140,2841600
12141,3296800
12142,2738700
12143,2808600
12144,2842300
12145,3077300
12146,2918400
12147,3271200
12148,2805800
12149,2756100
12150,2934600
12151,2723200
12152,3136900
12153,3201800
12154,2723100
12155,2872800
12156,2770200
12157,2873600
12158,3484100
12159,2650900
12160,2743600
12161,2986100
12162,2962400
12163,2961300
12164,3383800
12165,2736900
12166,3019600
12167,2637800
12168,2792700
12169,3009300
12170,3229700
12171,2703900
12172,2827700
12173,2888800
12174,2753900
12175,3391900
12176,2715300
12177,3100900
12178,2668400
12179,2780500
12180,3192600
12181,3267100
12182,2857100
12183,2713400
12184,2828200
12185,2879700
12186,2958700
12187,3228000
12188,2784600
12189,2811200
12190,2829300
12191,2862600
12192,2963000
12193,3354200
12194,2688700
12195,2858700
12196,2826500
12197,3110600
12198,3240000
12199,2712800
12200,2784700
12201,3147500
12202,2884100
12203,3088000
12204,3373600
12205,2763700
12206,2876300
12207,2813800
12208,2986300
12209,3435200
12210,2676500
12211,2867600
12212,2893800
12213,2819500
12214,3264200
12215,3060100
12216,2790400
12217,2854400
12218,3241400
12219,2706100
12220,3504400
12221,2719000
12222,2852700
12223,2817600
12224,2856400
12225,3293800
12226,3028700
12227,2765100
12228,2889900
12229,2903900
12230,2845300
12231,2981400
12232,3212400
12233,2778400
12234,2906900
12235,2812300
12236,3001200
12237,3072500
12238,3255000
12239,2789800
12240,3146400
12241,2918800
12242,2891200
12243,3235000
12244,2769500
12245,2912700
12246,2786600
12247,2937700
12248,2937500
12249,3198900
12250,2796300
12251,2949100
12252,2907200
12253,2723700
12254,3061200
12255,3107700
12256,2803000
12257,3291800
12258,2653800
12259,2969600
12260,3260500
12261,2738700
12262,2847100
12263,3204700
12264,2606400
12265,2882800
12266,3132000
12267,2793500
12268,2942700
12269,2781500
12270,2827100
12271,3072900
12272,3065900
12273,2752700
12274,3237700
12275,2756800
12276,3000800
12277,3247000
12278,2705000
12279,2828100
12280,2873900
12281,2806000
12282,2941500
12283,3241900
12284,3063500
12285,3058900
12286,2460500
12287,2798600
12288,2768000
12289,3235300
12290,3037900
12291,2699800
12292,3028900
12293,2860400
12294,3272600
12295,2865000
12296,2818400
12297,2768700
12298,2837000
12299,2934900
12300,3621900
12301,2608400
12302,2826300
12303,2868100
12304,2635500
12305,2881300
12306,3231300
12307,2786800
12308,2877200
12309,2777900
12310,3019400
12311,3425200
12312,2591900
12313,3490000
12314,2483000
12315,2792200
12316,3197400
12317,3298600
12318,2739300
12319,2886300
12320,2794200
12321,2842500
12322,3643500
12323,2823700
12324,2957600
12325,2810700
12326,2712100
12327,3016400
12328,3141400
12329,2714800
12330,2798300
12331,3031900
12332,2985500
12333,2893100
12334,3058400
12335,2757600
12336,2972500
12337,2727600
12338,2909600
12339,2827200
12340,3221600
12341,2743100
12342,2902200
12343,2939800
12344,2720600
12345,3347800
12346,2737800
12347,2914600
12348,3054900
12349,2676700
12350,2965500
12351,3363700
12352,3114900
12353,2782900
12354,2858600
12355,2861600
12356,2902500
12357,3264600
12358,2788100
12359,3009000
12360,2666100
12361,2937500
12362,3365400
12363,2721700
12364,2824100
12365,2951500
12366,2753400
12367,3131000
12368,3153100
12369,2738400
12370,3233200
12371,2790400
12372,2709300
12373,2948600
12374,3279500
12375,3049200
12376,2657000
12377,2806200
12378,3107600
12379,3229700
12380,2701000
12381,2889300
12382,2877600
12383,2861200
12384,2934200
12385,3398200
12386,2801400
12387,2803000
12388,2869900
12389,2835900
12390,3774300
12391,3080400
12392,2789400
12393,2818800
12394,2869700
12395,3134000
12396,3422700
12397,2686400
12398,2839300
12399,2978800
12400,2828300
12401,3403100
12402,2849600
12403,2843200
12404,2930500
12405,2806300
12406,3262700
12407,3128900
12408,3030000
12409,2956200
12410,2899100
12411,2861300
12412,3223000
12413,3083100
12414,2805800
12415,2902800
12416,2891600
12417,3092900
12418,3265100
12419,2878400
12420,2862500
12421,2918200
12422,2966900
12423,3215500
12424,3023600
12425,3156600
12426,2951300
12427,2935600
12428,2997800
12429,3600300
12430,2711900
12431,2933100
12432,2952800
12433,2914700
12434,3135400
12435,3096100
12436,2816100
12437,2898200
12438,3189300
12439,2737200
12440,2864100
12441,3288500
12442,2955100
12443,2847600
12444,2989600
12445,3128500
12446,3408000
12447,2792600
12448,2873200
12449,3037500
12450,2779300
12451,2936600
12452,3368300
12453,2794200
12454,3021500
12455,2834000
12456,2908600
12457,3341500
12458,2776800
12459,3224100
12460,2935000
12461,2617400
12462,3005600
12463,3381700
12464,2829000
12465,2970900
12466,2895300
12467,2786100
12468,3270500
12469,2799000
12470,2898800
12471,2757300
12472,2972600
12473,2826100
12474,3303200
12475,2755300
12476,2867800
12477,2843600
12478,2802600
12479,3075300
12480,3204500
12481,3003100
12482,2820400
12483,2820700
12484,2764500
12485,3560900
12486,2960300
12487,2668400
12488,2863400
12489,2707100
12490,3080000
12491,3428000
12492,2538300
12493,2818400
12494,2721700
12495,2870600
12496,2893400
12497,3422000
12498,2644700
12499,2903000
12500,2702000
12501,2865700
12502,3649600
12503,2668100
12504,2800000
12505,2759500
12506,2844600
12507,3220400
12508,3014800
12509,2732500
12510,2867400
12511,2860400
12512,2802600
12513,3057300
12514,3226100
12515,2801800
12516,2779200
12517,2957600
12518,2802000
12519,3097900
12520,3347600
12521,2710800
12522,2886300
12523,3053700
12524,2902100
12525,3171300
12526,2860200
12527,2848700
12528,2854400
12529,2992700
12530,3183900
12531,3264300
12532,2765800
12533,2941400
12534,3007200
12535,2716900
12536,3019600
12537,3543500
12538,2754900
12539,2969600
12540,2789100
12541,3127200
12542,3162600
12543,2807100
12544,3063500
12545,2789800
12546,2738100
12547,3118400
12548,3164300
12549,2765700
12550,3031500
12551,2801300
12552,2960500
12553,3368900
12554,2775200
12555,3044200
12556,2710400
12557,2876800
12558,3463200
12559,3027400
12560,2974500
12561,2718100
12562,2925900
12563,2913700
12564,3373700
12565,3000400
12566,2633700
12567,2811000
12568,2959800
12569,2952100
12570,3656000
12571,2539900
12572,2894000
12573,2761100
12574,2872300
12575,3489200
12576,3139300
12577,2773800
12578,2796700
12579,2865400
12580,2893300
12581,3364600
12582,2691600
12583,2844500
12584,2864800
12585,2769300
12586,3419200
12587,2921700
12588,2936700
12589,2883500
12590,2806600
12591,2806100
12592,3420500
12593,2724900
12594,2769800
12595,2791300
12596,2815100
12597,2886600
12598,3357300
12599,2771300
12600,2724700
12601,2893000
12602,3083300
12603,3008100
12604,2837800
12605,2782700
12606,2746600
12607,2840600
12608,2860700
12609,3037300
12610,3273200
12611,2736900
12612,2770700
12613,2983800
12614,2635400
12615,3479200
12616,2603900
12617,2828900
12618,2753000
12619,3520600
12620,2768000
12621,2979600
12622,2842700
12623,2735800
12624,2903200
12625,2727000
12626,2883400
12627,3220300
12628,2784200
12629,2745400
12630,2894200
12631,2719300
12632,3097500
12633,3111800
12634,2805300
12635,2769500
12636,3061000
12637,3013000
12638,3185900
12639,2765300
12640,2873200
12641,2764100
12642,2762600
12643,2918000
12644,3334100
12645,2807400
12646,3073600
12647,3163500
12648,2514100
12649,2949700
12650,3149100
12651,2834000
12652,3166200
12653,2401200
12654,2896800
12655,3231500
12656,3061100
12657,2726900
12658,3113500
12659,2828900
12660,3034400
12661,3173100
12662,3047300
12663,2936100
12664,2953900
12665,2721800
12666,2976200
12667,3224200
12668,2788200
12669,2820100
12670,2889200
12671,2909000
12672,3656300
12673,2569400
12674,2864900
12675,2788800
12676,2819900
12677,3093200
12678,3256800
12679,2704000
12680,2861200
12681,2871000
12682,2901800
12683,3315500
12684,3137900
12685,2839300
12686,2876500
12687,2824900
12688,3230400
12689,3281200
12690,2765000
12691,2836100
12692,2859100
12693,2908000
12694,3169100
12695,3043700
12696,2880800
12697,2837200
12698,2808700
12699,3046700
12700,2929800
12701,3162600
12702,2804500
12703,2917100
12704,3037100
12705,2731900
12706,3357900
12707,2736500
12708,2810000
12709,3112000
12710,2681600
12711,3120000
12712,3088800
12713,3828100
12714,2468500
12715,3186200
12716,4992600
12717,3039400
12718,1783700
12719,2311400
12720,2693300
12721,2862700
12722,3227600
12723,3231900
12724,2773200
12725,2879800
12726,2856300
12727,3025100
12728,2871100
12729,3152000
12730,2957300
12731,3060400
12732,2824100
12733,3030000
12734,3207100
12735,3045000
12736,2673200
12737,2789800
12738,2908800
12739,2958900
12740,3219300
12741,2874000
12742,2879400
12743,2791700
12744,3301700
12745,3090000
12746,2854700
12747,2834500
12748,3061000
12749,2931000
12750,2974300
12751,3337500
12752,2756500
12753,2929600
12754,2888100
12755,2934200
12756,3446500
12757,2837500
12758,2913900
12759,2909400
12760,2908700
12761,2908100
12762,3720600
12763,2719000
12764,2903500
12765,3218000
12766,2920900
12767,3482000
12768,2785000
12769,2898800
12770,2877200
12771,2877800
12772,3257700
12773,3108500
12774,2808800
12775,2992200
12776,2768600
12777,3192200
12778,2792400
12779,3226900
12780,3041600
12781,2803200
12782,2859900
12783,3198000
12784,3093100
12785,2850600
12786,3242900
12787,2769400
12788,2933600
12789,2941500
12790,3286200
12791,2864800
12792,2935500
12793,2889100
12794,2835500
12795,3506200
12796,2759400
12797,2909900
12798,3149600
12799,2811900
12800,2909800
12801,3169200
12802,2798400
12803,3025700
12804,3051200
12805,2673700
12806,3304700
12807,2821100
12808,2810000
12809,2852800
12810,2766200
12811,2955100
12812,3296100
12813,2694000
12814,2953700
12815,2748700
12816,2815800
12817,2861600
12818,3286300
12819,3012700
12820,2680800
12821,3022200
12822,2791100
12823,2933200
12824,3174000
12825,2949000
12826,2681300
12827,2784600
12828,2950600
12829,3495300
12830,2831800
12831,2698200
12832,2758100
12833,2865300
12834,2934000
12835,3479800
12836,2743600
12837,2776300
12838,2805700
12839,2800100
12840,3482200
12841,2811700
12842,2625700
12843,3125800
12844,2691700
12845,2957400
12846,3342500
12847,2778200
12848,2697200
12849,2843700
12850,2887100
12851,3000600
12852,3406100
12853,2510100
12854,2862200
12855,2796200
12856,2826400
12857,3275300
12858,2971100
12859,2715100
12860,3103200
12861,2793600
12862,2930300
12863,3480200
12864,2706700
12865,2796500
12866,2929800
12867,2863400
12868,3195200
12869,3203200
12870,2653000
12871,2935300
12872,2850100
12873,3014600
12874,3017300
12875,3281500
12876,2833200
12877,2888900
12878,3037000
12879,2892300
12880,3404300
12881,2927900
12882,2940300
12883,2925900
12884,2793400
12885,3033300
12886,3342000
12887,2754000
12888,2894800
12889,2984100
12890,2857400
12891,3485300
12892,2738900
12893,2860200
12894,3300700
12895,2761200
12896,3079900
12897,3192900
12898,2846400
12899,3032800
12900,2687100
12901,3004300
12902,3357000
12903,2810600
12904,3152000
12905,2590300
12906,2809400
12907,2939100
12908,3589800
12909,2706200
12910,2941900
12911,2813100
12912,3006200
12913,2785900
12914,3303100
12915,3018700
12916,2679700
12917,2891200
12918,2808200
12919,3465700
12920,3048300
12921,2701900
12922,2835500
12923,2913400
12924,2967800
12925,3229500
12926,2748600
12927,2929900
12928,2792300
12929,2867000
12930,2970400
12931,3143500
12932,2787100
12933,2862400
12934,2775700
12935,2918600
12936,3180100
12937,3221400
12938,2747700
12939,2874800
12940,2736800
12941,3025200
12942,3190000
12943,2775700
12944,2779900
12945,2894800
12946,2708600
12947,3606600
12948,2866100
12949,2718400
12950,2754100
12951,2855600
12952,3156900
12953,2834000
12954,2957500
12955,3080700
12956,2781500
12957,2733700
12958,3400100
12959,2954300
12960,2811600
12961,2651300
12962,2722400
12963,2953100
12964,2880800
12965,3105800
12966,2720200
12967,2821200
12968,2979200
12969,2689800
12970,2901300
12971,3155700
12972,2782200
12973,2874800
12974,3000900
12975,2754100
12976,2919700
12977,3188500
12978,2816000
12979,3023800
12980,2750900
12981,2860400
12982,3346200
12983,2746400
12984,2880900
12985,2854100
12986,2855500
12987,2945600
12988,3265700
12989,3048000
12990,3252500
12991,2550700
12992,2971900
12993,2737100
12994,3318900
12995,2837800
12996,2848600
12997,2839900
12998,2950200
12999,3315100
13000,2952600
13001,3042700
13002,2927500
13003,2835500
13004,2999100
13005,3291500
13006,2605100
13007,2869000
13008,2913400
13009,2831000
13010,3305300
13011,3008200
13012,2744000
13013,2857900
13014,2783900
13015,3141200
13016,3217000
13017,2772600
13018,2814500
13019,2764600
13020,2945600
13021,3482500
13022,2727600
13023,2895200
13024,2953100
13025,2754700
13026,3186200
13027,3204800
13028,3052100
13029,2871200
13030,2820000
13031,2914200
13032,3000300
13033,3220900
13034,2794700
13035,2966300
13036,2849600
13037,2945700
13038,3369000
13039,2697400
13040,2880800
13041,2891900
13042,2917700
13043,3012500
13044,3128600
13045,2837900
13046,2931900
13047,3074000
13048,2656100
13049,3047900
13050,3437100
13051,2778500
13052,2913300
13053,2984500
13054,2756600
13055,3587200
13056,2737400
13057,2912900
13058,2854300
13059,2849000
13060,2931900
13061,3331300
13062,2747200
13063,3107200
13064,2640400
13065,2857600
13066,3509100
13067,3058900
13068,2927000
13069,2708200
13070,2831900
13071,3099500
13072,3162800
13073,2822800
13074,2957700
13075,2798200
13076,2850300
13077,2998100
13078,3240800
13079,2855400
13080,2855600
13081,2854500
13082,2887400
13083,2946200
13084,3532600
13085,2786800
13086,2695900
13087,2823100
13088,3433900
13089,3216700
13090,2785200
13091,2817900
13092,2958300
13093,2871600
13094,3543400
13095,3015500
13096,2902000
13097,2823800
13098,2937400
13099,3143100
13100,3233100
13101,2828200
13102,2888900
13103,2914500
13104,2921200
13105,3282700
13106,3055300
13107,2787000
13108,3021500
13109,3044300
13110,3146700
13111,3322900
13112,2680800
13113,2961900
13114,2835900
13115,3176100
13116,2827100
13117,3277200
13118,2732800
13119,2941000
13120,2991600
13121,2816800
13122,3498400
13123,2673600
13124,2900400
13125,2851800
13126,3226800
13127,3214100
13128,3314200
13129,2726200
13130,2961000
13131,2921400
13132,2772300
13133,3416200
13134,2698000
13135,2856300
13136,3010400
13137,2693300
13138,2930300
13139,3383700
13140,2726200
13141,3182100
13142,2837900
13143,2648800
13144,3174700
13145,3083500
13146,2683900
13147,3041200
13148,2988800
13149,2754700
13150,3359300
13151,2788400
13152,2967100
13153,2683400
13154,2869100
13155,3042100
13156,3092700
13157,2901900
13158,2748800
13159,2819700
13160,2871100
13161,3105200
13162,3059200
13163,2894100
13164,2648800
13165,3091800
13166,2857400
13167,3491500
13168,2894100
13169,2645300
13170,2879300
13171,2753500
13172,2944700
13173,3372400
13174,2691100
13175,2741700
13176,2872800
13177,2805500
13178,3051300
13179,3152200
13180,2681100
13181,2840800
13182,2814600
13183,2786400
13184,3172300
13185,3107300
13186,2762400
13187,3052300
13188,2829600
13189,3084100
13190,3180000
13191,2710000
13192,2817600
13193,2919100
13194,2753300
13195,3019500
13196,3306100
13197,2688200
13198,2937000
13199,2802200
13200,2953700
13201,3507400
13202,2644900
13203,2911500
13204,3071800
13205,2973200
13206,2946400
13207,3324500
13208,2747400
13209,2778800
13210,2998100
13211,2774300
13212,3071600
13213,3193800
13214,2759300
13215,2830700
13216,2890200
13217,2808600
13218,3271600
13219,3004500
13220,2822000
13221,3180700
13222,2769300
13223,2992900
13224,3367100
13225,2713100
13226,3031200
13227,2718300
13228,2860000
13229,3046700
13230,3222200
13231,2979400
13232,2676100
13233,2955600
13234,2981000
13235,3176100
13236,2897100
13237,3049200
13238,2708100
13239,3144600
13240,2989400
13241,3454000
13242,2858000
13243,2914100
13244,2740700
13245,3017900
13246,3297400
13247,2952500
13248,2716200
13249,2922800
13250,2852200
13251,3041600
13252,3393400
13253,2696200
13254,2797500
13255,2956500
13256,2839100
13257,3049100
13258,3185400
13259,2763900
13260,3101000
13261,2927000
13262,2952700
13263,3327900
13264,2757700
13265,2865300
13266,2838700
13267,2942400
13268,3100600
13269,3103000
13270,2737500
13271,2908000
13272,2814100
13273,3173100
13274,2807000
13275,3205400
13276,2742500
13277,3136200
13278,2885500
13279,2975400
13280,3325500
13281,2741400
13282,2850300
13283,2861900
13284,3129700
13285,2735500
13286,3141800
13287,2802500
13288,2824700
13289,3141500
13290,2896500
13291,2765700
13292,3087400
13293,2765500
13294,2849000
13295,3298500
13296,2683900
13297,3333600
13298,2592300
13299,3070900
13300,2885700
13301,2743200
13302,2868400
13303,3162100
13304,2804300
13305,2909400
13306,2798200
13307,2850600
13308,3069400
13309,3081900
13310,2740300
13311,2942200
13312,2791100
13313,2784100
13314,3598900
13315,2721300
13316,3120600
13317,2754000
13318,2890800
13319,2933000
13320,3253900
13321,2924000
13322,2686100
13323,2807500
13324,2864000
13325,2850800
13326,3414600
13327,2657500
13328,2786600
13329,3256100
13330,2464600
13331,3403100
13332,3017900
13333,3165200
13334,2795700
13335,2689300
13336,2816800
13337,3152700
13338,2768500
13339,2770900
13340,2894700
13341,2857700
13342,3181400
13343,3219500
13344,2809200
13345,2807700
13346,2818000
13347,2757500
13348,3384000
13349,2720500
13350,2786800
13351,2813300
13352,2923100
13353,3124900
13354,3256500
13355,2835300
13356,2730000
13357,2869700
13358,3032500
13359,2765600
13360,3088800
13361,2869200
13362,2808300
13363,2913400
13364,2774100
13365,2971800
13366,3233700
13367,2767800
13368,2880900
13369,3065200
13370,2722000
13371,3226300
13372,2799400
13373,3174700
13374,2937700
13375,2733000
13376,3117200
13377,3111400
13378,2740600
13379,2974500
13380,2725900
13381,2824200
13382,3149800
13383,3013500
13384,2812800
13385,3252700
13386,2541300
13387,2834900
13388,3499900
13389,2741900
13390,3183700
13391,2834000
13392,2811800
13393,3298300
13394,3610800
13395,2275700
13396,4212700
13397,4082600
13398,2739100
13399,1926200
13400,2198300
13401,2921800
13402,2706000
13403,2852600
13404,2933700
13405,3298100
13406,2835100
13407,2982000
13408,2719000
13409,2839800
13410,3048500
13411,3574000
13412,2759100
13413,2799200
13414,2888200
13415,3018400
13416,3319400
13417,2912400
13418,2707600
13419,3030500
13420,2724700
13421,3001800
13422,3718300
13423,2517500
13424,2889100
13425,2913600
13426,2800000
13427,3713300
13428,3105100
13429,2760100
13430,2967600
13431,2818400
13432,3089700
13433,3502400
13434,2693200
13435,2960900
13436,2996200
13437,2867900
13438,3421500
13439,2894500
13440,2837100
13441,2959700
13442,2869500
13443,3419900
13444,3029100
13445,3117300
13446,2854100
13447,2966900
13448,3080700
13449,2875300
13450,3127700
13451,2882200
13452,2875200
13453,3143600
13454,2869700
13455,3392600
13456,2756900
13457,2916500
13458,2959100
13459,2808900
13460,3638300
13461,2726000
13462,2920300
13463,2859500
13464,2891000
13465,3150800
13466,3273900
13467,3019200
13468,2791000
13469,2911700
13470,2848900
13471,3392400
13472,2845200
13473,2789500
13474,2946200
13475,2802400
13476,2896900
13477,3013800
13478,3216300
13479,3080600
13480,2617600
13481,2789000
13482,3418300
13483,2819700
13484,3167000
13485,2995900
13486,2578500
13487,2849100
13488,2934000
13489,3169700
13490,3038300
13491,2633400
13492,2829000
13493,2843000
13494,3306700
13495,2785200
13496,2813300
13497,2855700
13498,2728100
13499,2870200
13500,3439800
13501,2848000
13502,2773400
13503,2698300
13504,2844700
13505,3304100
13506,3032500
13507,2794100
13508,2750300
13509,2911500
13510,3012300
13511,2878300
13512,3409400
13513,2681600
13514,2860500
13515,2816700
13516,3019800
13517,3347300
13518,2603100
13519,2723300
13520,2914400
13521,2788600
13522,3146300
13523,3284100
13524,2800300
13525,2779600
13526,2888200
13527,2782200
13528,3208800
13529,3049600
13530,2702500
13531,2917700
13532,2807600
13533,2946000
13534,3342900
13535,2772100
13536,2788200
13537,2873500
13538,2892900
13539,3157000
13540,3439100
13541,2685600
13542,2901700
13543,2870600
13544,3153100
13545,2783800
13546,3108500
13547,2749100
13548,2979500
13549,2698100
13550,3113300
13551,3161300
13552,2838600
13553,2768200
13554,2878600
13555,2955700
13556,2817700
13557,3293800
13558,2852100
13559,2806100
13560,3081400
13561,2626600
13562,3438900
13563,2765100
13564,2763600
13565,2900300
13566,3156300
13567,2911600
13568,3313900
13569,2817800
13570,2806900
13571,2940600
13572,2772400
13573,3166500
13574,3167100
13575,2879700
13576,2799100
13577,2894500
13578,2830600
13579,3098000
13580,3231400
13581,2836000
13582,2894100
13583,3029500
13584,2893100
13585,3351400
13586,2995200
13587,2639500
13588,2895400
13589,2798000
13590,2970900
13591,3323200
13592,2818200
13593,2884700
13594,2789500
13595,3006400
13596,3652100
13597,2732900
13598,2795000
13599,2866000
13600,2863700
13601,2982800
13602,3444600
13603,2647900
13604,2883300
13605,2839600
13606,2903900
13607,3591100
13608,2632500
13609,2776200
13610,2921800
13611,2798300
13612,2943500
13613,3596300
13614,2721800
13615,2890900
13616,2797600
13617,2882400
13618,3293200
13619,2994400
13620,2705100
13621,2871600
13622,3156300
13623,3085400
13624,3264400
13625,2653000
13626,2842100
13627,2833700
13628,2899600
13629,2951300
13630,3331000
13631,2651400
13632,2890600
13633,2797800
13634,3552400
13635,3198300
13636,2688500
13637,2577500
13638,2711800
13639,3355300
13640,2657800
13641,3312700
13642,2727900
13643,2852700
13644,2824000
13645,2906500
13646,2979300
13647,3422400
13648,2712800
13649,2853100
13650,2821400
13651,2838100
13652,3403300
13653,2705700
13654,2781500
13655,2990400
13656,2938500
13657,2844800
13658,3490100
13659,2628100
13660,3028800
13661,2705600
13662,2793700
13663,3079000
13664,3208200
13665,2699700
13666,2902600
13667,2763400
13668,3249900
13669,2636900
13670,3228400
13671,3019700
13672,2636900
13673,2793900
13674,3202300
13675,3320600
13676,2967700
13677,2721600
13678,2971100
13679,2786000
13680,2936700
13681,3449300
13682,2707800
13683,3050500
13684,2840200
13685,2529700
13686,3153900
13687,3345400
13688,2694100
13689,2773300
13690,2918400
13691,2937900
13692,3566700
13693,2556700
13694,2815300
13695,2876100
13696,2873000
13697,3319500
13698,2837000
13699,2680000
13700,2822800
13701,2877900
13702,3023500
13703,3033000
13704,3061600
13705,2792000
13706,2855300
13707,2924400
13708,2960700
13709,3376000
13710,2703900
13711,2831100
13712,2862600
13713,3166100
13714,2918700
13715,3353600
13716,2740300
13717,2899900
13718,3069600
13719,2615400
13720,3547400
13721,2728800
13722,2814700
13723,2911300
13724,2850700
13725,3011300
13726,3299700
13727,2674100
13728,3027600
13729,2903700
13730,3039300
13731,3014500
13732,3129800
13733,2770800
13734,2967700
13735,2795600
13736,2794400
13737,2979600
13738,3209900
13739,2982000
13740,2741000
13741,2834700
13742,2838600
13743,3409700
13744,2869100
13745,2767900
13746,2882000
13747,2866300
13748,3130000
13749,3149100
13750,2802400
13751,3098400
13752,2943400
13753,2801800
13754,3427900
13755,2898500
13756,2759000
13757,2893500
13758,2878800
13759,3140200
13760,3660800
13761,2638200
13762,2803600
13763,3006100
13764,2739900
13765,3402500
13766,3019500
13767,2710800
13768,3174800
13769,2887400
13770,3088800
13771,3418200
13772,2703500
13773,2874400
13774,3000600
13775,2858200
13776,3252500
13777,3055100
13778,2877000
13779,2933300
13780,2857500
13781,3252300
13782,3178600
13783,2800200
13784,2910800
13785,2852800
13786,3215000
13787,3353300
13788,2969800
13789,3150100
13790,2749800
13791,3131900
13792,2911800
13793,3362900
13794,2747600
13795,2864500
13796,2954300
13797,2806000
13798,3163500
13799,3137000
13800,2805700
13801,2929200
13802,2831000
13803,3004800
13804,2919300
13805,3205800
13806,3162600
13807,2911600
13808,2810600
13809,3045000
13810,3164000
13811,2811200
13812,3034100
13813,2733100
13814,2880600
13815,3098100
13816,3070800
13817,3220700
13818,2562900
13819,2754900
13820,2886600
13821,3404100
13822,2704700
13823,2857500
13824,2850400
13825,2805800
13826,3110300
13827,3168800
13828,3229200
13829,2777800
13830,2707800
13831,2795000
13832,3219700
13833,3306700
13834,2723900
13835,2911100
13836,2674400
13837,2867900
13838,3427700
13839,2651000
13840,2758800
13841,2856700
13842,2773100
13843,3256100
13844,3209000
13845,2913100
13846,2820200
13847,2797800
13848,2837700
13849,3006400
13850,3193800
13851,2704300
13852,2914400
13853,2707600
13854,2882900
13855,3307500
13856,2768900
13857,2756000
13858,2865200
13859,2788800
13860,3370900
13861,2899200
13862,2705000
13863,3133900
13864,2816600
13865,2797800
13866,3092700
13867,3205500
13868,2688000
13869,2901900
13870,2845100
13871,2908000
13872,3246300
13873,3050300
13874,2786300
13875,2822000
13876,3104800
13877,2891700
13878,3150500
13879,2762500
13880,2916800
13881,2868000
13882,3002200
13883,2949700
13884,3450900
13885,2729200
13886,2958000
13887,2861500
13888,2975800
13889,3307600
13890,2703300
13891,2857500
13892,3063300
13893,2686600
13894,2931400
13895,3385100
13896,2741500
13897,2892600
13898,2871200
13899,2836700
13900,3233400
13901,2958800
13902,3120200
13903,2979800
13904,2733900
13905,2987000
13906,3545500
13907,2778300
13908,3065500
13909,2672100
13910,2911700
13911,2990800
13912,3258200
13913,2731800
13914,2989800
13915,2820500
13916,2924700
13917,3462600
13918,2790000
13919,3185300
13920,2703500
13921,2888300
13922,2917600
13923,3357700
13924,2921300
13925,2672600
13926,2853100
13927,2841000
13928,3029800
13929,3439000
13930,2633200
13931,2819400
13932,2789500
13933,2982600
13934,3246800
13935,2966200
13936,2907600
13937,2883000
13938,2786600
13939,2996800
13940,3324200
13941,2701300
13942,2862400
13943,2808900
13944,2823600
13945,3644700
13946,2532500
13947,2785500
13948,2850100
13949,2745000
13950,2891600
13951,2996300
13952,3177500
13953,3026900
13954,2774500
13955,2832500
13956,3113300
13957,2987900
13958,2757200
13959,2882400
13960,2753100
13961,3158000
13962,2787200
13963,3049700
13964,2711400
13965,2793900
13966,2820300
13967,2824700
13968,3375400
13969,2623600
13970,2842800
13971,2809000
13972,3144300
13973,3121900
13974,3103400
13975,2484400
13976,2771600
13977,2786000
13978,3371000
13979,2711900
13980,3258400
13981,2746200
13982,2788200
13983,3040500
13984,2619100
13985,2978800
13986,3238400
13987,2751500
13988,2758400
13989,2935800
13990,2807300
13991,3295900
13992,2722600
13993,2805000
13994,3013000
13995,2621700
13996,3061500
13997,3559900
13998,2618000
13999,3151000
14000,2648800
14001,2753300
14002,2957400
14003,3248600
14004,2726100
14005,2889500
14006,2929200
14007,3135200
14008,3111300
14009,2602800
14010,2918500
14011,2783100
14012,2864300
14013,3100600
14014,3383300
14015,2830400
14016,2720200
14017,2906500
14018,2850300
14019,3373800
14020,3356500
14021,3018700
14022,3232300
14023,3052300
14024,2766200
14025,2558800
14026,2800400
14027,2826000
14028,2939500
14029,2782800
14030,3061300
14031,3426300
14032,2618200
14033,2804000
14034,2919400
14035,2938800
14036,3544200
14037,2562700
14038,2799400
14039,2899100
14040,2879900
14041,2948200
14042,3008100
14043,3121700
14044,2839400
14045,2823800
14046,2947100
14047,2999400
14048,3139200
14049,2811500
14050,2877100
14051,3018800
14052,2940900
14053,3364800
14054,3129300
14055,2835500
14056,2982000
14057,2825200
14058,2926700
14059,3182000
14060,2832300
14061,2874300
14062,3027600
14063,2727800
14064,2997600
14065,3206600
14066,2823700
14067,2951500
14068,2997500
14069,2772400
14070,3581300
14071,2788800
14072,2949300
14073,4429400
14074,2693300
14075,3091300
14076,3818700
14077,3794000
14078,2238300
14079,1846100
14080,2485700
14081,3410300
14082,2775500
14083,2978800
14084,2811100
14085,2921700
14086,2994100
14087,3299700
14088,3072200
14089,2691400
14090,2835400
14091,2951300
14092,3635100
14093,2754300
14094,2869100
14095,2908400
14096,3071600
14097,3043800
14098,3281900
14099,2909900
14100,2817100
14101,2866500
14102,2910500
14103,3375500
14104,2939400
14105,2751900
14106,2875100
14107,2975100
14108,3076600
14109,3200300
14110,2913900
14111,2829200
14112,2916700
14113,3137600
14114,2976400
14115,3390500
14116,2814100
14117,2840400
14118,2883100
14119,3082400
14120,3336900
14121,2825700
14122,2849900
14123,2868700
14124,2953800
14125,3377100
14126,2898800
14127,2907800
14128,2866600
14129,2888100
14130,3495000
14131,3352100
14132,2798400
14133,2840100
14134,2887900
14135,2867800
14136,3095300
14137,3169200
14138,2864700
14139,2911100
14140,2800600
14141,3034300
14142,2866200
14143,3356600
14144,2780800
14145,2896700
14146,3466300
14147,2569200
14148,3131200
14149,2966800
14150,2741800
14151,3288300
14152,2702700
14153,3005000
14154,3250400
14155,2914600
14156,2836200
14157,2869400
14158,2780700
14159,3326100
14160,2827300
14161,2807500
14162,3127900
14163,2629100
14164,3408600
14165,3195200
14166,2790000
14167,3191600
14168,2861900
14169,2617800
14170,2857200
14171,3223600
14172,2845700
14173,3011600
14174,2664700
14175,2874400
14176,3328500
14177,2716500
14178,3100400
14179,2652600
14180,2817700
14181,3213400
14182,2995900
14183,2780800
14184,2859300
14185,3137700
14186,2834500
14187,3088700
14188,3070900
14189,2819100
14190,2848700
14191,2823800
14192,3013200
14193,3207300
14194,2821600
14195,2753100
14196,2806100
14197,2868100
14198,2990400
14199,3270700
14200,2775800
14201,2771900
14202,2985300
14203,2690300
14204,3183800
14205,3035300
14206,2715000
14207,3149500
14208,2747000
14209,2916200
14210,3481300
14211,2582900
14212,2853800
14213,2774000
14214,2893500
14215,2869700
14216,3307100
14217,2661000
14218,2835700
14219,2863000
14220,2783700
14221,3278600
14222,2975900
14223,2746900
14224,3058400
14225,2816700
14226,3097600
14227,3155500
14228,2703800
14229,2830700
14230,2851900
14231,2826700
14232,3095500
14233,3216700
14234,2745300
14235,2838800
14236,2871800
14237,2925900
14238,2849400
14239,3340400
14240,2763700
14241,2873500
14242,2852700
14243,3067900
14244,2748300
14245,3281700
14246,3151900
14247,2797800
14248,2914500
14249,2986700
14250,3225800
14251,2757300
14252,2872900
14253,3091300
14254,2702500
14255,2923500
14256,3338300
14257,2767700
14258,2950100
14259,2929100
14260,2744900
14261,3353000
14262,2747700
14263,3140000
14264,2888200
14265,2839300
14266,3019300
14267,3350200
14268,2739400
14269,2951100
14270,2822500
14271,2755600
14272,3022100
14273,3189600
14274,2978700
14275,2724600
14276,2825500
14277,3218700
14278,3338000
14279,2717400
14280,3144100
14281,2822800
14282,2810300
14283,3014800
14284,3182900
14285,2859400
14286,2779800
14287,2905900
14288,2991900
14289,3226000
14290,2826500
14291,2740800
14292,2843000
14293,2893600
14294,2821500
14295,3501400
14296,2620700
14297,2836200
14298,2812500
14299,2894400
14300,3081200
14301,3150400
14302,3058300
14303,2778200
14304,2847800
14305,2859200
14306,3410400
14307,2681900
14308,2880000
14309,2785600
14310,2805300
14311,3056000
14312,3492500
14313,2600200
14314,2922800
14315,2600700
14316,2787200
14317,3655200
14318,3025200
14319,2901000
14320,2719900
14321,2870300
14322,2929500
14323,2846100
14324,3212200
14325,2768600
14326,2858100
14327,2865200
14328,2972800
14329,3174100
14330,2747200
14331,2867000
14332,2818800
14333,2938700
14334,3013700
14335,3095400
14336,2760800
14337,3133700
14338,3073000
14339,2583300
14340,3362500
14341,2745500
14342,2838100
14343,2901000
14344,2792200
14345,3391400
14346,2279100
14347,3258500
14348,2770800
14349,3137300
14350,2728800
14351,2842300
14352,3350300
14353,2783700
14354,2896200
14355,2913900
14356,2828800
14357,2994100
14358,3399000
14359,2840200
14360,3122200
14361,2835400
14362,3049700
14363,3328600
14364,2564200
14365,3254800
14366,2734200
14367,3200500
14368,3021700
14369,2839500
14370,2562800
14371,3047300
14372,2646600
14373,2817400
14374,2983900
14375,3046800
14376,2950300
14377,2891800
14378,2800900
14379,2892000
14380,3186000
14381,2781000
14382,2857400
14383,2950600
14384,2778500
14385,2961000
14386,3195600
14387,3037600
14388,2805400
14389,3133400
14390,2755400
14391,3630800
14392,2846800
14393,2885900
14394,2787700
14395,2941600
14396,3075500
14397,3165400
14398,2852400
14399,2862500
14400,2882900
14401,2871600
14402,2904600
14403,3340200
14404,2880300
14405,2842000
14406,2861700
14407,2904000
14408,3361800
14409,2794300
14410,2922800
14411,2812900
14412,2831600
14413,3412600
14414,3167500
14415,2768300
14416,2773200
14417,2931900
14418,3083300
14419,2995300
14420,3069200
14421,2886300
14422,2853300
14423,2842900
14424,3137700
14425,3467500
14426,2768300
14427,2945900
14428,2799300
14429,2893500
14430,3194500
14431,3537000
14432,2655200
14433,2957100
14434,3064300
14435,2854400
14436,3350400
14437,2695300
14438,2946200
14439,3068900
14440,2751500
14441,3105100
14442,3167600
14443,2701800
14444,3164100
14445,2695200
14446,2952500
14447,3163700
14448,3371600
14449,2788400
14450,2920400
14451,2847200
14452,2994100
14453,3273800
14454,3240100
14455,2568000
14456,2864700
14457,2843000
14458,2986000
14459,3272000
14460,3116500
14461,2761000
14462,2754200
14463,2998300
14464,3401700
14465,2826000
14466,2961500
14467,2765900
14468,2911600
14469,2966100
14470,3534000
14471,2847800
14472,2754100
14473,2887200
14474,2939500
14475,3394500
14476,2906200
14477,2725500
14478,2871400
14479,2803100
14480,2991300
14481,3627700
14482,2973700
14483,2704100
14484,2835400
14485,2920400
14486,3419200
14487,2739600
14488,3248100
14489,2415500
14490,2841900
14491,3059300
14492,3420400
14493,2631200
14494,2898200
14495,2860500
14496,2819200
14497,3116300
14498,3158900
14499,2749200
14500,2874100
14501,2872800
14502,2755000
14503,3467700
14504,3327400
14505,2733700
14506,2927700
14507,2791200
14508,3600400
14509,2807600
14510,2681500
14511,2772500
14512,2910000
14513,2763800
14514,3243600
14515,3015500
14516,2747900
14517,2815900
14518,2868300
14519,2812100
14520,3474600
14521,2644100
14522,3278100
14523,2375000
14524,3025900
14525,2763300
14526,3643900
14527,2637300
14528,2798500
14529,2839400
14530,2902600
14531,2988000
14532,3187900
14533,2700900
14534,2825300
14535,3023900
14536,2710200
14537,3148000
14538,3201100
14539,2803700
14540,3072800
14541,2620400
14542,3036400
14543,3502000
14544,2652100
14545,2895500
14546,2850600
14547,2816400
14548,2983200
14549,3248800
14550,2778000
14551,2988700
14552,2679800
14553,2892700
14554,3298500
14555,2842200
14556,3293300
14557,2369200
14558,2797800
14559,2947000
14560,3276300
14561,3216200
14562,2561600
14563,2777200
14564,2821700
14565,3154500
14566,3322400
14567,2751400
14568,2794500
14569,2879900
14570,2892600
14571,3402700
14572,2880000
14573,2763400
14574,2835100
14575,2810500
14576,2951400
14577,3424800
14578,2961700
14579,2718900
14580,2841000
14581,2781300
14582,3311600
14583,3271400
14584,2698400
14585,2866400
14586,2878700
14587,2846900
14588,3455500
14589,2668400
14590,3168100
14591,2446300
14592,2820000
14593,3167600
14594,3454300
14595,2846900
14596,2781300
14597,2955400
14598,2715000
14599,3127900
14600,3108400
14601,2805100
14602,2861600
14603,2889300
14604,3162700
14605,2790700
14606,3120000
14607,2838600
14608,2864100
14609,2894300
14610,3169400
14611,2998700
14612,2858200
14613,2876600
14614,2839100
14615,3100700
14616,2928800
14617,3271500
14618,2805500
14619,2823700
14620,3084900
14621,2958200
14622,3103200
14623,2792700
14624,3253200
14625,2973000
14626,2768200
14627,2870000
14628,3242600
14629,2752700
14630,2903000
14631,2897500
14632,2868200
14633,3038900
14634,3038600
14635,2830000
14636,3062200
14637,2628600
14638,3109700
14639,3188500
14640,2776300
14641,2884700
14642,3305500
14643,2606800
14644,2893800
14645,3257100
14646,2800300
14647,3019600
14648,2699500
14649,2806400
14650,3578200
14651,2760100
14652,3216900
14653,2948500
14654,2713500
14655,2866600
14656,3056500
14657,2708700
14658,7619100
14659,2107800
14660,1930000
14661,2326100
14662,2830500
14663,2914600
14664,2769500
14665,3058500
14666,2890800
14667,2994200
14668,3249500
14669,2548200
14670,2764100
14671,2908100
14672,3307000
14673,2792900
14674,2964600
14675,2684400
14676,2795900
14677,3044100
14678,3135900
14679,2972900
14680,2566400
14681,3105200
14682,2767600
14683,2956400
14684,3600500
14685,2552200
14686,2891500
14687,2696900
14688,2892200
14689,3314400
14690,2968100
14691,2649400
14692,3068700
14693,2490500
14694,2985100
14695,3570100
14696,2518800
14697,2735600
14698,2843700
14699,3033700
14700,2974500
14701,3508900
14702,2691200
14703,2858700
14704,2746800
14705,2828800
14706,3101500
14707,3101400
14708,2752400
14709,2836300
14710,2953700
14711,2768900
14712,3580500
14713,3389100
14714,2688300
14715,2252500
14716,2700900
14717,3061600
14718,3413700
14719,2753000
14720,2843400
14721,2786400
14722,2962300
14723,3391100
14724,2595800
14725,2878700
14726,2850400
14727,3560200
14728,2143500
14729,2990100
14730,3199800
14731,2831100
14732,3349100
14733,2578700
14734,3118400
14735,2920000
14736,2843200
14737,3086900
14738,2863000
14739,2877500
14740,3027100
14741,3212000
14742,2810700
14743,2960300
14744,2798600
14745,3051900
14746,3202400
14747,2771500
14748,2996000
14749,2750900
14750,2805400
14751,3259200
14752,3517900
14753,3345000
14754,2467300
14755,3911000
14756,4509200
14757,2278400
14758,1864200
14759,2747200
14760,2752500
14761,3225500
14762,2788200
14763,3093900
14764,2904400
14765,2885600
14766,2956800
14767,2913200
14768,3051500
14769,3108300
14770,2815300
14771,3023100
14772,3104500
14773,2937400
14774,3424200
14775,2721300
14776,2852800
14777,2863700
14778,2987300
14779,2886700
14780,3248100
14781,2873900
14782,2853400
14783,2900900
14784,3037900
14785,3563300
14786,2624000
14787,2810600
14788,2906300
14789,3251300
14790,3109000
14791,3053000
14792,2842400
14793,2866400
14794,3083100
14795,3238200
14796,2818800
14797,3195200
14798,2872400
14799,2839700
14800,2931200
14801,3049800
14802,3248100
14803,2714800
14804,2878000
14805,3020400
14806,3148200
14807,2688900
14808,3283600
14809,2813100
14810,3231300
14811,2985100
14812,2978100
14813,3107000
14814,2790600
14815,2970800
14816,2995800
14817,2726300
14818,3006300
14819,3248600
14820,2853200
14821,2926400
14822,2825900
14823,2888700
14824,3349700
14825,2735100
14826,2892400
14827,3015400
14828,2742100
14829,3438000
14830,3010000
14831,3064700
14832,2996400
14833,2666900
14834,2870400
14835,3400800
14836,2793100
14837,2794900
14838,2872500
14839,2821400
14840,2938700
14841,3430100
14842,2662800
14843,2872900
14844,2815700
14845,2784200
14846,3214300
14847,3052400
14848,3290500
14849,2834000
14850,2645100
14851,2839000
14852,3157600
14853,3455500
14854,2599800
14855,2810900
14856,2817700
14857,2889400
14858,3721800
14859,2504300
14860,2812500
14861,2846500
14862,2793600
14863,3562700
14864,2741200
14865,2689700
14866,3234900
14867,2775300
14868,2773000
14869,3734400
14870,2614000
14871,2802900
14872,2851700
14873,2777900
14874,3053700
14875,3235300
14876,2711700
14877,2790500
14878,2859900
14879,2911500
14880,3150700
14881,2932900
14882,2771000
14883,2883000
14884,2872900
14885,2847600
14886,3173200
14887,2984200
14888,3063400
14889,2809400
14890,2911000
14891,3051900
14892,3174500
14893,2681000
14894,2909200
14895,2817700
14896,2973100
14897,3420000
14898,2659900
14899,2821500
14900,2875200
14901,2787100
14902,2976700
14903,3287600
14904,2987500
14905,3113600
14906,2816300
14907,3188800
14908,2885700
14909,3177700
14910,2760500
14911,2845700
14912,2928300
14913,2780400
14914,3038100
14915,3113100
14916,2824900
14917,2868800
14918,2998900
14919,2886000
14920,3222100
14921,2717500
14922,3141800
14923,2949700
14924,2731200
14925,3099200
14926,3085200
14927,2846500
14928,3037900
14929,2698800
14930,2805200
14931,3428000
14932,2698200
14933,2870200
14934,2871400
14935,2907500
14936,2770900
14937,3363300
14938,2762900
14939,3067300
14940,2744700
14941,2822600
14942,3161700
14943,3199300
14944,3215900
14945,2759900
14946,2893600
14947,2820900
14948,3400500
14949,2781300
14950,2871100
14951,2867500
14952,2825400
14953,2946100
14954,3335800
14955,2970700
14956,2787400
14957,2794300
14958,2882200
14959,3145900
14960,3060600
14961,3162400
14962,2827200
14963,2895900
14964,2822600
14965,3710000
14966,2366900
14967,2858700
14968,2844600
14969,2833400
14970,3178100
14971,3167300
14972,2716100
14973,2862800
14974,3099700
14975,2827300
14976,3374900
14977,2941200
14978,2867500
14979,2760000
14980,2825900
14981,2964100
14982,3511200
14983,2754400
14984,2778500
14985,2834500
14986,2829800
14987,3261100
14988,3154100
14989,3072400
14990,2436000
14991,2828600
14992,3029800
14993,2960800
14994,2971600
14995,2904100
14996,2734800
14997,2890000
14998,3634400
14999,3165500
15000,2607900
15001,2723900
15002,2810100
15003,2887600
15004,3003100
15005,3100000
15006,2893000
15007,2836300
15008,2901600
15009,2790600
15010,3092700
15011,3115700
15012,2748100
15013,2962600
15014,2814200
15015,2851200
15016,3627600
15017,2931400
15018,2828300
15019,2960400
15020,2706900
15021,2962600
15022,3387300
15023,2648900
15024,3009900
15025,2727900
15026,2839000
15027,3055400
15028,3089600
15029,2898300
15030,2728900
15031,2853600
15032,2978000
15033,3653400
15034,2399200
15035,2895500
15036,2774900
15037,2852000
15038,3132100
15039,3171000
15040,2893500
15041,2985300
15042,3023000
15043,2888600
15044,3026000
15045,3194600
15046,2823800
15047,2786500
15048,2814400
15049,3105200
15050,3347300
15051,2646600
15052,2759900
15053,2821100
15054,2837400
15055,3285900
15056,3630300
15057,2897900
15058,2374600
15059,2757600
15060,2847700
15061,3377600
15062,2631100
15063,2825500
15064,2865500
15065,2825100
15066,3189200
15067,3494300
15068,2345500
15069,2815400
15070,2911100
15071,2771100
15072,3265100
15073,3304600
15074,2714100
15075,2917800
15076,2783200
15077,3018600
15078,2944700
15079,3190100
15080,2810700
15081,2974000
15082,2949300
15083,2912400
15084,3175400
15085,2855700
15086,2820000
15087,2882400
15088,2994100
15089,2865400
15090,3477300
15091,2844400
15092,2870100
15093,3338900
15094,2617900
15095,3465600
15096,2791200
15097,2888800
15098,3023000
15099,2822000
15100,2899700
15101,3638000
15102,2575800
15103,2798300
15104,3054000
15105,2720800
15106,3391400
15107,2812000
15108,2853500
15109,2924900
15110,2923500
15111,3052400
15112,3237600
15113,2763000
15114,3035500
15115,2803800
15116,3082700
15117,2980900
15118,3199700
15119,2926500
15120,2911200
15121,2833800
15122,2925200
15123,3454500
15124,2911700
15125,2883400
15126,2787400
15127,2928500
15128,3193200
15129,3441200
15130,2797400
15131,2833500
15132,3071500
15133,2657200
15134,3569700
15135,2677600
15136,2915200
15137,2787300
15138,2881800
15139,3067400
15140,3270600
15141,2766700
15142,2885700
15143,2880600
15144,2855100
15145,3225100
15146,3245800
15147,2690000
15148,2903900
15149,2763000
15150,3521300
15151,3118700
15152,2818900
15153,2803900
15154,2982500
15155,2800400
15156,3023800
15157,3273700
15158,2765400
15159,2883600
15160,2916700
15161,2940200
15162,2774800
15163,3357900
15164,2727500
15165,2879900
15166,2886600
15167,2969200
15168,3658100
15169,2595400
15170,2979700
15171,2977800
15172,2986400
15173,2859700
15174,3254800
15175,2839300
15176,2822500
15177,2895100
15178,2910100
15179,3352000
15180,2698300
15181,2901100
15182,2813100
15183,2912700
15184,3051200
15185,3163500
15186,2740400
15187,2838000
15188,3318700
15189,2748400
15190,3057400
15191,3041200
15192,2824000
15193,3131100
15194,2637800
15195,2845000
15196,3513900
15197,2699100
15198,2847100
15199,2863700
15200,2795800
15201,2981900
15202,3408300
15203,2757900
15204,2913400
15205,2744100
15206,2825400
15207,2962800
15208,3263100
15209,2791800
15210,2961900
15211,2807400
15212,3090900
15213,3174100
15214,2941300
15215,2673700
15216,2815600
15217,2800000
15218,2902800
15219,3321300
15220,2727300
15221,2827300
15222,2802200
15223,2829600
15224,3191900
15225,3028600
15226,2750000
15227,2912800
15228,3034700
15229,2855500
15230,3449400
15231,2722100
15232,2893200
15233,2724500
15234,2950300
15235,2948800
15236,3291600
15237,2745300
15238,2810600
15239,2817200
15240,2827400
15241,3745500
15242,2541000
15243,2784000
15244,2826000
15245,3057200
15246,3037100
15247,3382400
15248,2691900
15249,2817000
15250,2831200
15251,2796300
15252,3175600
15253,3105500
15254,2730300
15255,2777200
15256,2866200
15257,3126700
15258,2765400
15259,3205700
15260,2745900
15261,2884800
15262,2862100
15263,3014600
15264,3170100
15265,2775100
15266,2775100
15267,3156700
15268,2891400
15269,2988800
15270,3273600
15271,2672100
15272,2914800
15273,2850700
15274,2922200
15275,3025300
15276,3342500
15277,2753200
15278,2843900
15279,2897000
15280,2895100
15281,3434500
15282,2642500
15283,2880400
15284,3240500
15285,2722700
15286,2910500
15287,3344000
15288,2688400
15289,2989200
15290,2771300
15291,2795900
15292,3064700
15293,3244100
15294,2751300
15295,2856000
15296,2836800
15297,2842600
15298,3418000
15299,2806100
15300,3002900
15301,2967500
15302,2827200
15303,3002700
15304,3311000
15305,2834300
15306,2750800
15307,2778200
15308,2909200
15309,3434600
15310,2764800
15311,2828600
15312,2772700
15313,2804200
15314,2902900
15315,3632200
15316,2866400
15317,2701300
15318,2825200
15319,2859800
15320,3115000
15321,3315000
15322,2653400
15323,3054200
15324,2775100
15325,2920200
15326,3922800
15327,2562300
15328,2714100
15329,2764400
15330,2741700
15331,3004600
15332,3395700
15333,2663200
15334,2881800
15335,2837800
15336,2782800
15337,3605000
15338,2650600
15339,2780000
15340,3075800
15341,2891600
15342,3220400
15343,3287100
15344,2526500
15345,2762400
15346,2804300
15347,2858200
15348,3150300
15349,3088100
15350,2727300
15351,2908300
15352,2885900
15353,2757500
15354,3115300
15355,3212600
15356,2854200
15357,2801000
15358,2880300
15359,3122900
15360,2689500
15361,3162800
15362,3131700
15363,2823600
15364,2922100
15365,2911000
15366,3184000
15367,2821800
15368,2788100
15369,3249300
15370,2514700
15371,3004600
15372,3163300
15373,2755600
15374,2866400
15375,3154600
15376,2614600
15377,2880200
15378,3197200
15379,3046400
15380,3089700
15381,2961100
15382,3125500
15383,2998400
15384,2791100
15385,2861900
15386,2828800
15387,2797100
15388,3025800
15389,3161200
15390,2768000
15391,3011600
15392,2738500
15393,2912800
15394,3005400
15395,3059000
15396,3100200
15397,2588400
15398,2871600
15399,2850700
15400,3228400
15401,3322400
15402,2623600
15403,3143200
15404,2633600
15405,2747700
15406,3202000
15407,2784800
15408,2899800
15409,2858500
15410,2899800
15411,3322600
15412,2911900
15413,2829300
15414,3096200
15415,2841800
15416,2944800
15417,3348100
15418,2718700
15419,2879900
15420,2958500
15421,2802000
15422,3266800
15423,3014100
15424,2791100
15425,2874100
15426,2941000
15427,2822300
15428,3179000
15429,3310900
15430,2780400
15431,2949700
15432,4336400
15433,2952500
15434,2625800
15435,4070000
15436,3419900
15437,1987400
15438,2043700
15439,3173700
15440,3160900
15441,2523500
15442,3003500
15443,2920700
15444,2866700
15445,3335100
15446,2770700
15447,2936700
15448,2994600
15449,2814200
15450,3011500
15451,3273800
15452,3199000
15453,2760100
15454,2916700
15455,3050400
15456,3271900
15457,2793400
15458,2930000
15459,2882200
15460,2817300
15461,3215400
15462,3363400
15463,2861900
15464,2926400
15465,2773200
15466,2922000
15467,3373700
15468,2836100
15469,2909800
15470,2890200
15471,2796000
15472,3185800
15473,3323900
15474,2948600
15475,2806500
15476,2859000
15477,2938300
15478,3328400
15479,2797800
15480,2958900
15481,2854400
15482,2841400
15483,3029600
15484,3257700
15485,3069800
15486,2728400
15487,2914600
15488,2774200
15489,3006900
15490,3465700
15491,2957500
15492,2819300
15493,2779500
15494,2990200
15495,3326700
15496,2990900
15497,2687800
15498,2946900
15499,2853900
15500,3160100
15501,3308800
15502,2666600
15503,2925900
15504,2806400
15505,2888300
15506,3482000
15507,3051400
15508,2802300
15509,2821300
15510,2889700
15511,2937000
15512,3223500
15513,2888900
15514,2756300
15515,2782800
15516,2898300
15517,3204700
15518,3012900
15519,2806100
15520,2804200
15521,2895000
15522,2811700
15523,3336100
15524,2823100
15525,2812600
15526,2840100
15527,2816500
15528,3571000
15529,2878400
15530,2616400
15531,2731400
15532,2839800
15533,3342800
15534,2954800
15535,3225600
15536,2723500
15537,2848000
15538,2981000
15539,2683900
15540,3438600
15541,2687900
15542,2821100
15543,2834000
15544,2864500
15545,3062000
15546,3351200
15547,2619700
15548,2871900
15549,2883700
15550,2741800
15551,3129800
15552,3095000
15553,2747100
15554,2912400
15555,2740900
15556,2915100
15557,3346300
15558,2710000
15559,3076700
15560,2607000
15561,2842100
15562,3232200
15563,2980900
15564,3197300
15565,2651300
15566,2826100
15567,2843100
15568,2954700
15569,3208900
15570,2781700
15571,2796300
15572,2847700
15573,2884300
15574,3534300
15575,2776900
15576,2807700
15577,2823700
15578,2846200
15579,2904300
15580,3225300
15581,2842900
15582,2815000
15583,2790400
15584,2866900
15585,3128800
15586,3164500
15587,2667600
15588,2843600
15589,2845700
15590,3117600
15591,3339000
15592,2710900
15593,2845600
15594,2846200
15595,2801400
15596,3030200
15597,3359600
15598,2707200
15599,2854400
15600,2859200
15601,2888300
15602,3231300
15603,2938300
15604,2783800
15605,2904800
15606,2824100
15607,3338800
15608,2741800
15609,3207100
15610,2899500
15611,2827200
15612,2789300
15613,3162300
15614,3310900
15615,2725600
15616,2909600
15617,2823300
15618,2929200
15619,2893800
15620,3294600
15621,2798200
15622,2826500
15623,3162600
15624,2908900
15625,3234100
15626,2686400
15627,2873100
15628,2998600
15629,2707000
15630,2949600
15631,3255000
15632,2751100
15633,2855800
15634,2869200
15635,2876600
15636,2844300
15637,3240400
15638,2839500
15639,2984500
15640,2713700
15641,3109000
15642,2898100
15643,3178200
15644,3161700
15645,2568800
15646,2852100
15647,2957500
15648,3333800
15649,2762300
15650,2890200
15651,2810700
15652,2944800
15653,2849000
15654,3344200
15655,2864600
15656,2740300
15657,2948600
15658,2752000
15659,3462200
15660,2688700
15661,2870800
15662,2821300
15663,3253500
15664,3013900
15665,3147500
15666,3156900
15667,2751000
15668,2894900
15669,2733600
15670,3004200
15671,3261700
15672,2763400
15673,2854300
15674,2916900
15675,2910900
15676,3495900
15677,2635800
15678,2845200
15679,2874000
15680,3094500
15681,2909600
15682,3334500
15683,2760000
15684,2938200
15685,2892400
15686,2734000
15687,3547100
15688,3112700
15689,2661300
15690,2848700
15691,2805000
15692,3101500
15693,3143600
15694,2742500
15695,2867700
15696,2818000
15697,2848300
15698,3285000
15699,3028900
15700,2788300
15701,2961100
15702,2994200
15703,2896300
15704,2910400
15705,3146500
15706,2855900
15707,2924700
15708,2855500
15709,2887600
15710,3221400
15711,2784500
15712,2928000
15713,2953200
15714,2626800
15715,3097600
15716,3101000
15717,2716900
15718,2880100
15719,3208300
15720,3253900
15721,3045200
15722,3154900
15723,2838500
15724,2717200
15725,2701900
15726,2965000
15727,3091700
15728,2855300
15729,2828700
15730,3037600
15731,2681600
15732,2954000
15733,3096000
15734,2838300
15735,3000100
15736,2609500
15737,2779100
15738,2899700
15739,3143000
15740,2712800
15741,2878100
15742,2801100
15743,2755100
15744,3426600
15745,2810900
15746,3174100
15747,3136900
15748,2528300
15749,2713600
15750,3186800
15751,2995300
15752,2606600
15753,2741900
15754,3118600
15755,3024000
15756,3320900
15757,2660900
15758,2881800
15759,2909500
15760,2887800
15761,3533700
15762,2816000
15763,2823200
15764,2863500
15765,2921100
15766,2939000
15767,3470700
15768,2743800
15769,2794600
15770,2963800
15771,2836300
15772,3719900
15773,2657700
15774,2790100
15775,3123600
15776,3001500
15777,3071900
15778,3355500
15779,3313000
15780,2418500
15781,2782100
15782,2908000
15783,3341000
15784,3128900
15785,2759500
15786,2923000
15787,2916400
15788,3072400
15789,3384800
15790,2893200
15791,2863700
15792,2851400
15793,3233600
15794,3411400
15795,2776200
15796,3133200
15797,2924300
15798,2948400
15799,3022400
15800,3451800
15801,2841300
15802,2959700
15803,2902400
15804,2988900
15805,3223500
15806,3114900
15807,2944600
15808,2881800
15809,2992000
15810,3104200
15811,3376900
15812,2694100
15813,3145000
15814,3201400
15815,2675400
15816,3204500
15817,3066800
15818,2899300
15819,3036500
15820,2797000
15821,3034500
15822,3275700
15823,2836600
15824,2896900
15825,2917600
15826,2836700
15827,3210400
15828,3005500
15829,2817700
15830,3234100
15831,2824200
15832,3016900
15833,3534700
15834,2729500
15835,3034400
15836,2829300
15837,2771400
15838,2923100
15839,3188800
15840,2802100
15841,2929900
15842,2876100
15843,2791700
15844,2931700
15845,3228400
15846,3012700
15847,2622400
15848,2902700
15849,2905300
15850,3296600
15851,2813700
15852,2976900
15853,2828100
15854,2848800
15855,2882300
15856,3261200
15857,2827800
15858,2776500
15859,2865500
15860,2792500
15861,2933200
15862,3272100
15863,2741700
15864,2799900
15865,2902300
15866,2804400
15867,3407800
15868,3103300
15869,2736300
15870,2783100
15871,2732600
15872,2960700
15873,3349200
15874,2731300
15875,2827800
15876,2748900
15877,2823900
15878,3169200
15879,3088200
15880,2674100
15881,2884300
15882,2777000
15883,2906700
15884,3014600
15885,3110300
15886,3019200
15887,2861200
15888,2733700
15889,3041400
15890,3242900
15891,2715900
15892,2858800
15893,2869800
15894,2961600
15895,2920400
15896,3073900
15897,2758200
15898,2879600
15899,2733100
15900,2924100
15901,3038700
15902,3143600
15903,2694900
15904,2956700
15905,3015800
15906,2686600
15907,3425800
15908,3134000
15909,2744600
15910,2949700
15911,2740700
15912,2978600
15913,3251000
15914,2750900
15915,2931800
15916,2971500
15917,2667900
15918,2977300
15919,3199200
15920,2794500
15921,3073000
15922,2642400
15923,2999500
15924,3223600
15925,3069300
15926,2867900
15927,2843500
15928,2797500
15929,3085900
15930,3133300
15931,2709700
15932,3020100
15933,2777800
15934,2808200
15935,2984400
15936,3280500
15937,2933900
15938,2799900
15939,2740700
15940,3061000
15941,3389100
15942,2975500
15943,2762900
15944,2675900
15945,2913800
15946,2929500
15947,3457500
15948,2769000
15949,2850400
15950,2841100
15951,2842100
15952,3376000
15953,2821400
15954,2815000
15955,2781600
15956,2860300
15957,2984100
15958,3426000
15959,2559600
15960,2882100
15961,2807100
15962,2851700
15963,3120900
15964,3379500
15965,2743200
15966,2865200
15967,2760600
15968,2880400
15969,3160200
15970,3031800
15971,2785900
15972,2951200
15973,2698100
15974,3133600
15975,3085800
15976,2755500
15977,2805100
15978,2954100
15979,2694600
15980,3313600
15981,3160000
15982,2960600
15983,2831600
15984,2747500
15985,3068300
15986,3149200
15987,2738500
15988,2859800
15989,2860700
15990,2743500
15991,2929800
15992,3306800
15993,2749000
15994,2889500
15995,2784400
15996,2836900
15997,2896600
15998,3250600
15999,2779500
16000,2842300
16001,3219800
16002,2891700
16003,2881700
16004,3049600
16005,2711600
16006,2988800
16007,2707700
16008,3171900
16009,3237400
16010,2775900
16011,2961200
16012,2820000
16013,2779000
16014,3106800
16015,3351200
16016,2718600
16017,3005300
16018,2673900
16019,2915800
16020,3142200
16021,3229900
16022,2702000
16023,2887400
16024,2813800
16025,2998300
16026,3270300
16027,2747000
16028,3203600
16029,2641100
16030,2739800
16031,2974000
16032,3187600
16033,2825900
16034,2853300
16035,2804900
16036,2863200
16037,3083900
16038,3625600
16039,2471700
16040,3512800
16041,2111000
16042,2867900
16043,3370800
16044,2747200
16045,2888600
16046,2826700
16047,2753200
16048,3080500
16049,3306000
16050,2673500
16051,2858000
16052,2809300
16053,2795200
16054,3449300
16055,2912400
16056,2726000
16057,2846600
16058,2868800
16059,2739700
16060,3807800
16061,2825600
16062,3011000
16063,2692900
16064,2732200
16065,3201200
16066,2940200
16067,2738400
16068,2827400
16069,2954100
16070,2734400
16071,2984500
16072,3237100
16073,2822500
16074,2800400
16075,2827400
16076,2991000
16077,2764300
16078,3159600
16079,2826500
16080,2882000
16081,3124600
16082,2700100
16083,3168000
16084,2809900
16085,2876900
16086,2783900
16087,2891900
16088,3171100
16089,3091600
16090,2825900
16091,2908000
16092,3383900
16093,2612700
16094,3454500
16095,2908000
16096,2571900
16097,2819000
16098,2957400
16099,3161000
16100,3031400
16101,2922800
16102,3017600
16103,2751100
16104,2808000
16105,2965300
16106,3323800
16107,2772700
16108,3044600
16109,2777300
16110,2852200
16111,3320900
16112,2833600
16113,3493400
16114,2908200
16115,3006800
16116,3336800
16117,3854000
16118,4336600
16119,1884900
16120,1724600
16121,2603400
16122,3328900
16123,2927100
16124,2914600
16125,2859800
16126,2898200
16127,3007300
16128,3644800
16129,2839200
16130,2921000
16131,2972200
16132,2805100
16133,3625500
16134,2797100
16135,2819800
16136,2997900
16137,3196500
16138,3032500
16139,3508200
16140,2689100
16141,2961000
16142,2954600
16143,2941300
16144,3500900
16145,2783200
16146,2880100
16147,2987100
16148,2960200
16149,3163100
16150,3264300
16151,2765900
16152,2908000
16153,3028700
16154,3389500
16155,3150700
16156,2759400
16157,2844100
16158,2923300
16159,2924700
16160,3157000
16161,3547500
16162,2712800
16163,2874700
16164,2911500
16165,2855700
16166,3438600
16167,2793300
16168,2873000
16169,2922900
16170,3152500
16171,2773700
16172,3331100
16173,2767300
16174,2902200
16175,3339000
16176,2684300
16177,3043100
16178,3109200
16179,2810100
16180,2936600
16181,2825600
16182,2936500
16183,3334000
16184,2752300
16185,2863500
16186,3057900
16187,2742200
16188,3109400
16189,3010200
16190,2760000
16191,3053200
16192,2952100
16193,2813900
16194,3330600
16195,2740300
16196,2818100
16197,2882600
16198,2762300
16199,2978300
16200,3398600
16201,2777900
16202,2935600
16203,2711500
16204,2874300
16205,2856000
16206,3283800
16207,2771000
16208,3296300
16209,2778700
16210,2636800
16211,3145800
16212,3130300
16213,2929800
16214,2756600
16215,2767700
16216,2849500
16217,3322200
16218,2731600
16219,2817400
16220,2889200
16221,2747600
16222,2968000
16223,3171700
16224,2955500
16225,2712200
16226,2765000
16227,2849400
16228,2994200
16229,3155400
16230,2799200
16231,3148400
16232,2812600
16233,2798500
16234,3388000
16235,2823700
16236,2856200
16237,2835500
16238,2772600
16239,3035300
16240,3530800
16241,2644800
16242,2864600
16243,2860400
16244,2842100
16245,3039000
16246,3155300
16247,2842500
16248,3022100
16249,2887300
16250,2857000
16251,3497000
16252,2650100
16253,2860400
16254,2835800
16255,2787200
16256,3031300
16257,3191800
16258,2782800
16259,2839700
16260,2840200
16261,2870100
16262,3101700
16263,3087800
16264,2799900
16265,2826200
16266,2885800
16267,2931700
16268,3336300
16269,2654500
16270,3264600
16271,2668500
16272,2913600
16273,3085400
16274,3384100
16275,2840200
16276,2822300
16277,2858600
16278,2940400
16279,3271600
16280,2871200
16281,2927100
16282,2763200
16283,2948700
16284,3048600
16285,3178800
16286,2721500
16287,3179800
16288,3012800
16289,2650500
16290,2883500
16291,3336000
16292,2827500
16293,2777500
16294,2943200
16295,2746900
16296,3071300
16297,3132600
16298,2932900
16299,2819900
16300,2724900
16301,3002000
16302,3268500
16303,2802700
16304,3081800
16305,2794900
16306,2822900
16307,3000600
16308,3227900
16309,2843300
16310,2817300
16311,2808100
16312,2788500
16313,3202900
16314,3219900
16315,2831900
16316,2671900
16317,2861300
16318,2880600
16319,3336300
16320,2964900
16321,2743300
16322,2992200
16323,2821800
16324,2980500
16325,3170600
16326,2824500
16327,2782200
16328,2876500
16329,2748500
16330,3074000
16331,3262200
16332,2691100
16333,2798200
16334,2805900
16335,2996800
16336,3275100
16337,2760600
16338,2789600
16339,2778400
16340,2847500
16341,3062100
16342,3454800
16343,2634000
16344,3223200
16345,2575200
16346,2849400
16347,3138900
16348,3074900
16349,2718900
16350,2842100
16351,2778000
16352,2913500
16353,3567600
16354,2740900
16355,2783500
16356,2817400
16357,2850100
16358,3296500
16359,2951800
16360,2732200
16361,3075900
16362,2946000
16363,2882500
16364,2966200
16365,3057200
16366,2733500
16367,2881000
16368,2811400
16369,3254800
16370,3002600
16371,2744400
16372,2769700
16373,2849200
16374,2961700
16375,2794400
16376,3373400
16377,2657600
16378,2883900
16379,2882900
16380,2948200
16381,2802700
16382,3284100
16383,3037800
16384,2789000
16385,2935500
16386,2767200
16387,3676800
16388,2701400
16389,2909100
16390,2783900
16391,2833800
16392,2950100
16393,3246800
16394,2750000
16395,2917200
16396,2774300
16397,2833400
16398,3142700
16399,3076700
16400,3029400
16401,3096800
16402,2925300
16403,3123700
16404,3012600
16405,2738900
16406,2908600
16407,2839700
16408,2673300
16409,3018300
16410,3316500
16411,2646800
16412,3021700
16413,2706500
16414,2832800
16415,3137400
16416,3032400
16417,3030700
16418,2515800
16419,2767100
16420,2818700
16421,3017700
16422,3217500
16423,2854700
16424,2781400
16425,2820900
16426,2952900
16427,3342400
16428,2999400
16429,2687500
16430,2822400
16431,2845400
16432,3099500
16433,3384600
16434,2713300
16435,3033800
16436,2787200
16437,3061000
16438,3375700
16439,2822200
16440,2899900
16441,2992700
16442,2702700
16443,2943500
16444,3273700
16445,2753000
16446,2898200
16447,2893800
16448,2944800
16449,3403700
16450,2793300
16451,2902900
16452,2901600
16453,2894800
16454,3611000
16455,2875600
16456,3140600
16457,2779700
16458,3561300
16459,2570700
16460,2981600
16461,3273000
16462,2859200
16463,2967200
16464,3138900
16465,2745200
16466,3405000
16467,2820800
16468,2993500
16469,2851400
16470,3190800
16471,2904600
16472,3154100
16473,2864300
16474,3012000
16475,3052500
16476,3054400
16477,3291100
16478,2866700
16479,2889700
16480,3173600
16481,3080500
16482,3382400
16483,2853100
16484,2934800
16485,3251200
16486,2811500
16487,2922100
16488,3360600
16489,2835300
16490,3085400
16491,2734600
16492,2873100
16493,3258500
16494,3276000
16495,3221800
16496,2617400
16497,2845900
16498,3066300
16499,3537100
16500,3117800
16501,2584600
16502,2903300
16503,2840500
16504,3209100
16505,3091200
16506,2896100
16507,2774100
16508,2955400
16509,2926900
16510,3073200
16511,3360600
16512,2757200
16513,2888900
16514,2880000
16515,2917700
16516,3439200
16517,2678700
16518,2823900
16519,2859000
16520,2835800
16521,3035100
16522,3275600
16523,2730400
16524,2885500
16525,2786900
16526,2986400
16527,3333200
16528,2994000
16529,2773900
16530,2826200
16531,2838300
16532,3052600
16533,3199200
16534,2759300
16535,2769300
16536,2878900
16537,3079900
16538,2854300
16539,3253100
16540,2719100
16541,2811000
16542,2832300
16543,2880300
16544,3451200
16545,2796600
16546,2756300
16547,2874300
16548,3251600
16549,2816600
16550,3269100
16551,2809300
16552,2759700
16553,3103600
16554,2609700
16555,2907400
16556,3160700
16557,2805800
16558,2773500
16559,2887300
16560,2740300
16561,3306300
16562,2770200
16563,2902900
16564,2824100
16565,2759900
16566,3106500
16567,3451100
16568,2726200
16569,2776200
16570,2891600
16571,2777100
16572,3186400
16573,3196400
16574,2879300
16575,2792600
16576,2909600
16577,2752400
16578,2993500
16579,3163400
16580,3038300
16581,2632200
16582,2916200
16583,2989500
16584,3158000
16585,2871900
16586,2862400
16587,2751600
16588,2871400
16589,2999500
16590,3182900
16591,2806500
16592,2884100
16593,3147300
16594,2770800
16595,3371700
16596,2966600
16597,2767100
16598,2794300
16599,2844300
16600,3005000
16601,3500700
16602,2621600
16603,2765000
16604,2847500
16605,2866600
16606,3036600
16607,3212000
16608,2774900
16609,2781600
16610,3206400
16611,2894100
16612,3552600
16613,2838700
16614,2778600
16615,2904300
16616,2831800
16617,3040700
16618,3231600
16619,2711200
16620,2900300
16621,2871500
16622,2972300
16623,3054000
16624,3112500
16625,2772900
16626,2822500
16627,3285200
16628,2740100
16629,3309800
16630,2711200
16631,2888900
16632,2826600
16633,2908100
16634,2935400
16635,3245300
16636,2759500
16637,2840200
16638,3113500
16639,2553200
16640,3340100
16641,2851800
16642,2753500
16643,2889700
16644,2990700
16645,3160400
16646,3454700
16647,2720300
16648,2833000
16649,2811600
16650,2856300
16651,2931100
16652,3263000
16653,2733000
16654,2956400
16655,2695000
16656,2839400
16657,2987200
16658,3155800
16659,2801600
16660,2877300
16661,2791000
16662,3009800
16663,3252200
16664,2670000
16665,3118100
16666,2768600
16667,2969600
16668,2842400
16669,3327800
16670,2674500
16671,2893200
16672,2795500
16673,2854800
16674,2890500
16675,3300300
16676,2842300
16677,2696500
16678,2876800
16679,2867700
16680,3337700
16681,3519800
16682,2593500
16683,2637400
16684,2926300
16685,2802200
16686,3384800
16687,2856000
16688,2735700
16689,2891400
16690,2760200
16691,2963800
16692,3210300
16693,2820600
16694,2758300
16695,2858000
16696,2906500
16697,3423200
16698,2635100
16699,2805800
16700,2831300
16701,2830700
16702,3057900
16703,3336600
16704,2580800
16705,3108000
16706,2853400
16707,2792900
16708,3224200
16709,3046700
16710,2708700
16711,2923000
16712,2809900
16713,2701900
16714,3067600
16715,3146800
16716,2898700
16717,2797400
16718,2810600
16719,3262900
16720,3039900
16721,2696800
16722,2894100
16723,3076800
16724,2947100
16725,3042100
16726,3235000
16727,2912500
16728,2683700
16729,2938200
16730,2883300
16731,3230500
16732,2792300
16733,2929100
16734,2752600
16735,2829000
16736,2943800
16737,3314000
16738,2823800
16739,2805800
16740,3352600
16741,2552800
16742,3202400
16743,2988800
16744,2988200
16745,2898800
16746,2798500
16747,2871000
16748,3260000
16749,2828200
16750,2805000
16751,2821200
16752,2875800
16753,3193000
16754,2992700
16755,2806700
16756,3009200
16757,2680500
16758,2760600
16759,2986300
16760,3512900
16761,2777400
16762,2859800
16763,2821300
16764,2833300
16765,3363400
16766,2702200
16767,2937700
16768,2764600
16769,2900000
16770,2964600
16771,3238900
16772,2843400
16773,2993100
16774,2715900
16775,2890200
16776,3165700
16777,3019300
16778,2833700
16779,3127500
16780,2874800
16781,3011200
16782,2926100
16783,3501500
16784,2664500
16785,2989500
16786,2857200
16787,2911500
16788,3302200
16789,2676400
16790,2849300
16791,2967600
16792,4083100
16793,3187500
16794,2789000
16795,4251500
16796,3929600
16797,1910800
16798,2216400
16799,2603800
16800,2859700
16801,2919900
16802,2916400
16803,2992000
16804,2966900
16805,3340100
16806,2912200
16807,2863100
16808,2993700
16809,3152900
16810,3084600
16811,2882200
16812,2942800
16813,3136300
16814,2922600
16815,3003000
16816,3248200
16817,3251500
16818,2961100
16819,3044800
16820,2920900
16821,3326100
16822,2934700
16823,2970000
16824,3153500
16825,2790000
16826,2867200
16827,3339000
16828,2906200
16829,3158700
16830,3084900
16831,3011700
16832,3154500
16833,2895900
16834,3304900
16835,2688300
16836,3018400
16837,3383700
16838,2854700
16839,2869200
16840,2869300
16841,2939200
16842,2964300
16843,3227300
16844,2942800
16845,3014300
16846,2740000
16847,2858700
16848,3379200
16849,2813100
16850,3067700
16851,2722800
16852,2855300
16853,3096300
16854,3216900
16855,3051800
16856,2766100
16857,2839200
16858,2847400
16859,2981500
16860,3219300
16861,3083200
16862,2586700
16863,2930000
16864,3542300
16865,2580500
16866,2838300
16867,2881700
16868,2751500
16869,2799700
16870,3101300
16871,3394000
16872,3020100
16873,2780100
16874,2835800
16875,2783100
16876,3338100
16877,2851200
16878,2730200
16879,2777300
16880,2879200
16881,2704900
16882,3006500
16883,3265500
16884,2694900
16885,2833600
16886,2714300
16887,3038900
16888,3802500
16889,2494200
16890,2952100
16891,2746500
16892,2800600
16893,3460900
16894,2861500
16895,2624400
16896,2822600
16897,2827700
16898,2777800
16899,3808500
16900,2359000
16901,2723300
16902,2871600
16903,2787400
16904,2985600
16905,3140700
16906,2978600
16907,2971900
16908,2839800
16909,2859400
16910,2988200
16911,3487300
16912,2694200
16913,2850700
16914,2776900
16915,3034700
16916,2873100
16917,3304200
16918,2671900
16919,2914300
16920,2783600
16921,3014100
16922,3207300
16923,2802900
16924,2789400
16925,2894700
16926,2892500
16927,3003000
16928,3325100
16929,2947800
16930,2798800
16931,3054900
16932,2605900
16933,3845600
16934,2373400
16935,2838800
16936,2852700
16937,2843500
16938,2990000
16939,3517900
16940,2728900
16941,2791100
16942,3046800
16943,2737100
16944,2966800
16945,3250900
16946,2705900
16947,3061300
16948,2727300
16949,2858400
16950,3062600
16951,3258800
16952,2723600
16953,2902200
16954,3133700
16955,3058800
16956,3218200
16957,2744400
16958,2918300
16959,2867400
16960,2881800
16961,2971800
16962,3288600
16963,2946300
16964,2642000
16965,2939600
16966,2814700
16967,4043700
16968,2343700
16969,2776000
16970,2838500
16971,2846000
16972,3036600
16973,3277300
16974,2737100
16975,2846900
16976,2807200
16977,2811400
16978,3008600
16979,3332800
16980,2710400
16981,2858000
16982,2827300
16983,2897900
16984,3140300
16985,3222500
16986,2736500
16987,2893100
16988,2799400
16989,3042700
16990,3168400
16991,2746000
16992,2846100
16993,2804800
16994,2886100
16995,3049700
16996,3225000
16997,2641300
16998,2893100
16999,2739900
17000,3066900
17001,3250000
17002,3100300
17003,2366500
17004,2872600
17005,2758400
17006,3313300
17007,3249400
17008,2687200
17009,2857700
17010,2815100
17011,2911900
17012,2921900
17013,3358100
17014,2720700
17015,2878600
17016,3231500
17017,2739700
17018,2996600
17019,2937800
17020,2730700
17021,3087200
17022,2724200
17023,2750000
17024,3664200
17025,2631900
17026,2800200
17027,2885700
17028,2827500
17029,2976100
17030,3222900
17031,2744300
17032,2860000
17033,2777100
17034,2890700
17035,2964700
17036,3158700
17037,3224600
17038,2468600
17039,2793500
17040,3048100
17041,3222600
17042,2773300
17043,2823900
17044,2878400
17045,3105800
17046,3000200
17047,3185500
17048,3131200
17049,2657800
17050,2792800
17051,2812600
17052,3141500
17053,3529800
17054,2551100
17055,2811700
17056,2885100
17057,2889500
17058,3294500
17059,2904700
17060,2760000
17061,2903700
17062,2800200
17063,3092800
17064,3241900
17065,2661300
17066,2877100
17067,3257100
17068,2623900
17069,3498200
17070,2692700
17071,3243800
17072,2426600
17073,2795000
17074,3026400
17075,3345300
17076,2663000
17077,2782400
17078,2912300
17079,2831000
17080,3329300
17081,3167900
17082,2966300
17083,2780400
17084,2882600
17085,2942900
17086,3570400
17087,2649300
17088,2827300
17089,2863600
17090,2926400
17091,3143800
17092,2930500
17093,2758900
17094,2966900
17095,2788600
17096,3089300
17097,2624800
17098,3168900
17099,2737500
17100,3001700
17101,2843900
17102,2697300
17103,3320600
17104,2770000
17105,2877200
17106,3225700
17107,2453600
17108,2813100
17109,3395400
17110,2752200
17111,2902700
17112,2847000
17113,2770500
17114,2963100
17115,3269900
17116,2765200
17117,3089000
17118,2674400
17119,3058500
17120,2952200
17121,3296900
17122,2868000
17123,2776800
17124,2810800
17125,3028200
17126,3388500
17127,2860400
17128,2908700
17129,2869200
17130,2891600
17131,2961400
17132,3179500
17133,2978300
17134,2634100
17135,2847000
17136,2904600
17137,3090200
17138,3382400
17139,2647000
17140,3551400
17141,2524100
17142,3080100
17143,3385100
17144,2851700
17145,2793600
17146,3054200
17147,2769200
17148,3578300
17149,2736500
17150,2843100
17151,2976600
17152,2968800
17153,3227000
17154,3209300
17155,2878700
17156,2993600
17157,3227800
17158,2823700
17159,3219100
17160,3259400
17161,2899200
17162,2899900
17163,2986000
17164,3100100
17165,3528000
17166,2756300
17167,2949200
17168,2993900
17169,2991300
17170,3376200
17171,2828100
17172,2950300
17173,2873400
17174,3801100
17175,2285800
17176,3380000
17177,2700500
17178,3205400
17179,3022800
17180,2764300
17181,3505300
17182,2788400
17183,2950000
17184,2987000
17185,2780400
17186,3129800
17187,3180800
17188,2899700
17189,2890600
17190,2915400
17191,2865300
17192,3208800
17193,2952500
17194,2827300
17195,3529500
17196,2557300
17197,2910200
17198,3623200
17199,2691600
17200,2973000
17201,2838300
17202,2765500
17203,3223200
17204,3034400
17205,2933100
17206,2669500
17207,2757200
17208,3253100
17209,3003300
17210,2794600
17211,2852400
17212,2774200
17213,2775600
17214,3010100
17215,3315300
17216,2846100
17217,2968700
17218,2768800
17219,2803300
17220,2950800
17221,3513900
17222,2690200
17223,2865700
17224,2856000
17225,2742200
17226,2973800
17227,3567700
17228,2481100
17229,2765400
17230,2832200
17231,2912500
17232,3607800
17233,2623600
17234,3081100
17235,2802500
17236,2785400
17237,3254700
17238,3001400
17239,2710400
17240,2778000
17241,2952100
17242,2731100
17243,3867000
17244,2560300
17245,2724600
17246,2855100
17247,2862200
17248,3179200
17249,3085800
17250,2667100
17251,3029800
17252,2940900
17253,2801000
17254,2929900
17255,3279600
17256,2759100
17257,2866000
17258,3096500
17259,2604200
17260,2916600
17261,3252100
17262,2816900
17263,2804000
17264,3144200
17265,2728300
17266,3365800
17267,2795400
17268,2800400
17269,3037700
17270,2678400
17271,3101900
17272,3216600
17273,2964700
17274,2817300
17275,2894200
17276,2757900
17277,3867800
17278,2390500
17279,2808600
17280,2902400
17281,2794500
17282,3048300
17283,3206700
17284,2702800
17285,2996900
17286,2882400
17287,2731800
17288,3198500
17289,3035600
17290,3063500
17291,2847500
17292,2794000
17293,2976500
17294,3261900
17295,2839400
17296,2847200
17297,2792600
17298,2911400
17299,2899200
17300,3427800
17301,2794700
17302,2688600
17303,2924300
17304,2774200
17305,3168800
17306,3352300
17307,2535400
17308,3189500
17309,2718700
17310,2853000
17311,3779200
17312,2753600
17313,2733100
17314,2808400
17315,2815700
17316,3090500
17317,3254600
17318,2677200
17319,2812900
17320,2848900
17321,2884600
17322,3171600
17323,3241500
17324,2646500
17325,3192200
17326,2689400
17327,2936500
17328,3319000
17329,2665200
17330,2826300
17331,2879100
17332,2798200
17333,3089300
17334,3203200
17335,2717200
17336,2907200
17337,2758300
17338,2941400
17339,2967000
17340,3124800
17341,2757300
17342,2814100
17343,3093100
17344,2824100
17345,3234400
17346,3139600
17347,2694900
17348,2786000
17349,3017200
17350,2768900
17351,3422000
17352,2782900
17353,2828100
17354,3287400
17355,2710300
17356,2961000
17357,3048900
17358,2719800
17359,2971700
17360,2848900
17361,2747500
17362,3333200
17363,2700400
17364,3187800
17365,2825300
17366,2758400
17367,2883600
17368,3416300
17369,2729300
17370,2865700
17371,2817700
17372,2770300
17373,2939600
17374,3271300
17375,2964900
17376,2618700
17377,2965800
17378,2702000
17379,3403100
17380,2771100
17381,3471100
17382,2361000
17383,2683000
17384,3009900
17385,3385200
17386,3075300
17387,2850800
17388,2745700
17389,2836700
17390,2935400
17391,3600800
17392,2812200
17393,2584600
17394,2753900
17395,2858700
17396,3324300
17397,2907000
17398,2806000
17399,3035800
17400,2776200
17401,2974600
17402,3361300
17403,2741700
17404,2753800
17405,2928100
17406,2778800
17407,3251000
17408,2897800
17409,2843200
17410,2807900
17411,2838100
17412,2804600
17413,3034900
17414,3263900
17415,2742400
17416,3169500
17417,2465200
17418,3275900
17419,3064700
17420,2929400
17421,2799500
17422,2877300
17423,3004800
17424,3207200
17425,3536800
17426,2556000
17427,2861000
17428,2817000
17429,2912700
17430,3082500
17431,2988600
17432,2897100
17433,2784700
17434,2895400
17435,2895000
17436,3365400
17437,2658500
17438,2894600
17439,2821500
17440,2934600
17441,2899800
17442,3258000
17443,2670100
17444,2961200
17445,2861100
17446,2718000
17447,3023200
17448,3270200
17449,2818800
17450,3382900
17451,2440000
17452,2821100
17453,3303600
17454,2792600
17455,3108200
17456,2726700
17457,2797800
17458,3160900
17459,3448000
17460,2803900
17461,3247700
17462,2611100
17463,2833700
17464,3423700
17465,2754500
17466,2969600
17467,2794600
17468,2862100
17469,3122600
17470,3158800
17471,3151800
17472,2749000
17473,3319900
17474,2788900
17475,3797400
17476,2942800
17477,2710600
17478,3419000
17479,4030700
17480,3035100
17481,1998600
17482,2092900
17483,2950200
17484,3365800
17485,2383000
17486,3523600
17487,2800900
17488,2861300
17489,2983100
17490,2939600
17491,3104000
17492,3595900
17493,2670600
17494,2997400
17495,2839700
17496,2935700
17497,3582500
17498,3410900
17499,2863200
17500,2954500
17501,3012500
17502,2943700
17503,3519600
17504,2733300
17505,2957300
17506,2987400
17507,2784300
17508,3523700
17509,2844600
17510,2829300
17511,2973900
17512,2927800
17513,3422700
17514,3064700
17515,3089200
17516,2924300
17517,2806600
17518,3036500
17519,3439000
17520,2721500
17521,2883000
17522,2894200
17523,2925400
17524,3059200
17525,3384600
17526,2745900
17527,2968000
17528,2840200
17529,2910200
17530,3143700
17531,3262300
17532,2774100
17533,2876900
17534,2961700
17535,3109300
17536,3488400
17537,2590100
17538,2843700
17539,3018300
17540,2745000
17541,2943400
17542,3313600
17543,2749800
17544,2924900
17545,2833400
17546,2756000
17547,3456600
17548,2711900
17549,2780700
17550,2911300
17551,2782200
17552,3155800
17553,3162100
17554,2945100
17555,3038500
17556,2635900
17557,2748500
17558,2958300
17559,3307200
17560,2661000
17561,2968600
17562,2725400
17563,2781800
17564,3465300
17565,2696100
17566,3143500
17567,2803900
17568,2628800
17569,2835100
17570,3636300
17571,2918700
17572,2829000
17573,2815900
17574,2808700
17575,3094300
17576,3051400
17577,2919300
17578,2716600
17579,2887400
17580,2747100
17581,3046300
17582,3314300
17583,2667500
17584,2838500
17585,2777100
17586,3017600
17587,3253300
17588,2785600
17589,2815100
17590,2864600
17591,2827500
17592,3146200
17593,3153500
17594,2701600
17595,2869800
17596,2841700
17597,3090100
17598,3519100
17599,2679600
17600,2809100
17601,2847500
17602,2796500
17603,3052000
17604,3298600
17605,2696700
17606,2755000
17607,2953000
17608,2805400
17609,3472100
17610,3010500
17611,2715700
17612,2924000
17613,2784800
17614,3027500
17615,2772400
17616,3309200
17617,2805500
17618,2826900
17619,2784400
17620,3075500
17621,3125700
17622,2912700
17623,2722100
17624,2916400
17625,2822700
17626,3104500
17627,3316100
17628,2711800
17629,2871000
17630,2940700
17631,2852000
17632,2851600
17633,3282200
17634,2719500
17635,2881700
17636,2877900
17637,2878000
17638,3289900
17639,2795700
17640,2795600
17641,2987300
17642,2743500
17643,2929600
17644,3482000
17645,2688200
17646,2922800
17647,2812700
17648,2871400
17649,2959400
17650,3251500
17651,2718400
17652,2874600
17653,3109400
17654,2961100
17655,3162100
17656,2853100
17657,2971100
17658,2672800
17659,2818600
17660,3140900
17661,3103900
17662,3293500
17663,2619800
17664,2760300
17665,2848900
17666,3387300
17667,2727700
17668,3045700
17669,2683600
17670,2822900
17671,2954000
17672,3327700
17673,2881600
17674,2669700
17675,2909900
17676,2747800
17677,2997600
17678,3176500
17679,2934500
17680,2728100
17681,2896900
17682,2811700
17683,3328400
17684,3166100
17685,2698900
17686,2829400
17687,2865500
17688,3271200
17689,3201000
17690,2794600
17691,2770900
17692,2861300
17693,2769700
17694,3100200
17695,3534000
17696,2616800
17697,2865700
17698,2659900
17699,2832700
17700,3180900
17701,3017600
17702,2730200
17703,2818400
17704,2958100
17705,2722500
17706,3048600
17707,3284600
17708,2660900
17709,3151400
17710,2854900
17711,2907800
17712,3168600
17713,2892700
17714,2828200
17715,2829400
17716,2993500
17717,3173200
17718,3108000
17719,2750000
17720,2868900
17721,2948300
17722,2770400
17723,3353900
17724,2734500
17725,2774500
17726,2830200
17727,3160700
17728,2925400
17729,3236400
17730,2810600
17731,2832200
17732,3152200
17733,2719000
17734,2756100
17735,3253100
17736,2789400
17737,2952600
17738,2709700
17739,2877000
17740,3308900
17741,2763400
17742,2890900
17743,2997900
17744,3011300
17745,2917500
17746,3157900
17747,2838100
17748,2991700
17749,2666300
17750,2899800
17751,2980600
17752,3156800
17753,2919700
17754,2790700
17755,2826800
17756,2854800
17757,3424300
17758,2840500
17759,2822200
17760,2908900
17761,2786100
17762,3184700
17763,3007500
17764,2970400
17765,3144700
17766,3287700
17767,2519600
17768,2755400
17769,3314100
17770,2761000
17771,2844500
17772,2783000
17773,2950100
17774,3289300
17775,2888200
17776,2786700
17777,2780200
17778,2782100
17779,3165700
17780,3176800
17781,2698800
17782,2766500
17783,2721200
17784,2911300
17785,3085400
17786,3040800
17787,2835400
17788,2858800
17789,2801200
17790,2863200
17791,3405900
17792,2714300
17793,2850800
17794,2891400
17795,2778800
17796,3253100
17797,3235400
17798,2745200
17799,2970000
17800,2799100
17801,3079700
17802,2804900
17803,3176700
17804,2944700
17805,3039800
17806,2924000
17807,3003700
17808,3240900
17809,2798600
17810,2946700
17811,2845600
17812,2917000
17813,2954600
17814,3300000
17815,2941900
17816,2863400
17817,3261700
17818,3365700
17819,2549000
17820,3109400
17821,3107800
17822,2959000
17823,3237000
17824,2593700
17825,3378100
17826,2888900
17827,3035600
17828,2885400
17829,2952100
17830,3249600
17831,3402400
17832,2952600
17833,2907600
17834,2966900
17835,3168800
17836,3286400
17837,3076700
17838,3065900
17839,2946200
17840,3014100
17841,3369100
17842,2903300
17843,2882400
17844,2927100
17845,2954300
17846,3119000
17847,3299100
17848,2787700
17849,2886500
17850,2916700
17851,3051800
17852,3757600
17853,2646700
17854,2792300
17855,3170600
17856,2968000
17857,2924700
17858,3313500
17859,2880700
17860,2880600
17861,2934000
17862,3032700
17863,3376000
17864,2809900
17865,2920600
17866,2814700
17867,2896300
17868,3019600
17869,3252600
17870,2803600
17871,2904800
17872,2855400
17873,3134300
17874,2749000
17875,3202100
17876,3081100
17877,2839500
17878,3024800
17879,2860100
17880,3153400
17881,2795700
17882,2850600
17883,2754300
17884,2916500
17885,2955300
17886,3213700
17887,2693400
17888,2863100
17889,3002800
17890,2644000
17891,3571000
17892,2585400
17893,2809500
17894,3166100
17895,2747500
17896,2850200
17897,3587600
17898,2631400
17899,2980600
17900,2674400
17901,2782500
17902,2917600
17903,3314500
17904,2649600
17905,3152500
17906,2629900
17907,2714900
17908,2988500
17909,3229100
17910,2966900
17911,2702300
17912,2800500
17913,2692600
17914,3378100
17915,2957100
17916,2875800
17917,2756400
17918,2848700
17919,2944600
17920,3250100
17921,2973100
17922,2644700
17923,2805000
17924,2841700
17925,2863100
17926,3301500
17927,2875700
17928,2714300
17929,3080900
17930,2780600
17931,3398100
17932,2875500
17933,2703500
17934,2827700
17935,2876700
17936,3026700
17937,3416200
17938,2562500
17939,2780600
17940,2897900
17941,2819700
17942,2883600
17943,3593200
17944,2777800
17945,2763000
17946,2905400
17947,2835700
17948,3124300
17949,3042600
17950,3072600
17951,2828800
17952,2844500
17953,3000800
17954,3320100
17955,2672000
17956,2875200
17957,2876800
17958,2895300
17959,2851700
17960,3305200
17961,2718500
17962,2856800
17963,2899000
17964,2793200
17965,2922100
17966,3267900
17967,2814100
17968,2830600
17969,2927200
17970,3034200
17971,3223900
17972,2929300
17973,2800700
17974,3052800
17975,2720500
17976,3194200
17977,3176500
17978,2722100
17979,2903400
17980,2799600
17981,2900800
17982,3379400
17983,2687500
17984,2849900
17985,2820600
17986,2813400
17987,3140600
17988,3206900
17989,2974200
17990,2846900
17991,2779100
17992,2877100
17993,2932300
17994,3242200
17995,2827400
17996,2727600
17997,2842300
17998,2811100
17999,2856900
18000,3322000
18001,2778800
18002,2801800
18003,2815900
18004,2982900
18005,3289000
18006,2811300
18007,2717100
18008,2840700
18009,2795000
18010,3157500
18011,3640600
18012,2541900
18013,2759100
18014,2942200
18015,2683600
18016,3268300
18017,3176700
18018,2726600
18019,2868500
18020,2766500
18021,3064600
18022,3396400
18023,2546700
18024,2777700
18025,2857200
18026,2819700
18027,3072300
18028,3408900
18029,2750300
18030,2808800
18031,2784500
18032,2872000
18033,3370400
18034,3040500
18035,2706200
18036,2725100
18037,2784000
18038,3387500
18039,2800800
18040,2794200
18041,2746100
18042,2850400
18043,2881700
18044,3147300
18045,2997500
18046,3131500
18047,2715300
18048,2907300
18049,2812100
18050,3095000
18051,3279100
18052,2770500
18053,2840400
18054,2915800
18055,2762400
18056,3328800
18057,2803700
18058,2795800
18059,2860400
18060,2885000
18061,3009200
18062,3137500
18063,2805400
18064,2820900
18065,3012500
18066,2663400
18067,3342400
18068,3169300
18069,2757600
18070,3013000
18071,2923400
18072,2679700
18073,3274000
18074,2813800
18075,2909900
18076,3037000
18077,2637300
18078,2920000
18079,3319100
18080,2689600
18081,3008300
18082,2687500
18083,2876400
18084,2866100
18085,3475300
18086,2933700
18087,2705600
18088,2815800
18089,2924300
18090,3571700
18091,2863300
18092,2692700
18093,2860900
18094,2790600
18095,3045100
18096,3215400
18097,2883000
18098,2682600
18099,2845300
18100,2818900
18101,3064200
18102,3506500
18103,2626900
18104,2827300
18105,2893000
18106,2858700
18107,3570600
18108,2831700
18109,2807300
18110,2873600
18111,2762200
18112,2933000
18113,3333700
18114,2686600
18115,2842400
18116,2859500
18117,2856000
18118,3076800
18119,3058400
18120,2918500
18121,2760200
18122,2915500
18123,2990000
18124,2849500
18125,3112900
18126,2846200
18127,2782600
18128,2873700
18129,3181400
18130,3116700
18131,2874800
18132,2809900
18133,2847200
18134,2984200
18135,2817200
18136,3288000
18137,2777300
18138,2808500
18139,3294200
18140,2812300
18141,3177200
18142,2834000
18143,2875600
18144,3141300
18145,2978400
18146,2918400
18147,3260200
18148,2891500
18149,2814900
18150,3014600
18151,2918500
18152,3356900
18153,2858400
18154,2866700
18155,3082000
18156,2889500
18157,3164500
18158,3500900
18159,3382800
18160,3341000
18161,3561400
18162,5983000
18163,3493700
18164,2024500
18165,1798300
18166,2938500
18167,3106600
18168,3379500
18169,3000200
18170,2825900
18171,3090700
18172,2802700
18173,3026500
18174,3361600
18175,2988300
18176,2986400
18177,2823800
18178,3244100
18179,3200800
18180,2918800
18181,2830700
18182,3050800
18183,2973000
18184,3343600
18185,2971700
18186,2854500
18187,2838200
18188,2876900
18189,3020500
18190,3614100
18191,2523700
18192,2963600
18193,2815600
18194,2887500
18195,3031800
18196,3231300
18197,2887600
18198,2860700
18199,3098500
18200,3041400
18201,3536100
18202,2791900
18203,3005000
18204,2697900
18205,2828700
18206,3130800
18207,3125300
18208,2748900
18209,2863600
18210,2987700
18211,2728600
18212,3010100
18213,3244700
18214,2791800
18215,2899200
18216,2989600
18217,3260500
18218,2884400
18219,2802700
18220,2928100
18221,2674600
18222,2890900
18223,2950900
18224,3199400
18225,2746900
18226,2871700
18227,2758200
18228,2915100
18229,2838300
18230,3173600
18231,2753900
18232,2875300
18233,3155800
18234,2605500
18235,3386000
18236,2726400
18237,2828800
18238,3006300
18239,2836200
18240,2855900
18241,3244000
18242,2666800
18243,2860500
18244,3049500
18245,2648400
18246,2892500
18247,3130100
18248,2823100
18249,2897000
18250,2870100
18251,3065800
18252,2808800
18253,3167100
18254,2863400
18255,2790700
18256,2809200
18257,2924600
18258,3242600
18259,2871500
18260,3098800
18261,2639500
18262,2763100
18263,2970800
18264,3224900
18265,2964700
18266,2747500
18267,2824700
18268,2867400
18269,3362600
18270,2787500
18271,2931000
18272,2827000
18273,2863400
18274,3123000
18275,3379300
18276,2857300
18277,3158400
18278,2721300
18279,2924100
18280,2937700
18281,3376700
18282,2732000
18283,2898900
18284,2833300
18285,2862100
18286,3373200
18287,2824100
18288,2829400
18289,2808100
18290,2835000
18291,3241800
18292,3132000
18293,2711100
18294,2940800
18295,3009700
18296,2880100
18297,3488700
18298,2712300
18299,2874300
18300,2785000
18301,2873100
18302,2918200
18303,3341100
18304,2741700
18305,2910800
18306,2778100
18307,2915400
18308,3302700
18309,2882800
18310,2763700
18311,2925300
18312,3109500
18313,2924500
18314,2992700
18315,3289700
18316,2810600
18317,2813400
18318,2809000
18319,2999200
18320,3249100
18321,2862000
18322,2784900
18323,2791500
18324,2818900
18325,2971100
18326,3257100
18327,2751900
18328,2932900
18329,3061200
18330,2595000
18331,2901400
18332,3172600
18333,3075200
18334,3047800
18335,2625500
18336,3004900
18337,3251200
18338,2790700
18339,3173300
18340,2530900
18341,2830600
18342,2910200
18343,3280100
18344,2748200
18345,2974300
18346,2661700
18347,2925900
18348,3358700
18349,3040900
18350,2934300
18351,2939100
18352,2814200
18353,3031300
18354,3175400
18355,2994700
18356,2615400
18357,2911500
18358,2791700
18359,2969400
18360,3517500
18361,2593000
18362,2754500
18363,2939900
18364,2750100
18365,3441600
18366,2801400
18367,2741900
18368,3156500
18369,2768100
18370,3037700
18371,3610900
18372,2622900
18373,2924500
18374,2554600
18375,2835200
18376,2939000
18377,3273900
18378,2739300
18379,2778300
18380,2892200
18381,2852400
18382,3098400
18383,3131100
18384,2788600
18385,2820500
18386,2797100
18387,3351200
18388,3137000
18389,2800800
18390,3030300
18391,2915900
18392,2912500
18393,2856500
18394,3352200
18395,2692300
18396,2896400
18397,2960300
18398,2724200
18399,3393600
18400,2784400
18401,2801200
18402,2839900
18403,2890700
18404,3049800
18405,3183800
18406,2800200
18407,3096800
18408,3023600
18409,2827500
18410,2831500
18411,3305100
18412,2766800
18413,2904200
18414,2944700
18415,2805300
18416,3198800
18417,3154500
18418,2692200
18419,3310000
18420,2812600
18421,2840700
18422,3524500
18423,2709900
18424,3035300
18425,2713800
18426,2816100
18427,3026700
18428,3322000
18429,2859200
18430,2768100
18431,2806900
18432,3025100
18433,3314700
18434,2905200
18435,2673600
18436,2845600
18437,2832700
18438,2885100
18439,3393500
18440,2849900
18441,3046500
18442,2773400
18443,2827600
18444,2947500
18445,3397600
18446,2901800
18447,2910000
18448,2832300
18449,2889500
18450,2923100
18451,3090700
18452,2827400
18453,2821700
18454,2784000
18455,3443600
18456,2753700
18457,2839700
18458,2783000
18459,2914900
18460,2798400
18461,3267500
18462,3077100
18463,2743600
18464,2717300
18465,2810800
18466,3187200
18467,3064000
18468,2715800
18469,2804000
18470,2837200
18471,3077800
18472,2769600
18473,3213000
18474,2721900
18475,2904600
18476,2822900
18477,3031400
18478,2828700
18479,3211200
18480,3115900
18481,2849200
18482,2827300
18483,3034800
18484,2824500
18485,3219000
18486,2892200
18487,2937000
18488,2743900
18489,3001700
18490,3286700
18491,2878200
18492,3163200
18493,2843100
18494,2713900
18495,3147500
18496,3256800
18497,3219300
18498,2740400
18499,2832500
18500,3185900
18501,3802300
18502,2542300
18503,2784000
18504,2940200
18505,2853600
18506,3460900
18507,2823400
18508,3181500
18509,3341900
18510,2604800
18511,2859500
18512,3203200
18513,2870400
18514,2940400
18515,2896800
18516,2901600
18517,3093500
18518,3605900
18519,2787700
18520,2927200
18521,2914700
18522,3090300
18523,3349600
18524,2833100
18525,2747600
18526,2957600
18527,2867500
18528,3127400
18529,3279500
18530,2784200
18531,2915300
18532,2821000
18533,3180600
18534,3423200
18535,3181400
18536,2761700
18537,2894400
18538,2907700
18539,3098800
18540,3295000
18541,2782200
18542,2863200
18543,2838800
18544,3087900
18545,3206500
18546,2774500
18547,2810600
18548,2904700
18549,3101700
18550,2788700
18551,3255000
18552,2836300
18553,2818600
18554,2909200
18555,2997800
18556,3124900
18557,3260800
18558,2591900
18559,2900800
18560,2906600
18561,2753800
18562,3390700
18563,2758600
18564,2765600
18565,3042800
18566,2688100
18567,2873500
18568,3488900
18569,2678500
18570,2885500
18571,3008400
18572,2591500
18573,3160200
18574,3470600
18575,2722900
18576,2986300
18577,2652800
18578,3024700
18579,3197600
18580,2748900
18581,2981100
18582,2609500
18583,2785900
18584,2999900
18585,3294100
18586,2671400
18587,3137300
18588,2593600
18589,2764700
18590,3309800
18591,2786600
18592,2855700
18593,2715900
18594,2857500
18595,2793600
18596,2958100
18597,3465800
18598,2592000
18599,2809000
18600,3092000
18601,3207600
18602,3353100
18603,2544800
18604,2791400
18605,2797800
18606,2871900
18607,3216400
18608,3199900
18609,2771300
18610,2812300
18611,2898800
18612,2904100
18613,3611500
18614,2648400
18615,2908200
18616,2720700
18617,2907100
18618,3287300
18619,3049800
18620,2705100
18621,2922200
18622,2827000
18623,2821500
18624,3003100
18625,3215700
18626,2820500
18627,2863900
18628,2880100
18629,3013400
18630,3428100
18631,2715600
18632,2877300
18633,2826900
18634,2905200
18635,2973700
18636,3280500
18637,2737800
18638,2889900
18639,2906000
18640,2841800
18641,3147200
18642,3361500
18643,2712700
18644,2923800
18645,2840100
18646,2956700
18647,3303100
18648,2756900
18649,2869100
18650,3163600
18651,2669400
18652,3151600
18653,3403800
18654,2703000
18655,2988600
18656,2843600
18657,2816900
18658,3397500
18659,2796500
18660,2817900
18661,2874400
18662,2882100
18663,2930600
18664,3316000
18665,2714500
18666,2899100
18667,2836400
18668,2831500
18669,3103300
18670,3119500
18671,2749700
18672,2822100
18673,3090700
18674,2875900
18675,3102700
18676,3318600
18677,2607100
18678,2861700
18679,2769600
18680,3036100
18681,3460500
18682,2717600
18683,2837700
18684,2762300
18685,2915000
18686,3109500
18687,3289600
18688,2577000
18689,2875300
18690,2813400
18691,3124600
18692,3334800
18693,2824000
18694,2716200
18695,2902000
18696,2786000
18697,2951100
18698,3239200
18699,2797500
18700,2802400
18701,2833600
18702,2834300
18703,3120500
18704,3156700
18705,2641500
18706,2827800
18707,2896800
18708,3106600
18709,3472900
18710,2856800
18711,2666000
18712,2754800
18713,2857900
18714,3069700
18715,3212900
18716,2692400
18717,2808200
18718,2805200
18719,3103900
18720,2799300
18721,3231300
18722,2702000
18723,2868200
18724,3093200
18725,2530900
18726,3120500
18727,3072600
18728,2726000
18729,2889300
18730,3073300
18731,2933700
18732,3296300
18733,2674900
18734,2892400
18735,2934400
18736,2763400
18737,3011500
18738,3262500
18739,2736500
18740,2844600
18741,2843200
18742,2848200
18743,2983300
18744,3285000
18745,2736700
18746,2842800
18747,3127600
18748,2886800
18749,3371300
18750,2681100
18751,2981000
18752,2715600
18753,2894800
18754,2937400
18755,3509000
18756,2944900
18757,2642000
18758,2843700
18759,2878000
18760,3291100
18761,2825000
18762,3209000
18763,2528400
18764,2984900
18765,3029600
18766,3268100
18767,2815100
18768,2729100
18769,2845400
18770,2823900
18771,2991900
18772,3337000
18773,2622400
18774,2902000
18775,2870200
18776,2778900
18777,3582700
18778,2629600
18779,2764600
18780,2906200
18781,2732700
18782,3084400
18783,3309800
18784,2711500
18785,2789700
18786,3134700
18787,2808600
18788,3351400
18789,3220000
18790,2930300
18791,2613700
18792,2866000
18793,2757000
18794,3305200
18795,3020000
18796,2798600
18797,2845800
18798,2825300
18799,2971200
18800,3287500
18801,2790100
18802,2788400
18803,2835700
18804,2971800
18805,2933000
18806,3069500
18807,2809900
18808,2853100
18809,3035900
18810,2733700
18811,2942600
18812,3211400
18813,2785400
18814,3065300
18815,2669400
18816,2861700
18817,3358000
18818,2727500
18819,2866800
18820,2991100
18821,3060400
18822,2953100
18823,3355600
18824,2764700
18825,2885700
18826,2864200
18827,2927700
18828,3529500
18829,2783800
18830,2904200
18831,2866600
18832,2920600
18833,3114700
18834,3234100
18835,3063200
18836,2695100
18837,2856400
18838,2908800
18839,3947400
18840,3064300
18841,3056200
18842,4383800
18843,2888100
18844,1939700
18845,2811300
18846,2635000
18847,2814300
18848,2931800
18849,2865100
18850,3483600
18851,3071200
18852,3153200
18853,2702400
18854,2753100
18855,2839700
18856,3510800
18857,2761000
18858,2942700
18859,2854700
18860,2933300
18861,3264400
18862,3070300
18863,3161300
18864,2871100
18865,2844700
18866,3088800
18867,3572700
18868,2763000
18869,2927300
18870,2801100
18871,2951700
18872,3144200
18873,3072200
18874,2844700
18875,2902900
18876,2988800
18877,2849500
18878,3333500
18879,2836500
18880,3158200
18881,2826500
18882,3030400
18883,2794200
18884,3282700
18885,2820700
18886,2831700
18887,2922400
18888,2806300
18889,3409300
18890,2761400
18891,2901600
18892,2898100
18893,2819400
18894,3094000
18895,3030200
18896,2772400
18897,3103400
18898,3106300
18899,2572500
18900,2935400
18901,3491300
18902,2699700
18903,3027000
18904,2644300
18905,2872400
18906,3277100
18907,2744300
18908,3130200
18909,2619200
18910,2738400
18911,2968100
18912,3434300
18913,2730500
18914,2938300
18915,2719700
18916,2776200
18917,3101200
18918,3219400
18919,3089000
18920,2818800
18921,2909200
18922,2663800
18923,2975800
18924,3323100
18925,2719900
18926,2803200
18927,2770300
18928,3046700
18929,3226900
18930,3181600
18931,2449600
18932,2797400
18933,2868900
18934,3140600
18935,3212200
18936,3026100
18937,2786000
18938,2898000
18939,2816200
18940,3647600
18941,2831000
18942,2743700
18943,2930900
18944,2858900
18945,3187200
18946,3180500
18947,2772100
18948,2837000
18949,3173000
18950,2868200
18951,3383900
18952,2846500
18953,2812100
18954,2831900
18955,2905300
18956,2980600
18957,3415600
18958,2899000
18959,2799800
18960,2798400
18961,2972000
18962,2882400
18963,3262200
18964,2985400
18965,2779000
18966,3075500
18967,2721700
18968,3096700
18969,3181000
18970,2889300
18971,2819400
18972,2923900
18973,3126000
18974,3280300
18975,3084700
18976,2800000
18977,2960300
18978,2846600
18979,3062700
18980,3182500
18981,2950100
18982,2984600
18983,2686600
18984,3020000
18985,3304800
18986,2764000
18987,3173900
18988,2630600
18989,2856300
18990,3117600
18991,3133700
18992,3352500
18993,2644500
18994,2864200
18995,2863700
18996,3306200
18997,2819600
18998,2944400
18999,2802500
19000,2862900
19001,3077500
19002,3185000
19003,2871500
19004,2743000
19005,2850300
19006,2814400
19007,3106600
19008,3137000
19009,3116400
19010,2729900
19011,2959700
19012,2736300
19013,3294200
19014,3126700
19015,2913900
19016,2684900
19017,2911700
19018,3080800
19019,3173000
19020,2659500
19021,2911700
19022,2732900
19023,2913200
19024,3025200
19025,3261500
19026,2943700
19027,2922200
19028,2797900
19029,2868800
19030,3340800
19031,2697600
19032,2907700
19033,2738000
19034,2782200
19035,3216200
19036,3042300
19037,2751200
19038,2937000
19039,2697600
19040,2945300
19041,2926400
19042,3164200
19043,2725200
19044,2939500
19045,2851500
19046,3131700
19047,2889800
19048,3341200
19049,2622800
19050,2654900
19051,3090500
19052,2744900
19053,3245500
19054,2805800
19055,2834100
19056,2788200
19057,2962600
19058,2848000
19059,3190100
19060,2850600
19061,2877900
19062,2925800
19063,2637900
19064,2993200
19065,3120700
19066,2866700
19067,3097900
19068,2593100
19069,2894400
19070,3364300
19071,2674500
19072,2921300
19073,2855600
19074,3086800
19075,2901200
19076,3249100
19077,2765500
19078,2986900
19079,2788500
19080,2847700
19081,3077400
19082,3028000
19083,2888900
19084,2949800
19085,2684400
19086,2887300
19087,3599500
19088,2649500
19089,2954400
19090,2791800
19091,3032800
19092,2992500
19093,3212400
19094,2933400
19095,2790000
19096,2955300
19097,2737700
19098,3327400
19099,2972000
19100,2632300
19101,2909100
19102,2745200
19103,2986600
19104,3540300
19105,2960100
19106,2685100
19107,2689900
19108,2833300
19109,2947700
19110,3372000
19111,2676300
19112,2864100
19113,2808500
19114,2848100
19115,3052600
19116,3116000
19117,2906700
19118,2770000
19119,2859900
19120,2871700
19121,3391400
19122,2684000
19123,2941800
19124,2698600
19125,2922300
19126,3448000
19127,2976900
19128,2835700
19129,2780400
19130,3198100
19131,2852100
19132,3337300
19133,3287300
19134,2644200
19135,2666400
19136,2765700
19137,3073800
19138,3199800
19139,2752900
19140,2856200
19141,2846300
19142,2916700
19143,2895200
19144,3158500
19145,2872200
19146,2788000
19147,2935300
19148,2684100
19149,2982200
19150,3219800
19151,2672900
19152,2905400
19153,2974300
19154,2764400
19155,3334500
19156,2850300
19157,2776600
19158,3019300
19159,2745300
19160,3228700
19161,3381600
19162,2659400
19163,3064200
19164,2653000
19165,3128100
19166,3486200
19167,2769700
19168,2878000
19169,2881600
19170,2849200
19171,3025000
19172,3403400
19173,2720400
19174,3083100
19175,2723600
19176,2943100
19177,3300200
19178,3024700
19179,3188900
19180,2411100
19181,2959800
19182,2916800
19183,3495800
19184,3023400
19185,2656500
19186,3214200
19187,2906800
19188,2986700
19189,3401400
19190,2744200
19191,2951200
19192,2829800
19193,2953200
19194,3480900
19195,3079700
19196,3213600
19197,2614600
19198,2688700
19199,3129300
19200,3360400
19201,2802400
19202,2879500
19203,3262000
19204,2979300
19205,3402600
19206,2742800
19207,2924400
19208,2824200
19209,2967400
19210,3200300
19211,3102500
19212,2871200
19213,3280800
19214,2442800
19215,2912600
19216,3127000
19217,3231100
19218,2853200
19219,2815800
19220,3153500
19221,3160300
19222,3080000
19223,2868100
19224,2828100
19225,2956800
19226,2879500
19227,3000100
19228,3173400
19229,2813200
19230,2843900
19231,3208800
19232,2619400
19233,3497100
19234,2722900
19235,2884400
19236,2794100
19237,2920700
19238,3184100
19239,3048900
19240,2745000
19241,3145000
19242,2928400
19243,2731400
19244,3110000
19245,3035300
19246,2836200
19247,3493700
19248,2158300
19249,2924600
19250,3348800
19251,2678100
19252,3048600
19253,2715700
19254,2785300
19255,3167900
19256,3313000
19257,2675900
19258,2920700
19259,3157400
19260,2712800
19261,3212100
19262,3001200
19263,2828000
19264,2825200
19265,2765800
19266,3080200
19267,3236900
19268,3007500
19269,2665000
19270,2775500
19271,2861300
19272,3114000
19273,3460500
19274,2614000
19275,2829000
19276,3069400
19277,2818900
19278,3365400
19279,2814700
19280,2770500
19281,2873600
19282,3174600
19283,2608500
19284,3484100
19285,2625100
19286,2777400
19287,2834800
19288,2834200
19289,3079700
19290,3131100
19291,2750900
19292,2842700
19293,2814900
19294,2865200
19295,3106000
19296,3138900
19297,2801800
19298,3051100
19299,2809700
19300,3122300
19301,3125600
19302,2835500
19303,2740500
19304,2880500
19305,2811500
19306,3065600
19307,3464200
19308,2701100
19309,2867600
19310,2847900
19311,2879000
19312,3413600
19313,2642300
19314,2929700
19315,3078100
19316,3494500
19317,2474600
19318,3211400
19319,2786100
19320,2849300
19321,2859400
19322,2912500
19323,3012200
19324,3260600
19325,2758900
19326,2843800
19327,2882400
19328,2893900
19329,3019400
19330,3177400
19331,2794900
19332,3019900
19333,2715700
19334,3137400
19335,3090700
19336,3056000
19337,2891000
19338,2850700
19339,2883500
19340,3000200
19341,3183700
19342,2872000
19343,2921400
19344,2841300
19345,2934200
19346,3397900
19347,2872800
19348,2951700
19349,2741800
19350,3281600
19351,2752800
19352,3124000
19353,2929300
19354,2935100
19355,2880300
19356,2860100
19357,2933000
19358,3285300
19359,2715900
19360,2845000
19361,2795000
19362,3048500
19363,3276800
19364,2802000
19365,2759500
19366,2878400
19367,2961200
19368,2948100
19369,3191600
19370,2688600
19371,3183900
19372,2781400
19373,2921500
19374,3399300
19375,2743900
19376,2814900
19377,2843200
19378,2770200
19379,3073400
19380,3215800
19381,2702200
19382,2852800
19383,2792100
19384,2811800
19385,3920800
19386,2818000
19387,2713200
19388,2934900
19389,2714800
19390,2948500
19391,3255200
19392,2721100
19393,2830000
19394,2818100
19395,2869200
19396,3098200
19397,3142500
19398,2761800
19399,2749900
19400,2891500
19401,2983000
19402,2842000
19403,3145100
19404,2776100
19405,2839600
19406,3075500
19407,2670000
19408,2943700
19409,3151200
19410,3079900
19411,3049100
19412,2670800
19413,2934400
19414,3254800
19415,2723800
19416,2931500
19417,2855300
19418,2782700
19419,3095000
19420,4127500
19421,2042000
19422,2916700
19423,2740900
19424,2885400
19425,2991100
19426,3183300
19427,3250500
19428,2642100
19429,2854000
19430,2860500
19431,3408200
19432,2699700
19433,2883400
19434,2842600
19435,2925700
19436,2829300
19437,3197400
19438,2949800
19439,2710300
19440,2868500
19441,2837900
19442,2905700
19443,3493700
19444,2627400
19445,2803000
19446,2873500
19447,2848400
19448,3385300
19449,3372100
19450,2534300
19451,2753600
19452,2886800
19453,3002700
19454,3184600
19455,3174300
19456,2429200
19457,2949400
19458,2716400
19459,3424800
19460,2942100
19461,2883400
19462,2828600
19463,2836700
19464,3378500
19465,2921600
19466,2954700
19467,2873800
19468,2820700
19469,2800600
19470,3260000
19471,3142900
19472,2959500
19473,2710000
19474,2859700
19475,2863600
19476,2919700
19477,3132900
19478,2770600
19479,2941300
19480,2792900
19481,2896600
19482,3433500
19483,2613700
19484,2910400
19485,2819000
19486,2865400
19487,2872200
19488,3249000
19489,2744400
19490,3341200
19491,2635800
19492,2673400
19493,3478300
19494,2735800
19495,2996700
19496,2960900
19497,2643900
19498,2913300
19499,3314100
19500,2792900
19501,3162100
19502,2679200
19503,2815500
19504,3246900
19505,3140000
19506,2868600
19507,2902700
19508,2771300
19509,2889000
19510,2982500
19511,3260400
19512,2969300
19513,2821800
19514,2807500
19515,3015200
19516,3215700
19517,3190600
19518,2711900
19519,2767000
19520,2836600
19521,3240300
19522,4197900
19523,2281600
19524,3957500
19525,4316600
19526,2805700
19527,2015500
19528,2045000
19529,2924600
19530,2878200
19531,2833100
19532,3243000
19533,3374100
19534,2852400
19535,3060300
19536,2846100
19537,2998600
19538,3630900
19539,3164500
19540,2565800
19541,2837300
19542,2671500
19543,3074700
19544,3276300
19545,2775800
19546,2914200
19547,2874500
19548,2908400
19549,3406900
19550,2798300
19551,2852200
19552,2932700
19553,2807200
19554,3197200
19555,3259600
19556,2727800
19557,2931700
19558,3194900
19559,2578200
19560,3142600
19561,3017100
19562,2822600
19563,2855700
19564,3222700
19565,2965300
19566,3564800
19567,2731200
19568,2954200
19569,2894900
19570,2757300
19571,3002200
19572,3299700
19573,2665300
19574,3127900
19575,2671200
19576,2936700
19577,3160300
19578,3284100
19579,3004400
19580,2651600
19581,2867200
19582,2917200
19583,3318000
19584,2767400
19585,2880300
19586,2793100
19587,2843600
19588,3162200
19589,3300200
19590,2841800
19591,2796000
19592,3135500
19593,2609000
19594,3531700
19595,3100400
19596,2726000
19597,2761400
19598,2956500
19599,2869700
19600,3350000
19601,2850900
19602,2709000
19603,2847700
19604,2842700
19605,3521400
19606,2824000
19607,2731200
19608,2783700
19609,2910200
19610,2880800
19611,3628100
19612,2762200
19613,2632800
19614,2811600
19615,2852300
19616,3142400
19617,3174200
19618,2710500
19619,2843800
19620,3108700
19621,2836400
19622,3145400
19623,3116200
19624,2716400
19625,2910600
19626,3259900
19627,2579700
19628,3286400
19629,2755100
19630,2775500
19631,2843600
19632,2867000
19633,3294000
19634,2976800
19635,2808400
19636,2804800
19637,2813900
19638,3247000
19639,3045300
19640,3180900
19641,2908900
19642,2768800
19643,3043600
19644,2919600
19645,3223200
19646,2738000
19647,2849100
19648,2883600
19649,2806100
19650,2953400
19651,3286100
19652,2800300
19653,2755200
19654,3069300
19655,2707400
19656,3471500
19657,2807200
19658,2726500
19659,3250700
19660,3182800
19661,2516000
19662,3303300
19663,2739800
19664,3165300
19665,2615700
19666,2815800
19667,3082000
19668,3258200
19669,2746100
19670,2843500
19671,2895300
19672,2960000
19673,3333000
19674,2687500
19675,2950000
19676,3059400
19677,2804700
19678,3108700
19679,3415600
19680,2789800
19681,2810400
19682,2956000
19683,2738700
19684,3492700
19685,2782400
19686,2783900
19687,2826100
19688,2929700
19689,3145800
19690,3140100
19691,2770500
19692,2787700
19693,3004900
19694,3461700
19695,2581600
19696,3223600
19697,2724900
19698,2893200
19699,2921300
19700,2808100
19701,3275000
19702,2960600
19703,2819000
19704,2852900
19705,2831700
19706,3106700
19707,3247100
19708,2679300
19709,2871000
19710,2864800
19711,3130300
19712,3049400
19713,3245600
19714,2766700
19715,2830800
19716,2842600
19717,3057000
19718,3459000
19719,2745400
19720,2794800
19721,2941500
19722,3216300
19723,2972600
19724,3118000
19725,2632800
19726,2731100
19727,2793600
19728,3483100
19729,2357800
19730,3228300
19731,2762200
19732,3091000
19733,2997300
19734,2770400
19735,3485400
19736,2613600
19737,2925800
19738,2885700
19739,2765000
19740,2905700
19741,3353200
19742,2674500
19743,3210000
19744,2645600
19745,2730600
19746,3120000
19747,3090000
19748,2753200
19749,2946700
19750,3033800
19751,3024100
19752,3439200
19753,2711900
19754,2906900
19755,2818100
19756,2786200
19757,3013600
19758,3302300
19759,2780300
19760,2862100
19761,2825100
19762,2749000
19763,3780900
19764,2650300
19765,2721700
19766,2671900
19767,3164800
19768,2848700
19769,3441300
19770,2730500
19771,2798400
19772,2848200
19773,2863400
19774,2957700
19775,3342500
19776,2649000
19777,2812100
19778,2893400
19779,2783600
19780,2991000
19781,3416000
19782,2702700
19783,2815000
19784,3139600
19785,2960200
19786,3253800
19787,2798300
19788,2762800
19789,2868500
19790,2810000
19791,3561400
19792,3117900
19793,2636700
19794,2827700
19795,2800700
19796,3149500
19797,3614000
19798,2293500
19799,2779200
19800,2881600
19801,2816900
19802,3169600
19803,3149400
19804,2681100
19805,2873900
19806,3081600
19807,2895100
19808,3119300
19809,3039000
19810,2846400
19811,2848300
19812,3026400
19813,3161800
19814,2756400
19815,3270400
19816,2820100
19817,3026300
19818,2665900
19819,2962900
19820,3096200
19821,2849400
19822,2849800
19823,3028900
19824,2793100
19825,2881600
19826,3465800
19827,2837600
19828,2897100
19829,2974200
19830,2763300
19831,3656000
19832,2414300
19833,2988900
19834,2825600
19835,2852000
19836,3013900
19837,3296400
19838,2968100
19839,2825800
19840,2904000
19841,2732000
19842,3129600
19843,3248100
19844,3096400
19845,2919400
19846,2809900
19847,2967400
19848,3431200
19849,2903500
19850,2926600
19851,2735400
19852,2887600
19853,2981800
19854,3380300
19855,2794200
19856,2852300
19857,2886200
19858,3094400
19859,3659200
19860,2582400
19861,3046000
19862,2872500
19863,2898500
19864,3177300
19865,7465000
19866,2089800
19867,1808700
19868,2074200
19869,3179900
19870,3329600
19871,2671200
19872,2929200
19873,2919000
19874,2821500
19875,3537800
19876,2733000
19877,2794500
19878,3217500
19879,2835900
19880,3448600
19881,3505400
19882,2515200
19883,2661300
19884,2817400
19885,2958200
19886,3226300
19887,2701300
19888,2895600
19889,2797200
19890,2821500
19891,3096900
19892,3350100
19893,2680900
19894,2813400
19895,2830800
19896,3050300
19897,3184900
19898,3051500
19899,2846600
19900,3075500
19901,2900700
19902,2783700
19903,3046100
19904,3109700
19905,2772400
19906,2884300
19907,2836300
19908,2944000
19909,3247500
19910,2686300
19911,2902700
19912,2836200
19913,2738500
19914,3002700
19915,3307700
19916,2626800
19917,2967300
19918,2809700
19919,2754400
19920,3016700
19921,3395100
19922,2712200
19923,2852000
19924,2814700
19925,2797000
19926,3365000
19927,2726800
19928,2896300
19929,2725300
19930,2824800
19931,2981900
19932,3322600
19933,2896200
19934,2634700
19935,2765300
19936,2807300
19937,3327800
19938,3267300
19939,2950400
19940,2826000
19941,2831100
19942,2953600
19943,3292200
19944,2861200
19945,2722600
19946,2959200
19947,2744900
19948,3019600
19949,3534600
19950,2733800
19951,2701700
19952,2817700
19953,2889200
19954,3220200
19955,3127100
19956,3027700
19957,2806700
19958,2818500
19959,2994900
19960,3408000
19961,2714800
19962,2812400
19963,2913300
19964,2904400
19965,2997700
19966,3389700
19967,2658700
19968,2887600
19969,2885500
19970,2809500
19971,3284000
19972,3020200
19973,3173400
19974,2833700
19975,2965000
19976,3106700
19977,3231300
19978,2841700
19979,2902400
19980,2870400
19981,3140700
19982,2928500
19983,3149800
19984,2782600
19985,2897400
19986,2844000
19987,3053800
19988,3328600
19989,2746900
19990,2930100
19991,2950500
19992,2947700
19993,2929200
19994,3533800
19995,2763700
19996,2985900
19997,2930800
19998,2873700
19999,3415600
20000,2740700
20001,2911700
20002,3178100
20003,2560300
20004,3016500
20005,3321800
20006,2778200
20007,2907100
20008,2978100
20009,2697200
20010,3764700
20011,2718900
20012,3098800
20013,3008100
20014,2696300
20015,3082400
20016,3344400
20017,2660800
20018,3104600
20019,2649600
20020,2861600
20021,3106200
20022,3085900
20023,2773800
20024,2864900
20025,2872100
20026,2826700
20027,3461900
20028,2812900
20029,2943000
20030,2713900
20031,2809500
20032,3241800
20033,3139900
20034,2882700
20035,2721100
20036,2880100
20037,2826100
20038,2982700
20039,3224100
20040,2923300
20041,2742600
20042,2860800
20043,2972300
20044,3227800
20045,2878100
20046,2787200
20047,2737800
20048,2891000
20049,3068300
20050,3607600
20051,2700300
20052,2746000
20053,2824500
20054,2853600
20055,3152000
20056,3004400
20057,2800800
20058,2777100
20059,2887300
20060,2763900
20061,3313600
20062,3095000
20063,2765600
20064,2667000
20065,2762400
20066,3355300
20067,2909900
20068,3043600
20069,2706000
20070,2775900
20071,2913300
20072,2996000
20073,3164600
20074,2837600
20075,2775900
20076,2891500
20077,2793400
20078,3059300
20079,3089700
20080,2819600
20081,2793200
20082,3096100
20083,2710900
20084,3453000
20085,2831900
20086,2779700
20087,2849400
20088,2917400
20089,3052700
20090,3073900
20091,2894900
20092,2715600
20093,3025400
20094,3018900
20095,2868600
20096,3321300
20097,2704400
20098,3025300
20099,2995100
20100,2719400
20101,3227200
20102,2783200
20103,2961200
20104,2699500
20105,2869300
20106,3091400
20107,3500100
20108,2825900
20109,2714500
20110,2814600
20111,2899500
20112,3350900
20113,2819900
20114,2786700
20115,2898100
20116,2776100
20117,3141700
20118,3126200
20119,2966000
20120,2670600
20121,2786600
20122,2875700
20123,2950600
20124,3911600
20125,2565100
20126,2652300
20127,2934500
20128,3160100
20129,3337300
20130,2956600
20131,2737600
20132,2875900
20133,2888400
20134,2961300
20135,3536500
20136,2699200
20137,2676100
20138,2896600
20139,2840700
20140,3308900
20141,3399000
20142,2711200
20143,2803800
20144,2854700
20145,3003500
20146,3330900
20147,2798400
20148,2841800
20149,2867500
20150,2904700
20151,3243300
20152,3197500
20153,3045400
20154,2683400
20155,2697100
20156,3318700
20157,2649300
20158,3161600
20159,2809000
20160,2948900
20161,2801600
20162,3062100
20163,3431900
20164,2847900
20165,2847100
20166,3040100
20167,2743500
20168,3083500
20169,3112600
20170,2887200
20171,2814800
20172,3025400
20173,2889000
20174,3417400
20175,2806100
20176,2815600
20177,3165200
20178,2612600
20179,2969200
20180,3296300
20181,2869500
20182,2868700
20183,2901500
20184,2913400
20185,3123900
20186,3225800
20187,2821500
20188,3120400
20189,2906600
20190,3128300
20191,3161700
20192,2791200
20193,2847400
20194,2940600
20195,2874600
20196,3114900
20197,3162400
20198,2863100
20199,2863300
20200,2876900
20201,3453500
20202,3630600
20203,4739800
20204,4264000
20205,4388200
20206,2318600
20207,1973400
20208,2872900
20209,2870900
20210,3031100
20211,2846000
20212,3253200
20213,2779500
20214,2892700
20215,2842400
20216,2973500
20217,3141900
20218,3140600
20219,2700400
20220,2882400
20221,3225800
20222,3437800
20223,2530200
20224,3072000
20225,2723400
20226,2975400
20227,2682600
20228,2935600
20229,3332800
20230,2705900
20231,3127100
20232,2675200
20233,2699200
20234,3227600
20235,3089800
20236,2826400
20237,3409900
20238,2328200
20239,3203100
20240,2894700
20241,3111500
20242,2913500
20243,2772500
20244,2782600
20245,3026800
20246,3219700
20247,2923200
20248,2658800
20249,2860500
20250,2758800
20251,3036700
20252,3244000
20253,3013600
20254,2623900
20255,2779200
20256,2804800
20257,3657500
20258,2774300
20259,2902300
20260,2701000
20261,2858800
20262,2922800
20263,3243500
20264,2815200
20265,2842500
20266,2780400
20267,2803700
20268,2975900
20269,3608500
20270,2534000
20271,2666500
20272,2857300
20273,2832600
20274,3485800
20275,3002500
20276,2764500
20277,2742600
20278,3162500
20279,2957300
20280,3197400
20281,2804900
20282,2844000
20283,2801600
20284,2820200
20285,3078500
20286,3120900
20287,2850300
20288,2766900
20289,2917300
20290,2751900
20291,3428300
20292,2886900
20293,2691800
20294,2833900
20295,2829400
20296,3270100
20297,3063400
20298,2742800
20299,2793400
20300,3166400
20301,2848000
20302,2931500
20303,3346200
20304,2731600
20305,2879300
20306,3061000
20307,2663300
20308,3616500
20309,2846200
20310,2810900
20311,3007200
20312,2850100
20313,2986800
20314,3266900
20315,2759300
20316,3165400
20317,2887100
20318,2812100
20319,3034400
20320,3291600
20321,2843500
20322,2861800
20323,2866300
20324,3017500
20325,3365300
20326,2792600
20327,2873600
20328,2873900
20329,2856300
20330,3170500
20331,3311200
20332,2765100
20333,2836800
20334,3223000
20335,2897700
20336,3401800
20337,2865400
20338,2833100
20339,2901700
20340,2860500
20341,3035100
20342,3299100
20343,2871700
20344,2813800
20345,2963700
20346,2831700
20347,3619200
20348,2969900
20349,2739100
20350,2852500
20351,3226800
20352,3090000
20353,3245000
20354,2710200
20355,2945200
20356,2758000
20357,2936000
20358,3320900
20359,2833400
20360,2849100
20361,2895700
20362,2876500
20363,2863900
20364,3451700
20365,2747800
20366,2802100
20367,2906500
20368,2810700
20369,3230500
20370,2967000
20371,2762300
20372,2860600
20373,3058300
20374,2975900
20375,3004700
20376,3184100
20377,2682600
20378,2854800
20379,2947700
20380,3097200
20381,3210300
20382,2675600
20383,2855400
20384,2849000
20385,2832800
20386,3126200
20387,3155200
20388,2660500
20389,2922700
20390,3432900
20391,2475400
20392,2925500
20393,3211000
20394,2724700
20395,3141600
20396,2592700
20397,2855300
20398,3310500
20399,2776800
20400,2714500
20401,3281300
20402,2639600
20403,3243600
20404,2704900
20405,2795400
20406,2986000
20407,2691600
20408,2746700
20409,3110700
20410,3125300
20411,2830600
20412,3064000
20413,2798300
20414,2858600
20415,2856700
20416,3300300
20417,2807400
20418,2775100
20419,2883200
20420,2852400
20421,3593400
20422,3060900
20423,2568500
20424,2799200
20425,2852100
20426,3059400
20427,3180700
20428,2854300
20429,2997600
20430,2960200
20431,2819600
20432,3350400
20433,2791200
20434,2882900
20435,2754100
20436,2929500
20437,3049700
20438,3230300
20439,2822000
20440,2684400
20441,2871900
20442,2853200
20443,2933500
20444,3286700
20445,2837700
20446,2785100
20447,3017800
20448,2707700
20449,3492200
20450,2991500
20451,2744600
20452,2922800
20453,2802000
20454,3124400
20455,3109900
20456,2827500
20457,2819100
20458,2860700
20459,2890800
20460,3445100
20461,2754600
20462,2772200
20463,2916700
20464,2883700
20465,2925500
20466,3094300
20467,3127400
20468,3054900
20469,2893000
20470,2980600
20471,2831700
20472,3301200
20473,2804600
20474,2819000
20475,3259500
20476,2643800
20477,2870100
20478,3288600
20479,2736300
20480,3115200
20481,2675500
20482,3135400
20483,3093500
20484,2836600
20485,3103600
20486,2877100
20487,2926900
20488,2909400
20489,3276500
20490,2776100
20491,3074600
20492,3175200
20493,3068200
20494,3216100
20495,2621600
20496,2954900
20497,2808200
20498,2835900
20499,2988600
20500,3273500
20501,2718400
20502,2955300
20503,2745200
20504,2862700
20505,3166100
20506,3079400
20507,2894800
20508,2686400
20509,2820500
20510,2868800
20511,3409600
20512,2748700
20513,2829100
20514,2887800
20515,2885900
20516,2914400
20517,3346400
20518,3130000
20519,2787600
20520,2860700
20521,2874600
20522,3061300
20523,3255000
20524,2829300
20525,2876700
20526,2837000
20527,3010700
20528,3549700
20529,2591900
20530,2853300
20531,2845500
20532,2911900
20533,3461600
20534,3026700
20535,2795700
20536,2928500
20537,2903700
20538,3134800
20539,3208200
20540,2723700
20541,3784200
20542,2192300
20543,3195900
20544,2790500
20545,3367800
20546,2652700
20547,2872300
20548,2986300
20549,3035800
20550,2936500
20551,3104300
20552,2734600
20553,2953900
20554,2913100
20555,2890700
20556,3432100
20557,2665600
20558,2878600
20559,3006500
20560,2740300
20561,3064100
20562,3327800
20563,2801900
20564,2901700
20565,3234800
20566,3191900
20567,2812400
20568,3039100
20569,2726900
20570,2924800
20571,2771900
20572,3085200
20573,3215900
20574,2687900
20575,3062500
20576,2679300
20577,2850600
20578,3128400
20579,3431300
20580,2733100
20581,2879900
20582,2846100
20583,3088100
20584,3094200
20585,2823000
20586,2951400
20587,2718900
20588,2831400
20589,3173300
20590,3141400
20591,2983600
20592,2578000
20593,2829700
20594,2845400
20595,2978900
20596,3510700
20597,2798300
20598,2795300
20599,2916200
20600,2771400
20601,3594400
20602,2914600
20603,2675100
20604,2780300
20605,2829800
20606,2960900
20607,3475700
20608,2691100
20609,2831200
20610,2935800
20611,2749200
20612,3132600
20613,3244700
20614,2948900
20615,2777500
20616,2826000
20617,2920900
20618,3381600
20619,2657700
20620,2873900
20621,2762900
20622,2917000
20623,3070900
20624,3205100
20625,2621400
20626,2901000
20627,2830000
20628,3016600
20629,2942100
20630,3060800
20631,2777800
20632,2820700
20633,2842500
20634,3668200
20635,2865900
20636,2671900
20637,2822500
20638,2924500
20639,2925700
20640,3182300
20641,3102700
20642,2777100
20643,2929500
20644,2905400
20645,2798200
20646,3431100
20647,2869500
20648,2810800
20649,3113800
20650,2681500
20651,3135600
20652,3470600
20653,2791000
20654,2985600
20655,2794000
20656,2884200
20657,2986500
20658,3315500
20659,2812900
20660,2941000
20661,2849300
20662,3104100
20663,3352900
20664,2734700
20665,2949400
20666,2828300
20667,2938100
20668,2950900
20669,3423200
20670,2825400
20671,2884200
20672,2922100
20673,2885600
20674,3425500
20675,3052500
20676,2699900
20677,2813400
20678,3232200
20679,2989200
20680,3631000
20681,2709700
20682,2885700
20683,2868200
20684,2924200
20685,3564200
20686,2697300
20687,2837700
20688,2884300
20689,2909000
20690,3132400
20691,3229700
20692,2738800
20693,2862300
20694,2807000
20695,3156100
20696,3419700
20697,2821900
20698,2779500
20699,2914000
20700,2844500
20701,3172100
20702,2676700
20703,3347700
20704,2693100
20705,2841400
20706,2850800
20707,3044700
20708,3114400
20709,2903700
20710,2823400
20711,2768200
20712,3065100
20713,3246700
20714,3086800
20715,2696400
20716,2816400
20717,3297700
20718,2802300
20719,3208100
20720,2826500
20721,2723500
20722,2881800
20723,2935700
20724,2966300
20725,3116700
20726,2834400
20727,2751500
20728,2976500
20729,2689000
20730,3077800
20731,3092000
20732,2800800
20733,2990700
20734,2920700
20735,2889300
20736,3331100
20737,2738600
20738,2729000
20739,3193000
20740,2739400
20741,3151600
20742,2802000
20743,2752900
20744,2924000
20745,2715600
20746,2859200
20747,3092900
20748,3177300
20749,2816200
20750,2704200
20751,3240000
20752,2665900
20753,3603900
20754,2717400
20755,2786100
20756,2804600
20757,2819300
20758,3123900
20759,3219800
20760,2842700
20761,2741200
20762,2769300
20763,2931200
20764,3065200
20765,3214400
20766,2704900
20767,2835000
20768,2841400
20769,2852600
20770,3470100
20771,2790800
20772,2717600
20773,3218400
20774,2741200
20775,3074000
20776,3373400
20777,2598100
20778,2835800
20779,2847900
20780,2856600
20781,3081200
20782,3222200
20783,2688800
20784,2836200
20785,2809000
20786,3390400
20787,2984300
20788,2738700
20789,2804800
20790,3143500
20791,2806900
20792,3016700
20793,3491600
20794,2720000
20795,2820400
20796,2901100
20797,2879000
20798,3346300
20799,2801100
20800,2787100
20801,2897600
20802,2891300
20803,2958300
20804,3046600
20805,3135200
20806,2814000
20807,3206300
20808,2805900
20809,2914400
20810,3328900
20811,2738900
20812,2964500
20813,2965200
20814,2720200
20815,2948700
20816,3348300
20817,2799400
20818,3231900
20819,2655900
20820,2733400
20821,3429400
20822,2731100
20823,2904600
20824,2889400
20825,2761100
20826,3301600
20827,3186100
20828,3031200
20829,2879900
20830,2879600
20831,2845400
20832,3433100
20833,2735600
20834,3080500
20835,2881300
20836,2979200
20837,2877000
20838,3207500
20839,2842200
20840,2779500
20841,2825900
20842,2851000
20843,3085800
20844,3185000
20845,2752400
20846,2939000
20847,2859600
20848,2815100
20849,3436800
20850,2736100
20851,2826900
20852,2922200
20853,2876100
20854,2982800
20855,3538500
20856,2517900
20857,2860900
20858,2806000
20859,2891800
20860,3426300
20861,2872600
20862,2776200
20863,3093000
20864,2860100
20865,3472200
20866,3169500
20867,2758700
20868,2791000
20869,2914900
20870,2865300
20871,3103500
20872,3115500
20873,2855600
20874,2867700
20875,2795100
20876,3113800
20877,2744600
20878,3241000
20879,2848800
20880,3190500
20881,2847500
20882,2907700
20883,3154900
20884,3068600
20885,3433300
20886,2698400
20887,4676000
20888,4356000
20889,2057300
20890,1874900
20891,3167700
20892,2665200
20893,2863300
20894,3264500
20895,2787000
20896,2910600
20897,3026600
20898,2739400
20899,3476400
20900,2683400
20901,2971800
20902,3193300
20903,2658000
20904,2967500
20905,3309100
20906,2799500
20907,3205700
20908,2655200
20909,2918300
20910,3157100
20911,2837400
20912,2740600
20913,2931400
20914,2752300
20915,2970600
20916,3309400
20917,2745800
20918,2862500
20919,3167300
20920,2744200
20921,2995600
20922,3246900
20923,2859500
20924,2834000
20925,2777500
20926,2746800
20927,3086700
20928,3254100
20929,2754900
20930,2716400
20931,2907100
20932,2832500
20933,3339700
20934,2872000
20935,2762200
20936,2749900
20937,2851800
20938,3222500
20939,3351700
20940,2613900
20941,3201900
20942,2776700
20943,2792500
20944,3273300
20945,2915600
20946,2792800
20947,2755500
20948,2903600
20949,2884800
20950,3543800
20951,2728000
20952,2855200
20953,2855300
20954,2766300
20955,3245300
20956,3000600
20957,2746900
20958,3159800
20959,2708400
20960,2899400
20961,3008900
20962,3240600
20963,2878000
20964,2854400
20965,2819600
20966,3009100
20967,3293900
20968,2704000
20969,2998900
20970,2735200
20971,3085000
20972,2875500
20973,3468800
20974,2757300
20975,2933700
20976,3337400
20977,2602300
20978,3352700
20979,3083300
20980,2911700
20981,2961800
20982,2722300
20983,3132300
20984,3168200
20985,2956900
20986,2900500
20987,2786300
20988,2927600
20989,2976900
20990,3405400
20991,2900400
20992,2752300
20993,2874800
20994,3170100
20995,3242400
20996,3049800
20997,2863300
20998,2868800
20999,2920000
21000,3143000
21001,3126200
21002,2883600
21003,2968800
21004,2859700
21005,3074600
21006,3304200
21007,3004200
21008,2748900
21009,2976500
21010,2889400
21011,3143000
21012,3263100
21013,3151200
21014,2831500
21015,2883900
21016,3076900
21017,3460600
21018,2678500
21019,2873000
21020,2944400
21021,2808500
21022,3095200
21023,3187800
21024,2876400
21025,2906600
21026,2914500
21027,2926700
21028,3631200
21029,2602800
21030,3140000
21031,2753800
21032,2937300
21033,3160900
21034,2973700
21035,2843100
21036,2899600
21037,2853900
21038,2927100
21039,3093800
21040,3056000
21041,2831700
21042,2816800
21043,2809000
21044,3300600
21045,2909200
21046,2787800
21047,2844800
21048,2824200
21049,2772000
21050,3344900
21051,3251100
21052,2979200
21053,2714700
21054,2905200
21055,2837900
21056,3021400
21057,3085500
21058,2767900
21059,2799400
21060,2857200
21061,2903700
21062,3218200
21063,2777400
21064,2874400
21065,2763100
21066,2930000
21067,3048300
21068,2998500
21069,3065700
21070,2753200
21071,2935100
21072,2690400
21073,2974200
21074,3255500
21075,2676300
21076,2867800
21077,3099500
21078,2747600
21079,3290800
21080,2552300
21081,2804300
21082,2985900
21083,2696100
21084,2857500
21085,3634000
21086,2658800
21087,2985400
21088,2693200
21089,2872300
21090,3203200
21091,3183000
21092,2758700
21093,2812000
21094,2911800
21095,2801200
21096,3417500
21097,2770600
21098,2863900
21099,2843500
21100,2812600
21101,3084300
21102,3197400
21103,2925200
21104,2705700
21105,2907300
21106,2777300
21107,3258700
21108,3361900
21109,2787100
21110,2899200
21111,2833000
21112,2919800
21113,3389300
21114,2843200
21115,2828000
21116,2804800
21117,2904700
21118,3164500
21119,3233400
21120,2704100
21121,2880900
21122,2856200
21123,2871300
21124,3477900
21125,3230800
21126,2772500
21127,2934800
21128,2796300
21129,3102200
21130,3247500
21131,2775100
21132,2869300
21133,2863100
21134,2836300
21135,3147100
21136,3070100
21137,2904600
21138,2765100
21139,2972500
21140,2929000
21141,3385800
21142,2721400
21143,2910000
21144,2788900
21145,3262000
21146,2755000
21147,3498600
21148,2718500
21149,2836800
21150,3203600
21151,2665100
21152,3077400
21153,3091400
21154,2800100
21155,2806500
21156,3076700
21157,2694400
21158,3652300
21159,2706800
21160,2903000
21161,3116600
21162,2730000
21163,3046100
21164,3346400
21165,2637700
21166,2929100
21167,2803100
21168,2794900
21169,3379700
21170,2833800
21171,2768900
21172,3152600
21173,2827700
21174,3221800
21175,2593800
21176,3273600
21177,2764900
21178,2783500
21179,2778700
21180,2906100
21181,3237200
21182,2972300
21183,2826400
21184,2719200
21185,2839200
21186,2980700
21187,3317400
21188,2744900
21189,2781300
21190,2735000
21191,2889900
21192,3500900
21193,2899600
21194,2746800
21195,2820400
21196,2987300
21197,2864700
21198,3585000
21199,2684200
21200,2725900
21201,2835100
21202,2906000
21203,3175600
21204,3426300
21205,2685700
21206,2824900
21207,2902500
21208,2938500
21209,3669400
21210,2525100
21211,2821400
21212,2847500
21213,2879000
21214,3234700
21215,3073900
21216,2726200
21217,2921800
21218,3378400
21219,2333500
21220,3149000
21221,3204500
21222,2772900
21223,2834500
21224,3193400
21225,3481500
21226,2818500
21227,2718500
21228,2929500
21229,2786100
21230,3202500
21231,2916000
21232,3219800
21233,2748700
21234,2919200
21235,2820500
21236,2930900
21237,3415000
21238,2659000
21239,2858900
21240,2875500
21241,3029800
21242,2997500
21243,3119500
21244,2810200
21245,2763400
21246,3313200
21247,2686400
21248,2895700
21249,3315000
21250,2763700
21251,2809300
21252,3167500
21253,3290700
21254,3092200
21255,2445900
21256,2762700
21257,2909700
21258,2778600
21259,3072200
21260,3174300
21261,2702000
21262,2779200
21263,3304400
21264,2676000
21265,3302100
21266,3097800
21267,2773900
21268,3050400
21269,2654300
21270,3031800
21271,3263700
21272,2655100
21273,2862800
21274,2821700
21275,2805700
21276,3127900
21277,3398400
21278,2592600
21279,2863100
21280,3064500
21281,2843100
21282,2946400
21283,3239500
21284,2745600
21285,2877200
21286,2745000
21287,2971600
21288,3251900
21289,2818700
21290,2850600
21291,2754300
21292,2827900
21293,2967900
21294,3163100
21295,2979900
21296,2674400
21297,2918700
21298,2719800
21299,3168100
21300,3372700
21301,2609300
21302,3097500
21303,2745500
21304,2935300
21305,3493200
21306,2896600
21307,2711200
21308,2848900
21309,2880600
21310,2963500
21311,3423400
21312,2596300
21313,2887800
21314,2837200
21315,2881000
21316,3705400
21317,2778400
21318,2685500
21319,3098500
21320,2896000
21321,3305100
21322,3076700
21323,2792100
21324,2789000
21325,2893900
21326,2912100
21327,3486800
21328,2753400
21329,2972100
21330,2750000
21331,2992000
21332,3354100
21333,2567700
21334,3275400
21335,2867400
21336,3188300
21337,3101200
21338,3148500
21339,3153500
21340,2898200
21341,2911500
21342,3084000
21343,2871300
21344,3389400
21345,2915700
21346,2888500
21347,3102300
21348,2788200
21349,3071100
21350,3310600
21351,2857900
21352,3069200
21353,2894000
21354,2848200
21355,3598600
21356,2668100
21357,3159200
21358,2971300
21359,2774800
21360,3075300
21361,3265900
21362,2842400
21363,3060400
21364,2689800
21365,3041900
21366,3059600
21367,3051000
21368,2904200
21369,2789000
21370,2949400
21371,3126800
21372,3126700
21373,2792200
21374,3146000
21375,2886600
21376,2768600
21377,3164400
21378,3403100
21379,2746200
21380,2755100
21381,2780400
21382,3132800
21383,3159400
21384,2989100
21385,2595200
21386,2837600
21387,2764200
21388,3093300
21389,3233500
21390,2711600
21391,2775400
21392,3319700
21393,2607600
21394,2969400
21395,3269500
21396,2701400
21397,2788800
21398,2841900
21399,2880400
21400,3331800
21401,2826600
21402,2734000
21403,2777200
21404,2842600
21405,3030300
21406,3338900
21407,2549600
21408,2757200
21409,2859200
21410,2781400
21411,3103700
21412,3635400
21413,2498300
21414,2998600
21415,2569500
21416,2833700
21417,3242800
21418,3138500
21419,2671000
21420,2829000
21421,2829800
21422,3319700
21423,2957500
21424,2803200
21425,2770200
21426,2866800
21427,2788400
21428,3174600
21429,3084300
21430,2747600
21431,3125700
21432,2791500
21433,2939800
21434,2867900
21435,3301100
21436,2714800
21437,2856800
21438,2762400
21439,3242600
21440,3067900
21441,2681800
21442,2841900
21443,2902300
21444,2852400
21445,3039700
21446,3164700
21447,2744000
21448,3049500
21449,3088900
21450,2673900
21451,3631900
21452,2661400
21453,2938600
21454,2897400
21455,2762600
21456,3114500
21457,3135400
21458,2707600
21459,3132200
21460,2676700
21461,2791700
21462,3037900
21463,3092200
21464,2836700
21465,2888800
21466,2842100
21467,2803400
21468,3114200
21469,3145400
21470,3325500
21471,2507500
21472,2849700
21473,3074000
21474,3283500
21475,2881100
21476,2628500
21477,2913100
21478,2819700
21479,2900800
21480,3331900
21481,2787300
21482,2821500
21483,2815100
21484,2984400
21485,3061100
21486,3193400
21487,3047800
21488,2728500
21489,2857100
21490,2998200
21491,3591800
21492,2724800
21493,2732200
21494,2881900
21495,2860100
21496,3001200
21497,3290200
21498,2611500
21499,2935300
21500,2761200
21501,3129600
21502,3101300
21503,3056300
21504,2939700
21505,2822600
21506,2896800
21507,3127900
21508,3029000
21509,2735500
21510,2911500
21511,2824100
21512,3170700
21513,2864200
21514,3360600
21515,2766800
21516,2726900
21517,2930300
21518,2775900
21519,3308300
21520,2755900
21521,2897000
21522,2846200
21523,2949200
21524,2849000
21525,3541700
21526,2724400
21527,2769700
21528,3106000
21529,2640300
21530,2927200
21531,3167200
21532,2857800
21533,2956200
21534,2868100
21535,2791200
21536,3420100
21537,2705300
21538,2898000
21539,3176400
21540,2592100
21541,3040900
21542,3186200
21543,2992800
21544,3022300
21545,2711900
21546,2869000
21547,3066900
21548,3245500
21549,2775800
21550,2898400
21551,2734200
21552,2972800
21553,3307700
21554,2749200
21555,2985800
21556,2781800
21557,3253300
21558,2681600
21559,3249000
21560,3012400
21561,2598500
21562,2926200
21563,3173600
21564,3756200
21565,3257300
21566,4697300
21567,3081800
21568,1907500
21569,2202600
21570,3273000
21571,2736700
21572,2775100
21573,2865800
21574,3190600
21575,3131300
21576,2706700
21577,2913800
21578,2809300
21579,2836900
21580,3265400
21581,3065200
21582,3058600
21583,2767200
21584,2923400
21585,2935600
21586,3312500
21587,2668200
21588,2905800
21589,2829500
21590,2917500
21591,2837200
21592,3118900
21593,3020200
21594,2787100
21595,3224400
21596,2735300
21597,3275600
21598,3224700
21599,2828400
21600,2740600
21601,2860700
21602,2811300
21603,2967800
21604,3335400
21605,2708600
21606,3038300
21607,2691400
21608,3056500
21609,3231200
21610,2658500
21611,2952500
21612,2810000
21613,2743300
21614,2880100
21615,3563100
21616,2662000
21617,2986500
21618,2731400
21619,2810300
21620,3434700
21621,3203100
21622,2803900
21623,2695500
21624,2838100
21625,2959600
21626,3401400
21627,2929700
21628,2612900
21629,2840800
21630,2847800
21631,2974900
21632,3228600
21633,2841700
21634,2784600
21635,2837600
21636,2872600
21637,3452200
21638,3347000
21639,2807700
21640,2803100
21641,2860900
21642,3167500
21643,3182500
21644,2738300
21645,2868500
21646,2955100
21647,2726100
21648,3107000
21649,3191500
21650,2858400
21651,2877500
21652,2961200
21653,2953000
21654,3411500
21655,2985200
21656,2882200
21657,2884600
21658,2940000
21659,3337300
21660,3054300
21661,2814900
21662,2871200
21663,3008200
21664,3067100
21665,3163900
21666,2849200
21667,2914200
21668,2928600
21669,3153200
21670,2749200
21671,3535700
21672,2865000
21673,2971400
21674,2941000
21675,3077800
21676,3069100
21677,3309800
21678,2836700
21679,3163000
21680,2731000
21681,3074400
21682,3249800
21683,2953200
21684,2978600
21685,2969100
21686,2798500
21687,3450000
21688,2865000
21689,3006100
21690,2944000
21691,2834200
21692,3177200
21693,3316600
21694,2782000
21695,3108800
21696,2743000
21697,2882700
21698,3374400
21699,2856100
21700,2855200
21701,3116800
21702,2711800
21703,3066900
21704,3370900
21705,2720500
21706,3086400
21707,2704600
21708,2871100
21709,3192000
21710,3536900
21711,2910000
21712,2863200
21713,2806200
21714,2934200
21715,3337900
21716,2950000
21717,2731800
21718,2851900
21719,2825900
21720,2948200
21721,3257800
21722,2949500
21723,2662400
21724,2887600
21725,2755500
21726,3003800
21727,3283900
21728,2805700
21729,2790900
21730,2833500
21731,2974200
21732,3288400
21733,2758900
21734,2737600
21735,2763900
21736,3186200
21737,2874200
21738,3402200
21739,2636600
21740,2802200
21741,2794800
21742,2888200
21743,2952000
21744,3176000
21745,2693400
21746,2865300
21747,2763800
21748,3323500
21749,3005200
21750,3267600
21751,2469200
21752,2736500
21753,3313000
21754,2751800
21755,3134200
21756,2776200
21757,2761400
21758,2914100
21759,2896200
21760,2880500
21761,3296500
21762,2690700
21763,2850700
21764,2994800
21765,2704900
21766,3362000
21767,2821200
21768,2739300
21769,2876700
21770,2922200
21771,2948700
21772,3322600
21773,2765500
21774,2759700
21775,3290500
21776,2729800
21777,2924000
21778,3312200
21779,2763100
21780,3142800
21781,2588600
21782,2897700
21783,3547200
21784,2677400
21785,2891100
21786,2892900
21787,2863900
21788,3323000
21789,2979100
21790,2741500
21791,3008500
21792,3113900
21793,2758300
21794,3001500
21795,3342800
21796,2999300
21797,2665200
21798,2835800
21799,3024200
21800,3209000
21801,2842700
21802,2874700
21803,2808400
21804,2965300
21805,3090900
21806,3100800
21807,2920300
21808,2786400
21809,3145100
21810,2900400
21811,3342400
21812,2988600
21813,2797800
21814,2903600
21815,2931900
21816,3059500
21817,3277000
21818,2750100
21819,3190000
21820,3163900
21821,2220400
21822,3257000
21823,3320400
21824,2597300
21825,2952600
21826,2932600
21827,3033500
21828,3276100
21829,2875500
21830,3014100
21831,2630800
21832,2806400
21833,3293300
21834,3024000
21835,2806800
21836,2752600
21837,2955100
21838,2794700
21839,3129100
21840,3304700
21841,2733800
21842,2921000
21843,2835900
21844,3717500
21845,3111500
21846,2512000
21847,2580100
21848,3114300
21849,3005300
21850,2834300
21851,3234500
21852,2701000
21853,2824500
21854,2841300
21855,3581100
21856,3047300
21857,3366500
21858,2939400
21859,2608300
21860,3057000
21861,2594900
21862,3008000
21863,2705500
21864,2733200
21865,3142100
21866,2912800
21867,2714300
21868,3588500
21869,2361000
21870,2880100
21871,3039500
21872,2827500
21873,2899600
21874,3007700
21875,2848000
21876,2848900
21877,2903600
21878,2874400
21879,2990900
21880,2783700
21881,3214600
21882,2586000
21883,2973800
21884,2904100
21885,3178600
21886,2821900
21887,2857500
21888,2824800
21889,2810800
21890,3046400
21891,3073000
21892,3063800
21893,2665700
21894,2862900
21895,3245700
21896,3178700
21897,2848600
21898,2799400
21899,2818800
21900,2790900
21901,3185600
21902,2991200
21903,2931400
21904,3067300
21905,2837100
21906,2830100
21907,3378000
21908,2920800
21909,2852400
21910,2792400
21911,2889500
21912,3053400
21913,3295700
21914,2730900
21915,2851400
21916,2844200
21917,3092100
21918,3152200
21919,3148000
21920,2898000
21921,2815000
21922,2897600
21923,2877600
21924,2971100
21925,3222100
21926,2837300
21927,2929300
21928,2752900
21929,3095900
21930,3199700
21931,2843400
21932,2821400
21933,2866400
21934,2960500
21935,3239800
21936,3084600
21937,2830800
21938,2858200
21939,3190300
21940,3037900
21941,3141900
21942,2817600
21943,2914100
21944,3094600
21945,2605900
21946,3016800
21947,3198200
21948,2801200
21949,2848400
21950,3685900
21951,2713300
21952,3006000
21953,2829200
21954,2778000
21955,3069200
21956,3049000
21957,3038900
21958,3180000
21959,2733100
21960,3060400
21961,2656700
21962,2859900
21963,3182600
21964,3072600
21965,3074100
21966,2675600
21967,2784100
21968,2920300
21969,3559600
21970,2809600
21971,2806100
21972,2820900
21973,2990600
21974,3007500
21975,3175800
21976,2769100
21977,3024200
21978,2941700
21979,2785800
21980,3401500
21981,2766600
21982,2843400
21983,2788900
21984,2825100
21985,2955100
21986,3457900
21987,2844300
21988,2662000
21989,2837900
