idx,delta_ns
0,1883200
1,1908700
2,1916600
3,1972000
4,1720800
5,1954100
6,1881800
7,1793600
8,1886500
9,1999900
10,1782200
11,1916400
12,2042800
13,1878300
14,1933700
15,1848800
16,1800100
17,1969900
18,1924900
19,2018800
20,2153100
21,1953700
22,1773000
23,1787200
24,1739900
25,1818300
26,1929100
27,1832000
28,1601900
29,1917200
30,1966800
31,1692600
32,1687700
33,1671900
34,1903000
35,1879100
36,1783700
37,1809800
38,1955400
39,1851800
40,1687000
41,1678000
42,1655000
43,1922200
44,1930600
45,1904200
46,1756200
47,2110700
48,1991600
49,1793600
50,1685000
51,1874200
52,1842100
53,1848300
54,1753300
55,1698000
56,1958500
57,1989200
58,1809800
59,1699200
60,1935500
61,1887600
62,1745600
63,1661700
64,1790200
65,1715900
66,2071800
67,1776700
68,1849300
69,2096900
70,1700900
71,1613300
72,1726200
73,1651800
74,1738800
75,1865900
76,1754700
77,1782500
78,1945900
79,1743600
80,1679700
81,1746100
82,1709300
83,1652900
84,1892000
85,1988300
86,1965500
87,2127000
88,2136400
89,2368000
90,2467500
91,2057700
92,2326700
93,2134100
94,2004000
95,2003800
96,1940300
97,1841900
98,1876500
99,1940100
100,2058000
101,2498700
102,2387700
103,2753000
104,2377000
105,2379600
106,2150300
107,2138400
108,2375400
109,2045700
110,1881400
111,1865200
112,1730400
113,1799300
114,1684500
115,1721300
116,2012700
117,2112100
118,1737600
119,1741900
120,1707300
121,1646800
122,1628100
123,1690100
124,1715200
125,2043500
126,2038500
127,1857300
128,1779200
129,1755800
130,1687900
131,1765300
132,1712300
133,1695700
134,1889500
135,2040800
136,1818000
137,1729600
138,1719500
139,1706300
140,1630600
141,1694000
142,1946400
143,1817800
144,2053400
145,1820300
146,1676500
147,1694800
148,1653800
149,1650000
150,1689900
151,1802300
152,1887700
153,1880400
154,2028500
155,1790100
156,1726300
157,1709300
158,1761100
159,1672300
160,1854000
161,1754100
162,1716100
163,1994800
164,1739600
165,1735600
166,1676300
167,1787800
168,1635000
169,1843000
170,1840400
171,1712700
172,2006900
173,2041400
174,1828300
175,1694500
176,1746000
177,1651500
178,1863600
179,1847100
180,1767500
181,1847800
182,2011700
183,1776700
184,1707200
185,1700100
186,1751300
187,1830200
188,1775700
189,1665000
190,1731900
191,2062500
192,1712900
193,1671100
194,1710200
195,1612200
196,1747900
197,1789800
198,1746800
199,1636600
200,1893800
201,1773300
202,1719500
203,1737000
204,1642200
205,1871400
206,1845700
207,1742600
208,1712700
209,1842700
210,1841100
211,1819100
212,1684300
213,1635800
214,1924700
215,1743400
216,1813200
217,1670400
218,1646100
219,1903500
220,1785900
221,1765800
222,1668700
223,1817400
224,1766900
225,1662600
226,1661700
227,1653100
228,1736900
229,1926800
230,1745300
231,1704100
232,1896200
233,1724900
234,1734700
235,1704500
236,1756200
237,1743600
238,1881500
239,1772900
240,1651200
241,1875400
242,1699300
243,1701300
244,1730700
245,1685800
246,1630900
247,1777700
248,1993500
249,2017500
250,1953200
251,1719200
252,1718600
253,1650500
254,1797600
255,1710400
256,1687800
257,2023800
258,1995100
259,2019200
260,1714600
261,1721300
262,1702300
263,1735200
264,1751900
265,1727300
266,1810400
267,2066600
268,1824500
269,1723100
270,1682500
271,1733700
272,1703200
273,1654700
274,1647600
275,1784800
276,1971100
277,1806400
278,1735700
279,1682500
280,1797800
281,1695100
282,1794900
283,1605200
284,1603500
285,2168200
286,1870300
287,1771400
288,1683100
289,1713400
290,1703200
291,1732400
292,1673300
293,1711000
294,1912800
295,1893900
296,1734000
297,1671300
298,1744100
299,1707100
300,1669800
301,1827500
302,1687200
303,1827600
304,2256600
305,1817100
306,1764600
307,1692300
308,1679400
309,1696500
310,1784800
311,1937000
312,1868200
313,2072600
314,1762700
315,1681100
316,1686000
317,1676100
318,1691900
319,1710900
320,1941500
321,1795900
322,1763500
323,2033100
324,1786900
325,1695500
326,1623600
327,1823000
328,1687800
329,1867200
330,1812000
331,1979700
332,2116500
333,1751700
334,1693400
335,1708500
336,1746500
337,1729700
338,1813800
339,1755500
340,1744800
341,1902100
342,1772500
343,1710600
344,1707600
345,1687300
346,1661900
347,1851100
348,2169800
349,1839100
350,2044000
351,1861400
352,1766200
353,1773200
354,1756700
355,1691700
356,2065100
357,1895500
358,1765200
359,2324200
360,1875000
361,1844900
362,1688700
363,1683600
364,1765400
365,1862000
366,1742200
367,1785400
368,1961800
369,1758400
370,1713800
371,1673800
372,1753300
373,1862600
374,1846500
375,1680600
376,1700000
377,1838200
378,1896400
379,1808900
380,1676200
381,1699900
382,1786700
383,1832700
384,1776200
385,1671400
386,1662800
387,1801700
388,1798400
389,1758100
390,1619000
391,1835600
392,1776300
393,1720100
394,1698800
395,1667300
396,1699900
397,2078800
398,1789700
399,1791800
400,1743400
401,1823800
402,1664900
403,1780300
404,1628400
405,1826100
406,2005500
407,1820000
408,1698800
409,1873100
410,1814200
411,1760100
412,1723600
413,1690200
414,1634400
415,1881900
416,1769200
417,1775100
418,1854500
419,1740600
420,1774300
421,1681300
422,1789200
423,1666000
424,1731400
425,2159900
426,1773600
427,1887600
428,1742300
429,1714600
430,1669700
431,1751200
432,1740800
433,1649000
434,1818700
435,1773300
436,1847300
437,1845800
438,1686200
439,1742500
440,1744500
441,1749500
442,1681200
443,1821200
444,1856200
445,1894800
446,1748800
447,1795900
448,1667300
449,1610100
450,1777300
451,1743500
452,1745800
453,2176000
454,1971100
455,1970500
456,1874600
457,1773400
458,1701700
459,1821900
460,1707600
461,1687500
462,2280000
463,2235800
464,1954000
465,1823700
466,1713100
467,1743700
468,1652900
469,1665800
470,1782000
471,2072400
472,1786100
473,1757700
474,1613300
475,1682300
476,1691000
477,1796300
478,1713800
479,1693500
480,1951200
481,1958600
482,1730500
483,1727400
484,1690600
485,1729200
486,1670100
487,1735100
488,1738600
489,1854800
490,2139500
491,1753700
492,1708400
493,1707100
494,1696700
495,1653100
496,1723400
497,1727400
498,1836300
499,1926600
500,1755800
501,1701700
502,1708300
503,1648300
504,1678000
505,1723900
506,1694700
507,1818100
508,1744700
509,2050200
510,1733500
511,1724700
512,1677700
513,1664700
514,1644400
515,1651000
516,1913600
517,1795100
518,2425800
519,1818500
520,1710000
521,1630500
522,1667500
523,1709000
524,1896500
525,1704100
526,1706000
527,1797800
528,1818700
529,1793400
530,1677000
531,1669200
532,1729200
533,1812200
534,2205900
535,2045200
536,2050800
537,2419400
538,1927200
539,1723800
540,1667900
541,1865900
542,1866100
543,1840500
544,1701800
545,1877900
546,1968200
547,1749000
548,1734000
549,1649100
550,2227500
551,1931900
552,1761600
553,1713600
554,1726900
555,1746800
556,1721700
557,1715800
558,1652300
559,1771100
560,1762800
561,1800700
562,1591000
563,1787200
564,1901200
565,1792100
566,1713700
567,1889600
568,1760400
569,1737400
570,1683900
571,1687300
572,1777300
573,1959300
574,1793500
575,1756000
576,1880600
577,1904200
578,1817900
579,1820600
580,1817900
581,1770900
582,2034500
583,2143900
584,1961600
585,1869100
586,1905500
587,1892000
588,1838200
589,1745500
590,1825100
591,1972100
592,2109400
593,2067700
594,1934300
595,1831000
596,1825600
597,1927900
598,1842900
599,1902700
600,2513800
601,2031500
602,1844400
603,1816800
604,1819700
605,1831500
606,1759200
607,1775500
608,2141600
609,2392200
610,2182900
611,1880600
612,1814300
613,1793400
614,2043500
615,1806500
616,1946500
617,2280800
618,2036500
619,1879900
620,1859800
621,1823700
622,1806000
623,1931900
624,1915100
625,2426000
626,2061500
627,1856000
628,1824200
629,1782100
630,1807500
631,1861900
632,1902300
633,2193700
634,2354900
635,1932700
636,1801500
637,1885700
638,1760800
639,1817000
640,1768900
641,2129600
642,2883800
643,2643400
644,2430600
645,2206200
646,2065900
647,2201600
648,2162500
649,2316000
650,2184600
651,2093300
652,2029000
653,1987800
654,1943400
655,2144400
656,2152100
657,2312200
658,2107200
659,2056800
660,1994500
661,2092700
662,1915500
663,2447700
664,2306900
665,3362500
666,2470400
667,2092200
668,1963800
669,2134500
670,2084900
671,1991200
672,2325500
673,2043100
674,1937900
675,1816400
676,1850000
677,2247100
678,2269400
679,1928500
680,2092000
681,2057000
682,1934700
683,1860700
684,1838500
685,2043200
686,2002100
687,1837500
688,1789800
689,2451800
690,2082400
691,1955900
692,1859300
693,2017600
694,1974100
695,1843600
696,1924300
697,2150600
698,2102800
699,1877400
700,2055500
701,1917000
702,1885400
703,1879500
704,1842600
705,1928800
706,2226300
707,1955800
708,1915000
709,2164400
710,1931800
711,1846000
712,1906300
713,1825600
714,2073800
715,2177800
716,2461700
717,2166300
718,1872700
719,2210600
720,2934700
721,2524200
722,2438300
723,4192700
724,3638900
725,2041700
726,1753400
727,1765900
728,2116000
729,1873700
730,1804300
731,1784100
732,1708700
733,1797400
734,1815700
735,1636900
736,1702400
737,2005200
738,1874000
739,1823400
740,1715800
741,1660800
742,1754400
743,1786300
744,1855900
745,1729300
746,2090600
747,1894900
748,1875700
749,1789300
750,1688800
751,1770100
752,1712200
753,1755100
754,1637100
755,1946700
756,1879100
757,1745200
758,1670300
759,1735800
760,1664800
761,1752000
762,1716300
763,1684400
764,1806200
765,1995300
766,1871500
767,1692400
768,1724700
769,1645300
770,1694100
771,1900800
772,1684400
773,1868200
774,1945300
775,1825200
776,1693300
777,1752100
778,1646800
779,1712400
780,1734200
781,1721500
782,1845900
783,1793000
784,2046200
785,1823800
786,1677500
787,1690700
788,1597600
789,1639300
790,2151000
791,1944000
792,1895900
793,1942400
794,1779500
795,1706100
796,1784600
797,1706700
798,1780500
799,1861000
800,1740000
801,1746000
802,1815300
803,1854900
804,1667700
805,1669900
806,1671200
807,1678800
808,1793700
809,1761400
810,1688000
811,1720600
812,2005100
813,1840700
814,1729000
815,1604800
816,1767900
817,1736100
818,1693700
819,1702100
820,1698200
821,1849800
822,1806000
823,1732500
824,1749100
825,1704000
826,1805800
827,1787000
828,1724500
829,1638300
830,1762900
831,1955800
832,1816400
833,1764000
834,1716100
835,2060600
836,1816500
837,1934300
838,1876600
839,1829200
840,2275900
841,1928000
842,1852100
843,1880300
844,1947300
845,1763000
846,1834600
847,1794800
848,1893800
849,2057600
850,1784500
851,1984800
852,1913200
853,1732500
854,1831800
855,1812100
856,1816400
857,2096700
858,1898400
859,1832900
860,1928200
861,1921900
862,1803400
863,1756700
864,1761900
865,1917600
866,2048800
867,2189300
868,2023100
869,1955800
870,1887100
871,1785700
872,1830000
873,1916500
874,1761100
875,2006700
876,2093200
877,1893000
878,1845900
879,1815500
880,1776900
881,1917200
882,1874600
883,1912100
884,2031100
885,2178200
886,2174200
887,1856900
888,1849600
889,1873100
890,1783300
891,1817400
892,2061200
893,2199900
894,1845200
895,1817800
896,1834300
897,1758200
898,1744400
899,1604900
900,1665500
901,2038500
902,2262100
903,1769500
904,1705400
905,1760200
906,1744700
907,1654200
908,1700200
909,1716800
910,2029200
911,2037200
912,1809200
913,1615200
914,1696300
915,1764200
916,1666600
917,1687600
918,1689700
919,1912400
920,2085500
921,1770800
922,1744600
923,1658000
924,1616200
925,1690500
926,1723200
927,1647400
928,1870500
929,2231800
930,1925800
931,1761800
932,1754300
933,1690400
934,1589700
935,1638500
936,1663800
937,1845200
938,1951100
939,1891100
940,1697000
941,1618500
942,1616100
943,1659600
944,1687300
945,1832900
946,1849200
947,1687000
948,1957000
949,1841300
950,1723000
951,1660300
952,1679400
953,1646200
954,1592300
955,1870300
956,1672800
957,1675800
958,2108900
959,1752300
960,1700900
961,1641700
962,1922100
963,1851200
964,2192200
965,1809400
966,1801400
967,2036300
968,1707800
969,1649200
970,1742400
971,1663900
972,1808500
973,1869600
974,1693600
975,1619700
976,1849500
977,1797000
978,1803600
979,1698100
980,1779200
981,1708700
982,1730700
983,1701400
984,1715800
985,1735100
986,1879600
987,1715200
988,1705400
989,1747700
990,1779100
991,1793100
992,1773200
993,1732600
994,1640500
995,2044100
996,1781200
997,1761800
998,1624100
999,1686300
1000,2034800
1001,2013400
1002,1774100
1003,1658200
1004,1848300
1005,1820100
1006,1775900
1007,1770500
1008,1693900
1009,1709000
1010,1644500
1011,1815800
1012,1586800
1013,1762800
1014,2006800
1015,1743900
1016,1761000
1017,1666500
1018,1765200
1019,1655500
1020,1648000
1021,1629200
1022,1769900
1023,1919900
1024,2211900
1025,1836700
1026,1721000
1027,1752600
1028,1768200
1029,1702200
1030,1693300
1031,1722400
1032,1727700
1033,1936500
1034,1766900
1035,1692000
1036,1834800
1037,1726900
1038,1739300
1039,1728300
1040,1748400
1041,1717500
1042,2174100
1043,1775100
1044,1813800
1045,1802800
1046,1674900
1047,1658300
1048,1636300
1049,1632900
1050,1610800
1051,1835200
1052,1805800
1053,2172700
1054,2066700
1055,1886500
1056,1790000
1057,1763600
1058,1688300
1059,1707300
1060,1769800
1061,2219100
1062,1749900
1063,1707900
1064,1712700
1065,1713700
1066,1723600
1067,1799500
1068,1694300
1069,1666100
1070,1789900
1071,2245400
1072,2106800
1073,1920100
1074,2056400
1075,1926100
1076,1818600
1077,1802400
1078,1780500
1079,2241600
1080,1805900
1081,1776400
1082,1634100
1083,1735800
1084,1761000
1085,1740600
1086,1696300
1087,1592700
1088,2307400
1089,1929400
1090,1699900
1091,1628100
1092,1687800
1093,1698400
1094,1815800
1095,1681500
1096,1781200
1097,2091200
1098,1772800
1099,1735000
1100,1784000
1101,1628900
1102,1638200
1103,1728400
1104,1700200
1105,1775300
1106,1910300
1107,1930500
1108,1797100
1109,1623400
1110,1564000
1111,1742400
1112,1707800
1113,1610900
1114,1850300
1115,1731000
1116,2048100
1117,1806600
1118,1811800
1119,1781600
1120,1753900
1121,1684700
1122,1980400
1123,1746000
1124,1614300
1125,1786700
1126,2166100
1127,1732100
1128,1725000
1129,1666700
1130,1728000
1131,1866600
1132,1969300
1133,1789500
1134,1948100
1135,2384800
1136,1698100
1137,1703600
1138,1723900
1139,1728200
1140,1787300
1141,1716600
1142,1729400
1143,1644300
1144,1790300
1145,1724600
1146,1668500
1147,1718500
1148,1762600
1149,1855800
1150,1819200
1151,1725500
1152,1659400
1153,2154900
1154,2098200
1155,1763300
1156,1795700
1157,2004000
1158,1832500
1159,1764800
1160,1802400
1161,1745600
1162,1941700
1163,1760800
1164,1706300
1165,1708600
1166,1865100
1167,1737300
1168,1744400
1169,1706600
1170,1673100
1171,1859200
1172,2119100
1173,1817600
1174,1762400
1175,1834100
1176,1727500
1177,1755900
1178,1684600
1179,1593700
1180,1654600
1181,1806800
1182,1784700
1183,1693000
1184,2039700
1185,2029900
1186,2179200
1187,2787300
1188,2293200
1189,2597100
1190,2129100
1191,2080300
1192,1869900
1193,1895700
1194,1790500
1195,1802500
1196,1805100
1197,2091500
1198,2465700
1199,2155600
1200,2058700
1201,1915600
1202,1949300
1203,1887200
1204,1848500
1205,2135000
1206,2625400
1207,2000600
1208,1848800
1209,1795500
1210,1783100
1211,1704900
1212,1737200
1213,1727800
1214,1901500
1215,2276000
1216,2019100
1217,2396300
1218,2185000
1219,1932200
1220,1763300
1221,1758300
1222,2137500
1223,2131900
1224,1763100
1225,1721500
1226,1758700
1227,1665600
1228,1655700
1229,1623500
1230,1747700
1231,1848500
1232,2079500
1233,1840400
1234,1750600
1235,1743400
1236,1677100
1237,1657000
1238,1678900
1239,1922800
1240,1809100
1241,2090000
1242,1801500
1243,1774700
1244,1745600
1245,1763400
1246,1667400
1247,1721700
1248,1734300
1249,1696000
1250,1837500
1251,1770900
1252,1689000
1253,1685700
1254,1656800
1255,1641400
1256,1717700
1257,1753900
1258,1739100
1259,1842300
1260,1984800
1261,1781400
1262,1783700
1263,1783200
1264,1592700
1265,1722900
1266,1756300
1267,1931200
1268,1786000
1269,2352500
1270,2030700
1271,1854800
1272,1737800
1273,1791400
1274,1686700
1275,1869300
1276,1757200
1277,1721200
1278,1858600
1279,1929800
1280,1723600
1281,1732500
1282,1665500
1283,1814700
1284,2041000
1285,1759100
1286,1643500
1287,1900700
1288,1935400
1289,1777000
1290,1719900
1291,1681600
1292,1919000
1293,1681600
1294,1855300
1295,1673300
1296,1821400
1297,2234400
1298,1847600
1299,1846200
1300,1670000
1301,1796300
1302,1847000
1303,1664400
1304,1725900
1305,1659800
1306,1970000
1307,1730300
1308,1791400
1309,1679300
1310,1790000
1311,1657100
1312,1697300
1313,1814900
1314,1653900
1315,1734900
1316,2002500
1317,1718700
1318,1845900
1319,1860000
1320,1670600
1321,1711500
1322,1718200
1323,1676700
1324,1837600
1325,1950500
1326,1822400
1327,1690200
1328,1955500
1329,1824900
1330,1780800
1331,1772000
1332,1698300
1333,1637100
1334,2013700
1335,1844100
1336,1657400
1337,1832400
1338,1807900
1339,1693800
1340,1679000
1341,1750600
1342,1681300
1343,1889700
1344,1821300
1345,1731600
1346,1935400
1347,1807300
1348,1727300
1349,1723700
1350,1674400
1351,1802900
1352,1612700
1353,1932500
1354,1946100
1355,1709900
1356,1725000
1357,1754600
1358,1735600
1359,1713200
1360,1689400
1361,1700900
1362,1905100
1363,2094000
1364,1825100
1365,1768700
1366,1702300
1367,1690400
1368,1768500
1369,1701700
1370,1681000
1371,1654400
1372,2209400
1373,1870000
1374,1685200
1375,1704200
1376,1631400
1377,1720600
1378,1766700
1379,1624200
1380,1728300
1381,2005700
1382,1871700
1383,1689000
1384,1673900
1385,1643100
1386,1742300
1387,1702000
1388,1707100
1389,1759800
1390,1958100
1391,2012100
1392,1792900
1393,1657400
1394,1730100
1395,1743800
1396,1646600
1397,1778000
1398,1620200
1399,1723500
1400,1921100
1401,1730700
1402,1718500
1403,1695100
1404,1716300
1405,1707500
1406,1787800
1407,1674500
1408,1781100
1409,1717700
1410,2025400
1411,1864600
1412,1672600
1413,1686900
1414,1700000
1415,1736500
1416,1828000
1417,1981500
1418,1828000
1419,2066200
1420,1751000
1421,1687700
1422,1783000
1423,1692700
1424,1702100
1425,1730100
1426,1673400
1427,1647800
1428,1818500
1429,1818500
1430,1660600
1431,1749300
1432,1766700
1433,1606700
1434,1656700
1435,1832900
1436,1790600
1437,1706400
1438,2233900
1439,1893700
1440,1815700
1441,1633500
1442,1692300
1443,1925600
1444,2063400
1445,1863000
1446,1874100
1447,2195200
1448,1892500
1449,1810200
1450,1777400
1451,1943300
1452,2012200
1453,1828000
1454,1824100
1455,1866700
1456,1873300
1457,1785000
1458,1782400
1459,1674000
1460,1794000
1461,1706000
1462,1728600
1463,1707400
1464,1712400
1465,1893500
1466,1887800
1467,1719800
1468,1753700
1469,1792900
1470,1766100
1471,1778200
1472,1674600
1473,1651000
1474,1773000
1475,2033700
1476,1708700
1477,1700900
1478,1778200
1479,1696500
1480,1706100
1481,1704900
1482,1727500
1483,1641800
1484,1848000
1485,1758400
1486,1669600
1487,1742400
1488,1934300
1489,1729300
1490,1856700
1491,1697100
1492,1644400
1493,1958100
1494,2044300
1495,1775800
1496,1954600
1497,1821000
1498,1693100
1499,1648900
1500,1727100
1501,1821300
1502,1656900
1503,1870300
1504,1841000
1505,1973300
1506,1839100
1507,1696200
1508,1687800
1509,1759500
1510,1693300
1511,1616200
1512,2082800
1513,1836800
1514,1930300
1515,1789900
1516,1738200
1517,1634500
1518,1757500
1519,1770200
1520,1722300
1521,2317700
1522,2144600
1523,1743400
1524,1700100
1525,1673400
1526,1696900
1527,1816500
1528,1718900
1529,1739300
1530,1915800
1531,2002500
1532,1795000
1533,1648400
1534,1667300
1535,1622700
1536,1712800
1537,1728200
1538,1621400
1539,1714400
1540,1876700
1541,1892000
1542,1788200
1543,1745100
1544,1661900
1545,1841100
1546,1759300
1547,1685500
1548,1655000
1549,2042400
1550,1921200
1551,1709900
1552,1645500
1553,1682000
1554,1637400
1555,1752000
1556,1698200
1557,1696100
1558,1626400
1559,2244500
1560,2151400
1561,1815200
1562,1665100
1563,1858400
1564,1650400
1565,1661200
1566,1716800
1567,1858800
1568,2098700
1569,1856900
1570,1629200
1571,1776600
1572,1796000
1573,1743800
1574,1698100
1575,1751900
1576,1755500
1577,1893200
1578,1764900
1579,1765600
1580,1772000
1581,1749400
1582,1754000
1583,1668700
1584,1643000
1585,1742000
1586,1848500
1587,2156700
1588,1830200
1589,1738600
1590,1707000
1591,1663200
1592,1715100
1593,1633000
1594,1811600
1595,1715100
1596,1902200
1597,1791900
1598,1720700
1599,1744600
1600,1645900
1601,1697900
1602,1661500
1603,1724700
1604,1762500
1605,1699000
1606,1860200
1607,1816200
1608,1757200
1609,1713400
1610,1681700
1611,1639000
1612,1987900
1613,1769400
1614,1792700
1615,2169300
1616,1822700
1617,1766000
1618,1686600
1619,1616600
1620,1723600
1621,1969200
1622,2160900
1623,2030900
1624,2180400
1625,2197800
1626,1814100
1627,1743900
1628,1726800
1629,2014100
1630,1857000
1631,1838300
1632,1952500
1633,2011900
1634,1762000
1635,1715300
1636,1692500
1637,1689600
1638,1830600
1639,1847900
1640,1779600
1641,1642700
1642,2170200
1643,1887900
1644,1756600
1645,1732000
1646,1961100
1647,1749500
1648,1770800
1649,1718800
1650,1752500
1651,2065100
1652,1816300
1653,1687800
1654,1730100
1655,1740200
1656,1790500
1657,1787300
1658,1695900
1659,1661700
1660,2070600
1661,1863500
1662,1634400
1663,1782600
1664,1848100
1665,1749000
1666,1717700
1667,1706100
1668,1739800
1669,1754100
1670,2004000
1671,1772200
1672,1749500
1673,1722900
1674,1727000
1675,1661300
1676,1888800
1677,1642000
1678,1704300
1679,2015700
1680,1828700
1681,1657700
1682,1877900
1683,1761200
1684,1755800
1685,1643200
1686,1689000
1687,1746700
1688,1749200
1689,1860800
1690,2434900
1691,1933400
1692,1782300
1693,1687400
1694,1657600
1695,1767200
1696,1750500
1697,1872600
1698,1817000
1699,1911000
1700,1736100
1701,1689300
1702,1762200
1703,1699900
1704,1782400
1705,1625600
1706,1581200
1707,2156300
1708,2084600
1709,1785600
1710,1718000
1711,1718500
1712,1638600
1713,1793700
1714,1763800
1715,1745200
1716,1946500
1717,2057000
1718,1853600
1719,1804500
1720,1704100
1721,1691000
1722,1663500
1723,1677700
1724,1656700
1725,2133500
1726,2249000
1727,1766700
1728,1719300
1729,1708700
1730,1705600
1731,1783400
1732,1669700
1733,1720400
1734,2177500
1735,1994700
1736,1737600
1737,2048600
1738,1746800
1739,1748400
1740,1745700
1741,1738300
1742,1666000
1743,2293700
1744,2657300
1745,2233600
1746,2165000
1747,1955600
1748,2074000
1749,1969500
1750,2182600
1751,2442300
1752,2085900
1753,1988500
1754,1938800
1755,1900500
1756,1926500
1757,1926300
1758,1986700
1759,1955400
1760,2061500
1761,2173800
1762,1934400
1763,1876900
1764,1868900
1765,2312900
1766,2108000
1767,2077900
1768,2061200
1769,1997200
1770,1934900
1771,1836500
1772,1845200
1773,2177400
1774,2037800
1775,1941000
1776,2233900
1777,1978000
1778,1899400
1779,1817000
1780,1951500
1781,2511000
1782,2297700
1783,2709800
1784,2587300
1785,2233200
1786,1961400
1787,2116100
1788,1928200
1789,1935800
1790,1843700
1791,2064200
1792,2485600
1793,1977500
1794,2163300
1795,2233700
1796,1972500
1797,1906500
1798,1818100
1799,1940900
1800,2156600
1801,1946300
1802,2123300
1803,2041000
1804,1921400
1805,1914100
1806,1859200
1807,1817100
1808,2372900
1809,2050300
1810,2001900
1811,1996600
1812,1813400
1813,1800800
1814,1773700
1815,1898200
1816,1990600
1817,2010500
1818,2959300
1819,3295400
1820,2078100
1821,3088100
1822,4092400
1823,3135500
1824,1930900
1825,1810700
1826,1781500
1827,1672000
1828,1644100
1829,1641600
1830,1807600
1831,1881300
1832,1848200
1833,1788000
1834,1639700
1835,1779000
1836,1672600
1837,1769800
1838,1754000
1839,1762000
1840,1910800
1841,2026400
1842,1785300
1843,1707600
1844,1760600
1845,1646300
1846,1672900
1847,1657800
1848,1664300
1849,1763000
1850,2071900
1851,1748400
1852,1746100
1853,1646000
1854,1651500
1855,1601700
1856,1639000
1857,1758000
1858,1707400
1859,1975300
1860,2043600
1861,1736600
1862,1783300
1863,1615500
1864,1651200
1865,1709000
1866,1755000
1867,1718700
1868,1821900
1869,1924000
1870,1822100
1871,1714000
1872,1645100
1873,1704500
1874,1718300
1875,1843900
1876,1624100
1877,1863400
1878,2070500
1879,1809500
1880,1645600
1881,1749100
1882,1626700
1883,1684200
1884,1733500
1885,1714500
1886,1782800
1887,1749300
1888,1735500
1889,1798000
1890,1693400
1891,1770000
1892,1693600
1893,1670200
1894,1736400
1895,1845600
1896,1799100
1897,1811800
1898,1782700
1899,1739500
1900,1745400
1901,1608900
1902,1740800
1903,1625700
1904,1833100
1905,1742900
1906,1823200
1907,1869500
1908,1812100
1909,1659100
1910,1669800
1911,1806400
1912,1721000
1913,2032700
1914,1835000
1915,1761000
1916,1853500
1917,1801200
1918,1696200
1919,1780700
1920,1691600
1921,1704800
1922,1905400
1923,1759400
1924,1704500
1925,1799000
1926,2046600
1927,1761200
1928,1760600
1929,1682100
1930,1638300
1931,1800600
1932,1781100
1933,1711900
1934,1689400
1935,1812900
1936,1768000
1937,1769100
1938,1720000
1939,1643900
1940,1818300
1941,1610400
1942,1694000
1943,1648700
1944,2017400
1945,2186800
1946,1733900
1947,1760900
1948,1676400
1949,1909000
1950,1689800
1951,1661700
1952,1667600
1953,1707100
1954,1904500
1955,1767200
1956,1689900
1957,1724500
1958,1794400
1959,1730800
1960,1677300
1961,1780000
1962,1638300
1963,2065800
1964,1872200
1965,1703400
1966,1669400
1967,1877500
1968,1745600
1969,1731300
1970,1684400
1971,1653400
1972,1905400
1973,2120100
1974,1733200
1975,1711400
1976,1888100
1977,1709600
1978,1660400
1979,1607600
1980,1670300
1981,1697900
1982,1977400
1983,1768800
1984,1979800
1985,1776500
1986,1753900
1987,1736000
1988,1689600
1989,1677200
1990,1691700
1991,1875200
1992,1861700
1993,2167200
1994,2213200
1995,1924800
1996,1769400
1997,1813700
1998,1756200
1999,1736300
2000,1849200
2001,1883400
2002,2102300
2003,1807900
2004,1787000
2005,1882300
2006,1702800
2007,1694800
2008,1672600
2009,1769900
2010,1944100
2011,1713400
2012,1715500
2013,1658400
2014,1778200
2015,1665400
2016,1772100
2017,1616700
2018,1795100
2019,1970000
2020,1844100
2021,1656400
2022,1713300
2023,1701800
2024,1654700
2025,1637700
2026,1695300
2027,1738400
2028,1947600
2029,1980700
2030,1754300
2031,1823900
2032,1669800
2033,1695200
2034,1766200
2035,1703400
2036,1695300
2037,1903900
2038,2159600
2039,1859500
2040,1685000
2041,1765300
2042,1668200
2043,1732800
2044,1612400
2045,1677100
2046,1938600
2047,2064700
2048,1811100
2049,1778900
2050,1758100
2051,1749900
2052,1779200
2053,1636400
2054,1669500
2055,1752600
2056,1797100
2057,1836900
2058,1858000
2059,1712200
2060,1755000
2061,1679100
2062,1691500
2063,1842100
2064,1870600
2065,1748000
2066,2286800
2067,1851800
2068,1727000
2069,1786500
2070,1722000
2071,1701600
2072,1990500
2073,1757600
2074,1656000
2075,1860000
2076,1856300
2077,1777700
2078,1673500
2079,1611000
2080,1670000
2081,1622800
2082,1737500
2083,1725100
2084,1831500
2085,1900700
2086,1765600
2087,1671000
2088,1771400
2089,1637500
2090,1637000
2091,1921000
2092,1832400
2093,1632800
2094,1944500
2095,1734200
2096,1698500
2097,1696100
2098,1691200
2099,1798500
2100,1984300
2101,1721800
2102,1633600
2103,1923800
2104,1852700
2105,1720100
2106,1704000
2107,1714900
2108,2008500
2109,2193600
2110,1950500
2111,1779900
2112,1843800
2113,1853300
2114,1768200
2115,1639100
2116,1623400
2117,1757200
2118,1730200
2119,1727200
2120,1776600
2121,1653200
2122,1772000
2123,1790800
2124,1697800
2125,1770600
2126,1909900
2127,1943600
2128,1770700
2129,1751700
2130,1674900
2131,1781700
2132,1804300
2133,1691200
2134,1692700
2135,1723700
2136,1734900
2137,1676400
2138,1727900
2139,1734500
2140,1692300
2141,1918800
2142,1891800
2143,1899200
2144,1833700
2145,1693200
2146,1671200
2147,1856900
2148,1621400
2149,1675000
2150,1753200
2151,1767800
2152,1609800
2153,1882400
2154,1741900
2155,1703500
2156,1746000
2157,1767200
2158,1614500
2159,1657300
2160,2112900
2161,1882500
2162,2069000
2163,1782800
2164,1717600
2165,1636800
2166,1779100
2167,1662200
2168,1747100
2169,1839600
2170,1829700
2171,2184900
2172,2164400
2173,1922000
2174,2030100
2175,2046600
2176,1689700
2177,1721200
2178,2153100
2179,1925700
2180,1735700
2181,1753900
2182,1793000
2183,1703900
2184,1773000
2185,1641000
2186,1657500
2187,2109600
2188,2048100
2189,1850700
2190,1626300
2191,1709800
2192,1799100
2193,1880400
2194,1682200
2195,1673400
2196,1969600
2197,1974500
2198,1730900
2199,1694800
2200,1807300
2201,1772300
2202,1709500
2203,1754900
2204,1724600
2205,1862400
2206,1858100
2207,1726800
2208,1783500
2209,1740700
2210,1620200
2211,1656300
2212,1732000
2213,1654000
2214,1823500
2215,1902200
2216,1849200
2217,1727200
2218,1739300
2219,1717800
2220,1733800
2221,1641900
2222,1671600
2223,1821200
2224,1950500
2225,1975400
2226,1811700
2227,1688200
2228,1662600
2229,1664300
2230,1701200
2231,1728100
2232,1944900
2233,1812100
2234,1903900
2235,1846200
2236,2394500
2237,1662600
2238,1681600
2239,1772700
2240,1848900
2241,1782900
2242,1649700
2243,2096700
2244,1820100
2245,1796400
2246,1689200
2247,1755400
2248,1760100
2249,2075000
2250,1804700
2251,1826300
2252,1926900
2253,1696600
2254,1737200
2255,1718200
2256,1667000
2257,1602300
2258,1995200
2259,2264700
2260,2007300
2261,1784600
2262,1787500
2263,1646100
2264,1762000
2265,1768100
2266,1734700
2267,1797700
2268,1770300
2269,1773900
2270,1782000
2271,1866100
2272,1709700
2273,1691200
2274,1641300
2275,1704500
2276,1766700
2277,1771600
2278,1816400
2279,1671300
2280,1869200
2281,1732400
2282,1708000
2283,1673600
2284,1682800
2285,1967600
2286,2031900
2287,1880800
2288,1708600
2289,1958500
2290,1874200
2291,1694700
2292,1679600
2293,1667500
2294,1976100
2295,2033600
2296,2176600
2297,2624700
2298,2546000
2299,2082500
2300,1953800
2301,2005900
2302,1930100
2303,2158300
2304,2004200
2305,1854300
2306,2246900
2307,2041500
2308,2055800
2309,2210600
2310,2224100
2311,2038300
2312,1893900
2313,1908300
2314,2112500
2315,2004900
2316,2052600
2317,2156900
2318,2022700
2319,1981700
2320,1714300
2321,1706300
2322,1836900
2323,2009700
2324,1733300
2325,1920300
2326,1923800
2327,1743200
2328,1648200
2329,1694300
2330,1628700
2331,1837300
2332,1805200
2333,1806400
2334,1992400
2335,2297900
2336,2385100
2337,1980000
2338,2112400
2339,1978700
2340,2104300
2341,1795300
2342,1742900
2343,1853100
2344,1741600
2345,1717500
2346,1765600
2347,1653500
2348,1743200
2349,2166600
2350,1832300
2351,1836500
2352,1824900
2353,1681200
2354,1816300
2355,1732400
2356,1730400
2357,1695000
2358,1880500
2359,2242100
2360,1893300
2361,1798200
2362,1831700
2363,1731800
2364,1680900
2365,1725100
2366,1701900
2367,1997600
2368,2122000
2369,1766000
2370,1760400
2371,1606200
2372,1620500
2373,1640300
2374,1687000
2375,1662300
2376,1688400
2377,2280800
2378,2000600
2379,1770900
2380,1630500
2381,1662500
2382,1647500
2383,1636100
2384,1669100
2385,1683900
2386,2069100
2387,1948400
2388,1698200
2389,1665300
2390,1723400
2391,1676900
2392,1674800
2393,1759700
2394,1621700
2395,1949900
2396,2121600
2397,1714900
2398,1701500
2399,1681500
2400,1765600
2401,1697400
2402,1678100
2403,1641500
2404,2032100
2405,2185000
2406,1890600
2407,1707500
2408,1762000
2409,1662600
2410,1624800
2411,1664200
2412,1662300
2413,1762800
2414,1944500
2415,1805000
2416,1749200
2417,1654100
2418,1716000
2419,1636900
2420,1695700
2421,1885900
2422,1647600
2423,1689100
2424,1970300
2425,1760500
2426,1756000
2427,1656200
2428,1716300
2429,1663300
2430,1910400
2431,1714300
2432,1847700
2433,1931600
2434,1896900
2435,1726300
2436,1767200
2437,1626400
2438,1677500
2439,1723700
2440,1738100
2441,1714300
2442,1740300
2443,1786500
2444,1813700
2445,1699800
2446,1719900
2447,1643500
2448,1925200
2449,1744100
2450,1777900
2451,1689000
2452,1763700
2453,1832100
2454,1657500
2455,1734200
2456,1766500
2457,1851400
2458,1847400
2459,1784200
2460,1693600
2461,1753000
2462,1832200
2463,1810500
2464,1729000
2465,2085400
2466,2044200
2467,1809500
2468,1735800
2469,1723900
2470,1728000
2471,2219800
2472,1772100
2473,1895000
2474,1713700
2475,1707900
2476,1730100
2477,1726900
2478,1654900
2479,1641200
2480,1922800
2481,2063700
2482,1746000
2483,1657900
2484,1690600
2485,1705000
2486,1696200
2487,1596700
2488,1630600
2489,1712400
2490,2189400
2491,1781100
2492,1658700
2493,1679200
2494,1688100
2495,1660600
2496,1667800
2497,1638500
2498,1708200
2499,2401700
2500,1876300
2501,1732600
2502,1734400
2503,1777900
2504,1693800
2505,1799500
2506,1638700
2507,1733800
2508,2031600
2509,2024900
2510,1751000
2511,1761500
2512,1774900
2513,1854400
2514,1681700
2515,1720000
2516,1698000
2517,1949500
2518,1978900
2519,1770300
2520,1804600
2521,1665700
2522,1930200
2523,1722000
2524,1711500
2525,1686000
2526,1928000
2527,1951400
2528,1802900
2529,1827700
2530,1815000
2531,1744600
2532,1592800
2533,1670000
2534,1683200
2535,1923900
2536,2089400
2537,1795600
2538,1787600
2539,1700700
2540,1727300
2541,1795000
2542,1793300
2543,1726800
2544,1700100
2545,1734200
2546,1865400
2547,1825200
2548,1720600
2549,1677600
2550,1672400
2551,1655000
2552,1601800
2553,1982600
2554,2255600
2555,2217700
2556,1821200
2557,1788900
2558,1788200
2559,1708300
2560,1772700
2561,1959000
2562,1802400
2563,1811300
2564,2201700
2565,1936200
2566,1750200
2567,1783500
2568,1704500
2569,1850100
2570,1744900
2571,1715100
2572,1711200
2573,2040600
2574,1851400
2575,1671500
2576,1689600
2577,1687300
2578,1722400
2579,1895700
2580,1737600
2581,1717900
2582,1856700
2583,1817600
2584,1717700
2585,1717700
2586,1752500
2587,1678700
2588,1880800
2589,1768700
2590,1852500
2591,2135900
2592,2170300
2593,1682800
2594,1656800
2595,1719000
2596,1714100
2597,1694800
2598,1762300
2599,1782900
2600,1672000
2601,1838300
2602,1792700
2603,1689000
2604,1676800
2605,1732900
2606,1766200
2607,1845900
2608,1643900
2609,1622600
2610,1840300
2611,1893900
2612,1681400
2613,1668900
2614,1717300
2615,1953200
2616,1789900
2617,1729200
2618,1741900
2619,1673800
2620,1825800
2621,1807700
2622,1689200
2623,2077100
2624,1835900
2625,1679600
2626,1655900
2627,1825400
2628,1764900
2629,2231900
2630,1844100
2631,1733900
2632,1791800
2633,1791900
2634,1734000
2635,1765100
2636,1668700
2637,1743300
2638,1753700
2639,1802500
2640,1705800
2641,1712400
2642,1770000
2643,1679200
2644,1773700
2645,1631000
2646,1716700
2647,1648900
2648,1837200
2649,1784100
2650,1897300
2651,1833300
2652,1770700
2653,1648300
2654,1793600
2655,1700900
2656,1631200
2657,1800500
2658,2110400
2659,1929500
2660,1782300
2661,1733700
2662,1740400
2663,1758100
2664,1707800
2665,1646400
2666,1816800
2667,2113600
2668,2076100
2669,2081900
2670,1765800
2671,1758500
2672,1700800
2673,1725600
2674,1662300
2675,1777900
2676,2094200
2677,1901400
2678,1722700
2679,1672400
2680,1734800
2681,1679700
2682,1683200
2683,1754700
2684,1670600
2685,2271100
2686,2113900
2687,1790300
2688,1761600
2689,1620100
2690,1736000
2691,1671000
2692,1679700
2693,1683500
2694,2023800
2695,1979400
2696,1772400
2697,1678900
2698,1639500
2699,1712300
2700,1648200
2701,1579700
2702,1603800
2703,1757000
2704,2094800
2705,1830600
2706,1667100
2707,1779100
2708,1731400
2709,1640900
2710,1720700
2711,1645100
2712,1913800
2713,1946800
2714,1983000
2715,1800900
2716,1742200
2717,1730000
2718,1691600
2719,1846600
2720,1927800
2721,2350900
2722,2712300
2723,1977300
2724,2066600
2725,1854400
2726,1831800
2727,1777600
2728,1882500
2729,1772000
2730,1780300
2731,2023400
2732,1764400
2733,1648900
2734,1650300
2735,1714400
2736,1658600
2737,1764700
2738,1759300
2739,1678400
2740,1920500
2741,1769000
2742,1688900
2743,1655300
2744,1673400
2745,1680500
2746,1768400
2747,1732500
2748,1720000
2749,1807500
2750,2054700
2751,1797300
2752,1691500
2753,1659800
2754,1767800
2755,1743400
2756,1738700
2757,1757200
2758,1656200
2759,1967600
2760,1799500
2761,1741900
2762,1649000
2763,1736200
2764,1918700
2765,1675500
2766,1678300
2767,1664800
2768,1881900
2769,2001200
2770,1757200
2771,1675600
2772,1885200
2773,1743500
2774,1774900
2775,1708100
2776,1740300
2777,1601000
2778,2018200
2779,1753200
2780,1734000
2781,1872500
2782,1747300
2783,1757400
2784,1828600
2785,1602800
2786,1615100
2787,1885400
2788,1892700
2789,1718600
2790,2634400
2791,1777100
2792,1690700
2793,1711900
2794,1605700
2795,1748600
2796,1801900
2797,1918300
2798,2111600
2799,1920400
2800,1783200
2801,1655400
2802,1728600
2803,1711700
2804,1726600
2805,1860800
2806,1847300
2807,1852700
2808,1808300
2809,1714400
2810,1701900
2811,1734100
2812,1657100
2813,1681700
2814,1655200
2815,2071300
2816,2088900
2817,1908200
2818,1775100
2819,1681400
2820,1687100
2821,1698200
2822,1601800
2823,1594600
2824,1753600
2825,2026100
2826,1810300
2827,1796500
2828,1800800
2829,1726600
2830,1696100
2831,1668700
2832,1741800
2833,1702700
2834,2083800
2835,1896500
2836,1732200
2837,1730100
2838,1690500
2839,1584500
2840,1736300
2841,1610100
2842,1692000
2843,2204700
2844,2124000
2845,1840700
2846,1770900
2847,1708600
2848,1719600
2849,1617600
2850,1757500
2851,1847200
2852,2291400
2853,2301900
2854,2269000
2855,2048900
2856,1950100
2857,2045500
2858,1928100
2859,2086700
2860,2357900
2861,2036100
2862,1974500
2863,1844500
2864,1863000
2865,1838900
2866,2146300
2867,1945400
2868,2107500
2869,2204500
2870,2078300
2871,1932600
2872,1819600
2873,1874300
2874,2058200
2875,1868800
2876,1829200
2877,2440400
2878,2036100
2879,1884900
2880,1924300
2881,1906300
2882,2165000
2883,1982300
2884,1846400
2885,2214700
2886,2005100
2887,1920100
2888,1872700
2889,2006000
2890,2131600
2891,1988500
2892,1831300
2893,2155800
2894,2201000
2895,1886000
2896,1909400
2897,2130900
2898,2356400
2899,2610800
2900,2364900
2901,2839000
2902,2191700
2903,1980600
2904,2018500
2905,1882000
2906,2002100
2907,1868900
2908,1803400
2909,2233300
2910,2004100
2911,1927000
2912,1970500
2913,1861500
2914,1828100
2915,1996100
2916,1809900
2917,2019000
2918,2109000
2919,1912800
2920,2090500
2921,2015000
2922,1871900
2923,1905300
2924,1871000
2925,1836300
2926,2783400
2927,3314200
2928,2262200
2929,2458200
2930,3997200
2931,3270100
2932,2119000
2933,1860700
2934,1819800
2935,1638600
2936,1722000
2937,1763000
2938,1742700
2939,1701700
2940,1701600
2941,1810300
2942,1903600
2943,1788600
2944,1677900
2945,1700900
2946,1796700
2947,1709700
2948,1626900
2949,1702800
2950,1885100
2951,1916800
2952,1694000
2953,1668300
2954,1664900
2955,1702600
2956,1685100
2957,1758100
2958,1724900
2959,1746800
2960,2554800
2961,1972900
2962,1870100
2963,1783600
2964,1747300
2965,1741800
2966,1716800
2967,1705200
2968,1935600
2969,1868400
2970,1692600
2971,1656300
2972,1688100
2973,1725000
2974,1679400
2975,1741600
2976,1733500
2977,1694600
2978,1944700
2979,1938500
2980,1787600
2981,1805500
2982,1769400
2983,1610100
2984,1657200
2985,1723500
2986,1771400
2987,1804500
2988,1727700
2989,1673100
2990,1820500
2991,1685500
2992,1720600
2993,1599400
2994,1657200
2995,1786700
2996,1770800
2997,1823100
2998,2005500
2999,1675000
3000,1721400
3001,1675000
3002,1647300
3003,1730800
3004,1884600
3005,1889300
3006,1857400
3007,2021500
3008,1714500
3009,1747800
3010,1630800
3011,1647400
3012,1636200
3013,1860300
3014,1796100
3015,1759500
3016,2210800
3017,1931400
3018,1717400
3019,1764900
3020,1673000
3021,1716600
3022,1775600
3023,1696100
3024,1710100
3025,1767300
3026,1819400
3027,1614400
3028,1541900
3029,1620600
3030,1687500
3031,1749600
3032,1664400
3033,1647700
3034,1638800
3035,1815700
3036,1807600
3037,1799000
3038,1655500
3039,1619100
3040,1845600
3041,1728800
3042,1707600
3043,1760200
3044,1713800
3045,1908700
3046,1674800
3047,1617700
3048,1672700
3049,1896400
3050,1700600
3051,1822700
3052,1747500
3053,1664100
3054,1969900
3055,1961400
3056,1724300
3057,1922100
3058,1746000
3059,1753800
3060,1743800
3061,1799200
3062,1651600
3063,1668500
3064,1993200
3065,1767700
3066,1886300
3067,1795500
3068,1696800
3069,1686100
3070,1900000
3071,1615200
3072,1724500
3073,1957500
3074,1843900
3075,1896000
3076,1859600
3077,1790600
3078,1776400
3079,1639200
3080,1647600
3081,1766400
3082,1975000
3083,1901700
3084,1853300
3085,1700800
3086,1711000
3087,1722300
3088,1703600
3089,1621600
3090,1780900
3091,1892400
3092,1862400
3093,1854600
3094,1832000
3095,1772400
3096,1759200
3097,1675700
3098,1726300
3099,1611600
3100,1711300
3101,1878300
3102,2109800
3103,2059300
3104,1869700
3105,1725300
3106,1738300
3107,1901200
3108,1695200
3109,1743500
3110,2347900
3111,2026000
3112,1892500
3113,1795900
3114,1753300
3115,1813600
3116,1661700
3117,1685300
3118,1738000
3119,2025200
3120,1832200
3121,1739600
3122,1753200
3123,1679900
3124,1604000
3125,1684100
3126,1670900
3127,1943600
3128,1989100
3129,1998300
3130,1770800
3131,1711700
3132,1756200
3133,1613500
3134,1678800
3135,1672900
3136,1829600
3137,1811400
3138,1926100
3139,1766400
3140,1675900
3141,1629400
3142,1625300
3143,1694800
3144,1648500
3145,1967700
3146,1899400
3147,1989500
3148,1915300
3149,1702800
3150,1763800
3151,1765100
3152,1654500
3153,1718600
3154,1887600
3155,1832600
3156,1930300
3157,2029200
3158,1669600
3159,1689700
3160,1735800
3161,1703900
3162,1763100
3163,1749500
3164,1725100
3165,1828100
3166,1819600
3167,1745500
3168,1661700
3169,1695600
3170,1678300
3171,1886100
3172,1749900
3173,1678900
3174,1737700
3175,1944800
3176,2100600
3177,1833500
3178,1761500
3179,1786600
3180,1756700
3181,1755100
3182,1750600
3183,1714400
3184,1805000
3185,2057000
3186,1763800
3187,1677000
3188,1675900
3189,1851000
3190,1707000
3191,1778100
3192,1710300
3193,1642200
3194,1872200
3195,1695900
3196,1693100
3197,1727200
3198,1749400
3199,1713800
3200,1748300
3201,1613600
3202,1597300
3203,1669200
3204,2015900
3205,1710600
3206,1701400
3207,1952400
3208,1939700
3209,1731700
3210,1716100
3211,1618000
3212,1624900
3213,1994000
3214,1838500
3215,1672700
3216,1888800
3217,2123000
3218,1835000
3219,1667100
3220,1645500
3221,1778600
3222,1874000
3223,1850500
3224,1753600
3225,1796800
3226,1743700
3227,1714500
3228,1687700
3229,1731200
3230,1790300
3231,1676400
3232,1980100
3233,1853300
3234,1856600
3235,1792800
3236,1646200
3237,1589400
3238,1677900
3239,1626400
3240,1670700
3241,2014800
3242,2042300
3243,1805200
3244,1786400
3245,1653100
3246,1685100
3247,1691000
3248,1645400
3249,1702900
3250,1701500
3251,2125900
3252,1755800
3253,1762100
3254,1710500
3255,1613800
3256,1656600
3257,1643400
3258,1701100
3259,1736800
3260,1882500
3261,1916000
3262,1897500
3263,1672500
3264,1684900
3265,1679600
3266,1680900
3267,1726700
3268,1661700
3269,2365500
3270,2623500
3271,2029100
3272,2116200
3273,1871300
3274,1835100
3275,1721300
3276,1946800
3277,1845600
3278,1941000
3279,1775100
3280,1781500
3281,1636800
3282,1695900
3283,1653900
3284,1553700
3285,1916500
3286,1680800
3287,1761700
3288,1990700
3289,1798300
3290,1664800
3291,1729800
3292,1744400
3293,1725500
3294,1921500
3295,1708800
3296,1676500
3297,1983800
3298,1732000
3299,1684000
3300,1743600
3301,1665700
3302,1740300
3303,1767100
3304,1762200
3305,1629700
3306,2082400
3307,1837200
3308,1739800
3309,1752300
3310,1714300
3311,1694800
3312,1991300
3313,1778200
3314,1711900
3315,1758400
3316,1985800
3317,1794200
3318,1667200
3319,1728700
3320,1689500
3321,1785300
3322,1738500
3323,1672000
3324,1827400
3325,2023900
3326,1696300
3327,1740400
3328,1667500
3329,1606600
3330,1987700
3331,1988500
3332,1841300
3333,1788900
3334,2034700
3335,1837000
3336,1828700
3337,2288400
3338,1691300
3339,1858900
3340,1881300
3341,1849000
3342,1617400
3343,1820800
3344,1764300
3345,1685000
3346,1685700
3347,1626000
3348,2002100
3349,1862900
3350,1724900
3351,1616600
3352,1785000
3353,1863700
3354,1744700
3355,1684500
3356,1659100
3357,1863300
3358,1681100
3359,1727900
3360,1641700
3361,1681800
3362,1886700
3363,1875200
3364,1655600
3365,1669300
3366,2100700
3367,1849000
3368,1727200
3369,1690100
3370,1632200
3371,1683600
3372,1794300
3373,1870900
3374,1693000
3375,1993300
3376,1728100
3377,1681600
3378,1754500
3379,1664100
3380,1714600
3381,1982300
3382,1853300
3383,1667000
3384,1913900
3385,1796700
3386,1735200
3387,1697900
3388,1701200
3389,1648800
3390,1782000
3391,1818900
3392,1721100
3393,1893600
3394,1769300
3395,1718200
3396,1630100
3397,1780600
3398,1742200
3399,1771900
3400,2126100
3401,1892500
3402,2098000
3403,2127700
3404,2097300
3405,2650300
3406,2174300
3407,2224900
3408,2424200
3409,2164300
3410,1965900
3411,2068500
3412,1831200
3413,1873500
3414,1841600
3415,1970500
3416,2313800
3417,2019900
3418,1938700
3419,1877500
3420,1926500
3421,1929700
3422,1936800
3423,1929600
3424,2625600
3425,2253800
3426,2060300
3427,1985000
3428,1967900
3429,2011400
3430,1888400
3431,1846100
3432,2460900
3433,2072300
3434,1969400
3435,1878100
3436,1898400
3437,1905500
3438,1794900
3439,1810900
3440,2297100
3441,2242500
3442,1950700
3443,1869700
3444,1756500
3445,1868000
3446,1809000
3447,1751500
3448,1804500
3449,2390300
3450,2046400
3451,1775500
3452,1789100
3453,1781000
3454,1856800
3455,1768900
3456,2151300
3457,2237500
3458,2625900
3459,2183500
3460,2124700
3461,1899700
3462,1828900
3463,1805800
3464,1903600
3465,2076600
3466,2384700
3467,1839500
3468,1865700
3469,1766100
3470,1715000
3471,1854200
3472,1913300
3473,1932500
3474,1788400
3475,1972200
3476,1780300
3477,1739200
3478,1780300
3479,1805500
3480,2362700
3481,2014700
3482,1958100
3483,2176000
3484,1954700
3485,1854500
3486,1824700
3487,1866800
3488,1912800
3489,1977800
3490,1847600
3491,1797300
3492,2102800
3493,1858300
3494,1798200
3495,1797900
3496,1921100
3497,1817900
3498,1781200
3499,1784300
3500,1930800
3501,2084500
3502,1790900
3503,1796400
3504,1714500
3505,1935600
3506,1968500
3507,1860500
3508,1731500
3509,1678200
3510,2243100
3511,1943600
3512,1773200
3513,1914600
3514,1905500
3515,1820500
3516,1843700
3517,1796000
3518,1880300
3519,2142600
3520,1826600
3521,1873700
3522,1916500
3523,1791000
3524,1811000
3525,1839800
3526,1792400
3527,1888900
3528,1955400
3529,1816500
3530,1995400
3531,1843200
3532,1817100
3533,1808800
3534,1824100
3535,1887500
3536,1917300
3537,2026700
3538,2067500
3539,1850200
3540,1778500
3541,1777400
3542,1819100
3543,1773100
3544,1750500
3545,2119900
3546,2377300
3547,1870100
3548,1798700
3549,1764700
3550,1687800
3551,1774900
3552,1683800
3553,1705000
3554,1855800
3555,2055400
3556,1797500
3557,1708900
3558,1665500
3559,1739200
3560,1661700
3561,1579300
3562,1762600
3563,1899000
3564,2292600
3565,1899700
3566,1836900
3567,1822200
3568,1643700
3569,1703900
3570,1651400
3571,1600100
3572,1652300
3573,2073900
3574,1792600
3575,1645000
3576,1614500
3577,1688400
3578,1691100
3579,1650800
3580,1662600
3581,1669100
3582,1908100
3583,2048400
3584,1757900
3585,1671700
3586,1687600
3587,1605700
3588,1638100
3589,1757100
3590,1860400
3591,1804800
3592,1898200
3593,1730100
3594,1693900
3595,1721600
3596,1684400
3597,1679600
3598,1813300
3599,1849800
3600,1760600
3601,1918700
3602,2007200
3603,1743700
3604,1741500
3605,1742300
3606,1771700
3607,1621000
3608,1972200
3609,1802000
3610,1767600
3611,1956600
3612,1755000
3613,1710700
3614,1713100
3615,1656500
3616,1758800
3617,1828100
3618,1866500
3619,1662000
3620,1926600
3621,1957200
3622,1710300
3623,1759100
3624,1698900
3625,1641000
3626,1782400
3627,1769100
3628,1710600
3629,1636900
3630,1959300
3631,1654300
3632,1684500
3633,1661000
3634,1673100
3635,1976700
3636,1927400
3637,1732700
3638,1722200
3639,1848600
3640,1766200
3641,1764400
3642,1719500
3643,1793200
3644,1716200
3645,1711200
3646,1723900
3647,1717900
3648,1792300
3649,1889700
3650,1749900
3651,1711100
3652,1949700
3653,2149200
3654,1948700
3655,1808700
3656,1757500
3657,1860800
3658,1945300
3659,1812700
3660,1730500
3661,1969700
3662,1909600
3663,1795700
3664,1820300
3665,1724200
3666,1879000
3667,2100700
3668,1759700
3669,1981000
3670,1857300
3671,1691000
3672,1782700
3673,1706500
3674,1649700
3675,1687000
3676,1859900
3677,1783900
3678,1879500
3679,1810300
3680,1694500
3681,1672700
3682,1626200
3683,1606800
3684,1744800
3685,1955600
3686,1764700
3687,1789100
3688,1834200
3689,1717600
3690,1646200
3691,1744100
3692,1751400
3693,1660000
3694,1784000
3695,2035000
3696,1855200
3697,1894100
3698,1771000
3699,1701000
3700,1683500
3701,1751000
3702,1732900
3703,1672900
3704,1758200
3705,1898500
3706,1734200
3707,1766400
3708,1676000
3709,1622600
3710,1655500
3711,1673200
3712,1770900
3713,1766600
3714,1901900
3715,1843900
3716,1752600
3717,1705400
3718,1650700
3719,1654300
3720,1754500
3721,1648900
3722,1624200
3723,2010100
3724,1958800
3725,1710200
3726,1714600
3727,1715600
3728,1832300
3729,1723800
3730,1695700
3731,1608800
3732,1837300
3733,2398100
3734,1810200
3735,1740900
3736,1710900
3737,1633400
3738,1615900
3739,1626600
3740,1804600
3741,1734700
3742,1947100
3743,1754600
3744,1669900
3745,1730400
3746,1651500
3747,1661000
3748,1706700
3749,1646600
3750,1796700
3751,1916400
3752,1906600
3753,1777900
3754,1669500
3755,1640700
3756,1689800
3757,1705800
3758,1983600
3759,1797000
3760,1737000
3761,2084800
3762,1782800
3763,1808900
3764,1770200
3765,1757100
3766,1798100
3767,1748700
3768,2116600
3769,1853800
3770,2042500
3771,1795000
3772,1772600
3773,1651000
3774,1694100
3775,1801400
3776,1830000
3777,1767600
3778,1831900
3779,1885500
3780,1816700
3781,1767100
3782,1654700
3783,1629300
3784,1691700
3785,1860500
3786,1738800
3787,1802600
3788,1826900
3789,2187700
3790,1844100
3791,1683100
3792,1660800
3793,1812800
3794,1838800
3795,1786900
3796,1737200
3797,1693600
3798,1855200
3799,1772300
3800,1756200
3801,1720700
3802,1872900
3803,1866400
3804,1784800
3805,1695300
3806,1645500
3807,1956000
3808,1900600
3809,1761100
3810,1695400
3811,1949400
3812,2121000
3813,1991800
3814,1999400
3815,2168100
3816,2144700
3817,1813300
3818,1770200
3819,1987800
3820,1865300
3821,1732400
3822,1839800
3823,1720600
3824,1797100
3825,2056700
3826,1798900
3827,1765600
3828,1806900
3829,1781700
3830,1671800
3831,1747800
3832,1735100
3833,1743200
3834,1909600
3835,1806300
3836,1752400
3837,1728000
3838,1793000
3839,1692200
3840,1715500
3841,1693000
3842,1686200
3843,1734900
3844,2054000
3845,1875200
3846,1810700
3847,1659300
3848,1615300
3849,1693200
3850,1805900
3851,1665400
3852,1689800
3853,2028800
3854,1834100
3855,1860300
3856,1798300
3857,1728700
3858,1746800
3859,1616600
3860,1788900
3861,1679600
3862,1670100
3863,1979800
3864,1944200
3865,1744100
3866,1712300
3867,1635100
3868,1708100
3869,1800900
3870,1701800
3871,1672100
3872,1978600
3873,1861300
3874,1857900
3875,1731300
3876,1752200
3877,1705100
3878,1654000
3879,1710900
3880,1666000
3881,1908900
3882,2199600
3883,1895900
3884,1781900
3885,2070000
3886,1701100
3887,1717700
3888,1620600
3889,1640600
3890,2021700
3891,1857200
3892,1787600
3893,1698500
3894,1685300
3895,1742500
3896,1732500
3897,1730000
3898,1877000
3899,2171300
3900,2029400
3901,1838000
3902,1789400
3903,1733800
3904,1658300
3905,1655600
3906,1650400
3907,1670900
3908,1913100
3909,2177200
3910,1812800
3911,1698900
3912,1722300
3913,1758200
3914,1663000
3915,1771400
3916,1893600
3917,1764000
3918,2050300
3919,2007500
3920,1712600
3921,1646900
3922,1705800
3923,1622600
3924,1588000
3925,1801300
3926,1752200
3927,1941900
3928,1840400
3929,1773600
3930,1710400
3931,1761700
3932,1684300
3933,1734900
3934,1794100
3935,1720300
3936,1661100
3937,1997200
3938,1753600
3939,1729000
3940,1670300
3941,1630200
3942,1656400
3943,1735600
3944,1710100
3945,1713100
3946,1828500
3947,1957700
3948,1839000
3949,1680000
3950,1664600
3951,1686500
3952,1885100
3953,2123700
3954,2149100
3955,2334200
3956,2341500
3957,2060700
3958,2002500
3959,2167700
3960,1948400
3961,2138400
3962,1910800
3963,2062300
3964,2072600
3965,1878000
3966,1929800
3967,2069200
3968,1926300
3969,1931000
3970,2038500
3971,2088800
3972,2169400
3973,1965500
3974,1912700
3975,2231900
3976,2157400
3977,2001600
3978,1888600
3979,1939900
3980,2112800
3981,1990700
3982,1916000
3983,2085500
3984,2027000
3985,1889800
3986,2022800
3987,1970000
3988,2243600
3989,2172600
3990,1901900
3991,2037600
3992,1997900
3993,1815400
3994,2038900
3995,1887000
3996,1972800
3997,2430200
3998,1931100
3999,2095700
4000,1948400
4001,1922100
4002,1916100
4003,1862700
4004,1886900
4005,2374800
4006,1988800
4007,1988500
4008,1922800
4009,2038200
4010,1905700
4011,1811800
4012,1847000
4013,2190300
4014,1984100
4015,2237700
4016,2410800
4017,2761400
4018,2329800
4019,2152100
4020,2156700
4021,2132500
4022,2045300
4023,1946700
4024,1880400
4025,1863200
4026,1955200
4027,2168200
4028,3059600
4029,2721600
4030,2605400
4031,3987800
4032,3103700
4033,1968600
4034,1941500
4035,2024600
4036,1759900
4037,1737200
4038,1669400
4039,1630800
4040,1748400
4041,1734100
4042,1650200
4043,1663700
4044,1964500
4045,1876200
4046,1796700
4047,1673800
4048,1678600
4049,1808800
4050,1808700
4051,1744300
4052,1739500
4053,1984200
4054,1936900
4055,1755200
4056,1722000
4057,1680300
4058,1767300
4059,1630600
4060,1714200
4061,1834400
4062,1898000
4063,2133500
4064,1795600
4065,1737200
4066,1702900
4067,1724300
4068,1712100
4069,1725800
4070,1874100
4071,1769900
4072,2004000
4073,1715200
4074,1704100
4075,1687700
4076,1717500
4077,1636200
4078,1663500
4079,1892200
4080,1790400
4081,2158700
4082,1788500
4083,1751500
4084,1665100
4085,1758100
4086,1615000
4087,1629300
4088,1871300
4089,1714000
4090,1815400
4091,1807700
4092,1756500
4093,1735600
4094,1748800
4095,1734600
4096,1642400
4097,1887500
4098,1739500
4099,1814300
4100,1904200
4101,1696500
4102,1789400
4103,1777100
4104,1731400
4105,1676000
4106,1913400
4107,1849100
4108,1872300
4109,1693100
4110,1886500
4111,1712800
4112,1717400
4113,1656900
4114,1770200
4115,2041500
4116,1719400
4117,1739000
4118,1669100
4119,2066100
4120,1739300
4121,1647600
4122,1667400
4123,1803100
4124,1760800
4125,1750200
4126,1765100
4127,1719400
4128,1827500
4129,1966000
4130,1711600
4131,1715400
4132,1715400
4133,1741900
4134,1738600
4135,1814800
4136,1659600
4137,1749500
4138,1851200
4139,1702900
4140,1675800
4141,1720900
4142,1804200
4143,1698900
4144,1759200
4145,1744800
4146,1683000
4147,1821300
4148,1966700
4149,1679600
4150,1668900
4151,2079400
4152,1785300
4153,1773900
4154,1696700
4155,1674200
4156,1751500
4157,2074700
4158,1725800
4159,1789800
4160,1712100
4161,1684800
4162,1776400
4163,1841100
4164,1660300
4165,1672900
4166,1890000
4167,1762400
4168,1822000
4169,1708100
4170,1729800
4171,1835700
4172,1767600
4173,1720500
4174,1710500
4175,1712300
4176,1768200
4177,1710900
4178,1998400
4179,1768200
4180,1772400
4181,1728300
4182,1669900
4183,1676400
4184,1748700
4185,2122000
4186,2031600
4187,1805500
4188,1670600
4189,1815200
4190,1683100
4191,1738000
4192,1643300
4193,1620100
4194,1982200
4195,1863100
4196,1825800
4197,1815100
4198,1764700
4199,1663900
4200,1731600
4201,1681000
4202,1678300
4203,1692700
4204,2662000
4205,1965000
4206,1908100
4207,1776200
4208,1770300
4209,1773200
4210,1730400
4211,1805000
4212,2162900
4213,2121400
4214,1817200
4215,1822700
4216,1694800
4217,1751800
4218,1660700
4219,1707200
4220,1753900
4221,1797700
4222,1827500
4223,1734900
4224,1757400
4225,1648500
4226,1656100
4227,1644400
4228,1656400
4229,1863000
4230,1731800
4231,2070600
4232,1857500
4233,1664800
4234,1729500
4235,1649400
4236,1671400
4237,1682900
4238,1962300
4239,1734500
4240,1763100
4241,1905200
4242,1703800
4243,1758400
4244,1700300
4245,1607800
4246,1703100
4247,1774900
4248,1911600
4249,1802500
4250,2129400
4251,1848600
4252,1670000
4253,1762700
4254,1721400
4255,1626800
4256,1743000
4257,1637600
4258,1617500
4259,1744500
4260,1777600
4261,1738000
4262,1743100
4263,1742500
4264,1747400
4265,1944900
4266,1759600
4267,1709600
4268,1727200
4269,2002200
4270,1742300
4271,1735500
4272,1597100
4273,1671400
4274,1902000
4275,1754500
4276,1804500
4277,1763600
4278,2061200
4279,1965600
4280,1752800
4281,1676300
4282,1715400
4283,1812800
4284,1830400
4285,1654500
4286,1666900
4287,1770900
4288,1913900
4289,1707000
4290,1682400
4291,1663500
4292,1908600
4293,1781100
4294,1860900
4295,1750000
4296,1722900
4297,1980100
4298,1912400
4299,1753500
4300,1786600
4301,1736100
4302,1855100
4303,1800100
4304,1800600
4305,1617700
4306,2003000
4307,1986400
4308,1803300
4309,1786000
4310,1776300
4311,1659800
4312,1696300
4313,1675500
4314,1652400
4315,2015600
4316,1858700
4317,2049900
4318,2026300
4319,1966000
4320,1738500
4321,1717200
4322,1737100
4323,1777600
4324,1906800
4325,2068100
4326,1817300
4327,1707400
4328,1761200
4329,1702100
4330,1634800
4331,1628900
4332,1630900
4333,1620400
4334,1789200
4335,2169200
4336,1902800
4337,1788500
4338,1781000
4339,1643800
4340,1668500
4341,1652700
4342,1686400
4343,2032400
4344,1833600
4345,1741200
4346,1798400
4347,1668800
4348,1719400
4349,1673000
4350,1677700
4351,1699700
4352,1650200
4353,2143300
4354,1840400
4355,1750400
4356,1766100
4357,1703000
4358,1743400
4359,1701300
4360,1777300
4361,1693700
4362,2400800
4363,2281800
4364,1885300
4365,2114400
4366,1843600
4367,1675300
4368,1766200
4369,1947200
4370,2238300
4371,2178600
4372,1852000
4373,1705100
4374,1806500
4375,1658600
4376,1712900
4377,1618100
4378,1920400
4379,1791400
4380,2028900
4381,1747900
4382,1695200
4383,1645500
4384,1602600
4385,1604100
4386,2060500
4387,1756500
4388,1720100
4389,2071400
4390,1802300
4391,1731600
4392,1745200
4393,1665000
4394,1703300
4395,1728400
4396,1657800
4397,1628800
4398,1783000
4399,1827800
4400,1745600
4401,1696900
4402,1747700
4403,1724800
4404,1899300
4405,1817800
4406,1835300
4407,1613000
4408,2075500
4409,1867800
4410,1765400
4411,1710600
4412,1664600
4413,1764300
4414,1854400
4415,1778300
4416,1667100
4417,1748800
4418,1795600
4419,1706300
4420,1720300
4421,1693400
4422,1906800
4423,1997000
4424,1756600
4425,1799400
4426,1952900
4427,1830800
4428,1709000
4429,1662400
4430,1798600
4431,2141600
4432,1759500
4433,1688900
4434,1701200
4435,1633500
4436,2047900
4437,1833200
4438,1746200
4439,1794500
4440,1727700
4441,1782700
4442,1682700
4443,1659800
4444,1663200
4445,1923800
4446,1953700
4447,1705200
4448,1981900
4449,1830300
4450,1746600
4451,1719800
4452,1684500
4453,1775600
4454,1821200
4455,2032600
4456,1739200
4457,1891200
4458,1687100
4459,1820100
4460,1766400
4461,1756300
4462,1626600
4463,1803900
4464,2096800
4465,1829600
4466,1982200
4467,1833400
4468,1724300
4469,1693400
4470,1775400
4471,1652100
4472,1655600
4473,1868000
4474,1944000
4475,1733600
4476,1759000
4477,1676300
4478,1691000
4479,1654700
4480,1669900
4481,1688700
4482,1757100
4483,2124000
4484,1810600
4485,1789500
4486,1705900
4487,1642400
4488,1659200
4489,1801000
4490,1764800
4491,1757200
4492,2124800
4493,1773900
4494,1741000
4495,1771800
4496,1761800
4497,1647400
4498,1765500
4499,1680800
4500,1648300
4501,2047300
4502,2262900
4503,2279600
4504,2333200
4505,2327600
4506,2226000
4507,2056400
4508,2179000
4509,2321700
4510,2128200
4511,1851800
4512,1861300
4513,1841800
4514,1920500
4515,1907800
4516,1924700
4517,2238600
4518,2244700
4519,2031000
4520,1905300
4521,1827600
4522,1913200
4523,2013500
4524,2036700
4525,2165000
4526,2096800
4527,1771400
4528,1709600
4529,1680600
4530,1747600
4531,1674200
4532,1822400
4533,1861600
4534,1867800
4535,1903000
4536,1672100
4537,1650600
4538,1670500
4539,1667400
4540,1649400
4541,1705600
4542,1832300
4543,1796400
4544,2017400
4545,1841000
4546,1741000
4547,1747500
4548,1752700
4549,1707400
4550,1852100
4551,1818500
4552,1731900
4553,1967800
4554,2061600
4555,1810500
4556,1773800
4557,1692900
4558,1742600
4559,1841100
4560,1770400
4561,1760200
4562,1758200
4563,1993300
4564,1745400
4565,1687900
4566,1687600
4567,1679600
4568,1821400
4569,1746700
4570,1668400
4571,1745900
4572,1934200
4573,1839600
4574,1708200
4575,1742100
4576,1615900
4577,2036300
4578,1950200
4579,2360000
4580,2270700
4581,2214300
4582,1846400
4583,1698600
4584,1708500
4585,2057100
4586,1803500
4587,1773400
4588,1813000
4589,1854500
4590,2078700
4591,1707500
4592,1709100
4593,1950800
4594,1826000
4595,1697500
4596,1800800
4597,1622100
4598,1702800
4599,2015300
4600,1751800
4601,1659400
4602,1796200
4603,1722700
4604,1742200
4605,1762500
4606,1744800
4607,1634000
4608,1770600
4609,1785500
4610,1693500
4611,1909300
4612,1723300
4613,1681300
4614,1785700
4615,1791000
4616,1659300
4617,1683500
4618,2241400
4619,1867700
4620,1863300
4621,1776300
4622,1771700
4623,1684900
4624,1649300
4625,1621300
4626,1725600
4627,1934400
4628,1853700
4629,1767000
4630,1830000
4631,1722300
4632,1698900
4633,1778900
4634,1774100
4635,1713100
4636,1821600
4637,2014600
4638,1875200
4639,1634100
4640,1629800
4641,1654900
4642,1620000
4643,1690400
4644,1721100
4645,1746400
4646,2046300
4647,1968500
4648,1772800
4649,1649900
4650,1643700
4651,1743500
4652,1624600
4653,1682500
4654,1698000
4655,1781200
4656,1973000
4657,1788900
4658,1728500
4659,1619100
4660,1635700
4661,1748900
4662,1699300
4663,1653200
4664,1654600
4665,2061300
4666,2089100
4667,1787800
4668,1782600
4669,1765200
4670,1726300
4671,1802300
4672,1639300
4673,1638900
4674,2055900
4675,1997800
4676,1801000
4677,1685600
4678,1596000
4679,1688600
4680,1700100
4681,1658700
4682,1674500
4683,1914100
4684,1928500
4685,1775300
4686,1737300
4687,1749800
4688,1612000
4689,1689100
4690,1679400
4691,1941700
4692,1757200
4693,1852200
4694,1790600
4695,1655000
4696,1809500
4697,1722300
4698,1645000
4699,1697400
4700,1716600
4701,1793800
4702,1662900
4703,2057200
4704,1809000
4705,1723400
4706,1679800
4707,1791800
4708,1772200
4709,2009700
4710,1938500
4711,1783900
4712,2044400
4713,1956600
4714,1741100
4715,1654800
4716,1642000
4717,1722800
4718,1786500
4719,1814800
4720,1609900
4721,1789000
4722,1926600
4723,1810900
4724,1705200
4725,1659700
4726,1648400
4727,1752400
4728,1753800
4729,1744200
4730,1719900
4731,1931800
4732,1822200
4733,1681900
4734,1618700
4735,1652400
4736,1807100
4737,1904300
4738,1692000
4739,1676700
4740,1876500
4741,2223700
4742,1715300
4743,1779900
4744,1779100
4745,1751000
4746,1750200
4747,1685400
4748,1618600
4749,1655300
4750,1845700
4751,1736100
4752,1727200
4753,1632100
4754,1881200
4755,1864700
4756,1683600
4757,1729800
4758,1613200
4759,1831100
4760,1989700
4761,1685800
4762,1720100
4763,1839100
4764,2214400
4765,1997100
4766,1780200
4767,1760800
4768,1957000
4769,1898200
4770,1829000
4771,1706600
4772,1952000
4773,1758100
4774,1706000
4775,1800300
4776,1689000
4777,1947600
4778,2099000
4779,1751700
4780,1859700
4781,1792200
4782,1695100
4783,1726600
4784,1667500
4785,1708500
4786,1793700
4787,1905700
4788,1737000
4789,1810700
4790,1703000
4791,1679400
4792,1673700
4793,1627200
4794,1642100
4795,1639900
4796,1816500
4797,1797400
4798,1873800
4799,1804700
4800,1670700
4801,1707700
4802,1741500
4803,1721100
4804,1670000
4805,1629900
4806,2225800
4807,1981000
4808,1808900
4809,1731800
4810,1722600
4811,1837300
4812,1808700
4813,1648200
4814,1641300
4815,1900600
4816,1957900
4817,1779000
4818,1710200
4819,1705400
4820,1648200
4821,1678600
4822,1612500
4823,1717100
4824,1845000
4825,2011400
4826,1776000
4827,1698600
4828,1660900
4829,1697100
4830,1733800
4831,1696600
4832,1703600
4833,1827400
4834,2421500
4835,1887600
4836,1740500
4837,1747400
4838,1745000
4839,1722700
4840,1833700
4841,1810800
4842,1694000
4843,1893600
4844,1760500
4845,1628200
4846,1657300
4847,1713200
4848,1719600
4849,1691000
4850,1734700
4851,1755800
4852,1857400
4853,1909700
4854,1750500
4855,1758800
4856,1686500
4857,1718200
4858,1682300
4859,1727000
4860,1759000
4861,1650500
4862,1959200
4863,1735600
4864,1781700
4865,1775400
4866,1685800
4867,1702900
4868,1732100
4869,2077800
4870,1917900
4871,1867300
4872,1817200
4873,1839300
4874,1748500
4875,1754200
4876,1750100
4877,1687000
4878,1979400
4879,1926100
4880,1799900
4881,1981900
4882,1775500
4883,1710200
4884,1678000
4885,1696900
4886,1905300
4887,1857600
4888,1745600
4889,1656700
4890,1847900
4891,1745200
4892,1686900
4893,1700900
4894,1673700
4895,1966900
4896,1953600
4897,1817400
4898,1732100
4899,1932900
4900,1773100
4901,1684200
4902,1682100
4903,1719400
4904,1989700
4905,1812700
4906,1712200
4907,1744700
4908,1800100
4909,1830000
4910,1796900
4911,1639900
4912,1726600
4913,2066300
4914,2160900
4915,2172900
4916,2139200
4917,2213200
4918,1844900
4919,1829200
4920,1673600
4921,1857500
4922,1889700
4923,1734000
4924,1737500
4925,1709800
4926,1908000
4927,1750500
4928,1695800
4929,1642500
4930,2074300
4931,1788000
4932,1675800
4933,1759100
4934,1668300
4935,1879800
4936,1938200
4937,1865300
4938,1951000
4939,1835600
4940,1707000
4941,1672300
4942,1717000
4943,1715300
4944,1664000
4945,1824100
4946,1744100
4947,1635400
4948,1920500
4949,1674300
4950,1696600
4951,1707700
4952,1593100
4953,1646500
4954,1836700
4955,1907200
4956,1987800
4957,1902500
4958,1742700
4959,1761700
4960,1612800
4961,1690000
4962,1666400
4963,1752600
4964,2138200
4965,2006500
4966,1854200
4967,1669300
4968,1670400
4969,1684600
4970,1643900
4971,1664700
4972,1676200
4973,1867200
4974,2065400
4975,2228500
4976,1792700
4977,1663500
4978,1613700
4979,1687700
4980,1619500
4981,1680700
4982,2014400
4983,1981000
4984,1893700
4985,1720100
4986,1763900
4987,2059300
4988,1701100
4989,1627700
4990,1695400
4991,1988500
4992,2099900
4993,1733400
4994,1683900
4995,1651100
4996,1705800
4997,1727900
4998,1733800
4999,1662700
5000,1724200
5001,2051000
5002,1880300
5003,1704800
5004,1730100
5005,1637300
5006,1663200
5007,1737600
5008,1690900
5009,2069300
5010,2377500
5011,1873800
5012,1707200
5013,1717100
5014,1764000
5015,1889900
5016,1758100
5017,1977500
5018,1928600
5019,2017300
5020,1755500
5021,1753800
5022,1714000
5023,1671600
5024,1761500
5025,1793400
5026,1906500
5027,1719400
5028,2016500
5029,2001000
5030,1815000
5031,1724300
5032,1737800
5033,1644400
5034,1840500
5035,1740400
5036,1707200
5037,1787700
5038,2046600
5039,1729000
5040,1632300
5041,1690800
5042,1674100
5043,1835500
5044,1843800
5045,1683000
5046,1713800
5047,1859700
5048,1764100
5049,1682100
5050,1677000
5051,1700300
5052,1727500
5053,1771300
5054,1808200
5055,1733600
5056,1794300
5057,2054300
5058,1816400
5059,1789900
5060,1678300
5061,1829200
5062,2075400
5063,2132500
5064,2172900
5065,2343700
5066,2010200
5067,2031900
5068,1923600
5069,2149800
5070,2053600
5071,1978200
5072,1907000
5073,2013100
5074,2235800
5075,1960000
5076,1991200
5077,1918600
5078,1899700
5079,1920300
5080,2098500
5081,2135500
5082,2325600
5083,1936600
5084,2082300
5085,1972500
5086,1920500
5087,1916600
5088,1869100
5089,2119900
5090,2176900
5091,2153100
5092,2456400
5093,2034800
5094,2011400
5095,2054500
5096,1937900
5097,1986900
5098,2198100
5099,1899900
5100,2121100
5101,2099100
5102,1918300
5103,1901700
5104,1834600
5105,1825700
5106,1927100
5107,2143400
5108,2075700
5109,1913200
5110,1983800
5111,1998100
5112,2001300
5113,2002100
5114,2187300
5115,2794200
5116,2247000
5117,2049600
5118,1904400
5119,1798600
5120,2014000
5121,1872400
5122,2031400
5123,2375200
5124,2094400
5125,2043100
5126,1890000
5127,1874000
5128,1975200
5129,1971000
5130,1896500
5131,2198200
5132,1946800
5133,1908700
5134,1783500
5135,1905800
5136,2303100
5137,2781300
5138,2484300
5139,3978400
5140,4292500
5141,3482900
5142,2325700
5143,2023300
5144,2120400
5145,1860000
5146,1661000
5147,1716900
5148,1593800
5149,1654800
5150,1832800
5151,1673300
5152,1788200
5153,1901200
5154,2076700
5155,1695000
5156,1667700
5157,1680500
5158,1676100
5159,1647300
5160,1785900
5161,1752000
5162,1909900
5163,2050300
5164,1737600
5165,1706700
5166,1694700
5167,1727100
5168,1745700
5169,1766000
5170,1685100
5171,1837200
5172,2022700
5173,1749900
5174,1706300
5175,1657600
5176,1749200
5177,1715800
5178,1728200
5179,1670800
5180,1817700
5181,2072500
5182,1885800
5183,1651700
5184,1683500
5185,1740200
5186,1659600
5187,1716000
5188,1671700
5189,1789600
5190,1803300
5191,2015200
5192,1865200
5193,1772100
5194,1658400
5195,1762200
5196,1616900
5197,1731200
5198,1842300
5199,1776400
5200,1924000
5201,1814500
5202,1756600
5203,1670200
5204,1707800
5205,1576700
5206,1877700
5207,2160500
5208,1889700
5209,1755000
5210,1977600
5211,1682800
5212,1701200
5213,1685200
5214,1670600
5215,1857200
5216,1795400
5217,1701600
5218,1790700
5219,1780900
5220,1780700
5221,1685200
5222,1667500
5223,1768100
5224,1721700
5225,1729200
5226,1675100
5227,1710700
5228,1958700
5229,1964300
5230,1823700
5231,1661600
5232,1798200
5233,1756600
5234,1754300
5235,1623100
5236,1732800
5237,1785900
5238,1855900
5239,1700000
5240,1734200
5241,1764300
5242,1752800
5243,1724800
5244,1768000
5245,1658300
5246,1659800
5247,1854900
5248,1928800
5249,1749800
5250,1888400
5251,1781600
5252,1770300
5253,1662400
5254,1712000
5255,1639400
5256,1702200
5257,2105500
5258,1784500
5259,1813100
5260,1722100
5261,1790500
5262,1696400
5263,1729700
5264,1693100
5265,1646800
5266,1893500
5267,2017600
5268,1756400
5269,1747600
5270,1727100
5271,1740700
5272,1638900
5273,1611600
5274,1653900
5275,1736700
5276,2073800
5277,1769900
5278,1819600
5279,1728800
5280,1679400
5281,1620700
5282,1743000
5283,1598900
5284,1631300
5285,2233800
5286,1909800
5287,1829300
5288,1744200
5289,1614200
5290,1704100
5291,1699600
5292,1654600
5293,1691400
5294,1911700
5295,2104900
5296,1815200
5297,1773800
5298,1642100
5299,1716700
5300,1758000
5301,1787600
5302,1685100
5303,1990600
5304,2060500
5305,1865000
5306,1791200
5307,1686800
5308,1712500
5309,1597600
5310,1808400
5311,1630000
5312,2203900
5313,2263900
5314,1973300
5315,1802700
5316,1771600
5317,1785000
5318,1739500
5319,1907100
5320,1814400
5321,1792900
5322,2137700
5323,1993400
5324,1825400
5325,1789900
5326,1633700
5327,1686400
5328,1867400
5329,1681700
5330,1704200
5331,1925600
5332,1805100
5333,1636900
5334,1641900
5335,1775400
5336,1750200
5337,1810700
5338,1731800
5339,1662300
5340,1868200
5341,1834800
5342,1702700
5343,1675500
5344,1743500
5345,1752900
5346,1692200
5347,1935100
5348,1752900
5349,1705900
5350,1893600
5351,1723000
5352,1735800
5353,1710700
5354,1646900
5355,1844700
5356,1759400
5357,1740700
5358,1766700
5359,1907600
5360,1983000
5361,1756600
5362,1746500
5363,1632800
5364,2028200
5365,1960800
5366,1753800
5367,1839200
5368,1926300
5369,1922600
5370,1804500
5371,1755200
5372,1873200
5373,1852100
5374,1741200
5375,1674500
5376,1735000
5377,1790600
5378,1971800
5379,1721300
5380,1655200
5381,1973200
5382,1746900
5383,1705200
5384,1670100
5385,1888600
5386,1800500
5387,1998100
5388,1810300
5389,1776200
5390,1818200
5391,1658800
5392,1738100
5393,1750700
5394,1796100
5395,1616500
5396,1736900
5397,1864200
5398,1680800
5399,1735100
5400,1680600
5401,1629900
5402,1754700
5403,1810300
5404,1677900
5405,1557500
5406,1878400
5407,1863800
5408,1852000
5409,1691700
5410,1764500
5411,1630200
5412,1713500
5413,1746900
5414,1779000
5415,1942000
5416,1978900
5417,1923700
5418,1770600
5419,1681900
5420,1726900
5421,1808700
5422,1644800
5423,1759600
5424,1686600
5425,1862000
5426,2030000
5427,2086600
5428,1870600
5429,1773400
5430,1744400
5431,1806000
5432,1693400
5433,1724900
5434,2057000
5435,1921400
5436,1740100
5437,1861500
5438,1765100
5439,1595600
5440,1736500
5441,1614400
5442,1625800
5443,2113500
5444,1965200
5445,1681200
5446,1745800
5447,1684300
5448,1723900
5449,1665300
5450,1731000
5451,1707000
5452,1860700
5453,1898200
5454,1817200
5455,1744900
5456,1748600
5457,1617100
5458,1664100
5459,1709000
5460,1691200
5461,2058300
5462,2371600
5463,2005200
5464,2136100
5465,1785000
5466,1680200
5467,1781000
5468,1781600
5469,1917300
5470,1733400
5471,1999000
5472,1783700
5473,1732700
5474,1685600
5475,1713500
5476,1655700
5477,1703300
5478,2085100
5479,1880400
5480,1907200
5481,1823200
5482,1685200
5483,1766900
5484,1711200
5485,1690700
5486,1814000
5487,1794000
5488,1724500
5489,1840300
5490,1940000
5491,1741900
5492,1732700
5493,1623900
5494,1666800
5495,1640000
5496,1884100
5497,1709700
5498,1642000
5499,1967300
5500,1737500
5501,1679200
5502,1720400
5503,1682200
5504,1751300
5505,1969500
5506,1832800
5507,1753600
5508,1977100
5509,1943100
5510,1725900
5511,1649700
5512,1728100
5513,1717400
5514,1870400
5515,1722500
5516,1628100
5517,1765200
5518,1865900
5519,1732300
5520,1801900
5521,1740800
5522,1708600
5523,1784000
5524,1749200
5525,1742100
5526,1776200
5527,2020100
5528,1816100
5529,1764300
5530,1739900
5531,1634800
5532,2191300
5533,1691900
5534,1660100
5535,1756700
5536,1856200
5537,1812400
5538,1698900
5539,1774300
5540,1725700
5541,1896700
5542,1697000
5543,1819000
5544,1651900
5545,1628500
5546,2228800
5547,1764300
5548,1708600
5549,1756700
5550,1852900
5551,1739900
5552,1840100
5553,1646600
5554,1655700
5555,1901700
5556,1803700
5557,1658800
5558,1752100
5559,1991000
5560,1770200
5561,1829000
5562,1653500
5563,1902100
5564,1856600
5565,1839400
5566,1848500
5567,1900100
5568,1730500
5569,1676100
5570,1762400
5571,1694100
5572,1689100
5573,1669300
5574,2054400
5575,1777700
5576,1936400
5577,1933200
5578,1718200
5579,1716500
5580,1644800
5581,1705800
5582,1653400
5583,1775200
5584,1764900
5585,1781300
5586,1794800
5587,1626400
5588,1795100
5589,1633600
5590,1627700
5591,1629300
5592,1744900
5593,2001800
5594,1868100
5595,1776100
5596,1677600
5597,1619400
5598,1652100
5599,1825400
5600,1692900
5601,1723900
5602,1966200
5603,1986200
5604,1801600
5605,1776100
5606,1730600
5607,1621500
5608,1635900
5609,1745400
5610,1674100
5611,1914700
5612,2352100
5613,2271300
5614,2287700
5615,2400400
5616,2049300
5617,1935100
5618,1935100
5619,2200500
5620,2261900
5621,1888600
5622,1808600
5623,1824700
5624,1905600
5625,2103000
5626,1927400
5627,2051800
5628,2311100
5629,1983800
5630,1865300
5631,1877500
5632,1863600
5633,1953500
5634,1880600
5635,2336000
5636,2215900
5637,1973400
5638,1726700
5639,1755800
5640,1758600
5641,1693400
5642,1693100
5643,1898100
5644,1951900
5645,1943200
5646,1844300
5647,1662000
5648,1668400
5649,1713300
5650,1677300
5651,1657600
5652,1915200
5653,1773700
5654,1824200
5655,1845000
5656,1665500
5657,1729400
5658,1740400
5659,1664200
5660,1683700
5661,1859600
5662,1804000
5663,1825000
5664,2483800
5665,1864600
5666,1757800
5667,1646200
5668,1690700
5669,1802500
5670,1834800
5671,1855500
5672,1684900
5673,1983800
5674,1839100
5675,1642500
5676,1666200
5677,1643800
5678,1742500
5679,1847300
5680,1807500
5681,1659200
5682,1864600
5683,1826100
5684,1725000
5685,1702300
5686,1706100
5687,1678900
5688,1746500
5689,1713700
5690,1657200
5691,1807400
5692,1837900
5693,1771400
5694,1708900
5695,1722900
5696,1689400
5697,2044700
5698,2073900
5699,1743900
5700,1800100
5701,1872600
5702,1749800
5703,1746500
5704,1655600
5705,1645700
5706,2011000
5707,1922300
5708,2441600
5709,2280700
5710,2071500
5711,1874400
5712,1788800
5713,1802600
5714,1821500
5715,1735000
5716,1883200
5717,1796000
5718,1696400
5719,1948100
5720,1761100
5721,1624800
5722,1893800
5723,1930500
5724,1833000
5725,1768600
5726,1632600
5727,1742000
5728,1855800
5729,1836100
5730,1734200
5731,1790500
5732,1789500
5733,1706500
5734,1801100
5735,1678400
5736,1621000
5737,1732300
5738,1858900
5739,1692600
5740,1771900
5741,1699900
5742,1749700
5743,1651600
5744,1824400
5745,1689900
5746,1680600
5747,1894200
5748,1776400
5749,1925800
5750,1710600
5751,1698800
5752,1698600
5753,1754300
5754,1701300
5755,1718700
5756,1897200
5757,1834300
5758,1872300
5759,1820400
5760,1644300
5761,1626700
5762,1770900
5763,1694700
5764,1657100
5765,1631000
5766,1712600
5767,2113200
5768,1781600
5769,1807700
5770,1700200
5771,1711500
5772,1766400
5773,1687800
5774,1635000
5775,1857700
5776,1942800
5777,1661500
5778,1813900
5779,1769900
5780,1805400
5781,1658000
5782,1763700
5783,1758000
5784,1711400
5785,2010400
5786,1829100
5787,1709800
5788,1567500
5789,1769700
5790,1691500
5791,1630600
5792,1697900
5793,1932400
5794,2104600
5795,1960000
5796,1757400
5797,1783100
5798,1680700
5799,1700400
5800,1611500
5801,1706400
5802,1923400
5803,2031900
5804,2117500
5805,1845900
5806,1783400
5807,1634000
5808,1770900
5809,1688700
5810,1655700
5811,1796500
5812,2034500
5813,2096000
5814,1744900
5815,1820000
5816,1683900
5817,1780100
5818,1618700
5819,1728800
5820,1756800
5821,1765100
5822,2437700
5823,1887500
5824,1827200
5825,1725400
5826,1740800
5827,1648900
5828,1925100
5829,1789100
5830,1673600
5831,2020300
5832,1803700
5833,1751000
5834,1748200
5835,1635100
5836,1633300
5837,2030400
5838,1774700
5839,1671400
5840,1692600
5841,1850900
5842,1939500
5843,1693900
5844,1620900
5845,1649200
5846,1600100
5847,1836800
5848,1782200
5849,1711500
5850,2129600
5851,1812700
5852,1728500
5853,1793400
5854,1636900
5855,1806700
5856,1845600
5857,1658300
5858,1743700
5859,1723500
5860,1838200
5861,1671800
5862,1754600
5863,1660100
5864,1798100
5865,1863300
5866,1743200
5867,1635800
5868,1625000
5869,1920200
5870,1798900
5871,1751000
5872,1655900
5873,1822600
5874,2081300
5875,1914100
5876,1757000
5877,1758100
5878,1930100
5879,1886800
5880,1770700
5881,2022700
5882,2084600
5883,1872500
5884,1880300
5885,1771200
5886,1872600
5887,1910000
5888,1725000
5889,1658400
5890,1680200
5891,1750400
5892,1668400
5893,1670900
5894,1652500
5895,1762800
5896,1888500
5897,1818600
5898,1693300
5899,1747200
5900,1712200
5901,1618600
5902,1524100
5903,1702500
5904,1682800
5905,1733100
5906,1770600
5907,1736800
5908,1704400
5909,1860100
5910,1732500
5911,1762100
5912,1691000
5913,1808500
5914,1605100
5915,1645200
5916,2079500
5917,1857000
5918,1873400
5919,1771800
5920,1633300
5921,1678600
5922,1784400
5923,1620300
5924,1687000
5925,1845200
5926,2157800
5927,1754100
5928,1713900
5929,1646000
5930,1678800
5931,1791800
5932,1750600
5933,1629600
5934,1639700
5935,1834100
5936,1877000
5937,1771200
5938,1698900
5939,1691600
5940,1713800
5941,1729000
5942,1704400
5943,1719300
5944,2015600
5945,2144600
5946,1771300
5947,1818900
5948,1741000
5949,1844600
5950,1702900
5951,1732500
5952,1683000
5953,1912000
5954,1874400
5955,1781200
5956,1747200
5957,1629600
5958,1630800
5959,1611800
5960,1763300
5961,1617100
5962,1766500
5963,1981700
5964,1769000
5965,1632000
5966,1710400
5967,1744500
5968,1626500
5969,1662500
5970,1709600
5971,1605900
5972,1996100
5973,2036600
5974,1861700
5975,1791200
5976,1674800
5977,1662300
5978,1650300
5979,1719500
5980,2022600
5981,1954700
5982,2020200
5983,1827300
5984,1726700
5985,1638900
5986,1721100
5987,1740200
5988,1667200
5989,1937400
5990,1992900
5991,2122900
5992,1831200
5993,1740700
5994,1728800
5995,1673700
5996,1703100
5997,1772900
5998,1707300
5999,1753700
6000,1829500
6001,1795000
6002,1789900
6003,1725600
6004,1652200
6005,1614700
6006,1789500
6007,2110600
6008,1798000
6009,1755400
6010,2066200
6011,1755900
6012,1674900
6013,1730800
6014,1677700
6015,2057400
6016,2285100
6017,2059200
6018,2335400
6019,2168100
6020,1812200
6021,1719200
6022,1730400
6023,1851600
6024,1776400
6025,1669000
6026,1756500
6027,2001600
6028,1784600
6029,1816300
6030,1744400
6031,1728800
6032,2098300
6033,1876400
6034,1802300
6035,1725200
6036,1856300
6037,1887500
6038,1675300
6039,1683600
6040,1653900
6041,1882600
6042,1772000
6043,1720200
6044,1847900
6045,1701800
6046,1942700
6047,1836500
6048,1712500
6049,1944600
6050,1733500
6051,1646300
6052,1758000
6053,1640600
6054,1605500
6055,1829200
6056,1697800
6057,1662700
6058,1744600
6059,1764800
6060,1719900
6061,1725400
6062,1661400
6063,1648000
6064,1728900
6065,1849500
6066,1821000
6067,1936700
6068,1713700
6069,1638700
6070,1778900
6071,1687900
6072,1581600
6073,1590800
6074,1707700
6075,2020400
6076,1860600
6077,1789400
6078,1728800
6079,1848400
6080,1700700
6081,1751300
6082,1691300
6083,1677900
6084,2012400
6085,1868300
6086,1695400
6087,1805800
6088,1759300
6089,2103600
6090,1632600
6091,1699200
6092,1737800
6093,1963000
6094,1904700
6095,1810300
6096,1794800
6097,1647900
6098,1721300
6099,1685900
6100,1701100
6101,1685400
6102,1879400
6103,2206500
6104,1896100
6105,1826000
6106,1710700
6107,1677400
6108,1616300
6109,1632400
6110,1652700
6111,1672900
6112,1993500
6113,1862000
6114,1831600
6115,1633400
6116,1687700
6117,1715400
6118,1691700
6119,1670000
6120,1651900
6121,2126300
6122,2089500
6123,1865600
6124,1725400
6125,1642000
6126,1650000
6127,1675300
6128,1820000
6129,1662700
6130,1801800
6131,1853700
6132,1776200
6133,1758700
6134,1712000
6135,1713900
6136,1644700
6137,1702500
6138,1739300
6139,1916000
6140,2221500
6141,1879900
6142,1731200
6143,1767700
6144,1741900
6145,1668300
6146,1638800
6147,1734600
6148,1782400
6149,1740900
6150,1903200
6151,1703300
6152,1713600
6153,1679000
6154,1649800
6155,1677000
6156,1965600
6157,1847400
6158,1680400
6159,2183800
6160,1858400
6161,1778300
6162,1729600
6163,1665700
6164,1672000
6165,1896000
6166,1730600
6167,1761800
6168,1992900
6169,1826000
6170,1750100
6171,1597500
6172,1703500
6173,1822900
6174,2019200
6175,2082200
6176,2364200
6177,2276600
6178,2041700
6179,1984200
6180,1986300
6181,1930300
6182,2024200
6183,1903700
6184,1841300
6185,2267200
6186,2195900
6187,1963700
6188,1851500
6189,1994700
6190,1984000
6191,1873600
6192,2097400
6193,2047400
6194,2055600
6195,1924100
6196,2006600
6197,2060200
6198,1947800
6199,1955600
6200,1937800
6201,1863000
6202,2158200
6203,1899500
6204,1971300
6205,2106600
6206,1910500
6207,1949100
6208,1925200
6209,1928000
6210,2079700
6211,2135900
6212,2255900
6213,2182200
6214,1934000
6215,1877500
6216,1871300
6217,1913400
6218,2050000
6219,2122300
6220,2158700
6221,2090000
6222,1938800
6223,1956600
6224,1906600
6225,1833400
6226,2025000
6227,2415400
6228,2081700
6229,1847600
6230,1879600
6231,1975400
6232,1845400
6233,1891400
6234,1871500
6235,2089300
6236,2062200
6237,1859400
6238,1863700
6239,1876300
6240,1879100
6241,1951000
6242,1815300
6243,1919700
6244,2347400
6245,1974700
6246,1819000
6247,1962100
6248,1847900
6249,2338200
6250,2631200
6251,2470900
6252,2982200
6253,4184800
6254,2988900
6255,2000700
6256,1877100
6257,1789200
6258,2063300
6259,1797700
6260,1854300
6261,1771500
6262,1693900
6263,1644900
6264,1646600
6265,1663100
6266,2045000
6267,2281100
6268,2539300
6269,2125600
6270,2009700
6271,1717400
6272,1745100
6273,1665900
6274,1812700
6275,1725700
6276,2378900
6277,1857300
6278,1791400
6279,1717400
6280,1767200
6281,1662200
6282,1911500
6283,1740900
6284,1735500
6285,1856300
6286,1752000
6287,1679300
6288,1695600
6289,1668200
6290,1637600
6291,1734900
6292,1727200
6293,1622600
6294,1863100
6295,1873500
6296,1748300
6297,1782500
6298,1748100
6299,1785700
6300,1772500
6301,1736500
6302,1695700
6303,1728500
6304,1997000
6305,1665100
6306,1779100
6307,1750100
6308,1659900
6309,1891200
6310,1760200
6311,1833100
6312,1629500
6313,1864300
6314,1838100
6315,1708000
6316,1658300
6317,1679300
6318,1922900
6319,1807300
6320,1764200
6321,1651100
6322,1697300
6323,1873100
6324,1744300
6325,1639700
6326,1610500
6327,1883400
6328,1837300
6329,1825400
6330,1799500
6331,1805600
6332,1898100
6333,1918700
6334,1697800
6335,1872200
6336,1708500
6337,1779700
6338,1667300
6339,1802200
6340,1703100
6341,1963100
6342,2067400
6343,1690100
6344,1860100
6345,1710900
6346,1694900
6347,1752000
6348,1792200
6349,1644000
6350,1767400
6351,1898000
6352,1921600
6353,1811600
6354,1742600
6355,1700900
6356,1701200
6357,1799800
6358,1669600
6359,1741500
6360,1859900
6361,1937800
6362,1830900
6363,1764300
6364,1762500
6365,1649400
6366,1763800
6367,1661900
6368,1649100
6369,1752500
6370,2130900
6371,1836400
6372,1736700
6373,1681800
6374,1674400
6375,1756900
6376,1745800
6377,1692000
6378,1647000
6379,1958900
6380,1817600
6381,1791600
6382,1812400
6383,1699500
6384,1735300
6385,1810600
6386,1670100
6387,1623600
6388,1887100
6389,2030700
6390,1729400
6391,1650200
6392,1752800
6393,1707400
6394,1610500
6395,1615000
6396,1679800
6397,1743200
6398,1878800
6399,1757700
6400,1747600
6401,1641500
6402,1744400
6403,1809500
6404,1700600
6405,1699500
6406,1790400
6407,2076300
6408,2011000
6409,1753400
6410,1748400
6411,1762900
6412,1679100
6413,1675000
6414,1865300
6415,1767900
6416,1726200
6417,1838800
6418,1743800
6419,1711400
6420,1767800
6421,1658100
6422,1628700
6423,1781800
6424,2186600
6425,1936100
6426,2122200
6427,1813400
6428,1717500
6429,1910100
6430,1764700
6431,1992300
6432,1890600
6433,1713900
6434,1735600
6435,2193000
6436,1835100
6437,1794200
6438,1752000
6439,1754600
6440,1777800
6441,1786000
6442,1628700
6443,1730700
6444,1744100
6445,1803700
6446,1866600
6447,1696000
6448,1615400
6449,1753500
6450,1746900
6451,1665700
6452,1768500
6453,1708100
6454,1948300
6455,1803500
6456,1665500
6457,1764300
6458,1717600
6459,1711300
6460,1732000
6461,1730200
6462,1679200
6463,1907300
6464,2112200
6465,1735500
6466,1738100
6467,1738500
6468,1753900
6469,1669500
6470,1686900
6471,1740300
6472,1694300
6473,1945400
6474,1704200
6475,1732700
6476,1745500
6477,1735900
6478,1589200
6479,1711500
6480,1690100
6481,1674800
6482,1902400
6483,1797700
6484,1807800
6485,1898800
6486,1821000
6487,1725300
6488,1652000
6489,1644700
6490,1737600
6491,1942300
6492,1959200
6493,1724100
6494,2132500
6495,1748500
6496,1757200
6497,1663600
6498,1798400
6499,1709800
6500,1657500
6501,1940400
6502,1859100
6503,1756600
6504,1748300
6505,1671200
6506,1625800
6507,1759500
6508,1820000
6509,1735600
6510,1756800
6511,2194000
6512,1814800
6513,1708500
6514,1750700
6515,1695000
6516,1657700
6517,1758800
6518,1700800
6519,1670500
6520,2118700
6521,1974100
6522,1752300
6523,1736900
6524,1752100
6525,1733300
6526,1655100
6527,1741700
6528,1697400
6529,2263600
6530,1821900
6531,1783500
6532,1643300
6533,1747600
6534,1810800
6535,1721600
6536,1755400
6537,1774900
6538,1882500
6539,1869700
6540,1748600
6541,1690700
6542,1661700
6543,1746800
6544,1724600
6545,1621900
6546,1895100
6547,2176400
6548,2240700
6549,1753500
6550,1679600
6551,1740800
6552,1777100
6553,1683100
6554,1758200
6555,1809300
6556,1785400
6557,2310400
6558,1755200
6559,1777300
6560,1729200
6561,1640000
6562,1730800
6563,1676700
6564,2106300
6565,2352300
6566,2281500
6567,2196300
6568,1761500
6569,1785800
6570,1730800
6571,1668800
6572,1958700
6573,1911800
6574,2008100
6575,1834600
6576,1780700
6577,1771900
6578,1613700
6579,1709200
6580,1646900
6581,1749700
6582,1732600
6583,1688900
6584,1944700
6585,1720000
6586,1717900
6587,1688400
6588,1645400
6589,1594000
6590,1995100
6591,1946000
6592,1848100
6593,1993100
6594,1972300
6595,1751100
6596,1701100
6597,1733000
6598,1834900
6599,1669700
6600,1752900
6601,1697800
6602,1878100
6603,1855500
6604,1694000
6605,1787000
6606,1657200
6607,1743900
6608,1837100
6609,1682900
6610,1697900
6611,1631300
6612,1967200
6613,1797600
6614,1676000
6615,1751800
6616,1885900
6617,1864600
6618,1827600
6619,1651300
6620,1713800
6621,1996400
6622,1794400
6623,1767400
6624,1725900
6625,1843600
6626,1730300
6627,1764700
6628,1712600
6629,1764900
6630,2015100
6631,2033700
6632,1747500
6633,2000600
6634,1796900
6635,1716300
6636,2251100
6637,1745000
6638,1812800
6639,1813800
6640,1892500
6641,1658100
6642,1819800
6643,1735100
6644,1662400
6645,1646300
6646,1832200
6647,1636700
6648,1729600
6649,1837700
6650,1800700
6651,1877600
6652,1797400
6653,1631900
6654,1580500
6655,1623300
6656,1744100
6657,1636500
6658,1864300
6659,2090900
6660,1929300
6661,1786200
6662,1721200
6663,1655700
6664,1747800
6665,1679600
6666,1656900
6667,1804300
6668,1887400
6669,2059200
6670,1911200
6671,1728800
6672,1621800
6673,1801400
6674,1836400
6675,1739200
6676,1672900
6677,1877100
6678,1880800
6679,1791900
6680,1703700
6681,1791600
6682,1730900
6683,1625500
6684,1722600
6685,1657600
6686,1850600
6687,2303700
6688,1910100
6689,1810900
6690,1710400
6691,1742500
6692,1705700
6693,1725400
6694,1759400
6695,1649300
6696,2082500
6697,1858800
6698,1808200
6699,1758900
6700,1679000
6701,1658500
6702,1636000
6703,1668800
6704,1625400
6705,1939300
6706,2022900
6707,1769000
6708,1638300
6709,1591800
6710,1723600
6711,1608400
6712,1747300
6713,1717400
6714,1855300
6715,2063800
6716,1909900
6717,1706700
6718,1744400
6719,1710800
6720,1613700
6721,1670300
6722,1784200
6723,2046600
6724,2664700
6725,2314200
6726,2511700
6727,2067100
6728,2069200
6729,2332300
6730,2063100
6731,2229300
6732,2092800
6733,2116800
6734,1852100
6735,1947000
6736,1866800
6737,2081600
6738,2076700
6739,2228400
6740,2184000
6741,1956200
6742,1871000
6743,1934000
6744,1977800
6745,2330700
6746,2120800
6747,1941100
6748,1771900
6749,1724800
6750,1772600
6751,1645300
6752,1734400
6753,1613400
6754,2131200
6755,1836100
6756,1859300
6757,1906700
6758,1788800
6759,1740800
6760,1716100
6761,1649200
6762,1713600
6763,1876600
6764,1848800
6765,1817700
6766,2100500
6767,1926200
6768,1706100
6769,1703900
6770,1801400
6771,1850200
6772,1828000
6773,1731900
6774,1686900
6775,2231100
6776,1964400
6777,1777600
6778,1715600
6779,1789800
6780,1782900
6781,1786600
6782,1800600
6783,1713000
6784,1824800
6785,1895400
6786,1710700
6787,1639600
6788,1856400
6789,1747800
6790,1762400
6791,1723700
6792,1667600
6793,1712400
6794,1898600
6795,1828400
6796,1716000
6797,1810100
6798,1675700
6799,1725400
6800,1841900
6801,1716100
6802,1691800
6803,2030800
6804,1997300
6805,1892400
6806,1789100
6807,1740500
6808,1727700
6809,1701600
6810,1746200
6811,1768300
6812,1716800
6813,1849400
6814,1928000
6815,1792700
6816,1718300
6817,1680900
6818,1710700
6819,1749600
6820,1634700
6821,1624200
6822,1917400
6823,1976200
6824,1712900
6825,1656300
6826,1725800
6827,1653000
6828,1724700
6829,1685800
6830,1755100
6831,1823300
6832,1804400
6833,2268300
6834,1875000
6835,2443300
6836,2039400
6837,1877100
6838,1767100
6839,1704800
6840,2318600
6841,1878700
6842,1720100
6843,1820300
6844,1695800
6845,1696500
6846,1783600
6847,1652200
6848,1733400
6849,2038700
6850,1861800
6851,1736800
6852,1768900
6853,1614100
6854,1708600
6855,1687300
6856,1701100
6857,1649900
6858,1968100
6859,1967900
6860,1725100
6861,1695000
6862,1712700
6863,1659400
6864,1660500
6865,1620900
6866,1716700
6867,1728700
6868,1888800
6869,2027800
6870,1781300
6871,1696900
6872,1670600
6873,1677100
6874,1692100
6875,1663800
6876,1915200
6877,1923000
6878,1968600
6879,1826000
6880,1735100
6881,1683100
6882,1649100
6883,1682800
6884,1820600
6885,1858200
6886,1755600
6887,1945100
6888,1835400
6889,1755100
6890,1790000
6891,1724400
6892,1660400
6893,1952200
6894,1894700
6895,1705000
6896,2013500
6897,1781900
6898,1632900
6899,1716500
6900,1712000
6901,1620100
6902,1873600
6903,1712800
6904,1781100
6905,1775300
6906,1991500
6907,1704100
6908,1774200
6909,1723500
6910,1752300
6911,1833000
6912,1913700
6913,1838000
6914,1687000
6915,1827900
6916,1808800
6917,1716500
6918,1671600
6919,1710200
6920,1746100
6921,1694400
6922,1796000
6923,1666500
6924,1780500
6925,1986200
6926,1777200
6927,1616300
6928,1678400
6929,1792200
6930,1713100
6931,1703000
6932,1696500
6933,1629600
6934,2105500
6935,1906900
6936,1722000
6937,1738400
6938,1760900
6939,1823000
6940,1763500
6941,1729200
6942,1645400
6943,1884000
6944,1860900
6945,1767400
6946,1691700
6947,1841600
6948,1745400
6949,1841600
6950,1602400
6951,1798100
6952,1670300
6953,2041900
6954,1699200
6955,1680600
6956,1776800
6957,1746100
6958,1809600
6959,1655800
6960,1729400
6961,1696800
6962,2072500
6963,1939600
6964,1753000
6965,1753900
6966,1782400
6967,1820800
6968,1753800
6969,1665700
6970,1635600
6971,1782700
6972,1826000
6973,1767200
6974,1811400
6975,1743800
6976,1785600
6977,1657700
6978,1630900
6979,1703000
6980,1697100
6981,1782500
6982,2213600
6983,2269900
6984,2038700
6985,1800600
6986,1758900
6987,1765900
6988,1753000
6989,1902300
6990,2344800
6991,1892200
6992,1830800
6993,1760100
6994,1802900
6995,1776100
6996,1677500
6997,1688800
6998,1663000
6999,2114600
7000,1851200
7001,1781500
7002,1735100
7003,1751600
7004,1620700
7005,1832400
7006,1687100
7007,1690900
7008,2132600
7009,1840100
7010,1732300
7011,1715400
7012,1630100
7013,1655400
7014,1698400
7015,1637100
7016,1703900
7017,1686700
7018,2097300
7019,1753700
7020,1774900
7021,1805700
7022,1663800
7023,1626100
7024,1696400
7025,1740000
7026,1798800
7027,2311800
7028,1844300
7029,1702300
7030,1683000
7031,1679300
7032,1653600
7033,1679100
7034,1635000
7035,1771200
7036,1903300
7037,1916800
7038,1739800
7039,1726800
7040,1650100
7041,1665300
7042,1771500
7043,1872200
7044,1738600
7045,1841900
7046,1984700
7047,1732500
7048,1760700
7049,1759000
7050,1696900
7051,1699600
7052,1851200
7053,1769300
7054,1696300
7055,2043000
7056,2009800
7057,1852100
7058,1686600
7059,1814800
7060,1749400
7061,1843100
7062,1834300
7063,1786000
7064,1761600
7065,1820700
7066,1795900
7067,1748600
7068,1667500
7069,1629800
7070,1788500
7071,1815900
7072,1594000
7073,1724800
7074,1904200
7075,1810600
7076,1729400
7077,1696400
7078,1679900
7079,1767800
7080,1719500
7081,1818000
7082,1688700
7083,1933000
7084,1843500
7085,1716600
7086,1646200
7087,1707400
7088,1746900
7089,1750100
7090,1784200
7091,1683600
7092,1718100
7093,2125600
7094,1818300
7095,1760400
7096,1753300
7097,1753100
7098,1752300
7099,1731300
7100,1707900
7101,1673700
7102,1967600
7103,1778500
7104,1680100
7105,1769300
7106,2083900
7107,1996900
7108,1823000
7109,1680900
7110,1701000
7111,1754700
7112,1930900
7113,1960000
7114,1727700
7115,1745300
7116,1776400
7117,1679300
7118,1670200
7119,1702000
7120,1656900
7121,2279400
7122,2391600
7123,2142800
7124,2053500
7125,1975600
7126,1844200
7127,1728300
7128,1769100
7129,2075700
7130,1934700
7131,1733400
7132,1772500
7133,1684700
7134,1672500
7135,1649900
7136,1680700
7137,1696100
7138,2066400
7139,1926100
7140,1709600
7141,1706500
7142,1657600
7143,1608200
7144,1592000
7145,1648900
7146,1713200
7147,1676500
7148,2502500
7149,1929600
7150,1783600
7151,1732600
7152,1735300
7153,1689800
7154,1858500
7155,1732900
7156,1762400
7157,2070300
7158,1931900
7159,1769600
7160,1649600
7161,1675300
7162,1735200
7163,1694200
7164,1736700
7165,1731700
7166,1745200
7167,1972400
7168,1737000
7169,1706100
7170,1620100
7171,1696500
7172,1611000
7173,2021800
7174,1719500
7175,1683200
7176,1871900
7177,1847700
7178,1649300
7179,1679500
7180,1738800
7181,1653500
7182,1704600
7183,2074300
7184,1834900
7185,2009400
7186,2091700
7187,1794700
7188,1775300
7189,1717400
7190,1691900
7191,2163700
7192,1743100
7193,1708200
7194,1809400
7195,1986300
7196,1669200
7197,1647100
7198,1665100
7199,1798400
7200,1704800
7201,1676400
7202,1741100
7203,1753400
7204,2001200
7205,1877600
7206,1746300
7207,1671400
7208,1833100
7209,1745000
7210,1801600
7211,1806600
7212,1751500
7213,2178800
7214,1847700
7215,1723600
7216,1654100
7217,1914800
7218,1825300
7219,1664800
7220,1729100
7221,1769100
7222,1787400
7223,2033700
7224,1835000
7225,1732200
7226,1941900
7227,1758900
7228,1707000
7229,1583700
7230,1728500
7231,1718800
7232,1876100
7233,1701800
7234,1756300
7235,1795600
7236,1710700
7237,1696100
7238,1775700
7239,1633100
7240,1732400
7241,2032900
7242,2103000
7243,1726000
7244,1866200
7245,1766100
7246,1852000
7247,1969700
7248,1732900
7249,1675600
7250,1932100
7251,1794500
7252,1870700
7253,1717800
7254,1686300
7255,1660800
7256,1792600
7257,1768000
7258,1748100
7259,1716000
7260,1958100
7261,1941700
7262,1801800
7263,1667300
7264,1706500
7265,1724900
7266,1640300
7267,1757700
7268,1615000
7269,2017500
7270,2208500
7271,1763700
7272,1710300
7273,1770300
7274,1726800
7275,1662900
7276,1697300
7277,1672500
7278,1925500
7279,2326600
7280,2238200
7281,2288700
7282,2071400
7283,1934000
7284,1922300
7285,1944000
7286,2243100
7287,2180800
7288,1959000
7289,1931900
7290,1889800
7291,1944800
7292,1921000
7293,1923200
7294,2036200
7295,2240000
7296,2006700
7297,2018600
7298,1987200
7299,1860800
7300,1844300
7301,2323800
7302,2325400
7303,2245100
7304,2000500
7305,1959100
7306,1946400
7307,1886400
7308,2175400
7309,2016300
7310,1875500
7311,2203600
7312,2078700
7313,1901700
7314,1917800
7315,1863400
7316,1982800
7317,1964000
7318,1883500
7319,2103200
7320,2038600
7321,1882800
7322,1853400
7323,1767000
7324,2252000
7325,2168400
7326,1990800
7327,1962200
7328,2608000
7329,1997500
7330,2012000
7331,2018400
7332,1941700
7333,1874900
7334,1897200
7335,1830300
7336,2408700
7337,1930400
7338,1875400
7339,1991300
7340,1817500
7341,1855000
7342,1859600
7343,1888300
7344,1938700
7345,2241500
7346,1920800
7347,1988100
7348,1875700
7349,1940700
7350,1848900
7351,1808500
7352,1753700
7353,2120700
7354,2044100
7355,2623400
7356,2863100
7357,1963200
7358,3228300
7359,3894900
7360,3234000
7361,1929800
7362,1760800
7363,1666900
7364,1714900
7365,1684200
7366,1734600
7367,1749500
7368,1856900
7369,1912200
7370,1810900
7371,1686200
7372,1726900
7373,1680600
7374,1608700
7375,1629400
7376,1735700
7377,1818800
7378,1948200
7379,1829100
7380,1806700
7381,1713300
7382,1720000
7383,1742600
7384,1672200
7385,1726900
7386,1772500
7387,2436700
7388,2041900
7389,2433400
7390,2153400
7391,1875400
7392,1823100
7393,1755100
7394,1761200
7395,2054200
7396,1796400
7397,1746500
7398,1646900
7399,1702400
7400,1765000
7401,1600500
7402,1675200
7403,1696100
7404,1965100
7405,1867200
7406,1760400
7407,1720100
7408,1729500
7409,1733600
7410,1731900
7411,1748200
7412,1769100
7413,1895400
7414,2072000
7415,1747200
7416,1711400
7417,1696100
7418,1663300
7419,1656700
7420,1662400
7421,1766100
7422,1853900
7423,1880200
7424,1760700
7425,1666900
7426,1733500
7427,1692800
7428,1726600
7429,1795400
7430,1727700
7431,1861700
7432,1719800
7433,1977600
7434,1813000
7435,1755700
7436,1683400
7437,1691500
7438,1694500
7439,1941400
7440,1818400
7441,1724900
7442,1758500
7443,1777000
7444,1691200
7445,1654300
7446,1757300
7447,1696800
7448,1866800
7449,1944400
7450,1757200
7451,1812300
7452,1869900
7453,1854900
7454,1667300
7455,1736700
7456,1619100
7457,1873000
7458,1803800
7459,1674000
7460,1717700
7461,2036300
7462,1770400
7463,1703100
7464,1762600
7465,1819100
7466,1674600
7467,1727400
7468,1685100
7469,1607500
7470,1726700
7471,1996000
7472,1751600
7473,1795900
7474,1834200
7475,1731800
7476,1684200
7477,1726900
7478,1632900
7479,1724100
7480,2191000
7481,1896200
7482,1730600
7483,1813600
7484,1751800
7485,1755700
7486,1761800
7487,1741100
7488,1716400
7489,1805100
7490,1833900
7491,1737900
7492,1734600
7493,1732300
7494,1680800
7495,1667300
7496,1756400
7497,1678000
7498,1721500
7499,1953600
7500,1733900
7501,1843500
7502,1830400
7503,1681100
7504,1878900
7505,1718300
7506,1687400
7507,1677500
7508,2003100
7509,1758800
7510,1948500
7511,1920100
7512,1887200
7513,1733900
7514,1728400
7515,1634900
7516,1752600
7517,2097000
7518,1744200
7519,1751100
7520,1672600
7521,1733900
7522,1661000
7523,1669400
7524,1643600
7525,1684000
7526,1851000
7527,1869700
7528,1863700
7529,1682600
7530,1633600
7531,1632500
7532,1657500
7533,1630900
7534,1651300
7535,1713400
7536,1699800
7537,2314200
7538,2214800
7539,1868200
7540,1770400
7541,1825000
7542,1800300
7543,1791700
7544,1727200
7545,1928400
7546,2050700
7547,1856200
7548,1888900
7549,1700200
7550,1758100
7551,1738500
7552,1720100
7553,1662200
7554,1923900
7555,1819500
7556,1730400
7557,1736500
7558,1746100
7559,1710900
7560,1826400
7561,1828500
7562,1863800
7563,1756900
7564,2034900
7565,1820200
7566,1737300
7567,1706800
7568,1663900
7569,1739900
7570,1749300
7571,1948200
7572,1838400
7573,2065800
7574,1833200
7575,1705700
7576,1613400
7577,1708100
7578,1673000
7579,1846300
7580,1704100
7581,1667800
7582,1960600
7583,2047300
7584,1796600
7585,1746400
7586,1743900
7587,1680100
7588,1774000
7589,1736500
7590,1651900
7591,1739100
7592,1881900
7593,1784700
7594,1666400
7595,1724100
7596,1667500
7597,1869700
7598,1842100
7599,1712300
7600,1657000
7601,1738600
7602,1994000
7603,1834400
7604,1623900
7605,1646600
7606,1891400
7607,1802400
7608,1707900
7609,1686700
7610,1745800
7611,2091700
7612,1856400
7613,1738200
7614,1625200
7615,1784900
7616,1746000
7617,1673400
7618,1632500
7619,1740400
7620,1933300
7621,1967600
7622,1656100
7623,1673600
7624,1858000
7625,1710400
7626,1668100
7627,1642100
7628,1787600
7629,2002200
7630,1869800
7631,1724000
7632,1783500
7633,1793700
7634,1749600
7635,1662400
7636,1663700
7637,1695300
7638,1682700
7639,2277000
7640,1853600
7641,2065800
7642,1727700
7643,1731400
7644,1694000
7645,1753300
7646,1805300
7647,1744600
7648,1951200
7649,1813300
7650,1761100
7651,1762500
7652,1731800
7653,1786400
7654,1691700
7655,1670300
7656,1692700
7657,1784300
7658,2116900
7659,2460200
7660,2005500
7661,1886200
7662,1796800
7663,1664000
7664,1832900
7665,1715400
7666,1950000
7667,2108300
7668,2189300
7669,1935200
7670,2053000
7671,1862600
7672,1795800
7673,1666300
7674,1716200
7675,2139400
7676,1919900
7677,1692200
7678,1722700
7679,1703500
7680,1778600
7681,1707600
7682,1673000
7683,1798100
7684,1901200
7685,1767400
7686,1714200
7687,1730800
7688,1711400
7689,1813100
7690,1710000
7691,1680000
7692,1938700
7693,1822300
7694,1781500
7695,1649800
7696,1797200
7697,1622100
7698,1715100
7699,1688700
7700,1712800
7701,2070900
7702,2145400
7703,1956400
7704,1785500
7705,1672400
7706,1739200
7707,1672700
7708,1659300
7709,1845000
7710,1805200
7711,1785300
7712,1925900
7713,1911100
7714,1806200
7715,1738600
7716,1622500
7717,1686300
7718,1773400
7719,1911800
7720,1813400
7721,1755100
7722,1846800
7723,1832300
7724,1789300
7725,1711600
7726,1640200
7727,1956300
7728,1839500
7729,1797100
7730,1905000
7731,2098900
7732,1831200
7733,1781900
7734,1739300
7735,1866500
7736,1736200
7737,2286000
7738,1791100
7739,1823900
7740,1968600
7741,1766000
7742,1740300
7743,1708300
7744,1821500
7745,1765500
7746,1773000
7747,1662600
7748,1721200
7749,1982100
7750,1901100
7751,1739800
7752,1665000
7753,1766400
7754,1693600
7755,1709900
7756,1656500
7757,1732200
7758,1909300
7759,2167000
7760,1753200
7761,1981200
7762,1792600
7763,1669700
7764,1706300
7765,1648100
7766,1712300
7767,1911600
7768,2014800
7769,1738200
7770,1793800
7771,1768400
7772,1654800
7773,1750300
7774,1857700
7775,1650100
7776,1680900
7777,2032500
7778,1807000
7779,2047600
7780,1795800
7781,1779100
7782,1645700
7783,1737900
7784,1721100
7785,1701500
7786,1841600
7787,1854000
7788,2023700
7789,1796300
7790,1771300
7791,1688200
7792,1838700
7793,1720300
7794,1739500
7795,2070000
7796,2138100
7797,1890400
7798,1700000
7799,1661300
7800,1630400
7801,1646700
7802,1800000
7803,1643200
7804,1740500
7805,2000200
7806,1769800
7807,1712700
7808,1663900
7809,1701600
7810,1616800
7811,1728600
7812,1666800
7813,1724800
7814,2244600
7815,1784500
7816,1775000
7817,1694700
7818,1724800
7819,1645600
7820,1760200
7821,1568900
7822,1645400
7823,1878800
7824,2528400
7825,2257800
7826,2462100
7827,2396000
7828,2207600
7829,2035600
7830,2162600
7831,2264400
7832,2028800
7833,1909300
7834,1829900
7835,1941400
7836,1914500
7837,1956900
7838,2213700
7839,2587200
7840,2114600
7841,1986800
7842,1960300
7843,1829000
7844,1935700
7845,1898800
7846,1950100
7847,2222000
7848,2054500
7849,1888900
7850,1824000
7851,1669800
7852,1673400
7853,1714200
7854,1669900
7855,1831900
7856,1913100
7857,1938100
7858,1769400
7859,1792100
7860,1723000
7861,1713500
7862,1681100
7863,1669500
7864,1811000
7865,1843100
7866,2188900
7867,1943300
7868,1720000
7869,1718500
7870,1787600
7871,1747700
7872,1828300
7873,1954200
7874,1853500
7875,1887100
7876,1836100
7877,1746300
7878,1715900
7879,1699400
7880,1666400
7881,1788100
7882,1748900
7883,1701200
7884,1885800
7885,2139200
7886,1817300
7887,1700000
7888,1718200
7889,1838400
7890,1714600
7891,1742500
7892,1692700
7893,1852800
7894,1944300
7895,1792000
7896,1630000
7897,1685100
7898,1838700
7899,1783700
7900,1678700
7901,1752400
7902,1670900
7903,1978900
7904,1831800
7905,1762200
7906,1669500
7907,1838300
7908,1840100
7909,1680000
7910,1737300
7911,1644900
7912,1962800
7913,1937600
7914,1790900
7915,1657200
7916,1795400
7917,1767900
7918,1726900
7919,1700400
7920,1781100
7921,1808500
7922,1839400
7923,1698600
7924,1716900
7925,1731400
7926,1783600
7927,1674000
7928,1683400
7929,1717900
7930,1742700
7931,1787400
7932,1830000
7933,1811000
7934,1876900
7935,1769100
7936,1734400
7937,1682700
7938,1761600
7939,1721900
7940,1758400
7941,2072200
7942,1777400
7943,1938600
7944,1799400
7945,1788200
7946,1779300
7947,1713400
7948,1765300
7949,1794800
7950,1903300
7951,2042300
7952,2100200
7953,2413200
7954,2110100
7955,1904400
7956,1840400
7957,1729400
7958,1815800
7959,2061300
7960,1923400
7961,1731400
7962,1751400
7963,1739400
7964,1774100
7965,1806100
7966,1740600
7967,1702300
7968,1902700
7969,1782600
7970,1738100
7971,1727300
7972,1742200
7973,1637800
7974,1778000
7975,1720900
7976,1652800
7977,2049900
7978,1811200
7979,1745600
7980,1679900
7981,1618400
7982,1603500
7983,1859700
7984,1713600
7985,1624400
7986,1885400
7987,1840300
7988,1766900
7989,1734400
7990,1776000
7991,1623200
7992,1820200
7993,1747400
7994,1566000
7995,1909800
7996,2241100
7997,1833500
7998,1666200
7999,1685900
8000,1723100
8001,1689800
8002,1615200
8003,1617700
8004,1885500
8005,1992300
8006,2090000
8007,1724300
8008,1722300
8009,1683700
8010,1719100
8011,1694200
8012,1804900
8013,1741200
8014,1784400
8015,1993200
8016,1728100
8017,1713700
8018,1731800
8019,1707300
8020,1664900
8021,1918800
8022,1771300
8023,1718700
8024,1908800
8025,1822500
8026,1752400
8027,1792000
8028,1702100
8029,1669100
8030,1733800
8031,1701600
8032,1635500
8033,1661000
8034,1976900
8035,1757600
8036,1738300
8037,1663200
8038,1787100
8039,1910700
8040,1773000
8041,1726000
8042,1629800
8043,2248400
8044,2003800
8045,1695300
8046,1680000
8047,1628700
8048,1848400
8049,1736300
8050,1764000
8051,1651900
8052,1838800
8053,1880800
8054,1719400
8055,1732200
8056,1703300
8057,1802400
8058,1728500
8059,1714700
8060,1658100
8061,1687700
8062,2013900
8063,1817900
8064,1701400
8065,1918900
8066,1676400
8067,1734700
8068,1800200
8069,1630600
8070,1739100
8071,2039200
8072,1859700
8073,1700900
8074,1932500
8075,1784800
8076,1633900
8077,1742300
8078,1630900
8079,1667200
8080,1863300
8081,1993100
8082,1774300
8083,1828000
8084,1756000
8085,1733200
8086,1731000
8087,1781300
8088,1645600
8089,1800200
8090,2029000
8091,1774500
8092,2029200
8093,2019300
8094,1793200
8095,1792000
8096,1850000
8097,1814500
8098,1915900
8099,2351300
8100,1947100
8101,1790000
8102,1848800
8103,1747700
8104,1772400
8105,1694400
8106,1726400
8107,1679000
8108,1909600
8109,1810700
8110,1669200
8111,1579000
8112,1683000
8113,1756800
8114,1648100
8115,1737500
8116,1679200
8117,1792900
8118,1959100
8119,1754300
8120,1717900
8121,1675100
8122,1793800
8123,1724900
8124,1713000
8125,1643800
8126,1749700
8127,2119200
8128,1808200
8129,1659100
8130,1739700
8131,1615600
8132,1649300
8133,1697900
8134,1739900
8135,1717200
8136,1893300
8137,2090800
8138,1694700
8139,1694600
8140,1771200
8141,1667700
8142,1782400
8143,1716700
8144,1767000
8145,1883500
8146,1885400
8147,1714700
8148,1743300
8149,1608900
8150,1683800
8151,1784300
8152,1705600
8153,1696200
8154,1742600
8155,1745800
8156,1875400
8157,1784900
8158,1716100
8159,1650300
8160,1771800
8161,1700900
8162,1941200
8163,1771800
8164,1830400
8165,2154800
8166,1795000
8167,1616100
8168,1804800
8169,1658600
8170,1770600
8171,1791700
8172,1734700
8173,1654200
8174,1890900
8175,1784500
8176,1694000
8177,1733700
8178,1698100
8179,1666600
8180,1807200
8181,1683400
8182,1690800
8183,1695500
8184,2015900
8185,1786300
8186,1650700
8187,1669100
8188,1707800
8189,1698400
8190,1747900
8191,1620500
8192,1724000
8193,1882200
8194,2097200
8195,1738400
8196,1822600
8197,1673200
8198,1779700
8199,1802800
8200,1641800
8201,1628800
8202,1654500
8203,1868000
8204,1743000
8205,1670400
8206,1685600
8207,1993100
8208,1730300
8209,1658100
8210,1655600
8211,1678400
8212,1907600
8213,1915800
8214,1697300
8215,1594300
8216,2063500
8217,2583200
8218,2423200
8219,2173100
8220,2077100
8221,1960600
8222,1718400
8223,1662900
8224,1846000
8225,1754800
8226,1747900
8227,1704400
8228,1619700
8229,1781700
8230,2076200
8231,1894600
8232,1754400
8233,1688600
8234,1752300
8235,1673400
8236,1665900
8237,1651500
8238,1736600
8239,1794300
8240,1864700
8241,1624900
8242,1900400
8243,1687400
8244,1669200
8245,1773000
8246,1734200
8247,1702700
8248,1749300
8249,1897500
8250,2033900
8251,1754600
8252,1664500
8253,1723600
8254,1685000
8255,1716900
8256,1744000
8257,1738300
8258,2122800
8259,2162700
8260,1839500
8261,1755900
8262,1739900
8263,1718500
8264,1738500
8265,1712500
8266,1789600
8267,1963800
8268,2126800
8269,1800500
8270,1717200
8271,1698800
8272,1642900
8273,1689600
8274,1719400
8275,1642200
8276,1764200
8277,2160600
8278,1767900
8279,1766600
8280,1698600
8281,1737400
8282,1768000
8283,1738600
8284,1633300
8285,1772000
8286,2350900
8287,2016500
8288,1724800
8289,1779700
8290,1664700
8291,1833400
8292,1705700
8293,2131600
8294,2082900
8295,2849200
8296,2228100
8297,2045200
8298,1971000
8299,2015700
8300,1828100
8301,1950900
8302,2131100
8303,2036100
8304,1989300
8305,1757900
8306,1858100
8307,1791200
8308,1906200
8309,1902100
8310,1963600
8311,2169800
8312,1935500
8313,1841600
8314,2057200
8315,2120200
8316,1821300
8317,1799300
8318,2018600
8319,1922400
8320,2056300
8321,1730300
8322,1760800
8323,1677300
8324,1650300
8325,1722200
8326,1692100
8327,1892700
8328,1842500
8329,1896300
8330,1834300
8331,1813800
8332,1709600
8333,1718600
8334,1682300
8335,1740600
8336,1901800
8337,1738500
8338,1969900
8339,1783900
8340,1780600
8341,1670000
8342,1719800
8343,1684400
8344,1882300
8345,1710600
8346,1750000
8347,1722500
8348,2197700
8349,1910500
8350,1726400
8351,1738300
8352,1706100
8353,1806400
8354,1698800
8355,1765500
8356,1712600
8357,1921000
8358,1853400
8359,1749300
8360,1765500
8361,1695500
8362,1843300
8363,1672500
8364,1701600
8365,1666400
8366,1929000
8367,1873800
8368,1765300
8369,1736400
8370,1748300
8371,1876900
8372,1731100
8373,1765500
8374,1655000
8375,1622800
8376,1961100
8377,1793000
8378,1701700
8379,1717500
8380,2118800
8381,2290600
8382,2085100
8383,2208500
8384,2396300
8385,2005100
8386,1841600
8387,2143500
8388,1950900
8389,1918000
8390,1980000
8391,1857000
8392,1968500
8393,2064700
8394,1931600
8395,2078100
8396,2074300
8397,1877900
8398,1997200
8399,2024400
8400,1896300
8401,2052300
8402,1997100
8403,2175400
8404,2050500
8405,2059500
8406,2109300
8407,2123500
8408,1917400
8409,2109800
8410,2178100
8411,2033700
8412,1975600
8413,1891500
8414,1927500
8415,1927800
8416,1904800
8417,2126500
8418,2385800
8419,2202500
8420,2014500
8421,1967600
8422,1900200
8423,1892400
8424,1871300
8425,1960100
8426,2644200
8427,2056900
8428,1978900
8429,1912300
8430,1935900
8431,1970800
8432,1932500
8433,2144300
8434,2439200
8435,1894400
8436,1913400
8437,1923500
8438,1851400
8439,1913100
8440,1899000
8441,2155000
8442,2263300
8443,1965600
8444,1977600
8445,1804200
8446,1888800
8447,2023300
8448,1970800
8449,2016500
8450,2044000
8451,2151500
8452,1876800
8453,1840900
8454,1868600
8455,1918400
8456,1994100
8457,2112300
8458,2114600
8459,2360900
8460,3329500
8461,2243700
8462,2595500
8463,4239600
8464,3786900
8465,2377000
8466,1832600
8467,1729600
8468,1795600
8469,1810700
8470,1763200
8471,1710300
8472,1668400
8473,1804700
8474,1759200
8475,1630900
8476,1735900
8477,1739700
8478,1807400
8479,1747000
8480,1664800
8481,1682700
8482,1817900
8483,1826800
8484,1739900
8485,1655500
8486,1705600
8487,1841200
8488,1717000
8489,1749600
8490,1715500
8491,1760500
8492,2062200
8493,1799600
8494,1797500
8495,1731400
8496,1860600
8497,1727700
8498,1853500
8499,1666500
8500,1635200
8501,1797200
8502,1801900
8503,1715400
8504,1672800
8505,1889900
8506,2116300
8507,2302300
8508,1966400
8509,2198000
8510,1973900
8511,1781100
8512,1781600
8513,1939300
8514,1739300
8515,1660100
8516,1707000
8517,1673000
8518,1730900
8519,1823100
8520,1725100
8521,1830700
8522,1673900
8523,1822900
8524,1696500
8525,1773700
8526,1655500
8527,1732300
8528,1823300
8529,1867700
8530,1739900
8531,1799000
8532,1794400
8533,1689500
8534,1684900
8535,1755300
8536,1694500
8537,1659000
8538,1892000
8539,1832000
8540,1894800
8541,1800200
8542,1730600
8543,1700600
8544,1646100
8545,1684600
8546,1632300
8547,1855900
8548,1832300
8549,1989500
8550,2168500
8551,1837700
8552,1761800
8553,1732800
8554,1687700
8555,1645600
8556,1750700
8557,1977400
8558,1875200
8559,1762100
8560,1694800
8561,1666600
8562,1690300
8563,1691400
8564,1698300
8565,1740900
8566,1988900
8567,2140900
8568,1749800
8569,1700500
8570,1689400
8571,1649000
8572,1617100
8573,1652500
8574,1671800
8575,1709700
8576,2024500
8577,1788600
8578,1678400
8579,1611600
8580,1826600
8581,1801000
8582,1728600
8583,1719800
8584,1823700
8585,2289600
8586,1988600
8587,1705700
8588,1690500
8589,1691200
8590,1679500
8591,1759100
8592,1755700
8593,1761300
8594,2003300
8595,1856100
8596,1715100
8597,1751200
8598,1647500
8599,1697500
8600,1710700
8601,1682000
8602,1656100
8603,1983400
8604,2033100
8605,1776700
8606,1755900
8607,1654300
8608,1692800
8609,1693200
8610,1745400
8611,2013400
8612,1923300
8613,2264700
8614,1821000
8615,1728100
8616,1726500
8617,1851900
8618,1687800
8619,1696800
8620,1863800
8621,1696100
8622,1883600
8623,1833200
8624,1685900
8625,1761900
8626,1633300
8627,1652200
8628,1708400
8629,1759700
8630,1700300
8631,1836000
8632,2048900
8633,1675400
8634,1631300
8635,1655600
8636,1658500
8637,1704000
8638,2091600
8639,1936100
8640,1808800
8641,1929300
8642,1878300
8643,1732700
8644,1772300
8645,1719400
8646,1948800
8647,1853600
8648,1769000
8649,1808800
8650,2120000
8651,1863700
8652,1721200
8653,1625200
8654,1699300
8655,1834600
8656,1677000
8657,1644900
8658,1661500
8659,1752300
8660,1864000
8661,1711900
8662,1671800
8663,1785200
8664,1827500
8665,1720800
8666,1740800
8667,1730300
8668,1583900
8669,1882300
8670,1830800
8671,1713400
8672,1667900
8673,1694800
8674,1976500
8675,1793800
8676,1716200
8677,1695700
8678,1948000
8679,2188900
8680,1885000
8681,1725300
8682,1784100
8683,1754900
8684,1673900
8685,1727300
8686,1797600
8687,1854900
8688,1775600
8689,1768900
8690,1746200
8691,1856600
8692,1719600
8693,1680200
8694,1749900
8695,1593300
8696,1697800
8697,1943400
8698,1894800
8699,1727000
8700,1671100
8701,1744600
8702,1764500
8703,1668800
8704,1730900
8705,1635900
8706,1781000
8707,2148200
8708,1754300
8709,1901100
8710,1758300
8711,1729200
8712,1665000
8713,1728700
8714,1652500
8715,1783400
8716,1988900
8717,1783800
8718,1866700
8719,1721600
8720,1721900
8721,1781600
8722,1764000
8723,1676600
8724,1646700
8725,1821700
8726,1972100
8727,1766400
8728,1763800
8729,1659700
8730,1645900
8731,1744700
8732,1635100
8733,1678800
8734,1720900
8735,2041900
8736,2201600
8737,1829900
8738,1776700
8739,1704300
8740,1627800
8741,1699400
8742,1731300
8743,1665700
8744,2169000
8745,1849200
8746,1722500
8747,1694700
8748,1815900
8749,1720800
8750,1690600
8751,1707500
8752,1672300
8753,2025700
8754,1957700
8755,1792900
8756,1759900
8757,1700800
8758,1788200
8759,1778500
8760,1678000
8761,1690900
8762,2085200
8763,3011600
8764,2361200
8765,2409600
8766,1898500
8767,1790700
8768,1676000
8769,1789800
8770,2211800
8771,2150200
8772,1758800
8773,1690700
8774,1665500
8775,1631200
8776,1703500
8777,1696300
8778,1923600
8779,1733100
8780,2085900
8781,1794600
8782,1735900
8783,1730800
8784,1741500
8785,1675200
8786,1805600
8787,1791200
8788,1607600
8789,1902500
8790,1783700
8791,1697700
8792,1763500
8793,1743100
8794,1665900
8795,1819800
8796,1774800
8797,1666300
8798,1752500
8799,1835600
8800,1722000
8801,1716600
8802,1655800
8803,1689000
8804,1960300
8805,1862100
8806,1777200
8807,1650600
8808,2144200
8809,1892500
8810,1787300
8811,1676300
8812,1692300
8813,1820600
8814,1744000
8815,1740000
8816,1647900
8817,1781700
8818,1902000
8819,1651800
8820,1735400
8821,1942800
8822,1785400
8823,1989200
8824,1784600
8825,1722000
8826,1858700
8827,1938900
8828,1728700
8829,1749100
8830,1657200
8831,1755000
8832,1627700
8833,1786900
8834,1723700
8835,2139400
8836,2262700
8837,1836500
8838,1712700
8839,1984500
8840,1781200
8841,1717300
8842,1839500
8843,1694400
8844,1751600
8845,2050300
8846,1790000
8847,1884100
8848,1792100
8849,1728500
8850,1689300
8851,1706900
8852,1626000
8853,1672400
8854,2033700
8855,1849800
8856,1886800
8857,1775900
8858,1764900
8859,1652800
8860,1732800
8861,1701400
8862,1710400
8863,1922200
8864,2153000
8865,1853400
8866,1736700
8867,1762100
8868,1672500
8869,1618200
8870,1765100
8871,1716900
8872,1648400
8873,1814200
8874,1966900
8875,1742500
8876,1673700
8877,1664700
8878,1738600
8879,1736500
8880,1792400
8881,1623100
8882,1795400
8883,2161300
8884,1924800
8885,1658100
8886,1770900
8887,1719600
8888,1725400
8889,1694700
8890,1706100
8891,1732600
8892,2185900
8893,1905700
8894,1732000
8895,1757200
8896,1765400
8897,1667200
8898,1838300
8899,1746000
8900,1668200
8901,2212300
8902,2077100
8903,1731300
8904,1698200
8905,1699800
8906,1778000
8907,1799800
8908,1699400
8909,1700200
8910,2018300
8911,1841300
8912,1683600
8913,1716500
8914,1716900
8915,1779800
8916,1606300
8917,1669200
8918,1874100
8919,1826800
8920,2030900
8921,1823800
8922,1660400
8923,1753300
8924,1700600
8925,1666500
8926,1757700
8927,1988000
8928,2660300
8929,2848500
8930,2500500
8931,2114400
8932,2066000
8933,2107800
8934,1988900
8935,2010600
8936,2137700
8937,1938500
8938,1942200
8939,1958300
8940,1881800
8941,2001800
8942,2114100
8943,1910100
8944,2343800
8945,2025000
8946,1875300
8947,2066600
8948,1885300
8949,2014200
8950,1970300
8951,1799800
8952,1841600
8953,2322600
8954,1836600
8955,1920500
8956,1751000
8957,1902000
8958,1836800
8959,1714500
8960,1614100
8961,1753000
8962,1991300
8963,1721800
8964,1719100
8965,1697600
8966,2221500
8967,1864300
8968,1754800
8969,1632100
8970,1709500
8971,1915600
8972,1820900
8973,1753800
8974,1734000
8975,1914400
8976,1760000
8977,1770100
8978,1689300
8979,1730400
8980,1961100
8981,1726200
8982,1762900
8983,1979200
8984,1804700
8985,1702900
8986,1639200
8987,1720100
8988,1670900
8989,1723500
8990,2025400
8991,1817300
8992,1865900
8993,1714200
8994,1794800
8995,1648200
8996,1715600
8997,1756300
8998,1628500
8999,2084800
9000,1852100
9001,1855800
9002,1720300
9003,1757600
9004,1694600
9005,1787100
9006,1703500
9007,1687200
9008,1816400
9009,1919300
9010,1908200
9011,1800300
9012,1706000
9013,1685300
9014,1640100
9015,1787400
9016,1639900
9017,1726900
9018,2258900
9019,1858300
9020,1746800
9021,1721800
9022,1790800
9023,1671100
9024,1789400
9025,1687200
9026,1673600
9027,2093700
9028,1959000
9029,1780000
9030,1722900
9031,1742100
9032,1734500
9033,1758300
9034,1649400
9035,1744800
9036,1845900
9037,1923900
9038,1813500
9039,1667900
9040,1624900
9041,1653900
9042,1615300
9043,1790700
9044,1609900
9045,1643200
9046,2295200
9047,1875000
9048,1718300
9049,1708500
9050,1695900
9051,1728700
9052,1799100
9053,1722800
9054,1658700
9055,1956900
9056,1783800
9057,1747100
9058,1665400
9059,1621500
9060,1605500
9061,1847400
9062,1778400
9063,1727500
9064,1948300
9065,2159600
9066,1745700
9067,1757400
9068,1663300
9069,1722200
9070,1719900
9071,1690400
9072,1697600
9073,1918800
9074,2305500
9075,2385200
9076,1932900
9077,1984000
9078,1780100
9079,1740900
9080,1741100
9081,1877800
9082,1800200
9083,1932000
9084,1813900
9085,1604000
9086,1633300
9087,1682900
9088,1652800
9089,1999200
9090,1933600
9091,2033200
9092,2350800
9093,1965200
9094,1834100
9095,1833400
9096,1820900
9097,1953900
9098,2339700
9099,2267100
9100,2300900
9101,2196500
9102,2148000
9103,2100000
9104,1974600
9105,2362700
9106,1976000
9107,1931500
9108,2291800
9109,1980600
9110,1948700
9111,1859300
9112,2162500
9113,2159300
9114,2228600
9115,2240900
9116,2391900
9117,2057000
9118,2050700
9119,2057900
9120,2143600
9121,2066400
9122,1785000
9123,1736800
9124,1952100
9125,1757200
9126,1782000
9127,1667300
9128,1879700
9129,2011600
9130,1831200
9131,1711800
9132,1684300
9133,2015700
9134,1757500
9135,1724700
9136,1652500
9137,1819300
9138,1847500
9139,1737900
9140,1723300
9141,1706500
9142,1760800
9143,1878800
9144,1754100
9145,1686900
9146,1853800
9147,1779300
9148,1712800
9149,1760200
9150,1682400
9151,1721100
9152,1918700
9153,1816700
9154,1648500
9155,1855800
9156,1854100
9157,1760900
9158,1818400
9159,1688000
9160,1651700
9161,1952400
9162,1795100
9163,1859800
9164,1737800
9165,1785100
9166,1812900
9167,1733400
9168,1667700
9169,1719800
9170,1812900
9171,2232300
9172,1970900
9173,1838100
9174,1817700
9175,1758100
9176,1735600
9177,1658000
9178,1678800
9179,1730900
9180,1858400
9181,1882200
9182,1764100
9183,1694800
9184,1722300
9185,1681000
9186,1717300
9187,1712600
9188,1708000
9189,1914500
9190,2198800
9191,2147400
9192,1956800
9193,1797800
9194,1823100
9195,1817900
9196,1771600
9197,1726500
9198,2494400
9199,1917300
9200,1828600
9201,1756200
9202,1826800
9203,1630900
9204,1836400
9205,1748900
9206,1621400
9207,2136800
9208,1879400
9209,1804500
9210,1690400
9211,1675500
9212,1689100
9213,1697800
9214,1653600
9215,1667600
9216,2006200
9217,1986900
9218,1718600
9219,1720400
9220,1625000
9221,1758000
9222,1706000
9223,1683400
9224,1719700
9225,2036000
9226,2125700
9227,1796300
9228,1701600
9229,1718700
9230,1646700
9231,1683600
9232,1711800
9233,1669300
9234,1918300
9235,2193100
9236,1848500
9237,1761800
9238,1699700
9239,1659600
9240,1704200
9241,1676300
9242,1782200
9243,1806700
9244,1773100
9245,1784200
9246,1704900
9247,1622500
9248,1663400
9249,1689000
9250,1605500
9251,1947200
9252,1763200
9253,1713900
9254,2055500
9255,1804800
9256,1788100
9257,1721200
9258,1698300
9259,1671000
9260,1747400
9261,1879000
9262,1803800
9263,1820000
9264,1765100
9265,1746400
9266,1661900
9267,1804200
9268,1703600
9269,1801500
9270,1848800
9271,1654100
9272,1760800
9273,1864300
9274,1771700
9275,1720400
9276,1696500
9277,1677000
9278,1762000
9279,1892500
9280,1728400
9281,1679600
9282,1786900
9283,1847800
9284,1721100
9285,1670600
9286,1603100
9287,1934100
9288,1977000
9289,1827600
9290,1726600
9291,1751800
9292,1831000
9293,1700400
9294,1742700
9295,1752300
9296,1874100
9297,1728400
9298,1687700
9299,1705400
9300,1671200
9301,1742900
9302,1881700
9303,1698200
9304,1852900
9305,2023800
9306,1769100
9307,1687200
9308,1592200
9309,1750800
9310,1837900
9311,1953800
9312,1800000
9313,1784700
9314,2378500
9315,2630700
9316,2194500
9317,2044800
9318,2212900
9319,2162800
9320,1849900
9321,2041000
9322,1731200
9323,1748100
9324,1740900
9325,1725000
9326,1654100
9327,1892800
9328,1941200
9329,1964500
9330,1758100
9331,1683400
9332,1755400
9333,1737000
9334,1700200
9335,1698200
9336,1778500
9337,1941900
9338,1923500
9339,1864900
9340,1776400
9341,1687700
9342,1774000
9343,1772600
9344,1623400
9345,1699400
9346,2000600
9347,1943700
9348,1691000
9349,1677300
9350,1664100
9351,1686500
9352,1720200
9353,1756200
9354,1597000
9355,1679200
9356,2372800
9357,1916200
9358,1806000
9359,1649000
9360,1712300
9361,1632300
9362,1638900
9363,1689300
9364,2050200
9365,1999300
9366,1773600
9367,1709500
9368,1692200
9369,1732800
9370,1740000
9371,1823900
9372,1638500
9373,1817800
9374,2084900
9375,1894100
9376,1761700
9377,1724000
9378,1682100
9379,1705300
9380,1660300
9381,1636200
9382,1870200
9383,2556900
9384,2061500
9385,1743200
9386,1723100
9387,1710700
9388,1739700
9389,1698200
9390,1921000
9391,1900800
9392,1864300
9393,1894300
9394,1701400
9395,1817700
9396,1685200
9397,1668800
9398,1699700
9399,1914800
9400,1873400
9401,1806400
9402,1871700
9403,1705400
9404,1712500
9405,1751500
9406,1595800
9407,1634600
9408,1943900
9409,1858400
9410,1657000
9411,1857500
9412,1780400
9413,1703300
9414,1717700
9415,1690200
9416,1727500
9417,2050600
9418,2023500
9419,1797100
9420,1815500
9421,1994200
9422,1715700
9423,1654200
9424,1690200
9425,1662400
9426,1846700
9427,2035000
9428,1867200
9429,1898000
9430,2000700
9431,1708500
9432,1709000
9433,1694800
9434,1778600
9435,1830900
9436,1782200
9437,1717700
9438,1784600
9439,1969100
9440,1758500
9441,1701300
9442,1689500
9443,1655800
9444,1886800
9445,1866800
9446,1712500
9447,1621900
9448,1858100
9449,2144200
9450,1818100
9451,1718800
9452,1628600
9453,1886700
9454,1756600
9455,1661900
9456,1682600
9457,1700300
9458,1873400
9459,1762500
9460,1682800
9461,1733800
9462,1804300
9463,1725200
9464,1811800
9465,1755900
9466,1704700
9467,1875300
9468,1928100
9469,1703400
9470,1695200
9471,1862600
9472,1721500
9473,1726900
9474,1690500
9475,1684600
9476,2024500
9477,1931600
9478,1733300
9479,1729100
9480,2004200
9481,2109200
9482,2135300
9483,2195000
9484,2109100
9485,2054500
9486,2037600
9487,2127000
9488,1950400
9489,1899300
9490,1859300
9491,1841700
9492,1802400
9493,1959500
9494,2266800
9495,2177400
9496,1918900
9497,1874600
9498,1886200
9499,2078700
9500,1924500
9501,1858100
9502,2142300
9503,2434200
9504,2046900
9505,1943100
9506,1970800
9507,1985900
9508,1915100
9509,1939400
9510,2879600
9511,2223000
9512,1972900
9513,1940200
9514,1921400
9515,1855400
9516,1965900
9517,1945800
9518,2461400
9519,1972300
9520,1853200
9521,1905800
9522,1943500
9523,1957300
9524,1949200
9525,1909100
9526,2484800
9527,2156200
9528,1949100
9529,1933500
9530,1985300
9531,1874800
9532,2034700
9533,2196100
9534,2562800
9535,2206000
9536,1886200
9537,1918200
9538,1915100
9539,1852400
9540,1941800
9541,1962200
9542,2223800
9543,2146800
9544,1927300
9545,1812000
9546,1874000
9547,1859700
9548,1921500
9549,1903400
9550,1963200
9551,2016100
9552,2176100
9553,1858500
9554,1864800
9555,1923800
9556,1865400
9557,2589300
9558,3108300
9559,2456400
9560,3186300
9561,3739900
9562,2909000
9563,1833200
9564,1832000
9565,1967100
9566,1750700
9567,1787300
9568,1762300
9569,1788600
9570,1994000
9571,1855700
9572,1690300
9573,1821200
9574,1893100
9575,1833700
9576,1728100
9577,1736700
9578,1731400
9579,1779100
9580,1701900
9581,1675100
9582,1661400
9583,1686200
9584,1824500
9585,1752500
9586,1638900
9587,1639200
9588,1967100
9589,1802300
9590,1668300
9591,1786600
9592,1797200
9593,2101500
9594,1848100
9595,1735700
9596,1663400
9597,1785000
9598,1761500
9599,1736800
9600,1644200
9601,1741300
9602,1807200
9603,1817800
9604,1718900
9605,1679500
9606,1800300
9607,1708600
9608,1733800
9609,1728500
9610,1680300
9611,1709400
9612,2062400
9613,1820500
9614,1764700
9615,1740400
9616,1768600
9617,1808700
9618,1714800
9619,1648600
9620,1664800
9621,1711100
9622,1853800
9623,1748600
9624,2221100
9625,2036800
9626,2456000
9627,2061100
9628,1940500
9629,1865000
9630,1927600
9631,1956400
9632,1785200
9633,1729900
9634,1732300
9635,1715200
9636,1655200
9637,1589100
9638,1636000
9639,1774300
9640,2181200
9641,1944600
9642,1735200
9643,1640700
9644,1704800
9645,1732100
9646,1717100
9647,1587200
9648,1667900
9649,2027500
9650,1830500
9651,1776800
9652,1731900
9653,1690300
9654,1660800
9655,1669700
9656,1618800
9657,1695900
9658,2129300
9659,1976400
9660,1807700
9661,1709800
9662,1792700
9663,1680000
9664,1722300
9665,1659300
9666,1772500
9667,1943200
9668,1969700
9669,1708500
9670,1744900
9671,1789100
9672,1744300
9673,1705600
9674,1661900
9675,1614100
9676,1852000
9677,1869200
9678,1785600
9679,1651800
9680,1725700
9681,1615900
9682,1665800
9683,1835100
9684,1665300
9685,1829400
9686,2051300
9687,2086800
9688,1859600
9689,1650600
9690,1673000
9691,1739900
9692,1739800
9693,1733600
9694,1795100
9695,1829500
9696,2024200
9697,1896000
9698,1692000
9699,1763100
9700,1724000
9701,1736200
9702,1785600
9703,1759200
9704,1650000
9705,2090100
9706,1685300
9707,1693300
9708,1753800
9709,1667400
9710,1725500
9711,1843300
9712,1682000
9713,1670800
9714,1888700
9715,2125400
9716,1721200
9717,1767400
9718,1664000
9719,1787300
9720,1825000
9721,1730600
9722,1730600
9723,1705900
9724,1954500
9725,1726700
9726,1652900
9727,1650800
9728,1731800
9729,1786400
9730,1966900
9731,1768700
9732,1694800
9733,1921800
9734,1868200
9735,1773300
9736,1691400
9737,1651100
9738,1915100
9739,2104900
9740,1834900
9741,1815300
9742,1978100
9743,1938200
9744,1811000
9745,1796300
9746,1797700
9747,1829500
9748,1746200
9749,1733500
9750,1697700
9751,2031100
9752,2042600
9753,1811300
9754,1775300
9755,1807700
9756,1750600
9757,1613800
9758,1649500
9759,1699600
9760,1829100
9761,1861500
9762,1670100
9763,1756500
9764,1804300
9765,1738000
9766,1722700
9767,1772200
9768,1734100
9769,1762700
9770,2121000
9771,1841400
9772,1830700
9773,1724600
9774,1743500
9775,1704500
9776,1678300
9777,1733600
9778,1742800
9779,1940800
9780,2116300
9781,1844700
9782,1844000
9783,1750000
9784,1780600
9785,1871000
9786,1750200
9787,1831500
9788,1901500
9789,2316500
9790,1953200
9791,1824100
9792,1797100
9793,1760600
9794,1779100
9795,1685800
9796,1760800
9797,1770600
9798,1953200
9799,1770100
9800,1711900
9801,1646200
9802,1669400
9803,1633400
9804,1726800
9805,1671600
9806,1673400
9807,2391000
9808,1999700
9809,1854200
9810,1757800
9811,1716100
9812,1711600
9813,1695800
9814,1697200
9815,1656900
9816,1976400
9817,1832600
9818,1728800
9819,1608300
9820,1683000
9821,1737600
9822,1731700
9823,1752600
9824,1691200
9825,1946900
9826,1918800
9827,1741400
9828,1711400
9829,1727800
9830,1644600
9831,1775800
9832,1703200
9833,1771400
9834,1745600
9835,1885900
9836,1818500
9837,1692100
9838,1652600
9839,1649600
9840,1757600
9841,1821700
9842,1647400
9843,2010200
9844,1999800
9845,2066300
9846,1683600
9847,1693300
9848,1670100
9849,1735900
9850,1667700
9851,1763100
9852,2303100
9853,2201500
9854,2181700
9855,2085900
9856,1878600
9857,1760900
9858,1709100
9859,1715500
9860,2341200
9861,2172000
9862,1906000
9863,1837700
9864,1760900
9865,1705300
9866,1742800
9867,1770700
9868,2081800
9869,1921300
9870,1797500
9871,1910900
9872,1895400
9873,1710300
9874,1710100
9875,1717300
9876,1667300
9877,1854300
9878,1704000
9879,1726400
9880,1817400
9881,1997000
9882,1737700
9883,1826300
9884,1597300
9885,1650100
9886,1686800
9887,1777800
9888,1612800
9889,1661900
9890,1970200
9891,1848100
9892,1885900
9893,1684100
9894,1841600
9895,1701400
9896,1625700
9897,1668700
9898,1647900
9899,2018300
9900,1948900
9901,1820700
9902,1636300
9903,1816100
9904,1749700
9905,1751000
9906,1812700
9907,1678300
9908,1628500
9909,2000600
9910,1822700
9911,1798600
9912,1838300
9913,1774500
9914,1821600
9915,1797000
9916,1685300
9917,1784400
9918,1872000
9919,1855200
9920,1745200
9921,1870700
9922,1796000
9923,1786800
9924,1700100
9925,1736200
9926,1673900
9927,2535200
9928,1745400
9929,1923200
9930,1977700
9931,1733700
9932,1657500
9933,1690800
9934,1678100
9935,1722300
9936,1969700
9937,1771400
9938,1898800
9939,1752800
9940,1752300
9941,1670600
9942,1651400
9943,1696800
9944,1780900
9945,1823500
9946,1884000
9947,1791200
9948,1805500
9949,1665800
9950,1725000
9951,1659500
9952,1603000
9953,1656900
9954,1759000
9955,1927700
9956,2171800
9957,1774800
9958,1694000
9959,1647400
9960,1809500
9961,1732800
9962,1711400
9963,1702700
9964,1979300
9965,2005000
9966,1707100
9967,1703700
9968,1691000
9969,1697800
9970,1607900
9971,1723400
9972,1617800
9973,1886300
9974,1992900
9975,1788100
9976,1711600
9977,1787800
9978,1680100
9979,1702700
9980,1703300
9981,1714300
9982,1786700
9983,1952500
9984,1805300
9985,1704100
9986,1686100
9987,1751100
9988,1721000
9989,1637900
9990,1792500
9991,2059800
9992,2123700
9993,2193300
9994,1849300
9995,1690700
9996,1795400
9997,1727900
9998,1664700
9999,1932500
10000,1776000
10001,1918200
10002,1934200
10003,1795500
10004,1746400
10005,1759100
10006,1747000
10007,1640400
10008,1839500
10009,1786600
10010,1670600
10011,1919400
10012,1823900
10013,1741500
10014,1738500
10015,1733100
10016,1684000
10017,1794000
10018,1744400
10019,1710800
10020,1700100
10021,1745200
10022,1704400
10023,1769100
10024,1753100
10025,1732800
10026,1670500
10027,2055600
10028,2165800
10029,2615200
10030,2885700
10031,2268800
10032,2101200
10033,2031200
10034,2105100
10035,1978800
10036,1966000
10037,2307400
10038,1924000
10039,1880700
10040,1952700
10041,1820200
10042,2132600
10043,2126700
10044,1870700
10045,2111200
10046,2062600
10047,1924700
10048,1969200
10049,1898800
10050,2063100
10051,1883900
10052,1736900
10053,1840200
10054,2400500
10055,1906000
10056,1720200
10057,1716700
10058,1930800
10059,1883400
10060,1714300
10061,1711100
10062,1726700
10063,1871600
10064,1752800
10065,1629300
10066,1706100
10067,1820500
10068,1694500
10069,1689300
10070,1672000
10071,1670800
10072,1838400
10073,1822800
10074,1682800
10075,1673300
10076,1904600
10077,1751500
10078,1643400
10079,1735200
10080,1774500
10081,1746200
10082,1889600
10083,1791200
10084,1760800
10085,1770400
10086,1772100
10087,1694200
10088,1727900
10089,1716200
10090,1664300
10091,1945200
10092,2029800
10093,1943800
10094,1758300
10095,1705400
10096,1677100
10097,1753000
10098,1673000
10099,1758900
10100,1646100
10101,2002900
10102,1863200
10103,1713200
10104,1750600
10105,1636500
10106,1763600
10107,1785800
10108,1658700
10109,1679000
10110,1923300
10111,2036200
10112,1921200
10113,1723100
10114,1698700
10115,1694000
10116,1748800
10117,1693600
10118,1772500
10119,1804100
10120,2183900
10121,1782100
10122,1769200
10123,1712700
10124,1747500
10125,1736800
10126,1732300
10127,1673400
10128,1693400
10129,1991700
10130,1759000
10131,1699300
10132,1799900
10133,1718000
10134,1741100
10135,1667500
10136,1718200
10137,1582700
10138,1893000
10139,1831700
10140,1781600
10141,1700600
10142,1743700
10143,1623600
10144,1624900
10145,1638000
10146,1588500
10147,1692100
10148,2045600
10149,1855300
10150,1775700
10151,1724000
10152,1773000
10153,1738000
10154,1656700
10155,1719600
10156,1778500
10157,1715000
10158,1810800
10159,1751500
10160,1750500
10161,1678800
10162,1647500
10163,1715300
10164,1744200
10165,1897700
10166,1876500
10167,2081000
10168,1806000
10169,1669600
10170,1715700
10171,1656900
10172,1679700
10173,1824500
10174,1910300
10175,1800000
10176,1933000
10177,1966900
10178,1743200
10179,1696900
10180,1688400
10181,1619000
10182,1679000
10183,1943300
10184,1792300
10185,1857200
10186,1850100
10187,1715400
10188,1660700
10189,1726200
10190,1668900
10191,1724000
10192,2035300
10193,1923600
10194,2467900
10195,2470000
10196,1985000
10197,1831400
10198,1737400
10199,1862500
10200,1979800
10201,1741300
10202,1701800
10203,2004500
10204,1853400
10205,1760300
10206,1608800
10207,1679300
10208,1830100
10209,1799300
10210,1827800
10211,1762400
10212,2095500
10213,2022000
10214,1801500
10215,1811200
10216,1747800
10217,1800700
10218,1737500
10219,1727500
10220,1644100
10221,1689200
10222,1836300
10223,1779900
10224,1678000
10225,1693100
10226,1856200
10227,1813400
10228,1720500
10229,1656600
10230,1616500
10231,1895900
10232,1942500
10233,1772700
10234,1682800
10235,1772400
10236,1775800
10237,1750900
10238,1720300
10239,1719700
10240,1758200
10241,2245300
10242,1763500
10243,1657800
10244,1757900
10245,1807200
10246,1730100
10247,1844400
10248,1651200
10249,1730900
10250,1915800
10251,1769000
10252,1660800
10253,1815700
10254,1790500
10255,1621500
10256,1750600
10257,1696400
10258,1668100
10259,1828300
10260,1818700
10261,1710500
10262,1723900
10263,1737400
10264,1655000
10265,1698200
10266,1682200
10267,1640800
10268,1657100
10269,1770200
10270,1831700
10271,1866700
10272,1790000
10273,1682900
10274,1681600
10275,1631800
10276,1734000
10277,1645100
10278,1680700
10279,2017200
10280,1861400
10281,1785800
10282,1641800
10283,1709900
10284,1779100
10285,1670400
10286,1726100
10287,1714700
10288,1826700
10289,1948700
10290,1822100
10291,1791600
10292,1682500
10293,1677500
10294,1622200
10295,1704800
10296,1690100
10297,1673100
10298,2119200
10299,2182700
10300,1873200
10301,1783600
10302,1850900
10303,1716900
10304,1750700
10305,1708200
10306,1818500
10307,2501900
10308,1930700
10309,1832500
10310,1703200
10311,1671000
10312,1751100
10313,1690600
10314,1763500
10315,1915500
10316,1971700
10317,1886500
10318,1728200
10319,1697200
10320,1647900
10321,1651600
10322,1843600
10323,1712700
10324,1720600
10325,2009100
10326,1736600
10327,1689600
10328,1736600
10329,1694100
10330,1659200
10331,1653300
10332,1719100
10333,1747400
10334,1975600
10335,2045100
10336,1829400
10337,1730300
10338,1716000
10339,1678400
10340,1703700
10341,1780300
10342,1844600
10343,1771700
10344,1906500
10345,1846800
10346,1768500
10347,1685000
10348,1672500
10349,1688000
10350,1636800
10351,1877100
10352,1786900
10353,1901900
10354,1851400
10355,1679300
10356,1682900
10357,1627800
10358,1716700
10359,1664200
10360,1840700
10361,1789700
10362,1698900
10363,1857400
10364,1812600
10365,1786500
10366,1676400
10367,1741900
10368,1986000
10369,1821100
10370,1748600
10371,1628200
10372,2013500
10373,1934800
10374,1724700
10375,1829800
10376,1725300
10377,1852400
10378,1894900
10379,1723300
10380,1701700
10381,1808000
10382,1907700
10383,1651000
10384,1752500
10385,1775100
10386,1820300
10387,1822900
10388,1696500
10389,1722200
10390,1638400
10391,2012900
10392,1754600
10393,1640800
10394,1684900
10395,1768500
10396,1809900
10397,1825500
10398,1645100
10399,1731900
10400,1909500
10401,2107400
10402,1766200
10403,1807800
10404,1838200
10405,1691100
10406,1667200
10407,1744300
10408,1664400
10409,1699500
10410,1895900
10411,1770400
10412,1777600
10413,2318100
10414,2240700
10415,1999500
10416,2258000
10417,1734200
10418,2103000
10419,1792300
10420,2112100
10421,2183700
10422,1847200
10423,1742900
10424,1710100
10425,1660000
10426,1725600
10427,2067800
10428,1928700
10429,1877500
10430,1768400
10431,1658900
10432,1629100
10433,1651500
10434,1676600
10435,1735300
10436,1847400
10437,1935100
10438,1829600
10439,1774900
10440,1719100
10441,1737000
10442,1736200
10443,1709700
10444,1703900
10445,1788800
10446,1927500
10447,1749200
10448,1791800
10449,1691200
10450,1738100
10451,1705900
10452,1697400
10453,1611700
10454,1684000
10455,1877700
10456,2050100
10457,1729400
10458,1750200
10459,1643100
10460,1709000
10461,1708300
10462,1663100
10463,1639400
10464,1866200
10465,2375400
10466,1901200
10467,1768900
10468,1688400
10469,1787500
10470,1758800
10471,1650100
10472,1656000
10473,2010000
10474,2173800
10475,1784700
10476,1934700
10477,1786800
10478,1719600
10479,1675400
10480,1746200
10481,1698900
10482,1902300
10483,2514500
10484,1879500
10485,1699200
10486,1710300
10487,1680500
10488,1680100
10489,1856100
10490,1687600
10491,1998800
10492,2496200
10493,1945600
10494,1752700
10495,1759900
10496,1672400
10497,1736600
10498,1756300
10499,1783400
10500,1831300
10501,1897500
10502,1777100
10503,1766800
10504,1729600
10505,1724600
10506,1713200
10507,1832500
10508,1772700
10509,1768700
10510,1875900
10511,1911700
10512,1679900
10513,1651100
10514,1757600
10515,1709700
10516,1623800
10517,1928300
10518,1767400
10519,1655300
10520,1962000
10521,1908000
10522,1837000
10523,1752400
10524,1657900
10525,1818500
10526,1853400
10527,1822400
10528,1713200
10529,2071000
10530,1900700
10531,1849400
10532,1692200
10533,1747400
10534,1787200
10535,1780800
10536,1735700
10537,1692900
10538,1973900
10539,1773600
10540,1731000
10541,1816400
10542,1876700
10543,1832900
10544,1731900
10545,1691500
10546,1706700
10547,1701400
10548,2028900
10549,1794800
10550,1769700
10551,1867700
10552,1672700
10553,1646700
10554,1807800
10555,1664300
10556,1708700
10557,2307800
10558,1903800
10559,1716700
10560,1743200
10561,1853800
10562,1827200
10563,1680900
10564,1770300
10565,1681500
10566,1975600
10567,1800900
10568,1720700
10569,1826200
10570,1687800
10571,1647100
10572,1642700
10573,1702700
10574,1676500
10575,1792900
10576,2019600
10577,1796400
10578,1823900
10579,1783300
10580,1721600
10581,1784000
10582,1756500
10583,1693600
10584,1930300
10585,2303000
10586,2034900
10587,2093000
10588,2193600
10589,2192200
10590,2078100
10591,2021700
10592,2064700
10593,2405700
10594,2058400
10595,1930800
10596,1860400
10597,1944300
10598,1835600
10599,1971900
10600,1846400
10601,2294200
10602,2103600
10603,1978300
10604,2086500
10605,2039600
10606,2096200
10607,1949400
10608,2037900
10609,2175600
10610,2110000
10611,1989300
10612,1834200
10613,1939400
10614,1877900
10615,1976100
10616,2370600
10617,2639000
10618,2148200
10619,1932300
10620,1990400
10621,2002100
10622,1961500
10623,1974000
10624,1939100
10625,2074200
10626,1981900
10627,1894700
10628,2037600
10629,2043600
10630,1862400
10631,1966600
10632,1918000
10633,2072100
10634,2335500
10635,1971400
10636,1951100
10637,2033600
10638,1972500
10639,1944200
10640,2019600
10641,1836500
10642,2258500
10643,1971200
10644,1857700
10645,1918900
10646,1871500
10647,1940900
10648,2011900
10649,1830400
10650,1968900
10651,2086500
10652,1966000
10653,1985200
10654,1935900
10655,1993300
10656,1942000
10657,1929300
10658,1973200
10659,2365000
10660,1924100
10661,2348300
10662,3142700
10663,2140300
10664,2354100
10665,4161000
10666,3574000
10667,2024100
10668,1810600
10669,1754800
10670,1681400
10671,1731000
10672,1726500
10673,1788800
10674,1756800
10675,1807800
10676,1612200
10677,1790000
10678,1706500
10679,1661800
10680,1746900
10681,1681200
10682,1712800
10683,1957400
10684,1868400
10685,1699000
10686,1747400
10687,1760700
10688,1711300
10689,1753000
10690,1676300
10691,1642200
10692,1773000
10693,2004900
10694,1720800
10695,1930000
10696,1752900
10697,1674500
10698,1709000
10699,1737500
10700,1701900
10701,1594300
10702,2175700
10703,2143200
10704,1835000
10705,1736500
10706,1794200
10707,1706100
10708,1715800
10709,1776800
10710,1681400
10711,1997400
10712,1788500
10713,1696100
10714,1724600
10715,1640400
10716,1714200
10717,1611000
10718,1613600
10719,1667900
10720,1833600
10721,2093400
10722,1850300
10723,1781000
10724,1701800
10725,1679900
10726,1633200
10727,1701700
10728,1660800
10729,1661600
10730,1877500
10731,1925400
10732,1699400
10733,1731300
10734,1698000
10735,1586400
10736,1691300
10737,1681000
10738,1792900
10739,1782300
10740,2060800
10741,1909100
10742,1802900
10743,1759700
10744,1747800
10745,1746800
10746,1753000
10747,1663400
10748,2142100
10749,2698300
10750,2420100
10751,1941900
10752,2098300
10753,1856200
10754,1854200
10755,1697200
10756,2026700
10757,2092000
10758,1769300
10759,1691400
10760,1732200
10761,1682400
10762,1622000
10763,1773600
10764,1896200
10765,1788100
10766,1976000
10767,1873600
10768,1740000
10769,1698600
10770,1652000
10771,1657300
10772,1927900
10773,1733600
10774,1647300
10775,1708200
10776,1835800
10777,1735500
10778,1688700
10779,1665000
10780,1747000
10781,1799100
10782,1795900
10783,1760900
10784,1687300
10785,1879100
10786,1753500
10787,1663600
10788,1733700
10789,1638400
10790,1928500
10791,1739700
10792,1709700
10793,1654600
10794,1903900
10795,2214100
10796,1796400
10797,1753000
10798,2000300
10799,1692300
10800,1706900
10801,1748800
10802,1678100
10803,1793200
10804,1793100
10805,1771900
10806,1787700
10807,1985300
10808,1650900
10809,1642100
10810,1733800
10811,1711300
10812,1792000
10813,1864800
10814,1967700
10815,1770200
10816,1811800
10817,1746200
10818,1723600
10819,1713800
10820,1748400
10821,1688900
10822,1790100
10823,2149200
10824,1766500
10825,1874400
10826,1664700
10827,1700300
10828,1678800
10829,1679200
10830,1689300
10831,1769600
10832,1908800
10833,1877200
10834,1829100
10835,1822200
10836,1778400
10837,1623100
10838,1756700
10839,1688800
10840,1627600
10841,1882200
10842,1995500
10843,2033900
10844,1991000
10845,1759200
10846,1786100
10847,1867800
10848,1815400
10849,1654500
10850,2047100
10851,2518700
10852,2000700
10853,1843300
10854,1832800
10855,1848900
10856,1733900
10857,1695500
10858,1824900
10859,2181200
10860,1827300
10861,1822500
10862,1777700
10863,1763400
10864,1770500
10865,1776700
10866,1741800
10867,1693100
10868,2121500
10869,1901100
10870,1757400
10871,1719200
10872,1714700
10873,1748800
10874,1746700
10875,1715600
10876,1730300
10877,2151700
10878,1830500
10879,1753800
10880,1674300
10881,1726800
10882,1728900
10883,1789400
10884,1708200
10885,1692800
10886,1947300
10887,2439500
10888,1839300
10889,1747100
10890,1715700
10891,1607700
10892,1706500
10893,1875800
10894,1771600
10895,1953900
10896,1908500
10897,1756500
10898,1718500
10899,1654400
10900,1654000
10901,1706800
10902,1624300
10903,1674700
10904,1815500
10905,1863800
10906,1794000
10907,1731200
10908,1720800
10909,1684800
10910,1779000
10911,1641100
10912,1758000
10913,1801700
10914,1968700
10915,2225400
10916,1752300
10917,1755200
10918,1734700
10919,1748600
10920,1697000
10921,1945300
10922,1774600
10923,1793600
10924,1810000
10925,1708900
10926,1669000
10927,1687200
10928,1685400
10929,1753200
10930,1780000
10931,1711500
10932,1661300
10933,1693200
10934,1793300
10935,1704600
10936,1700500
10937,1643100
10938,1737500
10939,1854000
10940,1837800
10941,1811900
10942,1669800
10943,1913600
10944,1791900
10945,1790100
10946,1677600
10947,1671100
10948,2268800
10949,2276700
10950,2034900
10951,2434300
10952,2183000
10953,1922100
10954,1793800
10955,1721200
10956,1850300
10957,1775300
10958,1804100
10959,1693900
10960,1798200
10961,1766600
10962,1768000
10963,1636300
10964,1644100
10965,1843600
10966,1684000
10967,1779200
10968,1640700
10969,1705000
10970,1878700
10971,1816500
10972,1781300
10973,1694800
10974,2047800
10975,2037400
10976,1780300
10977,1760800
10978,1769600
10979,2358400
10980,1951600
10981,1704800
10982,1826100
10983,1769900
10984,1637000
10985,1810400
10986,1755600
10987,1751500
10988,1948600
10989,1808400
10990,1706000
10991,1773500
10992,1761100
10993,1743500
10994,1678800
10995,1690300
10996,1675100
10997,1826200
10998,2062900
10999,1887800
11000,1741300
11001,1764500
11002,1745700
11003,1658700
11004,1762000
11005,1658900
11006,1726300
11007,2094800
11008,2127500
11009,1902400
11010,1821900
11011,1704200
11012,1663400
11013,1781300
11014,1639400
11015,1663700
11016,1869000
11017,1877300
11018,1823100
11019,1773900
11020,1713400
11021,1705900
11022,1807300
11023,1708400
11024,1677800
11025,1745000
11026,2443600
11027,1786600
11028,1674200
11029,1700100
11030,1673100
11031,1641600
11032,1854300
11033,1658500
11034,1643300
11035,2172600
11036,1915800
11037,1767100
11038,1709500
11039,1657400
11040,1655200
11041,1684300
11042,1661300
11043,2029700
11044,1941400
11045,1805300
11046,1680700
11047,1634600
11048,1614500
11049,1732500
11050,1763600
11051,1648900
11052,1701600
11053,1810200
11054,1915600
11055,1778400
11056,1661400
11057,1679200
11058,1661200
11059,1680200
11060,1654400
11061,1675100
11062,1864800
11063,1770100
11064,1931100
11065,1735400
11066,1708100
11067,1806100
11068,1645400
11069,1650600
11070,1737800
11071,2000100
11072,1878000
11073,2106000
11074,1759300
11075,1685900
11076,1752900
11077,1714900
11078,1722700
11079,1827900
11080,1759100
11081,1752000
11082,2039500
11083,1901200
11084,1640000
11085,1724700
11086,1656200
11087,1705300
11088,1943200
11089,1783800
11090,1726200
11091,1927100
11092,1831300
11093,1742800
11094,1728500
11095,1686900
11096,1626300
11097,1952000
11098,1860400
11099,1757800
11100,1966600
11101,1949600
11102,1790500
11103,1719700
11104,1862900
11105,1707300
11106,1689400
11107,1678300
11108,1640500
11109,1680900
11110,1888600
11111,1915500
11112,1742400
11113,1691600
11114,1849900
11115,1868300
11116,1669100
11117,1701500
11118,1785900
11119,1787600
11120,2029500
11121,1739300
11122,1710900
11123,1826800
11124,1779700
11125,1673200
11126,1714800
11127,1599100
11128,1690100
11129,2002800
11130,1744000
11131,1754700
11132,2007900
11133,2260900
11134,2109600
11135,2473900
11136,2261000
11137,2569500
11138,2192600
11139,2094100
11140,1956400
11141,1981600
11142,1912700
11143,1786800
11144,1891300
11145,2425400
11146,2053100
11147,2032600
11148,2023900
11149,1877000
11150,1958600
11151,1859000
11152,1963800
11153,2465000
11154,2613700
11155,2014700
11156,1866200
11157,1843900
11158,1669100
11159,1695400
11160,1691200
11161,1722300
11162,2275300
11163,2028000
11164,1761400
11165,1736300
11166,1724600
11167,1651600
11168,1752100
11169,1655500
11170,1649900
11171,2169800
11172,1854800
11173,1685300
11174,1670600
11175,1747800
11176,1611500
11177,1716900
11178,1673200
11179,1623100
11180,2043300
11181,2132800
11182,1796100
11183,1798000
11184,1811300
11185,1604400
11186,1703400
11187,1684300
11188,1631400
11189,1810900
11190,2070300
11191,1854700
11192,1737600
11193,1772800
11194,1647600
11195,1650700
11196,1618400
11197,1838400
11198,1846700
11199,1997100
11200,1768000
11201,1745600
11202,1757700
11203,1648200
11204,1631100
11205,1654200
11206,1851700
11207,1753100
11208,1732400
11209,1903400
11210,1833800
11211,1711700
11212,1711500
11213,1675500
11214,1685800
11215,1903200
11216,1955300
11217,1751200
11218,1861800
11219,1784300
11220,1658100
11221,1610400
11222,1763000
11223,1672600
11224,1865900
11225,1714400
11226,1657300
11227,1860900
11228,1993000
11229,1794000
11230,1783300
11231,1732900
11232,1755700
11233,1764000
11234,1708200
11235,1820500
11236,1718900
11237,1937600
11238,1825900
11239,1690900
11240,1648900
11241,1691300
11242,1824500
11243,1780000
11244,1738500
11245,1647200
11246,1799800
11247,1984000
11248,1688600
11249,1646700
11250,1751900
11251,1870900
11252,1759000
11253,1734700
11254,1675400
11255,1709100
11256,2074800
11257,1765300
11258,1795400
11259,1771000
11260,1865900
11261,1777800
11262,1818100
11263,1734600
11264,1691800
11265,1893000
11266,1794700
11267,1752300
11268,1644700
11269,1880600
11270,1739700
11271,1718300
11272,1680800
11273,1709000
11274,1760500
11275,1844700
11276,1718500
11277,1757100
11278,1747200
11279,1721200
11280,1678900
11281,1699200
11282,1647500
11283,1713200
11284,1936000
11285,1691800
11286,1837400
11287,1777600
11288,1704100
11289,1627500
11290,1760600
11291,1696900
11292,1689600
11293,1702700
11294,2007500
11295,1998200
11296,1861500
11297,1679500
11298,1646500
11299,1654200
11300,1713600
11301,1670800
11302,1643500
11303,1912400
11304,2109200
11305,2003000
11306,1824800
11307,1712000
11308,1717900
11309,1645000
11310,1634000
11311,1660100
11312,1768700
11313,2603400
11314,2241500
11315,2411700
11316,2073400
11317,2014400
11318,1853300
11319,1828700
11320,2024300
11321,2017200
11322,1802700
11323,1769500
11324,1666800
11325,1645300
11326,1661900
11327,1666900
11328,1653800
11329,1885800
11330,1921100
11331,1817100
11332,1751100
11333,1690900
11334,1720200
11335,1614700
11336,1542800
11337,1710200
11338,1894800
11339,2078200
11340,1849800
11341,1670900
11342,1664900
11343,1628800
11344,1732400
11345,1725000
11346,1747800
11347,1756200
11348,1761100
11349,2405600
11350,1765700
11351,1644600
11352,1781500
11353,1776600
11354,1703400
11355,1682800
11356,1778100
11357,1702100
11358,1918000
11359,1790400
11360,1737100
11361,1692300
11362,1653200
11363,1704200
11364,1691600
11365,1797300
11366,1686900
11367,1897600
11368,1969400
11369,1749900
11370,1720300
11371,1599600
11372,1813000
11373,1652000
11374,1879900
11375,1829800
11376,1714000
11377,2145500
11378,1808300
11379,1713900
11380,1822800
11381,1795000
11382,1678500
11383,1891100
11384,1842700
11385,1643000
11386,1940500
11387,1828300
11388,1747700
11389,1740400
11390,1748100
11391,1783700
11392,1769700
11393,1813700
11394,1732800
11395,1767100
11396,1955100
11397,1731000
11398,1734900
11399,1703300
11400,1809500
11401,2103800
11402,1927600
11403,1880600
11404,1808900
11405,1877900
11406,1863800
11407,1775100
11408,1754000
11409,2116500
11410,1904800
11411,1856100
11412,1776200
11413,1856400
11414,1848100
11415,1792700
11416,1618900
11417,1845000
11418,1796300
11419,1767300
11420,1770300
11421,1781300
11422,1622400
11423,1854400
11424,1827800
11425,1814400
11426,1867500
11427,1852100
11428,1712400
11429,1824600
11430,1678400
11431,1698300
11432,1927300
11433,1767500
11434,1729700
11435,2033600
11436,2065000
11437,1741600
11438,1698400
11439,1678200
11440,1661500
11441,1752200
11442,1868900
11443,1795400
11444,1772400
11445,1793100
11446,1771500
11447,1604000
11448,1649200
11449,1710400
11450,1667700
11451,1828800
11452,1718700
11453,1846400
11454,1797200
11455,1777600
11456,1739700
11457,1736900
11458,1624000
11459,1705400
11460,1806400
11461,2026300
11462,1829600
11463,1770900
11464,1584500
11465,1696900
11466,1650200
11467,1805100
11468,1666500
11469,1767900
11470,1964300
11471,1864900
11472,1805800
11473,1704200
11474,1761700
11475,1692900
11476,1788000
11477,1704300
11478,1645300
11479,1988600
11480,2075300
11481,1866400
11482,1713400
11483,1724700
11484,1625400
11485,1628700
11486,1652500
11487,1625400
11488,1700500
11489,2069000
11490,1852600
11491,1699500
11492,1805700
11493,1736100
11494,1614600
11495,1617600
11496,1658700
11497,1690600
11498,2079600
11499,2061400
11500,1786700
11501,1696200
11502,1650400
11503,1728200
11504,1742800
11505,1667500
11506,2151700
11507,2578300
11508,2261400
11509,2098400
11510,1969600
11511,1778800
11512,1680900
11513,1829600
11514,1990600
11515,1918800
11516,1899400
11517,1832800
11518,1780700
11519,1755700
11520,1657600
11521,1713800
11522,1951900
11523,1713600
11524,1723900
11525,1968300
11526,1817400
11527,1723900
11528,1684900
11529,1675100
11530,1643300
11531,1835500
11532,2164700
11533,1914400
11534,2217900
11535,1879600
11536,1754200
11537,1729000
11538,1608700
11539,1784900
11540,1812300
11541,1781200
11542,1752100
11543,1924600
11544,1761200
11545,1666600
11546,1782100
11547,1724500
11548,1816700
11549,1758300
11550,1843100
11551,1677400
11552,1699800
11553,1935800
11554,1681400
11555,1764300
11556,1699100
11557,1847300
11558,1854100
11559,1871500
11560,1662100
11561,1718000
11562,1800700
11563,1798600
11564,1672700
11565,1754700
11566,1847200
11567,2134200
11568,1790900
11569,1696600
11570,1685800
11571,1872600
11572,2121300
11573,1774900
11574,1738500
11575,1863500
11576,1738100
11577,1753800
11578,1640500
11579,1709900
11580,1816600
11581,1971700
11582,2196700
11583,1827800
11584,1794400
11585,1677800
11586,1642700
11587,1640800
11588,1709100
11589,1783500
11590,1848300
11591,1751400
11592,1700800
11593,1984000
11594,1741100
11595,1676700
11596,1668400
11597,1698000
11598,1657400
11599,2005400
11600,1993800
11601,1726700
11602,1913200
11603,1734000
11604,1666100
11605,1666400
11606,1640300
11607,1721100
11608,1698100
11609,1951300
11610,1698000
11611,1905500
11612,1697000
11613,1763000
11614,1716000
11615,1695900
11616,1688200
11617,1646000
11618,1925200
11619,1776800
11620,2071300
11621,1867200
11622,1694600
11623,1797100
11624,1696800
11625,1706500
11626,1671400
11627,2045200
11628,2293300
11629,1848400
11630,1733400
11631,1769100
11632,1673800
11633,1667600
11634,1676000
11635,1690500
11636,1689500
11637,2044900
11638,1801100
11639,1656900
11640,1726900
11641,1695700
11642,1631300
11643,1784000
11644,1691600
11645,1629200
11646,2059700
11647,2009500
11648,1704300
11649,1786700
11650,1605700
11651,1659100
11652,1708800
11653,1621300
11654,1675000
11655,1882800
11656,2452500
11657,1822400
11658,1707000
11659,1660600
11660,1643400
11661,1657300
11662,1841200
11663,1655500
11664,1840700
11665,1989100
11666,1750000
11667,1730500
11668,1696400
11669,1667400
11670,1608400
11671,1725100
11672,1660700
11673,1751500
11674,1866100
11675,1802300
11676,1662500
11677,1748400
11678,1724200
11679,1740900
11680,1622100
11681,1720900
11682,1813800
11683,1867400
11684,2097300
11685,1765300
11686,1735000
11687,1706800
11688,1638700
11689,1679200
11690,1701500
11691,1866400
11692,2049600
11693,2611600
11694,2397200
11695,2079600
11696,2028300
11697,1864800
11698,1998200
11699,1976800
11700,1912800
11701,2125900
11702,1929000
11703,1892100
11704,1802700
11705,1880500
11706,1759700
11707,2015900
11708,1940900
11709,1921900
11710,2305200
11711,1961300
11712,1833700
11713,1914300
11714,2124200
11715,2160500
11716,1877000
11717,1788800
11718,2221300
11719,2233800
11720,1879800
11721,1887700
11722,2110200
11723,2019400
11724,1861300
11725,1851700
11726,2111900
11727,2039600
11728,1982900
11729,1934500
11730,2065300
11731,2048200
11732,1905500
11733,1852300
11734,2028900
11735,2109900
11736,1980000
11737,1824500
11738,2136200
11739,2162200
11740,1963800
11741,1926300
11742,1865000
11743,2347400
11744,2041900
11745,1926300
11746,2180000
11747,1967100
11748,1876900
11749,1843700
11750,1871100
11751,2364300
11752,2277900
11753,2106700
11754,1978000
11755,1885400
11756,1970800
11757,1949300
11758,1978400
11759,2001300
11760,1954400
11761,1925300
11762,2124400
11763,1870400
11764,1899500
11765,1992700
11766,1995600
11767,1822600
11768,2158100
11769,2145000
11770,2357800
11771,2817700
11772,2019500
11773,2466700
11774,4328100
11775,3473200
11776,1962100
11777,1727400
11778,1794600
11779,1666600
11780,1673300
11781,1672000
11782,1711100
11783,2114700
11784,1835200
11785,1755600
11786,1753200
11787,1644900
11788,1678500
11789,1635400
11790,1680700
11791,1740900
11792,2354400
11793,1925500
11794,1722300
11795,1753400
11796,1704600
11797,1682300
11798,1765900
11799,1790900
11800,1584900
11801,1811100
11802,2167100
11803,1694700
11804,1672500
11805,1690700
11806,1605300
11807,1658400
11808,1670600
11809,1839400
11810,1754000
11811,2332400
11812,1739600
11813,1724600
11814,1662300
11815,1664700
11816,1694500
11817,1631000
11818,1774000
11819,1754800
11820,1910600
11821,1953300
11822,1708000
11823,1705900
11824,1703100
11825,1656900
11826,1674100
11827,1814500
11828,1750600
11829,1820900
11830,2021500
11831,1689200
11832,1701200
11833,1712100
11834,1657700
11835,1642300
11836,1852900
11837,1787700
11838,1790100
11839,1776700
11840,1999000
11841,1751700
11842,1700900
11843,1680800
11844,1690800
11845,1834800
11846,1848700
11847,1835700
11848,1971300
11849,1735400
11850,1672600
11851,1662100
11852,1624200
11853,1710900
11854,1919800
11855,1867700
11856,1748300
11857,1687300
11858,1915900
11859,1786100
11860,1663900
11861,1713500
11862,1710500
11863,1985500
11864,2027900
11865,1717300
11866,1734300
11867,1895500
11868,1808800
11869,1700700
11870,1726600
11871,1689000
11872,2078500
11873,1954600
11874,2382400
11875,2270000
11876,2057800
11877,1923600
11878,1767500
11879,1762600
11880,1669500
11881,1764100
11882,1763800
11883,1697500
11884,1713800
11885,1774200
11886,1734600
11887,1667300
11888,1917000
11889,1711100
11890,1775600
11891,1677700
11892,1668200
11893,1644700
11894,1853800
11895,1834000
11896,1713600
11897,2002500
11898,1877800
11899,1660400
11900,1738700
11901,1813500
11902,1662200
11903,1707600
11904,1954800
11905,1752600
11906,1794900
11907,1716200
11908,1692700
11909,1597200
11910,1628600
11911,1735100
11912,1624400
11913,1802900
11914,1862300
11915,1826500
11916,1950800
11917,1745900
11918,1674600
11919,1721700
11920,1860300
11921,1679200
11922,1676300
11923,2002600
11924,1973000
11925,1731400
11926,1677800
11927,1619400
11928,1728600
11929,1807800
11930,1720100
11931,1618200
11932,1954700
11933,2240200
11934,1838100
11935,1728900
11936,1635900
11937,1680600
11938,1646100
11939,1696100
11940,1677900
11941,1636400
11942,2083100
11943,1732100
11944,1745500
11945,1688500
11946,1634100
11947,1697800
11948,1804200
11949,1749600
11950,1730700
11951,2134900
11952,2500800
11953,1842700
11954,1909000
11955,1692500
11956,1710800
11957,1695600
11958,1884300
11959,1834400
11960,2423400
11961,1917200
11962,1833300
11963,1768700
11964,1739800
11965,1682600
11966,1785600
11967,1741400
11968,1757500
11969,2010300
11970,1830500
11971,1678000
11972,1670700
11973,1611500
11974,1636600
11975,1621300
11976,1855100
11977,1893100
11978,1882000
11979,1787900
11980,1677800
11981,1707300
11982,1764500
11983,1650300
11984,1686000
11985,1986200
11986,1686900
11987,1650100
11988,1895800
11989,1796500
11990,1718200
11991,1716900
11992,1632300
11993,1709300
11994,1840500
11995,2023100
11996,1760400
11997,1968600
11998,1837700
11999,1719000
12000,1699700
12001,1641500
12002,1682000
12003,1721300
12004,1828200
12005,1674400
12006,1772100
12007,1860000
12008,1765200
12009,1670700
12010,1672300
12011,1798100
12012,1805300
12013,1883400
12014,1684600
12015,1719800
12016,1725900
12017,1852100
12018,1627000
12019,1676800
12020,1822900
12021,1820400
12022,1738300
12023,1777900
12024,1748200
12025,1705200
12026,2311300
12027,1861000
12028,1784800
12029,1673700
12030,1832700
12031,1789700
12032,1692900
12033,1629000
12034,1654400
12035,1830400
12036,1863000
12037,1744000
12038,1763900
12039,1876900
12040,1795700
12041,1790600
12042,1737400
12043,1625600
12044,1793600
12045,1950400
12046,1750400
12047,1791700
12048,1793100
12049,1673400
12050,1713100
12051,1754800
12052,1708100
12053,1684000
12054,2252300
12055,1887800
12056,1786700
12057,2038000
12058,2196300
12059,2093600
12060,2012900
12061,1845600
12062,2016900
12063,1818300
12064,1968700
12065,1833500
12066,1655000
12067,1692500
12068,1738700
12069,1748500
12070,1616300
12071,1797600
12072,1938100
12073,1889000
12074,1775600
12075,1748600
12076,1703000
12077,1728300
12078,1713500
12079,1746400
12080,1688200
12081,1986000
12082,2152700
12083,2152100
12084,1927100
12085,1694800
12086,1667400
12087,1716400
12088,1716200
12089,1684900
12090,2188300
12091,1969500
12092,1787100
12093,1705300
12094,1701600
12095,1649100
12096,1713700
12097,1664400
12098,1777600
12099,2230300
12100,2023500
12101,1830000
12102,1693500
12103,1723000
12104,1678100
12105,1707900
12106,1674300
12107,1772800
12108,2021300
12109,1970700
12110,1738700
12111,1714400
12112,1694200
12113,1668500
12114,1686800
12115,1769300
12116,1705200
12117,2034000
12118,2268000
12119,1893600
12120,1791600
12121,1756600
12122,1636700
12123,1686900
12124,1767300
12125,1649300
12126,1866900
12127,1853900
12128,1791100
12129,2103300
12130,1608700
12131,1645100
12132,1708000
12133,1697300
12134,1730800
12135,1746100
12136,1956000
12137,1792900
12138,1675000
12139,1780900
12140,1599600
12141,1734600
12142,1649100
12143,1772200
12144,1797300
12145,1894200
12146,2034600
12147,1854800
12148,1697200
12149,1652100
12150,1722000
12151,1691500
12152,1737900
12153,1749400
12154,1736700
12155,1877600
12156,1806100
12157,1687900
12158,1633200
12159,1816400
12160,1642400
12161,1968300
12162,1892600
12163,1668800
12164,1776100
12165,2000000
12166,1783600
12167,1720100
12168,1687200
12169,1580400
12170,1827200
12171,1773700
12172,1739200
12173,1761500
12174,1872800
12175,1790800
12176,1737800
12177,1669700
12178,1853900
12179,1919200
12180,1844300
12181,1659900
12182,1799200
12183,1747200
12184,1831300
12185,1790500
12186,1676800
12187,1690400
12188,1730300
12189,1692500
12190,1640100
12191,1712300
12192,1672800
12193,1992200
12194,1820900
12195,1683200
12196,1911800
12197,1879300
12198,1693500
12199,1643900
12200,1725500
12201,1671900
12202,1983900
12203,1820500
12204,1641700
12205,1863200
12206,1886700
12207,1712300
12208,1719600
12209,1812700
12210,1643800
12211,1776600
12212,2195000
12213,1875900
12214,1954900
12215,1882400
12216,1774600
12217,1725900
12218,1813900
12219,1623700
12220,2043000
12221,2066400
12222,1801300
12223,1766900
12224,1761700
12225,1624600
12226,1683500
12227,1769900
12228,1767800
12229,1855700
12230,1865900
12231,2014600
12232,1812700
12233,1745100
12234,1794700
12235,1716100
12236,1708600
12237,1772600
12238,1648800
12239,1921100
12240,2076900
12241,2229600
12242,2122400
12243,2455100
12244,2265200
12245,2187100
12246,2022000
12247,2406800
12248,2098000
12249,1920700
12250,1874600
12251,1804100
12252,1807000
12253,2071000
12254,1866700
12255,2359500
12256,2480400
12257,1935600
12258,1855200
12259,1914900
12260,1889000
12261,1953200
12262,1929000
12263,2384600
12264,2309600
12265,1937400
12266,1710900
12267,1727400
12268,1778200
12269,1771500
12270,1704500
12271,1906200
12272,2142300
12273,1875600
12274,1704200
12275,1691200
12276,1706300
12277,1707500
12278,1705600
12279,1641600
12280,1762700
12281,1922200
12282,1798600
12283,1804500
12284,1711600
12285,1642900
12286,1724800
12287,1788900
12288,1853200
12289,1822200
12290,1812200
12291,1991100
12292,1769900
12293,1639900
12294,1645800
12295,1713600
12296,1730800
12297,1887100
12298,1708800
12299,1686600
12300,1989000
12301,1933600
12302,1719700
12303,1781500
12304,1750200
12305,1810500
12306,1744200
12307,1790400
12308,1744400
12309,1757300
12310,1877300
12311,1701600
12312,1728200
12313,1719600
12314,1875700
12315,1685900
12316,1675600
12317,1683700
12318,1707200
12319,1972600
12320,1790800
12321,1714800
12322,1682700
12323,1972300
12324,1791900
12325,1684900
12326,1699000
12327,1714700
12328,1765800
12329,1838700
12330,1806200
12331,1739700
12332,2006400
12333,1960300
12334,1665400
12335,1658600
12336,1734700
12337,1699400
12338,2130200
12339,1887500
12340,1726300
12341,1946700
12342,1743000
12343,1653300
12344,1664900
12345,1774100
12346,1709200
12347,1911900
12348,1842800
12349,1785000
12350,1917300
12351,1680400
12352,1718700
12353,1673900
12354,1716700
12355,1631800
12356,1768100
12357,1867600
12358,1800500
12359,1721100
12360,1716800
12361,1633900
12362,1650000
12363,1706200
12364,1616800
12365,1631000
12366,1989600
12367,1977200
12368,1826700
12369,1752800
12370,1713100
12371,1763400
12372,1698300
12373,1614300
12374,1715300
12375,1749200
12376,1847500
12377,1900500
12378,1752700
12379,1706100
12380,1677800
12381,1717700
12382,1774400
12383,1733200
12384,1656300
12385,2353200
12386,1865300
12387,1756400
12388,1782500
12389,1642100
12390,1633600
12391,1834400
12392,1783600
12393,1740100
12394,2074000
12395,2085300
12396,1895300
12397,1779400
12398,1662600
12399,1652000
12400,1705200
12401,1758700
12402,1732200
12403,2165800
12404,2163900
12405,1749000
12406,1734300
12407,1686900
12408,1729800
12409,1661200
12410,1736900
12411,1686500
12412,1922000
12413,1869700
12414,1799700
12415,1696000
12416,1686900
12417,1621100
12418,1677400
12419,1795000
12420,1854000
12421,1770000
12422,1929000
12423,1751700
12424,1717200
12425,1628600
12426,1652700
12427,1681400
12428,1675000
12429,1935200
12430,1956900
12431,1909400
12432,2007800
12433,1682600
12434,1702400
12435,1737700
12436,1655000
12437,1770300
12438,2206000
12439,2014800
12440,2523500
12441,2135800
12442,2125100
12443,1807700
12444,1740800
12445,1685600
12446,1828100
12447,1768300
12448,1816400
12449,1977400
12450,1758200
12451,1762400
12452,1760400
12453,1798300
12454,1650900
12455,2079200
12456,1920000
12457,1796200
12458,2057600
12459,1836800
12460,1780200
12461,1667700
12462,1687800
12463,1927100
12464,1719700
12465,1721500
12466,1675300
12467,1801800
12468,1851600
12469,1724500
12470,1786400
12471,1635400
12472,1626000
12473,1928300
12474,1775000
12475,1664100
12476,1594000
12477,1890700
12478,1679400
12479,1830800
12480,1667200
12481,1720100
12482,1759800
12483,1723800
12484,1671700
12485,1650800
12486,1733900
12487,2035700
12488,1878300
12489,1721900
12490,1922400
12491,1726200
12492,1764000
12493,1715700
12494,1670900
12495,1706200
12496,1784200
12497,1938500
12498,1707500
12499,1849900
12500,1707900
12501,1653500
12502,1611700
12503,1623300
12504,1668500
12505,1741800
12506,2052500
12507,1765500
12508,1681200
12509,2074500
12510,2000600
12511,1938300
12512,1792100
12513,1813300
12514,1749700
12515,2115900
12516,1877000
12517,2025700
12518,1954800
12519,1805000
12520,1763600
12521,1776500
12522,1700300
12523,1801200
12524,1973400
12525,1823400
12526,1738400
12527,1748100
12528,1689900
12529,1689500
12530,1628900
12531,1607500
12532,1709300
12533,1938100
12534,1778300
12535,1769700
12536,1758900
12537,1690700
12538,1647500
12539,1752800
12540,1651200
12541,1636800
12542,1787700
12543,2091200
12544,1806000
12545,1758000
12546,1628000
12547,1678500
12548,1689700
12549,1767700
12550,1641600
12551,1713600
12552,2290200
12553,1942400
12554,1738000
12555,1734800
12556,1743000
12557,1702600
12558,1694300
12559,1680500
12560,1638600
12561,2222900
12562,1933900
12563,1717400
12564,1719000
12565,1694700
12566,1636100
12567,1664100
12568,1725000
12569,1648300
12570,1688500
12571,1996600
12572,1796600
12573,1712000
12574,1744300
12575,1652100
12576,1722000
12577,1698000
12578,1589700
12579,1780400
12580,2097600
12581,1961700
12582,1877100
12583,1772600
12584,1721800
12585,1693600
12586,1653900
12587,1690100
12588,1835000
12589,2062300
12590,1867700
12591,1747500
12592,1682700
12593,1635800
12594,1644000
12595,1642600
12596,1670700
12597,1720700
12598,1793600
12599,1960200
12600,1971100
12601,1719300
12602,1640100
12603,1651100
12604,1736400
12605,1701800
12606,1754800
12607,2046400
12608,2547300
12609,2119700
12610,1997400
12611,1859900
12612,1729300
12613,1769900
12614,1732200
12615,2031800
12616,1711200
12617,2115300
12618,1815500
12619,1674400
12620,1695800
12621,1817000
12622,1690800
12623,1817300
12624,1770300
12625,1740000
12626,1764000
12627,1916600
12628,1662000
12629,1755800
12630,1724000
12631,1605600
12632,1706000
12633,1766600
12634,1685300
12635,1590700
12636,1971600
12637,1900300
12638,1731100
12639,1706700
12640,1709900
12641,1896000
12642,2215500
12643,1806400
12644,1703200
12645,2150800
12646,1909600
12647,1773000
12648,1733100
12649,1886600
12650,1700300
12651,1789100
12652,1590400
12653,1682100
12654,1893100
12655,2054300
12656,1677600
12657,1726400
12658,1862400
12659,1688500
12660,1686100
12661,1668900
12662,1610000
12663,1712900
12664,1972700
12665,1810500
12666,1672300
12667,1921400
12668,1826100
12669,1902200
12670,1804700
12671,1703000
12672,1725700
12673,1852200
12674,1806700
12675,1716200
12676,1803000
12677,1800500
12678,1778700
12679,1815600
12680,1688100
12681,1745500
12682,2053300
12683,1962400
12684,1807700
12685,2167000
12686,1756800
12687,1741200
12688,1756200
12689,1642400
12690,1765100
12691,1934700
12692,1777300
12693,1904700
12694,1704900
12695,1690900
12696,1689400
12697,1652100
12698,1757000
12699,1683400
12700,1664900
12701,1997300
12702,1789700
12703,1825300
12704,1840200
12705,1672100
12706,1594700
12707,1767200
12708,1689100
12709,1747400
12710,2060700
12711,2186400
12712,1807400
12713,1746200
12714,1665700
12715,1635100
12716,1686900
12717,1751900
12718,1675000
12719,1733100
12720,2118100
12721,1748200
12722,1746300
12723,1748000
12724,1622100
12725,1726400
12726,1772400
12727,1705900
12728,1773800
12729,1962800
12730,1844000
12731,1695400
12732,1768700
12733,1662000
12734,1692200
12735,1749000
12736,1627400
12737,1695700
12738,2111800
12739,1994700
12740,1738900
12741,1739100
12742,1648600
12743,1633900
12744,1763100
12745,1791500
12746,1776800
12747,1764900
12748,1868300
12749,1860900
12750,1738600
12751,1757800
12752,1781700
12753,1722700
12754,1663300
12755,1898300
12756,1800100
12757,1967300
12758,1775700
12759,1740900
12760,1619600
12761,1753100
12762,1798900
12763,1820800
12764,1903800
12765,1764700
12766,1829300
12767,2044300
12768,1678200
12769,1796000
12770,1723300
12771,1660100
12772,1683500
12773,1831600
12774,1759300
12775,1793500
12776,2247600
12777,1792300
12778,1661300
12779,1834500
12780,1621700
12781,1883700
12782,1791000
12783,1699400
12784,1639600
12785,1942800
12786,1789700
12787,1837100
12788,1652500
12789,1682300
12790,1904200
12791,1741800
12792,1632400
12793,1744200
12794,1838900
12795,1952600
12796,1816100
12797,1679600
12798,1674400
12799,1735000
12800,2032300
12801,2364600
12802,2063000
12803,2653800
12804,2047800
12805,1954700
12806,1964500
12807,1958400
12808,1847200
12809,1935600
12810,1863100
12811,2405200
12812,2003500
12813,1917500
12814,1890600
12815,2093100
12816,1966900
12817,1902000
12818,1756800
12819,2211100
12820,2276500
12821,1974600
12822,1841700
12823,2069200
12824,1928000
12825,2013200
12826,1840100
12827,1960700
12828,2420500
12829,2014300
12830,2441700
12831,2080200
12832,1877700
12833,1910800
12834,1918100
12835,1893700
12836,2176000
12837,2023700
12838,2051500
12839,1953600
12840,1895500
12841,1978500
12842,1940400
12843,1851400
12844,1987800
12845,2069300
12846,2047900
12847,1899100
12848,1891500
12849,1930200
12850,2070800
12851,1927400
12852,1916900
12853,2166300
12854,2299100
12855,2020500
12856,1914000
12857,1806900
12858,1986500
12859,1843000
12860,1796800
12861,2009400
12862,2187100
12863,1907100
12864,1824700
12865,1884300
12866,1933400
12867,1929700
12868,1945000
12869,1851300
12870,2230900
12871,1978900
12872,1930800
12873,1905100
12874,2002000
12875,1890500
12876,2244600
12877,3523600
12878,2394500
12879,2658400
12880,4146500
12881,3167600
12882,1910400
12883,1920100
12884,2213500
12885,1753900
12886,1731300
12887,1801300
12888,1607300
12889,1699600
12890,1669600
12891,1769800
12892,1737800
12893,1864300
12894,1760800
12895,1698800
12896,1682500
12897,1714300
12898,1671600
12899,1739700
12900,1803700
12901,1792700
12902,1858100
12903,1858300
12904,1748500
12905,1675800
12906,1686800
12907,1670000
12908,1713700
12909,1839800
12910,1824300
12911,1708100
12912,1990800
12913,1923400
12914,1747300
12915,1676300
12916,1743700
12917,1660900
12918,1589300
12919,1796300
12920,1754500
12921,1704000
12922,1870000
12923,1777500
12924,1669400
12925,1780500
12926,1687300
12927,1719900
12928,1824900
12929,1640800
12930,1668500
12931,1945300
12932,1741200
12933,1666600
12934,1707600
12935,1809900
12936,1773800
12937,1784200
12938,1723100
12939,1767000
12940,1793900
12941,2023700
12942,1786400
12943,1741400
12944,1662300
12945,1707700
12946,1855000
12947,1747900
12948,1734200
12949,1751900
12950,1987600
12951,1783500
12952,1739700
12953,1753100
12954,1925500
12955,1794700
12956,1718000
12957,1742200
12958,1674500
12959,1860000
12960,1816900
12961,1715600
12962,1742600
12963,1825000
12964,1774900
12965,1707000
12966,1719000
12967,1784500
12968,1831200
12969,1955800
12970,1783300
12971,1645900
12972,1832500
12973,1689200
12974,1723100
12975,1750400
12976,1673900
12977,1743500
12978,2149000
12979,1844100
12980,1690300
12981,1729100
12982,1775300
12983,1752100
12984,1822900
12985,1711200
12986,1775900
12987,1784100
12988,1746000
12989,1674400
12990,1825700
12991,1756300
12992,1760900
12993,1707900
12994,1869200
12995,1628200
12996,1735000
12997,1902200
12998,1920100
12999,2360500
13000,2327400
13001,2104700
13002,2154300
13003,1860100
13004,1720100
13005,2070400
13006,1946900
13007,1819600
13008,1672900
13009,1801200
13010,1620600
13011,1828100
13012,1658300
13013,1623100
13014,1743200
13015,1997400
13016,1830400
13017,1786400
13018,1713600
13019,1669100
13020,1654400
13021,1716300
13022,1656900
13023,1619100
13024,2266700
13025,1795400
13026,1650700
13027,1751300
13028,1748800
13029,1694600
13030,1697400
13031,1727600
13032,1699100
13033,1962800
13034,1979200
13035,1728700
13036,1699900
13037,1686400
13038,1723300
13039,1635000
13040,1729700
13041,1670900
13042,1817400
13043,2216500
13044,1839200
13045,1776100
13046,1667200
13047,1789600
13048,1688200
13049,1680200
13050,1766500
13051,1824000
13052,1921700
13053,1852100
13054,1748800
13055,1709200
13056,1686300
13057,1737000
13058,1690000
13059,1826800
13060,2169600
13061,2033800
13062,1898900
13063,1751800
13064,1772700
13065,1748800
13066,1708200
13067,2126300
13068,1754000
13069,1738500
13070,2147500
13071,2010000
13072,1741200
13073,1711200
13074,1688100
13075,1676500
13076,1787900
13077,1697000
13078,1733100
13079,1767200
13080,1910700
13081,1725900
13082,1704300
13083,1590100
13084,1693300
13085,1778600
13086,1700700
13087,1630000
13088,1753600
13089,1857800
13090,2017900
13091,1804600
13092,1734100
13093,1618100
13094,1743300
13095,1691200
13096,1655200
13097,1730200
13098,1802700
13099,2235400
13100,1766800
13101,1726300
13102,1751300
13103,1751600
13104,1735700
13105,1771100
13106,1764300
13107,1733300
13108,1863600
13109,1774000
13110,1677000
13111,1726100
13112,1717400
13113,1674000
13114,1717300
13115,1714100
13116,1648500
13117,1875600
13118,1802000
13119,1889900
13120,1678400
13121,1817200
13122,1786100
13123,1804900
13124,1737300
13125,1767500
13126,1725900
13127,1828700
13128,1894600
13129,1953300
13130,1765500
13131,1660100
13132,1642600
13133,1835700
13134,1770800
13135,1662700
13136,2088700
13137,1832600
13138,1879200
13139,1787200
13140,1704200
13141,1693100
13142,1714400
13143,1646900
13144,1642900
13145,1779400
13146,1881400
13147,1771400
13148,1704900
13149,1667500
13150,1858900
13151,1804300
13152,1716300
13153,1628400
13154,1677500
13155,1899100
13156,2110300
13157,2155500
13158,1934100
13159,2128200
13160,1896600
13161,1649500
13162,1804600
13163,1998700
13164,2373700
13165,1935200
13166,1726800
13167,1797000
13168,1735500
13169,1660100
13170,1659000
13171,1698300
13172,1721900
13173,2028200
13174,1884400
13175,1774700
13176,1718100
13177,1765100
13178,1678000
13179,1769600
13180,1641000
13181,1639100
13182,2059500
13183,1942300
13184,1753600
13185,1788600
13186,1753900
13187,1657600
13188,1693600
13189,1651400
13190,1709900
13191,2066100
13192,2310000
13193,1994500
13194,1768500
13195,1749800
13196,1683400
13197,1729500
13198,1683400
13199,1680400
13200,1940400
13201,2063800
13202,1875000
13203,1714100
13204,1691300
13205,1795700
13206,1642600
13207,1753000
13208,1701000
13209,1879200
13210,1841300
13211,1850600
13212,1699000
13213,1706900
13214,1687600
13215,1657400
13216,1633900
13217,1692700
13218,1739000
13219,1849000
13220,2634900
13221,1842500
13222,1714900
13223,1700900
13224,1635900
13225,1761900
13226,1823300
13227,1764800
13228,1890000
13229,2014600
13230,1815200
13231,1789600
13232,2087700
13233,1668600
13234,1847800
13235,1897300
13236,1730500
13237,1783900
13238,1855500
13239,1675200
13240,1679800
13241,1694800
13242,1677200
13243,1784700
13244,1895700
13245,1797000
13246,1755200
13247,2097600
13248,1797300
13249,1744400
13250,1657400
13251,1637400
13252,1900000
13253,1858800
13254,1698400
13255,1828100
13256,2029500
13257,1996600
13258,1715700
13259,1706600
13260,1716400
13261,1817700
13262,1732300
13263,1804000
13264,1752400
13265,1907900
13266,1908400
13267,1682600
13268,1613500
13269,1770800
13270,1762400
13271,1723900
13272,1707500
13273,1694700
13274,1677600
13275,1911300
13276,1774000
13277,1700800
13278,1630900
13279,1878700
13280,1682600
13281,1687100
13282,1678500
13283,1730500
13284,1810700
13285,1890500
13286,1733500
13287,1738500
13288,1774200
13289,1711600
13290,1742400
13291,1685700
13292,1667800
13293,1783200
13294,2172100
13295,1934300
13296,1820300
13297,1766100
13298,1774600
13299,1697000
13300,1735300
13301,1695300
13302,1749100
13303,1946200
13304,1818800
13305,1992700
13306,1840400
13307,1747800
13308,1686300
13309,1626400
13310,1643500
13311,1654300
13312,1969700
13313,1944900
13314,2101200
13315,1836700
13316,1791700
13317,1646800
13318,1683700
13319,1770000
13320,1688500
13321,1724800
13322,2015000
13323,1881300
13324,1724200
13325,1825700
13326,1620000
13327,1664600
13328,1708600
13329,1626300
13330,1708600
13331,1852500
13332,2050100
13333,1725700
13334,1730500
13335,1657800
13336,1669700
13337,1685900
13338,1700800
13339,1657700
13340,1701700
13341,2126200
13342,1747700
13343,1766200
13344,1675600
13345,1656200
13346,1720300
13347,1763100
13348,1680100
13349,1727500
13350,2280200
13351,2445300
13352,2252900
13353,2567500
13354,2138500
13355,1993800
13356,2149100
13357,2353300
13358,2701300
13359,1962900
13360,1897100
13361,1897400
13362,1911100
13363,2354600
13364,1954100
13365,2080400
13366,2320700
13367,1984100
13368,1935100
13369,1856500
13370,1862500
13371,2290900
13372,1941500
13373,2018400
13374,2072400
13375,1821400
13376,1740800
13377,1654500
13378,1752300
13379,1956500
13380,1948600
13381,1752500
13382,2021200
13383,2197500
13384,1735900
13385,1697900
13386,1779300
13387,1950300
13388,1684500
13389,1784000
13390,1833500
13391,1761500
13392,1822800
13393,1738300
13394,1607500
13395,1702300
13396,1933800
13397,1860800
13398,1687500
13399,1665300
13400,1687000
13401,1866200
13402,1914400
13403,1766200
13404,1759600
13405,1824900
13406,1780200
13407,1630200
13408,1697700
13409,1741100
13410,2011400
13411,2048100
13412,1780500
13413,1659500
13414,1790700
13415,1771900
13416,1720800
13417,1670700
13418,1730000
13419,1686600
13420,1924100
13421,1797800
13422,1695700
13423,1886300
13424,1731600
13425,1697000
13426,1744300
13427,1749800
13428,1715100
13429,1870300
13430,1827500
13431,1714300
13432,1878900
13433,1701400
13434,1658400
13435,1650800
13436,1719000
13437,1710100
13438,1683100
13439,2111900
13440,2024200
13441,1765300
13442,1739500
13443,1764100
13444,1699000
13445,1723800
13446,1619200
13447,1738400
13448,1788400
13449,1884200
13450,1812400
13451,1763200
13452,1738100
13453,1666600
13454,1688900
13455,1695600
13456,1737500
13457,1749100
13458,2059300
13459,1833000
13460,1671800
13461,1649200
13462,1710700
13463,1688700
13464,1771700
13465,1655300
13466,1662100
13467,1948600
13468,2015500
13469,1812800
13470,1687200
13471,1722700
13472,1667700
13473,1611500
13474,1679400
13475,1647900
13476,1735200
13477,2161400
13478,1740600
13479,1734700
13480,1777100
13481,1689100
13482,1683600
13483,1647800
13484,1643800
13485,1644400
13486,2019400
13487,1821900
13488,1763000
13489,1766100
13490,1655400
13491,1657500
13492,1661500
13493,1822400
13494,1702800
13495,1820900
13496,2111600
13497,1759100
13498,1701500
13499,1767600
13500,1668100
13501,1701700
13502,1637800
13503,1655600
13504,2055300
13505,2076700
13506,1765500
13507,1759100
13508,1677300
13509,1702700
13510,1813800
13511,1625100
13512,1710100
13513,1696800
13514,1838500
13515,2066500
13516,1812300
13517,1750900
13518,1733400
13519,1805900
13520,1685800
13521,2040400
13522,1844500
13523,1799400
13524,1810600
13525,1719800
13526,1636300
13527,1691800
13528,1720200
13529,1781800
13530,1735400
13531,1752000
13532,1610000
13533,2079700
13534,1918500
13535,1707900
13536,1683400
13537,1679400
13538,1803000
13539,1811400
13540,1643300
13541,1655300
13542,1875900
13543,1809200
13544,1726600
13545,1642800
13546,1645500
13547,1704600
13548,1791000
13549,1848100
13550,1712100
13551,1779900
13552,2100400
13553,1933900
13554,1647800
13555,1685900
13556,1852700
13557,1622700
13558,1678000
13559,1715300
13560,1742500
13561,1802100
13562,1872400
13563,1671400
13564,1673100
13565,1830900
13566,2420300
13567,1996100
13568,2614300
13569,2147900
13570,2060200
13571,1775000
13572,1777600
13573,1778900
13574,1761200
13575,1654200
13576,1728900
13577,1717800
13578,1684000
13579,1843400
13580,1740200
13581,1642400
13582,1720300
13583,1734000
13584,1789500
13585,1695800
13586,1673400
13587,1682300
13588,1631600
13589,1848000
13590,1764200
13591,1884400
13592,1933800
13593,1740400
13594,1762900
13595,1750300
13596,1640600
13597,1723800
13598,1912900
13599,1783800
13600,1959300
13601,1817000
13602,1725600
13603,1857800
13604,1758300
13605,1654700
13606,1787300
13607,1822100
13608,1867800
13609,1785900
13610,1793000
13611,1658300
13612,1746800
13613,1677000
13614,1611800
13615,1589400
13616,1653300
13617,1837900
13618,2010400
13619,2195500
13620,1872700
13621,1988300
13622,1757100
13623,1892900
13624,1768500
13625,1800800
13626,2109400
13627,1946700
13628,1783600
13629,1871600
13630,1785700
13631,1699800
13632,1750200
13633,1788300
13634,1689900
13635,2178200
13636,1885500
13637,1691400
13638,1737300
13639,1719500
13640,1751500
13641,1886600
13642,1702900
13643,1675600
13644,2019300
13645,1938900
13646,1750000
13647,1736800
13648,1704100
13649,1746800
13650,1730400
13651,1640100
13652,1666900
13653,1813000
13654,1933300
13655,1692700
13656,1786900
13657,1718200
13658,1672500
13659,1613700
13660,1771500
13661,1664900
13662,1823900
13663,2018000
13664,1940300
13665,1791500
13666,1704800
13667,1776900
13668,1703700
13669,1739400
13670,1610300
13671,1799000
13672,1781000
13673,1958300
13674,1721400
13675,1619300
13676,1757200
13677,1678000
13678,1691300
13679,1699900
13680,1798100
13681,1753700
13682,2059400
13683,1841300
13684,1746100
13685,1755400
13686,1766000
13687,1634200
13688,1674300
13689,1834100
13690,1750800
13691,2070700
13692,2063600
13693,1756000
13694,1795800
13695,1765800
13696,1619200
13697,1761900
13698,1668100
13699,1665600
13700,1751200
13701,1982800
13702,1760800
13703,1769500
13704,1633600
13705,1678100
13706,2094100
13707,2184900
13708,2053100
13709,2417700
13710,2093100
13711,1770800
13712,1695900
13713,1875400
13714,1844400
13715,1692200
13716,1693500
13717,1788100
13718,1863700
13719,2000800
13720,1761300
13721,1702400
13722,1919500
13723,1970200
13724,1912500
13725,1707900
13726,1725200
13727,1830300
13728,1982200
13729,1712000
13730,1774800
13731,1813100
13732,1728200
13733,1838400
13734,1717400
13735,1641500
13736,1740800
13737,1930800
13738,1741100
13739,1777800
13740,1982600
13741,1834700
13742,1735200
13743,1752700
13744,1683800
13745,1633500
13746,2012600
13747,1717200
13748,1710000
13749,2160600
13750,1963000
13751,1832700
13752,1821400
13753,1626500
13754,1779100
13755,2034600
13756,2171800
13757,1742200
13758,1719200
13759,1701700
13760,1729500
13761,1686600
13762,1725100
13763,1616900
13764,1841000
13765,2051100
13766,1779300
13767,1964900
13768,1721900
13769,1786000
13770,1621500
13771,1629300
13772,1736300
13773,1726200
13774,2066900
13775,1807300
13776,1745600
13777,1693500
13778,1696600
13779,1662400
13780,1815500
13781,1642700
13782,1604300
13783,2405200
13784,2078400
13785,1851600
13786,1731700
13787,2075100
13788,1722700
13789,1845000
13790,1764000
13791,1881600
13792,1936000
13793,1938100
13794,1746200
13795,1782700
13796,1666700
13797,1674100
13798,1597500
13799,1680900
13800,1859500
13801,1956000
13802,2008100
13803,1790400
13804,1695300
13805,1771900
13806,1713300
13807,1669600
13808,1733500
13809,1826900
13810,1754600
13811,1895100
13812,1818100
13813,1734000
13814,1650500
13815,1640300
13816,1769500
13817,1671000
13818,1789500
13819,1731900
13820,2025900
13821,1981300
13822,1719200
13823,1690400
13824,1648200
13825,1687900
13826,1727300
13827,1771000
13828,1727700
13829,1768600
13830,2068700
13831,1793200
13832,1655200
13833,1626500
13834,1652100
13835,1741000
13836,1730400
13837,1684900
13838,1733100
13839,1972200
13840,1773100
13841,1771300
13842,1713700
13843,1752400
13844,1732600
13845,1835100
13846,1708000
13847,1763800
13848,1933300
13849,2246100
13850,1732800
13851,1740200
13852,1664900
13853,1910800
13854,1827200
13855,1657600
13856,1736900
13857,1721800
13858,1827000
13859,1641200
13860,1648000
13861,1684600
13862,1906500
13863,1817200
13864,1854400
13865,1754300
13866,1665700
13867,1830200
13868,1815300
13869,1717300
13870,1772800
13871,1880200
13872,1760400
13873,1720200
13874,1800400
13875,1672200
13876,1773800
13877,2106100
13878,1732300
13879,1713400
13880,1823500
13881,1723000
13882,1635300
13883,1678700
13884,1657900
13885,1756600
13886,1839000
13887,1736700
13888,1651800
13889,1767400
13890,1750400
13891,1629600
13892,1619100
13893,1779000
13894,1726700
13895,1742800
13896,1856700
13897,1772700
13898,1795000
13899,1741900
13900,1783400
13901,1670700
13902,1843800
13903,1678800
13904,1605300
13905,1903100
13906,1863900
13907,2150100
13908,2427900
13909,2251500
13910,2277300
13911,2164900
13912,1962400
13913,2374100
13914,2210300
13915,2065200
13916,2012000
13917,1967800
13918,1943300
13919,1817700
13920,1810800
13921,2361100
13922,2231700
13923,1870700
13924,1872900
13925,1982100
13926,2015300
13927,1885300
13928,1843800
13929,1867100
13930,2327400
13931,2000100
13932,1986100
13933,1952700
13934,1957900
13935,2012600
13936,1821700
13937,1876500
13938,2700900
13939,2139700
13940,2008500
13941,1935400
13942,1902000
13943,1891900
13944,1863300
13945,1866500
13946,2311900
13947,2038100
13948,1853900
13949,2014700
13950,1892400
13951,1850800
13952,1849200
13953,2046100
13954,2209500
13955,2135200
13956,1996100
13957,1977300
13958,1891000
13959,1932000
13960,1975400
13961,2088200
13962,1963700
13963,2251800
13964,1966600
13965,1964900
13966,1820100
13967,1902300
13968,1819500
13969,2245800
13970,2239300
13971,2316500
13972,1986200
13973,1982200
13974,1927900
13975,1826600
13976,1827700
13977,2037400
13978,1998800
13979,2035000
13980,1954200
13981,1987000
13982,1944800
13983,2087800
13984,3122400
13985,2407900
13986,2498600
13987,4082300
13988,3111000
13989,2028000
13990,1989000
13991,1855900
13992,1725900
13993,1768600
13994,2314900
13995,1750400
13996,1735100
13997,1719400
13998,1679000
13999,1791100
14000,1753500
14001,1731700
14002,1757700
14003,1917700
14004,1878900
14005,1716500
14006,1676400
14007,1745800
14008,1753000
14009,1782600
14010,1666700
14011,1602000
14012,1725600
14013,1855100
14014,1708400
14015,1628300
14016,1726000
14017,1882900
14018,1756300
14019,1801500
14020,1674300
14021,1655300
14022,2115400
14023,2061600
14024,1787500
14025,1694300
14026,1695000
14027,1766900
14028,1710500
14029,1759100
14030,1796900
14031,1827300
14032,1879300
14033,1803500
14034,1714700
14035,1823000
14036,1814900
14037,1713500
14038,1703800
14039,1714600
14040,1703100
14041,1830300
14042,1796800
14043,1697600
14044,1864400
14045,1726100
14046,1654400
14047,1692800
14048,1680300
14049,1678500
14050,1816500
14051,1863200
14052,1753500
14053,1676300
14054,1837100
14055,1841900
14056,1724000
14057,1828500
14058,1705600
14059,1683500
14060,1930800
14061,1728900
14062,1807600
14063,1711500
14064,1657200
14065,1637000
14066,1764100
14067,1777300
14068,1735800
14069,1968900
14070,1724800
14071,1930500
14072,1791000
14073,1683500
14074,1703500
14075,1649400
14076,1758800
14077,1644500
14078,1667300
14079,1986800
14080,1918200
14081,1788500
14082,1677900
14083,1685900
14084,1770900
14085,1770700
14086,1656800
14087,1635600
14088,2029000
14089,2108600
14090,1888600
14091,1674400
14092,1745500
14093,1690000
14094,1702300
14095,1648500
14096,1659600
14097,1933200
14098,1927600
14099,1744700
14100,1683500
14101,1774600
14102,1634100
14103,1768200
14104,1681900
14105,1743100
14106,1883700
14107,2006000
14108,1742700
14109,1675100
14110,1683200
14111,1647000
14112,1635000
14113,1627800
14114,1654600
14115,1916100
14116,1912800
14117,2000800
14118,1824200
14119,1790100
14120,1741200
14121,1726300
14122,1694500
14123,1687000
14124,1791700
14125,2359100
14126,2746600
14127,2122600
14128,1995000
14129,1833400
14130,1749700
14131,1627100
14132,1761900
14133,1799000
14134,1886300
14135,1819700
14136,1782400
14137,1655600
14138,1736900
14139,1665300
14140,1751600
14141,1830400
14142,1731300
14143,1766400
14144,2013500
14145,1769400
14146,1639700
14147,1668500
14148,1614000
14149,1697200
14150,1768400
14151,1689400
14152,1637600
14153,2024900
14154,2040600
14155,1649800
14156,1766000
14157,1721600
14158,1670600
14159,1745700
14160,1712000
14161,1699700
14162,1841500
14163,1850100
14164,1684400
14165,1618100
14166,1630900
14167,1734200
14168,2039700
14169,2122900
14170,1881400
14171,1783400
14172,2089800
14173,1792700
14174,1793900
14175,1719400
14176,1916600
14177,1787100
14178,1716600
14179,1710100
14180,1847600
14181,2237200
14182,1815900
14183,1773500
14184,1672400
14185,1777600
14186,1780300
14187,1763000
14188,1625500
14189,1683200
14190,1900200
14191,1878000
14192,1714100
14193,1631400
14194,1838300
14195,1732300
14196,1694100
14197,1637000
14198,1735100
14199,1751500
14200,2044000
14201,1729000
14202,1743800
14203,1667200
14204,1749300
14205,1673900
14206,1753300
14207,1685000
14208,1671700
14209,2024300
14210,1969000
14211,1721100
14212,1685800
14213,1794300
14214,1709600
14215,1819800
14216,1672400
14217,1615500
14218,1741100
14219,1823800
14220,1804000
14221,1853700
14222,1733600
14223,1668500
14224,1756800
14225,1801100
14226,1738900
14227,1699600
14228,1823800
14229,1796800
14230,1949500
14231,1737500
14232,1640900
14233,1694900
14234,1679100
14235,1745800
14236,1722700
14237,1745000
14238,1758000
14239,1706700
14240,1854600
14241,1691800
14242,1878900
14243,1760300
14244,1753700
14245,1717600
14246,1695500
14247,2066600
14248,2092100
14249,1672200
14250,1720100
14251,1731100
14252,1652700
14253,1824300
14254,1691200
14255,1702300
14256,2015100
14257,2152200
14258,2118300
14259,2018900
14260,2142400
14261,1835900
14262,1803700
14263,1684000
14264,1790800
14265,2067800
14266,1910000
14267,1762900
14268,1678200
14269,1706500
14270,1745200
14271,1723100
14272,1740800
14273,1672300
14274,2400800
14275,1983600
14276,1705900
14277,1686900
14278,1730800
14279,1655900
14280,1652300
14281,1701400
14282,1618200
14283,1927200
14284,1985400
14285,1759600
14286,1720500
14287,1656600
14288,1620300
14289,1641400
14290,1705400
14291,1720200
14292,1791800
14293,1937800
14294,1881400
14295,1697800
14296,1663900
14297,1576800
14298,1663400
14299,1654900
14300,1930200
14301,2149600
14302,2296700
14303,1973000
14304,1770600
14305,1677700
14306,1642500
14307,1672800
14308,1720800
14309,1840200
14310,1699300
14311,1825200
14312,1913900
14313,1759400
14314,1641400
14315,1701600
14316,1655000
14317,1642100
14318,1790800
14319,1713900
14320,1919400
14321,1877000
14322,1953600
14323,1750500
14324,1668100
14325,1713600
14326,1674900
14327,1820200
14328,1749200
14329,1804900
14330,2026900
14331,1740900
14332,1691400
14333,1674300
14334,1716300
14335,2434500
14336,2015300
14337,1805200
14338,1704300
14339,1885400
14340,1789100
14341,1761500
14342,1686700
14343,1630700
14344,1780300
14345,1642200
14346,1800300
14347,1689900
14348,1703500
14349,1854300
14350,1735500
14351,1662700
14352,1741700
14353,1794400
14354,1706400
14355,1807000
14356,1735200
14357,1644200
14358,1820300
14359,1868100
14360,1707700
14361,1691500
14362,1859200
14363,1738300
14364,1740600
14365,1639700
14366,1653100
14367,1789300
14368,2212900
14369,1810500
14370,1718600
14371,1869100
14372,1765700
14373,1735600
14374,1628400
14375,1736500
14376,1658000
14377,1765900
14378,1802100
14379,1754800
14380,1748900
14381,1767000
14382,1740700
14383,1719000
14384,1712800
14385,1660800
14386,1779000
14387,1958800
14388,1772300
14389,1786700
14390,1808200
14391,1703000
14392,1683300
14393,1811100
14394,1662300
14395,1713900
14396,2002100
14397,1975800
14398,1829500
14399,1852400
14400,1675400
14401,1687400
14402,1657600
14403,1682300
14404,1740300
14405,1769700
14406,1969100
14407,1817200
14408,1766100
14409,1738400
14410,1690000
14411,1706500
14412,1733000
14413,1616100
14414,1687200
14415,1981800
14416,2090500
14417,1871200
14418,1751700
14419,1623200
14420,1664700
14421,1684000
14422,1728300
14423,1698500
14424,1759800
14425,2172800
14426,1930700
14427,1717700
14428,1627900
14429,1633500
14430,1652400
14431,1786900
14432,1660900
14433,1829600
14434,2154400
14435,1886500
14436,1766400
14437,1650600
14438,1623000
14439,1715600
14440,1742000
14441,1663300
14442,1616100
14443,1971100
14444,1958200
14445,1836200
14446,1683700
14447,1667600
14448,1723400
14449,1666000
14450,1595400
14451,1828300
14452,1985400
14453,2167500
14454,1698700
14455,1657500
14456,1718200
14457,1756300
14458,1732500
14459,1681000
14460,1875500
14461,2148100
14462,3129200
14463,2527200
14464,2284100
14465,2084900
14466,2313800
14467,1961900
14468,2012400
14469,2263400
14470,2013400
14471,1871500
14472,1872500
14473,1884400
14474,2075900
14475,1861400
14476,2121700
14477,2308600
14478,2035200
14479,1864800
14480,1875700
14481,1872200
14482,1970000
14483,1944900
14484,1862100
14485,1874900
14486,1875500
14487,1782000
14488,1729400
14489,1708200
14490,1766800
14491,1898500
14492,1780700
14493,1800700
14494,1667500
14495,1975900
14496,1818300
14497,1676200
14498,1670400
14499,1970800
14500,1660000
14501,1642100
14502,1710800
14503,1724500
14504,1950700
14505,1901800
14506,1723400
14507,1695900
14508,1837200
14509,1890700
14510,1744200
14511,1807200
14512,1732300
14513,1838000
14514,1889900
14515,1742100
14516,1740100
14517,1818600
14518,1797000
14519,1655000
14520,1770700
14521,1741700
14522,1648900
14523,1988300
14524,2081000
14525,1710800
14526,1842000
14527,1672900
14528,1715600
14529,1777400
14530,1581100
14531,1715100
14532,1841800
14533,2002200
14534,1739200
14535,1863600
14536,1722800
14537,1681200
14538,1730000
14539,1825200
14540,1622200
14541,1676600
14542,1964500
14543,1748500
14544,1892600
14545,1724100
14546,1685000
14547,1816500
14548,1731500
14549,1653500
14550,1638400
14551,1984800
14552,2362900
14553,1812900
14554,1740000
14555,1678200
14556,1707800
14557,1612300
14558,1682000
14559,1687600
14560,1726100
14561,2118800
14562,1853600
14563,1735900
14564,1594200
14565,1658400
14566,1753300
14567,1720900
14568,1637700
14569,1644200
14570,2114400
14571,1836600
14572,1766600
14573,1710600
14574,1776900
14575,1651300
14576,1687200
14577,1682200
14578,1658100
14579,1904000
14580,1912500
14581,1742700
14582,1750000
14583,1754800
14584,1836100
14585,1654900
14586,1639600
14587,1637800
14588,2199800
14589,2070100
14590,1802500
14591,1734400
14592,1732300
14593,1678700
14594,1765400
14595,1651500
14596,1876500
14597,1786700
14598,2018400
14599,1740800
14600,1699300
14601,1842600
14602,1713700
14603,1763300
14604,1620900
14605,1876900
14606,1719200
14607,1893500
14608,1843600
14609,1714600
14610,1883400
14611,1672800
14612,1721400
14613,1653600
14614,1837100
14615,1743500
14616,1833200
14617,1775900
14618,1771600
14619,1754500
14620,1656700
14621,1656900
14622,1683800
14623,1843000
14624,1832500
14625,1723000
14626,1726400
14627,1979200
14628,1703500
14629,1685700
14630,1657600
14631,1696800
14632,2039200
14633,1763800
14634,1714700
14635,1687600
14636,1969300
14637,1754200
14638,1688300
14639,1633600
14640,1851700
14641,2049000
14642,1744600
14643,1723400
14644,1765100
14645,1898400
14646,1792400
14647,1738600
14648,1647000
14649,1931800
14650,1691200
14651,1755300
14652,1758300
14653,1601900
14654,1748500
14655,1968700
14656,1757200
14657,1690500
14658,2007600
14659,1744300
14660,1701300
14661,1711000
14662,1696900
14663,1743600
14664,2025200
14665,1801300
14666,1574100
14667,1742400
14668,1795100
14669,1637700
14670,1715700
14671,1761800
14672,1735900
14673,1727400
14674,1868500
14675,1803500
14676,1986500
14677,1742900
14678,1786400
14679,1669700
14680,1862900
14681,1654200
14682,1665200
14683,2066400
14684,1855400
14685,1857500
14686,1773200
14687,1623400
14688,1704200
14689,1693200
14690,1673500
14691,1694500
14692,1847600
14693,1833000
14694,2316400
14695,1981900
14696,2394100
14697,2214600
14698,1907500
14699,1839600
14700,1933400
14701,1952600
14702,1832600
14703,1653900
14704,1664100
14705,1670600
14706,1687400
14707,1746600
14708,1642800
14709,1676100
14710,2102900
14711,1973600
14712,1772000
14713,1655400
14714,1651300
14715,1813700
14716,1637100
14717,1665600
14718,1635300
14719,1831500
14720,2114900
14721,1774700
14722,1718600
14723,1694700
14724,1798000
14725,1739500
14726,1808800
14727,1672800
14728,1984200
14729,2325600
14730,1964900
14731,1906700
14732,1832000
14733,1755600
14734,1742200
14735,1795200
14736,1912400
14737,2309200
14738,2080800
14739,1789500
14740,1805200
14741,1758000
14742,1670500
14743,1688200
14744,1677200
14745,1735600
14746,1877900
14747,1856800
14748,1780100
14749,1729000
14750,1682100
14751,1703200
14752,1686500
14753,1723200
14754,1939600
14755,1752900
14756,1866000
14757,1745300
14758,1699200
14759,1668900
14760,1720500
14761,1610200
14762,1712700
14763,1792100
14764,1772200
14765,1819800
14766,1893000
14767,1771700
14768,1670900
14769,1697300
14770,1702500
14771,1927000
14772,1829700
14773,1837600
14774,1718800
14775,2202900
14776,1826000
14777,1742100
14778,1684300
14779,1715900
14780,1747500
14781,1934100
14782,1680900
14783,1788800
14784,1951200
14785,1774600
14786,1725600
14787,1781700
14788,1636400
14789,1690100
14790,1851000
14791,1698200
14792,1839900
14793,1794600
14794,2014500
14795,1670200
14796,1663700
14797,1752900
14798,1799800
14799,1783600
14800,1885500
14801,1697800
14802,1895000
14803,2116900
14804,1794300
14805,1757400
14806,1731500
14807,1750300
14808,1787200
14809,1767800
14810,1722100
14811,1697500
14812,1956000
14813,1869800
14814,1742100
14815,1713600
14816,2152500
14817,2285200
14818,2121100
14819,2051900
14820,1915100
14821,2020000
14822,1739500
14823,1641700
14824,1910800
14825,1899900
14826,1682800
14827,1732700
14828,1708400
14829,1716400
14830,2254100
14831,1846900
14832,1744500
14833,1798000
14834,1781400
14835,1798300
14836,1756000
14837,1702000
14838,1719700
14839,1904900
14840,1855700
14841,1760500
14842,1730900
14843,1837500
14844,1698300
14845,1731200
14846,1620900
14847,1675500
14848,1831400
14849,1800400
14850,1656600
14851,1754700
14852,1785300
14853,1660600
14854,1718200
14855,1708300
14856,1665000
14857,1645300
14858,1771100
14859,1766700
14860,2117200
14861,2236400
14862,1884200
14863,1750500
14864,1722600
14865,1697600
14866,1738000
14867,1908100
14868,2013500
14869,1864500
14870,1777400
14871,1730000
14872,1608200
14873,1622700
14874,1797200
14875,1708100
14876,1745100
14877,2190900
14878,1965200
14879,2000500
14880,1718900
14881,1760300
14882,1713700
14883,1676300
14884,1689100
14885,1815200
14886,1933600
14887,1868200
14888,1693800
14889,1715200
14890,1640300
14891,2120600
14892,1757800
14893,1743600
14894,2162100
14895,2252500
14896,1809800
14897,1804900
14898,1671800
14899,1628600
14900,1656900
14901,1745200
14902,1754300
14903,1924100
14904,1895000
14905,1860100
14906,1645800
14907,1699800
14908,1636700
14909,1683500
14910,1715500
14911,1665800
14912,1813700
14913,1881800
14914,1886900
14915,1827300
14916,1705500
14917,1677000
14918,1690500
14919,1738100
14920,1786400
14921,1806200
14922,1700300
14923,1861700
14924,1743400
14925,1825700
14926,1729200
14927,1671300
14928,1692800
14929,2083800
14930,2119900
14931,1807700
14932,1977100
14933,1776700
14934,1754000
14935,1816700
14936,1707300
14937,1770900
14938,1796400
14939,1768700
14940,1746100
14941,1955700
14942,1849200
14943,1783700
14944,1748700
14945,1655300
14946,1672800
14947,1805200
14948,1655900
14949,1745300
14950,1860700
14951,1869400
14952,1754500
14953,1779800
14954,1732200
14955,1625900
14956,1916300
14957,1730200
14958,1766300
14959,1750500
14960,2353800
14961,1801200
14962,1698200
14963,1724800
14964,1836200
14965,1773900
14966,1732200
14967,1673900
14968,1719000
14969,1939700
14970,1913600
14971,1755500
14972,1716600
14973,1775200
14974,1744200
14975,1814300
14976,1689500
14977,1741900
14978,1804700
14979,1812100
14980,1728900
14981,1728600
14982,1860300
14983,1694800
14984,1659100
14985,1700400
14986,1744200
14987,1700400
14988,2107500
14989,1828900
14990,1754800
14991,1874800
14992,1731900
14993,1697500
14994,1691200
14995,1724400
14996,1686700
14997,1770400
14998,1907000
14999,1716000
15000,1710500
15001,1735900
15002,1698200
15003,1713500
15004,1666700
15005,1652800
15006,1632400
15007,1799300
15008,1865200
15009,1798000
15010,1809600
15011,1686700
15012,1632700
15013,1659800
15014,1618200
15015,1704500
15016,1707000
15017,1957300
15018,1709000
15019,2174500
15020,2347300
15021,2200500
15022,2366700
15023,2046800
15024,1956200
15025,2339500
15026,2136100
15027,1948000
15028,2090900
15029,1956300
15030,1997800
15031,1928000
15032,1894100
15033,2218100
15034,2084900
15035,1943400
15036,1935400
15037,1925400
15038,2117200
15039,1906500
15040,1881900
15041,2021100
15042,2655600
15043,2086200
15044,1941400
15045,1885100
15046,1842600
15047,1957200
15048,1893000
15049,2400100
15050,2227600
15051,1956700
15052,1924300
15053,1890600
15054,1868400
15055,1937100
15056,1846100
15057,2142600
15058,2320500
15059,2032600
15060,1947800
15061,1903700
15062,1862100
15063,1836200
15064,1860300
15065,2177000
15066,2098100
15067,2064300
15068,1867600
15069,2023100
15070,1879700
15071,2015200
15072,2425500
15073,2132700
15074,2161800
15075,2029300
15076,1850100
15077,1817300
15078,1844900
15079,1882300
15080,1928700
15081,1895200
15082,2031000
15083,2019400
15084,1930500
15085,1958300
15086,1943700
15087,1865800
15088,1923900
15089,1932100
15090,1838400
15091,2061900
15092,2078900
15093,1968300
15094,2164100
15095,2927600
15096,2447900
15097,2521500
15098,3903900
15099,3561400
15100,2032200
15101,1897600
15102,1889300
15103,1733700
15104,1712300
15105,1919100
15106,2229200
15107,1800400
15108,1680600
15109,1695400
15110,1755300
15111,1720300
15112,1763700
15113,1637300
15114,1743400
15115,1994700
15116,1757400
15117,1700800
15118,1721700
15119,1671900
15120,1697400
15121,1690800
15122,1692800
15123,1743600
15124,1811100
15125,1868400
15126,1762500
15127,1696600
15128,1880700
15129,1806100
15130,1751100
15131,1812800
15132,1657500
15133,1688000
15134,2060700
15135,1813500
15136,1734700
15137,1838200
15138,1764900
15139,1696900
15140,1698000
15141,1642900
15142,1680200
15143,1777400
15144,1961000
15145,1803200
15146,1863100
15147,1709100
15148,1720200
15149,1811400
15150,1614700
15151,1672900
15152,1686900
15153,1993500
15154,1710400
15155,1763300
15156,1707800
15157,1752000
15158,1685900
15159,1724600
15160,1636100
15161,1698900
15162,1716300
15163,1790800
15164,1946500
15165,1745000
15166,1767800
15167,1769400
15168,1626600
15169,1846600
15170,1678800
15171,1760200
15172,2137500
15173,1867300
15174,1775200
15175,1781900
15176,1735600
15177,1647700
15178,1706200
15179,1663700
15180,1685900
15181,2108100
15182,1987100
15183,1710300
15184,1849500
15185,1722100
15186,1627800
15187,1649800
15188,1670500
15189,1823000
15190,1882300
15191,1756000
15192,1698400
15193,1819700
15194,1654800
15195,1614800
15196,1706100
15197,1648800
15198,1950300
15199,1944200
15200,1967100
15201,1836100
15202,1657800
15203,1702500
15204,1666300
15205,1633900
15206,1640500
15207,1779200
15208,1735000
15209,1878100
15210,1811000
15211,1656100
15212,1728400
15213,1684700
15214,1687300
15215,1637000
15216,1888600
15217,1663500
15218,1675200
15219,2134100
15220,1794300
15221,1720800
15222,1620400
15223,1698400
15224,1676400
15225,1838800
15226,1851200
15227,1789600
15228,2038000
15229,2064300
15230,1693000
15231,1679600
15232,1612000
15233,1599300
15234,1829100
15235,1868700
15236,1771000
15237,1713100
15238,1996000
15239,1722500
15240,1733500
15241,1683500
15242,1637800
15243,1745000
15244,1862300
15245,1780600
15246,1805700
15247,1916600
15248,1803100
15249,1641000
15250,1762900
15251,1651200
15252,2148000
15253,2146200
15254,2493300
15255,2608300
15256,2216700
15257,1836400
15258,1817500
15259,1772900
15260,1809900
15261,1784900
15262,1842100
15263,1719000
15264,1740000
15265,1948900
15266,1705300
15267,1721900
15268,1775500
15269,1808100
15270,1720000
15271,1717400
15272,1655700
15273,1663300
15274,1909000
15275,1753700
15276,1662100
15277,1977700
15278,2019000
15279,1817700
15280,1965700
15281,1763500
15282,1798900
15283,1835800
15284,1839900
15285,1881300
15286,1924900
15287,1887300
15288,1766500
15289,1872000
15290,1859200
15291,1760500
15292,2154300
15293,1909500
15294,1933600
15295,1787800
15296,1814700
15297,1783800
15298,1811800
15299,1713800
15300,1696000
15301,1954400
15302,1818500
15303,1814700
15304,1753000
15305,1712400
15306,1735900
15307,1738700
15308,1779200
15309,1766100
15310,2014000
15311,1841500
15312,1810300
15313,1800900
15314,1734200
15315,1706400
15316,1747600
15317,1682000
15318,1731000
15319,1756100
15320,2096700
15321,2013100
15322,1858800
15323,1724900
15324,1766800
15325,1627000
15326,1784300
15327,1676700
15328,1674100
15329,2062000
15330,1971300
15331,1763500
15332,1629600
15333,1753200
15334,1616500
15335,1629700
15336,1669800
15337,1663800
15338,1798400
15339,2002600
15340,1788700
15341,1665800
15342,1680500
15343,1679000
15344,1732800
15345,1761000
15346,1663100
15347,1709500
15348,1967300
15349,1931600
15350,1770600
15351,1750000
15352,1784600
15353,1719900
15354,1676400
15355,1731700
15356,2160600
15357,2620400
15358,2047700
15359,2135300
15360,1834000
15361,1766600
15362,1719600
15363,1748100
15364,1907800
15365,1995900
15366,1900900
15367,1735800
15368,1709400
15369,1725300
15370,1728000
15371,1633500
15372,1681400
15373,1888700
15374,1835900
15375,1889700
15376,1737100
15377,1699200
15378,1755300
15379,1701500
15380,1610800
15381,1698300
15382,2071300
15383,1907400
15384,1914100
15385,2016100
15386,1736400
15387,1718300
15388,1622600
15389,1705800
15390,1803600
15391,1752100
15392,1702300
15393,1913300
15394,1938200
15395,1732600
15396,1666100
15397,1739200
15398,1767000
15399,1788200
15400,1775300
15401,1641300
15402,1681400
15403,1958700
15404,1747400
15405,1781600
15406,1728700
15407,1634700
15408,1849100
15409,2107700
15410,1844100
15411,1797400
15412,2036200
15413,1908600
15414,1718000
15415,1710800
15416,1934600
15417,2027500
15418,1858200
15419,1687200
15420,1705300
15421,1837000
15422,1805800
15423,1692300
15424,1675500
15425,1817200
15426,1773100
15427,1719700
15428,1745100
15429,1637700
15430,1747400
15431,1810700
15432,2051400
15433,1764700
15434,1848900
15435,1867000
15436,2174600
15437,1671300
15438,1708900
15439,1713800
15440,1807800
15441,1740600
15442,1717500
15443,1944700
15444,1809100
15445,1601800
15446,1809000
15447,1733200
15448,1744300
15449,2004600
15450,1839500
15451,1814700
15452,1841500
15453,1757500
15454,1714200
15455,1697800
15456,1617400
15457,1686100
15458,1867800
15459,1834800
15460,1886100
15461,1797600
15462,1705200
15463,1679900
15464,1679200
15465,1801200
15466,1639300
15467,1731000
15468,1873100
15469,1940600
15470,1735800
15471,1824500
15472,1791300
15473,1629500
15474,1663800
15475,1657700
15476,1678400
15477,1905100
15478,2324900
15479,1816900
15480,1780200
15481,1723200
15482,1751900
15483,1742800
15484,1674000
15485,1732700
15486,1887400
15487,1826400
15488,1681500
15489,1713700
15490,1631300
15491,1635400
15492,1704100
15493,1669600
15494,1716600
15495,1995900
15496,2006900
15497,1783000
15498,1782500
15499,1718800
15500,1731900
15501,1658600
15502,1628700
15503,1748900
15504,1804500
15505,1817700
15506,2245600
15507,1823100
15508,1790300
15509,1714200
15510,1772300
15511,1705800
15512,1881900
15513,1687500
15514,1631100
15515,1890500
15516,1817000
15517,1729900
15518,1634200
15519,1681000
15520,1663000
15521,1678300
15522,1961100
15523,1714500
15524,1836300
15525,1942500
15526,1763100
15527,1675300
15528,1702100
15529,1746200
15530,1947200
15531,1930300
15532,1820800
15533,1930400
15534,1939700
15535,1788400
15536,1637500
15537,1692600
15538,1680000
15539,1882100
15540,1887900
15541,1752100
15542,1665600
15543,2105100
15544,1844800
15545,1643600
15546,1666000
15547,1647000
15548,1847800
15549,1768100
15550,1725200
15551,1619700
15552,1747700
15553,1804300
15554,1676200
15555,1642600
15556,1649600
15557,1782000
15558,1759500
15559,1778600
15560,1679600
15561,1693600
15562,2098000
15563,1892300
15564,1742200
15565,1675600
15566,1999100
15567,2133500
15568,2129600
15569,2315700
15570,2659100
15571,2252000
15572,2000700
15573,2058700
15574,2016700
15575,1977000
15576,1980200
15577,1876200
15578,2245600
15579,2108800
15580,1875100
15581,1924900
15582,2059800
15583,1900700
15584,1854700
15585,1921000
15586,1952800
15587,2259600
15588,2087500
15589,2118700
15590,1975500
15591,1775800
15592,1848700
15593,1676000
15594,1633400
15595,1924500
15596,2087400
15597,1957800
15598,1837300
15599,1685800
15600,1689500
15601,1750700
15602,1679200
15603,1660300
15604,1920800
15605,1881100
15606,1805800
15607,1742400
15608,1663100
15609,1615100
15610,1688200
15611,1607700
15612,1681300
15613,1718700
15614,1957400
15615,1969900
15616,1821000
15617,1656700
15618,1684500
15619,1740100
15620,1654200
15621,1720400
15622,1818900
15623,1637500
15624,2146500
15625,1848500
15626,1717700
15627,1718100
15628,1621400
15629,1809000
15630,1695900
15631,1714600
15632,1671100
15633,2238700
15634,1989500
15635,1770500
15636,1759400
15637,1712100
15638,1746200
15639,1826900
15640,1686000
15641,1622200
15642,1920600
15643,1818600
15644,1722600
15645,1735200
15646,1679300
15647,1687800
15648,1805800
15649,1801800
15650,1640400
15651,1919800
15652,2109900
15653,1766200
15654,1787700
15655,1665100
15656,1675300
15657,1764900
15658,1743800
15659,1646800
15660,1752000
15661,2246200
15662,1805900
15663,1789700
15664,1754800
15665,1749100
15666,1808100
15667,1638500
15668,1654700
15669,1777500
15670,1957700
15671,1744700
15672,1804100
15673,1758800
15674,1696000
15675,1755800
15676,1623100
15677,1678700
15678,1754400
15679,1886600
15680,1841900
15681,1800000
15682,1680800
15683,1737900
15684,1739000
15685,1719200
15686,1810400
15687,1734600
15688,1741200
15689,1886100
15690,1889400
15691,1733600
15692,1706300
15693,1668400
15694,1641600
15695,1585500
15696,2081700
15697,1874300
15698,1690600
15699,2016800
15700,1895600
15701,1771300
15702,1702700
15703,1657000
15704,1687900
15705,1952500
15706,1702600
15707,1802500
15708,2109400
15709,1886600
15710,1748100
15711,1694700
15712,1646800
15713,1627600
15714,1822400
15715,1758300
15716,1680700
15717,1902400
15718,1930900
15719,1711800
15720,1659500
15721,1687500
15722,1742300
15723,1953500
15724,1736100
15725,1607700
15726,1756400
15727,1821600
15728,1737400
15729,1672300
15730,1689600
15731,1716400
15732,1878800
15733,1818400
15734,1671500
15735,1597800
15736,1923600
15737,1810000
15738,1711700
15739,1727500
15740,1742900
15741,1920500
15742,1721500
15743,1717800
15744,1751800
15745,1666700
15746,1828400
15747,1727100
15748,1702600
15749,1839000
15750,1668700
15751,1727100
15752,1701700
15753,1768000
15754,1642200
15755,1877400
15756,2012300
15757,1685600
15758,1839100
15759,1787400
15760,1789600
15761,1690000
15762,1749900
15763,1617900
15764,1746300
15765,1997900
15766,1752100
15767,1853500
15768,1742600
15769,1705000
15770,1809900
15771,1794900
15772,1714600
15773,1622500
15774,1859800
15775,1773500
15776,1937200
15777,1759200
15778,1690900
15779,1693200
15780,1726000
15781,1717500
15782,1669100
15783,1659500
15784,1848200
15785,1811300
15786,1686100
15787,1620800
15788,1637900
15789,1758800
15790,1759600
15791,1616600
15792,1652300
15793,1841600
15794,2187400
15795,1820700
15796,1737600
15797,1636100
15798,1824700
15799,1728200
15800,1766100
15801,1717800
15802,1785400
15803,1900000
15804,1824100
15805,1809300
15806,1683600
15807,1710300
15808,1735500
15809,1664600
15810,1725500
15811,1737000
15812,2013200
15813,1765000
15814,1684400
15815,1673600
15816,1726300
15817,1630600
15818,1711600
15819,1602600
15820,1721700
15821,2222700
15822,2635900
15823,2487800
15824,2092700
15825,1994200
15826,1794300
15827,1787600
15828,1694500
15829,1857500
15830,2035100
15831,1707900
15832,1729500
15833,1657500
15834,1718000
15835,1681900
15836,1668800
15837,1772200
15838,2169000
15839,2345800
15840,1882600
15841,1890900
15842,1736900
15843,1798900
15844,1815600
15845,1792700
15846,1850500
15847,1798000
15848,2246500
15849,1941100
15850,1783900
15851,1671800
15852,1689300
15853,1747900
15854,1781700
15855,1830100
15856,1712500
15857,2019100
15858,1852000
15859,1766500
15860,1684100
15861,1669900
15862,1602800
15863,1783600
15864,1744200
15865,1742300
15866,1862100
15867,1805100
15868,1801000
15869,1704500
15870,1611800
15871,1695600
15872,1836700
15873,1714000
15874,1733200
15875,1785600
15876,1865000
15877,1724400
15878,1687600
15879,1737500
15880,1649500
15881,1973000
15882,2001300
15883,1739000
15884,1777700
15885,1790300
15886,1994200
15887,1802600
15888,1730800
15889,1682900
15890,1743400
15891,1707700
15892,1696400
15893,1791700
15894,1803900
15895,2006100
15896,1759000
15897,1685200
15898,1637100
15899,1782800
15900,1793200
15901,1624500
15902,1808000
15903,1713000
15904,1908100
15905,1775700
15906,1608900
15907,1668800
15908,1789000
15909,1729900
15910,1673700
15911,1889100
15912,1776900
15913,1943500
15914,1907200
15915,1827600
15916,1754100
15917,2038400
15918,2136100
15919,2148100
15920,2110000
15921,1823700
15922,1954200
15923,1792500
15924,1948700
15925,1800500
15926,1757200
15927,1789300
15928,1641000
15929,1681200
15930,1677200
15931,2024700
15932,2049400
15933,1993700
15934,1750600
15935,1760500
15936,1799200
15937,1639400
15938,1673200
15939,1715100
15940,1884900
15941,2045400
15942,1945800
15943,1770800
15944,1708700
15945,1804500
15946,1701400
15947,1680900
15948,1687900
15949,1711000
15950,2147600
15951,1822200
15952,1736800
15953,1690900
15954,1812800
15955,1710200
15956,1728200
15957,1691700
15958,1681400
15959,2136300
15960,1849300
15961,1777200
15962,1749300
15963,1812600
15964,1664400
15965,1679600
15966,1710400
15967,1662900
15968,2260400
15969,2477700
15970,1929500
15971,1819300
15972,1692200
15973,1683100
15974,1707400
15975,1758700
15976,1791200
15977,1919400
15978,1960300
15979,1800400
15980,1819600
15981,1730300
15982,1591300
15983,1809300
15984,1663800
15985,1830300
15986,1776400
15987,1766300
15988,1758700
15989,1725500
15990,1705000
15991,1655400
15992,1693400
15993,2078600
15994,1761400
15995,1897100
15996,1812800
15997,1822000
15998,1691400
15999,1689400
16000,1715700
16001,1700500
16002,1659900
16003,1992000
16004,2017500
16005,2029000
16006,1844600
16007,1743400
16008,1692500
16009,1633700
16010,1732100
16011,1676500
16012,1792400
16013,1713400
16014,1705700
16015,2047900
16016,1785400
16017,1692000
16018,1681100
16019,1744400
16020,1694100
16021,1937100
16022,1811200
16023,1723200
16024,2129600
16025,1754800
16026,1708900
16027,1740700
16028,1646400
16029,1668000
16030,2043800
16031,1786000
16032,1742300
16033,2028200
16034,1924900
16035,1716200
16036,1680100
16037,1671700
16038,1919600
16039,1756800
16040,1783200
16041,1667100
16042,1849700
16043,1803000
16044,1695800
16045,1635500
16046,1726300
16047,1702400
16048,1856800
16049,1929700
16050,1673500
16051,1736800
16052,1847600
16053,1846200
16054,1749200
16055,1718500
16056,1762100
16057,1739800
16058,1674100
16059,1763300
16060,1851000
16061,1779600
16062,1890800
16063,1739100
16064,1776200
16065,1762400
16066,1724600
16067,1625900
16068,1711600
16069,1741900
16070,1688100
16071,2120200
16072,1896000
16073,1754200
16074,1817000
16075,1707400
16076,1800300
16077,1664500
16078,1697900
16079,1659700
16080,1929000
16081,1791600
16082,1664900
16083,1897800
16084,1754800
16085,1720700
16086,1674500
16087,1753000
16088,1670600
16089,1728700
16090,2045700
16091,1788200
16092,1894400
16093,1687900
16094,1698200
16095,1666700
16096,1751600
16097,1691100
16098,1704100
16099,2116300
16100,2085400
16101,1727000
16102,1734500
16103,1726200
16104,1664200
16105,1732500
16106,1695500
16107,1642300
16108,1727100
16109,2010600
16110,1798900
16111,1690800
16112,1654200
16113,1773600
16114,1809400
16115,1669400
16116,1619800
16117,1665200
16118,2035600
16119,2074900
16120,1787400
16121,1721700
16122,1665300
16123,1771700
16124,1666600
16125,1723200
16126,1710900
16127,2318300
16128,2267400
16129,2067600
16130,2250500
16131,2147700
16132,1889800
16133,1923300
16134,2162200
16135,2319700
16136,2076700
16137,1950000
16138,1857900
16139,1905300
16140,1804600
16141,1973700
16142,1988400
16143,2028100
16144,2048300
16145,1899500
16146,1955700
16147,2175800
16148,1885400
16149,1815400
16150,2023600
16151,1900300
16152,2248800
16153,1933200
16154,1901300
16155,1931600
16156,1968500
16157,1831500
16158,2341500
16159,2141300
16160,2066100
16161,2009700
16162,2040700
16163,1904900
16164,1920800
16165,1919600
16166,1978000
16167,1951900
16168,2136900
16169,2207500
16170,1986300
16171,1885700
16172,1933300
16173,1870200
16174,2149100
16175,2076800
16176,1929000
16177,2080300
16178,2064500
16179,1847200
16180,1872300
16181,2023400
16182,2180800
16183,2028600
16184,1893600
16185,2310700
16186,2098000
16187,1949800
16188,1939900
16189,2069600
16190,1958500
16191,1991900
16192,1855900
16193,2109100
16194,2182800
16195,1945600
16196,1956000
16197,1994400
16198,1809500
16199,2012200
16200,1864100
16201,2080100
16202,2181300
16203,2055700
16204,2767300
16205,2415500
16206,2150700
16207,3247100
16208,3559400
16209,2638100
16210,1866500
16211,1851800
16212,1707800
16213,1736500
16214,1706000
16215,1659800
16216,1801500
16217,2025200
16218,1763000
16219,1713400
16220,1820800
16221,1724000
16222,1736300
16223,1691400
16224,1660400
16225,1654000
16226,1979500
16227,1829300
16228,1687100
16229,1707700
16230,1678500
16231,1646100
16232,1773000
16233,1606000
16234,1756300
16235,1773600
16236,1864500
16237,1715500
16238,1847000
16239,1672800
16240,1769500
16241,1668800
16242,1742900
16243,1716700
16244,1736800
16245,1826700
16246,2121800
16247,1970600
16248,1808400
16249,1693400
16250,1780300
16251,1753800
16252,1790600
16253,1571100
16254,1697900
16255,2099300
16256,1798600
16257,1701000
16258,1793500
16259,1660100
16260,1645400
16261,1722100
16262,1699400
16263,1671600
16264,2059300
16265,1861000
16266,1791300
16267,1712800
16268,1748500
16269,1644900
16270,1770600
16271,1714600
16272,1659800
16273,1935600
16274,2030700
16275,1761700
16276,1628500
16277,1705700
16278,1801500
16279,1817900
16280,1714900
16281,1845600
16282,1806100
16283,1938700
16284,1748700
16285,1730400
16286,1779600
16287,1659900
16288,1646500
16289,1675600
16290,1887900
16291,1888800
16292,1807600
16293,1807800
16294,1782500
16295,1710300
16296,1661000
16297,1772100
16298,1858200
16299,1782900
16300,1706400
16301,1729800
16302,1838200
16303,1712100
16304,1704200
16305,1743400
16306,1694000
16307,1708500
16308,1880400
16309,1721100
16310,1713000
16311,2100300
16312,1868700
16313,1745500
16314,1876700
16315,1622700
16316,1755300
16317,1905700
16318,1795200
16319,1681200
16320,1832800
16321,1799000
16322,1716500
16323,1763600
16324,1641200
16325,1663300
16326,1780400
16327,1811400
16328,1659400
16329,1634500
16330,2020500
16331,1700000
16332,1777900
16333,1741700
16334,1760600
16335,1847100
16336,1719200
16337,1637900
16338,1639300
16339,1988500
16340,2120500
16341,1852700
16342,1743600
16343,1653400
16344,1838100
16345,1781100
16346,1713300
16347,1702600
16348,1865300
16349,1994500
16350,1789900
16351,1759700
16352,1661500
16353,1730500
16354,1803900
16355,1751600
16356,1696200
16357,1721900
16358,1987900
16359,1732500
16360,1729100
16361,1693600
16362,1953000
16363,1834900
16364,1707000
16365,1718900
16366,1698500
16367,2257400
16368,1934600
16369,1751700
16370,1921800
16371,1751700
16372,1815000
16373,1785400
16374,1766500
16375,1812200
16376,1930500
16377,1845600
16378,1727500
16379,1899800
16380,2022700
16381,2316000
16382,1966600
16383,2128300
16384,1969200
16385,1984100
16386,1733700
16387,2132100
16388,1981000
16389,1814900
16390,1786400
16391,1894800
16392,1744300
16393,1725300
16394,2049200
16395,2083600
16396,1928300
16397,1805100
16398,1746800
16399,1757200
16400,1673200
16401,1663000
16402,1706500
16403,1983500
16404,1840100
16405,1723100
16406,1734300
16407,1683900
16408,1747900
16409,1739700
16410,1674400
16411,1659300
16412,2092300
16413,1899300
16414,1735000
16415,1672500
16416,1750900
16417,1642600
16418,1745200
16419,1618700
16420,1617000
16421,1802800
16422,1949000
16423,1753200
16424,1770700
16425,1693700
16426,1751800
16427,1654100
16428,1652100
16429,1644800
16430,1907300
16431,2378500
16432,1793900
16433,1796000
16434,1697800
16435,1640100
16436,1706000
16437,1774100
16438,1643800
16439,1820400
16440,2120300
16441,1843200
16442,1815100
16443,1767300
16444,1696300
16445,1756100
16446,1670000
16447,1705800
16448,1819800
16449,1997000
16450,1988000
16451,1742000
16452,1621900
16453,1746900
16454,1716900
16455,1674500
16456,1805100
16457,2291900
16458,2586700
16459,2424300
16460,2313400
16461,1959100
16462,1797300
16463,1699800
16464,2038900
16465,1857000
16466,1869500
16467,1971400
16468,1738700
16469,1701600
16470,1750900
16471,1586900
16472,1629600
16473,1742000
16474,1776200
16475,1686300
16476,1988100
16477,1755400
16478,1745400
16479,1747200
16480,1704400
16481,1644700
16482,1747600
16483,1781400
16484,1684600
16485,1691600
16486,2005900
16487,1779000
16488,1693800
16489,1735300
16490,1673300
16491,1823700
16492,1813600
16493,1723300
16494,1673300
16495,2200200
16496,1811500
16497,1765800
16498,1666700
16499,1703000
16500,1707400
16501,1794100
16502,1776400
16503,1618100
16504,1950300
16505,1844400
16506,1735500
16507,1675600
16508,1793300
16509,1796500
16510,1733100
16511,1670600
16512,1650500
16513,1760100
16514,2017100
16515,1841400
16516,1726300
16517,1689100
16518,1986600
16519,2052000
16520,1877100
16521,1758400
16522,2327000
16523,2320700
16524,1813900
16525,1842800
16526,1739300
16527,1737800
16528,1735500
16529,1735200
16530,1667000
16531,1979400
16532,1898300
16533,1706000
16534,1803500
16535,1934900
16536,1754400
16537,1693200
16538,2044900
16539,1661300
16540,1742600
16541,1872600
16542,1756600
16543,1877000
16544,1698400
16545,1848300
16546,1709800
16547,1721100
16548,1808600
16549,1706100
16550,1958300
16551,1959500
16552,2000300
16553,1902900
16554,1764300
16555,1731000
16556,1701000
16557,1707800
16558,1708400
16559,1845900
16560,2053100
16561,1859200
16562,1741100
16563,1753300
16564,1800300
16565,1650800
16566,1699700
16567,1635700
16568,1767200
16569,1924500
16570,1884600
16571,1792800
16572,1646800
16573,1743100
16574,1643200
16575,1859800
16576,1714100
16577,1619700
16578,1866200
16579,1992300
16580,1909700
16581,1793000
16582,1718300
16583,1717400
16584,1756200
16585,1726400
16586,1639900
16587,1722500
16588,2086700
16589,1825400
16590,1843800
16591,1712000
16592,1725400
16593,1677800
16594,1737300
16595,1642400
16596,1716100
16597,2109300
16598,1857600
16599,1730800
16600,1716800
16601,1701800
16602,1648300
16603,1736100
16604,1626800
16605,1689100
16606,1767200
16607,2147900
16608,1828600
16609,1595100
16610,1749300
16611,1762900
16612,1742600
16613,1552800
16614,1680700
16615,1886300
16616,2199000
16617,1776700
16618,1750500
16619,1680100
16620,1748300
16621,1681200
16622,1798100
16623,1642600
16624,1771200
16625,1924200
16626,1841200
16627,1714600
16628,1727100
16629,1685800
16630,1762700
16631,1747600
16632,1671700
16633,2060000
16634,2011300
16635,2000200
16636,1695300
16637,1677200
16638,1653500
16639,1709300
16640,1645800
16641,1683200
16642,1834500
16643,1763500
16644,1987200
16645,1799400
16646,1782500
16647,1691100
16648,1676600
16649,1663700
16650,1700000
16651,1864500
16652,1880600
16653,1850500
16654,1998300
16655,1746100
16656,1752400
16657,1760300
16658,1700400
16659,1709300
16660,1751200
16661,1687400
16662,1836400
16663,2082400
16664,1740400
16665,1744900
16666,1665800
16667,1646300
16668,1682300
16669,1831500
16670,1711100
16671,1597000
16672,1839000
16673,1923700
16674,1663700
16675,1723900
16676,1697800
16677,1663300
16678,2051300
16679,2147100
16680,2228300
16681,3081800
16682,2304000
16683,2183700
16684,2076900
16685,1962900
16686,1905700
16687,1927100
16688,1913000
16689,2052100
16690,1903400
16691,1876100
16692,1959500
16693,2017400
16694,2037800
16695,1992800
16696,1910400
16697,2158000
16698,1944900
16699,1966700
16700,1905200
16701,2009500
16702,1832900
16703,1888500
16704,1747300
16705,1967200
16706,2323700
16707,1864300
16708,1789200
16709,1901900
16710,1733300
16711,1689300
16712,1730600
16713,1651400
16714,1752300
16715,1891400
16716,1730800
16717,1738600
16718,1856200
16719,1692500
16720,1663500
16721,1750200
16722,1644400
16723,1767900
16724,1900900
16725,1882300
16726,1754500
16727,2002200
16728,1735500
16729,1737100
16730,1706100
16731,1764900
16732,1798700
16733,1754300
16734,1746100
16735,1682900
16736,1761100
16737,1793800
16738,1700300
16739,1715200
16740,1670300
16741,1725000
16742,1672100
16743,1983000
16744,1961800
16745,1869800
16746,1762900
16747,1763300
16748,1709300
16749,1812600
16750,1671500
16751,1651700
16752,1876200
16753,1914200
16754,1825900
16755,1763000
16756,1622000
16757,1638200
16758,1687000
16759,1706900
16760,1648600
16761,1655000
16762,1931200
16763,2119100
16764,1790700
16765,1716100
16766,1765000
16767,1798600
16768,1759600
16769,1654700
16770,1690500
16771,2120600
16772,1975300
16773,1809800
16774,1663900
16775,1774000
16776,1762000
16777,1712200
16778,1692600
16779,1655600
16780,1738800
16781,2209100
16782,1878600
16783,1695200
16784,1720000
16785,1706300
16786,1709700
16787,1787300
16788,1737000
16789,1674000
16790,1911100
16791,1813100
16792,1678900
16793,1717200
16794,1645200
16795,1664500
16796,1719500
16797,1717800
16798,1631800
16799,1837200
16800,2160200
16801,1824100
16802,1878200
16803,1702600
16804,1677900
16805,1763300
16806,1816700
16807,1871200
16808,1851800
16809,1959400
16810,1751000
16811,1807600
16812,1718200
16813,1655600
16814,1606900
16815,1689600
16816,1952000
16817,1817800
16818,2087200
16819,1793500
16820,1669100
16821,1763900
16822,1773800
16823,1663300
16824,1608300
16825,1710400
16826,1715700
16827,1674200
16828,1784400
16829,1738400
16830,1697000
16831,1641200
16832,1734600
16833,1769700
16834,1837100
16835,1707300
16836,1656600
16837,1789600
16838,1842500
16839,1797500
16840,1685900
16841,1658700
16842,1705200
16843,1816900
16844,1740800
16845,1732500
16846,1676200
16847,1971700
16848,1809500
16849,1667900
16850,1671500
16851,1727000
16852,1852900
16853,1777800
16854,1687900
16855,1707600
16856,1786700
16857,1839400
16858,1658200
16859,1714000
16860,1833500
16861,1849200
16862,1753700
16863,1692200
16864,1772400
16865,1916700
16866,2160000
16867,1787400
16868,1748800
16869,1854800
16870,1676900
16871,1640400
16872,1668700
16873,1633300
16874,1713200
16875,1778900
16876,1811400
16877,1785600
16878,1972700
16879,1749200
16880,1717500
16881,1756000
16882,1713300
16883,1741700
16884,1677300
16885,1910000
16886,1806900
16887,1816900
16888,1770600
16889,1698200
16890,1789400
16891,1770100
16892,1719700
16893,1673300
16894,2063200
16895,1900300
16896,1892500
16897,1776500
16898,1736100
16899,1667500
16900,1712300
16901,1707800
16902,1643600
16903,1890900
16904,1955600
16905,1726700
16906,1616800
16907,1720100
16908,1732100
16909,1683800
16910,1727400
16911,1662200
16912,1697400
16913,2072600
16914,1732000
16915,1697500
16916,1641800
16917,1656800
16918,1777500
16919,1671300
16920,1653300
16921,1647400
16922,2079300
16923,1972800
16924,1742300
16925,1648500
16926,1681900
16927,1666300
16928,1748400
16929,1654000
16930,1636700
16931,1870900
16932,1944800
16933,1829700
16934,1737200
16935,1825300
16936,1725600
16937,1633800
16938,1687500
16939,1723700
16940,1765700
16941,1913000
16942,1758500
16943,1670600
16944,1717400
16945,1824300
16946,1703500
16947,1646500
16948,1704700
16949,1917500
16950,2753800
16951,2857900
16952,2268400
16953,2050600
16954,1956600
16955,1780800
16956,1928500
16957,1806000
16958,2080600
16959,2000000
16960,1826900
16961,1749100
16962,1721000
16963,1643300
16964,1623600
16965,1759600
16966,1741500
16967,1786000
16968,1916400
16969,1715900
16970,1781800
16971,1715800
16972,1776400
16973,1866100
16974,1772400
16975,1712500
16976,1659600
16977,1896100
16978,1765600
16979,1795100
16980,1628900
16981,1623100
16982,1821500
16983,1844200
16984,1798900
16985,1695200
16986,2034600
16987,1880600
16988,1795500
16989,1796600
16990,1681500
16991,1790800
16992,1803900
16993,1679700
16994,1688300
16995,1657900
16996,2039100
16997,1814000
16998,1666600
16999,1676700
17000,1818300
17001,1675700
17002,1840600
17003,1698700
17004,1760700
17005,1869400
17006,1810800
17007,1747200
17008,1656500
17009,1728500
17010,1857600
17011,1752700
17012,1739400
17013,1719200
17014,1717200
17015,2050400
17016,1753300
17017,1690000
17018,2094000
17019,2195700
17020,2223200
17021,1978400
17022,2107700
17023,2621900
17024,1834200
17025,1749900
17026,1836700
17027,1795800
17028,1743900
17029,1715200
17030,1724100
17031,1805000
17032,2022800
17033,1856100
17034,1731400
17035,1884000
17036,1855600
17037,1689700
17038,1654800
17039,1699000
17040,1605000
17041,1813000
17042,1878300
17043,1799400
17044,1742700
17045,1653200
17046,1659300
17047,1626200
17048,1755600
17049,1639300
17050,1764100
17051,2277000
17052,1837500
17053,1797000
17054,1713500
17055,1643400
17056,1690200
17057,1786900
17058,1693700
17059,1611100
17060,1835900
17061,1816200
17062,1993700
17063,1760000
17064,1714500
17065,1680000
17066,1799600
17067,1700900
17068,1680900
17069,1648000
17070,1866000
17071,1865000
17072,1796300
17073,1737000
17074,1755100
17075,1692000
17076,1695700
17077,1610400
17078,1733200
17079,1799200
17080,2400800
17081,2278100
17082,1926100
17083,1860100
17084,1757700
17085,1804300
17086,1769300
17087,1676000
17088,2001800
17089,1753100
17090,1748000
17091,1768200
17092,1707900
17093,1687600
17094,1596200
17095,2003400
17096,1659700
17097,1938600
17098,2039600
17099,1717900
17100,1769600
17101,1729400
17102,1641700
17103,1787400
17104,1734900
17105,1751300
17106,2010100
17107,1894300
17108,1738200
17109,1743600
17110,1651300
17111,1673400
17112,1731500
17113,1662000
17114,1994300
17115,2173600
17116,2064100
17117,1826800
17118,1695900
17119,1668400
17120,1658000
17121,1728000
17122,1646800
17123,1828100
17124,1799500
17125,2001500
17126,1830600
17127,1782300
17128,1733600
17129,1735600
17130,1650000
17131,1646000
17132,1857600
17133,1694400
17134,1870400
17135,1879100
17136,1733200
17137,1661900
17138,1649800
17139,1646100
17140,1704100
17141,1943200
17142,1712800
17143,1687600
17144,2195500
17145,1807600
17146,1791600
17147,1623900
17148,1703900
17149,1988600
17150,1767500
17151,1776300
17152,1782200
17153,1811800
17154,1783600
17155,1881100
17156,1711400
17157,1651400
17158,1816100
17159,1984000
17160,1721000
17161,1727200
17162,1890700
17163,1995100
17164,1693600
17165,1655300
17166,1708200
17167,1753500
17168,1729000
17169,1722700
17170,1692700
17171,1726300
17172,1908300
17173,1783900
17174,1690500
17175,1726800
17176,2090300
17177,1963100
17178,1838600
17179,1714000
17180,1664400
17181,2001400
17182,1816100
17183,1712400
17184,1830000
17185,1739400
17186,1628500
17187,1715200
17188,1727600
17189,1600700
17190,1753000
17191,2015100
17192,1822900
17193,1714000
17194,1955900
17195,1758500
17196,1693500
17197,1713900
17198,1688800
17199,1660500
17200,1871200
17201,1698000
17202,1785700
17203,1858700
17204,1716700
17205,1684600
17206,1754200
17207,1721000
17208,1656600
17209,1965300
17210,2095500
17211,1854600
17212,1753600
17213,1700800
17214,1751800
17215,1729500
17216,1638200
17217,1630500
17218,1651000
17219,1855900
17220,1758000
17221,1909100
17222,1835500
17223,1831600
17224,1750200
17225,1747400
17226,1712000
17227,1737000
17228,1913300
17229,2075100
17230,1789000
17231,1713500
17232,1731700
17233,1803300
17234,1659800
17235,1725100
17236,1699000
17237,1909500
17238,2148000
17239,2171500
17240,2216400
17241,2616200
17242,2099600
17243,1966100
17244,1950400
17245,2351700
17246,2042000
17247,1989500
17248,1840800
17249,1954800
17250,1781500
17251,1980400
17252,1889700
17253,2060000
17254,2109800
17255,2007700
17256,1941500
17257,2059000
17258,1918400
17259,1870200
17260,1856000
17261,2025900
17262,2176100
17263,2131100
17264,1953600
17265,1986300
17266,1888500
17267,1916400
17268,1889800
17269,2323500
17270,2348700
17271,2015000
17272,1826200
17273,1773600
17274,1875300
17275,1847900
17276,1848600
17277,1959300
17278,2025000
17279,2304100
17280,1926200
17281,1875500
17282,1866700
17283,1949000
17284,1763900
17285,2107100
17286,1941200
17287,2156900
17288,2149800
17289,1854400
17290,1879200
17291,1905100
17292,1865600
17293,2090300
17294,1918200
17295,1955100
17296,2342800
17297,1898100
17298,1885000
17299,1889200
17300,2078600
17301,1931600
17302,1943000
17303,1893900
17304,2089900
17305,1937400
17306,1921600
17307,1893000
17308,1893800
17309,1952900
17310,1888200
17311,1942800
17312,1854700
17313,2034900
17314,1974600
17315,1934600
17316,2379100
17317,3108600
17318,2075100
17319,3325500
17320,4741800
17321,2372400
17322,1957100
17323,1648400
17324,1744400
17325,1674300
17326,1671500
17327,1736400
17328,1830000
17329,1781500
17330,1634000
17331,1740600
17332,1813600
17333,1694200
17334,1790400
17335,1647500
17336,1732100
17337,2057700
17338,1846400
17339,1676300
17340,1736900
17341,1784000
17342,1711200
17343,1721000
17344,1675900
17345,1685200
17346,1700800
17347,1991400
17348,1768200
17349,1939800
17350,1785100
17351,1786200
17352,1696700
17353,1770700
17354,1642200
17355,1710900
17356,2250100
17357,1799300
17358,1885800
17359,1745400
17360,1720100
17361,1694800
17362,1696200
17363,1719400
17364,1713500
17365,1902200
17366,1808200
17367,1760300
17368,1716700
17369,1788900
17370,1690100
17371,1649200
17372,1643200
17373,1676600
17374,1766000
17375,1812100
17376,1906700
17377,1777100
17378,1787000
17379,1764200
17380,1661500
17381,1780200
17382,1651600
17383,1701600
17384,2003900
17385,1945600
17386,1700800
17387,1753000
17388,1747700
17389,1747700
17390,1795200
17391,1662300
17392,1748800
17393,1875700
17394,2037700
17395,1822700
17396,1694000
17397,1613700
17398,1780500
17399,1726300
17400,1680700
17401,1714600
17402,1924000
17403,2324500
17404,1830400
17405,1755700
17406,1728600
17407,1745600
17408,1741900
17409,1706200
17410,1751100
17411,2066600
17412,2198500
17413,1725400
17414,1745900
17415,1735700
17416,1617100
17417,1696000
17418,1763000
17419,1726400
17420,1834500
17421,1899900
17422,1865500
17423,1672600
17424,1743000
17425,1619900
17426,1648800
17427,1670900
17428,1672600
17429,1833500
17430,1867600
17431,1813600
17432,1702800
17433,1662800
17434,1599400
17435,1675300
17436,1638500
17437,1807200
17438,1748900
17439,1819900
17440,1818200
17441,2082100
17442,1745300
17443,1691900
17444,1700000
17445,1615000
17446,1686500
17447,1751500
17448,1761400
17449,1951000
17450,2184000
17451,1756000
17452,1787300
17453,1738200
17454,1723400
17455,1805900
17456,1803600
17457,1675400
17458,1746300
17459,2051800
17460,1730600
17461,1658500
17462,1662200
17463,1688800
17464,1851700
17465,1713400
17466,1744700
17467,1744400
17468,1916000
17469,1845100
17470,1622700
17471,1604300
17472,1625700
17473,1779700
17474,1763500
17475,1708000
17476,1700300
17477,1859400
17478,2310500
17479,1848700
17480,1709400
17481,1771500
17482,1677500
17483,1659600
17484,1680400
17485,1768400
17486,1803000
17487,1962000
17488,1720800
17489,1685100
17490,1728100
17491,1663600
17492,1654300
17493,1657100
17494,1741100
17495,1624100
17496,1739900
17497,2147000
17498,1698300
17499,1886300
17500,2103100
17501,1832400
17502,1819600
17503,1812300
17504,1709400
17505,1804800
17506,2009400
17507,1905600
17508,2297300
17509,1990500
17510,2500000
17511,2320900
17512,2027100
17513,2089200
17514,1989100
17515,1921300
17516,1791700
17517,1659200
17518,1767900
17519,1747900
17520,1873800
17521,1691600
17522,1877500
17523,2020600
17524,1783100
17525,1739700
17526,1769100
17527,1757900
17528,1672800
17529,1755900
17530,1699800
17531,1637200
17532,2193400
17533,1775900
17534,1726800
17535,1639400
17536,1818700
17537,1668900
17538,1600600
17539,1766300
17540,1643500
17541,2149000
17542,1984800
17543,1712700
17544,1691000
17545,1791900
17546,1696600
17547,1654600
17548,1639300
17549,1671000
17550,1797600
17551,1988900
17552,1773100
17553,1738100
17554,1731700
17555,1677200
17556,1660800
17557,1691500
17558,1757100
17559,2046200
17560,2530300
17561,2176800
17562,2229800
17563,1820800
17564,1707300
17565,1710500
17566,1763000
17567,1787900
17568,1966200
17569,2070800
17570,1948700
17571,1696000
17572,1732800
17573,1778800
17574,1670900
17575,1818200
17576,1853100
17577,1724300
17578,1837000
17579,1848900
17580,1682300
17581,1630700
17582,1722800
17583,1698000
17584,1872500
17585,1747100
17586,1688700
17587,1742800
17588,1918300
17589,1761700
17590,1665200
17591,1788200
17592,1672700
17593,1827700
17594,1726600
17595,1692300
17596,1727500
17597,1983100
17598,1755800
17599,1704000
17600,1688600
17601,1700200
17602,1816200
17603,1723500
17604,1714500
17605,1738700
17606,2150900
17607,1913000
17608,1828000
17609,1749700
17610,1660300
17611,1920700
17612,1765300
17613,1703200
17614,1710400
17615,1902900
17616,1897800
17617,1704700
17618,1660800
17619,1730700
17620,1991300
17621,1739200
17622,1871400
17623,1778300
17624,1801700
17625,1795100
17626,1738900
17627,1646400
17628,1670200
17629,1811000
17630,2046700
17631,1918100
17632,1691800
17633,1741600
17634,2043500
17635,1917400
17636,1754100
17637,1725000
17638,1881800
17639,1733000
17640,1784300
17641,2203500
17642,1708600
17643,1970700
17644,1780200
17645,1748700
17646,1825600
17647,1749100
17648,1727500
17649,1604300
17650,1803200
17651,1732100
17652,1877600
17653,1957300
17654,1726200
17655,1779500
17656,1723900
17657,1786500
17658,1706500
17659,1700500
17660,1732400
17661,1676600
17662,2344300
17663,1811000
17664,1939500
17665,1791900
17666,1707900
17667,1700500
17668,1697900
17669,1679300
17670,1767500
17671,1876200
17672,1862200
17673,1881100
17674,1751300
17675,1778300
17676,1784500
17677,1660800
17678,1708000
17679,1754800
17680,1782100
17681,2091700
17682,1797700
17683,1786700
17684,1788000
17685,1742500
17686,1655000
17687,1710700
17688,1682800
17689,1836200
17690,2121200
17691,1903400
17692,1736200
17693,1729400
17694,1735900
17695,1657800
17696,1837000
17697,1825100
17698,1730800
17699,2063400
17700,1852300
17701,1690000
17702,1738700
17703,1737200
17704,1626500
17705,1763700
17706,1670100
17707,1711100
17708,1944500
17709,2006800
17710,1656800
17711,1735500
17712,1724900
17713,1756800
17714,1735200
17715,1653900
17716,1647800
17717,1763500
17718,1880900
17719,1678200
17720,1743600
17721,1733600
17722,1728400
17723,1649800
17724,1729100
17725,1726800
17726,2016600
17727,2130100
17728,1827200
17729,1758900
17730,1671800
17731,1755200
17732,1649500
17733,1696800
17734,1789500
17735,1726000
17736,1868400
17737,1940600
17738,1730900
17739,1644000
17740,1686600
17741,1733200
17742,1664800
17743,2139600
17744,2081600
17745,1713400
17746,2167200
17747,1764600
17748,1714800
17749,1682600
17750,1732200
17751,1825300
17752,1741400
17753,1638500
17754,1602000
17755,2102500
17756,2035100
17757,1747200
17758,1774900
17759,1673700
17760,1807200
17761,1723700
17762,1716800
17763,1816900
17764,2011300
17765,2006100
17766,1676700
17767,1704800
17768,1631600
17769,1784800
17770,1719200
17771,1705500
17772,1729700
17773,1698900
17774,1940200
17775,1837900
17776,1761400
17777,1704900
17778,1706800
17779,1733800
17780,1654300
17781,1666600
17782,1692500
17783,1802500
17784,1769400
17785,1856600
17786,1924000
17787,2122300
17788,2264600
17789,2303900
17790,2551500
17791,2410500
17792,2105900
17793,2012900
17794,2160300
17795,2073100
17796,1994200
17797,1854500
17798,1807000
17799,2059100
17800,2106200
17801,2012900
17802,2068400
17803,2035600
17804,1970800
17805,1843500
17806,1841800
17807,1906300
17808,2185100
17809,2001500
17810,2497200
17811,1998000
17812,1827400
17813,1721000
17814,1669900
17815,1634800
17816,1725300
17817,1977000
17818,1877300
17819,1784900
17820,1676800
17821,1769100
17822,1627500
17823,1659900
17824,1663100
17825,1609100
17826,2041600
17827,1906400
17828,1757800
17829,1735300
17830,1694100
17831,1778100
17832,1651000
17833,1679700
17834,1711800
17835,1767600
17836,1947100
17837,1954200
17838,1710600
17839,1725600
17840,1644400
17841,1641300
17842,1708100
17843,1780800
17844,1638800
17845,2341700
17846,1862700
17847,1757500
17848,1873600
17849,1751900
17850,1648800
17851,1661300
17852,1706100
17853,1672900
17854,2096000
17855,1786900
17856,1663300
17857,1727400
17858,1681100
17859,1737200
17860,1614200
17861,1628200
17862,1776400
17863,1881800
17864,2111200
17865,1767300
17866,1801200
17867,1702400
17868,1715800
17869,1673600
17870,1744700
17871,1603900
17872,1851700
17873,2097100
17874,1814100
17875,1710700
17876,1656100
17877,1616700
17878,1622700
17879,1687300
17880,1989600
17881,1953900
17882,1801900
17883,1922300
17884,1725800
17885,1678900
17886,1758700
17887,1781600
17888,1678600
17889,1796500
17890,1736200
17891,1665300
17892,2156400
17893,1757900
17894,1654500
17895,1751300
17896,1632100
17897,1738700
17898,1801700
17899,1763900
17900,1665100
17901,1918800
17902,1840700
17903,1715000
17904,1710200
17905,1705800
17906,1688900
17907,1927800
17908,1822700
17909,1707300
17910,1985900
17911,2167500
17912,1881100
17913,1822800
17914,1702800
17915,1764400
17916,1830200
17917,1786000
17918,1812700
17919,1840600
17920,1790900
17921,1711400
17922,1716000
17923,1649800
17924,1715600
17925,1859100
17926,1811700
17927,1627400
17928,1628300
17929,1910300
17930,1723100
17931,1690800
17932,1776700
17933,1715600
17934,1799800
17935,1711800
17936,1633900
17937,1694600
17938,1741200
17939,1824800
17940,1841300
17941,1727800
17942,1623100
17943,1667800
17944,1945800
17945,1798400
17946,1836800
17947,1704800
17948,1929600
17949,1833200
17950,1688000
17951,1665900
17952,1668500
17953,1798700
17954,1706000
17955,1907200
17956,1693800
17957,1739700
17958,2000200
17959,1685600
17960,1671900
17961,1832100
17962,1843300
17963,1679700
17964,1705700
17965,1710300
17966,1745800
17967,1897700
17968,1829700
17969,1758700
17970,1850000
17971,1822800
17972,1781500
17973,1693900
17974,1751900
17975,1742900
17976,1826200
17977,2153800
17978,1723600
17979,1791700
17980,1710200
17981,1748300
17982,1772700
17983,1637900
17984,1655500
17985,1780700
17986,1868400
17987,1718100
17988,1773200
17989,1811100
17990,1737200
17991,1811500
17992,1656400
17993,1640500
17994,1666200
17995,1778000
17996,1880500
17997,1855700
17998,1733000
17999,1667400
18000,1768000
18001,1773300
18002,1739900
18003,1674800
18004,1723300
18005,2168900
18006,1902300
18007,1767500
18008,1705700
18009,1735000
18010,1763500
18011,1767400
18012,1643300
18013,1715800
18014,2044400
18015,1826300
18016,1698300
18017,1747200
18018,1645800
18019,1756000
18020,1716800
18021,1729300
18022,1643600
18023,2150900
18024,1986600
18025,1774400
18026,1691000
18027,1672500
18028,1659200
18029,1705300
18030,1760700
18031,1653300
18032,1651300
18033,1994700
18034,1953100
18035,1706000
18036,1664600
18037,1644200
18038,1636000
18039,1658300
18040,1614200
18041,1645000
18042,1888200
18043,1905900
18044,1762700
18045,1736500
18046,1711900
18047,1634100
18048,1692700
18049,1795800
18050,1749100
18051,1812100
18052,2072400
18053,1901200
18054,1702100
18055,1709200
18056,1710300
18057,1707100
18058,1739000
18059,1593500
18060,1920400
18061,2461400
18062,1874600
18063,1794700
18064,1807600
18065,1810900
18066,1740200
18067,1857500
18068,2024800
18069,1898000
18070,2435400
18071,2003000
18072,1773500
18073,1710500
18074,1712100
18075,1746700
18076,1763800
18077,2208100
18078,2214400
18079,2745500
18080,2294700
18081,2041100
18082,1864100
18083,1788200
18084,1902000
18085,1763800
18086,1934400
18087,2192200
18088,1819000
18089,1778700
18090,1739300
18091,1811500
18092,1742700
18093,1916700
18094,1859200
18095,1894600
18096,2351500
18097,1841300
18098,1763300
18099,1824700
18100,1759000
18101,1941500
18102,1822000
18103,1874300
18104,2093600
18105,2004900
18106,1855700
18107,1772400
18108,1782000
18109,1732000
18110,2302700
18111,2359200
18112,2216500
18113,2239200
18114,1890300
18115,1903900
18116,1766400
18117,1971000
18118,2012000
18119,1932700
18120,1779300
18121,1937500
18122,2073700
18123,1804200
18124,1803900
18125,2242800
18126,2116900
18127,1980400
18128,1820800
18129,1771900
18130,2024900
18131,1848000
18132,1746900
18133,1777600
18134,1896200
18135,1826300
18136,1815000
18137,1733900
18138,1750500
18139,2006500
18140,1907700
18141,1896400
18142,2078700
18143,1924800
18144,1943600
18145,1742300
18146,1783800
18147,1788100
18148,2131400
18149,1857400
18150,1960200
18151,1890300
18152,1762600
18153,1664300
18154,1667800
18155,1637600
18156,1645500
18157,2059500
18158,1864200
18159,1883900
18160,1833100
18161,1761400
18162,1684300
18163,1768700
18164,1712600
18165,1628900
18166,1872300
18167,1848600
18168,1892200
18169,1816500
18170,1737300
18171,1698200
18172,1670500
18173,1703300
18174,1619400
18175,1729600
18176,1900900
18177,2038100
18178,1809100
18179,1684700
18180,1683900
18181,1771200
18182,1694700
18183,1680800
18184,1617100
18185,2014600
18186,2223600
18187,2240900
18188,1915200
18189,1785000
18190,1784800
18191,1781200
18192,1962900
18193,1754900
18194,1890800
18195,1946000
18196,1776400
18197,1718400
18198,1685900
18199,1719600
18200,1623300
18201,1706600
18202,1711100
18203,1821600
18204,1916300
18205,1754900
18206,1692500
18207,1703400
18208,1755300
18209,1630900
18210,1767100
18211,1661700
18212,1685800
18213,2209000
18214,1897200
18215,1692800
18216,1719700
18217,1672300
18218,1695300
18219,1821900
18220,1633900
18221,1700900
18222,2765400
18223,1964200
18224,1718300
18225,1695000
18226,1704200
18227,1674800
18228,1699900
18229,1613900
18230,1719800
18231,2266800
18232,2081300
18233,1758600
18234,1718500
18235,1670100
18236,1750100
18237,1629900
18238,1679800
18239,1876400
18240,2254100
18241,1857600
18242,1762000
18243,1715400
18244,1677200
18245,1634900
18246,1603000
18247,1778500
18248,1854800
18249,2063400
18250,2051300
18251,1796600
18252,1767100
18253,1717100
18254,1655000
18255,1698000
18256,1711300
18257,1795600
18258,1778800
18259,1816800
18260,1743300
18261,1667700
18262,1890300
18263,1696700
18264,1783100
18265,1730800
18266,1785800
18267,1755100
18268,1826300
18269,2137400
18270,1741800
18271,1716700
18272,1629400
18273,1635200
18274,1705800
18275,1795200
18276,1845900
18277,1670300
18278,2229000
18279,1731000
18280,1733800
18281,1650900
18282,1680800
18283,1603600
18284,1801800
18285,1754100
18286,1692100
18287,1926600
18288,1945200
18289,1780700
18290,1685800
18291,1632400
18292,1687500
18293,1855500
18294,1796600
18295,1684700
18296,1693500
18297,2051100
18298,1684600
18299,1698300
18300,1708200
18301,1718800
18302,1974000
18303,2084300
18304,1820000
18305,1699900
18306,1847500
18307,1715400
18308,1663500
18309,1740400
18310,1665000
18311,1886800
18312,1866100
18313,1711800
18314,1623000
18315,1973200
18316,1996100
18317,1806800
18318,1683600
18319,1689600
18320,1908700
18321,1947200
18322,1767400
18323,1634500
18324,1728100
18325,1992600
18326,1727000
18327,1678800
18328,1728900
18329,1772000
18330,1708500
18331,1637400
18332,1689400
18333,1686100
18334,1909900
18335,1819400
18336,1734100
18337,1919100
18338,1828500
18339,1815200
18340,1883900
18341,1701300
18342,1839200
18343,2006400
18344,2044600
18345,2068000
18346,2233600
18347,2202200
18348,2340200
18349,2129200
18350,2135400
18351,2387100
18352,2359700
18353,2655900
18354,2599400
18355,2691600
18356,2277200
18357,2275400
18358,2771900
18359,2493600
18360,2299500
18361,2430100
18362,2047100
18363,1975500
18364,2080700
18365,2825100
18366,2275400
18367,2057600
18368,1952800
18369,2146900
18370,2035400
18371,1989600
18372,2071000
18373,2709000
18374,2159800
18375,2017200
18376,2030900
18377,2211700
18378,2105800
18379,1982200
18380,2690200
18381,2144200
18382,1972800
18383,1975400
18384,1973900
18385,1948700
18386,1910900
18387,1945900
18388,2479200
18389,2226200
18390,1981100
18391,1982000
18392,2002400
18393,1933200
18394,2150000
18395,2191700
18396,2558100
18397,2170900
18398,2060600
18399,2068500
18400,1970000
18401,1958100
18402,2331300
18403,2223400
18404,2257700
18405,2025700
18406,1957000
18407,1906300
18408,1944000
18409,2018100
18410,2297200
18411,2220600
18412,2478900
18413,2055400
18414,1958900
18415,1894300
18416,1849600
18417,1906700
18418,2061100
18419,1855100
18420,2238100
18421,2025900
18422,1872500
18423,2576500
18424,2843100
18425,2685500
18426,3630300
18427,3850600
18428,2210200
18429,1775000
18430,1842400
18431,1744900
18432,1708500
18433,1732800
18434,1806800
18435,1861000
18436,1776800
18437,1775800
18438,1707300
18439,1908400
18440,1794100
18441,1884300
18442,1705200
18443,1636200
18444,1968600
18445,1783700
18446,1683500
18447,1725000
18448,1729700
18449,1821800
18450,1710100
18451,1723000
18452,1673200
18453,1913600
18454,2092400
18455,1734700
18456,1739900
18457,1846400
18458,1779000
18459,1747400
18460,1723800
18461,1655400
18462,1748900
18463,1828800
18464,1713200
18465,1688600
18466,1894600
18467,1744500
18468,1725400
18469,1664300
18470,1806500
18471,1657900
18472,1842500
18473,1917800
18474,1762000
18475,1834000
18476,1774600
18477,1668300
18478,1649200
18479,1712100
18480,1697000
18481,1630700
18482,1813300
18483,1754000
18484,1853300
18485,1764700
18486,1726200
18487,1667800
18488,1706200
18489,1736100
18490,1580000
18491,1738700
18492,1946000
18493,1941800
18494,1768600
18495,1681300
18496,1636000
18497,1631700
18498,1731900
18499,1688100
18500,1671000
18501,1843600
18502,2188700
18503,1891700
18504,1677800
18505,1705200
18506,1676300
18507,1669900
18508,1696300
18509,1732700
18510,1833500
18511,2156400
18512,1820300
18513,1767200
18514,1676500
18515,1750400
18516,1657600
18517,1650200
18518,1693600
18519,1826600
18520,2057800
18521,1774600
18522,1683800
18523,1622100
18524,1726700
18525,1716400
18526,1762400
18527,1634900
18528,1682600
18529,2204700
18530,1837000
18531,1673900
18532,1652400
18533,1713300
18534,1643400
18535,1664900
18536,1681700
18537,1857800
18538,1945900
18539,1821200
18540,1704800
18541,1791000
18542,1741300
18543,1665400
18544,1607900
18545,1684400
18546,1740800
18547,1890000
18548,2091400
18549,1800000
18550,1722200
18551,1784600
18552,1642900
18553,1707500
18554,1748100
18555,1806200
18556,1783800
18557,1881600
18558,1865800
18559,1855800
18560,1884600
18561,1762000
18562,1794000
18563,2089000
18564,1886500
18565,1776100
18566,1965200
18567,1921800
18568,1844800
18569,1743000
18570,1827600
18571,1811400
18572,2180600
18573,1867300
18574,1784700
18575,2597700
18576,1952600
18577,1898800
18578,1797800
18579,1826400
18580,2028500
18581,1809800
18582,1805800
18583,1913900
18584,1974700
18585,1880600
18586,1753500
18587,1745600
18588,1824000
18589,1950100
18590,1878900
18591,1865100
18592,1981600
18593,1947400
18594,1914200
18595,1842400
18596,1882700
18597,2031400
18598,2264500
18599,1973300
18600,1869300
18601,2291200
18602,1981900
18603,1963000
18604,1878700
18605,2008300
18606,1904200
18607,1850000
18608,1927400
18609,1893900
18610,1961200
18611,1903400
18612,1898600
18613,1998200
18614,1805900
18615,1772000
18616,1808000
18617,1738700
18618,1922000
18619,2077600
18620,1898800
18621,2193600
18622,2119200
18623,2543000
18624,2369000
18625,2069900
18626,2299600
18627,1874800
18628,2207900
18629,2002400
18630,1850300
18631,1877200
18632,1760500
18633,1720100
18634,1979600
18635,2200300
18636,2098300
18637,1865200
18638,1756500
18639,1713100
18640,1743500
18641,1779500
18642,1652200
18643,1815400
18644,2006900
18645,2142500
18646,2277500
18647,1993900
18648,2003000
18649,2127000
18650,1702300
18651,1782500
18652,2050700
18653,1991000
18654,1824400
18655,1808900
18656,1681500
18657,1596600
18658,1673600
18659,1808100
18660,1801300
18661,2221900
18662,2083800
18663,1780100
18664,1742400
18665,1683800
18666,1751500
18667,1730100
18668,1647700
18669,1699300
18670,1960000
18671,1976100
18672,1685400
18673,1751700
18674,1666400
18675,1688900
18676,1784700
18677,1735900
18678,1721800
18679,2156900
18680,1981100
18681,1766500
18682,1714800
18683,1705300
18684,1685200
18685,1765200
18686,1728500
18687,1688900
18688,1863400
18689,2075000
18690,2050300
18691,1731200
18692,1717000
18693,1646200
18694,1714600
18695,1774500
18696,1670400
18697,1846300
18698,1922400
18699,1809400
18700,1701700
18701,1695100
18702,1744600
18703,1652300
18704,1783800
18705,1736900
18706,1978800
18707,1889300
18708,2125900
18709,1728400
18710,1709100
18711,1656500
18712,1695100
18713,1756500
18714,1807100
18715,1815300
18716,1661300
18717,1778000
18718,1836700
18719,1700400
18720,1733100
18721,1676300
18722,1678400
18723,2050400
18724,2469700
18725,2351500
18726,2122700
18727,1762400
18728,1783800
18729,1610300
18730,1643800
18731,1621400
18732,2050100
18733,1741600
18734,1799900
18735,1919000
18736,1736000
18737,1718100
18738,1756700
18739,1635400
18740,1682500
18741,1901500
18742,1703200
18743,1651900
18744,1771900
18745,1877900
18746,1736100
18747,1771600
18748,1654200
18749,1610800
18750,1926300
18751,1861200
18752,1713600
18753,1674200
18754,2103700
18755,1860800
18756,1783300
18757,1776100
18758,1686500
18759,2140300
18760,1774200
18761,1762200
18762,1691100
18763,1918600
18764,1736500
18765,1691500
18766,1768000
18767,1719600
18768,1970300
18769,1792700
18770,1623200
18771,1713400
18772,1820500
18773,1794100
18774,1716700
18775,1701800
18776,1664000
18777,1892400
18778,1678200
18779,1888000
18780,1691300
18781,1638800
18782,1918500
18783,1850900
18784,1776000
18785,1649500
18786,2184900
18787,1740200
18788,1756400
18789,1677800
18790,1676000
18791,1990400
18792,1882500
18793,1639400
18794,1657200
18795,1851000
18796,1724000
18797,1632200
18798,1627700
18799,1629300
18800,1710800
18801,1845500
18802,1799500
18803,1732700
18804,1829800
18805,1789800
18806,1636400
18807,1772600
18808,1657500
18809,1672300
18810,1790300
18811,1905700
18812,1691300
18813,1890100
18814,1772000
18815,1769700
18816,1698400
18817,1646300
18818,1705800
18819,1796800
18820,2174300
18821,1814300
18822,1932400
18823,1752900
18824,1688600
18825,1703700
18826,1637600
18827,1636400
18828,1720600
18829,1889900
18830,1830000
18831,2021000
18832,1744900
18833,1743900
18834,1681400
18835,1616300
18836,1674800
18837,1683900
18838,1800500
18839,2055300
18840,1894000
18841,1689100
18842,1681600
18843,1690300
18844,1667100
18845,1684300
18846,1657800
18847,1705200
18848,2348400
18849,2005400
18850,1775300
18851,1711100
18852,1688600
18853,1628900
18854,1829300
18855,1646200
18856,1671000
18857,2000600
18858,1981100
18859,1724400
18860,1681400
18861,1643100
18862,1674900
18863,1702800
18864,1694000
18865,1656500
18866,2059200
18867,1961800
18868,1776900
18869,1728700
18870,1656200
18871,1754900
18872,1643200
18873,1677200
18874,1880600
18875,1757700
18876,1906900
18877,1910400
18878,1724400
18879,1736100
18880,1754600
18881,1691900
18882,1659400
18883,2176900
18884,2225600
18885,2521200
18886,2373400
18887,2497000
18888,2036500
18889,1951900
18890,2143100
18891,2089300
18892,2200900
18893,2142500
18894,1934800
18895,1880600
18896,1934200
18897,2028700
18898,2043500
18899,2001900
18900,2045400
18901,2142200
18902,1831400
18903,1913500
18904,1911800
18905,2403500
18906,2244700
18907,1974300
18908,1847700
18909,1939800
18910,1794400
18911,1703400
18912,1792100
18913,1690100
18914,1951400
18915,1830100
18916,1725200
18917,1706500
18918,2188200
18919,1728600
18920,1677700
18921,1758200
18922,1627700
18923,1819400
18924,1713000
18925,1709900
18926,1726500
18927,1819000
18928,1828500
18929,1675700
18930,1735900
18931,1785700
18932,2071000
18933,1793500
18934,1670400
18935,1610500
18936,1668800
18937,2189300
18938,1795900
18939,1829500
18940,1893900
18941,1824800
18942,1740300
18943,1732100
18944,1681400
18945,1657600
18946,1830100
18947,1762300
18948,1825000
18949,1844600
18950,1855000
18951,1683900
18952,1756300
18953,1658100
18954,1652400
18955,1784300
18956,1844100
18957,1867100
18958,1861400
18959,1895700
18960,1746100
18961,1776900
18962,1797000
18963,1767100
18964,1746400
18965,2007200
18966,2273900
18967,2027000
18968,1759700
18969,1808200
18970,1724300
18971,1870200
18972,1771400
18973,1760000
18974,2088400
18975,1802400
18976,1850700
18977,1835800
18978,1825900
18979,1766400
18980,1814800
18981,1864900
18982,1917100
18983,2297500
18984,1909200
18985,1766700
18986,1765500
18987,1855100
18988,2287900
18989,1847100
18990,1772000
18991,2410200
18992,2111800
18993,1822500
18994,1744200
18995,1770200
18996,1740100
18997,1927400
18998,1758700
18999,2019300
19000,2191400
19001,1885200
19002,1718900
19003,1756000
19004,1738000
19005,1731600
19006,1728900
19007,1870800
19008,1943400
19009,2070600
19010,1853000
19011,1776400
19012,1718400
19013,1791700
19014,1780100
19015,1759500
19016,1956300
19017,1795500
19018,1924300
19019,1843400
19020,1821200
19021,1768900
19022,1754900
19023,1789800
19024,1993700
19025,1928500
19026,1839600
19027,2174200
19028,1868400
19029,1830600
19030,1783100
19031,1789200
19032,1952700
19033,1946700
19034,1757000
19035,1715700
19036,1975400
19037,1894400
19038,1822300
19039,1794000
19040,1802400
19041,2014900
19042,1790200
19043,1806600
19044,1733400
19045,2172100
19046,1848600
19047,1894700
19048,1790400
19049,1766500
19050,2022900
19051,1815500
19052,1731400
19053,1661000
19054,1834900
19055,1803400
19056,1751500
19057,1713900
19058,1765500
19059,1827600
19060,1644000
19061,1761500
19062,1676500
19063,1783600
19064,2193000
19065,1753300
19066,2069000
19067,1957000
19068,1703800
19069,1731400
19070,1695300
19071,1669700
19072,1823900
19073,1995300
19074,1775300
19075,1825900
19076,1863000
19077,1691100
19078,1676600
19079,1654800
19080,1597300
19081,1609700
19082,2087500
19083,1742200
19084,1855200
19085,1740000
19086,1726800
19087,1670300
19088,1754200
19089,1746700
19090,1657300
19091,2009400
19092,1897800
19093,1873400
19094,1877800
19095,1766100
19096,1829300
19097,1698000
19098,1677500
19099,1662100
19100,1637400
19101,1813600
19102,1767100
19103,1759500
19104,1649200
19105,1729900
19106,1707200
19107,1680000
19108,1728800
19109,1637100
19110,1766200
19111,1873300
19112,1776400
19113,1692100
19114,1690600
19115,1673500
19116,1671300
19117,1736600
19118,1601300
19119,1617800
19120,2291900
19121,2064400
19122,1827500
19123,1718500
19124,1687500
19125,1827000
19126,1757700
19127,1747600
19128,1636100
19129,1896100
19130,2023300
19131,1725100
19132,1669000
19133,1632300
19134,1666100
19135,1768500
19136,1696800
19137,1634000
19138,1813800
19139,1890300
19140,1754700
19141,1707300
19142,1687600
19143,1682900
19144,1699200
19145,1664100
19146,1670700
19147,2099900
19148,2476100
19149,1928300
19150,1764700
19151,1737600
19152,1821500
19153,1785100
19154,1729300
19155,2003900
19156,1952700
19157,1978900
19158,1848400
19159,1718300
19160,1769000
19161,1745600
19162,1681600
19163,1771300
19164,1768700
19165,1776900
19166,1926900
19167,1872600
19168,1719000
19169,1749900
19170,1661000
19171,1656700
19172,1849900
19173,1729700
19174,1834700
19175,1745600
19176,1984300
19177,1767900
19178,1700000
19179,1694400
19180,1799400
19181,1974500
19182,2406200
19183,2488000
19184,2823100
19185,2150700
19186,1874800
19187,1752800
19188,1819000
19189,2132700
19190,2093200
19191,2000200
19192,2273000
19193,1852400
19194,1847800
19195,1694900
19196,1780400
19197,1856700
19198,1829000
19199,1629400
19200,1677800
19201,1809300
19202,1807500
19203,1679700
19204,1656000
19205,1779200
19206,1855800
19207,1690600
19208,1653900
19209,1717100
19210,1759400
19211,1926500
19212,1701700
19213,1853200
19214,1797600
19215,1904000
19216,1687700
19217,1687600
19218,1747600
19219,1861500
19220,2250600
19221,1826800
19222,1715400
19223,1796900
19224,1832100
19225,1772900
19226,1707700
19227,1751700
19228,1688300
19229,1860600
19230,1850700
19231,1738100
19232,1836200
19233,1875600
19234,1822600
19235,1720400
19236,1665600
19237,1695400
19238,1696700
19239,1958500
19240,1786600
19241,1821800
19242,1830300
19243,1736400
19244,1696000
19245,1638000
19246,1714700
19247,1673700
19248,2143600
19249,1885900
19250,2005300
19251,1986500
19252,1851800
19253,1693100
19254,1635100
19255,1650400
19256,1784200
19257,1969200
19258,1898900
19259,1784900
19260,1800500
19261,1676600
19262,1679400
19263,1789900
19264,1667700
19265,1776100
19266,1893600
19267,1925100
19268,1831400
19269,1696400
19270,1638200
19271,1690000
19272,1678400
19273,1653200
19274,1606200
19275,1710100
19276,3087900
19277,2401700
19278,1873700
19279,1754100
19280,1781800
19281,1601600
19282,1656500
19283,1653100
19284,1969400
19285,2007500
19286,1710600
19287,1665600
19288,1700000
19289,1709200
19290,1701900
19291,1679600
19292,1734600
19293,1829800
19294,2004200
19295,1924100
19296,1679100
19297,1723300
19298,1721100
19299,1644500
19300,1704600
19301,1736200
19302,1860800
19303,1935000
19304,1810500
19305,1767800
19306,1724700
19307,1643100
19308,1691000
19309,1591600
19310,1706400
19311,1950400
19312,1812600
19313,2206900
19314,1842500
19315,1781100
19316,1692900
19317,1725700
19318,1687700
19319,1835400
19320,1746100
19321,1772700
19322,1980800
19323,1807900
19324,1789400
19325,1689900
19326,1664700
19327,1700400
19328,1740700
19329,1717900
19330,1766900
19331,1935700
19332,1978200
19333,1783400
19334,1697400
19335,1732700
19336,1673000
19337,1725900
19338,1692700
19339,1746100
19340,1770000
19341,2098000
19342,1847000
19343,1694100
19344,1633500
19345,1738900
19346,1799600
19347,1832800
19348,1788500
19349,1661300
19350,1892100
19351,1916000
19352,1736300
19353,1722200
19354,1696000
19355,1842700
19356,1740200
19357,1777200
19358,1678300
19359,1855400
19360,1917300
19361,1681600
19362,1778900
19363,1670500
19364,1782400
19365,1762000
19366,1662400
19367,1650700
19368,1662500
19369,2091400
19370,1885800
19371,1674000
19372,1693900
19373,1753200
19374,1806200
19375,1679200
19376,1629400
19377,1660400
19378,1711200
19379,1923000
19380,1703600
19381,1630400
19382,1871400
19383,1806100
19384,1690000
19385,1730500
19386,1749500
19387,1635400
19388,1944100
19389,1939100
19390,1687300
19391,2154700
19392,1899100
19393,1778200
19394,1778900
19395,1693900
19396,1759900
19397,1841100
19398,1999300
19399,1762900
19400,1944700
19401,1846600
19402,1838200
19403,1611400
19404,1638800
19405,1718500
19406,1856300
19407,2126900
19408,1719100
19409,1882800
19410,1695400
19411,1826300
19412,1766200
19413,1692000
19414,1719800
19415,1693700
19416,1971000
19417,1761100
19418,1927700
19419,1798300
19420,1694200
19421,1642700
19422,1667900
19423,1656800
19424,1635300
19425,1845200
19426,1848500
19427,2079000
19428,1903300
19429,1781900
19430,1796800
19431,1874200
19432,1672300
19433,1677300
19434,1936200
19435,2468300
19436,2202500
19437,2151900
19438,2286900
19439,2002000
19440,1993000
19441,1928000
19442,2072800
19443,2112800
19444,1938200
19445,1900900
19446,1865600
19447,1796400
19448,1777100
19449,1857800
19450,1877700
19451,2284000
19452,1988300
19453,1840700
19454,1902500
19455,1912300
19456,2016000
19457,1970100
19458,1846500
19459,2297600
19460,2194800
19461,1961500
19462,1879000
19463,1880400
19464,1914300
19465,2005300
19466,1890500
19467,2573700
19468,2110600
19469,2012200
19470,1946300
19471,1805600
19472,1870800
19473,1867700
19474,2058400
19475,2016400
19476,2211000
19477,1956100
19478,1889600
19479,1886200
19480,1868900
19481,1863300
19482,1847300
19483,2334400
19484,2174500
19485,2102000
19486,2017400
19487,1908700
19488,1922400
19489,1963800
19490,2313300
19491,1964300
19492,2212600
19493,2153000
19494,1959100
19495,1950200
19496,1822400
19497,1833200
19498,2109700
19499,1935600
19500,2048900
19501,1905700
19502,1896300
19503,1955600
19504,1847200
19505,1859700
19506,2011700
19507,1979500
19508,1814400
19509,2065900
19510,2031000
19511,1910000
19512,1856200
19513,1832000
19514,2822700
19515,2710200
19516,2019800
19517,3618400
19518,3865100
19519,2541700
19520,1819200
19521,1823100
19522,1780700
19523,1681800
19524,1882200
19525,1874600
19526,1829000
19527,1778300
19528,1825600
19529,1820300
19530,1717300
19531,1693500
19532,1753700
19533,1884000
19534,1840400
19535,1651700
19536,1720100
19537,1852600
19538,2085800
19539,1761100
19540,1693600
19541,1699900
19542,1986400
19543,1980000
19544,1781400
19545,1702100
19546,1896400
19547,1807000
19548,1682400
19549,1712300
19550,1620800
19551,1796500
19552,1870000
19553,1801300
19554,1708800
19555,1753800
19556,1772700
19557,1758700
19558,1658300
19559,1667200
19560,1675100
19561,1864000
19562,2045500
19563,1695000
19564,1782100
19565,1677900
19566,1669600
19567,1611000
19568,1663100
19569,1663100
19570,1705300
19571,2080700
19572,1720400
19573,1780000
19574,1824900
19575,1785000
19576,1645400
19577,1791200
19578,1639000
19579,1720100
19580,1815600
19581,1800700
19582,1954500
19583,1683700
19584,1638300
19585,1689500
19586,1728400
19587,1725100
19588,1685400
19589,1807700
19590,1858600
19591,1865200
19592,1817500
19593,1707800
19594,1782500
19595,1774400
19596,1795300
19597,1723600
19598,1828600
19599,2430600
19600,2154900
19601,1785100
19602,1851600
19603,1793100
19604,1846200
19605,1728900
19606,1744100
19607,2001300
19608,2381700
19609,1917200
19610,1770800
19611,1808500
19612,1781400
19613,1751000
19614,1842300
19615,1894800
19616,1895000
19617,2045700
19618,1849600
19619,1788200
19620,1746100
19621,1840500
19622,1789200
19623,1827500
19624,2034600
19625,2002500
19626,1951300
19627,1881800
19628,1859500
19629,1748300
19630,1811300
19631,1845400
19632,1723000
19633,1951700
19634,2129900
19635,2040300
19636,1844100
19637,1893100
19638,1907900
19639,1823100
19640,1861500
19641,1915200
19642,1824200
19643,1984300
19644,1939700
19645,1811700
19646,1861500
19647,1840600
19648,1832800
19649,1825100
19650,1860000
19651,1760500
19652,1953200
19653,2049400
19654,1802900
19655,1803800
19656,1784000
19657,1746300
19658,1941100
19659,1962300
19660,1880300
19661,2096600
19662,1803800
19663,1772800
19664,1782100
19665,1772400
19666,2021400
19667,1841100
19668,1773800
19669,1811900
19670,2377500
19671,1983200
19672,1858600
19673,1780800
19674,1891900
19675,1791500
19676,1881100
19677,1922100
19678,1961300
19679,2034300
19680,1740700
19681,1851300
19682,1784200
19683,1828400
19684,1690900
19685,1799600
19686,1712100
19687,1706900
19688,1835700
19689,1919600
19690,1731200
19691,1928600
19692,2198300
19693,1851300
19694,1736400
19695,1720700
19696,1816700
19697,2125700
19698,1837700
19699,1754100
19700,1823500
19701,1847500
19702,1820700
19703,1742400
19704,1770100
19705,1700800
19706,1974400
19707,1837600
19708,2001300
19709,1758900
19710,1712900
19711,1685800
19712,1682700
19713,1707100
19714,1632800
19715,1921800
19716,1790600
19717,1753200
19718,1919100
19719,1778900
19720,1705800
19721,1738800
19722,1652200
19723,1605100
19724,1754200
19725,1986300
19726,1817000
19727,1956000
19728,1757200
19729,1668900
19730,1711000
19731,1667300
19732,1737700
19733,1746800
19734,2170800
19735,2456100
19736,2678900
19737,2757500
19738,2753100
19739,2272700
19740,2051700
19741,1911600
19742,1984400
19743,1742400
19744,1757100
19745,1744400
19746,1732300
19747,1779100
19748,1798200
19749,1697600
19750,2296400
19751,1836300
19752,1739100
19753,1700000
19754,1747300
19755,1650500
19756,1899100
19757,1840300
19758,1663200
19759,2241800
19760,2055300
19761,1790000
19762,1672400
19763,1702600
19764,1634800
19765,1735000
19766,1653100
19767,1670400
19768,1975800
19769,1889000
19770,1732900
19771,1714200
19772,1642900
19773,1730500
19774,1736200
19775,1706500
19776,1703200
19777,2024600
19778,2023200
19779,1864500
19780,1729400
19781,1712600
19782,1708100
19783,1724100
19784,1700800
19785,1714000
19786,1856200
19787,1952900
19788,1939200
19789,1753500
19790,1702400
19791,1696700
19792,1715100
19793,1732200
19794,1744800
19795,1813700
19796,1874600
19797,2081200
19798,1734400
19799,1667100
19800,1648800
19801,1682700
19802,1679600
19803,1635600
19804,1957100
19805,1714700
19806,2041200
19807,1756200
19808,1666300
19809,1663000
19810,1770700
19811,1763100
19812,1666000
19813,1709400
19814,1661600
19815,1961900
19816,2778900
19817,1685000
19818,1739700
19819,1782300
19820,1620400
19821,1716500
19822,2080900
19823,2080300
19824,2365700
19825,1840800
19826,1707600
19827,1807100
19828,1640700
19829,1623800
19830,1843700
19831,1749300
19832,1668900
19833,1800000
19834,1948500
19835,1700300
19836,1697600
19837,1741000
19838,1594800
19839,1890500
19840,1856900
19841,1805500
19842,1753800
19843,2129000
19844,1729700
19845,1662500
19846,1675200
19847,1638000
19848,1803600
19849,1693300
19850,1761600
19851,1659700
19852,1961900
19853,2146700
19854,1736400
19855,1703000
19856,1905000
19857,1863000
19858,1764400
19859,1661500
19860,1630600
19861,1834400
19862,1987300
19863,1723600
19864,1672700
19865,1640400
19866,1825200
19867,1764400
19868,1718900
19869,1692900
19870,1758300
19871,1834200
19872,1885700
19873,1709000
19874,1798600
19875,1722400
19876,1680700
19877,1766000
19878,1720000
19879,1693500
19880,1976500
19881,2012700
19882,1799000
19883,1803400
19884,1779200
19885,1707800
19886,1736600
19887,1623100
19888,1627700
19889,1680200
19890,1957000
19891,1740200
19892,1912700
19893,1792900
19894,1691600
19895,1694300
19896,1717800
19897,1605000
19898,1762100
19899,1958900
19900,1892000
19901,1798600
19902,1793400
19903,1735400
19904,1671900
19905,1645400
19906,1615600
19907,1676700
19908,1764500
19909,2164400
19910,2033600
19911,1870000
19912,1710200
19913,1799700
19914,1802000
19915,1788500
19916,1741000
19917,1848900
19918,2168400
19919,1849700
19920,1785300
19921,1792300
19922,1750400
19923,1736900
19924,1908400
19925,1897300
19926,2231800
19927,2227800
19928,1840100
19929,1832800
19930,1941000
19931,1748700
19932,1770500
19933,1852200
19934,1801500
19935,2330600
19936,2091200
19937,1768500
19938,1823200
19939,1879300
19940,1857100
19941,1983600
19942,2135400
19943,1889800
19944,2266200
19945,1913800
19946,1839000
19947,1895200
19948,1813300
19949,1918100
19950,1932400
19951,1807400
19952,1870900
19953,1830100
19954,1845900
19955,1777400
19956,1811800
19957,1762900
19958,1875700
19959,2065200
19960,1893600
19961,2107300
19962,2033800
19963,1949700
19964,1804100
19965,1816300
19966,1889600
19967,1948400
19968,1812500
19969,1802400
19970,2339700
19971,1959700
19972,1714500
19973,1773200
19974,1829100
19975,1949300
19976,2069000
19977,2277300
19978,2857300
19979,2731400
19980,2406400
19981,2095400
19982,2108000
19983,2224600
19984,2058000
19985,2181100
19986,2161100
19987,2107700
19988,2036700
19989,2287500
19990,1980700
19991,1907900
19992,1870500
19993,2003700
19994,2203800
19995,1995400
19996,1906000
19997,2360100
19998,2297300
19999,1946800
20000,1902500
20001,1798500
20002,1959700
20003,1804500
20004,1768600
20005,1667800
20006,1932500
20007,1813600
20008,1774300
20009,1731700
20010,1803800
20011,1889400
20012,1848300
20013,1764700
20014,1711600
20015,1884100
20016,1743800
20017,1701100
20018,1728200
20019,1661500
20020,1840800
20021,1811800
20022,1771800
20023,1723000
20024,1969700
20025,1710300
20026,1738200
20027,1775200
20028,1701200
20029,1847400
20030,2302300
20031,1849400
20032,1846300
20033,1685000
20034,1675900
20035,1640500
20036,1705000
20037,1636400
20038,1655300
20039,1936200
20040,1856100
20041,1797800
20042,1730900
20043,1723700
20044,1686500
20045,1633600
20046,1733100
20047,1590600
20048,1887600
20049,1803200
20050,1793500
20051,1737000
20052,1736200
20053,1786100
20054,1728700
20055,1663000
20056,1628400
20057,1728300
20058,1887400
20059,2042200
20060,1829600
20061,1760400
20062,1730500
20063,1645200
20064,1731800
20065,1694700
20066,1814200
20067,1889600
20068,2213700
20069,1936900
20070,1791800
20071,1678600
20072,1662000
20073,1715000
20074,1743900
20075,1675900
20076,1716000
20077,2155300
20078,1977100
20079,1723000
20080,1692800
20081,1704600
20082,1658200
20083,1749700
20084,1711800
20085,1689600
20086,2094000
20087,1874700
20088,1683200
20089,1686700
20090,1707800
20091,1667300
20092,1730900
20093,1610900
20094,1687700
20095,2195300
20096,2042500
20097,1781400
20098,1756100
20099,1679700
20100,1859000
20101,1659900
20102,1638800
20103,1744700
20104,1936100
20105,1885700
20106,1781200
20107,1741500
20108,1673900
20109,1716000
20110,1730000
20111,1706900
20112,1659800
20113,1852200
20114,1982800
20115,1780400
20116,1733600
20117,1646600
20118,1651600
20119,1655400
20120,1715700
20121,1685700
20122,1625700
20123,1759200
20124,1925700
20125,1708800
20126,1696200
20127,1785600
20128,1726400
20129,1727300
20130,1788300
20131,1799500
20132,1715800
20133,1878500
20134,1769600
20135,1654800
20136,1868100
20137,1748500
20138,1688400
20139,1628000
20140,1847100
20141,1873100
20142,1890500
20143,2059100
20144,1828700
20145,1809400
20146,1668700
20147,1612900
20148,1990500
20149,1844900
20150,1719800
20151,1782300
20152,1800700
20153,1754700
20154,1657400
20155,1728500
20156,1792700
20157,2015500
20158,2001000
20159,1794600
20160,1714500
20161,1981600
20162,1805900
20163,1749400
20164,1602800
20165,1580100
20166,1802100
20167,1779700
20168,1736700
20169,1704300
20170,1845100
20171,2013100
20172,1760900
20173,1664200
20174,1656500
20175,1793100
20176,1724500
20177,1875200
20178,1648300
20179,1697800
20180,2019500
20181,1849700
20182,1691300
20183,1762300
20184,1958000
20185,1711300
20186,1670900
20187,1727300
20188,1659600
20189,1993100
20190,1964500
20191,1714800
20192,1630600
20193,1826600
20194,1737400
20195,1722800
20196,1679600
20197,1706900
20198,1865300
20199,1963800
20200,1718200
20201,1697700
20202,1878800
20203,1722400
20204,1677700
20205,1658600
20206,1732100
20207,1728100
20208,1959700
20209,1813900
20210,1679000
20211,1771700
20212,1863000
20213,1625000
20214,1640100
20215,1651500
20216,1768800
20217,1907800
20218,2099900
20219,1833800
20220,1754900
20221,1740100
20222,1771800
20223,1802800
20224,1814600
20225,1677700
20226,1658500
20227,1900500
20228,1822700
20229,1745800
20230,1740000
20231,1641100
20232,1755200
20233,1681100
20234,1662000
20235,1633600
20236,1726200
20237,1957500
20238,1807600
20239,1718800
20240,1791100
20241,1803900
20242,1722000
20243,1712500
20244,1572500
20245,1758700
20246,1749200
20247,2224800
20248,2060700
20249,1782400
20250,1740300
20251,1770000
20252,1833500
20253,1840400
20254,1819700
20255,2284200
20256,1898900
20257,1795200
20258,1776400
20259,1782100
20260,1726500
20261,1610800
20262,1638500
20263,1755500
20264,2102800
20265,1797800
20266,1654100
20267,1666500
20268,1829100
20269,1652900
20270,1746900
20271,1659100
20272,1616300
20273,2104000
20274,2212200
20275,1784400
20276,1796200
20277,1706200
20278,1611200
20279,1622600
20280,1809200
20281,1705800
20282,2347900
20283,2544300
20284,2260500
20285,1946100
20286,1808400
20287,1732100
20288,1819000
20289,2031600
20290,1823200
20291,1869500
20292,1774800
20293,1771500
20294,1698100
20295,1627100
20296,1716000
20297,1656800
20298,2069700
20299,2124200
20300,2818200
20301,2206000
20302,1893500
20303,1742800
20304,1652700
20305,1788600
20306,1820600
20307,1764600
20308,2023600
20309,2204900
20310,1819100
20311,1732000
20312,1738500
20313,1631000
20314,1805700
20315,1692300
20316,1706400
20317,1675000
20318,1893700
20319,1805100
20320,1722600
20321,1744800
20322,1723000
20323,1854800
20324,1788400
20325,1726900
20326,1632600
20327,1851700
20328,2077500
20329,1759000
20330,1639400
20331,1723300
20332,1780100
20333,1712600
20334,1723300
20335,1718700
20336,1750000
20337,1898600
20338,1684500
20339,1690500
20340,1915800
20341,2035600
20342,1840900
20343,1867800
20344,1766300
20345,1735700
20346,1945200
20347,1784700
20348,1739400
20349,1743200
20350,1765500
20351,1636100
20352,1678400
20353,1707300
20354,1721200
20355,1949000
20356,1811300
20357,1665400
20358,1745500
20359,1798500
20360,1730500
20361,1683900
20362,1757200
20363,1734600
20364,1824700
20365,1757000
20366,2485300
20367,1952100
20368,2038000
20369,1689200
20370,1681800
20371,1701500
20372,1677700
20373,1761900
20374,1871600
20375,1937300
20376,2207200
20377,1924800
20378,1803500
20379,1701500
20380,1689600
20381,1766900
20382,1738600
20383,1812300
20384,1955000
20385,1712800
20386,1709600
20387,1668200
20388,1734100
20389,1736500
20390,1746400
20391,1722300
20392,1865900
20393,2067500
20394,1779500
20395,1674600
20396,1649700
20397,1787800
20398,1693200
20399,1605700
20400,1672400
20401,1621200
20402,2046700
20403,1763400
20404,1699800
20405,1709900
20406,1689900
20407,1637300
20408,1604400
20409,1636400
20410,1887900
20411,1965700
20412,1807500
20413,1715800
20414,1599900
20415,1685500
20416,1690700
20417,1748400
20418,1639300
20419,1870500
20420,1788000
20421,1837800
20422,1808200
20423,1745300
20424,1782700
20425,1661300
20426,1679900
20427,1659700
20428,1791700
20429,1738100
20430,1850400
20431,1810300
20432,1763900
20433,1827300
20434,1675500
20435,1696400
20436,1558200
20437,1794300
20438,2039900
20439,1821400
20440,1851600
20441,1723100
20442,1802000
20443,1639900
20444,1703600
20445,1728200
20446,2024000
20447,1776900
20448,1653800
20449,1941700
20450,1804900
20451,1769100
20452,1728300
20453,1684200
20454,1588800
20455,1744500
20456,1636900
20457,1664000
20458,1772300
20459,1775900
20460,1865400
20461,1660400
20462,1656600
20463,1773100
20464,1734800
20465,1828000
20466,1695300
20467,1616200
20468,1914700
20469,2139400
20470,1796000
20471,1673800
20472,1748500
20473,1846600
20474,1918100
20475,1757200
20476,1696900
20477,1796500
20478,1943200
20479,1878400
20480,1686200
20481,1672200
20482,1846500
20483,1748300
20484,1697200
20485,1735800
20486,1654600
20487,1936500
20488,1812400
20489,1646500
20490,1676000
20491,2117800
20492,1859000
20493,1679000
20494,1674500
20495,1690900
20496,1892700
20497,1881900
20498,1726700
20499,1756000
20500,1750600
20501,1690700
20502,1690900
20503,1664400
20504,1696000
20505,1881800
20506,2311800
20507,1767300
20508,1796600
20509,1776400
20510,1673300
20511,1787800
20512,1822200
20513,1783300
20514,1808900
20515,1822400
20516,1797900
20517,1778300
20518,1767700
20519,1635900
20520,1626500
20521,1830400
20522,1734200
20523,1718700
20524,1775000
20525,2076300
20526,1891400
20527,1793500
20528,1718700
20529,1715400
20530,1745800
20531,1659600
20532,1613500
20533,1716500
20534,2397000
20535,2215800
20536,2110500
20537,2257400
20538,2053400
20539,2003400
20540,1872600
20541,2162900
20542,2167800
20543,1989700
20544,1905100
20545,1985200
20546,1956800
20547,1961200
20548,1911600
20549,1966000
20550,2272000
20551,1944400
20552,1948700
20553,2163900
20554,1933100
20555,2037400
20556,1936400
20557,1989200
20558,2523200
20559,2027800
20560,1989500
20561,1957500
20562,1860400
20563,1936800
20564,2271600
20565,2260300
20566,2096000
20567,1981100
20568,1944300
20569,1983900
20570,1994700
20571,1818300
20572,2149100
20573,2025300
20574,1966300
20575,2046800
20576,1934300
20577,1957100
20578,1822800
20579,1873500
20580,2086200
20581,2141800
20582,1890100
20583,2099200
20584,1954600
20585,1922800
20586,1917600
20587,1901900
20588,2239400
20589,2090100
20590,1868600
20591,2143400
20592,1912000
20593,1998300
20594,1892500
20595,1912100
20596,1941300
20597,1993900
20598,2130900
20599,1964600
20600,2199400
20601,2041800
20602,1955300
20603,1826600
20604,1970800
20605,1849400
20606,1783400
20607,1864100
20608,2035700
20609,2019800
20610,3041800
20611,2592700
20612,2419500
20613,3362500
20614,3958600
20615,2551500
20616,2186500
20617,1853300
20618,1769200
20619,1679100
20620,1756600
20621,1661300
20622,1877400
20623,1949200
20624,1758300
20625,1750400
20626,1789100
20627,1704600
20628,1607600
20629,1690800
20630,1706400
20631,1709800
20632,1972900
20633,1806000
20634,1885100
20635,1838900
20636,1702200
20637,1638100
20638,1621300
20639,1760700
20640,1632800
20641,1812700
20642,1965500
20643,1956700
20644,1674900
20645,1678800
20646,1708900
20647,1733500
20648,1727200
20649,1566900
20650,1594800
20651,1984900
20652,1934700
20653,1805100
20654,1734000
20655,1684100
20656,1749200
20657,1625900
20658,1763600
20659,1693600
20660,1854600
20661,1973900
20662,1694100
20663,1667400
20664,1680000
20665,1684900
20666,1651600
20667,1711300
20668,1668200
20669,1648100
20670,2076900
20671,1836400
20672,1666000
20673,1742500
20674,1770400
20675,1753500
20676,1697000
20677,1709500
20678,1786100
20679,2064500
20680,1882600
20681,1666200
20682,1754200
20683,1699100
20684,1752100
20685,1690600
20686,1774300
20687,1708600
20688,1774300
20689,1865700
20690,1747400
20691,1675300
20692,1624600
20693,1658300
20694,1592000
20695,1670600
20696,1732500
20697,1901400
20698,1889400
20699,1877500
20700,1727700
20701,1664100
20702,1604800
20703,1722300
20704,1650300
20705,1702600
20706,1596600
20707,1845200
20708,2080700
20709,1980500
20710,1739100
20711,1704700
20712,1685800
20713,1771500
20714,1734700
20715,1627700
20716,1846400
20717,1827100
20718,1804300
20719,1629600
20720,1744200
20721,1706300
20722,1697500
20723,1677600
20724,1650500
20725,1776200
20726,1658800
20727,1854000
20728,1911300
20729,1751300
20730,1748700
20731,1779600
20732,1658600
20733,1706600
20734,1763900
20735,1802100
20736,1865400
20737,1939000
20738,1757700
20739,1817700
20740,1587300
20741,1724000
20742,1676400
20743,1862200
20744,1820300
20745,1683600
20746,1824400
20747,1779900
20748,1786300
20749,1655300
20750,1671400
20751,1705900
20752,1641700
20753,1754900
20754,1662400
20755,1798900
20756,1813200
20757,1761000
20758,1638900
20759,1639600
20760,1694500
20761,1946200
20762,1870400
20763,1735500
20764,1783600
20765,2137200
20766,1915600
20767,1854100
20768,1759200
20769,1940900
20770,1794300
20771,1766600
20772,1772700
20773,1768700
20774,2256800
20775,1828100
20776,1733400
20777,1709400
20778,1809500
20779,1754800
20780,1811600
20781,1634000
20782,1794000
20783,1902500
20784,1872700
20785,1700400
20786,1685500
20787,1706400
20788,1776200
20789,1717600
20790,1718700
20791,1764600
20792,1822400
20793,1935200
20794,1695500
20795,1876900
20796,1946100
20797,2133600
20798,1902600
20799,1773500
20800,1882300
20801,2026300
20802,2040900
20803,1873600
20804,1953600
20805,1804300
20806,1731000
20807,1729700
20808,1751100
20809,1755800
20810,1828700
20811,1843100
20812,1676500
20813,1761500
20814,1727500
20815,1650600
20816,1701500
20817,1726400
20818,1711200
20819,1636500
20820,1819800
20821,1903800
20822,1704800
20823,1799800
20824,1751000
20825,1700200
20826,1697500
20827,1770700
20828,1740600
20829,1854700
20830,2113400
20831,2062600
20832,2148400
20833,1996600
20834,2292000
20835,1958600
20836,1738400
20837,1711600
20838,1901100
20839,1978300
20840,1770000
20841,1691600
20842,1756000
20843,1686000
20844,1796100
20845,1641800
20846,1653000
20847,1837100
20848,2034200
20849,1766400
20850,1716700
20851,1640200
20852,1717000
20853,1785200
20854,1686900
20855,1752500
20856,1753800
20857,2651900
20858,2283300
20859,2451500
20860,2244200
20861,1950700
20862,1750900
20863,1691800
20864,1859900
20865,2037900
20866,1815500
20867,1639500
20868,1758600
20869,1688200
20870,1670800
20871,1608900
20872,1676000
20873,1677900
20874,1884700
20875,1842000
20876,1727700
20877,1681800
20878,1643000
20879,1700800
20880,1673200
20881,1746400
20882,1825700
20883,1740700
20884,1874500
20885,1730900
20886,1600600
20887,1655200
20888,1735200
20889,1668200
20890,1683300
20891,1844800
20892,1885000
20893,1751500
20894,2177400
20895,1834400
20896,1671400
20897,1739400
20898,1703600
20899,1809900
20900,1780500
20901,1679200
20902,1760300
20903,1838000
20904,1732600
20905,1678500
20906,1719500
20907,1705100
20908,1758800
20909,1813000
20910,1688800
20911,1602900
20912,1809200
20913,2011000
20914,2164900
20915,1630100
20916,1705100
20917,1811200
20918,1847300
20919,1714900
20920,1709200
20921,1863200
20922,2244300
20923,1826200
20924,1692000
20925,1760000
20926,2274900
20927,2119700
20928,1806700
20929,1780800
20930,2087300
20931,1818700
20932,1685700
20933,1721800
20934,1786800
20935,1674900
20936,1705900
20937,1698100
20938,1619100
20939,1961000
20940,1867100
20941,1765800
20942,1979700
20943,1737400
20944,1679900
20945,1701300
20946,1730100
20947,1617000
20948,1690400
20949,1963100
20950,1792900
20951,1791600
20952,1752600
20953,1770100
20954,1722600
20955,1703800
20956,1714200
20957,1687500
20958,2006200
20959,2089600
20960,1936500
20961,1810300
20962,1764000
20963,1670800
20964,1662200
20965,1713000
20966,1694900
20967,1744700
20968,1947300
20969,1860400
20970,1770900
20971,1705200
20972,1782000
20973,1657400
20974,1780200
20975,1676100
20976,1681000
20977,1872500
20978,1867600
20979,1764300
20980,1740200
20981,1683800
20982,1735900
20983,1794800
20984,1661600
20985,1671200
20986,1925800
20987,2209900
20988,1820200
20989,1763600
20990,1688900
20991,1621900
20992,1852800
20993,1701100
20994,1736900
20995,1700200
20996,2113400
20997,1753300
20998,1706100
20999,1741300
21000,1787900
21001,1738300
21002,1800200
21003,1738700
21004,1653400
21005,1907800
21006,1883100
21007,1665000
21008,1639900
21009,1686200
21010,1681500
21011,1690700
21012,1763700
21013,1691400
21014,1758500
21015,1962200
21016,1820300
21017,1687600
21018,1708500
21019,1699400
21020,1704500
21021,1693100
21022,1797900
21023,2051700
21024,1971700
21025,1822700
21026,1695300
21027,1738400
21028,1622000
21029,1610800
21030,1755100
21031,1705200
21032,2052300
21033,2014700
21034,1953800
21035,1707600
21036,1757300
21037,1668000
21038,1684100
21039,1665000
21040,1971000
21041,1812900
21042,1715900
21043,1997100
21044,1851200
21045,1726500
21046,1694200
21047,1706700
21048,1667000
21049,2050200
21050,1827400
21051,1810900
21052,2018500
21053,1803400
21054,1764700
21055,1646700
21056,1666400
21057,1662300
21058,1769300
21059,1731200
21060,1763100
21061,1820000
21062,1808800
21063,1793100
21064,1673500
21065,1659000
21066,1647700
21067,1739500
21068,1777200
21069,1716900
21070,1633100
21071,1768100
21072,1779300
21073,1721200
21074,1695200
21075,1633300
21076,1957600
21077,1956400
21078,1769700
21079,1660800
21080,1778200
21081,1808800
21082,1754900
21083,1755600
21084,1686800
21085,1979800
21086,2094800
21087,2132200
21088,2223000
21089,2835200
21090,2187500
21091,2150900
21092,2099400
21093,1833200
21094,2078800
21095,1998100
21096,1910800
21097,2173000
21098,1929200
21099,1975800
21100,2047200
21101,1894400
21102,1931000
21103,1909200
21104,1842900
21105,2063600
21106,2179900
21107,2308300
21108,2067900
21109,1900800
21110,1832900
21111,1697700
21112,1678400
21113,1760500
21114,2137900
21115,1824800
21116,2002500
21117,1803700
21118,1752800
21119,1716000
21120,1757200
21121,1696600
21122,1706300
21123,1952400
21124,1886100
21125,1707900
21126,1704200
21127,1749200
21128,1598500
21129,1659900
21130,1715300
21131,1679900
21132,1682600
21133,2209300
21134,1961600
21135,1809400
21136,1713100
21137,1629900
21138,1600300
21139,1721800
21140,1704900
21141,1739300
21142,2236000
21143,1958400
21144,1730200
21145,1685600
21146,1666100
21147,1750600
21148,1669300
21149,1670400
21150,1734100
21151,1828700
21152,1847600
21153,1747200
21154,1650200
21155,1714700
21156,1686900
21157,1730300
21158,1643000
21159,1671800
21160,1713300
21161,1891600
21162,1718200
21163,1714000
21164,1709000
21165,1701900
21166,1723300
21167,1623700
21168,1608400
21169,1855900
21170,2036000
21171,2068700
21172,1882000
21173,1758700
21174,1675000
21175,1636200
21176,1614900
21177,1707100
21178,1777500
21179,1770000
21180,2131100
21181,1817200
21182,1837400
21183,1630200
21184,1677500
21185,1719500
21186,1666200
21187,1697200
21188,1666200
21189,1870100
21190,1872000
21191,1905000
21192,1733800
21193,1653800
21194,1666000
21195,1681000
21196,1932900
21197,1731600
21198,1801500
21199,1822000
21200,1798700
21201,1680400
21202,1651400
21203,1595300
21204,1695300
21205,1873400
21206,1634400
21207,1690200
21208,1864400
21209,2083300
21210,1843400
21211,1682400
21212,1724500
21213,1703200
21214,1771200
21215,1889400
21216,1635700
21217,1741000
21218,2081000
21219,1720900
21220,1728400
21221,1660500
21222,1682000
21223,1785600
21224,1716500
21225,1729600
21226,1737600
21227,1890100
21228,1870200
21229,1791700
21230,1656500
21231,1653000
21232,1865000
21233,1853100
21234,1697500
21235,1715200
21236,2007000
21237,1967500
21238,1719900
21239,1769200
21240,1707400
21241,1752400
21242,1703900
21243,1802700
21244,1600000
21245,1734600
21246,1719600
21247,1887400
21248,1707000
21249,1710700
21250,1896400
21251,1687100
21252,1736100
21253,1657700
21254,1711100
21255,1737700
21256,1816000
21257,1720800
21258,1599000
21259,2179600
21260,1902100
21261,1697000
21262,1690300
21263,1647100
21264,1711500
21265,1867000
21266,1783300
21267,1905700
21268,1780100
21269,1746900
21270,1680400
21271,1825800
21272,1673800
21273,1699400
21274,2185000
21275,1804000
21276,1799600
21277,1687800
21278,1698400
21279,1635300
21280,1702800
21281,1573400
21282,1632100
21283,1664300
21284,1862400
21285,2054900
21286,1863000
21287,1766400
21288,1816900
21289,1705800
21290,1738800
21291,1711900
21292,1657100
21293,1854000
21294,2313400
21295,1787200
21296,1710800
21297,1809600
21298,1705000
21299,1671700
21300,1722700
21301,1747100
21302,1888200
21303,1996000
21304,1739900
21305,1659700
21306,1782200
21307,1702500
21308,1634200
21309,1797400
21310,1660500
21311,1840600
21312,1962000
21313,1857200
21314,1781000
21315,1724100
21316,1684500
21317,1664800
21318,1873000
21319,1630800
21320,1754500
21321,2008700
21322,1732300
21323,1804200
21324,1709300
21325,1671400
21326,1744200
21327,1802200
21328,1735700
21329,1696500
21330,1809300
21331,1942000
21332,1781800
21333,1769200
21334,1703600
21335,1715900
21336,1693000
21337,1717000
21338,1801700
21339,1730000
21340,1816400
21341,1825300
21342,1737300
21343,1719200
21344,1684900
21345,1689400
21346,1890000
21347,1726500
21348,1616800
21349,1723900
21350,1888500
21351,1808200
21352,1672700
21353,1721900
21354,1713600
21355,1654300
21356,2093400
21357,1956600
21358,1788900
21359,2247600
21360,1907300
21361,1814400
21362,1826900
21363,1782000
21364,1903300
21365,1845900
21366,1812400
21367,1859900
21368,1888100
21369,1832300
21370,1706300
21371,1686600
21372,1812300
21373,1769000
21374,1741800
21375,1638500
21376,1747800
21377,2032100
21378,1867200
21379,1687500
21380,1664200
21381,1651400
21382,1779900
21383,1702800
21384,1725600
21385,1733400
21386,1904600
21387,1890100
21388,1797500
21389,1643600
21390,1706000
21391,2151900
21392,2333400
21393,1992300
21394,2174700
21395,2296500
21396,1829700
21397,1778100
21398,1944000
21399,1829300
21400,1749200
21401,1700200
21402,1831500
21403,1713500
21404,1916900
21405,1806400
21406,1744600
21407,1790500
21408,1720800
21409,1734700
21410,1772200
21411,1712100
21412,1695500
21413,1738400
21414,1958300
21415,1799800
21416,1860700
21417,1770500
21418,1749500
21419,1781000
21420,1718000
21421,1679700
21422,1703200
21423,2091500
21424,1756000
21425,2004500
21426,1945500
21427,2425100
21428,2179400
21429,1985600
21430,1835600
21431,1874100
21432,1847200
21433,1861000
21434,1815300
21435,1740200
21436,1732500
21437,1626400
21438,1708300
21439,1670200
21440,1668200
21441,1864600
21442,1951400
21443,1762100
21444,1770000
21445,1659200
21446,1634800
21447,1673700
21448,1698300
21449,1749400
21450,1806900
21451,2291400
21452,1949200
21453,1817800
21454,1734600
21455,1746800
21456,1750200
21457,1617800
21458,1739000
21459,1990000
21460,1934500
21461,1681100
21462,1749100
21463,1738900
21464,1658000
21465,1623300
21466,1778200
21467,1733700
21468,1802000
21469,2067500
21470,1784600
21471,2071200
21472,1709000
21473,1779800
21474,1644500
21475,1682500
21476,1746000
21477,1993600
21478,1841800
21479,1760800
21480,1742900
21481,1652800
21482,1687900
21483,1613300
21484,1643400
21485,1792100
21486,2056000
21487,2174500
21488,1990300
21489,1758700
21490,1775100
21491,1634500
21492,1640200
21493,1699100
21494,1802400
21495,1746300
21496,1760500
21497,1973900
21498,1762700
21499,1780200
21500,1720800
21501,1649300
21502,1626400
21503,1797600
21504,1738400
21505,1763900
21506,1991900
21507,1826900
21508,1885600
21509,1781300
21510,1683800
21511,1723900
21512,1910000
21513,1771700
21514,1689800
21515,2031300
21516,1943300
21517,1688500
21518,1722900
21519,1781400
21520,1878000
21521,1820800
21522,1801300
21523,1656000
21524,1793400
21525,1880500
21526,1709400
21527,1637200
21528,1688800
21529,1685400
21530,1822400
21531,1765700
21532,1675600
21533,1753700
21534,1967400
21535,1791100
21536,1749100
21537,1739500
21538,1710200
21539,1861000
21540,1704400
21541,1699600
21542,1808100
21543,1880100
21544,1870300
21545,1759900
21546,1799300
21547,1677900
21548,2046700
21549,1760200
21550,1852400
21551,1745900
21552,1847300
21553,1861700
21554,1765000
21555,1665700
21556,1676700
21557,1737700
21558,1684500
21559,1731300
21560,1655200
21561,1682200
21562,1767300
21563,1807800
21564,1697600
21565,1684100
21566,1752100
21567,1760200
21568,1750700
21569,1758800
21570,1704600
21571,1716400
21572,1824600
21573,1810900
21574,1750500
21575,1884900
21576,1940300
21577,1747300
21578,1712200
21579,1713900
21580,1678000
21581,1850900
21582,1868500
21583,1693200
21584,1881200
21585,1698000
21586,1691300
21587,1721800
21588,1601800
21589,1674000
21590,1752300
21591,2006300
21592,1842400
21593,1900100
21594,1909000
21595,1741500
21596,1725600
21597,1801500
21598,1625800
21599,1695100
21600,1878700
21601,1742600
21602,1992000
21603,1893100
21604,1718500
21605,1667500
21606,1719300
21607,1642000
21608,1650500
21609,1934300
21610,2069400
21611,1884200
21612,1820100
21613,1645600
21614,1669600
21615,1658200
21616,1678000
21617,1664200
21618,1730500
21619,2022900
21620,1859500
21621,1838700
21622,1674400
21623,1665100
21624,1755300
21625,1622500
21626,1687500
21627,1691200
21628,2051400
21629,2025000
21630,1764400
21631,1691300
21632,1664700
21633,1708400
21634,1733100
21635,1708500
21636,1708700
21637,1708900
21638,2054900
21639,1839700
21640,1814800
21641,1701500
21642,1801700
21643,1603200
21644,1671600
21645,1754700
21646,1684400
21647,2544500
21648,2293100
21649,2124700
21650,2313000
21651,1939600
21652,1989000
21653,1929400
21654,2186300
21655,2257500
21656,2078800
21657,1941100
21658,1952400
21659,1819300
21660,1875500
21661,1834000
21662,2068400
21663,2196200
21664,2004700
21665,1944800
21666,2038800
21667,1938200
21668,1889900
21669,1935200
21670,2100300
21671,2299200
21672,2349900
21673,1967300
21674,1926000
21675,1941700
21676,1825900
21677,1957600
21678,2111200
21679,2219700
21680,2213800
21681,1988700
21682,1881200
21683,1908800
21684,1892700
21685,2364500
21686,2028900
21687,1995500
21688,2089100
21689,1955700
21690,1880700
21691,1891400
21692,1732800
21693,2077700
21694,2103000
21695,1987400
21696,2384300
21697,2071800
21698,1900600
21699,1884400
21700,1834600
21701,2055400
21702,1995400
21703,1925100
21704,1979800
21705,2273300
21706,1918700
21707,1906900
21708,1867500
21709,2016400
21710,1841600
21711,1855900
21712,1918800
21713,2056100
21714,1892300
21715,1795600
21716,1859100
21717,1934200
21718,2039100
21719,1949400
21720,1859100
21721,2201000
21722,3155600
21723,2125400
21724,2393400
21725,3863600
21726,3634800
21727,2438700
21728,2180000
21729,1739300
21730,1774900
21731,1867100
21732,1717800
21733,1755000
21734,1706900
21735,1718900
21736,1852100
21737,2020400
21738,1720900
21739,1821800
21740,1750600
21741,1765200
21742,1716600
21743,1798300
21744,1778400
21745,1890400
21746,1914700
21747,1805800
21748,1813800
21749,1753700
21750,1682200
21751,1737600
21752,1694200
21753,1605900
21754,1665700
21755,2075400
21756,1882100
21757,1877800
21758,1799300
21759,1688500
21760,1634200
21761,1864400
21762,1647000
21763,1717900
21764,1894000
21765,1893400
21766,1813000
21767,1768700
21768,1702100
21769,1704200
21770,1713500
21771,1742100
21772,1739000
21773,1800400
21774,1921100
21775,1941400
21776,1814400
21777,1698700
21778,1736200
21779,1657300
21780,1667000
21781,1768900
21782,1687900
21783,1903900
21784,1879200
21785,1740800
21786,1793000
21787,1735100
21788,1644600
21789,1637300
21790,1719400
21791,1733200
21792,1878000
21793,1973400
21794,1792900
21795,1761700
21796,1740000
21797,1688000
21798,1725100
21799,1787500
21800,1636300
21801,1758400
21802,2086400
21803,1784300
21804,1658500
21805,1717100
21806,1732500
21807,1801200
21808,1792100
21809,1713300
21810,2009400
21811,2103300
21812,1862300
21813,1731500
21814,1728700
21815,1736600
21816,1763900
21817,1666700
21818,1742500
21819,2006100
21820,2033200
21821,1778900
21822,1785000
21823,1694300
21824,1619900
21825,1669200
21826,1690700
21827,1667900
21828,1869600
21829,1740000
21830,2024300
21831,1705000
21832,1734500
21833,1691000
21834,1646700
21835,1599800
21836,1644300
21837,2099800
21838,1855900
21839,1924400
21840,1876400
21841,1753200
21842,1767500
21843,1755100
21844,1725800
21845,2104800
21846,2095200
21847,2066900
21848,2137800
21849,1890600
21850,1767800
21851,1755300
21852,1699500
21853,1706600
21854,1854600
21855,1725800
21856,1759400
21857,1923500
21858,1795100
21859,1701400
21860,1717100
21861,1672800
21862,1598800
21863,1817700
21864,1756400
21865,1725400
21866,1647000
21867,1792500
21868,1751200
21869,1698600
21870,1764100
21871,1934400
21872,2002800
21873,1905200
21874,1735500
21875,1749900
21876,1931900
21877,1770300
21878,1734200
21879,1670600
21880,1880700
21881,1914900
21882,1745900
21883,1779300
21884,1768400
21885,1989100
21886,1835500
21887,1704200
21888,1698800
21889,1827900
21890,1719800
21891,1767000
21892,1657100
21893,1744500
21894,1862900
21895,1850400
21896,1791600
21897,1743200
21898,1832600
21899,1751900
21900,1758400
21901,1798100
21902,1666800
21903,1695500
21904,1965000
21905,1792600
21906,1799700
21907,2280200
21908,1967100
21909,1763900
21910,1858700
21911,1700300
21912,1817900
21913,2122300
21914,1871300
21915,1899600
21916,1786100
21917,1832200
21918,1668100
21919,1720100
21920,1638900
21921,1746900
21922,2056000
21923,1866400
21924,1868400
21925,1754900
21926,1710400
21927,1616000
21928,1749600
21929,1598500
21930,1639000
21931,1798800
21932,1889800
21933,1984800
21934,2250400
21935,1976800
21936,2015300
21937,1875000
21938,1730000
21939,1744200
21940,2310600
21941,2112700
21942,1882400
21943,1712500
21944,1773300
21945,1806900
21946,1755600
21947,1745600
21948,1644100
21949,1975800
21950,1855700
21951,1804700
21952,1721800
21953,1766400
21954,1713200
21955,1617500
21956,1722300
21957,1743200
21958,2059800
21959,2005400
21960,1905500
21961,1688400
21962,1674100
21963,1718300
21964,1682900
21965,1712600
21966,1762500
21967,1700100
21968,2101600
21969,1815400
21970,1751600
21971,1843900
21972,1760700
21973,1655600
21974,1754300
21975,1676000
21976,1695600
21977,2569600
21978,2266800
21979,2447500
21980,2247300
21981,1889200
21982,1805500
21983,1777000
21984,1916700
21985,1983800
21986,1744500
21987,1711300
21988,1783900
21989,1758000
21990,1758200
21991,1673900
21992,1854700
21993,1815100
21994,2027300
21995,2049600
21996,1774100
21997,1834000
21998,1723400
21999,1677000
22000,1671500
22001,1730400
22002,1764400
22003,1904800
22004,2091000
22005,1796800
22006,1807900
22007,1797900
22008,1726200
22009,1807700
22010,1803000
22011,1825900
22012,1674400
22013,1878700
22014,1782900
22015,1776500
22016,2100200
22017,1688900
22018,1875800
22019,1843400
22020,1815200
22021,1810800
22022,1962300
22023,1753600
22024,1683500
22025,1720100
22026,1785300
22027,1829100
22028,1724600
22029,1747700
22030,1718300
22031,2055400
22032,2052200
22033,1704500
22034,1813800
22035,1901800
22036,1995800
22037,2024400
22038,1778500
22039,1698300
22040,1943400
22041,1810000
22042,1796000
22043,1633500
22044,1782200
22045,1704700
22046,1743700
22047,1651900
22048,1715400
22049,1762900
22050,1844000
22051,1963600
22052,1694100
22053,1768900
22054,1758400
22055,1611600
22056,1745900
22057,1686400
22058,1832700
22059,1836100
22060,1774400
22061,2041100
22062,1904800
22063,1734700
22064,1739700
22065,1689000
22066,1739500
22067,1693200
22068,2172300
22069,1932000
22070,1852400
22071,1915100
22072,1796200
22073,1745300
22074,1669700
22075,1676700
22076,1626900
22077,1718200
22078,1792500
22079,1906200
22080,1860600
22081,1757700
22082,1713500
22083,1658100
22084,1698900
22085,1681200
22086,1684300
22087,1855700
22088,1883000
22089,1862200
22090,1649700
22091,1705100
22092,1662100
22093,1681400
22094,1732900
22095,1725900
22096,1802900
22097,2035400
22098,1852500
22099,1756000
22100,1678000
22101,1667700
22102,1760200
22103,1670500
22104,1684800
22105,1685200
22106,2100600
22107,1792700
22108,1661700
22109,1650200
22110,1729600
22111,1723000
22112,1691200
22113,1649700
22114,1696800
22115,1936100
22116,2153800
22117,1735400
22118,1746800
22119,1746800
22120,1730300
22121,1666900
22122,1782900
22123,1617900
22124,1940800
22125,2431700
22126,1828700
22127,1761500
22128,1673400
22129,1654000
22130,1733900
22131,1784900
22132,1720900
22133,1741100
22134,1997200
22135,1884500
22136,1659500
22137,1665400
22138,1689000
22139,1695300
22140,1867600
22141,1694200
22142,1949000
22143,2300500
22144,1847200
22145,1820100
22146,1647800
22147,1783600
22148,1764300
22149,1607600
22150,1870000
22151,1812000
22152,1858600
22153,1794000
22154,1714400
22155,1730300
22156,1741000
22157,1685100
22158,1728300
22159,1870300
22160,1831800
22161,1814900
22162,2008500
22163,1812700
22164,1721600
22165,1710300
22166,1703500
22167,1687600
22168,1758800
22169,1777600
22170,1748100
22171,1905600
22172,1851500
22173,1699600
22174,1770500
22175,1655700
22176,1623700
22177,1685600
22178,1661500
22179,1714800
22180,1757700
22181,1833000
22182,1734900
22183,1683600
22184,1679400
22185,1692100
22186,1785300
22187,1994800
22188,1781200
22189,1660700
22190,2141400
22191,1842200
22192,1638400
22193,1738500
22194,1706900
22195,1926900
22196,2077100
22197,2028500
22198,2124300
22199,2697600
22200,2279000
22201,2109300
22202,2198700
22203,2069000
22204,1954100
22205,1958000
22206,2165900
22207,2158600
22208,2001800
22209,1982400
22210,2107600
22211,2004300
22212,2064000
22213,1906800
22214,1917000
22215,2155100
22216,2007300
22217,1944800
22218,2314700
22219,2038600
22220,1963700
22221,1776600
22222,1764800
22223,1970300
22224,1799700
22225,1729900
22226,1913600
22227,1854800
22228,1734800
22229,1740500
22230,1637600
22231,1672400
22232,1821700
22233,2112600
22234,1783500
22235,1795500
22236,1746800
22237,1757700
22238,1708200
22239,1640200
22240,1661700
22241,1813200
22242,1843900
22243,1772500
22244,1958100
22245,1805500
22246,1708900
22247,1704800
22248,1674200
22249,1708000
22250,1624300
22251,1845900
22252,2192000
22253,1893900
22254,1656400
22255,1774700
22256,1803700
22257,1697300
22258,1720500
22259,1677400
22260,1864800
22261,1857400
22262,1782100
22263,1678200
22264,1662200
22265,1750300
22266,1686100
22267,1595100
22268,1621700
22269,1667300
22270,2055200
22271,2097700
22272,1734200
22273,1699900
22274,1704800
22275,1733700
22276,1607700
22277,1694800
22278,1717400
22279,2225800
22280,2289000
22281,1777000
22282,1683500
22283,1683300
22284,1644100
22285,1627200
22286,1743100
22287,1789700
22288,1818200
22289,2043800
22290,1700200
22291,1777500
22292,1784000
22293,1670100
22294,1743900
22295,1636900
22296,1777200
22297,1787000
22298,1984400
22299,1843400
22300,1750200
22301,1661200
22302,1635000
22303,1663500
22304,1729800
22305,1798000
22306,1907400
22307,1748400
22308,1945300
22309,1819100
22310,1651800
22311,1780200
22312,1704800
22313,1772600
22314,1915500
22315,1880100
22316,1783000
22317,2216300
22318,1773600
22319,1657200
22320,1738600
22321,1648100
22322,1688700
22323,1933400
22324,1736800
22325,1707000
22326,1798500
22327,1815300
22328,1690700
22329,1770200
22330,1709900
22331,1631000
22332,1843400
22333,1771000
22334,1710200
22335,1900300
22336,1893200
22337,1719500
22338,1741100
22339,1716800
22340,1709000
22341,1878000
22342,1805500
22343,1752100
22344,1683600
22345,1952500
22346,1893500
22347,1709100
22348,1679700
22349,1741100
22350,1926000
22351,1733800
22352,1656200
22353,1760200
22354,1827000
22355,1747800
22356,1726100
22357,1735000
22358,1736200
22359,1929100
22360,1897400
22361,1702900
22362,1690100
22363,1693000
22364,2066900
22365,1779500
22366,1678900
22367,2013300
22368,2049400
22369,1731600
22370,1743100
22371,1662900
22372,1774300
22373,1833000
22374,1817900
22375,1689000
22376,1846900
22377,1811500
22378,1714900
22379,1743700
22380,1729400
22381,1681200
22382,1797200
22383,1889500
22384,1754800
22385,1871100
22386,1733000
22387,1687500
22388,1828000
22389,1679200
22390,1786600
22391,1618600
22392,1974900
22393,1743300
22394,1831100
22395,1798100
22396,1689700
22397,1710300
22398,1769800
22399,1731100
22400,1703100
22401,1755700
22402,1918100
22403,1904600
22404,1784700
22405,1661800
22406,1779900
22407,1706500
22408,1686200
22409,1671000
22410,1655500
22411,2222000
22412,1948000
22413,1750600
22414,1678800
22415,1688100
22416,1670900
22417,1666400
22418,1709600
22419,1773300
22420,1996500
22421,2000100
22422,1830100
22423,1680100
22424,1640300
22425,1684300
22426,1726700
22427,1657300
22428,1614700
22429,2061000
22430,2202900
22431,1758000
22432,1753100
22433,1742900
22434,1692900
22435,1635300
22436,1639900
22437,1643600
22438,1777200
22439,2225100
22440,1999200
22441,1684700
22442,1724700
22443,1787200
22444,1688600
22445,1846900
22446,1711900
22447,1663400
22448,2179600
22449,1785000
22450,1730500
22451,1657700
22452,1688800
22453,1647300
22454,1678300
22455,1686700
22456,1643300
22457,1915600
22458,2004900
22459,1728700
22460,1706800
22461,1626200
22462,1712300
22463,1813800
22464,1745600
22465,1961700
22466,2484700
22467,2304400
22468,1974500
22469,1898500
22470,1750700
22471,1747500
22472,1895100
22473,1875100
22474,1943300
22475,1974600
22476,1933400
22477,1745600
22478,1720900
22479,1675100
22480,1748700
22481,1725100
22482,2051000
22483,2267200
22484,2144200
22485,2054400
22486,1874800
22487,1690500
22488,1671400
22489,1756000
22490,1909500
22491,1753300
22492,1677400
22493,1947500
22494,1748100
22495,1794500
22496,1616700
22497,1753200
22498,1668100
22499,1827100
22500,1802400
22501,1650700
22502,1807300
22503,1979200
22504,1795600
22505,1750100
22506,1758900
22507,1623900
22508,1823300
22509,1829100
22510,1691200
22511,1689000
22512,1912800
22513,1808300
22514,1822100
22515,1650100
22516,1635800
22517,1913800
22518,1762800
22519,1666500
22520,1668100
22521,1837400
22522,1821900
22523,1694500
22524,1757800
22525,1623800
22526,1789900
22527,1725900
22528,1809500
22529,1678800
22530,1708900
22531,2129900
22532,1989700
22533,1737500
22534,1715800
22535,1829000
22536,1741400
22537,1705600
22538,1727000
22539,1702200
22540,2197400
22541,1717500
22542,1723700
22543,1789300
22544,2072100
22545,1999800
22546,2414500
22547,2101500
22548,2040000
22549,2046100
22550,1757200
22551,1999800
22552,1814900
22553,1731200
22554,1680100
22555,1762800
22556,1720200
22557,1913200
22558,2165800
22559,1755900
22560,1845300
22561,1745600
22562,1688300
22563,1721400
22564,1701600
22565,1703400
22566,1757800
22567,1876900
22568,1767200
22569,2028400
22570,2183400
22571,1791500
22572,1751800
22573,1723700
22574,1675700
22575,1723200
22576,1937100
22577,1790000
22578,1980800
22579,1798000
22580,1851900
22581,1688100
22582,1697800
22583,1671700
22584,1627300
22585,1786500
22586,1917800
22587,1808600
22588,1735800
22589,1833600
22590,1627000
22591,1682300
22592,1742400
22593,1708500
22594,1722400
22595,2533900
22596,2184000
22597,1933600
22598,1793600
22599,1661000
22600,1710200
22601,1838900
22602,1710200
22603,1909400
22604,2044300
22605,1852300
22606,1721400
22607,1694100
22608,1673100
22609,1659500
22610,1777300
22611,1690900
22612,1940900
22613,1949100
22614,1875300
22615,1664600
22616,1679000
22617,1611600
22618,1582500
22619,1649500
22620,1686500
22621,1871900
22622,2098600
22623,2007100
22624,1780300
22625,1666600
22626,1611700
22627,1760100
22628,1631400
22629,1828900
22630,1936000
22631,1915200
22632,1954800
22633,1767400
22634,1630500
22635,1706100
22636,1804900
22637,1677400
22638,1726200
22639,1775600
22640,1686600
22641,2051100
22642,1793900
22643,1761500
22644,1718200
22645,1640100
22646,1580600
22647,1889200
22648,1732200
22649,1698500
22650,1951500
22651,2016500
22652,1707500
22653,1735100
22654,1741200
22655,1645400
22656,1772300
22657,1777600
22658,1705300
22659,1786300
22660,1790200
22661,1831200
22662,1645700
22663,1761500
22664,1613900
22665,1671100
22666,1776800
22667,1680500
22668,1641700
22669,1724000
22670,1817800
22671,1675800
22672,1784500
22673,1655000
22674,1772700
22675,1902800
22676,1838600
22677,1711300
22678,1722300
22679,1890500
22680,1788300
22681,1681000
22682,1718900
22683,1844300
22684,1792100
22685,1747500
22686,1672200
22687,1655400
22688,1884400
22689,2075500
22690,1817300
22691,1654500
22692,1805800
22693,2015100
22694,1691700
22695,1738100
22696,1695900
22697,1708800
22698,2017800
22699,1752700
22700,1708100
22701,1912800
22702,1749300
22703,1619800
22704,1769300
22705,1776400
22706,1706300
22707,2052400
22708,1698400
22709,1753800
22710,2023800
22711,1766900
22712,1744600
22713,1649400
22714,1655400
22715,1714800
22716,1935900
22717,2037100
22718,2012100
22719,1923400
22720,1749400
22721,1667700
22722,1658700
22723,1677300
22724,1667000
22725,1729800
22726,2041600
22727,1789100
22728,1758100
22729,1716400
22730,1589600
22731,1707100
22732,1625600
22733,1699300
22734,1606300
22735,1912100
22736,2079200
22737,1840400
22738,1697200
22739,1700600
22740,1766500
22741,1714700
22742,1645200
22743,1654300
22744,1773000
22745,1807800
22746,1922500
22747,1771900
22748,1730200
22749,1700700
22750,1661400
22751,1779200
22752,1759300
22753,1705100
22754,2400600
22755,2273200
22756,2188100
22757,2187200
22758,2152200
22759,2052700
22760,1997500
22761,1998900
22762,2485400
22763,2045400
22764,1873400
22765,1934100
22766,1830600
22767,1888100
22768,1863300
22769,1852700
22770,2495200
22771,2030100
22772,1923500
22773,1976300
22774,1910200
22775,1782200
22776,1866800
22777,1808000
22778,2432900
22779,2340700
22780,1957800
22781,1918800
22782,1885600
22783,1835700
22784,1975500
22785,2101700
22786,2064500
22787,2141400
22788,2042300
22789,1988100
22790,1855300
22791,1886300
22792,1931600
22793,1982800
22794,2012200
22795,2317800
22796,1970800
22797,1874000
22798,1854000
22799,1846200
22800,1841800
22801,2233100
22802,2210600
22803,2216700
22804,2125300
22805,2011100
22806,1870100
22807,1867300
22808,1948000
22809,2068400
22810,1926000
22811,2196800
22812,2039400
22813,1906600
22814,1910600
22815,1918600
22816,1919100
22817,1971500
22818,1846500
22819,1941900
22820,2100400
22821,1990900
22822,1915700
22823,1856800
22824,1907800
22825,2010600
22826,2034800
22827,1912400
22828,2072300
22829,2504000
22830,2863200
22831,2112300
22832,2947100
22833,4496700
22834,3411200
22835,2043800
22836,1837700
22837,1853800
22838,1783100
22839,1654800
22840,1813500
22841,1719000
22842,1637300
22843,1794200
22844,1825800
22845,1803800
22846,1833700
22847,1768500
22848,1692900
22849,1758300
22850,1725300
22851,1639100
22852,1821900
22853,1995400
22854,1678400
22855,1822500
22856,1811100
22857,1898600
22858,1803500
22859,1724000
22860,1764400
22861,1755200
22862,1997800
22863,1966300
22864,1727600
22865,1743200
22866,1749400
22867,1790000
22868,1791700
22869,1660500
22870,1767000
22871,1908900
22872,1905200
22873,1769300
22874,1714700
22875,1720400
22876,1725900
22877,1816700
22878,1657300
22879,1725800
22880,1968800
22881,1944900
22882,1788400
22883,1682500
22884,1707900
22885,1606200
22886,1668200
22887,1685300
22888,1668800
22889,1708900
22890,2105900
22891,1921800
22892,1823900
22893,1755700
22894,1687000
22895,1651200
22896,1683800
22897,1737600
22898,1689100
22899,2083400
22900,1744200
22901,1735300
22902,1712800
22903,1664400
22904,1669200
22905,1625100
22906,1752200
22907,2010100
22908,1899600
22909,1822200
22910,1813700
22911,1726700
22912,1743300
22913,1677700
22914,1648700
22915,1688000
22916,2003200
22917,1859500
22918,2007900
22919,1862900
22920,1688000
22921,1666300
22922,1634600
22923,1713900
22924,1912600
22925,1802800
22926,1759700
22927,1967200
22928,1901500
22929,1836900
22930,1678600
22931,1767700
22932,1631600
22933,1713000
22934,1689500
22935,1741100
22936,1719100
22937,2056700
22938,1731300
22939,1702500
22940,1719700
22941,1668800
22942,1877900
22943,1881900
22944,1694600
22945,1746600
22946,1910800
22947,1820700
22948,1749300
22949,1746000
22950,1685600
22951,1831500
22952,1795300
22953,1691400
22954,1765300
22955,2091700
22956,1913900
22957,1713600
22958,1682100
22959,1683300
22960,1795800
22961,1744300
22962,1639800
22963,1672900
22964,1778800
22965,1886800
22966,1774400
22967,1729100
22968,1870000
22969,1754100
22970,1745800
22971,1695600
22972,1714200
22973,1750800
22974,2023100
22975,1767900
22976,1693500
22977,1645700
22978,1843100
22979,1779000
22980,1758800
22981,1747900
22982,1670200
22983,1810900
22984,2106300
22985,2004200
22986,1857800
22987,1762300
22988,1802200
22989,1629100
22990,1769500
22991,1725800
22992,1761200
22993,1814300
22994,1783900
22995,1876200
22996,1779900
22997,1725400
22998,1677600
22999,1823000
23000,1707400
23001,1728200
23002,1895300
23003,1961000
23004,1827300
23005,1799500
23006,1768900
23007,1686600
23008,1796400
23009,1679100
23010,1712200
23011,1767900
23012,2263600
23013,2186000
23014,1853300
23015,1747200
23016,1810300
23017,1732900
23018,1743400
23019,1766000
23020,2048700
23021,2275000
23022,1809400
23023,1766400
23024,1819200
23025,1752400
23026,1724500
23027,1739500
23028,1623200
23029,2229300
23030,2182700
23031,1986000
23032,2009900
23033,2048300
23034,1827900
23035,1835200
23036,1707900
23037,2066300
23038,2096700
23039,1906000
23040,1752200
23041,1834700
23042,1651600
23043,1694200
23044,1713400
23045,1665900
23046,1877500
23047,2079800
23048,1899100
23049,1781400
23050,1684300
23051,1692200
23052,1786100
23053,1870800
23054,1879000
23055,1624300
23056,1905100
23057,1871500
23058,1736800
23059,1740200
23060,1682800
23061,1642200
23062,1672900
23063,1776200
23064,1711200
23065,1762700
23066,1822200
23067,1892400
23068,1656500
23069,1781100
23070,1686100
23071,1762000
23072,1802300
23073,1783500
23074,1678900
23075,2046000
23076,2177900
23077,1818900
23078,1741000
23079,1681800
23080,1695000
23081,1892500
23082,1702900
23083,1778000
23084,1988100
23085,1771200
23086,1690600
23087,1641900
23088,1746500
23089,1664200
23090,1862300
23091,1813800
23092,1716900
23093,1900100
23094,1926000
23095,1746700
23096,1612400
23097,1772300
23098,1725100
23099,2298200
23100,2556100
23101,2069500
23102,2479400
23103,1951500
23104,1783400
23105,1757600
23106,1963200
23107,1859600
23108,1798600
23109,1784800
23110,1780800
23111,1924300
23112,1776200
23113,1759000
23114,1837600
23115,2116900
23116,1659900
23117,1712600
23118,1708400
23119,1789300
23120,1962600
23121,1714800
23122,1657500
23123,1801400
23124,1775900
23125,1703500
23126,1726500
23127,1784000
23128,1659100
23129,1761900
23130,1846900
23131,1714000
23132,1846000
23133,1751900
23134,1768700
23135,1748200
23136,1719500
23137,1660200
23138,1659700
23139,1961900
23140,1785500
23141,1886900
23142,1769300
23143,1734200
23144,1650700
23145,1876500
23146,1818700
23147,1658900
23148,1825400
23149,1892000
23150,2164700
23151,2103800
23152,1766000
23153,1814800
23154,1666500
23155,1708800
23156,1648400
23157,1732600
23158,2014900
23159,1794800
23160,1755900
23161,1712700
23162,1730900
23163,1640600
23164,1700100
23165,1669300
23166,1637500
23167,2325400
23168,1808900
23169,1761200
23170,1713900
23171,1744500
23172,1740400
23173,1732300
23174,1695800
23175,1727600
23176,2301800
23177,2032500
23178,1731100
23179,1729500
23180,1746100
23181,1662600
23182,1730700
23183,1688800
23184,1843200
23185,1900900
23186,2012100
23187,1721000
23188,1698000
23189,1742900
23190,1689300
23191,1725800
23192,1686100
23193,1751300
23194,1761400
23195,1906700
23196,1857800
23197,1707100
23198,1727000
23199,1712900
23200,1759900
23201,1752500
23202,1838300
23203,1777000
23204,2013300
23205,2012200
23206,1702900
23207,1733400
23208,1661400
23209,1727700
23210,1632600
23211,1694400
23212,1782100
23213,1805400
23214,1877000
23215,1785000
23216,1720900
23217,1649500
23218,1677300
23219,1687500
23220,2154100
23221,1912200
23222,1849500
23223,1963000
23224,1814400
23225,1667500
23226,1794500
23227,1699500
23228,1665400
23229,1875400
23230,1726100
23231,1768900
23232,2138600
23233,2110500
23234,1766000
23235,1685100
23236,1663200
23237,1693700
23238,1799500
23239,1690300
23240,1696300
23241,1823100
23242,1933600
23243,1700400
23244,1648700
23245,1647100
23246,1660100
23247,1857100
23248,1931200
23249,1819200
23250,1830600
23251,1948700
23252,1716900
23253,1757900
23254,1725100
23255,1718600
23256,1908700
23257,1843200
23258,1730600
23259,1697400
23260,1804400
23261,1857200
23262,1728000
23263,1621000
23264,1609500
23265,1842700
23266,1775700
23267,1696000
23268,1700200
23269,1771600
23270,1943700
23271,1794900
23272,1728800
23273,1916600
23274,1840300
23275,1713500
23276,1799300
23277,1691600
23278,1826900
23279,1905900
23280,1713600
23281,1762100
23282,1864600
23283,1771700
23284,1716000
23285,1830100
23286,1756200
23287,1655800
23288,1935100
23289,1833300
23290,1694600
23291,1806500
23292,1785400
23293,1761600
23294,1782800
23295,1690700
23296,1620800
23297,1704700
23298,2326600
23299,1882800
23300,1979300
23301,2038700
23302,2171700
23303,2545300
23304,2263100
23305,2195000
23306,2278700
23307,2087100
23308,2070500
23309,2123000
23310,1881500
23311,1935900
23312,1765300
23313,2450300
23314,2219800
23315,2115100
23316,2198600
23317,1993300
23318,1890600
23319,1827000
23320,1941200
23321,2187200
23322,2464200
23323,2078500
23324,1952100
23325,1743300
23326,1635900
23327,1685300
23328,1677900
23329,1681100
23330,1846000
23331,2106100
23332,1864800
23333,1778200
23334,1715800
23335,1726000
23336,1638300
23337,1698200
23338,1681600
23339,1680000
23340,1935700
23341,1926600
23342,1872600
23343,1747800
23344,1730700
23345,1724200
23346,1701500
23347,1747500
23348,1761300
23349,2007600
23350,2274900
23351,1846900
23352,1728600
23353,1629500
23354,1747600
23355,1691400
23356,1739500
23357,1666200
23358,2046900
23359,1981200
23360,1770400
23361,1719700
23362,1667500
23363,1661700
23364,1701500
23365,1763600
23366,1686600
23367,1834100
23368,2062600
23369,1835200
23370,1722400
23371,1701500
23372,1670300
23373,1681800
23374,1668400
23375,1691600
23376,1960300
23377,2007700
23378,1879800
23379,1658900
23380,1713600
23381,1671400
23382,1635400
23383,1612700
23384,1725800
23385,1918300
23386,1994400
23387,2337500
23388,1821000
23389,1805800
23390,1724100
23391,1679900
23392,1667500
23393,1787500
23394,1656100
23395,1801900
23396,1886500
23397,1779000
23398,1739400
23399,1676400
23400,1826900
23401,1699500
23402,1777600
23403,1822600
23404,1703900
23405,1970400
23406,1834600
23407,1726000
23408,1831300
23409,1746000
23410,1592000
23411,1845700
23412,1791500
23413,1713200
23414,2014700
23415,2078500
23416,1811600
23417,1740700
23418,1738000
23419,1639200
23420,1915600
23421,1670900
23422,1710900
23423,1888700
23424,1975000
23425,1714000
23426,1644500
23427,1723300
23428,1756800
23429,1749600
23430,1709800
23431,1718800
23432,1741900
23433,2011700
23434,1829500
23435,1653900
23436,1631500
23437,1700100
23438,1831900
23439,1715600
23440,1659300
23441,1752800
23442,1803000
23443,1968100
23444,1747000
23445,1678700
23446,1653800
23447,1850600
23448,1750600
23449,1733600
23450,1702500
23451,1725700
23452,1833400
23453,1760300
23454,1723000
23455,1652400
23456,1672300
23457,1747000
23458,1703800
23459,1701800
23460,1652500
23461,1653300
23462,1782200
23463,1778200
23464,1728200
23465,1900700
23466,1738100
23467,1761100
23468,1700700
23469,1691000
23470,1696200
23471,1873700
23472,1878500
23473,1953000
23474,1900400
23475,1683300
23476,1733600
23477,1743400
23478,1666600
23479,1873800
23480,1968000
23481,2096800
23482,1858500
23483,1815500
23484,1840800
23485,1665100
23486,1736300
23487,1692000
23488,1723100
23489,1604600
23490,2085400
23491,1743600
23492,1761900
23493,1678300
23494,1732900
23495,1651800
23496,1689900
23497,1718700
23498,1725900
23499,2138300
23500,1915300
23501,1763000
23502,1845000
23503,1716400
23504,1728900
23505,1713800
23506,1703700
23507,1632200
23508,1902400
23509,2009600
23510,1886700
23511,1831800
23512,1693000
23513,1653900
23514,1701300
23515,1621200
23516,1799100
23517,1868100
23518,1970800
23519,1846000
23520,1684200
23521,1670100
23522,1778400
23523,1707000
23524,1757300
23525,1691800
23526,1945200
23527,2027700
23528,1899900
23529,1684800
23530,1658000
23531,1685900
23532,1660300
23533,1723600
23534,1693800
23535,1759100
23536,1903700
23537,1877100
23538,1703800
23539,1667700
23540,1788500
23541,1623800
23542,1871800
23543,1673800
23544,2065200
23545,1730400
23546,2023800
23547,1730500
23548,1706300
23549,1772100
23550,1765600
23551,1626600
23552,1658100
23553,1811900
23554,1748500
23555,1866400
23556,2036000
23557,1778200
23558,1695400
23559,1717700
23560,1703000
23561,1725800
23562,1753800
23563,1729100
23564,1883400
23565,1905700
23566,1745800
23567,1770300
23568,1647200
23569,1726100
23570,1656600
23571,2006700
23572,2026700
23573,1890200
23574,2359300
23575,1865100
23576,1784600
23577,1753100
23578,1785500
23579,2148500
23580,2365800
23581,2080900
23582,2323100
23583,2048700
23584,1768600
23585,1778500
23586,1742700
23587,1824400
23588,1818900
23589,1658500
23590,1641500
23591,1768900
23592,1910800
23593,1805200
23594,1714800
23595,1665600
23596,1850000
23597,1803800
23598,1686000
23599,1646000
23600,1841800
23601,1780900
23602,1663200
23603,1645100
23604,1782600
23605,1870600
23606,1800500
23607,1706200
23608,1738200
23609,1688800
23610,1909600
23611,2018900
23612,1829300
23613,1695500
23614,1791600
23615,1817300
23616,1715900
23617,1716600
23618,1607000
23619,1821500
23620,1775300
23621,1677100
23622,1633600
23623,1760100
23624,1789100
23625,1797400
23626,1690900
23627,1666800
23628,1674000
23629,1908700
23630,1903700
23631,1816900
23632,1790200
23633,1809600
23634,1755200
23635,1860200
23636,1762900
23637,1709500
23638,1919700
23639,1997900
23640,2184100
23641,1916100
23642,1930700
23643,1700700
23644,1758400
23645,1679700
23646,1645400
23647,1785400
23648,2019600
23649,1872600
23650,1776500
23651,1747200
23652,1783500
23653,1635500
23654,1681800
23655,1707900
23656,1746900
23657,2052800
23658,2241200
23659,2040600
23660,2422000
23661,2097000
23662,2035500
23663,1721900
23664,1688100
23665,2159500
23666,1980900
23667,1743900
23668,1764300
23669,2141300
23670,1723800
23671,1827600
23672,1603100
23673,1718300
23674,2054400
23675,1794300
23676,1766300
23677,1759200
23678,1766600
23679,1703800
23680,1593900
23681,1706900
23682,1698800
23683,1843900
23684,1859200
23685,1766700
23686,1747900
23687,1672600
23688,1740400
23689,1586500
23690,1776000
23691,1695000
23692,1827200
23693,1985400
23694,1784800
23695,1798400
23696,1661300
23697,1662000
23698,1648800
23699,1642900
23700,2076100
23701,2047900
23702,1975700
23703,1976000
23704,1775100
23705,1721000
23706,1638400
23707,1664700
23708,1846100
23709,2142300
23710,2008400
23711,2024400
23712,1788500
23713,1746100
23714,1663400
23715,1715500
23716,1639400
23717,1759600
23718,1749300
23719,1607800
23720,1744600
23721,1880700
23722,1823500
23723,1694400
23724,1718100
23725,1698800
23726,1979300
23727,1916400
23728,1739200
23729,1878900
23730,1859300
23731,1765200
23732,1655700
23733,1735700
23734,1657100
23735,1924700
23736,1713400
23737,1740200
23738,1767200
23739,1758000
23740,2015500
23741,1741700
23742,1744700
23743,1684400
23744,1684100
23745,1741600
23746,1760600
23747,1744100
23748,1720200
23749,1989400
23750,1720300
23751,1774500
23752,1846500
23753,1783600
23754,1789600
23755,1640800
23756,1692000
23757,1622400
23758,2222900
23759,1873900
23760,1718800
23761,1746600
23762,1769300
23763,1740000
23764,1704800
23765,1708600
23766,1692600
23767,1824700
23768,1859400
23769,1700100
23770,1868300
23771,1721000
23772,1705500
23773,1656100
23774,1720200
23775,1707600
23776,1733200
23777,1982400
23778,1762500
23779,1961600
23780,1749600
23781,1711600
23782,1710200
23783,1682000
23784,1755500
23785,1724600
23786,1777300
23787,2046300
23788,2083700
23789,2154700
23790,1804100
23791,1787900
23792,1809900
23793,1692100
23794,1629600
23795,1840000
23796,2008100
23797,1835400
23798,1677500
23799,1690300
23800,1726200
23801,1726700
23802,1668700
23803,1682300
23804,1676200
23805,1985700
23806,1910200
23807,1745900
23808,1685900
23809,1703700
23810,1711600
23811,1704500
23812,1708700
23813,1685200
23814,1793000
23815,2358800
23816,1949400
23817,1687600
23818,1759100
23819,1753500
23820,1679000
23821,1783800
23822,1729700
23823,1823400
23824,2085500
23825,1779000
23826,1767600
23827,1730500
23828,1654100
23829,1714600
23830,1704200
23831,1647900
23832,1693700
23833,2085800
23834,1860000
23835,1827500
23836,1687800
23837,1688200
23838,1640800
23839,1693300
23840,1678100
23841,1608600
23842,1873300
23843,1851400
23844,1848900
23845,1661200
23846,1647200
23847,1759400
23848,1676100
23849,1757100
23850,1701300
23851,1734200
23852,2182100
23853,1905900
23854,1747200
23855,1655800
23856,1602400
23857,1738000
23858,1797400
23859,1668900
23860,1879700
23861,2247500
23862,2237600
23863,2298400
23864,2004100
23865,1921300
23866,1925600
23867,2133700
23868,1986700
23869,2287900
23870,2026200
23871,1863100
23872,1873100
23873,1855200
23874,1949200
23875,1920800
23876,1898900
23877,1934800
23878,2119200
23879,2094800
23880,1908500
23881,1868400
23882,1882800
23883,2250400
23884,2156200
23885,2002200
23886,2108100
23887,1998900
23888,1851300
23889,1798000
23890,1881200
23891,2140900
23892,1927100
23893,1875900
23894,2182700
23895,2102400
23896,1846400
23897,1838200
23898,1921200
23899,1995900
23900,1991400
23901,1850000
23902,1771800
23903,2345800
23904,2053000
23905,1839500
23906,1849100
23907,2403100
23908,2110800
23909,1962200
23910,1929700
23911,2343700
23912,2050000
23913,1985200
23914,2016700
23915,2006100
23916,1891800
23917,1924100
23918,1865300
23919,2076800
23920,2074900
23921,1897600
23922,1869300
23923,2087800
23924,2017400
23925,2078000
23926,1921600
23927,1851500
23928,2123200
23929,1913800
23930,2172400
23931,1925600
23932,1993200
23933,1941900
23934,1869600
23935,2239600
23936,3470000
23937,2568200
23938,2598400
23939,4198100
23940,3109100
23941,2368300
23942,1805800
23943,1823400
23944,1731300
23945,1723800
23946,1739700
23947,1737700
23948,1668700
23949,1754700
23950,1821900
23951,1938200
23952,1837600
23953,1686400
23954,1756800
23955,1653300
23956,1829400
23957,1683100
23958,1757600
23959,1745800
23960,1776200
23961,1971000
23962,1811600
23963,1706200
23964,1733400
23965,1732300
23966,1660900
23967,1713900
23968,1731200
23969,1835300
23970,2327800
23971,1819600
23972,1712400
23973,1705100
23974,1744200
23975,1703100
23976,1632500
23977,1671200
23978,1659600
23979,1928300
23980,1737200
23981,1706700
23982,1680200
23983,1747200
23984,1705400
23985,1748300
23986,1646700
23987,1663500
23988,2029300
23989,1918300
23990,1756700
23991,1714900
23992,1772200
23993,1744000
23994,1676800
23995,1728800
23996,1657700
23997,1820800
23998,1950000
23999,1774100
24000,1807000
24001,1634300
24002,1652400
24003,1673800
24004,1656900
24005,1737700
24006,1897500
24007,1916300
24008,1834300
24009,1841400
24010,1758100
24011,1657200
24012,1623100
24013,1668200
24014,1653000
24015,1835700
24016,1745500
24017,1810100
24018,1826400
24019,1729900
24020,1634800
24021,1670400
24022,1683900
24023,1679500
24024,1800800
24025,1839100
24026,1792100
24027,1835500
24028,1750300
24029,1774300
24030,1658100
24031,1667300
24032,1671900
24033,2003400
24034,1860300
24035,1930200
24036,1924000
24037,1759700
24038,1749400
24039,1687200
24040,1641400
24041,1804700
24042,1712600
24043,1631300
24044,1763500
24045,1969000
24046,1904600
24047,1740700
24048,1723900
24049,1707700
24050,1792200
24051,1701400
24052,1727000
24053,1698700
24054,1829100
24055,1934000
24056,1710800
24057,1721500
24058,1698400
24059,2009200
24060,2091600
24061,1865700
24062,1768100
24063,1832600
24064,2009600
24065,1819400
24066,1720900
24067,1669900
24068,1705000
24069,1730800
24070,1824900
24071,1708800
24072,1810200
24073,2058700
24074,1829100
24075,1729800
24076,1720200
24077,1767100
24078,1700900
24079,1716200
24080,1739600
24081,1688900
24082,1814700
24083,1849300
24084,1764500
24085,1751300
24086,1878800
24087,1836700
24088,1676700
24089,1691200
24090,1683000
24091,1739700
24092,2124300
24093,1823000
24094,2005400
24095,1851500
24096,1797800
24097,1688000
24098,1740700
24099,1663900
24100,1696200
24101,1912900
24102,1812500
24103,1798700
24104,1805300
24105,1686400
24106,1616300
24107,1656400
24108,1713900
24109,1767200
24110,1854200
24111,1929500
24112,1849100
24113,1850200
24114,1617100
24115,1717400
24116,1688900
24117,1686500
24118,1814700
24119,1741400
24120,2099300
24121,2374000
24122,1983300
24123,1870900
24124,1793200
24125,1872700
24126,1731000
24127,1731200
24128,2150400
24129,2330000
24130,2324900
24131,1962000
24132,2217000
24133,1958800
24134,1751100
24135,1749600
24136,1802700
24137,2140200
24138,1804200
24139,1722700
24140,1745900
24141,1718100
24142,1661900
24143,1707100
24144,1656400
24145,1702600
24146,2085800
24147,1848500
24148,1801200
24149,1795400
24150,1666200
24151,1629200
24152,1652700
24153,1712000
24154,1699800
24155,2086100
24156,2107900
24157,1794800
24158,1772300
24159,1780700
24160,1782500
24161,1656500
24162,1730000
24163,1831200
24164,2032100
24165,1815100
24166,1798900
24167,1716200
24168,1779800
24169,1754000
24170,1719200
24171,1980600
24172,1763100
24173,1922100
24174,1858400
24175,1755500
24176,1713100
24177,1650300
24178,1652600
24179,1744100
24180,2040500
24181,1767200
24182,1848900
24183,2313900
24184,1923400
24185,1768800
24186,1666000
24187,1754700
24188,1793800
24189,1727400
24190,1751400
24191,1746600
24192,1976200
24193,1957900
24194,1771900
24195,1745900
24196,1727100
24197,1739100
24198,1656800
24199,1725700
24200,1748800
24201,1989600
24202,1895100
24203,1726000
24204,1701500
24205,1702000
24206,1668400
24207,1710100
24208,1759600
24209,1667700
24210,2045900
24211,2535200
24212,2497600
24213,2116700
24214,1970600
24215,2263900
24216,1777600
24217,1913500
24218,1950100
24219,2034800
24220,1851900
24221,1671100
24222,1670600
24223,1734800
24224,1788000
24225,2050900
24226,1746200
24227,1756700
24228,1853600
24229,1787300
24230,1735200
24231,1708500
24232,1673900
24233,1747800
24234,1730300
24235,1728200
24236,1732400
24237,1896600
24238,1684400
24239,1703500
24240,1684200
24241,1657300
24242,1705700
24243,1777200
24244,1918300
24245,1771200
24246,1773400
24247,2177300
24248,1900700
24249,1688200
24250,1646200
24251,1696400
24252,1901400
24253,1853800
24254,1663600
24255,1683100
24256,1926800
24257,1773000
24258,1758200
24259,1738100
24260,1999200
24261,2081000
24262,1970300
24263,1755000
24264,1648800
24265,1895800
24266,1771500
24267,1707600
24268,1685300
24269,1855700
24270,1752400
24271,1744600
24272,1706800
24273,1673400
24274,1744100
24275,2170300
24276,1823200
24277,1854900
24278,1764500
24279,1765600
24280,1718900
24281,1754600
24282,1680200
24283,1673900
24284,1902700
24285,1822300
24286,1698500
24287,2037100
24288,1898600
24289,1759700
24290,1633600
24291,1723700
24292,1645200
24293,1926900
24294,1754000
24295,1696300
24296,1780500
24297,1639200
24298,1674900
24299,1632600
24300,1678200
24301,1615300
24302,1718900
24303,1924100
24304,1774800
24305,1917200
24306,1706400
24307,1692400
24308,1731400
24309,1767900
24310,1653000
24311,1680200
24312,1940800
24313,2060800
24314,1858500
24315,1751300
24316,1738400
24317,1703400
24318,1653800
24319,1701400
24320,1623400
24321,1703700
24322,2031400
24323,1889600
24324,1694200
24325,1691900
24326,1699900
24327,1684900
24328,1698600
24329,1670000
24330,1684500
24331,2250800
24332,2087700
24333,1733900
24334,1648300
24335,1627400
24336,1722900
24337,1656200
24338,1709500
24339,1615100
24340,1952400
24341,2223200
24342,1761600
24343,1710200
24344,1672800
24345,1663900
24346,1719900
24347,1720600
24348,1640400
24349,1938400
24350,2109000
24351,1805300
24352,1671700
24353,1814000
24354,1670500
24355,1663000
24356,1605600
24357,1805600
24358,1805400
24359,1946900
24360,1833600
24361,1712600
24362,1737200
24363,1691600
24364,1642500
24365,1663300
24366,1859600
24367,1852400
24368,1847500
24369,2171100
24370,1805300
24371,1717000
24372,1686200
24373,1684400
24374,1748500
24375,1909100
24376,1648900
24377,1785600
24378,1933400
24379,1797300
24380,1690200
24381,1683100
24382,1731700
24383,1642900
24384,1859200
24385,1753300
24386,1778200
24387,1772800
24388,1948700
24389,1895000
24390,1674900
24391,1732800
24392,1623400
24393,1852300
24394,1690500
24395,1820100
24396,1769700
24397,2041200
24398,1780700
24399,1743100
24400,1687300
24401,1768500
24402,1785700
24403,1770500
24404,1744000
24405,1652600
24406,1970800
24407,1892500
24408,1741200
24409,1726900
24410,1716400
24411,1861000
24412,2027300
24413,2077700
24414,2527700
24415,2677000
24416,2120800
24417,1977200
24418,2269200
24419,1998400
24420,2030200
24421,1943300
24422,2100200
24423,2173600
24424,1961700
24425,1914900
24426,2055400
24427,2134200
24428,1965200
24429,1950500
24430,1990500
24431,2471700
24432,2028400
24433,1920400
24434,1975000
24435,1837900
24436,1927300
24437,1774800
24438,1727600
24439,1860900
24440,1798800
24441,1693100
24442,1997400
24443,1805300
24444,1820500
24445,1771200
24446,1703300
24447,1685500
24448,1865300
24449,1926900
24450,1719500
24451,1857300
24452,1787400
24453,1778600
24454,1677800
24455,1767300
24456,1667400
24457,1653700
24458,2065200
24459,1802300
24460,1835000
24461,1887300
24462,1728000
24463,1681500
24464,1677700
24465,1747600
24466,1673100
24467,2004000
24468,2022500
24469,1793100
24470,1926900
24471,1765300
24472,1653700
24473,1710900
24474,1753400
24475,1610200
24476,1748200
24477,1912500
24478,1899000
24479,1845000
24480,1716700
24481,1635900
24482,1682600
24483,1854200
24484,1634100
24485,1666900
24486,1960600
24487,1874900
24488,1809700
24489,1811000
24490,1657800
24491,1624700
24492,1712400
24493,1756900
24494,1655900
24495,2108800
24496,2317300
24497,1836400
24498,1744900
24499,1659700
24500,1691300
24501,1660100
24502,1684100
24503,1760700
24504,1628800
24505,2165000
24506,1862100
24507,1705000
24508,1660700
24509,1729300
24510,1722000
24511,1704900
24512,1745300
24513,1954400
24514,2050200
24515,1797500
24516,1698400
24517,1764500
24518,1645100
24519,1607800
24520,1762300
24521,1682800
24522,1868500
24523,2130200
24524,1877200
24525,1721000
24526,1704900
24527,1793500
24528,1716800
24529,1752000
24530,1715800
24531,1782900
24532,1776500
24533,1974900
24534,1613700
24535,1784500
24536,1664600
24537,1699800
24538,1651300
24539,1742100
24540,1819000
24541,1811300
24542,1897900
24543,1836200
24544,1739500
24545,1706400
24546,1654900
24547,1720600
24548,1668900
24549,1876100
24550,1775300
24551,1884800
24552,1829500
24553,1724800
24554,1738700
24555,1684400
24556,1693800
24557,1738700
24558,1729300
24559,1803700
24560,1642000
24561,1797900
24562,1768600
24563,1684700
24564,1741700
24565,1709900
24566,1904500
24567,1742800
24568,1871200
24569,1683900
24570,1706600
24571,1802500
24572,1695600
24573,1739500
24574,1697100
24575,1888700
24576,1810800
24577,1708200
24578,1692700
24579,1733500
24580,1874500
24581,1835700
24582,1723700
24583,1729700
24584,2228800
24585,1879100
24586,1894000
24587,1747100
24588,1701000
24589,1996600
24590,1859100
24591,1807100
24592,1700300
24593,1611800
24594,1744100
24595,1643500
24596,1687800
24597,1720100
24598,1825400
24599,1882900
24600,1734200
24601,1807400
24602,1776400
24603,1801800
24604,1688500
24605,1701500
24606,1690000
24607,1655000
24608,1944200
24609,1718700
24610,1810800
24611,1719400
24612,1728000
24613,1655800
24614,1707900
24615,1712200
24616,1659600
24617,1699000
24618,2294300
24619,1879800
24620,1773400
24621,1754100
24622,1716600
24623,1728400
24624,1805800
24625,1649000
24626,1610500
24627,2067000
24628,1787700
24629,1735000
24630,1792900
24631,1723400
24632,1720700
24633,1632200
24634,1697600
24635,1596200
24636,1915700
24637,1915500
24638,1682200
24639,1790400
24640,1662100
24641,1785100
24642,1684200
24643,1734800
24644,1647900
24645,1851600
24646,2137800
24647,1765000
24648,1819400
24649,1743200
24650,1758700
24651,1632400
24652,1834200
24653,1781400
24654,1827800
24655,2035200
24656,1945300
24657,1816300
24658,1708300
24659,1750900
24660,1702800
24661,1754900
24662,1774100
24663,1792500
24664,1936300
24665,1844000
24666,1804900
24667,1645000
24668,1699600
24669,1721800
24670,1718000
24671,1890400
24672,1737500
24673,1676600
24674,2095300
24675,1824900
24676,1715700
24677,1634300
24678,1662000
24679,1641500
24680,2331900
24681,2617700
24682,2446500
24683,2416700
24684,1968200
24685,1885800
24686,1849900
24687,1953100
24688,2000900
24689,1770500
24690,1991800
24691,1926100
24692,1772000
24693,1664500
24694,1706600
24695,1711900
24696,1814600
24697,1759600
24698,1767700
24699,1673000
24700,1963900
24701,1833100
24702,1693300
24703,1763700
24704,1893200
24705,1731200
24706,1732300
24707,1685200
24708,1714400
24709,2029800
24710,2064000
24711,1745300
24712,1749900
24713,1785300
24714,1760400
24715,1722700
24716,1715000
24717,1642500
24718,1693400
24719,2096100
24720,1718300
24721,1682500
24722,1786100
24723,1781100
24724,1786600
24725,1633900
24726,1679700
24727,1670900
24728,1916100
24729,1794500
24730,1799800
24731,1767900
24732,1685600
24733,1764900
24734,1700600
24735,1691100
24736,1706000
24737,1609300
24738,1980400
24739,2063300
24740,1770500
24741,1872600
24742,1812400
24743,1650400
24744,1785300
24745,1833200
24746,1783100
24747,2234700
24748,1953600
24749,1767400
24750,1664700
24751,1785100
24752,1670900
24753,1909200
24754,1691600
24755,1702100
24756,2117900
24757,1774400
24758,1626300
24759,1647700
24760,1659900
24761,1671300
24762,1808900
24763,1707900
24764,1645600
24765,1868700
24766,2043500
24767,1846600
24768,1785500
24769,1727400
24770,1758600
24771,2134000
24772,1668300
24773,1602100
24774,2344900
24775,2290400
24776,2440600
24777,2089900
24778,2062500
24779,1856300
24780,1749300
24781,1810100
24782,1871000
24783,1883200
24784,1850400
24785,1695400
24786,1860400
24787,1798100
24788,1601600
24789,1699200
24790,1783200
24791,1770000
24792,1797300
24793,1816400
24794,1736700
24795,1744200
24796,1667300
24797,1653600
24798,1687200
24799,1904400
24800,1675400
24801,1894700
24802,2082600
24803,1882800
24804,1800500
24805,1741900
24806,1736300
24807,1648500
24808,1788700
24809,1752700
24810,1794600
24811,1952700
24812,1819600
24813,1771900
24814,1717500
24815,1664300
24816,1686800
24817,1980400
24818,1734700
24819,1629300
24820,1910500
24821,1843000
24822,1669600
24823,1620800
24824,1605200
24825,1642000
24826,2062400
24827,2068000
24828,1804500
24829,1781400
24830,1858300
24831,1730800
24832,1758200
24833,1674500
24834,1640100
24835,1797000
24836,1699300
24837,1689500
24838,1629500
24839,2003700
24840,1879500
24841,1715000
24842,1806000
24843,1943100
24844,1934700
24845,1759300
24846,1787400
24847,1784400
24848,1888100
24849,1849900
24850,1688400
24851,1715700
24852,1853500
24853,1809600
24854,1790100
24855,1751500
24856,1825600
24857,1757300
24858,2076900
24859,1789900
24860,1715300
24861,1962500
24862,1724600
24863,1728400
24864,1592600
24865,1735700
24866,1759600
24867,2192100
24868,1812900
24869,1810400
24870,1866300
24871,1659400
24872,1736500
24873,1794400
24874,1801500
24875,1820100
24876,1981900
24877,1791100
24878,1732300
24879,1790500
24880,1737900
24881,1698900
24882,1664700
24883,1677500
24884,1682300
24885,1972100
24886,1841300
24887,1743300
24888,1928500
24889,1885600
24890,1710400
24891,1773600
24892,1688300
24893,1583600
24894,1809300
24895,1888300
24896,1722200
24897,1848400
24898,1793100
24899,1772200
24900,1798500
24901,1734000
24902,1692100
24903,1727200
24904,2075500
24905,1784200
24906,1917900
24907,1815200
24908,1769900
24909,1691200
24910,1757900
24911,1684700
24912,1749500
24913,1960700
24914,2099700
24915,1748000
24916,1739000
24917,1816700
24918,1738800
24919,1720400
24920,1696600
24921,1711300
24922,1739100
24923,2043800
24924,1867700
24925,1729200
24926,1840100
24927,1735900
24928,1773300
24929,1823500
24930,1708900
24931,1763700
24932,2273800
24933,1779500
24934,1806500
24935,1722100
24936,1662800
24937,1667900
24938,1800900
24939,1705300
24940,1886700
24941,2039800
24942,1831000
24943,1764600
24944,1635400
24945,1684400
24946,1772000
24947,1786700
24948,1657100
24949,1878300
24950,2074700
24951,2013100
24952,1704300
24953,1782200
24954,1727300
24955,1644000
24956,1627200
24957,1724700
24958,1755900
24959,2028600
24960,2163000
24961,1827000
24962,1833500
24963,1768100
24964,1723100
24965,1665800
24966,2018200
24967,2107700
24968,2551700
24969,2373300
24970,2242200
24971,1999600
24972,1919200
24973,2141100
24974,1942600
24975,1957500
24976,2468900
24977,1961000
24978,1913100
24979,1928400
24980,1861700
24981,2229000
24982,1936400
24983,1946600
24984,1881800
24985,2224600
24986,2112900
24987,1921200
24988,1827800
24989,2321200
24990,2170200
24991,2000500
24992,2297400
24993,2029400
24994,1898500
24995,1876700
24996,2209000
24997,2082900
24998,2114600
24999,1895600
25000,2132600
25001,2043700
25002,1984500
25003,1941900
25004,1898900
25005,1969300
25006,2080400
25007,1885700
25008,2098100
25009,2147300
25010,1935900
25011,1892600
25012,2187800
25013,1992100
25014,1943800
25015,1928700
25016,1912800
25017,2598900
25018,2120800
25019,2223300
25020,2073100
25021,1915900
25022,1897700
25023,1850600
25024,1842000
25025,2257600
25026,1971800
25027,2080800
25028,1949300
25029,1875700
25030,1962100
25031,1972300
25032,1925800
25033,1942600
25034,2170900
25035,2063600
25036,1990200
25037,1929900
25038,2007200
25039,1979500
25040,1923400
25041,1896700
25042,3367000
25043,3075100
25044,2599800
25045,3495000
25046,3182000
25047,2370800
25048,2181800
25049,1775500
25050,1738700
25051,1659600
25052,1771700
25053,1716800
25054,1683800
25055,1670500
25056,1816600
25057,1965300
25058,1857100
25059,1812000
25060,1598900
25061,1778600
25062,1696200
25063,1781900
25064,1650400
25065,1594600
25066,2092100
25067,1801600
25068,1808500
25069,1705100
25070,1722700
25071,1696300
25072,1655400
25073,1754000
25074,1611000
25075,2188300
25076,1961500
25077,1854200
25078,1780500
25079,1803400
25080,1643700
25081,1643400
25082,1726600
25083,1786100
25084,1766600
25085,2018900
25086,1816100
25087,1677100
25088,1759100
25089,1698200
25090,1636300
25091,1671200
25092,1710400
25093,1748500
25094,2014600
25095,1916400
25096,1808300
25097,1738600
25098,1687600
25099,1698700
25100,1695300
25101,1833900
25102,1838100
25103,1858300
25104,1863000
25105,1844100
25106,1787000
25107,1677600
25108,1698200
25109,1700400
25110,1789400
25111,1722800
25112,1705000
25113,1916000
25114,1707900
25115,1687000
25116,1752800
25117,1671100
25118,1789400
25119,1748800
25120,1723000
25121,1734800
25122,1827800
25123,1868000
25124,1747300
25125,1652800
25126,1702600
25127,1917100
25128,1842900
25129,1840000
25130,1711300
25131,1835900
25132,2070500
25133,1847800
25134,1780900
25135,1665800
25136,1953400
25137,1913100
25138,1845100
25139,1695400
25140,1790600
25141,1870100
25142,1655600
25143,1706600
25144,1905100
25145,1672900
25146,1621900
25147,1708300
25148,1638000
25149,1656200
25150,1797000
25151,1994700
25152,1653200
25153,1686700
25154,1750400
25155,1701900
25156,1707800
25157,1651200
25158,1717800
25159,1633300
25160,2122900
25161,1792600
25162,1830100
25163,1833700
25164,1762400
25165,1842400
25166,1730600
25167,1680900
25168,1674600
25169,1992300
25170,1934000
25171,1894000
25172,1714500
25173,1711200
25174,1729000
25175,1662300
25176,1610600
25177,1657200
25178,1747400
25179,1978700
25180,1860400
25181,1702300
25182,1676000
25183,1785900
25184,1799400
25185,1710100
25186,1642100
25187,1746400
25188,2050100
25189,1787700
25190,1744600
25191,1657300
25192,1793700
25193,1677500
25194,1701600
25195,1757200
25196,1697300
25197,1805100
25198,2405400
25199,1918800
25200,1794000
25201,1688000
25202,1660600
25203,1651300
25204,1777900
25205,1711700
25206,1746500
25207,2082500
25208,1752000
25209,1759700
25210,1751400
25211,1738300
25212,1675700
25213,1773200
25214,1690000
25215,1665000
25216,1986300
25217,1981600
25218,1742700
25219,1711600
25220,1710300
25221,1630000
25222,1749200
25223,1713800
25224,2012700
25225,3075100
25226,2448800
25227,2290400
25228,2037600
25229,1841300
25230,1884900
25231,1909300
25232,1862900
25233,2164900
25234,1976100
25235,1808100
25236,1709400
25237,1696900
25238,1723600
25239,1768500
25240,1761000
25241,1750800
25242,1868900
25243,1847100
25244,1676900
25245,1719200
25246,1769500
25247,1656200
25248,1874600
25249,1730300
25250,1659900
25251,1691700
25252,1887200
25253,1797900
25254,1745900
25255,1650200
25256,1754000
25257,1976000
25258,1748700
25259,1749000
25260,1737100
25261,2328300
25262,1879800
25263,1869500
25264,1796800
25265,2004400
25266,1778700
25267,1732900
25268,1709800
25269,1811200
25270,1886800
25271,1799600
25272,1767600
25273,1657200
25274,1858500
25275,1834600
25276,1658500
25277,1658600
25278,1745200
25279,1776600
25280,1902200
25281,1662100
25282,1703500
25283,1679900
25284,1897200
25285,1799900
25286,1922900
25287,1848500
25288,1806100
25289,2218000
25290,1862500
25291,1846800
25292,1798300
25293,1786200
25294,1717600
25295,1790300
25296,1772800
25297,1831500
25298,1830500
25299,1746600
25300,1739700
25301,1811100
25302,1661200
25303,1791600
25304,1746300
25305,1740500
25306,1672700
25307,1819000
25308,1935600
25309,1901000
25310,1726600
25311,1726900
25312,1744700
25313,2119900
25314,1668900
25315,1679000
25316,1845900
25317,1933600
25318,1951800
25319,1754900
25320,1808600
25321,1692900
25322,1637200
25323,1606300
25324,1764900
25325,1601000
25326,2285500
25327,2226700
25328,2513400
25329,1991900
25330,2093700
25331,1945600
25332,1736900
25333,1684400
25334,2109300
25335,1740400
25336,1720100
25337,1700600
25338,1782800
25339,1759800
25340,1749300
25341,1628300
25342,1718800
25343,2025000
25344,2013800
25345,1800300
25346,1668600
25347,1727000
25348,1793300
25349,1720200
25350,1724700
25351,1665500
25352,1869100
25353,2155600
25354,1830500
25355,1810600
25356,1745100
25357,1648000
25358,1754300
25359,1691900
25360,1625900
25361,1728900
25362,2007300
25363,1786000
25364,1751600
25365,1720800
25366,1657900
25367,1680000
25368,1656800
25369,1579900
25370,1905500
25371,2132700
25372,1876500
25373,1794300
25374,1708900
25375,1724700
25376,1721100
25377,1672900
25378,1778000
25379,1853600
25380,1740800
25381,2117800
25382,1890900
25383,1760400
25384,1773700
25385,1706100
25386,1668500
25387,1781400
25388,1777300
25389,1718300
25390,2079800
25391,1875200
25392,1783700
25393,1750500
25394,1622600
25395,1617900
25396,1813400
25397,1631200
25398,1748500
25399,1838500
25400,1825900
25401,1662700
25402,1768500
25403,1627100
25404,1937300
25405,1749600
25406,1794100
25407,1653400
25408,1836500
25409,2032800
25410,1766800
25411,1769200
25412,1689300
25413,1894000
25414,1760700
25415,1724600
25416,1766300
25417,1817000
25418,2292300
25419,1842400
25420,1724800
25421,1634200
25422,1887600
25423,1690300
25424,1729900
25425,1714700
25426,1721600
25427,1774300
25428,1837400
25429,1769200
25430,1786600
25431,1846200
25432,1660600
25433,1701900
25434,1733800
25435,1661900
25436,1766600
25437,1967300
25438,1744600
25439,1739900
25440,1841300
25441,1772300
25442,1653700
25443,1863500
25444,1723900
25445,1663300
25446,2089600
25447,1900100
25448,1729700
25449,2004900
25450,1780500
25451,1805400
25452,1692100
25453,1771700
25454,1821500
25455,1788500
25456,2011800
25457,1907200
25458,1724800
25459,1755800
25460,1729000
25461,1847900
25462,1808800
25463,1639100
25464,1778000
25465,1875600
25466,2102100
25467,2004000
25468,1773000
25469,1720900
25470,1775600
25471,1701900
25472,1605200
25473,1661700
25474,2061100
25475,1915400
25476,1736700
25477,1715200
25478,1667300
25479,1721300
25480,1693300
25481,1676400
25482,1755000
25483,1788400
25484,2032200
25485,1716700
25486,1733300
25487,1635700
25488,1779200
25489,1631900
25490,1754400
25491,1667400
25492,1650300
25493,2058100
25494,1894500
25495,1779000
25496,1709100
25497,1786800
25498,1765300
25499,1864200
25500,1746900
25501,1727500
25502,2290500
25503,1931400
25504,1806100
25505,1751800
25506,1713700
25507,1698800
25508,1627700
25509,1653800
25510,1664700
25511,2216100
25512,2285400
25513,2268800
25514,2672900
25515,2131400
25516,2037100
25517,1914000
25518,1973100
25519,2331200
25520,2119900
25521,1854400
25522,1950400
25523,1820800
25524,1981100
25525,1944500
25526,1931800
25527,2131100
25528,2222600
25529,1853400
25530,1859900
25531,1825000
25532,1860000
25533,2128200
25534,2350000
25535,2254300
25536,2250900
25537,1856800
25538,1711000
25539,1649700
25540,1682600
25541,1693300
25542,1866000
25543,1748300
25544,1826800
25545,1914200
25546,1717900
25547,1695100
25548,1737900
25549,1734700
25550,1691500
25551,1934600
25552,1742600
25553,1752400
25554,1933800
25555,1816900
25556,1702900
25557,1674500
25558,1745000
25559,2079500
25560,1957700
25561,1857800
25562,1844900
25563,2196800
25564,1877800
25565,1697000
25566,1732300
25567,1700200
25568,1968700
25569,1778200
25570,1728900
25571,1780700
25572,1989700
25573,1861400
25574,1687800
25575,1692800
25576,1952600
25577,1761500
25578,1698600
25579,1600000
25580,1783100
25581,1743600
25582,1858700
25583,1661300
25584,1697500
25585,1722600
25586,1692500
25587,1676200
25588,1635200
25589,1690100
25590,1715600
25591,1902800
25592,1753000
25593,1733600
25594,2083200
25595,1965200
25596,1820700
25597,1786500
25598,1810700
25599,1686800
25600,1765100
25601,2029200
25602,1742700
25603,1778200
25604,1657700
25605,1603700
25606,1677200
25607,1831800
25608,1632100
25609,1666600
25610,2019400
25611,2035000
25612,1776300
25613,1734600
25614,1669500
25615,1620300
25616,1763300
25617,1612800
25618,1679600
25619,1842900
25620,2151300
25621,1788900
25622,1708600
25623,1799700
25624,1654400
25625,1854100
25626,1647500
25627,1614900
25628,1906500
25629,2038100
25630,1829000
25631,1691600
25632,1752900
25633,1690500
25634,1797700
25635,1737500
25636,1718400
25637,1755600
25638,2041400
25639,1840700
25640,1736300
25641,1757900
25642,1801500
25643,1642700
25644,1689200
25645,1728000
25646,1688500
25647,2042500
25648,1950700
25649,1735200
25650,1739200
25651,1686500
25652,1729900
25653,1666300
25654,1702800
25655,1650400
25656,1676800
25657,1932600
25658,1827500
25659,1748200
25660,1685200
25661,1759700
25662,1680600
25663,1768500
25664,1760400
25665,1812100
25666,2022600
25667,1787700
25668,1736100
25669,1722400
25670,1742500
25671,1720600
25672,1592200
25673,1662000
25674,1868200
25675,1808900
25676,1900400
25677,1743100
25678,1689100
25679,1784100
25680,1705000
25681,1740400
25682,2138900
25683,1945300
25684,1755700
25685,2028400
25686,1739300
25687,1776700
25688,1694200
25689,1626500
25690,1730300
25691,1939200
25692,1798900
25693,1701300
25694,2125200
25695,1866200
25696,1744700
25697,1705700
25698,1677500
25699,1701200
25700,1804900
25701,1779600
25702,1715900
25703,1946400
25704,1857000
25705,1720700
25706,1712200
25707,1683200
25708,1635600
25709,1793500
25710,1645200
25711,1723900
25712,1625500
25713,2003600
25714,1868300
25715,1659600
25716,1668900
25717,1940800
25718,1709100
25719,1606100
25720,1687500
25721,1648400
25722,1993000
25723,2003200
25724,1755300
25725,1685000
25726,1856200
25727,1811800
25728,1679800
25729,1694700
25730,1700900
25731,1774300
25732,1897200
25733,1753700
25734,1719500
25735,1819500
25736,1728400
25737,1648700
25738,1799200
25739,1594200
25740,1735800
25741,1857100
25742,1931500
25743,1742100
25744,1943000
25745,1722000
25746,1731300
25747,1622900
25748,1768400
25749,1674900
25750,1723900
25751,1849500
25752,1774800
25753,2013300
25754,2023400
25755,1749400
25756,1669700
25757,1863300
25758,1755200
25759,1707400
25760,1824400
25761,1732900
25762,1809200
25763,1688600
25764,1663600
25765,1688300
25766,1651000
25767,1770200
25768,1681400
25769,1835900
25770,1863600
25771,1921100
25772,1731200
25773,1626600
25774,1677900
25775,1750900
25776,1658900
25777,1668500
25778,1606300
25779,1900100
25780,2275000
25781,2693800
25782,2179900
25783,2202900
25784,1904800
25785,1816400
25786,1779200
25787,2558000
25788,2095900
25789,1876100
25790,1857900
25791,1821000
25792,1781100
25793,1687900
25794,1682600
25795,1670400
25796,2029600
25797,1905800
25798,1748800
25799,1712300
25800,1631700
25801,1661200
25802,1674600
25803,1716300
25804,1766600
25805,2030800
25806,1896100
25807,1823300
25808,1718100
25809,1729800
25810,1700400
25811,1661800
25812,1665500
25813,1709400
25814,1853800
25815,2369400
25816,1849200
25817,1810700
25818,1697100
25819,1661700
25820,1717000
25821,1556800
25822,1752800
25823,1665300
25824,2043200
25825,1893700
25826,1731400
25827,1669800
25828,1616300
25829,1675400
25830,1655300
25831,1813100
25832,1695400
25833,1811600
25834,1802000
25835,1814300
25836,1684400
25837,1725300
25838,1699400
25839,1634200
25840,1957200
25841,1860000
25842,1921700
25843,1918600
25844,1766200
25845,1740300
25846,1760700
25847,1672100
25848,1685100
25849,1827200
25850,1697400
25851,1777900
25852,2141500
25853,1979200
25854,1712500
25855,1760400
25856,1709900
25857,1698000
25858,1794800
25859,1695800
25860,1695900
25861,1655200
25862,1802600
25863,1772700
25864,1721300
25865,1702300
25866,1642400
25867,1790400
25868,2279900
25869,1687000
25870,1745800
25871,1872100
25872,1721800
25873,1706000
25874,1693100
25875,1740500
25876,1893400
25877,1698300
25878,1721000
25879,1694900
25880,1846200
25881,2063300
25882,1851000
25883,1721500
25884,1829400
25885,1756100
25886,1725200
25887,1632000
25888,1773500
25889,1726600
25890,1793900
25891,1698900
25892,1758000
25893,2010900
25894,2162400
25895,2446400
25896,2061300
25897,2192800
25898,2210200
25899,1852800
25900,1732000
25901,1787200
25902,1649400
25903,1704000
25904,1728000
25905,1725800
25906,1698100
25907,1986200
25908,2073900
25909,1752300
25910,1841900
25911,1821800
25912,1720400
25913,1741300
25914,1678600
25915,1682400
25916,1705100
25917,1897600
25918,1847200
25919,1808300
25920,1704500
25921,1713000
25922,1617600
25923,1718800
25924,1717400
25925,1754300
25926,2046400
25927,2060200
25928,2128300
25929,2002300
25930,1836600
25931,1720100
25932,1769500
25933,1717100
25934,1635800
25935,1909700
25936,1879100
25937,1782800
25938,1776700
25939,1694500
25940,1657500
25941,1749500
25942,1712300
25943,1651100
25944,1804000
25945,2161900
25946,1824600
25947,1734600
25948,1686200
25949,1761700
25950,1761200
25951,1728600
25952,1668000
25953,1924700
25954,2179000
25955,1886100
25956,1745300
25957,1691900
25958,1755600
25959,1700300
25960,1687200
25961,1665600
25962,1782100
25963,1991200
25964,1846800
25965,1819700
25966,1702600
25967,1736100
25968,1681400
25969,1706200
25970,1785900
25971,1762700
25972,1958600
25973,2213000
25974,1839000
25975,1765400
25976,1657900
25977,1677700
25978,1643400
25979,1797100
25980,1752900
25981,1723600
25982,1937700
25983,1742700
25984,1649400
25985,1756300
25986,1641600
25987,1660200
25988,1923400
25989,1884600
25990,1802800
25991,2094000
25992,1794400
25993,1748000
25994,1686100
25995,1659300
25996,1787600
25997,1888400
25998,1671700
25999,1766500
26000,2091800
26001,2004700
26002,1812400
26003,1694300
26004,1751100
26005,1891700
26006,1825000
26007,1669200
26008,1702200
26009,1802500
26010,1872200
26011,1773700
26012,1759400
26013,1691000
26014,1947400
26015,1787300
26016,1844100
26017,1760100
26018,1814600
26019,1816900
26020,1726700
26021,1701700
26022,1645800
26023,1842300
26024,1806500
26025,1790200
26026,1651900
26027,1667700
26028,1727900
26029,1826100
26030,1733700
26031,1709700
26032,1753900
26033,1819800
26034,1678300
26035,1697900
26036,1725500
26037,1807700
26038,2219100
26039,1809900
26040,1733400
26041,1793100
26042,1767200
26043,1753900
26044,1788400
26045,1733500
26046,1689900
26047,2105600
26048,1802700
26049,1698800
26050,1812500
26051,1811600
26052,1675500
26053,1785300
26054,1720000
26055,1659700
26056,1927200
26057,1793800
26058,1745200
26059,1745600
26060,1718300
26061,1680800
26062,1768500
26063,1614600
26064,1647100
26065,1643300
26066,2029600
26067,1895600
26068,2066800
26069,2059700
26070,2154500
26071,2173400
26072,2077300
26073,1951500
26074,2304100
26075,2062900
26076,2100200
26077,1991400
26078,2047800
26079,2008700
26080,1907600
26081,1847800
26082,2046000
26083,2083000
26084,1992000
26085,1958100
26086,2034800
26087,2094800
26088,1900700
26089,1814300
26090,1987300
26091,2554000
26092,2041600
26093,1872700
26094,1976500
26095,1885800
26096,1950800
26097,1872000
26098,1807600
26099,2705800
26100,2192400
26101,1871700
26102,1947500
26103,1821300
26104,1954100
26105,1901100
26106,1864000
26107,2468800
26108,2094100
26109,1841600
26110,1924700
26111,1899500
26112,1868900
26113,1850100
26114,1855700
26115,2056200
26116,2609700
26117,1953900
26118,2039000
26119,1904600
26120,1840000
26121,1998300
26122,1849900
26123,1846400
26124,2610000
26125,2074800
26126,1944300
26127,1906900
26128,1922200
26129,1873200
26130,1862800
26131,1823400
26132,2105300
26133,2091800
26134,1941800
26135,1892800
26136,1810700
26137,1801200
26138,1786200
26139,1928900
26140,1912800
26141,2092500
26142,2016600
26143,1816700
26144,2393900
26145,2949200
26146,2331300
26147,2627400
26148,4569400
26149,2940900
26150,1943000
26151,1776800
26152,1895600
26153,1758200
26154,1704200
26155,1897200
26156,1759500
26157,1686100
26158,1648700
26159,1666900
26160,1701600
26161,1773200
26162,1733400
26163,1805100
26164,1731700
26165,1990400
26166,1812400
26167,1692900
26168,1650600
26169,1708700
26170,1844700
26171,1829100
26172,1683600
26173,1674800
26174,1958900
26175,1835100
26176,1726900
26177,1779500
26178,1701100
26179,1800400
26180,1842300
26181,1704800
26182,1603500
26183,1755300
26184,2262000
26185,1854500
26186,1749900
26187,1802500
26188,1782400
26189,1685900
26190,1696000
26191,1751400
26192,1743800
26193,1998500
26194,1783500
26195,1718200
26196,1712200
26197,1732500
26198,1661500
26199,1682700
26200,1660600
26201,1722700
26202,1912100
26203,2010900
26204,1724800
26205,1788500
26206,1747300
26207,1670700
26208,1626600
26209,1730800
26210,1699100
26211,1594900
26212,1741800
26213,1856800
26214,1703200
26215,1752500
26216,1691100
26217,1671800
26218,1766500
26219,1693100
26220,1677800
26221,1644500
26222,2036600
26223,1731400
26224,1960700
26225,1753700
26226,1786600
26227,1790900
26228,1668300
26229,1663600
26230,1656500
26231,1893200
26232,1760700
26233,1848900
26234,1830800
26235,1750700
26236,1777400
26237,1706300
26238,1707100
26239,1696700
26240,2018400
26241,2148600
26242,1780200
26243,1789200
26244,1692800
26245,1655800
26246,1661900
26247,1667700
26248,1711700
26249,1711400
26250,1989200
26251,1915200
26252,1915900
26253,1809900
26254,1765400
26255,1772400
26256,1814000
26257,1717300
26258,1717300
26259,1975500
26260,1979100
26261,1822500
26262,1741300
26263,1757000
26264,1734200
26265,1693800
26266,1669800
26267,1733900
26268,1889200
26269,1884300
26270,1769800
26271,1722900
26272,1676100
26273,1804600
26274,1676200
26275,1730000
26276,1663800
26277,1732400
26278,2441200
26279,1837900
26280,1777400
26281,1708900
26282,1691900
26283,1712000
26284,1732600
26285,1782500
26286,1904100
26287,2026400
26288,1857000
26289,1738100
26290,1719800
26291,1690600
26292,1657700
26293,1813000
26294,1653500
26295,1731800
26296,1994500
26297,1919100
26298,1812300
26299,1689100
26300,1605800
26301,1691300
26302,1678000
26303,1704900
26304,1831200
26305,2008900
26306,2007100
26307,1785300
26308,1775400
26309,1709400
26310,1799900
26311,1705300
26312,1633000
26313,1776500
26314,1796000
26315,2033300
26316,1780300
26317,1804600
26318,1745100
26319,1664000
26320,1695000
26321,1737900
26322,2107100
26323,2397700
26324,2168200
26325,2150200
26326,1831700
26327,1691600
26328,1723200
26329,1980200
26330,2283600
26331,1958700
26332,2102800
26333,1994400
26334,1852900
26335,1831300
26336,1821700
26337,1961400
26338,1880400
26339,1808100
26340,1781700
26341,1895900
26342,1799700
26343,1663900
26344,1582100
26345,1780300
26346,1691300
26347,1853100
26348,1796500
26349,1654900
26350,1746400
26351,1986400
26352,1769700
26353,1801400
26354,1738200
26355,1845500
26356,1694800
26357,1792100
26358,1678000
26359,1689000
26360,2045400
26361,1831800
26362,1709300
26363,1628000
26364,1658700
26365,1764400
26366,1768700
26367,1774400
26368,1639000
26369,2084300
26370,1937000
26371,1791200
26372,1716700
26373,1725500
26374,1803300
26375,1766900
26376,1667100
26377,1698400
26378,1671300
26379,1868000
26380,1754200
26381,1687500
26382,1837600
26383,1764800
26384,2952000
26385,1716600
26386,1672300
26387,1883100
26388,1832900
26389,1859300
26390,1895600
26391,1783200
26392,1773800
26393,1796600
26394,1712300
26395,1673000
26396,1883200
26397,2131500
26398,1740400
26399,1833100
26400,1739800
26401,1717800
26402,1765800
26403,1688000
26404,1735500
26405,1815700
26406,1871600
26407,1796600
26408,1914200
26409,1875700
26410,1708900
26411,1645100
26412,1665600
26413,2167600
26414,1681400
26415,1960000
26416,1801600
26417,1909400
26418,1829900
26419,1834100
26420,1690100
26421,1744300
26422,1724700
26423,1733400
26424,1908000
26425,2288700
26426,1886800
26427,1745300
26428,1791600
26429,1707700
26430,1834600
26431,1742200
26432,1745900
26433,1795500
26434,1989500
26435,1915000
26436,1731100
26437,1698400
26438,1726300
26439,1629200
26440,1824700
26441,1638900
26442,1734600
26443,2214200
26444,2134600
26445,2341200
26446,1954800
26447,2034500
26448,1857600
26449,1749600
26450,1723200
26451,2106600
26452,1846200
26453,1717300
26454,1708800
26455,1707000
26456,1743800
26457,1663700
26458,1749700
26459,1814700
26460,2238400
26461,2097900
26462,1727100
26463,1727200
26464,1705700
26465,1701500
26466,1593900
26467,1748700
26468,1913500
26469,1892100
26470,2121000
26471,1718600
26472,1728500
26473,1714800
26474,1635400
26475,1820600
26476,1679300
26477,1818000
26478,2115100
26479,2244700
26480,1930000
26481,1710300
26482,1642800
26483,1628700
26484,1788000
26485,1702100
26486,1855600
26487,1938000
26488,2122200
26489,1757500
26490,1673500
26491,1696600
26492,1724400
26493,1613700
26494,1757200
26495,1959200
26496,1815800
26497,1853000
26498,1848900
26499,1788700
26500,1649700
26501,1665600
26502,1701900
26503,1650700
26504,1870400
26505,1749400
26506,1710500
26507,2044200
26508,1774300
26509,1723600
26510,1676900
26511,1683300
26512,1694300
26513,1840900
26514,1827700
26515,1661100
26516,2144200
26517,1967600
26518,1807200
26519,1821800
26520,1694000
26521,1900400
26522,1800600
26523,1711800
26524,1683200
26525,1991100
26526,1915800
26527,1739100
26528,1630000
26529,1699000
26530,1800900
26531,1865700
26532,1622300
26533,1617800
26534,1717900
26535,1898800
26536,1803100
26537,1698300
26538,1652100
26539,1740400
26540,1780200
26541,1782900
26542,1740800
26543,1685300
26544,1904100
26545,1744500
26546,1711000
26547,1690700
26548,1852100
26549,1776300
26550,1638300
26551,1791800
26552,1723600
26553,1757200
26554,2247800
26555,1757800
26556,1788600
26557,1969000
26558,1877700
26559,1661900
26560,1789300
26561,1757800
26562,1758400
26563,1895000
26564,1770700
26565,1824400
26566,1679300
26567,1757100
26568,1689400
26569,1659900
26570,1783900
26571,1735300
26572,1833400
26573,2058400
26574,1944200
26575,1842600
26576,1651900
26577,1749100
26578,1621300
26579,1747400
26580,1738700
26581,1929300
26582,1961800
26583,1817000
26584,1848800
26585,1894500
26586,1763800
26587,1661100
26588,1772300
26589,1672200
26590,1781900
26591,2025200
26592,2052600
26593,1734600
26594,1697500
26595,1620600
26596,1694100
26597,1747000
26598,1760000
26599,1565600
26600,2036000
26601,1941600
26602,1794400
26603,1663600
26604,1704500
26605,1689400
26606,1704800
26607,1692500
26608,1689600
26609,1818900
26610,2216700
26611,1857800
26612,1722600
26613,1735300
26614,1696200
26615,1663400
26616,1845400
26617,1693600
26618,2098900
26619,2214200
26620,2222900
26621,2441300
26622,2234700
26623,2096100
26624,2068600
26625,2014300
26626,2330800
26627,2142800
26628,2052800
26629,1825900
26630,1823300
26631,1881700
26632,1953100
26633,2108600
26634,2219100
26635,2389600
26636,1918900
26637,1853200
26638,1862300
26639,1883600
26640,2058300
26641,2276500
26642,2293100
26643,2152300
26644,1781900
26645,1721800
26646,1739300
26647,1666200
26648,1639000
26649,1794800
26650,1910500
26651,1943200
26652,1869200
26653,1753000
26654,1767200
26655,1707300
26656,1707000
26657,1698700
26658,1757900
26659,1813100
26660,1710800
26661,1947200
26662,1905800
26663,1713000
26664,1654000
26665,1679800
26666,1733400
26667,1919900
26668,1824600
26669,1704300
26670,1936500
26671,1988700
26672,1747100
26673,1675500
26674,1684900
26675,1705100
26676,1915200
26677,1780600
26678,1808500
26679,1766200
26680,2075800
26681,1798100
26682,1742200
26683,1650100
26684,1715000
26685,1745800
26686,1702000
26687,1775100
26688,1736000
26689,1947000
26690,1793200
26691,1801700
26692,1701600
26693,1715600
26694,1816000
26695,1753900
26696,1772800
26697,1754200
26698,1778300
26699,1847500
26700,1793100
26701,1699800
26702,1712200
26703,2040200
26704,1881900
26705,1864700
26706,1718500
26707,1742000
26708,2027000
26709,1778400
26710,1700900
26711,1791400
26712,1749900
26713,1714400
26714,1750900
26715,1773400
26716,1648900
26717,1888700
26718,1870300
26719,1804100
26720,1842900
26721,1655200
26722,1767600
26723,1752800
26724,1745200
26725,1683400
26726,1880200
26727,1819600
26728,1676900
26729,1873000
26730,1898500
26731,1839800
26732,1736500
26733,1725700
26734,1682700
26735,1676300
26736,1896000
26737,1942900
26738,1798000
26739,1684500
26740,1688200
26741,1717500
26742,1776400
26743,1683600
26744,1649700
26745,1741000
26746,1963700
26747,1797900
26748,1720600
26749,1902400
26750,1748800
26751,1817500
26752,1694600
26753,1659800
26754,1725000
26755,2153600
26756,1868800
26757,1719700
26758,1712200
26759,1742500
26760,1720000
26761,1671700
26762,1724400
26763,1696100
26764,1782700
26765,1875300
26766,1743900
26767,1731700
26768,1663700
26769,1676800
26770,1633900
26771,1625200
26772,1655700
26773,1763800
26774,2056000
26775,1841400
26776,1789700
26777,1674500
26778,1776000
26779,1691900
26780,1765200
26781,1685400
26782,1601800
26783,2100500
26784,1858500
26785,1754100
26786,1790400
26787,1733300
26788,1676600
26789,1681400
26790,1625200
26791,1722200
26792,1973000
26793,2025200
26794,1896900
26795,1726900
26796,1704700
26797,1720900
26798,1668800
26799,1701100
26800,1766000
26801,2022100
26802,2145200
26803,1834700
26804,1716000
26805,1619500
26806,1720000
26807,1771900
26808,1682000
26809,1789800
26810,1723600
26811,2002700
26812,1869300
26813,1810200
26814,1606000
26815,1685000
26816,1606400
26817,1680400
26818,1811400
26819,1745300
26820,1800900
26821,1829100
26822,1750700
26823,1715600
26824,1660400
26825,1610100
26826,1666300
26827,1756800
26828,1833900
26829,1669200
26830,2149600
26831,1912600
26832,1683600
26833,1714800
26834,1653100
26835,1640300
26836,1870500
26837,1839400
26838,1711500
26839,1866900
26840,1881400
26841,1776000
26842,1703200
26843,1680200
26844,1727300
26845,1787200
26846,1899400
26847,1677600
26848,1785500
26849,1882100
26850,1774800
26851,1681200
26852,1777400
26853,1762200
26854,1842700
26855,1849000
26856,1806400
26857,1843600
26858,2002400
26859,1892400
26860,1791100
26861,1630800
26862,1890800
26863,1714000
26864,1734300
26865,1714200
26866,1749900
26867,1814700
26868,1925100
26869,1733100
26870,1700600
26871,1823500
26872,1657200
26873,1677400
26874,1602100
26875,1688700
26876,1687800
26877,1926500
26878,1779900
26879,1673400
26880,2059800
26881,2122200
26882,1866600
26883,2134700
26884,1828800
26885,1688900
26886,1862900
26887,1782800
26888,2023200
26889,2186400
26890,1968100
26891,1796500
26892,1876900
26893,1768400
26894,2178600
26895,2281600
26896,1988300
26897,1833100
26898,1757900
26899,1843800
26900,1794700
26901,1778300
26902,1670200
26903,1807700
26904,1901500
26905,1826400
26906,1748000
26907,1758400
26908,1781800
26909,1784400
26910,1686300
26911,1678600
26912,1721600
26913,1988100
26914,1778100
26915,1739700
26916,1754200
26917,1710500
26918,1682900
26919,1761700
26920,1694300
26921,1731300
26922,1925300
26923,2257800
26924,1910200
26925,1750300
26926,1708100
26927,1712600
26928,1656700
26929,1627000
26930,1590600
26931,1671100
26932,2249300
26933,1743300
26934,1694900
26935,1806800
26936,1731400
26937,1680000
26938,1722500
26939,1680200
26940,1761700
26941,2217300
26942,1901700
26943,1926300
26944,1839800
26945,1682100
26946,1693400
26947,1733900
26948,1713000
26949,1824000
26950,2439600
26951,1902600
26952,1879100
26953,1726200
26954,1676900
26955,1766100
26956,1713200
26957,1670200
26958,2113700
26959,1954000
26960,1795100
26961,1691400
26962,1812300
26963,1738600
26964,1704700
26965,1726100
26966,1730900
26967,2255200
26968,1939200
26969,1866900
26970,1691500
26971,1665700
26972,1645900
26973,1653000
26974,1664400
26975,1698400
26976,1754200
26977,1750100
26978,2098000
26979,1735800
26980,1703900
26981,1712200
26982,1667700
26983,1600700
26984,1897800
26985,2029900
26986,1827100
26987,2046700
26988,1719100
26989,1706100
26990,1717500
26991,1639000
26992,1716900
26993,1742600
26994,1714600
26995,1732100
26996,1865500
26997,2050100
26998,1727000
26999,1779700
27000,1667700
27001,1694200
27002,1850000
27003,1735300
27004,1643000
27005,1697800
27006,2022100
27007,1733600
27008,1679000
27009,1682700
27010,1638500
27011,2382600
27012,2245200
27013,2504000
27014,2440600
27015,2110200
27016,1859000
27017,1727300
27018,1840100
27019,1878200
27020,1675600
27021,1736300
27022,1729700
27023,1993000
27024,1747300
27025,1747700
27026,1719000
27027,1866400
27028,1860800
27029,1685800
27030,1719300
27031,1723100
27032,1690800
27033,1828200
27034,1725400
27035,1726200
27036,1744400
27037,2147800
27038,2073400
27039,1784900
27040,1758900
27041,1757200
27042,1938500
27043,1714900
27044,1680200
27045,2031700
27046,1886300
27047,1706400
27048,1857800
27049,1670800
27050,1795000
27051,1856700
27052,1795700
27053,1656300
27054,1794100
27055,1738300
27056,1699300
27057,1938500
27058,1652900
27059,1719500
27060,1991900
27061,1782300
27062,1882000
27063,1708200
27064,1683400
27065,1678400
27066,1728300
27067,1733100
27068,1786500
27069,1659700
27070,1985100
27071,1950600
27072,1761500
27073,1700900
27074,1687600
27075,1715900
27076,1631600
27077,1688400
27078,1754100
27079,2112100
27080,2281300
27081,1899700
27082,1741800
27083,1697600
27084,1780200
27085,1617400
27086,1638100
27087,1715400
27088,1951400
27089,1884900
27090,1802500
27091,1762800
27092,1687200
27093,1767000
27094,1734600
27095,1701400
27096,1697100
27097,1950000
27098,1921600
27099,1842100
27100,1703900
27101,1720600
27102,1729300
27103,1773200
27104,1711600
27105,1636200
27106,1833700
27107,2235100
27108,1873300
27109,1703600
27110,1820200
27111,1703500
27112,1680000
27113,1664400
27114,1809800
27115,1787100
27116,1906000
27117,1755700
27118,1713200
27119,1703200
27120,1709400
27121,1688200
27122,1699700
27123,1716400
27124,1744500
27125,1807800
27126,1818600
27127,1712000
27128,1784300
27129,1738400
27130,1759800
27131,1713400
27132,1798300
27133,1857600
27134,1810700
27135,1857300
27136,1760400
27137,1739800
27138,1621800
27139,1670400
27140,1673800
27141,1653500
27142,2162900
27143,1811200
27144,1912800
27145,2044500
27146,1785400
27147,1667400
27148,1746300
27149,1782000
27150,1778300
27151,1856800
27152,1672900
27153,1766300
27154,1873300
27155,1795500
27156,1662200
27157,1690800
27158,1669700
27159,1823800
27160,1883800
27161,1770100
27162,1800300
27163,1987800
27164,1792900
27165,1722200
27166,1782200
27167,1973600
27168,1720700
27169,1708000
27170,1713300
27171,1735100
27172,2112500
27173,1939800
27174,1743500
27175,1791600
27176,1792600
27177,2017500
27178,2115900
27179,2301100
27180,2421000
27181,2408700
27182,2004000
27183,2094500
27184,1993700
27185,1939500
27186,1917300
27187,1989100
27188,1925100
27189,2232700
27190,1993900
27191,2295800
27192,1938200
27193,1928600
27194,1855200
27195,2092400
27196,1888900
27197,2433600
27198,2029700
27199,2103000
27200,1977900
27201,1878900
27202,1908100
27203,2071700
27204,1944100
27205,2210300
27206,1917900
27207,2153100
27208,2038500
27209,1964600
27210,1865300
27211,2065300
27212,1980900
27213,2027900
27214,2214300
27215,2048300
27216,1872000
27217,1983700
27218,1866200
27219,1875100
27220,1865100
27221,2032600
27222,2514500
27223,2226600
27224,2060000
27225,1900700
27226,1918100
27227,1865400
27228,1923700
27229,2047100
27230,2755100
27231,2018900
27232,1968900
27233,1855900
27234,1930100
27235,2060700
27236,1936300
27237,2032300
27238,2113000
27239,1961100
27240,1857300
27241,1894000
27242,1829400
27243,1964800
27244,1926300
27245,2063300
27246,2167400
27247,2173500
27248,1943100
27249,1870000
27250,1774400
27251,2523500
27252,3212400
27253,2184500
27254,3645700
27255,4013700
27256,2681600
27257,1905300
27258,1831500
27259,1725000
27260,1737100
27261,1772400
27262,1710700
27263,1698700
27264,1728300
27265,1790400
27266,1678300
27267,1798200
27268,1707800
27269,1697400
27270,1931600
27271,1737600
27272,1674200
27273,1693900
27274,1720300
27275,1676000
27276,1903000
27277,1740900
27278,1690000
27279,1987400
27280,2100100
27281,1787000
27282,1691800
27283,1682400
27284,1828000
27285,1667300
27286,1656600
27287,1626200
27288,1833800
27289,1996300
27290,1781600
27291,1776700
27292,1712200
27293,1782300
27294,1835700
27295,1844000
27296,1646100
27297,1696600
27298,1915200
27299,1800400
27300,1827100
27301,1648800
27302,1825600
27303,1763800
27304,1637100
27305,1724200
27306,1649500
27307,1726100
27308,1841500
27309,1777800
27310,1745200
27311,1876200
27312,1804400
27313,1800000
27314,1731600
27315,1667700
27316,1749100
27317,1829900
27318,1772500
27319,1827500
27320,2020700
27321,1822700
27322,1790500
27323,1800200
27324,1838000
27325,1758500
27326,2032000
27327,1877300
27328,1874400
27329,1803100
27330,1735300
27331,1787800
27332,1842200
27333,1766400
27334,1712700
27335,1701700
27336,2201500
27337,1776200
27338,1751400
27339,1703200
27340,1706300
27341,1724500
27342,1708000
27343,1728700
27344,1781900
27345,2137600
27346,1765500
27347,1832900
27348,1766200
27349,1745200
27350,1666400
27351,1802800
27352,1589900
27353,1577900
27354,1842500
27355,2017100
27356,1784200
27357,1730100
27358,1659800
27359,1682100
27360,1799800
27361,1759500
27362,1655100
27363,1778100
27364,1942400
27365,1875600
27366,1778500
27367,1690800
27368,1688800
27369,1793600
27370,1801200
27371,1666200
27372,1906700
27373,2264300
27374,1854400
27375,1712600
27376,1759300
27377,1868600
27378,1667700
27379,1696300
27380,1805200
27381,1927200
27382,1954300
27383,1794700
27384,1813600
27385,1775000
27386,1758600
27387,1650100
27388,1683800
27389,1769700
27390,1756200
27391,1975200
27392,1876700
27393,1719300
27394,1655600
27395,1759300
27396,1745500
27397,1626600
27398,1794100
27399,1730300
27400,1747000
27401,1976300
27402,1790600
27403,1625900
27404,1771900
27405,1668500
27406,1700500
27407,1912000
27408,1812900
27409,1749200
27410,1968800
27411,1841600
27412,1779400
27413,1728300
27414,1617500
27415,2059300
27416,2016000
27417,2089500
27418,2087000
27419,2190700
27420,1826700
27421,1698000
27422,1607500
27423,1670500
27424,1932200
27425,1864700
27426,1693900
27427,1728800
27428,1805500
27429,1825800
27430,1699000
27431,1652300
27432,1782900
27433,2257600
27434,2255200
27435,1792000
27436,1862800
27437,2321700
27438,1818100
27439,1747100
27440,1788100
27441,2004800
27442,1809000
27443,1848900
27444,1922300
27445,1850000
27446,1820900
27447,1783700
27448,1685000
27449,1687300
27450,1816200
27451,1689600
27452,1790500
27453,1686100
27454,1679500
27455,2067900
27456,1795100
27457,1739700
27458,1731200
27459,1812000
27460,1687000
27461,1667300
27462,1663500
27463,1702500
27464,1715600
27465,2160900
27466,1840800
27467,1795200
27468,1761500
27469,1727900
27470,1725400
27471,1826300
27472,1775400
27473,1669300
27474,1842100
27475,1776000
27476,1833900
27477,1824600
27478,1671400
27479,1673000
27480,1863200
27481,1751000
27482,1730200
27483,1834000
27484,1838900
27485,1790700
27486,1756900
27487,1685300
27488,1723000
27489,1797300
27490,1774300
27491,1680900
27492,1610700
27493,1940700
27494,1963800
27495,1797900
27496,1796100
27497,1759200
27498,1780200
27499,1879900
27500,1656500
27501,1667700
27502,2111400
27503,2188900
27504,1732800
27505,1773400
27506,1703700
27507,1745400
27508,1812900
27509,1656600
27510,1640400
27511,2390500
27512,2014300
27513,1707900
27514,1675300
27515,1652700
27516,1629300
27517,1669000
27518,1746700
27519,1712500
27520,1766900
27521,2053700
27522,1819000
27523,1668700
27524,1678500
27525,1759800
27526,1738000
27527,1686400
27528,1702700
27529,1773800
27530,2161000
27531,1905500
27532,1674100
27533,1757400
27534,1620100
27535,1730000
27536,1701300
27537,1824200
27538,1688900
27539,1735600
27540,1803800
27541,1737800
27542,1661900
27543,1684300
27544,1746200
27545,1710800
27546,1681800
27547,1780600
27548,1706800
27549,1968900
27550,1726100
27551,1706000
27552,1723700
27553,1773800
27554,1687500
27555,1735900
27556,1842900
27557,1719300
27558,1752000
27559,2048600
27560,1715300
27561,1719400
27562,1658100
27563,1718200
27564,1705300
27565,2251700
27566,2173400
27567,2780600
27568,2308700
27569,2029700
27570,1744700
27571,1756900
27572,1918400
27573,1770100
27574,1718600
27575,1689100
27576,1922500
27577,1808900
27578,1645600
27579,1674700
27580,1643000
27581,1645600
27582,1896700
27583,1748000
27584,1724700
27585,1662000
27586,1858100
27587,1685900
27588,1648800
27589,1759400
27590,1651700
27591,2094800
27592,1993200
27593,1826400
27594,1772900
27595,2201700
27596,1869700
27597,1690500
27598,1715400
27599,1851100
27600,1724900
27601,1780600
27602,1720300
27603,1761400
27604,1913300
27605,1784600
27606,1623900
27607,1671900
27608,1815700
27609,1750700
27610,1738600
27611,1687100
27612,1675700
27613,1927800
27614,2038900
27615,1791400
27616,1700300
27617,1868300
27618,1735500
27619,1677500
27620,1710900
27621,1753800
27622,1734100
27623,2090800
27624,1943000
27625,1782400
27626,1855800
27627,1739800
27628,1689000
27629,1778800
27630,1711600
27631,1634300
27632,1947600
27633,1774400
27634,1779800
27635,1714600
27636,1695500
27637,1653600
27638,1725100
27639,1737000
27640,1651100
27641,1946600
27642,1942700
27643,1800100
27644,1822800
27645,1679500
27646,1632000
27647,1703600
27648,1885800
27649,1727800
27650,1659600
27651,1867800
27652,1723100
27653,1799500
27654,1685700
27655,1653900
27656,1673600
27657,1729400
27658,1737300
27659,1688400
27660,1800700
27661,1998200
27662,2016300
27663,1753700
27664,1770100
27665,1704800
27666,1725900
27667,1699800
27668,1668900
27669,1644000
27670,2141300
27671,1813300
27672,1708900
27673,1634100
27674,1741900
27675,1766800
27676,1675100
27677,1767900
27678,1670600
27679,2351000
27680,2015400
27681,1718000
27682,1769000
27683,1652800
27684,1749800
27685,1771500
27686,1669100
27687,1628300
27688,1971000
27689,2090100
27690,1805900
27691,1732800
27692,1758900
27693,1702400
27694,1725500
27695,1761800
27696,1659600
27697,1826900
27698,1928700
27699,1735800
27700,1640000
27701,1790500
27702,1689800
27703,1641500
27704,1605000
27705,1778100
27706,1976900
27707,1953200
27708,1924300
27709,1791300
27710,1687700
27711,1716000
27712,1603100
27713,1722900
27714,1710600
27715,1922600
27716,1978100
27717,2063500
27718,1759700
27719,1847000
27720,1776300
27721,1721000
27722,1735300
27723,1933700
27724,2152500
27725,2393600
27726,2644100
27727,2405600
27728,2100400
27729,1986700
27730,2157000
27731,1966100
27732,1958500
27733,2379200
27734,1910200
27735,1927700
27736,1928500
27737,1889700
27738,1991500
27739,2149800
27740,1922500
27741,2089300
27742,2225300
27743,1941900
27744,1926400
27745,2199800
27746,2218700
27747,1933500
27748,1870900
27749,1840100
27750,1750100
27751,1814500
27752,1659400
27753,1734300
27754,2002600
27755,1783800
27756,1677700
27757,1643400
27758,1688800
27759,1892800
27760,1820800
27761,1741100
27762,1672200
27763,1796000
27764,1713800
27765,1620000
27766,1709700
27767,1725300
27768,1721000
27769,1942200
27770,1745300
27771,1679500
27772,2033700
27773,1852300
27774,1715200
27775,1799900
27776,1695200
27777,1724600
27778,2092600
27779,1792000
27780,1752900
27781,1817900
27782,1780900
27783,1667000
27784,1634300
27785,1727700
27786,1686700
27787,1953900
27788,1801500
27789,1679200
27790,1825300
27791,1726700
27792,1715300
27793,1636700
27794,1604600
27795,1793600
27796,1954400
27797,1896000
27798,1845400
27799,1852400
27800,1768000
27801,1732600
27802,1671800
27803,1652900
27804,1736200
27805,1751300
27806,2059300
27807,1774000
27808,1993100
27809,1789200
27810,1766800
27811,1669000
27812,1743000
27813,1832900
27814,1703700
27815,1942900
27816,1923300
27817,1794100
27818,1778500
27819,1722800
27820,1612500
27821,1689500
27822,1592700
27823,1680200
27824,1861200
27825,1850200
27826,1920400
27827,1748200
27828,1681500
27829,1700600
27830,1691700
27831,1719000
27832,1739400
27833,1724300
27834,2178200
27835,2154700
27836,1819200
27837,1739600
27838,1831600
27839,1719900
27840,1640600
27841,1625300
27842,1726300
27843,2023700
27844,1816000
27845,1717800
27846,1677900
27847,1724800
27848,1759500
27849,1714100
27850,1638500
27851,1678700
27852,1813000
27853,2091900
27854,1774500
27855,1772000
27856,1788800
27857,1643500
27858,1658100
27859,1762200
27860,1582600
27861,1896700
27862,1997700
27863,1770700
27864,1750600
27865,1713300
27866,1667700
27867,1648100
27868,1694800
27869,1673700
27870,1823400
27871,1778600
27872,1927300
27873,1760600
27874,1721100
27875,1776800
27876,1747900
27877,1760500
27878,1725100
27879,1809800
27880,1791200
27881,1830200
27882,1802000
27883,1727400
27884,1702000
27885,1631800
27886,1651000
27887,1694600
27888,1916300
27889,1765700
27890,1819500
27891,1972500
27892,1785600
27893,1645200
27894,1671900
27895,1693300
27896,1733400
27897,2129400
27898,1890800
27899,1760400
27900,2007000
27901,1752000
27902,1723400
27903,1709700
27904,1701900
27905,1766700
27906,1673500
27907,1656400
27908,1715600
27909,2042100
27910,2019200
27911,1755300
27912,1728100
27913,1661000
27914,1751100
27915,1759700
27916,1769800
27917,1614600
27918,1700500
27919,2048600
27920,1755800
27921,1696800
27922,1694500
27923,1788000
27924,1753700
27925,1665100
27926,1705500
27927,1716900
27928,2062300
27929,1867800
27930,1714300
27931,1625700
27932,1796600
27933,1804800
27934,1759100
27935,1686100
27936,1609100
27937,2101400
27938,2059800
27939,1773400
27940,1732100
27941,1751400
27942,1701800
27943,1728400
27944,1713300
27945,1739200
27946,1810200
27947,1806500
27948,1816400
27949,1774000
27950,1967300
27951,1761700
27952,1683600
27953,1754000
27954,1747700
27955,1724600
27956,1951000
27957,1809700
27958,1709400
27959,1670300
27960,1723300
27961,1669400
27962,1627400
27963,1716100
27964,1719400
27965,1741400
27966,2085800
27967,1815200
27968,1784300
27969,1696200
27970,1613400
27971,1649900
27972,1742100
27973,1721200
27974,1611500
27975,1801200
27976,1868600
27977,2156700
27978,2157800
27979,1981700
27980,2179800
27981,2014500
27982,1723300
27983,1788700
27984,1890400
27985,2071100
27986,1894200
27987,1758500
27988,1796200
27989,1692400
27990,1652100
27991,1906100
27992,1806900
27993,1768600
27994,2049100
27995,2122300
27996,1830300
27997,1883900
27998,1778700
27999,1746000
28000,1805700
28001,1760600
28002,2137700
28003,1937500
28004,1749900
28005,1759500
28006,1767200
28007,1649000
28008,1752300
28009,1658900
28010,1695400
28011,1897500
28012,1911600
28013,1786000
28014,1741400
28015,1790300
28016,1636700
28017,1713200
28018,1779900
28019,1753600
28020,1833900
28021,2250400
28022,1869000
28023,1738300
28024,1699200
28025,1659000
28026,1613100
28027,1726800
28028,1722700
28029,1952000
28030,2124500
28031,1877300
28032,1732900
28033,1717900
28034,1822100
28035,1670000
28036,1682400
28037,1748400
28038,1968200
28039,2540900
28040,2078300
28041,1867200
28042,1817300
28043,1712600
28044,1813000
28045,1667500
28046,1855400
28047,1890600
28048,2062300
28049,1895600
28050,1866500
28051,1920600
28052,1899500
28053,1854700
28054,1866800
28055,1931600
28056,2312400
28057,2026300
28058,1893400
28059,1871600
28060,1886100
28061,1972800
28062,1957100
28063,1886600
28064,1951700
28065,2421800
28066,1807300
28067,1732400
28068,1807600
28069,1756800
28070,2056400
28071,1955900
28072,1871100
28073,1800300
28074,1931600
28075,1845600
28076,1773300
28077,1704100
28078,1684000
28079,1905800
28080,1835000
28081,1788500
28082,1902700
28083,1848600
28084,1926200
28085,1731800
28086,1949500
28087,2124100
28088,2028100
28089,1970200
28090,1778000
28091,1877300
28092,1941800
28093,1793200
28094,1808800
28095,1737600
28096,1906300
28097,1836200
28098,1771700
28099,1813200
28100,2004000
28101,1960400
28102,1861600
28103,1756100
28104,2029200
28105,1883000
28106,1788700
28107,1752000
28108,1835900
28109,1980300
28110,1954300
28111,1778500
28112,1772800
28113,2178500
28114,1885200
28115,1691400
28116,1815800
28117,1691600
28118,2039500
28119,1980900
28120,1774100
28121,1998100
28122,2260900
28123,2505800
28124,2256600
28125,2049900
28126,2026900
28127,1904300
28128,1841700
28129,2052800
28130,1805200
28131,1744300
28132,1762400
28133,1752200
28134,1823300
28135,2195400
28136,1857300
28137,2003300
28138,1850600
28139,1759600
28140,1826600
28141,1808400
28142,1716500
28143,1673700
28144,2170300
28145,1862300
28146,2082200
28147,1964300
28148,1730200
28149,1744500
28150,1753800
28151,1707000
28152,1682900
28153,1864400
28154,2242700
28155,2039200
28156,2147100
28157,2046500
28158,1841800
28159,1778100
28160,1761700
28161,1893300
28162,1942800
28163,1922100
28164,2042400
28165,1886700
28166,1752300
28167,1777900
28168,2012800
28169,2116200
28170,2318300
28171,2832200
28172,2010700
28173,1888700
28174,1935000
28175,1955600
28176,1964200
28177,1982000
28178,2412500
28179,1891500
28180,1783700
28181,1827000
28182,1745100
28183,1787600
28184,1805100
28185,1749900
28186,1728900
28187,2148100
28188,1815000
28189,1820300
28190,1758300
28191,1738700
28192,1794700
28193,1841000
28194,1749500
28195,1894900
28196,1877200
28197,1809300
28198,1779400
28199,1854700
28200,1712600
28201,1744800
28202,1785500
28203,1704000
28204,1959600
28205,2330400
28206,1960000
28207,1753900
28208,1720100
28209,1718800
28210,1833300
28211,1839600
28212,1746400
28213,1936600
28214,2102500
28215,2005800
28216,1800600
28217,1805400
28218,1711300
28219,1773900
28220,1729400
28221,1876400
28222,1888600
28223,1998200
28224,1821500
28225,1736300
28226,1744400
28227,1696400
28228,1853200
28229,1959500
28230,1973000
28231,1733300
28232,2005200
28233,1902700
28234,1760600
28235,1738400
28236,1793100
28237,1711100
28238,1866800
28239,1880000
28240,1765000
28241,1836200
28242,1975700
28243,1749900
28244,1696800
28245,1755600
28246,1683200
28247,1847700
28248,1778500
28249,1786700
28250,1747900
28251,2051700
28252,1900300
28253,1806000
28254,1733700
28255,1953000
28256,1701500
28257,1846000
28258,1689100
28259,1887300
28260,1861900
28261,1784500
28262,1790200
28263,1812700
28264,2247000
28265,2015600
28266,1945100
28267,1716600
28268,1778400
28269,2089100
28270,1796400
28271,1762800
28272,2035300
28273,2092000
28274,2218500
28275,2219100
28276,2390500
28277,2229100
28278,2121300
28279,2199800
28280,2062000
28281,2039400
28282,1942900
28283,1981500
28284,2134600
28285,2243300
28286,2350700
28287,2139200
28288,2025000
28289,2037300
28290,2073700
28291,2104200
28292,2271500
28293,2071800
28294,2048400
28295,2099000
28296,2060900
28297,1969800
28298,1873200
28299,1999300
28300,2102600
28301,2082700
28302,2449200
28303,2078100
28304,2171200
28305,1899800
28306,2036500
28307,2012500
28308,2146700
28309,2454300
28310,2069700
28311,1927800
28312,1924100
28313,2004200
28314,1992700
28315,1899400
28316,1939000
28317,2503700
28318,2124500
28319,1975400
28320,1893000
28321,1989000
28322,1923100
28323,2097100
28324,2204400
28325,2536100
28326,2024100
28327,1937800
28328,1894000
28329,1873400
28330,1952800
28331,1994800
28332,2512900
28333,2261800
28334,2097000
28335,1874200
28336,1919500
28337,2008000
28338,1918100
28339,2148200
28340,1943700
28341,2282900
28342,1982000
28343,2023700
28344,1948100
28345,1922700
28346,1918900
28347,2554000
28348,3764900
28349,2338000
28350,2449200
28351,3958500
28352,3293600
28353,1963100
28354,1970700
28355,2051500
28356,1767200
28357,1748900
28358,1771600
28359,1697400
28360,1905000
28361,1727600
28362,1669400
28363,1801400
28364,1854700
28365,1860400
28366,1761700
28367,1750100
28368,1669300
28369,1915200
28370,1791500
28371,1744700
28372,1797600
28373,2172600
28374,1829100
28375,1745500
28376,1717500
28377,1910900
28378,1869100
28379,1785000
28380,1773100
28381,1860000
28382,2025200
28383,1827600
28384,1771300
28385,1809100
28386,1853000
28387,1768800
28388,1752000
28389,1707400
28390,1833600
28391,2021000
28392,1864800
28393,1704800
28394,1966400
28395,1815000
28396,1775000
28397,1834400
28398,1687000
28399,1712000
28400,1794800
28401,1836600
28402,1773200
28403,1988200
28404,1805500
28405,1777100
28406,1708700
28407,1602800
28408,1741200
28409,1806000
28410,2011200
28411,1765400
28412,2040700
28413,1866900
28414,1688000
28415,1696800
28416,1774100
28417,1792900
28418,1743400
28419,1872200
28420,1773000
28421,2014700
28422,1808500
28423,1815100
28424,1776700
28425,1728200
28426,1776200
28427,1802000
28428,2004900
28429,1987400
28430,2297500
28431,1860500
28432,1776600
28433,1791300
28434,1739700
28435,1722800
28436,1764700
28437,2385000
28438,1892100
28439,1744200
28440,1727000
28441,1790200
28442,1684700
28443,1807200
28444,1684700
28445,1691900
28446,2223300
28447,1838800
28448,1772000
28449,1744600
28450,1685600
28451,1772400
28452,1698100
28453,1689800
28454,1734300
28455,2142500
28456,1996400
28457,1835100
28458,1721000
28459,1747900
28460,1723000
28461,1682700
28462,1771900
28463,1745200
28464,2239800
28465,2018800
28466,1751400
28467,1844800
28468,1759200
28469,1795200
28470,1791100
28471,1759900
28472,1949000
28473,1897100
28474,2050200
28475,1859600
28476,1723700
28477,1700200
28478,1705000
28479,1651600
28480,1769100
28481,1818300
28482,1935700
28483,1957300
28484,1789400
28485,1789000
28486,1710700
28487,1771000
28488,1737000
28489,1773700
28490,1811900
28491,1720100
28492,1893700
28493,1770300
28494,1678900
28495,1677800
28496,1720000
28497,1681500
28498,1720200
28499,2433400
28500,2561300
28501,2346300
28502,2148400
28503,2038900
28504,1786400
28505,1886300
28506,1906200
28507,1827300
28508,1746100
28509,1976500
28510,2033200
28511,1774100
28512,1825500
28513,1740700
28514,1768600
28515,1956300
28516,1831400
28517,1769400
28518,1926700
28519,1838600
28520,1790700
28521,1848600
28522,1749600
28523,1699600
28524,2343100
28525,1952700
28526,2050800
28527,2326800
28528,1883300
28529,1859700
28530,1805400
28531,2044600
28532,1855900
28533,1811300
28534,1798200
28535,1818900
28536,2125200
28537,1818400
28538,1723600
28539,1794900
28540,1920400
28541,1774100
28542,1819400
28543,1725700
28544,1950100
28545,2153900
28546,1805200
28547,1755600
28548,1785700
28549,1753300
28550,1754000
28551,1673700
28552,1729600
28553,1815600
28554,2329800
28555,1837000
28556,2020000
28557,1858500
28558,1791500
28559,1881300
28560,1687400
28561,1802100
28562,1876300
28563,1986200
28564,1762100
28565,1897800
28566,1804000
28567,1775100
28568,1765900
28569,1746700
28570,1810700
28571,1894000
28572,2142500
28573,1769100
28574,1925300
28575,1741800
28576,1685500
28577,1772400
28578,1802500
28579,1760200
28580,1799800
28581,1915300
28582,2056100
28583,2043900
28584,1906700
28585,1778200
28586,1778200
28587,1746100
28588,1783700
28589,1770700
28590,2039300
28591,2358600
28592,1777600
28593,1701400
28594,1832700
28595,1750000
28596,1821100
28597,1817300
28598,1839900
28599,2213800
28600,1853900
28601,1844100
28602,1798700
28603,1714600
28604,1712100
28605,1935600
28606,1717500
28607,1785600
28608,2068800
28609,1766100
28610,1751200
28611,1750500
28612,1666200
28613,1734200
28614,1886100
28615,1809400
28616,1735600
28617,2398800
28618,1923200
28619,1691000
28620,1744600
28621,1766700
28622,1759600
28623,1850200
28624,1801700
28625,1894200
28626,2041100
28627,1802300
28628,1695800
28629,1738800
28630,1763500
28631,1778400
28632,1660100
28633,1729900
28634,1921300
28635,2107900
28636,1855400
28637,1879200
28638,1706300
28639,1709400
28640,1679900
28641,1793000
28642,1720300
28643,1851900
28644,2433200
28645,1915900
28646,1868700
28647,1762800
28648,1836200
28649,1763100
28650,1758000
28651,1747300
28652,1823300
28653,1988900
28654,1894400
28655,1767700
28656,1713100
28657,1798400
28658,1702200
28659,1753600
28660,2052800
28661,1991300
28662,2732200
28663,2179300
28664,2159300
28665,1914600
28666,1776100
28667,1904800
28668,1717600
28669,1715100
28670,1826600
28671,1824500
28672,1750900
28673,1665800
28674,1784500
28675,1706100
28676,1884000
28677,2452900
28678,2124400
28679,1871200
28680,2071700
28681,1835200
28682,1874500
28683,1805700
28684,2063500
28685,1977800
28686,1825800
28687,1771200
28688,1935800
28689,1929400
28690,1837400
28691,1844100
28692,1813100
28693,1992700
28694,1805400
28695,1663000
28696,1715100
28697,1884800
28698,1967700
28699,1813800
28700,1751400
28701,1692900
28702,1831900
28703,1711900
28704,1685700
28705,1719400
28706,2085400
28707,2163700
28708,1810500
28709,1801400
28710,1823000
28711,1782700
28712,1703400
28713,1708800
28714,1739200
28715,1819700
28716,1823200
28717,1752400
28718,1767700
28719,1808100
28720,1766600
28721,1676000
28722,1677400
28723,1716200
28724,1792900
28725,2006900
28726,1778600
28727,1776000
28728,1794100
28729,1747700
28730,1711700
28731,1631800
28732,1618500
28733,1656000
28734,1958800
28735,1887300
28736,1802900
28737,2050600
28738,1850000
28739,1710700
28740,1691700
28741,1706800
28742,1665200
28743,1792500
28744,2137900
28745,2006100
28746,1736800
28747,1794200
28748,1773000
28749,1693200
28750,1808600
28751,1660900
28752,1978900
28753,2049100
28754,1833000
28755,1682600
28756,1701200
28757,1703200
28758,1628400
28759,1701200
28760,1683500
28761,1718800
28762,1972600
28763,2418300
28764,2137800
28765,1762100
28766,1676400
28767,1685600
28768,1735300
28769,1745200
28770,1795500
28771,2383700
28772,1870300
28773,1708600
28774,1660100
28775,1723900
28776,1706100
28777,1644200
28778,1809200
28779,1663900
28780,2096400
28781,2003700
28782,1810100
28783,1749600
28784,1827200
28785,1811600
28786,1866600
28787,1660300
28788,1760900
28789,1995400
28790,2014100
28791,1765700
28792,1751600
28793,1776800
28794,1783500
28795,1788200
28796,1724800
28797,1764900
28798,2191200
28799,2144900
28800,1817400
28801,1900200
28802,1785000
28803,1876800
28804,1987000
28805,2115000
28806,2489600
28807,2544900
28808,2788400
28809,2444500
28810,2172300
28811,2168000
28812,2195500
28813,1972200
28814,2197000
28815,1982100
28816,1875300
28817,1787900
28818,1871700
28819,2082200
28820,2303700
28821,2445100
28822,2437900
28823,1993400
28824,1948300
28825,1943600
28826,2081300
28827,2064600
28828,2045200
28829,2176400
28830,2368900
28831,1902500
28832,1746200
28833,1862800
28834,1682700
28835,1866100
28836,1849300
28837,1732300
28838,1661600
28839,1988000
28840,1748400
28841,1727600
28842,1744700
28843,1668800
28844,1828700
28845,1943200
28846,1787400
28847,1707000
28848,1937600
28849,1973300
28850,1823100
28851,1645700
28852,1682200
28853,1909400
28854,1788100
28855,1803900
28856,1726200
28857,2011800
28858,2120900
28859,1858800
28860,1717400
28861,1752700
28862,1883300
28863,1773700
28864,1787800
28865,1625100
28866,1818100
28867,1907600
28868,1741000
28869,1722600
28870,1862300
28871,1770600
28872,1704100
28873,1784300
28874,1712300
28875,1732400
28876,2074100
28877,1739900
28878,1743700
28879,1799600
28880,1715000
28881,1688900
28882,1863600
28883,1694300
28884,1681000
28885,2123300
28886,2086600
28887,1957800
28888,1805300
28889,1702300
28890,1699800
28891,1682600
28892,1715900
28893,1629100
28894,1732500
28895,1926600
28896,1909500
28897,1720900
28898,1708200
28899,1630000
28900,1645300
28901,1677400
28902,1637900
28903,1750300
28904,1941500
28905,1932400
28906,1806000
28907,1705700
28908,1670800
28909,1742000
28910,1623200
28911,1655800
28912,1684400
28913,1828900
28914,2125500
28915,1817100
28916,1734700
28917,1708800
28918,1806400
28919,1685700
28920,1814900
28921,1585000
28922,1705400
28923,2206600
28924,1887000
28925,1774400
28926,1687600
28927,1710700
28928,1725500
28929,1736500
28930,1630200
28931,1715100
28932,2067700
28933,1810500
28934,1838800
28935,1725000
28936,1642600
28937,1699400
28938,1771400
28939,1679200
28940,1703700
28941,1981800
28942,2063500
28943,1837300
28944,1680700
28945,1791600
28946,1659500
28947,1671400
28948,1702500
28949,1649700
28950,1784000
28951,1873000
28952,1764400
28953,1663200
28954,1663600
28955,1658100
28956,1721000
28957,1824900
28958,1795300
28959,1736500
28960,1763400
28961,1872900
28962,1688300
28963,1811400
28964,1616700
28965,1783900
28966,1711500
28967,2052300
28968,1730000
28969,1689900
28970,1838500
28971,1723200
28972,1707500
28973,1672800
28974,1726800
28975,1701900
28976,1646000
28977,2128800
28978,1842800
28979,1821000
28980,1869500
28981,1735500
28982,1784600
28983,1673500
28984,1904800
28985,1905400
28986,1740200
28987,1719500
28988,1714300
28989,1883800
28990,1708700
28991,1815400
28992,1677500
28993,1765000
28994,1744900
28995,1748100
28996,1736700
28997,1682000
28998,1860400
28999,1933700
29000,1749100
29001,1651400
29002,1712200
29003,1876700
29004,1854500
29005,1631100
29006,1657700
29007,1800000
29008,1874000
29009,1793600
29010,1729900
29011,1628000
29012,1915900
29013,1904300
29014,1697400
29015,1718400
29016,1694100
29017,1829100
29018,1824400
29019,1703900
29020,1662900
29021,1775700
29022,1729100
29023,1673800
29024,1699500
29025,1644000
29026,1658100
29027,1897200
29028,1782300
29029,1673500
29030,1831400
29031,1733100
29032,1735500
29033,1713300
29034,1721400
29035,1651100
29036,1811400
29037,1995200
29038,1781400
29039,1880900
29040,1628700
29041,1669300
29042,1705700
29043,1807200
29044,1835300
29045,1947400
29046,2150000
29047,2260800
29048,2271300
29049,2092600
29050,2110700
29051,1955800
29052,1741200
29053,2035100
29054,1951300
29055,2001800
29056,1791300
29057,1758800
29058,1684500
29059,1684200
29060,1677000
29061,1723200
29062,1819600
29063,1825900
29064,1858900
29065,1714200
29066,1662300
29067,1692900
29068,1768100
29069,1609300
29070,1743700
29071,1718400
29072,2001400
29073,2222400
29074,2212700
29075,1950900
29076,1881000
29077,1728400
29078,1840900
29079,1804800
29080,1760200
29081,1946200
29082,1885500
29083,1757200
29084,1779200
29085,1799500
29086,1782800
29087,1738900
29088,1748500
29089,1753400
29090,2229000
29091,1853400
29092,1789200
29093,1810600
29094,1702600
29095,1793000
29096,1721500
29097,1661100
29098,1807400
29099,2049900
29100,1829400
29101,1794300
29102,1670100
29103,1765000
29104,1638500
29105,1714900
29106,1695500
29107,1883500
29108,2059300
29109,2157600
29110,1832700
29111,1811500
29112,1739000
29113,1689900
29114,1719700
29115,1841200
29116,1759300
29117,1695300
29118,1901700
29119,1751600
29120,1737800
29121,1716500
29122,1744700
29123,1763300
29124,1848100
29125,1716500
29126,1693600
29127,1935700
29128,1805800
29129,1714400
29130,1768000
29131,1648000
29132,1617100
29133,1816800
29134,1770600
29135,1746000
29136,1807500
29137,2021800
29138,1760000
29139,2214600
29140,1670800
29141,1920200
29142,1757100
29143,1630500
29144,1613400
29145,1711400
29146,2028100
29147,1826900
29148,1786900
29149,1676000
29150,1792000
29151,1724200
29152,1592200
29153,1730600
29154,1657500
29155,1868800
29156,1865700
29157,1787500
29158,1668500
29159,1789100
29160,1852000
29161,1745300
29162,1754200
29163,1692400
29164,1713700
29165,2074200
29166,1838500
29167,2079000
29168,1845200
29169,1748500
29170,1691600
29171,1718000
29172,1626900
29173,1692900
29174,2114200
29175,1863400
29176,1718100
29177,1741700
29178,1624300
29179,1622800
29180,1723300
29181,1662800
29182,1659300
29183,1872200
29184,1942800
29185,1862000
29186,1733800
29187,1793800
29188,1748600
29189,1672200
29190,1730000
29191,1706300
29192,1773500
29193,2004300
29194,1902500
29195,1797200
29196,1706200
29197,1747700
29198,1710600
29199,1869900
29200,1688000
29201,1812100
29202,1997500
29203,1992600
29204,1740800
29205,1757800
29206,1599600
29207,1722900
29208,1753400
29209,1725600
29210,1733800
29211,1860300
29212,1933600
29213,1819700
29214,1894300
29215,1869700
29216,1819300
29217,1712600
29218,1709600
29219,1722400
29220,1720100
29221,2303700
29222,1997500
29223,2399900
29224,2097500
29225,1950900
29226,1764900
29227,1828500
29228,1853300
29229,2490200
29230,2158700
29231,1836000
29232,1732300
29233,1740000
29234,1785900
29235,1789700
29236,1648700
29237,1946900
29238,1939200
29239,1787000
29240,1771300
29241,1772500
29242,1756800
29243,1714900
29244,1693500
29245,1655700
29246,1742200
29247,1880200
29248,1850000
29249,1692400
29250,1771600
29251,1696200
29252,1728300
29253,1698600
29254,1844800
29255,1862100
29256,1767800
29257,2042700
29258,1766600
29259,1695800
29260,1660800
29261,1750800
29262,1668900
29263,2038600
29264,1888700
29265,1769000
29266,1841100
29267,1749900
29268,1736900
29269,1720100
29270,1767000
29271,1776700
29272,1772300
29273,1840700
29274,1777100
29275,1860000
29276,1865400
29277,1705700
29278,1604300
29279,1758700
29280,1761100
29281,1743900
29282,1752600
29283,1695700
29284,1832400
29285,1896600
29286,1693600
29287,1691800
29288,1686700
29289,1958000
29290,1826400
29291,1822000
29292,1738700
29293,1700900
29294,2083600
29295,1928800
29296,1726200
29297,1765000
29298,1852300
29299,1803500
29300,1715100
29301,1731200
29302,1720500
29303,1913900
29304,1857800
29305,1831500
29306,1691700
29307,1822600
29308,1736300
29309,1633500
29310,1633000
29311,1649300
29312,1696700
29313,2042900
29314,1744800
29315,1660700
29316,1901200
29317,1704000
29318,1661500
29319,1713000
29320,1647500
29321,1659400
29322,1974100
29323,2049100
29324,1793800
29325,1786500
29326,1673600
29327,1680000
29328,1804900
29329,1679600
29330,1630200
29331,1752800
29332,2067800
29333,1800100
29334,1764100
29335,1814600
29336,1677200
29337,1766300
29338,1682900
29339,1701400
29340,1636000
29341,1975300
29342,1846100
29343,1856800
29344,1806400
29345,1752900
29346,1640800
29347,1648000
29348,1654100
29349,1620500
29350,1719200
29351,1845700
29352,1965300
29353,1834900
29354,1698300
29355,1663800
29356,1670900
29357,1701900
29358,1626200
29359,1706400
29360,2159000
29361,1965000
29362,1986400
29363,2217000
29364,2334500
29365,2029300
29366,2072100
29367,1942000
29368,2108100
29369,2193800
29370,1984900
29371,1837300
29372,1950100
29373,1919800
29374,2022700
29375,1886100
29376,2122200
29377,2268100
29378,2057500
29379,1954200
29380,2106900
29381,1992500
29382,1979600
29383,1920100
29384,2441100
29385,2467700
29386,2001000
29387,1948100
29388,1968600
29389,2084100
29390,1861800
29391,1893600
29392,2447200
29393,2257600
29394,2031900
29395,1923500
29396,2012700
29397,1999600
29398,1962700
29399,1971500
29400,2024600
29401,2243100
29402,2007900
29403,1896800
29404,1913800
29405,2039100
29406,1823600
29407,2016300
29408,2205400
29409,2514700
29410,2130300
29411,1905600
29412,1925000
29413,2096600
29414,1968100
29415,2007900
29416,1954900
29417,2321500
29418,1971500
29419,1840300
29420,1875900
29421,1985400
29422,1911700
29423,2054000
29424,1852600
29425,2021700
29426,2116500
29427,1894200
29428,1943300
29429,1951900
29430,1807600
29431,2171600
29432,1933700
29433,1907500
29434,2279500
29435,2099700
29436,2325400
29437,2817200
29438,2235900
29439,3641200
29440,4377300
29441,2493800
29442,1873600
29443,1699500
29444,1771400
29445,1717600
29446,1673500
29447,1704800
29448,1811600
29449,1826400
29450,1744700
29451,1692200
29452,1762200
29453,1763000
29454,1738300
29455,1646500
29456,1687100
29457,1875400
29458,1970700
29459,1753800
29460,1780700
29461,1786600
29462,1804500
29463,1731500
29464,1643600
29465,1669600
29466,1694000
29467,2000000
29468,1858300
29469,1854200
29470,1992900
29471,1706600
29472,1742100
29473,1773900
29474,1659000
29475,1663600
29476,1774800
29477,2023100
29478,1700900
29479,1929200
29480,1716500
29481,1752900
29482,1673500
29483,1707300
29484,1786100
29485,1890600
29486,2002100
29487,1916500
29488,1902400
29489,1809200
29490,1813400
29491,1802100
29492,1771400
29493,1924700
29494,2024900
29495,2128200
29496,2117000
29497,2035400
29498,1966200
29499,1875700
29500,1990700
29501,1873600
29502,1917400
29503,2039700
29504,1938400
29505,1738400
29506,1714300
29507,1620700
29508,1652300
29509,1763200
29510,1797900
29511,1692900
29512,1986100
29513,2009600
29514,1877700
29515,1778700
29516,1978200
29517,1862800
29518,1899100
29519,1972200
29520,2102000
29521,2381200
29522,1909300
29523,1881700
29524,1806600
29525,2066900
29526,2017200
29527,1881600
29528,1948400
29529,2537800
29530,2076800
29531,2037200
29532,1907600
29533,1992000
29534,2048800
29535,2176900
29536,1974400
29537,2297800
29538,2143600
29539,2057300
29540,2122600
29541,1934300
29542,2048800
29543,2212300
29544,1998700
29545,2072400
29546,2023100
29547,1869800
29548,1940900
29549,1922300
29550,1900100
29551,2203200
29552,1937500
29553,2232600
29554,2189000
29555,2063400
29556,1919600
29557,2021700
29558,1958000
29559,1990800
29560,1837900
29561,1928400
29562,2170600
29563,1948500
29564,1833600
29565,1871900
29566,2211400
29567,2045300
29568,1942600
29569,1839800
29570,2105400
29571,2086000
29572,2168400
29573,2010200
29574,3130000
29575,2238300
29576,2094200
29577,2452000
29578,2125800
29579,1925700
29580,1738400
29581,2397100
29582,2270700
29583,2050400
29584,2109500
29585,2438000
29586,2397300
29587,1794100
29588,2007500
29589,1912400
29590,1810700
29591,1794500
29592,1732000
29593,1889700
29594,2032900
29595,1871700
29596,2009200
29597,2014200
29598,2151500
29599,1926700
29600,2048500
29601,1879900
29602,1961200
29603,2080300
29604,2317600
29605,2559300
29606,1950300
29607,1834100
29608,1866200
29609,1758300
29610,2152300
29611,2052600
29612,1877500
29613,1846900
29614,1781600
29615,1736800
29616,1884000
29617,1684500
29618,1684500
29619,1844000
29620,2126600
29621,1873500
29622,1722900
29623,1668200
29624,1669600
29625,1734300
29626,1669300
29627,1626200
29628,1852900
29629,1988400
29630,1881700
29631,1781000
29632,1762800
29633,1679200
29634,1685700
29635,1689300
29636,1703900
29637,1712900
29638,2361800
29639,1991600
29640,1827200
29641,1695600
29642,1682800
29643,1735000
29644,1729500
29645,1661800
29646,1686800
29647,2064300
29648,2121800
29649,1766400
29650,1773500
29651,1708600
29652,1772200
29653,1725900
29654,1753300
29655,1922700
29656,2052600
29657,2027900
29658,1726800
29659,1811500
29660,1675800
29661,1643700
29662,1819300
29663,1707700
29664,1871000
29665,1901900
29666,1776300
29667,1833800
29668,2186100
29669,1772500
29670,1758800
29671,1697400
29672,1960500
29673,1987600
29674,1911300
29675,1882600
29676,1764500
29677,1677900
29678,1759300
29679,1782000
29680,2105600
29681,1766100
29682,1699000
29683,1878500
29684,1990500
29685,1709300
29686,1634700
29687,1790700
29688,1675200
29689,1899800
29690,1890300
29691,1772500
29692,1699100
29693,1878600
29694,1813700
29695,1727200
29696,1669300
29697,1695800
29698,1850200
29699,1731600
29700,1751000
29701,1697300
29702,1925700
29703,1896100
29704,1778600
29705,1696700
29706,1721200
29707,1911100
29708,1715100
29709,1691100
29710,1648200
29711,1698300
29712,1784400
29713,1855400
29714,1663300
29715,1714200
29716,1850900
29717,1776200
29718,1718900
29719,1797700
29720,1695100
29721,2069700
29722,1806300
29723,1653100
29724,1727900
29725,1853500
29726,1777400
29727,1746600
29728,1722900
29729,1585300
29730,1725800
29731,2141300
29732,1795500
29733,1826900
29734,1823700
29735,1687300
29736,1742400
29737,1866200
29738,1670500
29739,1984200
29740,1867000
29741,1799700
29742,1807500
29743,1771500
29744,1672100
29745,1755000
29746,1720700
29747,1701300
29748,1695200
29749,1824200
29750,1979100
29751,1848900
29752,1814500
29753,1686900
29754,1728000
29755,1718800
29756,1729000
29757,1739100
29758,1841400
29759,1846000
29760,2181000
29761,2000100
29762,2385000
29763,2066500
29764,1935300
29765,1852900
29766,1708600
29767,2205400
29768,2498100
29769,2096400
29770,1757600
29771,1725500
29772,1730400
29773,1795400
29774,1698400
29775,1800000
29776,1996400
29777,2046900
29778,1717100
29779,1686300
29780,1724500
29781,1711400
29782,1779800
29783,1672200
29784,1717700
29785,2071400
29786,1853800
29787,1732000
29788,1713200
29789,1645800
29790,1654000
29791,1835100
29792,1748300
29793,1832400
29794,2107500
29795,2001000
29796,1783500
29797,1742700
29798,1705400
29799,1753700
29800,1727500
29801,1658400
29802,1811400
29803,1888000
29804,1873300
29805,1797200
29806,1689800
29807,1665600
29808,1744300
29809,1709300
29810,1693100
29811,1854000
29812,1816400
29813,2046600
29814,1792100
29815,1770100
29816,1786000
29817,1749900
29818,1662500
29819,2094500
29820,1861300
29821,1786500
29822,2230900
29823,1817000
29824,1745600
29825,1739500
29826,1725900
29827,1692100
29828,1853000
29829,1801900
29830,1689600
29831,2076900
29832,1780900
29833,1790200
29834,1734200
29835,1654000
29836,1688200
29837,1799400
29838,1695500
29839,1709700
29840,1801800
29841,1852900
29842,1710600
29843,1750200
29844,1647500
29845,1697300
29846,1778000
29847,1789300
29848,1867800
29849,1842900
29850,1970700
29851,1841900
29852,1706500
29853,1702000
29854,1604300
29855,2030700
29856,1886100
29857,1716900
29858,1700700
29859,1860400
29860,1817700
29861,1695100
29862,1672300
29863,1741900
29864,1745700
29865,1858600
29866,1670000
29867,1620800
29868,1782800
29869,1896000
29870,1865000
29871,1764300
29872,1726200
29873,1759000
29874,1742600
29875,1879800
29876,1717500
29877,1655700
29878,1900100
29879,1847000
29880,1753300
29881,1881400
29882,1811300
29883,1704200
29884,1651900
29885,1683800
29886,1683600
29887,1865700
29888,2272200
29889,1770100
29890,1954300
29891,2180300
29892,2150300
29893,2571900
29894,2192700
29895,2251700
29896,2348000
29897,2087300
29898,2023800
29899,2051400
29900,1938500
29901,1850600
29902,1831100
29903,2150100
29904,2038200
29905,1948700
29906,2130400
29907,2041400
29908,1868800
29909,1940400
29910,1852300
29911,2038300
29912,2533800
29913,2162000
29914,2020000
29915,1811500
29916,1728400
29917,1759400
29918,1698300
29919,1721700
29920,1804600
29921,2263900
29922,2110400
29923,1733300
29924,1783600
29925,1656100
29926,1701800
29927,1719200
29928,1639600
29929,1765600
29930,1995100
29931,1879300
29932,1755100
29933,1645100
29934,1645400
29935,1653800
29936,1634400
29937,1677600
29938,1718800
29939,2018900
29940,2073200
29941,1736400
29942,1697400
29943,1710300
29944,1652400
29945,1680100
29946,1710000
29947,1692400
29948,1973000
29949,2164600
29950,1813900
29951,1732400
29952,1726300
29953,1672400
29954,1687900
29955,1779100
29956,1623000
29957,1831400
29958,2013300
29959,1799200
29960,1726700
29961,1562400
29962,1607700
29963,1740500
29964,1701700
29965,1682900
29966,1879900
29967,1949700
29968,2022600
29969,1734400
29970,1720400
29971,1668100
29972,1744700
29973,1628400
29974,1706200
29975,1724400
29976,1962900
29977,2127900
29978,1800500
29979,1734500
29980,1712800
29981,1735200
29982,1665700
29983,1803500
29984,1959300
29985,1796700
29986,1988600
29987,1842900
29988,1727700
29989,1719500
29990,1697000
29991,1710700
29992,1759700
29993,1830200
29994,1733100
29995,1915000
29996,1752900
29997,1679300
29998,1793300
29999,1774500
30000,1683400
30001,1645000
30002,1930900
30003,1582300
30004,1834200
30005,1765800
30006,1813700
30007,1673800
30008,1619700
30009,1727400
30010,1727900
30011,1918900
30012,1809800
30013,1691900
30014,1945600
30015,2005100
30016,1745700
30017,1776800
30018,1790400
30019,1892300
30020,1677500
30021,1655000
30022,1702800
30023,1808300
30024,1852200
30025,1777900
30026,1666300
30027,1709500
30028,1942700
30029,1783200
30030,1818900
30031,1680800
30032,1676500
30033,2049600
30034,1792900
30035,1714300
30036,1634400
30037,1879100
30038,1754700
30039,1658100
30040,1690100
30041,1637300
30042,1651600
30043,1883100
30044,1745600
30045,1657500
30046,1985700
30047,1860200
30048,1653600
30049,1814900
30050,1645400
30051,1782100
30052,2030400
30053,1796200
30054,1711100
30055,1939500
30056,1730400
30057,1729500
30058,1685100
30059,1659900
30060,1660000
30061,1848400
30062,1789700
30063,2015900
30064,2049700
30065,1799300
30066,1663600
30067,1717400
30068,1668100
30069,1701300
30070,1860600
30071,1845700
30072,1823900
30073,1760500
30074,1769400
30075,1673800
30076,1808100
30077,1849200
30078,1669700
30079,1639300
30080,2104300
30081,1848100
30082,1813100
30083,1653800
30084,1749400
30085,1668000
30086,1799900
30087,1661600
30088,1692500
30089,1704500
30090,2055300
30091,1816800
30092,1696300
30093,1764900
30094,1674700
30095,1688100
30096,1709200
30097,1632100
30098,1633100
30099,1968900
30100,1923500
30101,1786600
30102,1719500
30103,1667500
30104,1674500
30105,1643700
30106,1672800
30107,1971700
30108,2124000
30109,2030600
30110,1790900
30111,1748700
30112,1724900
30113,1746400
30114,1694200
30115,1780700
30116,1785100
30117,1869500
30118,2027600
30119,1707400
30120,1672000
30121,1635100
30122,1627200
30123,1653700
30124,1709600
30125,2113400
30126,2210600
30127,2344200
30128,2111200
30129,1799900
30130,1687100
30131,1611500
30132,1751300
30133,1864900
30134,1765000
30135,2015400
30136,2117600
30137,1804500
30138,1675100
30139,1655400
30140,1676400
30141,1667600
30142,1889900
30143,1827600
30144,2454300
30145,1985500
30146,1684500
30147,1728400
30148,1683000
30149,1735100
30150,1820500
30151,1749100
30152,1666800
30153,1766000
30154,1869000
30155,1723300
30156,1820800
30157,1691900
30158,1726300
30159,1834400
30160,2221300
30161,1898500
30162,1817900
30163,2194000
30164,1867600
30165,1811500
30166,1831100
30167,2028700
30168,1900100
30169,1879200
30170,1774000
30171,1840400
30172,2060000
30173,1709200
30174,1633000
30175,1732400
30176,1777600
30177,1755600
30178,1863100
30179,1739000
30180,1639600
30181,2132900
30182,1788400
30183,1725900
30184,1667400
30185,1837300
30186,1708100
30187,1877900
30188,1723900
30189,1847600
30190,1899900
30191,1851400
30192,1796100
30193,1718600
30194,1826300
30195,1761600
30196,1680100
30197,1698700
30198,1746900
30199,1743900
30200,2143500
30201,1876800
30202,1754000
30203,1757700
30204,1790600
30205,1755200
30206,1715300
30207,1650200
30208,1809200
30209,1912000
30210,1786300
30211,1810600
30212,1842500
30213,1735900
30214,1835700
30215,1649200
30216,1805300
30217,1670700
30218,2002700
30219,1790800
30220,1818500
30221,2182900
30222,1743300
30223,1857000
30224,1798200
30225,1750600
30226,1672800
30227,2009500
30228,2148500
30229,1865700
30230,1783200
30231,1674400
30232,1721500
30233,1735700
30234,1729400
30235,1795000
30236,1878800
30237,2055800
30238,1796800
30239,1753900
30240,1664400
30241,1813900
30242,1699400
30243,1647500
30244,1661300
30245,1762800
30246,2215000
30247,1847700
30248,1729700
30249,1761000
30250,1675400
30251,1727300
30252,1701400
30253,1653100
30254,1737000
30255,2360700
30256,1932400
30257,1745600
30258,1716200
30259,1679800
30260,1700400
30261,1643400
30262,1717800
30263,1789500
30264,2133600
30265,1888900
30266,1639600
30267,1812400
30268,1730800
30269,1707700
30270,1720500
30271,1697600
30272,1758200
30273,1981300
30274,1980900
30275,1722100
30276,1767000
30277,1739200
30278,1645000
30279,1681000
30280,1635800
30281,1659100
30282,1805600
30283,1763600
30284,1936800
30285,1795700
30286,1786900
30287,1625800
30288,1674900
30289,1622300
30290,1668000
30291,1944300
30292,1935200
30293,1893200
30294,1762400
30295,1763400
30296,1751200
30297,1647400
30298,1708900
30299,1850400
30300,1743200
30301,1729800
30302,2293300
30303,1975600
30304,1804300
30305,2192900
30306,1774300
30307,1761300
30308,1951300
30309,1827900
30310,1911300
30311,2058900
30312,1933000
30313,1870400
30314,1983900
30315,1947600
30316,2166500
30317,1983100
30318,1937300
30319,2393200
30320,1935700
30321,1837800
30322,1882200
30323,1799700
30324,2715800
30325,2706100
30326,2716800
30327,2631200
30328,1987600
30329,1963700
30330,2214900
30331,2262400
30332,1960100
30333,2066300
30334,2269100
30335,1942800
30336,1877100
30337,1801900
30338,2023700
30339,1858400
30340,2031700
30341,1860700
30342,2010500
30343,2223400
30344,1777100
30345,1892000
30346,2240600
30347,2088600
30348,1945800
30349,2058600
30350,1959900
30351,2103900
30352,1925500
30353,1787400
30354,1883300
30355,1796900
30356,1774500
30357,1934600
30358,1755700
30359,1815500
30360,1872700
30361,1830100
30362,1770000
30363,2051700
30364,1844200
30365,1938900
30366,2099400
30367,1954600
30368,2124800
30369,2084000
30370,1899600
30371,2566100
30372,1973600
30373,1875800
30374,1934800
30375,1759700
30376,1933400
30377,1926700
30378,1862000
30379,2023600
30380,1974900
30381,2078500
30382,1901300
30383,1952700
30384,1884300
30385,2066300
30386,2064700
30387,2005000
30388,1825500
30389,1831400
30390,1720300
30391,1852300
30392,1828600
30393,1876000
30394,2069100
30395,2309400
30396,2205400
30397,2145100
30398,1999100
30399,2027100
30400,1928000
30401,1933100
30402,2169800
30403,2183500
30404,1907400
30405,1881300
30406,1868800
30407,1793100
30408,1759200
30409,1830500
30410,1903900
30411,2434600
30412,2004300
30413,1893900
30414,1956000
30415,1910200
30416,2027800
30417,1894100
30418,1752500
30419,2279100
30420,2083900
30421,1847600
30422,1840600
30423,1764200
30424,1764800
30425,1830300
30426,1765500
30427,2110200
30428,2219900
30429,1908600
30430,1977100
30431,1962200
30432,1997300
30433,2004600
30434,1971700
30435,2138200
30436,2668100
30437,2811200
30438,2848700
30439,2508200
30440,2525300
30441,2646500
30442,2660900
30443,2662500
30444,2530600
30445,2251100
30446,2576000
30447,2240000
30448,2371800
30449,2556600
30450,2509700
30451,2179500
30452,2159500
30453,2266200
30454,2686500
30455,2660700
30456,2731800
30457,2451100
30458,2308600
30459,2307300
30460,2854500
30461,2454600
30462,2596900
30463,2567400
30464,2352900
30465,2418300
30466,2522600
30467,2686700
30468,2336400
30469,2395900
30470,2341000
30471,2297000
30472,2241100
30473,2783600
30474,2533500
30475,2462900
30476,2753600
30477,2475400
30478,2362600
30479,2490900
30480,2452100
30481,2374900
30482,2275100
30483,2236800
30484,2110400
30485,2144300
30486,2321700
30487,2400600
30488,2239900
30489,2186100
30490,2313300
30491,2418400
30492,2119200
30493,2328800
30494,2299600
30495,2285200
30496,2271300
30497,2181000
30498,2179200
30499,2233200
30500,2523400
30501,2284900
30502,2327300
30503,2389500
30504,2426100
30505,3027100
30506,2553900
30507,2248500
30508,2139300
30509,2187600
30510,2194600
30511,2228700
30512,2687100
30513,3582500
30514,2347700
30515,2782300
30516,4330500
30517,3955900
30518,2437400
30519,2066600
30520,1871000
30521,1835900
30522,1890400
30523,1879600
30524,2208800
30525,2251900
30526,1902300
30527,1893900
30528,1723900
30529,1759500
30530,1774800
30531,1756600
30532,1706500
30533,1842200
30534,1965800
30535,1750700
30536,1872300
30537,1693200
30538,1642300
30539,1753600
30540,1703100
30541,1706200
30542,1701200
30543,2088900
30544,1855000
30545,1791700
30546,1889600
30547,1841000
30548,1777500
30549,1832300
30550,1782200
30551,1946300
30552,2008600
30553,1858100
30554,1815700
30555,1881800
30556,1687100
30557,1759000
30558,1734200
30559,1914800
30560,1787700
30561,1879800
30562,1792800
30563,1850300
30564,1771800
30565,1665500
30566,1826000
30567,1912400
30568,1926400
30569,1838800
30570,2194100
30571,1888500
30572,1774900
30573,1812100
30574,1715600
30575,1728400
30576,2017200
30577,1830200
30578,1826900
30579,1921600
30580,1812100
30581,1694000
30582,1769700
30583,1770700
30584,2002800
30585,1821600
30586,1866200
30587,1789900
30588,2323900
30589,1930000
30590,1874400
30591,1713500
30592,1779200
30593,1879300
30594,1829000
30595,1769300
30596,1804700
30597,1961400
30598,1842400
30599,1754300
30600,1748600
30601,1902100
30602,1775100
30603,1774900
30604,1834700
30605,1855900
30606,2162800
30607,2150200
30608,1984500
30609,1983800
30610,1994500
30611,1962000
30612,1881700
30613,1888200
30614,2252700
30615,2166900
30616,1994300
30617,2067000
30618,2038300
30619,1961300
30620,2134600
30621,1970700
30622,1835200
30623,2062400
30624,1822500
30625,1806400
30626,1725300
30627,1613400
30628,1676400
30629,1744200
30630,1678500
30631,1651500
30632,1861600
30633,1817700
30634,2042400
30635,2145400
30636,1956000
30637,1985300
30638,2019500
30639,1963100
30640,2111000
30641,2081500
30642,2222500
30643,1911000
30644,1747100
30645,1878500
30646,1733800
30647,1662800
30648,1692100
30649,1944000
30650,1955800
30651,1765300
30652,1685900
30653,1782700
30654,1740700
30655,1695200
30656,1685600
30657,1620300
30658,1684300
30659,2133000
30660,1860300
30661,1771000
30662,1809700
30663,1662400
30664,1679600
30665,1661400
30666,1665300
30667,1782900
30668,2293800
30669,2312400
30670,1890000
30671,1852800
30672,1882400
30673,1740100
30674,1784500
30675,1760300
30676,1719600
30677,2381700
30678,1936400
30679,1875100
30680,1706400
30681,1681900
30682,1699600
30683,1721700
30684,1680900
30685,1924000
30686,2052600
30687,1830900
30688,1830400
30689,1689600
30690,1799400
30691,1683300
30692,1676000
30693,1691200
30694,1824100
30695,2139300
30696,2010200
30697,1861800
30698,1824300
30699,1677300
30700,1696000
30701,1719000
30702,1713300
30703,1792900
30704,2129400
30705,1984700
30706,1723500
30707,1756700
30708,1753100
30709,1730400
30710,1724600
30711,1861500
30712,1797700
30713,1920100
30714,1831500
30715,1695000
30716,1689200
30717,1745400
30718,1740100
30719,1679700
30720,1885200
30721,1833500
30722,1738400
30723,1854100
30724,1758800
30725,1719200
30726,2180000
30727,1702900
30728,1660300
30729,1903500
30730,1909100
30731,1735200
30732,2479500
30733,1904800
30734,1783600
30735,1817300
30736,1655700
30737,1934000
30738,1847200
30739,1756800
30740,1753600
30741,1816600
30742,1754200
30743,1713100
30744,1658000
30745,1763400
30746,1681800
30747,1937600
30748,1716500
30749,1687200
30750,2024200
30751,1874500
30752,1750100
30753,1656400
30754,1657200
30755,1983800
30756,1735100
30757,1774600
30758,1779600
30759,1696500
30760,1823100
30761,1692800
30762,1767600
30763,1792900
30764,1724100
30765,1844200
30766,1716000
30767,1712000
30768,1800500
30769,2124000
30770,1859300
30771,1674300
30772,1772000
30773,1910300
30774,1798300
30775,1733400
30776,1677100
30777,1768500
30778,1886200
30779,1827400
30780,1687900
30781,1705300
30782,1891000
30783,1796600
30784,1738000
30785,1679100
30786,1655900
30787,1790700
30788,2169600
30789,1902600
30790,1763700
30791,1896400
30792,1846700
30793,1647900
30794,1817100
30795,1729500
30796,1652900
30797,1927900
30798,1755700
30799,1778400
30800,1774800
30801,1737400
30802,1650200
30803,1674500
30804,1644900
30805,1723000
30806,1876000
30807,1881300
30808,1769900
30809,1850100
30810,1807100
30811,1865200
30812,1786600
30813,1713900
30814,1671100
30815,1881700
30816,1875800
30817,1744300
30818,2222600
30819,2033000
30820,1907500
30821,1930700
30822,1803700
30823,1710800
30824,2000000
30825,1901900
30826,1999400
30827,1806800
30828,1805900
30829,1784000
30830,1760200
30831,1665600
30832,1729900
30833,1808100
30834,1805200
30835,2799500
30836,2473600
30837,1976200
30838,1856000
30839,1734500
30840,1785700
30841,1802900
30842,2240400
30843,2275700
30844,2565500
30845,2084200
30846,2265900
30847,1906600
30848,1765700
30849,1803300
30850,2108600
30851,1774900
30852,1764400
30853,1795900
30854,1720300
30855,1673900
30856,1813200
30857,1698700
30858,1891800
30859,2240000
30860,1899600
30861,1876400
30862,1767300
30863,1941100
30864,1711100
30865,1867900
30866,1740400
30867,2084200
30868,2071400
30869,1827900
30870,1718600
30871,1748400
30872,1717700
30873,1836300
30874,1894700
30875,1950500
30876,2112700
30877,2003600
30878,1831100
30879,1865000
30880,1826800
30881,1820100
30882,1940300
30883,1878600
30884,1838100
30885,2121600
30886,1955200
30887,1799800
30888,1739000
30889,1844600
30890,1737100
30891,2002100
30892,1915800
30893,1855600
30894,2100000
30895,2023700
30896,1953000
30897,1848500
30898,1867800
30899,1861500
30900,2174200
30901,1910700
30902,2190900
30903,2105600
30904,1835200
30905,1847100
30906,1703000
30907,1732800
30908,1860500
30909,1884100
30910,1704800
30911,1838000
30912,2002600
30913,1783500
30914,1743700
30915,1708700
30916,1668000
30917,1906700
30918,1861700
30919,1740100
30920,1776900
30921,2011300
30922,1884600
30923,1734400
30924,1744300
30925,1636200
30926,1828900
30927,1776100
30928,1685200
30929,1685300
30930,1917100
30931,1988300
30932,1757100
30933,1645800
30934,1730200
30935,1792000
30936,1676600
30937,1713600
30938,1764500
30939,1707000
30940,1827100
30941,1740400
30942,1640900
30943,1681400
30944,1901600
30945,1773700
30946,1765800
30947,1703800
30948,1736600
30949,2229900
30950,1859800
30951,1784000
30952,1680900
30953,1839000
30954,2052300
30955,2227100
30956,2412100
30957,2245100
30958,2168700
30959,2092300
30960,2120800
30961,2017600
30962,1952400
30963,1909700
30964,1893500
30965,1973200
30966,2134600
30967,2023500
30968,2028500
30969,2240400
30970,2033400
30971,1977400
30972,1944600
30973,1995500
30974,2356600
30975,1983000
30976,2128700
30977,2012500
30978,1853100
30979,1834000
30980,1782700
30981,1727100
30982,1899200
30983,1986200
30984,2007700
30985,1798600
30986,1757700
30987,1715600
30988,1760800
30989,1682100
30990,1696100
30991,1886900
30992,1929800
30993,1839000
30994,1722500
30995,1734700
30996,1715800
30997,1668400
30998,1786300
30999,1717900
31000,1650300
31001,1841900
31002,2345500
31003,2074200
31004,1782100
31005,1797400
31006,1630000
31007,1757500
31008,1713400
31009,1811800
31010,1908900
31011,1776200
31012,1780600
31013,1760900
31014,1779500
31015,1760000
31016,1814200
31017,1697900
31018,1686100
31019,1925700
31020,1923000
31021,1713500
31022,1756700
31023,1803900
31024,1827900
31025,1754000
31026,1741300
31027,1698800
31028,1916800
31029,1996000
31030,1800200
31031,1749200
31032,1736100
31033,1665400
31034,1662700
31035,1725900
31036,1621400
31037,2080700
31038,2022300
31039,1923800
31040,1780000
31041,1771800
31042,1649900
31043,1635100
31044,1647700
31045,1678200
31046,1782700
31047,1864200
31048,2017300
31049,1780800
31050,1794200
31051,1695600
31052,1718200
31053,1634500
31054,1891200
31055,1806300
31056,1885200
31057,2088200
31058,1717200
31059,1726900
31060,1688500
31061,1626300
31062,1699800
31063,1931400
31064,1731400
31065,1798400
31066,1865800
31067,1740900
31068,1729800
31069,1766600
31070,1725900
31071,1705300
31072,1732500
31073,1726600
31074,1635900
31075,2003500
31076,2176700
31077,1813100
31078,1745700
31079,1693300
31080,1678500
31081,1798800
31082,1769700
31083,1698100
31084,1751200
31085,2045700
31086,1739500
31087,1805400
31088,1733300
31089,1778400
31090,1770700
31091,1780700
31092,1706900
31093,1703400
31094,2016000
31095,1696800
31096,1722300
31097,1705400
31098,1659300
31099,1766500
31100,1785800
31101,1666300
31102,1741200
31103,1879400
31104,1950300
31105,1781300
31106,1762700
31107,1648200
31108,1857300
31109,1683200
31110,1705700
31111,1793200
31112,1708600
31113,1918600
31114,1712600
31115,1693800
31116,1685000
31117,1795600
31118,1812300
31119,1827200
31120,1677100
31121,1707100
31122,1858000
31123,1765800
31124,1730300
31125,1729700
31126,1817800
31127,1892600
31128,1763800
31129,1685200
31130,1730400
31131,1795800
31132,2198500
31133,1731300
31134,1724800
31135,1773400
31136,1802000
31137,1718300
31138,1840900
31139,1718600
31140,1654900
31141,2062200
31142,1765200
31143,1689100
31144,1909800
31145,1800500
31146,1677200
31147,1760600
31148,1661400
31149,1715400
31150,1835100
31151,1772300
31152,2323400
31153,1909900
31154,1706600
31155,1738000
31156,1734800
31157,1700200
31158,1604700
31159,2044000
31160,2040900
31161,1751100
31162,1774600
31163,1731700
31164,1714700
31165,1713300
31166,1700900
31167,1710300
31168,1650400
31169,1909400
31170,1855700
31171,1884700
31172,1734100
31173,1705300
31174,1683600
31175,1813800
31176,1708200
31177,1716600
31178,1985800
31179,2101600
31180,2243500
31181,2034400
31182,2140500
31183,1854400
31184,1780500
31185,1712700
31186,1880800
31187,2392600
31188,1898800
31189,1722700
31190,1752000
31191,1660300
31192,1756300
31193,1658100
31194,1763900
31195,1617300
31196,2060200
31197,1829900
31198,1684900
31199,1696700
31200,1664200
31201,1620300
31202,1782900
31203,1702800
31204,1667200
31205,2104700
31206,1958100
31207,1715400
31208,1678300
31209,1704500
31210,1620100
31211,1666300
31212,1756500
31213,1712700
31214,1908800
31215,1913200
31216,1679800
31217,1682700
31218,1753100
31219,1800300
31220,1686700
31221,1755900
31222,1649300
31223,1968300
31224,2684800
31225,2023100
31226,1852400
31227,1836400
31228,1840400
31229,1766000
31230,1833100
31231,1935300
31232,2020400
31233,1901400
31234,1875600
31235,1792200
31236,1764700
31237,1738600
31238,1620300
31239,1795800
31240,1810200
31241,1890200
31242,1940400
31243,1850800
31244,1690800
31245,1703900
31246,1696600
31247,1792500
31248,1772500
31249,1780500
31250,1735600
31251,2216000
31252,1897700
31253,1796400
31254,1746500
31255,1788400
31256,1645000
31257,1896200
31258,1792600
31259,1698800
31260,1902100
31261,1966400
31262,1725700
31263,1787200
31264,1742700
31265,1685000
31266,1813300
31267,1807000
31268,1713800
31269,1843100
31270,1755600
31271,1807000
31272,1653400
31273,2134600
31274,1713800
31275,1895400
31276,2103000
31277,1784300
31278,1983500
31279,2081700
31280,1770900
31281,1715800
31282,1736600
31283,1953900
31284,1822200
31285,1792900
31286,1678400
31287,1903200
31288,1992500
31289,1762700
31290,1754300
31291,1682300
31292,1858000
31293,1785000
31294,1742900
31295,1772000
31296,1712500
31297,2013100
31298,1779800
31299,1696500
31300,1630600
31301,1814000
31302,1773800
31303,1662100
31304,1698400
31305,1618900
31306,1821900
31307,1905700
31308,1756100
31309,1755300
31310,1927300
31311,1692800
31312,1702000
31313,1800500
31314,1652900
31315,1780800
31316,2243800
31317,1878000
31318,1767100
31319,1896900
31320,1815300
31321,1791600
31322,1742000
31323,1648700
31324,1770300
31325,1995800
31326,1805800
31327,1662900
31328,1956300
31329,1818800
31330,1689500
31331,1681500
31332,1803500
31333,1699900
31334,1913700
31335,1903200
31336,1675300
31337,2025800
31338,1781700
31339,1724300
31340,1732600
31341,1710200
31342,1715700
31343,1846100
31344,1837000
31345,1926000
31346,1963100
31347,1741800
31348,1700800
31349,1710600
31350,1632300
31351,1773600
31352,1684100
31353,2275900
31354,1906400
31355,1777800
31356,1649400
31357,1693000
31358,1645800
31359,1686000
31360,1753300
31361,1672800
31362,2119700
31363,1962800
31364,1730900
31365,1661000
31366,1681000
31367,1722700
31368,1707600
31369,1762700
31370,1680800
31371,1826900
31372,2120200
31373,1767500
31374,1761400
31375,1665000
31376,1720000
31377,1646000
31378,1683700
31379,1713600
31380,1948700
31381,2165600
31382,1948800
31383,1753500
31384,1779600
31385,1711400
31386,1681100
31387,1672600
31388,1715800
31389,2218200
31390,2748600
31391,1916600
31392,1756100
31393,1822400
31394,1597200
31395,1722500
31396,1766700
31397,1945900
31398,2248200
31399,2508200
31400,2057900
31401,2173700
31402,1808700
31403,1817200
31404,1867600
31405,1785100
31406,1854500
31407,2082200
31408,1894400
31409,1741400
31410,1729100
31411,1748800
31412,1745200
31413,1755600
31414,1857200
31415,1787700
31416,1889800
31417,1853600
31418,1715200
31419,1716700
31420,1780500
31421,1758300
31422,1624800
31423,1834200
31424,1756800
31425,1847100
31426,2006900
31427,1765800
31428,1714400
31429,1710200
31430,1690100
31431,1837100
31432,1849600
31433,1772200
31434,1799500
31435,1931000
31436,1685500
31437,1675600
31438,1725200
31439,1773300
31440,2323100
31441,1912800
31442,1783000
31443,1945200
31444,2005700
31445,1824500
31446,1840600
31447,1751800
31448,1900400
31449,2127400
31450,1850500
31451,1938100
31452,2027800
31453,1994400
31454,1773200
31455,1694900
31456,1869100
31457,1810900
31458,1877900
31459,1750900
31460,1728500
31461,1942000
31462,1992200
31463,1728000
31464,1727200
31465,2230400
31466,1888000
31467,1858500
31468,1773500
31469,1727200
31470,1872900
31471,1952300
31472,1819700
31473,1891500
31474,1743800
31475,1710000
31476,1678100
31477,1745100
31478,1700200
31479,1746900
31480,1922000
31481,1778300
31482,1870400
31483,1829200
31484,1795400
31485,1852800
31486,1963700
31487,1812300
31488,1845900
31489,1852000
31490,1775600
31491,1939700
31492,1833600
31493,1764100
31494,1751900
31495,1874000
31496,1760800
31497,1847100
31498,2202600
31499,2140500
31500,1846600
31501,1825900
31502,1706100
31503,1767300
31504,1756400
31505,1721200
31506,1771000
31507,2043600
31508,1961100
31509,2293100
31510,2123500
31511,2263700
31512,2171200
31513,2075400
31514,2165100
31515,2468900
31516,2251000
31517,2115600
31518,1956300
31519,1885200
31520,1924600
31521,1969900
31522,1860600
31523,3408800
31524,3049000
31525,2399900
31526,2382600
31527,2225600
31528,2284400
31529,2584800
31530,2161500
31531,2044700
31532,2013700
31533,1991600
31534,1949400
31535,1976900
31536,2265500
31537,2479500
31538,2018800
31539,1947500
31540,2131000
31541,2052900
31542,2177600
31543,2122800
31544,2435900
31545,2488000
31546,2066200
31547,2022800
31548,2029200
31549,2040500
31550,2024300
31551,2908600
31552,2606400
31553,2193600
31554,2106000
31555,1958400
31556,2129300
31557,2092000
31558,2347200
31559,2252200
31560,2684600
31561,2236000
31562,2036400
31563,1917300
31564,2084800
31565,2005800
31566,2021500
31567,2071500
31568,2165900
31569,1914800
31570,1858700
31571,1974400
31572,1928400
31573,2153800
31574,2053400
31575,2068100
31576,2303700
31577,1988600
31578,1866700
31579,1849700
31580,1929000
31581,2288200
31582,2057700
31583,2091400
31584,2097400
31585,1890100
31586,1862200
31587,3161900
31588,2320500
31589,2674400
31590,3679200
31591,3911000
31592,2025800
31593,1728000
31594,1789500
31595,1819000
31596,1700900
31597,1700900
31598,1698400
31599,1889900
31600,1779200
31601,1649300
31602,1744700
31603,1967800
31604,1884300
31605,1751200
31606,1716700
31607,1754700
31608,1843900
31609,1778900
31610,1647900
31611,1722500
31612,1904600
31613,1872000
31614,1710400
31615,1701800
31616,1760000
31617,1826600
31618,1855200
31619,1755600
31620,1780700
31621,1737900
31622,1770100
31623,1756400
31624,1720800
31625,1747400
31626,1736700
31627,1863100
31628,1832600
31629,1861600
31630,1740900
31631,1721800
31632,1725800
31633,1655700
31634,1602600
31635,1712500
31636,1938300
31637,1772000
31638,1861500
31639,1863600
31640,1773000
31641,1816800
31642,1895500
31643,1792200
31644,1839200
31645,1890400
31646,2092400
31647,2006500
31648,1875200
31649,1760900
31650,1771400
31651,1768200
31652,1688900
31653,1656000
31654,2003000
31655,2080600
31656,1845300
31657,1709400
31658,1695100
31659,1716100
31660,1618600
31661,1651000
31662,1716600
31663,1785000
31664,2298400
31665,1977100
31666,1775300
31667,1740900
31668,1805600
31669,1678900
31670,1709200
31671,1656100
31672,1692900
31673,2078300
31674,1861400
31675,1708600
31676,1682600
31677,1602700
31678,1665100
31679,1802900
31680,1659800
31681,1765300
31682,2029100
31683,2009800
31684,1724400
31685,1766100
31686,1684800
31687,1677700
31688,1647100
31689,1727000
31690,1718500
31691,1862700
31692,1941500
31693,1768700
31694,1736300
31695,1688100
31696,1668800
31697,1673100
31698,1726200
31699,1673700
31700,1922500
31701,2197700
31702,1863300
31703,1735400
31704,1689700
31705,1802700
31706,1638700
31707,1741500
31708,1681100
31709,2143800
31710,2545900
31711,1882300
31712,2206600
31713,1821500
31714,1785400
31715,1788000
31716,1666100
31717,2016100
31718,1799000
31719,1885800
31720,1815400
31721,1750000
31722,1673800
31723,1687000
31724,1680400
31725,1875500
31726,1896200
31727,1782600
31728,1956100
31729,1774800
31730,1776600
31731,1732500
31732,1720200
31733,1719500
31734,1916500
31735,1771800
31736,1766900
31737,1775600
31738,1947300
31739,1700400
31740,1645400
31741,1620000
31742,1670200
31743,1806200
31744,1663300
31745,1754600
31746,1714100
31747,1913900
31748,1863900
31749,1726900
31750,1659600
31751,1652100
31752,1796400
31753,1972000
31754,1791200
31755,1757500
31756,1684200
31757,1908500
31758,1753100
31759,1709700
31760,1734000
31761,1869500
31762,2193500
31763,1892400
31764,1924400
31765,1944400
31766,1984000
31767,1890200
31768,1806600
31769,2138100
31770,2089000
31771,1889700
31772,1850300
31773,1842400
31774,1953200
31775,1796800
31776,1713100
31777,1753700
31778,1930200
31779,1852400
31780,1674500
31781,1722000
31782,1713300
31783,1949400
31784,1891900
31785,1730900
31786,1712300
31787,1825000
31788,1772500
31789,1686100
31790,1679400
31791,1690800
31792,1781900
31793,2114000
31794,1842700
31795,1802900
31796,1989200
31797,1813100
31798,1687400
31799,1695200
31800,1698400
31801,1745000
31802,1825400
31803,1701500
31804,1714400
31805,1913000
31806,2176200
31807,1699400
31808,1689700
31809,1625200
31810,1752900
31811,1929000
31812,1942000
31813,1944900
31814,1715500
31815,1757800
31816,1739500
31817,1648800
31818,1796000
31819,1779900
31820,2068200
31821,1860900
31822,2067600
31823,1765400
31824,1764300
31825,1634900
31826,1661700
31827,1687800
31828,1640400
31829,1701800
31830,2027400
31831,1821900
31832,1747400
31833,1727100
31834,1750500
31835,1694500
31836,1601000
31837,1685400
31838,1667300
31839,1905700
31840,1979300
31841,1741300
31842,1664800
31843,1656000
31844,1622900
31845,1618400
31846,1802100
31847,1711400
31848,1687900
31849,2050300
31850,1943500
31851,1719700
31852,1748500
31853,1658600
31854,1711600
31855,1741900
31856,1659300
31857,1645300
31858,2128300
31859,1884600
31860,1754100
31861,1651800
31862,1688400
31863,1635700
31864,1698900
31865,1686800
31866,1739800
31867,1921300
31868,2072800
31869,1768400
31870,1766900
31871,1783200
31872,1661500
31873,1682600
31874,1754000
31875,1694100
31876,1899600
31877,2003600
31878,1806400
31879,1730400
31880,1666500
31881,1656500
31882,1694300
31883,1730000
31884,1712700
31885,2082400
31886,2095500
31887,1793700
31888,1699300
31889,1762400
31890,1678600
31891,1672000
31892,1647200
31893,1766200
31894,1966200
31895,1886100
31896,2027300
31897,1770200
31898,1751500
31899,1597000
31900,1588000
31901,1697900
31902,1739000
31903,1788900
31904,1737000
31905,1796400
31906,1756200
31907,1718200
31908,1700500
31909,1625100
31910,1728400
31911,1801600
31912,1939000
31913,1759800
31914,2069500
31915,1858400
31916,1823000
31917,1767500
31918,1679800
31919,1717700
31920,1786800
31921,1983800
31922,1742100
31923,1775900
31924,1999900
31925,1763200
31926,1747000
31927,1692400
31928,1653200
31929,1913600
31930,2270200
31931,1893100
31932,1749000
31933,2011400
31934,1750700
31935,1698700
31936,1741600
31937,1755600
31938,2252100
31939,1973800
31940,2391900
31941,2278700
31942,1989300
31943,1833800
31944,1649200
31945,1863500
31946,1999200
31947,1783400
31948,1715700
31949,1680700
31950,1920500
31951,1829800
31952,1729700
31953,1674200
31954,1877900
31955,1804000
31956,1733800
31957,1759500
31958,1671400
31959,1909500
31960,2029500
31961,1793700
31962,2027600
31963,1935800
31964,1798200
31965,1677700
31966,1716700
31967,1717500
31968,1673900
31969,1911000
31970,1742200
31971,1831300
31972,1766100
31973,1770000
31974,1643700
31975,1736300
31976,1668600
31977,1761500
31978,2122700
31979,1887800
31980,1965500
31981,1782900
31982,1749500
31983,1742700
31984,1836700
31985,1649300
31986,1699600
31987,1794900
31988,1847300
31989,1803400
31990,1811800
31991,1701900
31992,1631100
31993,1690900
31994,1762800
31995,1743300
31996,1773800
31997,2063200
31998,1825900
31999,1763300
32000,1682300
32001,1744500
32002,1769900
32003,1635100
32004,1736700
32005,1761200
32006,2312400
32007,2004600
32008,1799000
32009,1739800
32010,1670900
32011,1659300
32012,1701300
32013,1687600
32014,1631100
32015,2008100
32016,1924600
32017,1756200
32018,1717300
32019,1758600
32020,1888100
32021,1668600
32022,1700600
32023,1645400
32024,1917000
32025,1973800
32026,1752900
32027,1656500
32028,1625800
32029,1644100
32030,1645900
32031,1667500
32032,1616100
32033,1853400
32034,1953200
32035,1895200
32036,1709700
32037,1763700
32038,1685300
32039,1688000
32040,1699000
32041,1807600
32042,1963300
32043,2226300
32044,2017800
32045,1773700
32046,1740400
32047,1649400
32048,1782400
32049,1745900
32050,1687400
32051,1883800
32052,2320100
32053,2410900
32054,2616000
32055,2122900
32056,2128100
32057,2074600
32058,2009000
32059,2022500
32060,2381300
32061,2064100
32062,1869600
32063,1835100
32064,1961400
32065,1886900
32066,2516200
32067,2233300
32068,2370200
32069,2053000
32070,2005700
32071,1990300
32072,1945500
32073,2129500
32074,1990800
32075,1885000
32076,2051700
32077,1749600
32078,1734100
32079,1684000
32080,1724400
32081,1766500
32082,1926200
32083,1809500
32084,1761100
32085,1846600
32086,2044800
32087,1691000
32088,1666000
32089,1754000
32090,1991600
32091,1891300
32092,1804600
32093,1747500
32094,1846800
32095,2007700
32096,1794400
32097,1714700
32098,1609200
32099,1995700
32100,1792100
32101,1816300
32102,1715300
32103,1842400
32104,1868700
32105,1814800
32106,1733000
32107,1657000
32108,1804100
32109,1788700
32110,1729100
32111,1687700
32112,1715300
32113,1777800
32114,1800900
32115,1777600
32116,1606500
32117,1789300
32118,1797500
32119,1696900
32120,1777400
32121,1674700
32122,1670600
32123,1907400
32124,1747000
32125,1720800
32126,1939700
32127,1794300
32128,1721300
32129,1766900
32130,1705100
32131,1714000
32132,1820100
32133,1990800
32134,1905000
32135,1797500
32136,1711000
32137,1692300
32138,1746000
32139,1720000
32140,1700500
32141,1716900
32142,2050900
32143,1893800
32144,1825400
32145,1732800
32146,1701100
32147,1798700
32148,1717600
32149,1785500
32150,1712200
32151,1903500
32152,1824500
32153,1800200
32154,1771800
32155,1730300
32156,1790200
32157,1842200
32158,1677400
32159,1651400
32160,1966900
32161,2044700
32162,1858200
32163,1717000
32164,1702200
32165,1667900
32166,1691900
32167,1694600
32168,1651000
32169,1735100
32170,1945100
32171,1846600
32172,1706400
32173,1738100
32174,1644800
32175,1654400
32176,1791700
32177,1753900
32178,1693400
32179,2021800
32180,1959500
32181,1768900
32182,1752800
32183,1580300
32184,1638900
32185,1636700
32186,1779000
32187,1684600
32188,1876100
32189,1989800
32190,1713300
32191,1838100
32192,1697600
32193,1677900
32194,1681800
32195,1675700
32196,1673000
32197,1724200
32198,1976300
32199,1790500
32200,1745700
32201,1687300
32202,1685900
32203,1630900
32204,1572300
32205,1717900
32206,1788900
32207,1849400
32208,2001500
32209,1849000
32210,1654600
32211,1637300
32212,1713100
32213,1682600
32214,1841100
32215,1749500
32216,1668600
32217,1908000
32218,2014000
32219,1694000
32220,1712300
32221,1734700
32222,1704800
32223,1641400
32224,2237300
32225,1954500
32226,1967500
32227,1786600
32228,1726900
32229,1698900
32230,1703100
32231,1728500
32232,1713800
32233,1823600
32234,1669800
32235,1744000
32236,1914300
32237,1794600
32238,1774900
32239,1766700
32240,1787000
32241,1667900
32242,1878600
32243,1749100
32244,1741600
32245,1863800
32246,1785500
32247,1684100
32248,1618200
32249,1694500
32250,1713500
32251,2014900
32252,1792700
32253,1762100
32254,1766900
32255,1892800
32256,1793900
32257,1643000
32258,1802400
32259,1804300
32260,1731700
32261,1799800
32262,1751000
32263,1678700
32264,2019100
32265,1840600
32266,1710700
32267,1734800
32268,2099800
32269,2125400
32270,2077700
32271,2060700
32272,2127600
32273,1996900
32274,1830300
32275,1795100
32276,1935200
32277,1750100
32278,1824800
32279,1719600
32280,1749700
32281,1757500
32282,1793300
32283,1742600
32284,1725600
32285,1877700
32286,1757000
32287,1790300
32288,1730000
32289,1671100
32290,1694300
32291,2079400
32292,1838500
32293,2055200
32294,1810300
32295,1688200
32296,1758000
32297,1726500
32298,1613000
32299,1675400
32300,2123700
32301,1850100
32302,1788400
32303,1715100
32304,1725200
32305,1763400
32306,1622600
32307,1704700
32308,1702800
32309,1816300
32310,2264600
32311,1856600
32312,1728600
32313,1653000
32314,1840400
32315,1689100
32316,1793600
32317,1619600
32318,1727400
32319,2668300
32320,2097200
32321,1861200
32322,1841500
32323,1764500
32324,1739200
32325,1847900
32326,1802100
32327,1981300
32328,1937600
32329,1859700
32330,1886900
32331,1766600
32332,1740300
32333,1720900
32334,1723600
32335,1715900
32336,1817300
32337,1967000
32338,1701600
32339,1767200
32340,1707100
32341,1698700
32342,1640200
32343,1649500
32344,1705600
32345,1835300
32346,2071300
32347,1919400
32348,1781000
32349,1691400
32350,1634100
32351,1702500
32352,1691200
32353,1756700
32354,1723500
32355,1960700
32356,1872900
32357,1882900
32358,1629000
32359,1741400
32360,2250200
32361,1696300
32362,1938300
32363,1720100
32364,1870600
32365,1931000
32366,1714400
32367,1797300
32368,1676700
32369,1633600
32370,1653800
32371,1908600
32372,1749400
32373,1793800
32374,2050400
32375,1706900
32376,1919800
32377,1761000
32378,1610900
32379,1798800
32380,1789100
32381,1783000
32382,1786600
32383,2095000
32384,1968300
32385,1676600
32386,1685800
32387,1976500
32388,1802300
32389,1706200
32390,1633200
32391,1839500
32392,1768600
32393,1814600
32394,1765700
32395,1672800
32396,1851100
32397,1679900
32398,1663900
32399,1690200
32400,1805500
32401,1640600
32402,2037100
32403,1816400
32404,1712100
32405,1925400
32406,1793000
32407,1708400
32408,1755400
32409,1766700
32410,1679300
32411,2022900
32412,1870500
32413,1697500
32414,1891100
32415,1710900
32416,1659800
32417,1751900
32418,1765100
32419,1618000
32420,1844100
32421,1863300
32422,2011000
32423,1805900
32424,1669800
32425,1718900
32426,1706700
32427,1788500
32428,1737800
32429,1764100
32430,1922600
32431,1960300
32432,1762300
32433,1714600
32434,1778500
32435,1703500
32436,1802700
32437,1752900
32438,1719200
32439,2092000
32440,2098700
32441,1746100
32442,1783800
32443,1841500
32444,1724800
32445,1806600
32446,1677200
32447,1634000
32448,1980100
32449,2009100
32450,1787200
32451,1741100
32452,1735000
32453,1748100
32454,1666400
32455,1663000
32456,1624000
32457,1889300
32458,1994400
32459,1759900
32460,1721600
32461,1820500
32462,1686600
32463,1686000
32464,1688500
32465,1627300
32466,1879000
32467,1948000
32468,1876100
32469,1717800
32470,1760200
32471,1707600
32472,1686100
32473,1689800
32474,1959400
32475,1873600
32476,1961700
32477,2081500
32478,1732500
32479,1731300
32480,1716700
32481,1688500
32482,1746800
32483,1922800
32484,1775500
32485,2010300
32486,1869300
32487,1729100
32488,1654800
32489,1682200
32490,1688100
32491,1928500
32492,2228200
32493,2008700
32494,1837200
32495,1868700
32496,1789400
32497,1669200
32498,1651400
32499,1702100
32500,2036300
32501,2102200
32502,2350400
32503,2626800
32504,2202600
32505,1829800
32506,1735100
32507,1745300
32508,1813300
32509,1930700
32510,1745700
32511,1832200
32512,1868100
32513,1813800
32514,1671400
32515,1697000
32516,1707500
32517,1858600
32518,1817800
32519,1733200
32520,1693800
32521,1763300
32522,1895900
32523,1639000
32524,1652000
32525,1709100
32526,1922200
32527,1823100
32528,1795400
32529,1742000
32530,1732000
32531,2018900
32532,1847800
32533,1761300
32534,1727500
32535,1820800
32536,1883100
32537,1831700
32538,1670800
32539,1768200
32540,2012100
32541,1781900
32542,1735300
32543,1666100
32544,1777300
32545,1743400
32546,1678000
32547,1775200
32548,1710600
32549,1887400
32550,2014700
32551,1735100
32552,1605600
32553,1783400
32554,1808000
32555,1705700
32556,1873600
32557,1702500
32558,1674900
32559,1806200
32560,1748200
32561,1737900
32562,2094900
32563,1784800
32564,1792000
32565,1847400
32566,1735800
32567,1795100
32568,1962500
32569,1765800
32570,1932700
32571,1921300
32572,1818500
32573,1799500
32574,1716600
32575,1656300
32576,1781800
32577,1935600
32578,1737800
32579,1753100
32580,1705400
32581,1682400
32582,1822400
32583,1701000
32584,1694900
32585,1737100
32586,1731700
32587,1973400
32588,1924100
32589,1822300
32590,1712500
32591,1748800
32592,1657000
32593,1688700
32594,1720600
32595,1678700
32596,1976900
32597,1954400
32598,1770900
32599,1780900
32600,1667300
32601,1699600
32602,1667100
32603,1689400
32604,1638500
32605,2135600
32606,2199100
32607,2071200
32608,2269000
32609,2179200
32610,1989000
32611,1923500
32612,1894500
32613,2312700
32614,2327900
32615,1915300
32616,1973700
32617,1856700
32618,1818700
32619,1907900
32620,1883500
32621,2046600
32622,2187800
32623,1980400
32624,2094600
32625,2000100
32626,1882000
32627,1913400
32628,2062000
32629,2114400
32630,2260900
32631,1970700
32632,1998500
32633,1934100
32634,1888500
32635,1849000
32636,2150800
32637,2014000
32638,2060500
32639,2075500
32640,2042800
32641,1876700
32642,1893100
32643,1874000
32644,2105100
32645,2004700
32646,2162300
32647,2135700
32648,1915100
32649,1911600
32650,1859600
32651,1803600
32652,2111300
32653,1980400
32654,1896700
32655,2573900
32656,2125600
32657,1904600
32658,1929400
32659,2008200
32660,1929700
32661,1892100
32662,2017100
32663,2088500
32664,2046100
32665,1951600
32666,1879300
32667,2110800
32668,1938700
32669,1939900
32670,1875900
32671,1959300
32672,2384800
32673,2063100
32674,1892200
32675,1980700
32676,1874400
32677,1894400
32678,1896200
32679,1890700
32680,2440400
32681,3185800
32682,2493800
32683,2610700
32684,3692300
32685,3519600
32686,2394900
32687,1873200
32688,1816100
32689,1799700
32690,1683200
32691,1775100
32692,1672800
32693,1584200
32694,1846600
32695,1922600
32696,1735300
32697,1881400
32698,1814400
32699,1704300
32700,1652500
32701,1695700
32702,1703300
32703,1734000
32704,2022700
32705,1876400
32706,1790700
32707,1653200
32708,1718000
32709,1693300
32710,1605300
32711,1745600
32712,1708200
32713,1909700
32714,2120600
32715,1955800
32716,1930800
32717,1722300
32718,1739900
32719,1761200
32720,1856100
32721,1788000
32722,1918300
32723,2128100
32724,1887400
32725,1778900
32726,1641400
32727,1720100
32728,1752600
32729,1788300
32730,1736200
32731,1788500
32732,1955400
32733,1835000
32734,1708400
32735,1740800
32736,1697700
32737,1710700
32738,1815000
32739,1662000
32740,1807500
32741,2068200
32742,1903100
32743,1742100
32744,1674500
32745,1692700
32746,1645500
32747,1815400
32748,1618700
32749,1772400
32750,1846600
32751,1830000
32752,1714300
32753,1668100
32754,1751000
32755,1637600
32756,1747800
32757,1747500
32758,1825600
32759,1800500
32760,1897900
32761,1752700
32762,1715400
32763,1722000
32764,1670800
32765,1712800
32766,1648800
32767,1946700
32768,1928300
32769,2098500
32770,1735000
32771,1689900
32772,1664800
32773,1784800
32774,1711000
32775,1669800
32776,1945900
32777,1806300
32778,1949300
32779,2069200
32780,1862900
32781,1770300
32782,1813600
32783,1697400
32784,1640700
32785,1837800
32786,1720400
32787,1742100
32788,1998900
32789,1772700
32790,1750200
32791,1772300
32792,1650300
32793,1815200
32794,1773300
32795,1761600
32796,1701700
32797,1848700
32798,1798700
32799,1777300
32800,1728500
32801,1611400
32802,1974400
32803,1727400
32804,1629100
32805,1753600
32806,1928100
32807,2071000
32808,1759200
32809,1760800
32810,1797300
32811,1984800
32812,2188600
32813,1959800
32814,2121300
32815,2096700
32816,1885000
32817,1887900
32818,1715700
32819,1931900
32820,1740000
32821,1728700
32822,1767500
32823,1866300
32824,1946200
32825,1779200
32826,1835600
32827,1753400
32828,1742900
32829,1686200
32830,1631300
32831,1761800
32832,1635200
32833,1802100
32834,2027500
32835,1735600
32836,1859800
32837,1765400
32838,1665700
32839,1697100
32840,1894000
32841,1680200
32842,1812300
32843,1922400
32844,1795200
32845,1770100
32846,1725800
32847,1774100
32848,1648500
32849,1632400
32850,1673500
32851,1581900
32852,1856900
32853,1899200
32854,1891800
32855,1763400
32856,1735300
32857,1703300
32858,1686700
32859,1699400
32860,1752500
32861,1739700
32862,2069900
32863,2036800
32864,2150200
32865,1826000
32866,1805800
32867,1848300
32868,1788900
32869,1833700
32870,1783600
32871,2075000
32872,2096500
32873,1848800
32874,1839900
32875,1851500
32876,1697400
32877,1749300
32878,1711700
32879,1751700
32880,2135300
32881,1799700
32882,1799900
32883,1721000
32884,1694200
32885,1742700
32886,1780500
32887,1651500
32888,1751000
32889,2235400
32890,1997400
32891,1800300
32892,1632800
32893,1687300
32894,1743200
32895,1774800
32896,1724000
32897,1718000
32898,1852100
32899,1901900
32900,1706600
32901,1687300
32902,1638900
32903,2152400
32904,1789900
32905,1697500
32906,1638500
32907,2003400
32908,2067400
32909,1847700
32910,1712000
32911,1726100
32912,1731500
32913,1858800
32914,1696400
32915,1683100
32916,1812100
32917,1836900
32918,1689400
32919,1755300
32920,1657400
32921,1692600
32922,1663400
32923,1782100
32924,1797900
32925,1973900
32926,2041300
32927,1867900
32928,1710200
32929,1783500
32930,1689500
32931,1720700
32932,1729000
32933,1623000
32934,1866100
32935,1920200
32936,1852000
32937,1728500
32938,1728300
32939,1742000
32940,1818300
32941,1683800
32942,1845900
32943,1772400
32944,1653700
32945,1907200
32946,1768800
32947,1817400
32948,1722100
32949,1673400
32950,1796000
32951,1869000
32952,1783700
32953,1762700
32954,1950500
32955,2120300
32956,1630000
32957,1741400
32958,1685000
32959,1668000
32960,1748600
32961,1666900
32962,1751000
32963,1851100
32964,2160100
32965,1774400
32966,1704900
32967,1728900
32968,1747100
32969,1766400
32970,1681500
32971,1702400
32972,1721200
32973,1930100
32974,1753600
32975,1626600
32976,1837800
32977,1650000
32978,1772200
32979,1673300
32980,1784100
32981,1642300
32982,1744900
32983,1837200
32984,1728400
32985,1629600
32986,1692600
32987,1852700
32988,1813000
32989,1835100
32990,1680200
32991,1763900
32992,2080400
32993,1897000
32994,1706900
32995,1646000
32996,1817400
32997,1782900
32998,1732600
32999,1659600
33000,1733600
33001,1739100
33002,1944800
33003,1767200
33004,1902100
33005,1806100
33006,1779800
33007,1678400
33008,1764000
33009,1703100
33010,1783600
33011,2073700
33012,1902600
33013,1822600
33014,1753500
33015,1712500
33016,1676600
33017,1644000
33018,1722500
33019,1679400
33020,2148800
33021,1923500
33022,1781400
33023,1718600
33024,1713300
33025,1665800
33026,1600000
33027,1732900
33028,1746700
33029,1786500
33030,1917500
33031,1958400
33032,1808900
33033,1734200
33034,1610100
33035,1759600
33036,1823300
33037,1680600
33038,1764700
33039,2299300
33040,2120300
33041,1917800
33042,1770700
33043,1672900
33044,1760800
33045,1776600
33046,1687100
33047,1671300
33048,2137900
33049,1934800
33050,1689800
33051,1730500
33052,1646800
33053,1748600
33054,1676800
33055,1681300
33056,1713800
33057,2342200
33058,2111400
33059,2531300
33060,2146900
33061,2016000
33062,1921700
33063,1773500
33064,1983000
33065,2131200
33066,1867000
33067,1710100
33068,1722600
33069,1741600
33070,1712400
33071,1671200
33072,1694000
33073,1880600
33074,1763100
33075,2022200
33076,1758500
33077,1700400
33078,1752800
33079,1728100
33080,1725000
33081,1837000
33082,2041700
33083,1840000
33084,1822200
33085,1723700
33086,1742400
33087,1746600
33088,1771800
33089,1795200
33090,1613900
33091,1784000
33092,1720900
33093,2191600
33094,1850800
33095,1718100
33096,1795600
33097,1720900
33098,1641100
33099,1894800
33100,1742600
33101,1719700
33102,1954900
33103,1866000
33104,1759100
33105,1721000
33106,1696800
33107,1679100
33108,1966600
33109,1900100
33110,1752900
33111,2157700
33112,1976100
33113,1918100
33114,1679500
33115,1720900
33116,1928200
33117,1848700
33118,1754800
33119,1638200
33120,1815700
33121,1859900
33122,1809800
33123,1731100
33124,1723100
33125,1913500
33126,1908000
33127,1794700
33128,1658700
33129,1718200
33130,1975700
33131,1836800
33132,1747600
33133,1677000
33134,1781000
33135,1639500
33136,1745400
33137,1780800
33138,1690300
33139,2009900
33140,1804100
33141,1706700
33142,1802200
33143,2020600
33144,1873700
33145,1743800
33146,1686200
33147,1683100
33148,1909200
33149,1861300
33150,1682900
33151,1824200
33152,2117700
33153,2192900
33154,2386500
33155,2385300
33156,2475300
33157,2228500
33158,2035600
33159,2085900
33160,1982300
33161,1925100
33162,1969800
33163,1865400
33164,2220500
33165,2317900
33166,2358900
33167,2085800
33168,1847400
33169,1951700
33170,1892800
33171,2005400
33172,2097600
33173,2331500
33174,2060400
33175,1890800
33176,1764000
33177,1703800
33178,1663700
33179,1728500
33180,1792300
33181,2040000
33182,2153900
33183,1784800
33184,1703500
33185,1711100
33186,1607800
33187,1796900
33188,1689700
33189,1679700
33190,1784800
33191,1915000
33192,1856200
33193,1750000
33194,1702200
33195,1676800
33196,1687600
33197,1879200
33198,1676800
33199,2271800
33200,2016300
33201,1874300
33202,1764400
33203,1694400
33204,1715700
33205,1696100
33206,1761600
33207,1808400
33208,1739200
33209,2067500
33210,1807500
33211,1710400
33212,1731400
33213,1637900
33214,1694500
33215,1648700
33216,1943700
33217,1693000
33218,1783800
33219,1933300
33220,1747800
33221,1759200
33222,1751300
33223,1809800
33224,1701400
33225,1988400
33226,1825600
33227,1788700
33228,1974500
33229,1800900
33230,1673500
33231,1676900
33232,1745300
33233,1977800
33234,1903600
33235,1762800
33236,1613000
33237,2177100
33238,1824500
33239,1709300
33240,1719600
33241,1741700
33242,1795100
33243,1751400
33244,1772200
33245,1741700
33246,1814500
33247,1885400
33248,1716200
33249,1823400
33250,1696000
33251,1770000
33252,1723700
33253,1690000
33254,1668800
33255,1828400
33256,1824700
33257,1892200
33258,1699400
33259,1715400
33260,1869200
33261,1729200
33262,1748700
33263,1699600
33264,1719100
33265,2253200
33266,1967000
33267,1780500
33268,1797400
33269,1717100
33270,1639600
33271,1757600
33272,1676900
33273,1554600
33274,1850300
33275,1882100
33276,1789900
33277,1700700
33278,1776000
33279,1746500
33280,1685200
33281,1656600
33282,1729700
33283,1665000
33284,1920100
33285,1836800
33286,1707800
33287,1873900
33288,1774800
33289,1702100
33290,1687900
33291,1656400
33292,1805400
33293,1744200
33294,1968500
33295,1836000
33296,1829800
33297,1716200
33298,1770200
33299,1732900
33300,1854200
33301,1740700
33302,1779400
33303,1967900
33304,1931700
33305,1843300
33306,1741600
33307,1687100
33308,1685700
33309,1680100
33310,1691500
33311,1676700
33312,1825000
33313,2003500
33314,1793000
33315,1685300
33316,1673900
33317,1665300
33318,1665900
33319,1742500
33320,1695100
33321,1713500
33322,1849500
33323,1859600
33324,1711300
33325,1757800
33326,1779300
33327,1692500
33328,1709000
33329,1683000
33330,1700700
33331,2353900
33332,2194200
33333,1786400
33334,1715200
33335,1745700
33336,1777800
33337,1893900
33338,1622800
33339,1658300
33340,2068000
33341,1833000
33342,1739000
33343,1716400
33344,1768700
33345,1785300
33346,1770800
33347,1703600
33348,1665900
33349,2003500
33350,2070900
33351,1692500
33352,1689300
33353,1699200
33354,1677200
33355,1642400
33356,1658900
33357,2203800
33358,2369200
33359,2632700
33360,2172700
33361,1933100
33362,1831100
33363,1764600
33364,1700700
33365,1924900
33366,1808300
33367,1922200
33368,1773200
33369,1713500
33370,1781000
33371,1758400
33372,1710700
33373,1646600
33374,1841600
33375,1686700
33376,2117600
33377,1906400
33378,1789600
33379,1663100
33380,1789400
33381,1644300
33382,1732100
33383,1806400
33384,1749500
33385,1991500
33386,2178500
33387,1777500
33388,1827100
33389,1651400
33390,1700200
33391,1835500
33392,1759100
33393,1729100
33394,1764400
33395,1985000
33396,1715800
33397,1720100
33398,1768200
33399,1666200
33400,1850300
33401,1701600
33402,1772000
33403,1845200
33404,1813000
33405,1904200
33406,1807600
33407,1736000
33408,1703700
33409,1719300
33410,1726800
33411,1760700
33412,1635000
33413,1659600
33414,1831600
33415,1761000
33416,1720700
33417,1687100
33418,2156700
33419,2298200
33420,1958500
33421,1794200
33422,1983300
33423,2151800
33424,1882000
33425,1849400
33426,1895200
33427,1866000
33428,1787600
33429,1911300
33430,1723900
33431,2043400
33432,1864000
33433,1738900
33434,1865300
33435,1747200
33436,1683500
33437,1659600
33438,1675600
33439,1649300
33440,1801500
33441,2033800
33442,1786900
33443,1834800
33444,1726800
33445,1736700
33446,1735500
33447,1675700
33448,1703000
33449,1663800
33450,2135500
33451,1979000
33452,1968100
33453,1761700
33454,1682300
33455,2201200
33456,1697900
33457,1776000
33458,1768500
33459,2016600
33460,1981500
33461,1785800
33462,1720600
33463,1752500
33464,1699500
33465,1667500
33466,1702400
33467,1697800
33468,2016700
33469,1905800
33470,1757300
33471,1743500
33472,1724900
33473,1675300
33474,1625800
33475,1661000
33476,1694300
33477,1717400
33478,2156400
33479,1952700
33480,1772000
33481,1708100
33482,1737000
33483,1737200
33484,1775100
33485,1686700
33486,1707600
33487,2361900
33488,1825600
33489,1805400
33490,1712600
33491,1755000
33492,1707900
33493,1804500
33494,1665200
33495,1745600
33496,1940200
33497,1843300
33498,1763700
33499,1704000
33500,1730400
33501,1743900
33502,1772400
33503,1734300
33504,1634900
33505,1950300
33506,2073800
33507,1749500
33508,1732800
33509,1713900
33510,1777300
33511,1693800
33512,1748000
33513,1705400
33514,1839100
33515,2202700
33516,1804100
33517,1740400
33518,1724100
33519,1752100
33520,1659300
33521,1736800
33522,1792900
33523,1754600
33524,2051500
33525,1774600
33526,1769500
33527,1703600
33528,1696600
33529,1678400
33530,1661500
33531,1664300
33532,1802400
33533,2006600
33534,2090100
33535,1742200
33536,1773400
33537,1784000
33538,1676100
33539,1632100
33540,1805900
33541,1860900
33542,1879600
33543,2117000
33544,1841600
33545,1713800
33546,1642900
33547,1734000
33548,1701200
33549,1938600
33550,1735200
33551,1774800
33552,2014500
33553,1881600
33554,1813300
33555,1706700
33556,1701800
33557,1841100
33558,1828600
33559,1691100
33560,1759600
33561,1753700
33562,1813700
33563,1836100
33564,1718300
33565,1730700
33566,1766600
33567,1906000
33568,1914000
33569,1709800
33570,1846800
33571,1929600
33572,1738400
33573,1751400
33574,1687000
33575,1759800
33576,1757900
33577,1829200
33578,1761500
33579,1740300
33580,2110300
33581,1806700
33582,1817700
33583,1784200
33584,1870900
33585,1745100
33586,1818200
33587,1733000
33588,1814600
33589,1953400
33590,1745200
33591,1709600
33592,1680800
33593,1956000
33594,1980600
33595,1824100
33596,1757900
33597,1756200
33598,1911100
33599,1910700
33600,1689400
33601,1934100
33602,1797800
33603,1734900
33604,1620900
33605,1804600
33606,1681600
33607,1957300
33608,1950400
33609,1841100
33610,1809100
33611,1785900
33612,1652400
33613,1776500
33614,1687000
33615,1619300
33616,1769000
33617,2025800
33618,1778600
33619,2159200
33620,1914800
33621,2536800
33622,2270900
33623,1938000
33624,1747800
33625,1995400
33626,2010300
33627,1754700
33628,1757500
33629,1684000
33630,1671900
33631,1774500
33632,1781800
33633,1620200
33634,2101800
33635,2019100
33636,1795900
33637,1731200
33638,1694400
33639,1708700
33640,1747900
33641,1660400
33642,1704100
33643,1776200
33644,1938900
33645,1789000
33646,1715800
33647,1714500
33648,1691100
33649,1720200
33650,1758000
33651,1682300
33652,1655100
33653,2213800
33654,1905600
33655,1657500
33656,1766600
33657,1663200
33658,1811800
33659,1678100
33660,1706400
33661,1702600
33662,1956800
33663,2082600
33664,1798900
33665,1811900
33666,1678300
33667,1782400
33668,1793400
33669,1768400
33670,1702600
33671,2222600
33672,1909900
33673,1786200
33674,1764800
33675,1813400
33676,1685700
33677,1699200
33678,1650200
33679,1749900
33680,1992600
33681,2054300
33682,1747700
33683,1700100
33684,1783600
33685,1700800
33686,1723200
33687,1713500
33688,1859800
33689,1715300
33690,2025200
33691,1830100
33692,1758600
33693,1733600
33694,1678800
33695,1672000
33696,1762700
33697,1911800
33698,1741400
33699,1869600
33700,1949400
33701,1742000
33702,1790200
33703,1654600
33704,1727300
33705,1716800
33706,1966400
33707,2089200
33708,2608800
33709,2424300
33710,2033600
33711,1882200
33712,1978900
33713,1869400
33714,2223700
33715,2171700
33716,2214200
33717,2208100
33718,1952700
33719,1911100
33720,1911900
33721,2286000
33722,2049200
33723,1874600
33724,2759200
33725,2252000
33726,1882000
33727,1883000
33728,1930100
33729,2089700
33730,1959300
33731,1828600
33732,2087100
33733,2234400
33734,1901800
33735,1819100
33736,1842000
33737,2111400
33738,2009900
33739,1886100
33740,2022800
33741,2215000
33742,1945500
33743,1951000
33744,1967600
33745,2048000
33746,1933100
33747,1865200
33748,1824600
33749,1976800
33750,1987000
33751,1878900
33752,1826200
33753,2478900
33754,2124500
33755,1911400
33756,1847700
33757,2193200
33758,2015700
33759,1991100
33760,2027700
33761,1873400
33762,1878900
33763,1970700
33764,1826900
33765,1871900
33766,2239800
33767,2041900
33768,2177900
33769,1994800
33770,1841000
33771,1857500
33772,1812000
33773,1850000
33774,1866500
33775,1929600
33776,1865900
33777,1971300
33778,1866500
33779,1841300
33780,1788900
33781,1818000
33782,1883300
33783,2428500
33784,2741400
33785,2939200
33786,2436000
33787,3620800
33788,3479200
33789,2267900
33790,1891800
33791,1817700
33792,1707700
33793,1639500
33794,1708900
33795,1680300
33796,1680000
33797,1768300
33798,1971200
33799,2013100
33800,1794100
33801,1772300
33802,1721700
33803,1691000
33804,1755600
33805,1704600
33806,1706600
33807,1872100
33808,2131900
33809,1804400
33810,1740700
33811,1669500
33812,1679900
33813,1683300
33814,1837600
33815,1737300
33816,1785300
33817,1906800
33818,1781500
33819,1759900
33820,1640600
33821,1729600
33822,1623500
33823,1709700
33824,1638600
33825,1868900
33826,2088300
33827,1832700
33828,1782900
33829,1690100
33830,1644800
33831,1705700
33832,1767600
33833,1677300
33834,1798000
33835,1777800
33836,1846600
33837,1761400
33838,1732100
33839,1755000
33840,1816400
33841,1682500
33842,1827200
33843,1887800
33844,1756500
33845,1858000
33846,1766300
33847,1744300
33848,1747100
33849,1792200
33850,1650500
33851,1735500
33852,1740400
33853,1702900
33854,1759600
33855,1847700
33856,1766700
33857,1727800
33858,1762300
33859,1688300
33860,1937000
33861,1772200
33862,1721900
33863,1696500
33864,1783200
33865,1817700
33866,1717500
33867,1816800
33868,1789300
33869,1899300
33870,2041100
33871,1754500
33872,1730000
33873,1901400
33874,2005100
33875,1682700
33876,1852300
33877,1732900
33878,1846200
33879,1830900
33880,1727600
33881,1663900
33882,1740700
33883,1874100
33884,1763400
33885,1714400
33886,1775800
33887,1796400
33888,1756000
33889,1738500
33890,1735700
33891,1714900
33892,1872900
33893,1743500
33894,1761100
33895,1695400
33896,2013200
33897,1825800
33898,1851200
33899,1677600
33900,1656600
33901,2082900
33902,1893000
33903,1687800
33904,1724500
33905,2131100
33906,2343500
33907,1925900
33908,2075100
33909,2005900
33910,2033000
33911,1688400
33912,1749700
33913,1774600
33914,1787000
33915,1810400
33916,1794300
33917,1704200
33918,1668200
33919,2137700
33920,1776800
33921,1700600
33922,1804500
33923,1724200
33924,1697700
33925,1769300
33926,1688600
33927,1721500
33928,1834100
33929,1993300
33930,1788900
33931,1903600
33932,1726700
33933,1656900
33934,1831900
33935,1695600
33936,1625900
33937,1786900
33938,2119200
33939,1786000
33940,1871300
33941,1734900
33942,1681800
33943,1725900
33944,1806200
33945,1679700
33946,1768200
33947,1920000
33948,1980700
33949,1775700
33950,1703200
33951,1631500
33952,1646500
33953,1785100
33954,1689600
33955,1725200
33956,1807400
33957,2168000
33958,1866000
33959,1776200
33960,1671300
33961,1615900
33962,1729800
33963,1821700
33964,1774100
33965,2051300
33966,2463200
33967,2227300
33968,1962300
33969,1829000
33970,1727600
33971,1843500
33972,1859200
33973,1768500
33974,2116200
33975,1837000
33976,1791800
33977,1771000
33978,1734900
33979,1674500
33980,1785800
33981,1671300
33982,1622900
33983,2166400
33984,1958000
33985,1791700
33986,1734400
33987,1706500
33988,1696400
33989,1648300
33990,1689600
33991,1613500
33992,1807700
33993,2011800
33994,1761000
33995,1678200
33996,1719400
33997,1725400
33998,1720900
33999,2138100
34000,1706400
34001,1941600
34002,2008300
34003,1782700
34004,1679300
34005,1694900
34006,1799600
34007,1802700
34008,1782200
34009,1785600
34010,1943600
34011,1975600
34012,1789400
34013,1676300
34014,1689800
34015,1688600
34016,1779100
34017,1629400
34018,1945300
34019,1776400
34020,1794400
34021,1813200
34022,1744900
34023,1789400
34024,1649700
34025,1944400
34026,1736900
34027,1930100
34028,1713600
34029,1767100
34030,2159200
34031,1771200
34032,1754800
34033,1670100
34034,1760500
34035,1761400
34036,1787500
34037,1770400
34038,1703300
34039,1989100
34040,1817700
34041,1727300
34042,1762700
34043,1749800
34044,1934300
34045,1763200
34046,1737200
34047,1740900
34048,1842200
34049,1781800
34050,1733200
34051,1693900
34052,1727000
34053,1709800
34054,1706800
34055,1843800
34056,1731400
34057,1724100
34058,2125900
34059,1967500
34060,1766700
34061,1822300
34062,1725900
34063,1763500
34064,1679200
34065,1689500
34066,1735900
34067,1823900
34068,1754400
34069,1658500
34070,1781700
34071,1689700
34072,1920700
34073,1825600
34074,1658000
34075,1705300
34076,1807400
34077,1973700
34078,1662500
34079,1789300
34080,1785000
34081,1786400
34082,1678600
34083,1611700
34084,1661500
34085,1641800
34086,1790800
34087,1771100
34088,1771400
34089,1759900
34090,2056000
34091,1818100
34092,1709200
34093,1771500
34094,1703200
34095,1696300
34096,2066900
34097,1768900
34098,1822000
34099,1828500
34100,1769500
34101,1653500
34102,1716400
34103,1726900
34104,1837500
34105,2022200
34106,1918900
34107,1935200
34108,1770600
34109,1680500
34110,1810300
34111,1597000
34112,1719500
34113,1747300
34114,1760400
34115,1906800
34116,1849500
34117,2024200
34118,1801500
34119,1771400
34120,1820300
34121,1693100
34122,1626800
34123,1817600
34124,1831100
34125,1777600
34126,1793000
34127,1756400
34128,1746200
34129,1674400
34130,1748600
34131,1672900
34132,1745400
34133,2089200
34134,2052400
34135,1740800
34136,1733800
34137,1882800
34138,1766900
34139,1712000
34140,1693400
34141,1671500
34142,1899000
34143,2103600
34144,2099200
34145,1828700
34146,1760900
34147,1648100
34148,1763200
34149,1686700
34150,1733900
34151,2290500
34152,1939200
34153,1758600
34154,1666600
34155,1658200
34156,1638900
34157,1694700
34158,1708900
34159,1689000
34160,1968300
34161,2153700
34162,1922300
34163,1780300
34164,1838800
34165,1797500
34166,1744200
34167,1827600
34168,1784600
34169,3257600
34170,2147600
34171,2674800
34172,2394400
34173,2043900
34174,1938500
34175,2084400
34176,2215600
34177,2066100
34178,1837700
34179,1873300
34180,1887400
34181,1965900
34182,2030200
34183,2046500
34184,1979100
34185,2269600
34186,1919100
34187,1978400
34188,1857900
34189,1871600
34190,1991300
34191,1936000
34192,1936500
34193,2265000
34194,1986100
34195,1856300
34196,1780100
34197,1775200
34198,1802900
34199,1952600
34200,1878200
34201,1801400
34202,2022300
34203,1962300
34204,1876000
34205,1855300
34206,1795200
34207,1926500
34208,2186200
34209,1957500
34210,2094000
34211,2224800
34212,1850600
34213,1824700
34214,1892200
34215,1771100
34216,1877000
34217,1795800
34218,1784000
34219,1900500
34220,2066700
34221,1818200
34222,1890200
34223,1768400
34224,2089000
34225,1970200
34226,1845400
34227,1809100
34228,2034300
34229,1814100
34230,1866500
34231,1873100
34232,1826300
34233,2000900
34234,1869800
34235,1889800
34236,1922400
34237,2474600
34238,1889000
34239,1902900
34240,1806200
34241,1954300
34242,1935800
34243,1884500
34244,1911700
34245,1902800
34246,1956600
34247,1826900
34248,1709900
34249,1782300
34250,2078900
34251,2160000
34252,2353500
34253,2735000
34254,2349700
34255,2218900
34256,2300200
34257,2065000
34258,1975400
34259,1898800
34260,1856600
34261,1993700
34262,2214400
34263,1969600
34264,2102100
34265,2396700
34266,1938200
34267,1941200
34268,1846600
34269,2117200
34270,2142400
34271,1997600
34272,2056600
34273,1884300
34274,1820400
34275,1759600
34276,1762900
34277,1707400
34278,2148100
34279,1891200
34280,1882800
34281,1778000
34282,1727000
34283,1766200
34284,1734100
34285,1626600
34286,1646700
34287,1825900
34288,1927700
34289,1855700
34290,1746500
34291,1711000
34292,1780600
34293,1657200
34294,1795000
34295,1703200
34296,1818500
34297,2165900
34298,1849800
34299,1782200
34300,1774800
34301,1689200
34302,1772000
34303,1757800
34304,1694000
34305,1751400
34306,1927700
34307,1976000
34308,1813900
34309,1749300
34310,1752300
34311,1801400
34312,1858100
34313,1704100
34314,1715000
34315,1946400
34316,1933100
34317,1760100
34318,1683700
34319,1665000
34320,1699100
34321,1714000
34322,1748900
34323,1745800
34324,1647200
34325,2008400
34326,1818000
34327,1730900
34328,1688300
34329,1684500
34330,1624000
34331,1646600
34332,1708600
34333,1668300
34334,2357000
34335,2082700
34336,1745300
34337,1757700
34338,1760100
34339,1775100
34340,1663800
34341,1757100
34342,1890700
34343,2112600
34344,1952300
34345,1754800
34346,1744000
34347,1624700
34348,1623700
34349,1648500
34350,1768100
34351,1722800
34352,1799700
34353,1830900
34354,1764400
34355,1706600
34356,1731600
34357,1737900
34358,1637500
34359,1824400
34360,1798600
34361,1641500
34362,2015100
34363,2023000
34364,1750100
34365,1656800
34366,1689200
34367,1613000
34368,1742500
34369,1828200
34370,1713700
34371,1906700
34372,1937300
34373,1743700
34374,1650000
34375,1777600
34376,1697700
34377,1946800
34378,1741700
34379,1677400
34380,1751800
34381,2005800
34382,1812500
34383,1728300
34384,1656100
34385,1691800
34386,1892600
34387,1918000
34388,1670900
34389,1639300
34390,1807400
34391,1781400
34392,1706200
34393,1694600
34394,1671400
34395,1896800
34396,1775600
34397,1768000
34398,1672600
34399,1779600
34400,1996000
34401,1803400
34402,1752300
34403,1773300
34404,1821600
34405,1752600
34406,1742500
34407,1749700
34408,1599200
34409,1884900
34410,1826000
34411,1673700
34412,1686200
34413,1905300
34414,1806800
34415,1798600
34416,1737500
34417,1637600
34418,1770800
34419,1976700
34420,1701800
34421,2008200
34422,1913100
34423,1688100
34424,1661000
34425,1736000
34426,1680800
34427,1716400
34428,2107900
34429,1895100
34430,2164300
34431,1950500
34432,1924200
34433,1966800
34434,1828100
34435,1859100
34436,1994200
34437,2153800
34438,2090500
34439,1889300
34440,1845900
34441,1870300
34442,1767700
34443,1789800
34444,1870900
34445,2021900
34446,2474600
34447,2431700
34448,2109600
34449,2306600
34450,2068100
34451,1880400
34452,1900100
34453,2592000
34454,2028700
34455,1896500
34456,1839500
34457,1854100
34458,1885500
34459,1857400
34460,1873300
34461,2204600
34462,2139500
34463,1968300
34464,1858600
34465,1867500
34466,1904400
34467,1907800
34468,1878700
34469,1945900
34470,2274300
34471,1927700
34472,1821300
34473,1862900
34474,1822000
34475,1846500
34476,1914900
34477,2072100
34478,2258500
34479,2140100
34480,1881000
34481,1804300
34482,1846400
34483,1835300
34484,1861800
34485,1869400
34486,2112500
34487,2101900
34488,1917900
34489,1862800
34490,1803400
34491,1816100
34492,1827800
34493,1780500
34494,1952900
34495,1991900
34496,1950900
34497,1874600
34498,1967900
34499,1873100
34500,1814000
34501,1836500
34502,2239000
34503,2007500
34504,2085600
34505,2010700
34506,1909000
34507,1746600
34508,1838400
34509,1815500
34510,2340100
34511,2157800
34512,2374800
34513,2068300
34514,1852900
34515,1804900
34516,1822600
34517,1970600
34518,1925700
34519,1791600
34520,1810000
34521,1880900
34522,1749800
34523,1710100
34524,1666300
34525,1706300
34526,1637900
34527,1821900
34528,1724400
34529,1787400
34530,1766800
34531,1914800
34532,1763700
34533,1710900
34534,1639500
34535,1701900
34536,1883000
34537,1793000
34538,2173600
34539,1652100
34540,2166800
34541,1866000
34542,1774300
34543,1746400
34544,1985300
34545,1737500
34546,1833400
34547,1716000
34548,1668000
34549,1958200
34550,1780900
34551,1777600
34552,1772000
34553,1824800
34554,1819200
34555,1711200
34556,1709400
34557,1720300
34558,1732200
34559,1845200
34560,1736600
34561,1713500
34562,1935500
34563,1851300
34564,1755800
34565,1729100
34566,1694300
34567,1789700
34568,2063100
34569,1831500
34570,1670300
34571,1902000
34572,1721900
34573,1648600
34574,1722600
34575,1728600
34576,1698600
34577,1956400
34578,1953900
34579,1738100
34580,1884300
34581,1766900
34582,1725800
34583,1741900
34584,1694900
34585,1763900
34586,1918000
34587,1984800
34588,1861100
34589,1847200
34590,1688000
34591,1801400
34592,1601800
34593,1773600
34594,1663200
34595,1743800
34596,1890500
34597,1821700
34598,1975100
34599,1833500
34600,1714200
34601,1783600
34602,1793700
34603,1662400
34604,1648700
34605,2200000
34606,1873900
34607,1900900
34608,1801300
34609,1667800
34610,1709600
34611,1705300
34612,1675200
34613,1705000
34614,1848200
34615,1897300
34616,1898300
34617,1756200
34618,1837300
34619,1752600
34620,1704400
34621,1728400
34622,1670800
34623,1719300
34624,1804300
34625,1883100
34626,1733500
34627,1746700
34628,1677900
34629,1740900
34630,1759600
34631,1669500
34632,1634700
34633,2251000
34634,1987300
34635,1773900
34636,1789900
34637,1791600
34638,1672600
34639,1640300
34640,1693000
34641,1710100
34642,1971100
34643,2119700
34644,1736900
34645,1826100
34646,1632500
34647,1760700
34648,1704900
34649,1714200
34650,1683300
34651,1939000
34652,2102900
34653,1877000
34654,1665800
34655,1703600
34656,1701000
34657,1707000
34658,1714800
34659,1965800
34660,1795700
34661,2108000
34662,1884400
34663,1704500
34664,1736100
34665,1788700
34666,1749100
34667,1726300
34668,1910400
34669,1770100
34670,2002900
34671,1781900
34672,1668700
34673,1652000
34674,1575500
34675,1679700
34676,1683400
34677,1943300
34678,1824800
34679,1925400
34680,1993800
34681,1703500
34682,1771000
34683,1732500
34684,1706900
34685,1764600
34686,1982500
34687,2135800
34688,1859200
34689,2008000
34690,1759400
34691,1711000
34692,1671500
34693,1688900
34694,1676000
34695,2116300
34696,1866100
34697,1704000
34698,2006700
34699,1838200
34700,1683000
34701,1718300
34702,1660200
34703,1907100
34704,1887100
34705,1754000
34706,1718100
34707,2000100
34708,1907500
34709,1639800
34710,1788600
34711,1716500
34712,1757000
34713,1829200
34714,1749000
34715,1708400
34716,1992500
34717,1829200
34718,1752700
34719,1709600
34720,1733400
34721,2501800
34722,2018200
34723,2419400
34724,2434700
34725,2125500
34726,1766500
34727,1818900
34728,1881100
34729,1831400
34730,1803000
34731,1645400
34732,1678500
34733,1770500
34734,2096700
34735,1806500
34736,1751500
34737,1758900
34738,1787000
34739,1710300
34740,1767800
34741,1660900
34742,1722000
34743,1874700
34744,1773400
34745,1749500
34746,1907800
34747,1835900
34748,1690400
34749,1908700
34750,1698900
34751,1692000
34752,1879900
34753,1762500
34754,1696200
34755,1946300
34756,1882600
34757,1702700
34758,1740000
34759,1699900
34760,1699900
34761,1949700
34762,2060400
34763,1893300
34764,1748000
34765,1856700
34766,1758000
34767,1743000
34768,1644100
34769,1724300
34770,1694200
34771,1914000
34772,1899500
34773,1779400
34774,1737100
34775,1701600
34776,1686800
34777,1736500
34778,1706500
34779,1693300
34780,1975100
34781,1968400
34782,1680000
34783,1721900
34784,1756700
34785,1709400
34786,1721900
34787,1785000
34788,1696000
34789,1785800
34790,2538100
34791,1912300
34792,1806300
34793,1670000
34794,1695100
34795,1722200
34796,1677800
34797,1718800
34798,1999600
34799,2259500
34800,2262400
34801,2262200
34802,2065000
34803,1944200
34804,1902600
34805,1890700
34806,2153700
34807,2078100
34808,1894000
34809,1832900
34810,1854300
34811,1847400
34812,1832500
34813,1838100
34814,2175600
34815,2726900
34816,2100100
34817,1914800
34818,1935800
34819,1906800
34820,1830500
34821,2054400
34822,1991300
34823,2025700
34824,2201500
34825,1960400
34826,1947000
34827,1988100
34828,1961400
34829,2198200
34830,2201100
34831,2233700
34832,2290500
34833,1997600
34834,1903500
34835,2050600
34836,2238700
34837,2036700
34838,2016200
34839,2068600
34840,2118400
34841,1967800
34842,1964600
34843,1994400
34844,2604800
34845,2349900
34846,2178400
34847,2234100
34848,2378300
34849,2062300
34850,2086800
34851,2272800
34852,2090800
34853,2169300
34854,2132500
34855,2305900
34856,2134900
34857,2128000
34858,2118200
34859,2058700
34860,1979800
34861,2139500
34862,2149400
34863,2236500
34864,2123800
34865,1995700
34866,2313200
34867,2035400
34868,2073000
34869,2101600
34870,2636800
34871,2424800
34872,2152500
34873,2018800
34874,2022400
34875,2111700
34876,2045900
34877,2051400
34878,2592000
34879,2279800
34880,2477400
34881,4019200
34882,2198400
34883,2842000
34884,5191600
34885,3027500
34886,2028100
34887,1851100
34888,1859500
34889,1914900
34890,2282700
34891,2107600
34892,1899400
34893,1918800
34894,1964600
34895,1916800
34896,1859800
34897,1796800
34898,1971500
34899,2083200
34900,1881500
34901,1701300
34902,1838800
34903,1669900
34904,1716500
34905,1633600
34906,1606400
34907,1761200
34908,1866400
34909,2084600
34910,1799500
34911,1721700
34912,1771300
34913,1744500
34914,1743100
34915,1742500
34916,1720300
34917,1817000
34918,1815300
34919,1854300
34920,1647700
34921,1746600
34922,1663200
34923,1755000
34924,1898800
34925,1737300
34926,1664400
34927,1858900
34928,1986100
34929,1791800
34930,1663000
34931,1644500
34932,1845100
34933,1734100
34934,1716200
34935,1709200
34936,1712200
34937,1939300
34938,1701500
34939,1707700
34940,1696300
34941,1706000
34942,1785100
34943,1688500
34944,1664600
34945,1740600
34946,1937000
34947,2080600
34948,1670900
34949,1782100
34950,1957300
34951,1954800
34952,1830400
34953,1752200
34954,1687800
34955,2139000
34956,1810500
34957,1685000
34958,1695500
34959,1868300
34960,1828800
34961,1735100
34962,1694700
34963,1677900
34964,1790900
34965,1879700
34966,1803200
34967,1740700
34968,1816900
34969,1654700
34970,1629300
34971,1800600
34972,1732100
34973,1723300
34974,1797100
34975,1763200
34976,2288100
34977,2303100
34978,1965200
34979,2102700
34980,1950100
34981,1764100
34982,1978300
34983,2037300
34984,1934800
34985,1762100
34986,1776300
34987,1772500
34988,1719300
34989,1679200
34990,1628700
34991,1669600
34992,1844100
34993,1794000
34994,1773800
34995,1707500
34996,1648400
34997,1718200
34998,1747400
34999,1714800
35000,1669000
35001,1879900
35002,1982800
35003,1777600
35004,1671200
35005,1739800
35006,1743000
35007,1747900
35008,1665800
35009,1668000
35010,1712700
35011,2369800
35012,1953500
35013,1776400
35014,1672000
35015,1799900
35016,1690900
35017,1722400
35018,1672900
35019,1682700
35020,2352800
35021,1853700
35022,1750500
35023,1767500
35024,1706200
35025,1692100
35026,1855300
35027,1721500
35028,1645300
35029,2033000
35030,1750800
35031,1771600
35032,1747900
35033,1756600
35034,1706700
35035,1741800
35036,1753400
35037,1813200
35038,1941000
35039,1972400
35040,1839700
35041,1773000
35042,1692600
35043,1716300
35044,1652200
35045,1869000
35046,1966500
35047,2325100
35048,1986900
35049,1834200
35050,1849000
35051,1817700
35052,1880100
35053,1907800
35054,1838400
35055,1782200
35056,1825600
35057,1812900
35058,1780700
35059,1745100
35060,1638300
35061,1672200
35062,1707200
35063,1812000
35064,1839400
35065,1782400
35066,1866900
35067,1811200
35068,1656100
35069,1691400
35070,1653100
35071,1687300
35072,1841300
35073,1794800
35074,12065300
35075,2485200
35076,2019900
35077,1752100
35078,1793300
35079,1776900
35080,1708900
35081,1751300
35082,1694400
35083,1730800
35084,1809000
35085,1667000
35086,1624400
35087,1778600
35088,1818500
35089,1721300
35090,1726500
35091,1758300
35092,1772600
35093,1777000
35094,1792300
35095,1755800
35096,1640000
35097,1692900
35098,1803400
35099,1815400
35100,1717100
35101,1849400
35102,2220000
35103,1896300
35104,1744400
35105,1633600
35106,1919600
35107,1885700
35108,1744700
35109,1811200
35110,1897100
35111,1794800
35112,1762500
35113,1885300
35114,1708100
35115,1738200
35116,1965700
35117,1745100
35118,1773300
35119,1762900
35120,1741600
35121,1728600
35122,1656000
35123,1728200
35124,1606800
35125,1866200
35126,1888000
35127,2164600
35128,2016800
35129,1749500
35130,1755000
35131,1789300
35132,1739900
35133,1755000
35134,1800600
35135,1980900
35136,1926800
35137,1783200
35138,1678500
35139,1616500
35140,1691100
35141,1652900
35142,1711900
35143,1743600
35144,1842500
35145,1876900
35146,1634500
35147,1774300
35148,1614800
35149,1757800
35150,1763400
35151,1760700
35152,1640700
35153,1752800
35154,2153900
35155,1752200
35156,1648600
35157,1733900
35158,1642500
35159,1713800
35160,1740700
35161,1694000
35162,1738000
35163,2055800
35164,1843700
35165,1695600
35166,1708900
35167,1702800
35168,1662700
35169,1820500
35170,1607100
35171,1651600
35172,2291700
35173,2029500
35174,1891700
35175,1736900
35176,1685900
35177,1703600
35178,1728400
35179,1740700
35180,1773600
35181,1920800
35182,1963300
35183,1808400
35184,1740600
35185,1719100
35186,1694900
35187,1676700
35188,1769000
35189,1818100
35190,1908300
35191,2018700
35192,1791800
35193,1724200
35194,1687800
35195,1660500
35196,1651200
35197,1914100
35198,1709600
35199,1733600
35200,2009400
35201,1906200
35202,1701000
35203,1654300
35204,1639600
35205,1620800
35206,1858700
35207,1764100
35208,1728200
35209,1911300
35210,1829100
35211,1754900
35212,1654200
35213,1691200
35214,1670200
35215,1683000
35216,2167800
35217,1756000
35218,1802300
35219,2007000
35220,1709200
35221,1682100
35222,1647800
35223,1623700
35224,1829500
35225,2290000
35226,1961800
35227,1819100
35228,2175600
35229,1847000
35230,1706700
35231,1771800
35232,1898200
35233,1727800
35234,1766900
35235,1718700
35236,1679900
35237,1941600
35238,1862500
35239,1689200
35240,1753100
35241,1909300
35242,1848900
35243,1974500
35244,1698900
35245,1690300
35246,1871600
35247,1989400
35248,1638700
35249,1761200
35250,1890100
35251,1802200
35252,1758800
35253,1739700
35254,1685700
35255,1862300
35256,1926000
35257,1768200
35258,1681000
35259,2361000
35260,2118700
35261,2544200
35262,2116100
35263,2164500
35264,2020500
35265,1827600
35266,1800000
35267,1701600
35268,1625900
35269,1724500
35270,1841800
35271,1690200
35272,1703200
35273,2014300
35274,1758900
35275,1859400
35276,1678300
35277,1703800
35278,1774200
35279,1837600
35280,1656600
35281,1635800
35282,1787500
35283,1815900
35284,1894500
35285,1711000
35286,1704400
35287,1747800
35288,1681200
35289,1886000
35290,1642400
35291,1658000
35292,2191900
35293,1876100
35294,1792400
35295,1808700
35296,1817700
35297,1766200
35298,1733600
35299,1691500
35300,1679900
35301,1946200
35302,1920500
35303,1808900
35304,1787800
35305,1653000
35306,1640400
35307,1732000
35308,1766200
35309,1688900
35310,1812000
35311,2049100
35312,1842400
35313,1729500
35314,1675800
35315,1641500
35316,1692000
35317,1744500
35318,1767900
35319,1772100
35320,2404400
35321,2019300
35322,1752400
35323,1784900
35324,1663100
35325,1706300
35326,1695100
35327,1700500
35328,1941900
35329,2239300
35330,1831900
35331,1702700
35332,1745800
35333,1672600
35334,1720600
35335,1777100
35336,1633400
35337,1979700
35338,2547800
35339,2471300
35340,2381300
35341,2205300
35342,2016300
35343,2148800
35344,2070900
35345,2083600
35346,2035000
35347,1942000
35348,1856900
35349,1930900
35350,1889000
35351,1951300
35352,2464300
35353,2363500
35354,2325000
35355,2131300
35356,2063300
35357,2075000
35358,2267000
35359,2213400
35360,2085800
35361,2440000
35362,2001800
35363,1884400
35364,1826000
35365,1865300
35366,1903500
35367,2114100
35368,1968800
35369,2063900
35370,1968000
35371,1840000
35372,1884200
35373,1888500
35374,1762700
35375,1965200
35376,2028200
35377,1916000
35378,2116900
35379,2075700
35380,1858200
35381,1873600
35382,1847000
35383,2002500
35384,1881400
35385,1856800
35386,1846000
35387,2028400
35388,1880800
35389,1854600
35390,1774700
35391,1942700
35392,1876200
35393,1891200
35394,1812900
35395,1893000
35396,1995100
35397,1842100
35398,1873400
35399,1993400
35400,1875900
35401,1845700
35402,1904500
35403,1861700
35404,2106200
35405,2196100
35406,1848300
35407,1819000
35408,1993500
35409,1807700
35410,1843300
35411,1850600
35412,1961600
35413,2010700
35414,1898100
35415,1836100
35416,2085700
35417,1907700
35418,1893000
35419,1991400
35420,1800900
35421,1847400
35422,2259800
35423,1891700
35424,1984400
35425,1951300
35426,1931300
35427,1896500
35428,1834100
35429,1880500
35430,2019900
35431,1966500
35432,2046800
35433,1923000
35434,1790200
35435,1774300
35436,1820500
35437,1755000
35438,1742200
35439,1839700
35440,1906500
35441,1735200
35442,1703900
35443,1736500
35444,1784300
35445,1666400
35446,1817700
35447,1651500
35448,1754100
35449,2170200
35450,1832000
35451,1684500
35452,1847300
35453,1729100
35454,1659500
35455,1741500
35456,1648200
35457,1661800
35458,2124000
35459,1832200
35460,1725900
35461,1742100
35462,1700300
35463,1684500
35464,1664000
35465,1632300
35466,1675100
35467,2046400
35468,1865600
35469,1784200
35470,1695500
35471,1762300
35472,1701400
35473,1701600
35474,1933000
35475,1874900
35476,1815600
35477,1977700
35478,1877600
35479,1721300
35480,1730700
35481,1743900
35482,1684000
35483,1742300
35484,1954400
35485,1822500
35486,1900600
35487,1821900
35488,1710900
35489,1674200
35490,1694800
35491,1647900
35492,1751200
35493,1833600
35494,1743300
35495,1890200
35496,2011200
35497,1757700
35498,1738800
35499,1692300
35500,1756100
35501,1669500
35502,2078300
35503,1792200
35504,1774800
35505,1946800
35506,1711900
35507,1759500
35508,1740300
35509,1768000
35510,1737100
35511,2066300
35512,2163700
35513,2323200
35514,2329600
35515,1895300
35516,1792300
35517,1657500
35518,1788900
35519,1825700
35520,1785900
35521,1680200
35522,1940800
35523,1894000
35524,1712400
35525,1753100
35526,1655500
35527,1989700
35528,1904600
35529,1777400
35530,1694000
