idx,delta_ns
0,3290600
1,2963100
2,2233800
3,1953700
4,2751300
5,3775000
6,3138000
7,2662300
8,1942900
9,3233600
10,3948600
11,3757100
12,3670100
13,3125500
14,2607800
15,3649400
16,4032600
17,3614300
18,3152100
19,2253500
20,2503700
21,2455000
22,2792200
23,2795500
24,2876500
25,2975200
26,3914200
27,2644100
28,2408700
29,2907200
30,3122700
31,3378100
32,2920200
33,2808500
34,2726200
35,2924900
36,3233700
37,3354000
38,2716800
39,2617500
40,2767400
41,3132500
42,3636200
43,3004900
44,2284900
45,2848400
46,2895100
47,3707700
48,3081700
49,2356800
50,3029400
51,2771300
52,3626400
53,2634300
54,2744200
55,2887300
56,2873600
57,2991000
58,3346100
59,2834100
60,2663100
61,2836400
62,2859000
63,2858900
64,2912700
65,3217000
66,2879200
67,2851000
68,3517300
69,2799800
70,2640800
71,2956300
72,3144600
73,2880400
74,2839900
75,2842300
76,2980900
77,3223400
78,2942300
79,3382100
80,2577700
81,2489400
82,3196500
83,3294800
84,2596100
85,3181100
86,2820600
87,2873600
88,3388900
89,3366000
90,2774600
91,2492400
92,2744700
93,2951000
94,3432000
95,2659700
96,2867700
97,2858200
98,2895900
99,3026100
100,3289800
101,2737700
102,2846500
103,2881700
104,2845900
105,4050200
106,2852500
107,2377700
108,2633700
109,2825900
110,3456300
111,3110700
112,2832300
113,2850700
114,2935000
115,2870800
116,4301000
117,2943700
118,2104900
119,2865600
120,2908500
121,3380100
122,3672600
123,2858800
124,2314300
125,2870900
126,3035200
127,3204300
128,2785100
129,2905200
130,2879100
131,2996400
132,3827200
133,3096500
134,2059600
135,2902600
136,2846400
137,3052100
138,3019000
139,3111700
140,3068200
141,2897700
142,3288900
143,3024600
144,2873500
145,2754700
146,2854100
147,3130300
148,2760700
149,2910800
150,3442400
151,2767600
152,2850000
153,3712900
154,2637700
155,2713200
156,3117700
157,2920600
158,3483900
159,2336200
160,3140000
161,3258600
162,2796600
163,3215500
164,3281700
165,2568200
166,2578600
167,3132700
168,2867200
169,3910300
170,2735600
171,1986100
172,2808500
173,3197000
174,3278400
175,3155300
176,2438800
177,2795700
178,3247700
179,2954200
180,2977600
181,2782800
182,2923400
183,2911200
184,3190700
185,3634400
186,2585200
187,2305900
188,2887000
189,3360200
190,3212800
191,2487700
192,2822500
193,2893900
194,3182300
195,3168300
196,3418400
197,2560700
198,2429100
199,2876000
200,3345000
201,3177500
202,2797700
203,2906600
204,2798800
205,2898400
206,3304400
207,2796000
208,2913600
209,2853300
210,3154400
211,2989200
212,3949300
213,2906500
214,1957600
215,2893200
216,2881800
217,3562000
218,3299500
219,2757300
220,2586000
221,2921700
222,3494500
223,3426300
224,2925900
225,2189700
226,2949400
227,2928800
228,3295100
229,3200300
230,2856200
231,2884200
232,3006100
233,3684800
234,3288300
235,2212400
236,2916300
237,2977800
238,3504500
239,2995600
240,2592600
241,2836700
242,2876500
243,3210100
244,3432100
245,2927700
246,2540600
247,2823000
248,2981900
249,2756100
250,3098300
251,3077900
252,2869000
253,2879100
254,3849700
255,2677800
256,2359400
257,3055100
258,3314800
259,2957600
260,2971100
261,3152600
262,3004100
263,2820000
264,3256800
265,3265100
266,3017700
267,2224000
268,3282400
269,3113600
270,2597000
271,2862000
272,3022300
273,3173900
274,2993600
275,3526000
276,2496300
277,2529000
278,2958700
279,3196900
280,2792400
281,2904500
282,2902400
283,2848500
284,3274100
285,2990900
286,3244100
287,2633200
288,2493600
289,2875200
290,3004600
291,3130100
292,3204000
293,2488200
294,3185100
295,2994000
296,4218300
297,3217700
298,2717000
299,2207500
300,2311500
301,3163500
302,2974500
303,2810400
304,2869300
305,2930600
306,2889000
307,4518900
308,2716200
309,2380100
310,2914100
311,2910500
312,3111500
313,3067100
314,2912300
315,2865000
316,2941500
317,3538500
318,3207200
319,2598100
320,2701000
321,2961600
322,2912800
323,2909500
324,3264300
325,2851800
326,3268600
327,2771200
328,3659100
329,2943700
330,2572300
331,2925500
332,2941900
333,2956500
334,3004500
335,3150800
336,2851300
337,2873800
338,3321500
339,3171600
340,3056400
341,2661400
342,2805100
343,3014500
344,2828800
345,3226000
346,3070800
347,2825600
348,3036000
349,3877800
350,2462100
351,2957600
352,2865900
353,2940800
354,3235200
355,2636200
356,2880300
357,3344000
358,2812000
359,3835200
360,3012000
361,1947100
362,2938000
363,3219300
364,3042200
365,2841200
366,2856700
367,2863400
368,3486800
369,3121200
370,3173000
371,2529800
372,2606700
373,3058400
374,3339100
375,2744300
376,2859900
377,2856400
378,2853600
379,3143200
380,4490500
381,3110600
382,2160800
383,2497400
384,2919500
385,3262400
386,2771600
387,2915300
388,2834000
389,2921800
390,3075100
391,3931700
392,2760900
393,2125700
394,3225200
395,2515300
396,3292200
397,2758900
398,2900800
399,2803800
400,2930000
401,3943300
402,3581300
403,2498200
404,2077000
405,2847900
406,2981400
407,2873800
408,3198800
409,2800200
410,2806600
411,2803100
412,3949900
413,3453100
414,2165100
415,2528800
416,2854300
417,2994900
418,2804200
419,3159800
420,2893800
421,2765300
422,3198300
423,3820400
424,3226700
425,2267300
426,2593600
427,2862500
428,3106800
429,2476300
430,3293300
431,2839100
432,2747200
433,3779900
434,2892000
435,2332500
436,2953300
437,2837400
438,3107700
439,3373700
440,2672500
441,2636900
442,3037300
443,3153500
444,3558600
445,2776100
446,2148300
447,3362000
448,2811100
449,2928300
450,2869000
451,2924900
452,3075100
453,3294200
454,3775900
455,3026200
456,2349600
457,2469600
458,2975200
459,3254200
460,2861000
461,2840300
462,3348500
463,2663900
464,3293600
465,3507700
466,2740900
467,2220800
468,2918100
469,3117400
470,3122800
471,2828600
472,2939700
473,2927200
474,2915700
475,4453300
476,2912400
477,1938600
478,2696200
479,2919900
480,3720100
481,3417900
482,2677600
483,2573700
484,2952900
485,3785600
486,3546700
487,2464900
488,2490000
489,2859800
490,2958200
491,3054100
492,3281500
493,2780100
494,2909600
495,3632400
496,4326900
497,3800000
498,2084700
499,1975800
500,2675600
501,2847400
502,2970800
503,3310600
504,2756200
505,2857700
506,3708800
507,3259800
508,2781700
509,2153600
510,2898100
511,3009700
512,2745200
513,2999000
514,3253500
515,2787600
516,3065400
517,3637700
518,2657000
519,2434700
520,3028700
521,2895100
522,3123900
523,2865900
524,2871300
525,3673400
526,2756700
527,3865500
528,3265800
529,2270100
530,2642000
531,2781400
532,2805400
533,2853300
534,3293900
535,2478500
536,3180200
537,3876300
538,3603400
539,2685700
540,2036900
541,2669200
542,3228500
543,2730900
544,2846700
545,2863300
546,2874700
547,3025600
548,4055600
549,2872600
550,2149800
551,2536800
552,2739500
553,3327300
554,3195900
555,2750100
556,2904800
557,2856900
558,3359800
559,3900000
560,2835900
561,1862000
562,2809400
563,2897100
564,3606600
565,2768600
566,2782900
567,2864200
568,3072800
569,3601300
570,3216400
571,2103800
572,2874000
573,2858500
574,3171200
575,2884300
576,3307900
577,2786900
578,2869200
579,3768700
580,3143500
581,2476100
582,2589400
583,3009500
584,3128400
585,2758400
586,3132300
587,3103700
588,2726300
589,2832500
590,3035800
591,3069100
592,2970500
593,3194400
594,3135000
595,3536600
596,2579500
597,2432500
598,3763100
599,2400400
600,3125100
601,2941000
602,3087000
603,2810000
604,3149900
605,3507800
606,3805300
607,3123800
608,1896400
609,2502300
610,3297200
611,2771200
612,2951000
613,2844700
614,2972400
615,3157900
616,3630700
617,2792500
618,2251800
619,2695900
620,2967000
621,3355100
622,2717800
623,2904600
624,2923200
625,2811300
626,3559100
627,3533200
628,2727200
629,2139900
630,2989100
631,3085100
632,7042200
633,2583100
634,1861000
635,2002600
636,3234300
637,3050100
638,2787900
639,2912200
640,2893400
641,2751900
642,3889300
643,3121700
644,2473200
645,2502900
646,2927600
647,3537700
648,3617000
649,2729700
650,2322700
651,2687700
652,3164100
653,2721200
654,3119200
655,2794600
656,2827000
657,2874800
658,2922700
659,2862600
660,3146500
661,2886900
662,2833300
663,3682700
664,3202800
665,2865400
666,2689800
667,2524800
668,2892100
669,3128300
670,2695600
671,3413500
672,2719900
673,3106100
674,3765900
675,2867100
676,2222900
677,2733400
678,2900600
679,2891000
680,2876500
681,2887300
682,3309500
683,2818500
684,3113200
685,3681700
686,2582900
687,2573900
688,3034700
689,2958800
690,2740200
691,3031400
692,2695300
693,3386900
694,2781300
695,3204800
696,2606600
697,2854700
698,2879000
699,3223800
700,3996200
701,2911800
702,2640500
703,1852100
704,3242400
705,3267000
706,3415400
707,2662500
708,2567500
709,2874200
710,3572500
711,2871500
712,2720300
713,2960500
714,2886100
715,3056800
716,3403300
717,3220200
718,2935300
719,2411100
720,2937000
721,3402900
722,2782700
723,2884400
724,2887600
725,2966700
726,3175000
727,4113100
728,3447900
729,2428400
730,2065900
731,2840400
732,3060100
733,3123400
734,3198400
735,2589000
736,2910900
737,3248100
738,4110700
739,3047300
740,2040600
741,2469300
742,2981400
743,3168900
744,3066200
745,2796000
746,2854800
747,3053000
748,4344400
749,3652600
750,1993200
751,2234700
752,2827200
753,2926700
754,2967600
755,3133400
756,2890400
757,2853700
758,3441000
759,3511200
760,3758500
761,2036100
762,2203100
763,3284400
764,2816000
765,2936900
766,3245300
767,2828800
768,3552700
769,3348000
770,3704300
771,2534900
772,2174500
773,2356700
774,3116200
775,2770600
776,2742200
777,3283800
778,2855600
779,3112200
780,2717500
781,2758200
782,3322200
783,3062900
784,2747100
785,3921500
786,3316500
787,2286200
788,2422600
789,3083800
790,3713500
791,3787500
792,2521100
793,2435000
794,2452400
795,2841800
796,2907600
797,2740900
798,2954000
799,3063800
800,3100800
801,2836000
802,3250500
803,2503300
804,2854800
805,3013400
806,4016600
807,3694800
808,2348400
809,2051500
810,2567200
811,3796100
812,3390800
813,2974800
814,2053300
815,2989300
816,3074000
817,3231500
818,2867100
819,2948500
820,2833200
821,3066200
822,3473300
823,2729300
824,3108700
825,2733900
826,2873300
827,3947200
828,3401100
829,2303500
830,2645600
831,2925300
832,3327600
833,2879500
834,3008000
835,2952100
836,3216300
837,3001200
838,4018100
839,3214400
840,2137700
841,2175600
842,3455100
843,2762000
844,2861600
845,3309700
846,2745100
847,2879500
848,3801800
849,3417300
850,2399300
851,2318500
852,2951100
853,3138900
854,2701400
855,3043400
856,3314800
857,2951200
858,3351700
859,3183700
860,2946500
861,2574400
862,2863100
863,2982300
864,2771900
865,2797200
866,3020300
867,3155900
868,2813400
869,3728800
870,3480600
871,2215900
872,2424000
873,2970400
874,3069500
875,2609900
876,2823400
877,3336300
878,3149900
879,2979900
880,3599700
881,3042100
882,2075700
883,2627300
884,3275500
885,2742900
886,2884400
887,2737600
888,2884300
889,3328100
890,3598000
891,4019200
892,3059400
893,1918700
894,2435500
895,3342900
896,2774500
897,3045300
898,2887600
899,2854400
900,3029500
901,4051800
902,3469700
903,3055800
904,2054400
905,2181300
906,3094400
907,2806000
908,2804200
909,2899600
910,2829300
911,3487600
912,3749600
913,2918800
914,2055900
915,2602400
916,2844400
917,4334500
918,3165000
919,2289900
920,2534100
921,2939100
922,3141900
923,3122400
924,2754400
925,2886900
926,2927600
927,3158700
928,4081600
929,4498800
930,3102500
931,2185700
932,2164000
933,2860500
934,3316100
935,2805200
936,2892800
937,2882600
938,4523100
939,4668200
940,3301700
941,2094800
942,2412100
943,2640500
944,3468000
945,2806600
946,2764800
947,2843300
948,3773200
949,4090700
950,3284400
951,2151800
952,2238500
953,2637600
954,3138900
955,2834500
956,3195600
957,2817000
958,3196000
959,3864000
960,3962000
961,2244700
962,2192500
963,2240200
964,3929100
965,4240300
966,3419500
967,2205800
968,2294200
969,3526200
970,4035500
971,4276900
972,3070500
973,2837600
974,2287900
975,2512300
976,2551500
977,3136200
978,2828500
979,2951200
980,2877900
981,2960500
982,3045700
983,3086600
984,3477000
985,4191100
986,3331800
987,2535400
988,2491800
989,2752800
990,2673100
991,2939100
992,3133700
993,2944000
994,3378400
995,3883900
996,4015900
997,2605900
998,2357700
999,2795900
1000,2495900
1001,2741400
1002,2873300
1003,2851900
1004,3335000
1005,3086300
1006,2819600
1007,3184700
1008,2753400
1009,2937800
1010,4150600
1011,4394800
1012,3289700
1013,2193200
1014,2421000
1015,2848700
1016,3043800
1017,2842800
1018,2898000
1019,2788400
1020,3847300
1021,4090500
1022,3883700
1023,2459300
1024,2091100
1025,2693300
1026,2666100
1027,3011000
1028,2916500
1029,2816000
1030,2870700
1031,3368000
1032,2954400
1033,2548200
1034,2913700
1035,2832200
1036,3260800
1037,4469500
1038,4881400
1039,3509900
1040,3506700
1041,5459500
1042,4189900
1043,5324800
1044,4652900
1045,4560700
1046,3593500
1047,3589900
1048,3936100
1049,3991400
1050,2405100
1051,2208800
1052,2266600
1053,3834600
1054,3739100
1055,2182600
1056,2199800
1057,3068100
1058,3734100
1059,3427600
1060,2182100
1061,2082400
1062,2743400
1063,2858100
1064,2730300
1065,2826600
1066,2965800
1067,3024300
1068,2983600
1069,2696500
1070,2768400
1071,2789400
1072,3294300
1073,3087500
1074,3842000
1075,3581500
1076,2059000
1077,2235100
1078,3273600
1079,3543900
1080,3408100
1081,2542900
1082,2076500
1083,2804800
1084,3236300
1085,2783200
1086,2819300
1087,2873500
1088,2852200
1089,3422800
1090,2962000
1091,2725700
1092,3035100
1093,2935300
1094,3068400
1095,3878200
1096,3090900
1097,2220000
1098,2364100
1099,2885400
1100,3330500
1101,3624400
1102,2721500
1103,2223400
1104,2852000
1105,2934300
1106,4337200
1107,3184000
1108,2153600
1109,2446300
1110,2871900
1111,3085700
1112,3363500
1113,2738000
1114,2914100
1115,2833300
1116,3232900
1117,3891000
1118,2978400
1119,1990300
1120,2662400
1121,2863700
1122,3145000
1123,3143300
1124,2732600
1125,2905800
1126,2915700
1127,3378500
1128,3499900
1129,2710100
1130,2367800
1131,2868800
1132,3059400
1133,2766400
1134,3395700
1135,2784600
1136,2857000
1137,2886100
1138,2900800
1139,3011800
1140,3239500
1141,2838800
1142,2863400
1143,3545700
1144,3148800
1145,3032700
1146,2544900
1147,2886700
1148,3271300
1149,2658200
1150,2928900
1151,3420500
1152,3099400
1153,3451700
1154,3271800
1155,2907200
1156,2405700
1157,3025500
1158,2914500
1159,2918500
1160,2907600
1161,3022000
1162,3336900
1163,2693100
1164,4096100
1165,3945100
1166,2783600
1167,2169000
1168,2362100
1169,2918800
1170,2903500
1171,2816000
1172,3037200
1173,3284200
1174,3049200
1175,3645500
1176,2948000
1177,1984300
1178,2975000
1179,3117300
1180,2911500
1181,2861900
1182,2822100
1183,2867900
1184,3732500
1185,3232000
1186,3446600
1187,2589900
1188,2366300
1189,3129400
1190,3229300
1191,2763400
1192,2796700
1193,2857300
1194,2896700
1195,3511000
1196,3640400
1197,2966300
1198,1989200
1199,2605900
1200,3434100
1201,2813600
1202,2780000
1203,2793100
1204,2928600
1205,2916100
1206,3483000
1207,3694500
1208,2846200
1209,2062800
1210,2559000
1211,3190300
1212,2940200
1213,3160700
1214,2838400
1215,2857700
1216,2809800
1217,3273000
1218,3038800
1219,2729300
1220,2917200
1221,2821200
1222,2939800
1223,4522000
1224,3423500
1225,1920900
1226,2219000
1227,2837100
1228,3887400
1229,3696400
1230,2213300
1231,1980200
1232,2922900
1233,2941100
1234,3000400
1235,3175900
1236,2757800
1237,2871600
1238,3066300
1239,2768200
1240,3177100
1241,2953100
1242,2800400
1243,2840600
1244,3778200
1245,3431900
1246,2593200
1247,2468200
1248,2874500
1249,3578100
1250,3124300
1251,2650400
1252,2638600
1253,2847500
1254,3046800
1255,3932500
1256,3156800
1257,2236100
1258,2863600
1259,2899700
1260,3355500
1261,2729600
1262,3039400
1263,3149200
1264,2891900
1265,3945300
1266,4716500
1267,3808700
1268,2461200
1269,2369100
1270,2856500
1271,2850500
1272,3050600
1273,2937100
1274,2825600
1275,3744700
1276,4302700
1277,3163200
1278,2468900
1279,2463800
1280,2717900
1281,2902600
1282,2956400
1283,2953600
1284,3286900
1285,3180100
1286,4564900
1287,3484300
1288,2204100
1289,2572600
1290,3070000
1291,2735500
1292,2738400
1293,2968300
1294,2856600
1295,3928300
1296,4371000
1297,3618900
1298,2790900
1299,2584200
1300,2618700
1301,2291800
1302,3056800
1303,2908000
1304,2821700
1305,3326300
1306,4004600
1307,3337500
1308,1967300
1309,2231800
1310,2863200
1311,3118000
1312,3062700
1313,2844100
1314,2945700
1315,2806600
1316,3418600
1317,4035300
1318,3344800
1319,2055400
1320,2143400
1321,3267900
1322,2863200
1323,2999100
1324,2843300
1325,2931300
1326,2794500
1327,3978900
1328,3904100
1329,2418700
1330,2137800
1331,2638200
1332,2890700
1333,3181200
1334,3260900
1335,2696200
1336,2845500
1337,3185400
1338,3775700
1339,3738200
1340,2089800
1341,2194000
1342,2961900
1343,2961200
1344,2918300
1345,3121300
1346,2839500
1347,2867600
1348,3502800
1349,3529200
1350,2913700
1351,2109400
1352,2782600
1353,3073500
1354,2782000
1355,2799100
1356,3158700
1357,3057700
1358,3048000
1359,4139600
1360,3054500
1361,2330700
1362,2664500
1363,3215500
1364,3680500
1365,3918400
1366,3252800
1367,2241100
1368,2342600
1369,2847800
1370,2936900
1371,2815600
1372,3034700
1373,3244600
1374,3855800
1375,3330200
1376,2176500
1377,2112000
1378,3211900
1379,3030700
1380,2807000
1381,2873700
1382,2811800
1383,2867900
1384,3945200
1385,2997300
1386,2665900
1387,2366200
1388,2874200
1389,3192700
1390,3067800
1391,2724900
1392,3222600
1393,2788800
1394,2884400
1395,3711600
1396,3260300
1397,2296800
1398,2564000
1399,2823200
1400,3131400
1401,3199700
1402,2747600
1403,2902200
1404,2881700
1405,2933800
1406,3933400
1407,3044400
1408,2083400
1409,2801100
1410,2814200
1411,2945100
1412,3011400
1413,3167600
1414,2779000
1415,2813700
1416,3683900
1417,3301400
1418,2695700
1419,2514000
1420,2794200
1421,2900700
1422,2805100
1423,3011400
1424,3097000
1425,2889300
1426,3015200
1427,3571800
1428,3212200
1429,2687800
1430,2444500
1431,2735600
1432,3222000
1433,2816600
1434,2970000
1435,3202900
1436,2921100
1437,2941000
1438,2767300
1439,2816500
1440,3065200
1441,3337900
1442,3377900
1443,3261500
1444,2819800
1445,2022800
1446,3368400
1447,3142000
1448,2775200
1449,2839700
1450,2892100
1451,2979400
1452,3275600
1453,3570200
1454,2732600
1455,2228500
1456,2845800
1457,3018200
1458,3402800
1459,2712100
1460,2925800
1461,2815000
1462,3042300
1463,3440000
1464,2682000
1465,2902800
1466,2881200
1467,2864300
1468,3193900
1469,4028000
1470,2842800
1471,1955300
1472,2992000
1473,2881700
1474,3465700
1475,2838500
1476,2849800
1477,2913600
1478,2996600
1479,3429100
1480,3889100
1481,2582000
1482,2396100
1483,2893500
1484,3162500
1485,3530700
1486,2826900
1487,2860700
1488,2897800
1489,3145000
1490,4056700
1491,3138100
1492,2047100
1493,2843300
1494,3016800
1495,2909000
1496,3442700
1497,2772900
1498,2886800
1499,2902100
1500,4041300
1501,4788400
1502,2710100
1503,1931300
1504,2291300
1505,2806900
1506,2915600
1507,3356700
1508,2795800
1509,2868800
1510,3180100
1511,2722800
1512,3010400
1513,3311400
1514,2786200
1515,3016200
1516,3654700
1517,3062000
1518,2238300
1519,2846400
1520,2833000
1521,3055200
1522,2731800
1523,3145500
1524,3178700
1525,2727200
1526,3324200
1527,3485800
1528,2632600
1529,2507800
1530,3100000
1531,2859000
1532,2837100
1533,2900600
1534,3027300
1535,3562200
1536,2467100
1537,2860800
1538,2861700
1539,2940000
1540,3238000
1541,3185500
1542,4291500
1543,3478900
1544,2106200
1545,2106100
1546,2656800
1547,4043700
1548,3962300
1549,2622500
1550,1979500
1551,2461900
1552,3593400
1553,3773100
1554,3417400
1555,2025700
1556,2120500
1557,2924400
1558,3135500
1559,2801800
1560,2899200
1561,2786300
1562,2861700
1563,3568800
1564,2596900
1565,2923000
1566,2798200
1567,3196600
1568,3058600
1569,4152900
1570,3147300
1571,2086300
1572,2313000
1573,2763200
1574,3876100
1575,3539300
1576,2529900
1577,2123200
1578,2677500
1579,3597800
1580,4621600
1581,2750100
1582,1853600
1583,2311700
1584,3079400
1585,2865000
1586,3178600
1587,2908600
1588,2849100
1589,2810200
1590,4201700
1591,4363000
1592,2407900
1593,2030100
1594,2137800
1595,3230000
1596,3124600
1597,2983600
1598,2978600
1599,2803700
1600,3011000
1601,2975200
1602,2992000
1603,3254500
1604,2925100
1605,3262200
1606,4384900
1607,6325100
1608,4380700
1609,2840600
1610,2572500
1611,2630300
1612,2676200
1613,2785100
1614,3680900
1615,5035100
1616,4399500
1617,2621300
1618,3281600
1619,4349100
1620,4353900
1621,2992100
1622,2369300
1623,2573300
1624,2613200
1625,2510700
1626,2950400
1627,3206900
1628,3215000
1629,3157600
1630,2573100
1631,3011600
1632,3096800
1633,2522700
1634,3015300
1635,2658300
1636,2775200
1637,2827500
1638,3351600
1639,2853300
1640,2703400
1641,2781800
1642,2788400
1643,2956000
1644,3392700
1645,2690300
1646,2800200
1647,2802700
1648,2914300
1649,3238600
1650,3031600
1651,2842900
1652,2810100
1653,2881000
1654,2847200
1655,3403500
1656,2860000
1657,2729100
1658,2888800
1659,2651800
1660,3019600
1661,3305700
1662,2790400
1663,2875100
1664,2841500
1665,2889900
1666,3428500
1667,2856600
1668,2673100
1669,2812300
1670,3099700
1671,2986300
1672,3594500
1673,2514000
1674,2877000
1675,2864800
1676,2870000
1677,3251000
1678,3029100
1679,2796200
1680,2880200
1681,2965500
1682,2921600
1683,2964100
1684,3132100
1685,2939200
1686,2846800
1687,3046100
1688,2798000
1689,3583400
1690,2879400
1691,2888500
1692,2922300
1693,2909200
1694,3029600
1695,3314900
1696,2794300
1697,2948400
1698,2904200
1699,2936300
1700,3484800
1701,2646800
1702,2923400
1703,3188500
1704,2767000
1705,3026000
1706,3074700
1707,2821200
1708,2987800
1709,2844400
1710,3072800
1711,3103600
1712,3099300
1713,2921000
1714,3037500
1715,2769700
1716,2945100
1717,3286200
1718,2721300
1719,3015900
1720,2822300
1721,2846600
1722,3066000
1723,3150900
1724,2986700
1725,2791700
1726,2808800
1727,2916800
1728,3289300
1729,3039600
1730,2911600
1731,2814100
1732,2870900
1733,3058000
1734,3175400
1735,3000300
1736,2757100
1737,2812100
1738,2950700
1739,2861000
1740,3440600
1741,2577500
1742,2852300
1743,2842500
1744,2913600
1745,3584500
1746,2515500
1747,2776700
1748,2852100
1749,3165700
1750,2871800
1751,3323100
1752,2743000
1753,2832200
1754,2845500
1755,2931800
1756,3004200
1757,3092600
1758,2841400
1759,2864200
1760,2833900
1761,2887000
1762,3452300
1763,2621500
1764,2883400
1765,3060000
1766,2925600
1767,2952900
1768,3172100
1769,2813200
1770,2840900
1771,2964800
1772,2907300
1773,3127200
1774,3023000
1775,2882000
1776,2866000
1777,2938900
1778,2761700
1779,2944200
1780,3218500
1781,2831800
1782,2940600
1783,2991300
1784,2843900
1785,3436200
1786,2747300
1787,2967100
1788,2794700
1789,2879400
1790,2978800
1791,3175200
1792,2901100
1793,2854700
1794,3066000
1795,2847600
1796,3302200
1797,2929700
1798,2789900
1799,3055300
1800,2779800
1801,3016000
1802,3240500
1803,2866400
1804,3173500
1805,2682800
1806,2848300
1807,3532500
1808,3039600
1809,2883100
1810,2980700
1811,2938400
1812,2945800
1813,3405500
1814,2781300
1815,3008300
1816,2919400
1817,2945100
1818,3322800
1819,2961300
1820,3161300
1821,2717600
1822,2879300
1823,3315400
1824,3401600
1825,2869300
1826,2810400
1827,2939500
1828,2935100
1829,3567800
1830,2767100
1831,2875400
1832,2975600
1833,2794000
1834,3124100
1835,3564400
1836,2792300
1837,2739800
1838,2837000
1839,2977500
1840,3459700
1841,2801200
1842,2792800
1843,2894200
1844,3197500
1845,3011000
1846,3414100
1847,2744700
1848,2855500
1849,2894700
1850,2892000
1851,3052900
1852,3190700
1853,2785100
1854,2886000
1855,2875900
1856,2939400
1857,3552100
1858,2955900
1859,2816200
1860,2895300
1861,2845500
1862,3110600
1863,3033500
1864,2896800
1865,2833500
1866,2941300
1867,2997800
1868,3329700
1869,3336700
1870,2252700
1871,2866800
1872,2819000
1873,3119500
1874,3029000
1875,2868000
1876,2803500
1877,2948600
1878,3234900
1879,2770600
1880,3102500
1881,2801300
1882,2945700
1883,3235200
1884,3100000
1885,2712500
1886,3085200
1887,2860900
1888,2928800
1889,2919200
1890,2947000
1891,3071800
1892,2821900
1893,2827600
1894,3060500
1895,3173500
1896,2547900
1897,3247000
1898,3014300
1899,2822000
1900,2909200
1901,2942200
1902,3219300
1903,2813900
1904,2835000
1905,2966900
1906,2835800
1907,2850100
1908,3221300
1909,2791800
1910,3148500
1911,2667300
1912,2794100
1913,3346000
1914,3126000
1915,2766900
1916,2956900
1917,2817700
1918,3274300
1919,3235300
1920,2824200
1921,3059200
1922,2885200
1923,2808200
1924,2970100
1925,3211100
1926,3000300
1927,2872600
1928,2871300
1929,2996200
1930,3263300
1931,2932400
1932,3008800
1933,3225400
1934,2763500
1935,3077400
1936,3304800
1937,2894900
1938,2971600
1939,2860900
1940,2899400
1941,3375500
1942,3120300
1943,3089300
1944,2933000
1945,2786100
1946,3115200
1947,3909000
1948,2813300
1949,2724700
1950,2818900
1951,2676100
1952,3551800
1953,3012900
1954,2994500
1955,2892100
1956,2854000
1957,2980900
1958,3198300
1959,2878200
1960,3007400
1961,2820200
1962,2937400
1963,3935800
1964,2484700
1965,3213300
1966,2658100
1967,2994300
1968,3262500
1969,3004600
1970,2838200
1971,2929400
1972,2817500
1973,3168600
1974,3104500
1975,2858600
1976,2860600
1977,2962600
1978,2873600
1979,3031800
1980,3204200
1981,2803000
1982,2873400
1983,2845800
1984,3009000
1985,3068500
1986,3173500
1987,2868700
1988,2830500
1989,2938700
1990,2851700
1991,3125400
1992,3362400
1993,2798600
1994,2863200
1995,2945200
1996,2907000
1997,3208800
1998,2731200
1999,2867600
2000,2940000
2001,2859200
2002,3089700
2003,3084600
2004,2795000
2005,3086800
2006,2691300
2007,2803000
2008,3419500
2009,2701300
2010,2845300
2011,3024000
2012,3035700
2013,2982200
2014,3173800
2015,2724200
2016,3079800
2017,2766000
2018,2719800
2019,3323900
2020,2789600
2021,2777100
2022,2947600
2023,2764600
2024,2811800
2025,3278900
2026,3123800
2027,3105700
2028,2751900
2029,2872700
2030,3039400
2031,3091800
2032,2869700
2033,2791700
2034,2780700
2035,2863800
2036,3067600
2037,3175200
2038,2778900
2039,2828500
2040,2882500
2041,2840300
2042,3317300
2043,3083200
2044,2746200
2045,2677800
2046,2875400
2047,3182700
2048,3296300
2049,2667300
2050,2810500
2051,2921900
2052,3177300
2053,3417200
2054,2811500
2055,2918600
2056,2894200
2057,2845700
2058,3132800
2059,3391200
2060,2593500
2061,2879400
2062,2931600
2063,2900800
2064,3452100
2065,2973000
2066,2884700
2067,3172100
2068,2902900
2069,3059400
2070,3286000
2071,2748200
2072,2896200
2073,2937300
2074,2931100
2075,3052000
2076,3087200
2077,2864000
2078,2949600
2079,2786000
2080,3073300
2081,3317600
2082,2773800
2083,2898700
2084,2905500
2085,3221400
2086,2949700
2087,3229800
2088,2725400
2089,2987500
2090,2839000
2091,2962100
2092,3005200
2093,3143600
2094,2850600
2095,2927500
2096,3061100
2097,2917100
2098,3433300
2099,2847200
2100,2902500
2101,3210200
2102,3047900
2103,3466000
2104,2810900
2105,2791700
2106,2980600
2107,3393100
2108,2710700
2109,2796400
2110,2752100
2111,2947700
2112,3005800
2113,2872000
2114,2892300
2115,3160800
2116,2788300
2117,2976800
2118,2842200
2119,2815300
2120,3114100
2121,3013000
2122,3159700
2123,2852000
2124,2860300
2125,2905300
2126,3297400
2127,2759000
2128,2924000
2129,2825900
2130,2914100
2131,2926100
2132,3170400
2133,3086100
2134,2713800
2135,2850300
2136,2801800
2137,3471600
2138,2740500
2139,2893800
2140,2810200
2141,2942900
2142,2899700
2143,3233700
2144,2847900
2145,2852100
2146,2864400
2147,2925800
2148,3000200
2149,3339200
2150,2735800
2151,2866600
2152,2896100
2153,2795000
2154,3834500
2155,2766700
2156,2836300
2157,3141400
2158,2808500
2159,3101100
2160,3308100
2161,2807000
2162,3053100
2163,2680000
2164,3000600
2165,3055000
2166,3127100
2167,2860200
2168,2870900
2169,2912200
2170,3086400
2171,3166200
2172,2789100
2173,2911500
2174,2873100
2175,3090500
2176,3243800
2177,3005400
2178,2841400
2179,2885800
2180,2999100
2181,3173700
2182,3256100
2183,2863000
2184,2893700
2185,2845300
2186,2972800
2187,3038900
2188,3176100
2189,2791000
2190,2921100
2191,2958100
2192,2807900
2193,3467300
2194,2773500
2195,2880600
2196,3234500
2197,2716100
2198,3025800
2199,3166700
2200,2716300
2201,3212500
2202,2865300
2203,2981800
2204,3374000
2205,2812300
2206,3660300
2207,2231600
2208,2818900
2209,2964500
2210,3331400
2211,2867500
2212,2922000
2213,2806600
2214,2858300
2215,3126600
2216,3464200
2217,2740100
2218,3007400
2219,2808700
2220,2857700
2221,3331300
2222,2877300
2223,3003100
2224,2894100
2225,2723100
2226,3086800
2227,3169600
2228,2944900
2229,2701800
2230,2922000
2231,2912400
2232,3454900
2233,2809300
2234,2893600
2235,2743200
2236,3135100
2237,2964500
2238,3377600
2239,2802800
2240,2746200
2241,2919400
2242,2868500
2243,3067700
2244,3137400
2245,2933400
2246,2765400
2247,2858600
2248,2921800
2249,3544200
2250,2811200
2251,2893300
2252,2815700
2253,2976200
2254,3112300
2255,3178900
2256,3002100
2257,2845800
2258,2828300
2259,3106500
2260,3165900
2261,2809800
2262,2871800
2263,2855500
2264,2852300
2265,3066000
2266,3297700
2267,2846900
2268,2781200
2269,2927400
2270,2971600
2271,3134000
2272,2994600
2273,2903200
2274,2808600
2275,3044400
2276,3115400
2277,3278700
2278,2900000
2279,2793500
2280,2910900
2281,3247800
2282,3383400
2283,3158900
2284,2656300
2285,2973600
2286,2841600
2287,2886700
2288,3349100
2289,2871700
2290,2985800
2291,3520800
2292,2685100
2293,3612200
2294,2897700
2295,2477700
2296,2826900
2297,2771300
2298,2874500
2299,3016000
2300,3225000
2301,2793500
2302,3233700
2303,2715100
2304,3256600
2305,2971400
2306,2727100
2307,3262100
2308,2574800
2309,2836500
2310,3295500
2311,2913800
2312,2964100
2313,2837800
2314,2878000
2315,3314700
2316,3297300
2317,2874100
2318,2874000
2319,2843200
2320,2863300
2321,3143500
2322,3375000
2323,2809600
2324,2902300
2325,2835400
2326,2930800
2327,3140700
2328,3183800
2329,2799100
2330,3113700
2331,2892800
2332,2870300
2333,3497600
2334,2676300
2335,2920100
2336,2820900
2337,2957500
2338,3055000
2339,3204300
2340,2809100
2341,2899000
2342,2812100
2343,2964800
2344,3345700
2345,2814100
2346,2758100
2347,2896100
2348,2935000
2349,3405000
2350,3003200
2351,2854300
2352,2774300
2353,2917300
2354,2843700
2355,3156700
2356,3010300
2357,2894500
2358,2785300
2359,2866700
2360,3144500
2361,3289200
2362,2816500
2363,2830200
2364,2853100
2365,3057500
2366,2964700
2367,3060100
2368,2822200
2369,2833300
2370,3139200
2371,2947500
2372,3375100
2373,2738000
2374,2779400
2375,2912300
2376,3033700
2377,2892700
2378,3099600
2379,2841300
2380,2852600
2381,2947200
2382,3046500
2383,2913300
2384,3032800
2385,3055200
2386,2882900
2387,2950000
2388,2838700
2389,3279600
2390,2753600
2391,2884600
2392,3006300
2393,2723900
2394,3103600
2395,3180900
2396,2766700
2397,2963700
2398,2809500
2399,2847800
2400,3059400
2401,3051400
2402,2851300
2403,2889500
2404,2839800
2405,2892400
2406,3478600
2407,2651500
2408,2891700
2409,2873800
2410,3169200
2411,3071700
2412,3239500
2413,2803300
2414,2851600
2415,2886800
2416,2867900
2417,3361100
2418,2713800
2419,2940200
2420,2804700
2421,2920300
2422,2914300
2423,3332000
2424,2768300
2425,3143500
2426,2805900
2427,2825900
2428,3053200
2429,3297100
2430,2696500
2431,2895700
2432,2832600
2433,2926600
2434,3266400
2435,3075500
2436,2802900
2437,2907900
2438,2839200
2439,3282900
2440,3186800
2441,2651300
2442,2866700
2443,2945300
2444,2911400
2445,3262600
2446,3122600
2447,2907500
2448,2883900
2449,2908300
2450,2956900
2451,3321400
2452,2712600
2453,2899900
2454,2921900
2455,2920700
2456,3295700
2457,2843700
2458,2832900
2459,2810800
2460,3240500
2461,2928900
2462,2893900
2463,3232000
2464,2831800
2465,2896700
2466,3050200
2467,2976200
2468,3105800
2469,2852600
2470,2859700
2471,2822100
2472,3060200
2473,2962600
2474,3103900
2475,2879500
2476,2853300
2477,2921000
2478,2931900
2479,3225200
2480,2838600
2481,2858700
2482,3022500
2483,2794500
2484,3072700
2485,3209500
2486,2763100
2487,3121600
2488,2729100
2489,2877300
2490,2942700
2491,3261000
2492,2776800
2493,3236400
2494,2756800
2495,3268900
2496,3324100
2497,2831200
2498,2856800
2499,2898100
2500,2931900
2501,3010800
2502,3216100
2503,2917000
2504,2762900
2505,2957800
2506,2911800
2507,3351300
2508,2878200
2509,2809200
2510,2929900
2511,2975400
2512,2882200
2513,3449500
2514,2892300
2515,2679900
2516,2899700
2517,2922200
2518,2983900
2519,3496200
2520,2795000
2521,2906200
2522,2900200
2523,2954800
2524,3454100
2525,2639800
2526,2826900
2527,2939500
2528,2941200
2529,3054900
2530,3120900
2531,2845300
2532,2865900
2533,2899700
2534,2992200
2535,3347800
2536,2733200
2537,2873200
2538,2933700
2539,3068600
2540,3406400
2541,2871500
2542,2833300
2543,3260000
2544,2512100
2545,3037600
2546,3352200
2547,3009000
2548,2768200
2549,2900400
2550,3054300
2551,3136600
2552,3010500
2553,2825800
2554,3156400
2555,3132300
2556,2869800
2557,2885800
2558,3112200
2559,2766300
2560,2928800
2561,3072200
2562,2911900
2563,3173200
2564,2788600
2565,2984800
2566,2963200
2567,2786000
2568,3042300
2569,3147100
2570,2842800
2571,3054000
2572,2811000
2573,2836300
2574,3692500
2575,2729800
2576,3167800
2577,2659400
2578,2849600
2579,3233200
2580,3080000
2581,2828800
2582,2856900
2583,2931100
2584,2934500
2585,3005000
2586,3124200
2587,3078200
2588,2784700
2589,3082700
2590,3035400
2591,3207600
2592,2858700
2593,2847300
2594,2892000
2595,2964800
2596,2996900
2597,3324600
2598,2712400
2599,2844700
2600,2939200
2601,2895800
2602,3247000
2603,2870100
2604,2890900
2605,2913700
2606,2943200
2607,2933200
2608,3475900
2609,2616500
2610,2840800
2611,2951500
2612,2898100
2613,3207600
2614,3158300
2615,2834700
2616,2971500
2617,2925900
2618,3005500
2619,3759000
2620,3061500
2621,2628900
2622,2741300
2623,2997900
2624,3080300
2625,3089900
2626,2793200
2627,2924900
2628,3098900
2629,2859400
2630,2868500
2631,3185000
2632,3000500
2633,3038900
2634,3261300
2635,3260200
2636,2838300
2637,2728200
2638,2813000
2639,3048500
2640,2878100
2641,3646500
2642,2490300
2643,2769100
2644,3054100
2645,2797500
2646,3078000
2647,3070200
2648,3193300
2649,2909300
2650,2886200
2651,2827400
2652,3183100
2653,3220500
2654,2901600
2655,2934500
2656,2804900
2657,2966500
2658,3299600
2659,2731000
2660,3000900
2661,2839700
2662,2881000
2663,2927400
2664,3309000
2665,2968700
2666,2838700
2667,2699200
2668,3303500
2669,3226200
2670,3009800
2671,2756900
2672,2809400
2673,2853500
2674,3192000
2675,3290200
2676,2744000
2677,3064800
2678,2559700
2679,2773000
2680,3389800
2681,2976300
2682,2753300
2683,3102000
2684,2825800
2685,2889000
2686,3433600
2687,2720000
2688,2873700
2689,2815300
2690,2871500
2691,3363700
2692,2845500
2693,2811000
2694,2987700
2695,2742200
2696,2863800
2697,3070400
2698,3067000
2699,2841300
2700,2844200
2701,2822000
2702,3150700
2703,3331300
2704,2847800
2705,2999100
2706,2644700
2707,3057600
2708,2928200
2709,3039900
2710,2912800
2711,2808800
2712,2959500
2713,2877400
2714,3251100
2715,2856300
2716,2897400
2717,2993700
2718,2653100
2719,2936400
2720,3291900
2721,2804000
2722,2986400
2723,3227800
2724,2584100
2725,3084300
2726,3205700
2727,2739200
2728,3274700
2729,2807400
2730,2921300
2731,3374900
2732,2794500
2733,3053100
2734,2724000
2735,2895100
2736,3097700
2737,3264900
2738,2954700
2739,2832600
2740,2862500
2741,2883600
2742,3560000
2743,2980500
2744,2878000
2745,2829300
2746,2839600
2747,3177400
2748,3019900
2749,2927200
2750,2864200
2751,2844100
2752,2875600
2753,3005000
2754,3328400
2755,2768800
2756,2882500
2757,2846800
2758,2911000
2759,3522000
2760,2687300
2761,2866400
2762,2926800
2763,3182100
2764,3141400
2765,3197200
2766,2819000
2767,2967500
2768,2795100
2769,2949500
2770,3449000
2771,2746700
2772,2841200
2773,2968500
2774,2870200
2775,2972900
2776,3318800
2777,2774000
2778,2949600
2779,2872700
2780,3073300
2781,2819700
2782,3548600
2783,2800800
2784,2935200
2785,3122700
2786,2850900
2787,3252600
2788,2705700
2789,2909900
2790,2980500
2791,2873100
2792,3291900
2793,2898900
2794,2693600
2795,2926100
2796,3012000
2797,3007000
2798,3522600
2799,2706600
2800,3022200
2801,2755500
2802,2896400
2803,2924200
2804,3616100
2805,2560600
2806,2873500
2807,2786900
2808,2889200
2809,3024800
2810,3147000
2811,2952900
2812,2956500
2813,2725400
2814,2856900
2815,3334200
2816,2827200
2817,2860700
2818,2892000
2819,3142500
2820,2869000
2821,3039700
2822,2974400
2823,2778500
2824,2883200
2825,2838300
2826,3282900
2827,2947700
2828,2914200
2829,2782500
2830,2863100
2831,2912600
2832,3438000
2833,2854200
2834,2855800
2835,2764200
2836,2978100
2837,3212400
2838,3187800
2839,2680400
2840,2921900
2841,2840200
2842,3177900
2843,3237200
2844,2976200
2845,2897100
2846,2877400
2847,2889100
2848,3197000
2849,3063800
2850,2785600
2851,2942400
2852,2804100
2853,2965700
2854,3553500
2855,2748100
2856,2817700
2857,3256600
2858,2729400
2859,3040200
2860,3227100
2861,2815000
2862,2863500
2863,3003200
2864,2976700
2865,2934500
2866,3170500
2867,2771300
2868,2967400
2869,2800800
2870,2984100
2871,3130000
2872,3175700
2873,2878100
2874,2897500
2875,3002100
2876,3075700
2877,3263700
2878,2815900
2879,2939000
2880,3384100
2881,2389400
2882,3692800
2883,3066800
2884,2994600
2885,2758400
2886,2874900
2887,3105400
2888,2959800
2889,2879000
2890,3376900
2891,2907500
2892,2450400
2893,3187700
2894,2864800
2895,3067800
2896,2838300
2897,3101800
2898,3326500
2899,2907600
2900,2730800
2901,3140800
2902,2868500
2903,3180700
2904,3862800
2905,2708500
2906,3085300
2907,2176800
2908,2758100
2909,2835500
2910,3537700
2911,2919200
2912,2775600
2913,2792900
2914,2988400
2915,3132900
2916,3340100
2917,2551300
2918,2909600
2919,2904600
2920,2907700
2921,2967200
2922,3237300
2923,2921400
2924,2793400
2925,2748200
2926,2906200
2927,3366800
2928,2827700
2929,2821200
2930,2873900
2931,2948700
2932,3056200
2933,3235400
2934,2804500
2935,2830000
2936,3190000
2937,2919800
2938,3376400
2939,2851200
2940,2824900
2941,2924300
2942,2898100
2943,2981000
2944,3309400
2945,2893400
2946,2803600
2947,2974800
2948,2857000
2949,3399100
2950,3101300
2951,3152500
2952,2845800
2953,2921800
2954,2982400
2955,3364500
2956,2750700
2957,3002000
2958,2864300
2959,3172800
2960,3251400
2961,3409300
2962,2618900
2963,2761500
2964,3036300
2965,3078300
2966,3244600
2967,2685700
2968,2953100
2969,2986400
2970,2887800
2971,3346900
2972,3127200
2973,2905800
2974,2840600
2975,3381700
2976,2721700
2977,3248200
2978,3176100
2979,2445300
2980,2878800
2981,2819200
2982,2895600
2983,3338400
2984,2867000
2985,2953900
2986,3021000
2987,2716900
2988,3389800
2989,2841700
2990,2960300
2991,3029900
2992,2811000
2993,3033400
2994,3216300
2995,2719600
2996,2944600
2997,2815500
2998,2882100
2999,3074600
3000,3200300
3001,2854100
3002,2843700
3003,2788500
3004,2942800
3005,3020600
3006,3325600
3007,2791300
3008,2786700
3009,2888900
3010,3089000
3011,3374700
3012,2914100
3013,2686900
3014,2947400
3015,2825000
3016,3097700
3017,3148000
3018,2738900
3019,3010700
3020,2964100
3021,2790800
3022,3266400
3023,3497100
3024,2591000
3025,2496700
3026,3007600
3027,3259600
3028,2941300
3029,2744000
3030,2818100
3031,2892400
3032,2854200
3033,3094700
3034,3200100
3035,2620300
3036,2913200
3037,2817200
3038,2981800
3039,3175800
3040,2828700
3041,2763700
3042,3029300
3043,3019900
3044,2999400
3045,2968700
3046,2980400
3047,2820600
3048,2944000
3049,2845500
3050,2810900
3051,3265500
3052,2742000
3053,2866300
3054,2942100
3055,2839900
3056,3575700
3057,2747700
3058,2843700
3059,3084500
3060,2733700
3061,3154200
3062,3056700
3063,2800000
3064,2974200
3065,3219900
3066,2789900
3067,3355600
3068,2773100
3069,2855900
3070,2924900
3071,2887300
3072,2981000
3073,3282600
3074,2799400
3075,2927200
3076,2853100
3077,2897600
3078,3235300
3079,3031100
3080,2859900
3081,3247400
3082,2749600
3083,2993600
3084,3325500
3085,2775100
3086,2930100
3087,2903400
3088,2889800
3089,3113100
3090,3063700
3091,3027500
3092,2822300
3093,2893300
3094,2845900
3095,3532800
3096,2917200
3097,2818400
3098,2846500
3099,2928600
3100,3437600
3101,3186700
3102,2742800
3103,2862900
3104,3020400
3105,2791400
3106,3127300
3107,3135500
3108,2910300
3109,2785100
3110,2945900
3111,2894900
3112,3572400
3113,2691200
3114,2764100
3115,2899500
3116,2828600
3117,3384200
3118,3107200
3119,2818900
3120,3136500
3121,2902900
3122,2856400
3123,3441000
3124,2717100
3125,2868100
3126,2830400
3127,2906700
3128,3336700
3129,2988400
3130,2752500
3131,2890900
3132,2836600
3133,2911800
3134,3193300
3135,3226000
3136,2775400
3137,2825600
3138,3018200
3139,2932300
3140,3330200
3141,2786400
3142,2806400
3143,2889200
3144,2922400
3145,3275000
3146,3113600
3147,2778400
3148,2967500
3149,2897900
3150,2918500
3151,2927700
3152,3037500
3153,2798600
3154,2851000
3155,2929600
3156,2824700
3157,3392900
3158,2680900
3159,2835700
3160,3137400
3161,2699300
3162,2855800
3163,3384700
3164,2692600
3165,2829800
3166,3250100
3167,2523400
3168,3034200
3169,3118200
3170,2807200
3171,3169200
3172,2595600
3173,2946500
3174,3163700
3175,3083600
3176,2878800
3177,2852500
3178,2921600
3179,3124500
3180,3103900
3181,2879300
3182,2856100
3183,2843100
3184,2875800
3185,3411700
3186,2773200
3187,2930800
3188,2908800
3189,2803600
3190,2966000
3191,3405000
3192,2980300
3193,2849100
3194,2750600
3195,2911400
3196,3424100
3197,2792900
3198,2908200
3199,2820800
3200,3158100
3201,3069900
3202,3367900
3203,2906500
3204,2791700
3205,2914700
3206,2865900
3207,3093900
3208,3258100
3209,2777500
3210,2946100
3211,2957700
3212,2987000
3213,3457600
3214,2738800
3215,3119800
3216,2881300
3217,3322700
3218,2606100
3219,3333700
3220,2824100
3221,2925500
3222,2871300
3223,2937800
3224,3444600
3225,2848700
3226,2807200
3227,2922900
3228,2917000
3229,3579300
3230,2898000
3231,2797100
3232,2841200
3233,2915400
3234,3745300
3235,2958100
3236,2780700
3237,2896400
3238,2866300
3239,2986300
3240,3010900
3241,3810600
3242,2755900
3243,2805900
3244,2779300
3245,3077100
3246,2832800
3247,3307100
3248,2779700
3249,2907300
3250,3040600
3251,3257600
3252,2975400
3253,2699500
3254,3205600
3255,3082600
3256,2915100
3257,2875400
3258,3133100
3259,2882100
3260,2986100
3261,2790600
3262,3050100
3263,3216900
3264,2753500
3265,2879300
3266,2935100
3267,2897000
3268,3514500
3269,2920100
3270,2771300
3271,2977900
3272,2744000
3273,2946200
3274,3393100
3275,2826300
3276,2906700
3277,2825600
3278,2854600
3279,3074000
3280,3170100
3281,2754900
3282,2945600
3283,2881400
3284,2946800
3285,3052900
3286,3095100
3287,2934700
3288,2837300
3289,3163400
3290,2955000
3291,3306000
3292,2951000
3293,2779400
3294,2868000
3295,2917600
3296,3260800
3297,2862300
3298,3114200
3299,2768200
3300,2960000
3301,2820600
3302,2873200
3303,3265900
3304,2872600
3305,2787800
3306,2910600
3307,3326000
3308,3405700
3309,3018000
3310,2599800
3311,3134100
3312,2671600
3313,2894600
3314,3374100
3315,2830300
3316,2878700
3317,3047200
3318,2841500
3319,3623100
3320,3093100
3321,2714800
3322,2701900
3323,2791700
3324,3362600
3325,2791000
3326,2840400
3327,2888600
3328,2959400
3329,3911900
3330,3165600
3331,4067000
3332,2193300
3333,3147800
3334,6214700
3335,4287000
3336,3980200
3337,3939100
3338,3876500
3339,3721500
3340,3164700
3341,2100800
3342,1904700
3343,2979200
3344,3005100
3345,3316600
3346,2776300
3347,3048000
3348,2820500
3349,2750500
3350,3326900
3351,2794400
3352,2747900
3353,3004800
3354,2701700
3355,3021500
3356,3049000
3357,2795500
3358,2802900
3359,2979800
3360,2644000
3361,3328600
3362,2775200
3363,2812100
3364,2950200
3365,2827900
3366,3084200
3367,3240500
3368,2820900
3369,3046700
3370,2726200
3371,2781500
3372,2952400
3373,3161900
3374,2786900
3375,2982800
3376,2821400
3377,2773200
3378,3232600
3379,3075100
3380,3009800
3381,2910100
3382,2874400
3383,2845900
3384,3426600
3385,2963500
3386,2697500
3387,2885500
3388,2948500
3389,2904500
3390,3246100
3391,2849700
3392,2891200
3393,2950700
3394,2781700
3395,3324100
3396,2895100
3397,2718800
3398,2955900
3399,2916100
3400,2859400
3401,3459300
3402,3008800
3403,2601300
3404,2895600
3405,2814800
3406,3279000
3407,3395600
3408,2827500
3409,2910500
3410,2926600
3411,2820600
3412,3468300
3413,2683000
3414,2910500
3415,2886500
3416,2921500
3417,3062100
3418,3165300
3419,2783000
3420,3106000
3421,2999300
3422,2813000
3423,3298900
3424,3063300
3425,2898800
3426,2930800
3427,2865300
3428,3187700
3429,3401500
3430,2386800
3431,2974400
3432,2812300
3433,2961100
3434,3096400
3435,3332400
3436,2819400
3437,2936300
3438,2866100
3439,2894400
3440,3346100
3441,2755600
3442,2886900
3443,2916600
3444,2997900
3445,2932500
3446,3223600
3447,2808700
3448,2768400
3449,3083800
3450,2669100
3451,3347600
3452,2945900
3453,2910600
3454,2948200
3455,2909500
3456,2867400
3457,3496600
3458,2764300
3459,2916000
3460,3253000
3461,2747700
3462,2977200
3463,3526900
3464,2473500
3465,3107700
3466,2745300
3467,2806400
3468,3362900
3469,2778200
3470,2833400
3471,3106100
3472,3573200
3473,3523600
3474,2746100
3475,2452800
3476,2940800
3477,2718700
3478,2922500
3479,3092900
3480,2925700
3481,3184000
3482,2467500
3483,2898000
3484,2990500
3485,3196500
3486,3047000
3487,2750600
3488,2659900
3489,2937600
3490,3897100
3491,3174200
3492,2375600
3493,2494100
3494,2826800
3495,2749600
3496,3085900
3497,4538200
3498,2861200
3499,2672600
3500,2110100
3501,2499800
3502,3614500
3503,2806600
3504,2699100
3505,2974800
3506,3131800
3507,2549100
3508,3141000
3509,2774300
3510,2908300
3511,2803900
3512,2857700
3513,3335600
3514,2839100
3515,3169000
3516,2789400
3517,2875600
3518,2958100
3519,3226900
3520,2749100
3521,2906900
3522,2820000
3523,2907000
3524,3126100
3525,3093100
3526,2852600
3527,2899500
3528,2824400
3529,3265200
3530,2976100
3531,3078300
3532,3399900
3533,2320000
3534,2918000
3535,3237300
3536,3280100
3537,2844200
3538,2874000
3539,3110500
3540,2689700
3541,3044600
3542,3259800
3543,2809200
3544,3081700
3545,2780500
3546,3185200
3547,3193900
3548,2782900
3549,2807900
3550,3383400
3551,2760100
3552,3296500
3553,2920900
3554,2876000
3555,2903000
3556,2920400
3557,2888500
3558,3460400
3559,2760700
3560,2923500
3561,2958200
3562,2852600
3563,3056100
3564,3231400
3565,2871100
3566,3558400
3567,2359800
3568,2882900
3569,3536300
3570,3079400
3571,3015500
3572,2829300
3573,2956800
3574,3098300
3575,3174800
3576,2909100
3577,2860100
3578,2863800
3579,2968200
3580,3014800
3581,3272800
3582,2874600
3583,2838400
3584,2926400
3585,3223600
3586,3139600
3587,2746300
3588,2872600
3589,3180000
3590,2990800
3591,2928200
3592,3253800
3593,2859800
3594,2864500
3595,2851700
3596,3293300
3597,3096500
3598,2739200
3599,3189000
3600,3303700
3601,2517800
3602,3181000
3603,3054500
3604,2806000
3605,2909600
3606,2910500
3607,2841600
3608,3374900
3609,2870600
3610,2796900
3611,2914700
3612,2949900
3613,3170100
3614,3004600
3615,2788400
3616,3013300
3617,2792000
3618,2967500
3619,2830800
3620,3122600
3621,2844700
3622,2925700
3623,2881600
3624,3118300
3625,3141900
3626,2706900
3627,2883800
3628,2812100
3629,3258400
3630,3025500
3631,2990500
3632,2832700
3633,2844500
3634,3436900
3635,2589300
3636,3005200
3637,3158800
3638,2715900
3639,2824300
3640,2939600
3641,2926200
3642,3452800
3643,2703000
3644,3247000
3645,3269700
3646,2808900
3647,3160500
3648,2833700
3649,2857600
3650,3124500
3651,2744500
3652,3029700
3653,3068600
3654,2823600
3655,3032800
3656,2785500
3657,2973600
3658,2939800
3659,3232100
3660,3167700
3661,2885300
3662,3021700
3663,2846000
3664,3211600
3665,3018300
3666,2825700
3667,2938400
3668,3712100
3669,2533900
3670,3211300
3671,2874000
3672,2835900
3673,2983400
3674,2882600
3675,3009500
3676,3352900
3677,2729000
3678,2905700
3679,2859200
3680,3204300
3681,3423600
3682,2732600
3683,3044400
3684,3026700
3685,2904300
3686,3330900
3687,2857900
3688,2826500
3689,2915300
3690,2843700
3691,3006700
3692,3296300
3693,2782300
3694,2932300
3695,2927500
3696,2840800
3697,3314100
3698,2864500
3699,3119600
3700,2868400
3701,2911100
3702,3389400
3703,2540800
3704,3144500
3705,2836800
3706,2921000
3707,2819300
3708,3332600
3709,2879200
3710,2811600
3711,2908700
3712,2902900
3713,3081600
3714,2823200
3715,3216300
3716,2756200
3717,2968600
3718,3095400
3719,2675800
3720,3336100
3721,2743800
3722,2889800
3723,3237400
3724,2854000
3725,2872800
3726,3279900
3727,2838700
3728,2900700
3729,3003300
3730,2757700
3731,3017700
3732,3086900
3733,2954800
3734,3139300
3735,2693500
3736,3606900
3737,2672000
3738,3032600
3739,3184200
3740,2858000
3741,2652300
3742,2934100
3743,3245500
3744,2892800
3745,2833400
3746,2942200
3747,2841800
3748,3463600
3749,2717800
3750,2977000
3751,2892500
3752,2842200
3753,3126300
3754,3318300
3755,2802100
3756,2841000
3757,2996800
3758,3119000
3759,2932300
3760,3208500
3761,2861500
3762,2988900
3763,2838600
3764,3070500
3765,3180900
3766,2842800
3767,2872700
3768,2860200
3769,2939500
3770,3375000
3771,2907500
3772,2750100
3773,3215400
3774,2809900
3775,2978800
3776,3343600
3777,2758100
3778,2859200
3779,2953500
3780,2803100
3781,3317800
3782,2881300
3783,2872000
3784,2941500
3785,2784800
3786,2974200
3787,3400500
3788,2740100
3789,2961800
3790,2814100
3791,3131900
3792,2934400
3793,3222700
3794,2663400
3795,2832600
3796,2948100
3797,2857300
3798,3237400
3799,3208000
3800,2798500
3801,2964000
3802,2981600
3803,2790600
3804,3721700
3805,2380300
3806,2791000
3807,2991300
3808,2812700
3809,3036200
3810,3107500
3811,2767800
3812,3133300
3813,2922900
3814,2877700
3815,3340900
3816,2741100
3817,3024000
3818,2766800
3819,2862100
3820,2854500
3821,3313400
3822,2758800
3823,3169200
3824,2652100
3825,2801000
3826,3079500
3827,3186700
3828,3208200
3829,2760800
3830,2832200
3831,2636200
3832,2920000
3833,3345700
3834,2735300
3835,2718300
3836,2886400
3837,2840000
3838,3947700
3839,2413700
3840,2882900
3841,2812400
3842,2853600
3843,2951600
3844,3247200
3845,2780300
3846,2915200
3847,2769500
3848,2885000
3849,3103300
3850,3103800
3851,2765500
3852,2943000
3853,3125200
3854,3155800
3855,2979800
3856,2774100
3857,2952500
3858,2888800
3859,2855300
3860,3104600
3861,3108300
3862,2883900
3863,2982300
3864,2820300
3865,3905000
3866,2705200
3867,2752800
3868,3109700
3869,3014300
3870,2839900
3871,3039200
3872,3586100
3873,2518400
3874,3030900
3875,2789400
3876,3047800
3877,3226900
3878,2893300
3879,2879900
3880,3022400
3881,2886100
3882,3027300
3883,3335600
3884,2822900
3885,3025100
3886,3144800
3887,2681400
3888,3397900
3889,2863900
3890,3035200
3891,3056700
3892,3051900
3893,3101400
3894,3262000
3895,2905900
3896,3229400
3897,2644300
3898,2977400
3899,3515100
3900,3050800
3901,2882400
3902,2880900
3903,2891000
3904,3305000
3905,3080500
3906,3415800
3907,2771100
3908,2962200
3909,2983400
3910,3343700
3911,2958500
3912,2926200
3913,2897100
3914,2984500
3915,3117800
3916,3243900
3917,2816100
3918,2949900
3919,3121800
3920,2754100
3921,3262500
3922,3170100
3923,2744300
3924,2954100
3925,2974700
3926,3369900
3927,3088600
3928,2877200
3929,2882300
3930,2845100
3931,2896300
3932,3525300
3933,2682400
3934,2885600
3935,2914200
3936,2931800
3937,3160600
3938,3255100
3939,2710900
3940,3257200
3941,2458400
3942,3011300
3943,3041000
3944,3036300
3945,2777400
3946,3234200
3947,2800100
3948,2925400
3949,3359400
3950,2733800
3951,2812400
3952,2949200
3953,2873700
3954,3011600
3955,3172000
3956,2702500
3957,2867500
3958,3071900
3959,2721400
3960,3037400
3961,3348500
3962,2769000
3963,2823900
3964,2960500
3965,2862900
3966,3225700
3967,2849300
3968,2820800
3969,2951200
3970,2716700
3971,3006900
3972,3343400
3973,2807700
3974,3244200
3975,2766700
3976,3000300
3977,3001200
3978,2949800
3979,2758100
3980,3467200
3981,2625800
3982,3709400
3983,2469800
3984,2762900
3985,3111600
3986,2652900
3987,2770900
3988,3025300
3989,3091100
3990,2828300
3991,2711000
3992,2836600
3993,2941600
3994,2966000
3995,3234100
3996,3009200
3997,2801200
3998,2841900
3999,3061000
4000,3463400
4001,3306900
4002,3337700
4003,2511300
4004,2692500
4005,2985400
4006,3311800
4007,2788200
4008,3256700
4009,2488700
4010,3003800
4011,3497100
4012,2854300
4013,2844400
4014,2878800
4015,2953800
4016,3336600
4017,3907800
4018,1909100
4019,2801700
4020,3004800
4021,3188700
4022,3263700
4023,2929200
4024,2785500
4025,3011300
4026,2824400
4027,3245700
4028,3053400
4029,2810100
4030,2889200
4031,2899700
4032,3104500
4033,3138800
4034,2923700
4035,2794600
4036,2917600
4037,2941900
4038,3110900
4039,3252700
4040,2722800
4041,3249200
4042,3469100
4043,2335200
4044,3555800
4045,2708900
4046,2885800
4047,2824800
4048,3001100
4049,2803600
4050,3346400
4051,2764500
4052,2971800
4053,2963100
4054,2746400
4055,3350800
4056,3073900
4057,2797100
4058,3055000
4059,2830900
4060,2756600
4061,3374800
4062,2854400
4063,3009700
4064,2747900
4065,2868800
4066,2954900
4067,3233600
4068,2882800
4069,2722400
4070,2909500
4071,2802300
4072,3167000
4073,3079300
4074,2883400
4075,2833900
4076,3094800
4077,2869200
4078,3265500
4079,3144600
4080,2721100
4081,2680800
4082,2855500
4083,2990200
4084,3320700
4085,2813000
4086,2759100
4087,2948500
4088,2824200
4089,2928600
4090,3427000
4091,2846500
4092,2891500
4093,2863500
4094,2906500
4095,3263600
4096,2827000
4097,2838600
4098,2862400
4099,2892100
4100,3123400
4101,2966100
4102,2850700
4103,2850900
4104,2804600
4105,2922500
4106,3021700
4107,3129900
4108,2806300
4109,2869300
4110,2866100
4111,2926900
4112,3304600
4113,2737400
4114,2839000
4115,2890900
4116,3090900
4117,3032100
4118,3090200
4119,2848400
4120,2881100
4121,3182800
4122,2881700
4123,2908000
4124,3251600
4125,2813800
4126,2877600
4127,2947600
4128,2987100
4129,3302000
4130,2744400
4131,2929100
4132,2905400
4133,2858800
4134,3133900
4135,3067600
4136,3101400
4137,3034400
4138,2735800
4139,2838100
4140,3446400
4141,2737700
4142,3078100
4143,2750800
4144,2897500
4145,2995000
4146,3170200
4147,2798000
4148,2950100
4149,2852400
4150,2858600
4151,3154300
4152,3129500
4153,2870000
4154,2807900
4155,3113200
4156,2988000
4157,3509500
4158,2811400
4159,2851600
4160,2877900
4161,2871300
4162,3035300
4163,3444700
4164,2680300
4165,2809400
4166,2906700
4167,2999500
4168,3304500
4169,2878100
4170,2773200
4171,2843800
4172,2965800
4173,2887200
4174,3570400
4175,2612700
4176,2891900
4177,2841600
4178,2902700
4179,3262200
4180,2976600
4181,2769400
4182,2941300
4183,2843800
4184,3186700
4185,3175300
4186,2652500
4187,2848100
4188,2898900
4189,2876500
4190,3156900
4191,3062100
4192,2783600
4193,2886300
4194,2838700
4195,3229000
4196,3466800
4197,2729600
4198,2873000
4199,2886000
4200,3049200
4201,2911000
4202,3179800
4203,2787300
4204,2898700
4205,2904500
4206,3173400
4207,2849500
4208,3173100
4209,2785700
4210,3226100
4211,2929800
4212,2877700
4213,3335400
4214,2786200
4215,2888500
4216,3045400
4217,2764100
4218,3146800
4219,3041300
4220,2924000
4221,2968700
4222,2860100
4223,2891000
4224,3484400
4225,3047900
4226,3177700
4227,2760200
4228,2783100
4229,3121200
4230,3280600
4231,2858800
4232,2971300
4233,2903600
4234,2897300
4235,3411200
4236,2782600
4237,3198500
4238,2871200
4239,2863300
4240,3066000
4241,3284800
4242,3036900
4243,2873000
4244,2883100
4245,3176000
4246,3508500
4247,2920900
4248,2939300
4249,2954900
4250,2744000
4251,3124600
4252,3345400
4253,2709900
4254,2916500
4255,2938500
4256,2987800
4257,3373000
4258,2901600
4259,3135000
4260,2942100
4261,2911400
4262,3089500
4263,3198400
4264,2835400
4265,2905300
4266,2914700
4267,2901600
4268,3579700
4269,2671100
4270,2920400
4271,2893300
4272,2937100
4273,2909200
4274,3514300
4275,2657000
4276,2903600
4277,2843700
4278,2864800
4279,3378800
4280,3144500
4281,2855400
4282,2857900
4283,2859000
4284,2942600
4285,3390300
4286,2728600
4287,2885900
4288,2862200
4289,2977300
4290,2817500
4291,3232300
4292,2768500
4293,2886600
4294,3049100
4295,2674500
4296,3006000
4297,3172400
4298,2814100
4299,2875900
4300,2908900
4301,2823100
4302,3488100
4303,2811000
4304,3034100
4305,2923000
4306,2849000
4307,3080900
4308,3074800
4309,2714300
4310,2947200
4311,2746500
4312,2907400
4313,2997800
4314,3155800
4315,2812800
4316,3287500
4317,2828500
4318,3632000
4319,2862700
4320,2224300
4321,2924200
4322,2806800
4323,2775900
4324,3403100
4325,3081200
4326,2742500
4327,3008800
4328,2725300
4329,2867100
4330,3034000
4331,3026000
4332,2822500
4333,2857000
4334,2847200
4335,2861700
4336,3389100
4337,2722000
4338,2961300
4339,3057500
4340,2898300
4341,2976700
4342,3386300
4343,3069900
4344,3243400
4345,2711800
4346,2599200
4347,2957000
4348,3101500
4349,2893300
4350,2815400
4351,2973400
4352,3014800
4353,3111900
4354,3011300
4355,2794100
4356,2830800
4357,2968600
4358,2895900
4359,3499200
4360,2861100
4361,2899300
4362,3004000
4363,2884100
4364,3396600
4365,2730700
4366,2870000
4367,2959600
4368,2883300
4369,3477500
4370,2774100
4371,2794600
4372,2923500
4373,2890000
4374,3119600
4375,3018700
4376,3278600
4377,2784900
4378,3006800
4379,3495600
4380,2474300
4381,3246800
4382,2769400
4383,2922100
4384,2877000
4385,3069000
4386,2834500
4387,3192000
4388,2804400
4389,2977500
4390,2872000
4391,3131300
4392,3118600
4393,2809800
4394,3214600
4395,2873800
4396,3024700
4397,2879900
4398,3180000
4399,2808500
4400,2951800
4401,2907000
4402,2857200
4403,2880800
4404,3178600
4405,2864400
4406,2959400
4407,2775500
4408,3007400
4409,3160000
4410,2830500
4411,2930300
4412,2877100
4413,2805500
4414,3113200
4415,3194100
4416,2781500
4417,2997700
4418,2875500
4419,2976600
4420,3323300
4421,2795800
4422,3029100
4423,2616200
4424,2947800
4425,2907500
4426,3231200
4427,2819100
4428,2805000
4429,2876500
4430,2835000
4431,3130700
4432,3169600
4433,2773900
4434,3137700
4435,2777000
4436,2923500
4437,3379300
4438,2680300
4439,2863700
4440,2831600
4441,2850800
4442,3051700
4443,3117500
4444,2857800
4445,2782200
4446,2860000
4447,2810800
4448,2999600
4449,3391800
4450,2791500
4451,2728600
4452,2881900
4453,2946700
4454,3569900
4455,2806600
4456,2813800
4457,2837300
4458,2887900
4459,3038800
4460,3160600
4461,2774600
4462,2874000
4463,2807900
4464,2935900
4465,3109600
4466,3032200
4467,2864600
4468,2909100
4469,3049000
4470,2944700
4471,3204300
4472,2839500
4473,2829900
4474,2823200
4475,2871900
4476,3198500
4477,2981900
4478,2845400
4479,2846500
4480,2918100
4481,3071400
4482,2997000
4483,3083800
4484,2861500
4485,2835400
4486,2895900
4487,2981200
4488,3155300
4489,3116400
4490,2823600
4491,2887800
4492,2955600
4493,2870700
4494,3303600
4495,2656800
4496,2932500
4497,3021300
4498,2710000
4499,3311000
4500,2865400
4501,2825700
4502,2835400
4503,3066300
4504,2787800
4505,3314700
4506,2845400
4507,2848000
4508,2918300
4509,2811200
4510,2998800
4511,3298700
4512,2725700
4513,3043300
4514,2770500
4515,2905700
4516,2897500
4517,3223400
4518,2878400
4519,2877100
4520,2923000
4521,2900700
4522,3498100
4523,2749600
4524,2954200
4525,2888600
4526,2820900
4527,3077700
4528,3128100
4529,3191500
4530,2859400
4531,2818700
4532,2944300
4533,3373700
4534,2969600
4535,2764900
4536,2892800
4537,2888200
4538,3038100
4539,3155800
4540,2886700
4541,2844700
4542,2956300
4543,2843600
4544,3102500
4545,3496500
4546,2626000
4547,2902500
4548,3199700
4549,3051100
4550,3331200
4551,2766000
4552,2874100
4553,2959100
4554,2865500
4555,3717600
4556,2639200
4557,2881200
4558,2965600
4559,2948500
4560,3090100
4561,3357500
4562,2831800
4563,2986400
4564,2938400
4565,2968800
4566,3623100
4567,2669500
4568,3222600
4569,2892700
4570,3003100
4571,3218800
4572,3150100
4573,2785200
4574,2989700
4575,3051800
4576,3130100
4577,2889700
4578,3257800
4579,2938200
4580,3006800
4581,3120800
4582,3117200
4583,3124800
4584,3007700
4585,2818900
4586,3154100
4587,3116900
4588,3286700
4589,2895100
4590,2826400
4591,3161500
4592,2822900
4593,3167200
4594,3297900
4595,2826600
4596,2946900
4597,3207000
4598,2939400
4599,3369500
4600,2781100
4601,2951400
4602,2860600
4603,2970700
4604,3117700
4605,2935800
4606,2952800
4607,2982300
4608,2798100
4609,2985300
4610,3301900
4611,2765200
4612,3102000
4613,2727500
4614,2845800
4615,3067300
4616,3084400
4617,2745500
4618,3015900
4619,2811300
4620,2920300
4621,3111800
4622,3179200
4623,2822600
4624,2926400
4625,2788000
4626,2907300
4627,3253500
4628,2912700
4629,2739400
4630,2854000
4631,2841200
4632,2984500
4633,3377300
4634,2820500
4635,2849000
4636,2794700
4637,2904400
4638,3090400
4639,3071600
4640,2691000
4641,2847600
4642,3092700
4643,2848700
4644,2885100
4645,3151400
4646,2820300
4647,2869500
4648,2835400
4649,2817600
4650,3595200
4651,2488200
4652,2984500
4653,2636600
4654,2885400
4655,3424900
4656,3024600
4657,3163800
4658,2610200
4659,2872800
4660,2909800
4661,3159800
4662,2778400
4663,2785400
4664,2847200
4665,3055700
4666,3025600
4667,3139800
4668,2818700
4669,2975600
4670,2767900
4671,2945400
4672,2862700
4673,3152300
4674,2856100
4675,2847700
4676,2919900
4677,2927200
4678,3022500
4679,3099400
4680,2835700
4681,2912200
4682,3240400
4683,2884300
4684,3171600
4685,2905400
4686,2857500
4687,3147100
4688,2848600
4689,3349100
4690,2926000
4691,2670600
4692,2998500
4693,2746100
4694,2894200
4695,3410100
4696,2753100
4697,3249600
4698,2931500
4699,2799500
4700,2983200
4701,3294500
4702,2917900
4703,3036000
4704,2729100
4705,2908200
4706,3412600
4707,3045700
4708,2912500
4709,3019200
4710,2765000
4711,3149100
4712,3123000
4713,2978700
4714,3070700
4715,2714200
4716,3771500
4717,2714700
4718,2940500
4719,2947400
4720,2849100
4721,2894800
4722,3054100
4723,3156000
4724,3059100
4725,2742000
4726,2834400
4727,2855400
4728,2924600
4729,3200900
4730,3000200
4731,2760400
4732,2874100
4733,2919500
4734,3345600
4735,2967200
4736,2794200
4737,3075100
4738,2887700
4739,3002000
4740,3207000
4741,2797000
4742,2831000
4743,2857800
4744,2891900
4745,3414800
4746,2846800
4747,2824500
4748,2835200
4749,2898000
4750,2893200
4751,3324200
4752,3044100
4753,2853300
4754,2792000
4755,2929400
4756,3124400
4757,3215400
4758,2669400
4759,2855000
4760,2820800
4761,2835400
4762,3393600
4763,2707200
4764,2844500
4765,2894900
4766,2796700
4767,2984700
4768,3200100
4769,2731600
4770,2913300
4771,2803100
4772,2828800
4773,3185400
4774,2964000
4775,2797300
4776,2872400
4777,3154600
4778,2807500
4779,3115200
4780,3218000
4781,2830500
4782,2830600
4783,2839000
4784,3105900
4785,3047000
4786,2774900
4787,2924600
4788,2989400
4789,2656500
4790,3204000
4791,2941600
4792,3092000
4793,2917800
4794,2811500
4795,2868000
4796,3237300
4797,2806100
4798,2840900
4799,2980700
4800,2772000
4801,2911600
4802,3320500
4803,2706200
4804,3017200
4805,2776600
4806,2863500
4807,3098100
4808,3077100
4809,2765000
4810,2925600
4811,2820300
4812,3107800
4813,3075000
4814,3172100
4815,3022700
4816,2736900
4817,2869000
4818,3039800
4819,3231500
4820,3117000
4821,2636600
4822,2881400
4823,2898900
4824,2950300
4825,3338800
4826,2774300
4827,2860000
4828,2876400
4829,2866600
4830,3433800
4831,2790800
4832,3156100
4833,2863700
4834,2832100
4835,3238100
4836,3021900
4837,2818800
4838,2928200
4839,2834300
4840,2943400
4841,3323500
4842,2915300
4843,2887200
4844,2727100
4845,2867200
4846,2960800
4847,3480000
4848,2875000
4849,2853100
4850,2876000
4851,2854700
4852,3149200
4853,3154000
4854,2807900
4855,2868700
4856,2802300
4857,3075500
4858,3421500
4859,2731400
4860,2851800
4861,2872300
4862,3071300
4863,2912400
4864,3083300
4865,2848300
4866,2840300
4867,3097200
4868,3029900
4869,2838800
4870,3273500
4871,2759300
4872,2888100
4873,2998600
4874,2842100
4875,3217000
4876,2894500
4877,2779200
4878,2919200
4879,2856500
4880,3029900
4881,3203900
4882,2787500
4883,2871000
4884,3447700
4885,2429200
4886,3520700
4887,2757700
4888,2852500
4889,2992600
4890,2816900
4891,2939200
4892,3577000
4893,2714900
4894,3195200
4895,2641800
4896,2990100
4897,2938400
4898,3242000
4899,3094700
4900,2832200
4901,3060500
4902,3095300
4903,3202200
4904,2957600
4905,2964600
4906,2877400
4907,2898800
4908,3074400
4909,3283400
4910,2931700
4911,2877800
4912,2951300
4913,2985900
4914,3332100
4915,2960900
4916,2910900
4917,2880600
4918,2943200
4919,3192800
4920,3570000
4921,2838100
4922,2868100
4923,2985500
4924,2962600
4925,3472700
4926,2844200
4927,2885500
4928,2958200
4929,2905200
4930,3065100
4931,3379300
4932,2786200
4933,3021300
4934,2902000
4935,3025800
4936,3394300
4937,2778800
4938,2928800
4939,2875000
4940,3156100
4941,3052200
4942,3300200
4943,2839000
4944,2853200
4945,2985200
4946,2991100
4947,3381400
4948,2770500
4949,2892600
4950,2908200
4951,3130700
4952,2895000
4953,3100200
4954,2832000
4955,2870200
4956,3117100
4957,2656600
4958,3067500
4959,3239100
4960,3147700
4961,2866400
4962,2820000
4963,3124900
4964,3113100
4965,2813200
4966,2879400
4967,2908200
4968,2819400
4969,3001400
4970,3256600
4971,2754300
4972,2992600
4973,2814500
4974,2840000
4975,3298300
4976,2838300
4977,2781000
4978,2991100
4979,2771200
4980,2995300
4981,3260200
4982,2673500
4983,2857500
4984,2812600
4985,3168700
4986,2853300
4987,3263400
4988,3032500
4989,2958100
4990,2700000
4991,2782300
4992,2861200
4993,3244900
4994,3021100
4995,2905400
4996,2877600
4997,2911500
4998,3064500
4999,2890300
5000,2979000
5001,2808900
5002,2889500
5003,3212700
5004,3494800
5005,2660300
5006,2725700
5007,2889400
5008,2848400
5009,3213500
5010,2766600
5011,2851800
5012,2856100
5013,2868900
5014,3076100
5015,3529400
5016,2552300
5017,2842200
5018,2864600
5019,2898200
5020,2978500
5021,3181700
5022,2802400
5023,2905300
5024,2875900
5025,2938300
5026,3372200
5027,2637700
5028,2900600
5029,2865500
5030,2945400
5031,3291300
5032,3107500
5033,2815500
5034,2866000
5035,2706600
5036,3020300
5037,3245000
5038,3077700
5039,2752200
5040,3164300
5041,3111800
5042,2772500
5043,3251000
5044,2813400
5045,2892800
5046,2919800
5047,2973000
5048,2987900
5049,3148000
5050,2826200
5051,2937000
5052,2993900
5053,6647900
5054,2143100
5055,1857400
5056,1961700
5057,3070600
5058,2755200
5059,3001900
5060,3263200
5061,2852700
5062,3065700
5063,2713000
5064,3009300
5065,3464200
5066,2777200
5067,3122100
5068,2749900
5069,2776500
5070,3131700
5071,3150000
5072,2752600
5073,3088400
5074,2807300
5075,3033100
5076,3466300
5077,2894500
5078,2845900
5079,2802500
5080,2921100
5081,3023800
5082,3191800
5083,2878500
5084,2801200
5085,2809600
5086,2911300
5087,3246700
5088,3014700
5089,2842500
5090,2997500
5091,2832600
5092,2920300
5093,3385600
5094,2760600
5095,2804600
5096,2858000
5097,2807900
5098,2983100
5099,3483200
5100,2540600
5101,2782700
5102,2882400
5103,2815200
5104,3160100
5105,3037400
5106,2783500
5107,2849900
5108,2838200
5109,2811600
5110,3456900
5111,2720800
5112,2823900
5113,2801300
5114,2860900
5115,3462000
5116,3043900
5117,2839300
5118,2804500
5119,2895300
5120,3025800
5121,2741100
5122,3135900
5123,2891800
5124,2863800
5125,2837600
5126,2907500
5127,3353200
5128,2757300
5129,2947200
5130,3121200
5131,2786300
5132,2935200
5133,3177200
5134,2692200
5135,2901500
5136,3134800
5137,2567200
5138,2994800
5139,3181800
5140,2808100
5141,2942000
5142,2822800
5143,2860000
5144,3308500
5145,2832500
5146,2863400
5147,3061800
5148,2660300
5149,3200500
5150,3262900
5151,2748800
5152,3063500
5153,2715900
5154,2942900
5155,3184900
5156,3201600
5157,2798900
5158,2995600
5159,2858900
5160,3052800
5161,3282200
5162,2829800
5163,2766600
5164,2890800
5165,2893600
5166,3130000
5167,3061700
5168,2933300
5169,2779100
5170,3168200
5171,2948000
5172,3334500
5173,2809700
5174,2856900
5175,2904000
5176,2823900
5177,3046200
5178,3610300
5179,2488700
5180,2811600
5181,2928200
5182,2856000
5183,2984400
5184,3361000
5185,2761900
5186,2917600
5187,2892800
5188,2910200
5189,3656800
5190,2744800
5191,2815200
5192,2880400
5193,2893800
5194,3078000
5195,3150000
5196,2748200
5197,2895900
5198,2877900
5199,2882800
5200,3338900
5201,2809300
5202,2845000
5203,2811900
5204,2949100
5205,3132500
5206,3136500
5207,2738100
5208,2881900
5209,2863800
5210,3297900
5211,2974700
5212,3042200
5213,2856200
5214,2868600
5215,2881000
5216,2956400
5217,3288500
5218,2748000
5219,2925800
5220,2851600
5221,3114200
5222,3067000
5223,3193000
5224,2835800
5225,3109100
5226,3028200
5227,2774500
5228,3406100
5229,2722400
5230,2872800
5231,2915200
5232,2967000
5233,3004200
5234,3236000
5235,2751200
5236,2941800
5237,3019500
5238,2794700
5239,3155900
5240,3180000
5241,2858000
5242,3162400
5243,2866400
5244,3182100
5245,3212300
5246,2869500
5247,3001200
5248,2882100
5249,2903200
5250,3166900
5251,3154200
5252,2857800
5253,3023100
5254,3153700
5255,2652900
5256,3374700
5257,2923900
5258,2985100
5259,3029600
5260,2916300
5261,3196400
5262,3335100
5263,2925800
5264,2840200
5265,2963800
5266,2991200
5267,3316300
5268,2938100
5269,2875900
5270,2972400
5271,2832900
5272,3037400
5273,3525700
5274,2700800
5275,2866800
5276,2896100
5277,2945900
5278,3530800
5279,3017700
5280,2817500
5281,2965300
5282,2882000
5283,3183700
5284,3233100
5285,2720400
5286,2953600
5287,2887900
5288,2892400
5289,3349600
5290,2772200
5291,2908900
5292,2958200
5293,2854900
5294,3077900
5295,3440200
5296,2762900
5297,2891900
5298,2936300
5299,3012900
5300,3131900
5301,2814800
5302,3058800
5303,3022000
5304,2908700
5305,2807200
5306,3325200
5307,2731600
5308,2913700
5309,2869200
5310,2916900
5311,2883100
5312,3197200
5313,2788600
5314,2862800
5315,2985200
5316,2700900
5317,3067700
5318,3407300
5319,2709800
5320,2945100
5321,2820800
5322,2887000
5323,3236400
5324,2853100
5325,3448300
5326,2684200
5327,2552200
5328,3045800
5329,2973500
5330,2773000
5331,3098900
5332,2865300
5333,2936600
5334,3187300
5335,3202400
5336,2775500
5337,2718900
5338,3198200
5339,3031300
5340,3288400
5341,2864800
5342,2791100
5343,2856900
5344,2951000
5345,2879800
5346,3301000
5347,2706000
5348,2913900
5349,2896700
5350,2880200
5351,3304000
5352,3117200
5353,2756700
5354,2841300
5355,2861000
5356,3169600
5357,3522100
5358,2721700
5359,2869200
5360,2922200
5361,2984500
5362,3479600
5363,2654300
5364,2868200
5365,2922100
5366,2876200
5367,3059500
5368,3250700
5369,2795300
5370,2924600
5371,2867000
5372,2952700
5373,3881600
5374,3210200
5375,2496900
5376,2779900
5377,2828300
5378,3305300
5379,3206400
5380,2811000
5381,2932400
5382,3032100
5383,3004600
5384,2870200
5385,3097500
5386,2924600
5387,2950700
5388,2865500
5389,6502100
5390,2239300
5391,1761100
5392,2217000
5393,2924500
5394,2871600
5395,3073600
5396,3201200
5397,2827500
5398,2898200
5399,2895600
5400,2992200
5401,3237100
5402,2927700
5403,2898000
5404,3040500
5405,2740100
5406,2968700
5407,3509800
5408,2695900
5409,3044800
5410,2656700
5411,2912000
5412,3448600
5413,2659100
5414,3032600
5415,2708000
5416,3161000
5417,2998100
5418,3242900
5419,2792200
5420,2891000
5421,2839800
5422,2997500
5423,2877000
5424,3204500
5425,2914400
5426,2741100
5427,2962600
5428,2827200
5429,3053600
5430,3220900
5431,3075400
5432,2744000
5433,2911800
5434,2988800
5435,3290600
5436,2691200
5437,2895200
5438,2786000
5439,2908300
5440,2948500
5441,3529000
5442,2564800
5443,2815200
5444,2848800
5445,2847000
5446,3745200
5447,2734500
5448,2799800
5449,2852400
5450,2954800
5451,3286300
5452,2829600
5453,2745500
5454,2858800
5455,2839700
5456,2890400
5457,3242400
5458,2855200
5459,2828400
5460,2836300
5461,2828200
5462,2971600
5463,3233600
5464,2757300
5465,2826800
5466,2897700
5467,2996500
5468,2801100
5469,3216400
5470,2725600
5471,3112900
5472,2933400
5473,2819800
5474,2987800
5475,3118400
5476,2925900
5477,2806400
5478,2889600
5479,2807100
5480,3508300
5481,2786400
5482,2850400
5483,3076100
5484,2680000
5485,3223000
5486,3256800
5487,2809600
5488,3056700
5489,2734900
5490,2768000
5491,3343100
5492,2711900
5493,2944900
5494,2893100
5495,2833800
5496,2904600
5497,3332400
5498,2731700
5499,3097100
5500,2675000
5501,2864600
5502,2997200
5503,3077500
5504,3116300
5505,2632600
5506,2859400
5507,3115400
5508,2974300
5509,3276500
5510,2713700
5511,2940000
5512,2841600
5513,3462200
5514,2965500
5515,2927200
5516,2688100
5517,2830600
5518,2924700
5519,2940600
5520,3331300
5521,2735300
5522,2948000
5523,3097000
5524,2982600
5525,3832400
5526,2635400
5527,2217300
5528,2827700
5529,3000200
5530,2941900
5531,3214400
5532,2760500
5533,2915600
5534,3005400
5535,2775900
5536,3214700
5537,2869100
5538,2861500
5539,2850800
5540,3120700
5541,2900300
5542,2793900
5543,3184500
5544,2851700
5545,2889400
5546,3230000
5547,2974900
5548,3276700
5549,2912200
5550,2898900
5551,3047000
5552,2794200
5553,2904100
5554,3313100
5555,3073700
5556,3101800
5557,2820100
5558,2980100
5559,2997400
5560,2913800
5561,2802300
5562,3236600
5563,3135700
5564,3229500
5565,2632700
5566,3022500
5567,2982600
5568,2873800
5569,3152400
5570,3109200
5571,2908600
5572,3929600
5573,2847600
5574,2361600
5575,2724100
5576,3165000
5577,3380400
5578,2374100
5579,2967300
5580,3086200
5581,3518500
5582,3007400
5583,2672100
5584,3639500
5585,3172600
5586,2889100
5587,3072200
5588,2784700
5589,2828500
5590,3227300
5591,2691100
5592,3584100
5593,2728500
5594,2954200
5595,2996700
5596,2910400
5597,3231700
5598,3082900
5599,2827900
5600,3366200
5601,2896200
5602,3242800
5603,3018100
5604,2844000
5605,2956100
5606,3231900
5607,2655000
5608,3080400
5609,3052100
5610,2809100
5611,3046000
5612,2844200
5613,3014900
5614,3482700
5615,2558100
5616,2846700
5617,2980100
5618,2876700
5619,3176900
5620,3307200
5621,2832800
5622,2824300
5623,3184500
5624,2699500
5625,3181000
5626,2915000
5627,2891700
5628,2871000
5629,2938300
5630,2907800
5631,3088400
5632,3010600
5633,2730300
5634,2905700
5635,3044000
5636,2943200
5637,2886700
5638,2947500
5639,2767600
5640,3225400
5641,2788300
5642,3033100
5643,3131500
5644,3312500
5645,2379500
5646,2725300
5647,3026900
5648,3166800
5649,2824700
5650,2899400
5651,2739900
5652,2715800
5653,3386000
5654,2926700
5655,3053200
5656,2972700
5657,2707000
5658,2693900
5659,2994100
5660,3235300
5661,2830000
5662,3256700
5663,2596900
5664,3029200
5665,3845800
5666,3063000
5667,2204500
5668,2475900
5669,2978700
5670,3077100
5671,3081700
5672,3393600
5673,2507800
5674,2974200
5675,2993400
5676,3016100
5677,3156900
5678,2960900
5679,2765400
5680,2740800
5681,3291500
5682,3206100
5683,2707500
5684,2925900
5685,2911500
5686,2998700
5687,2739200
5688,3725200
5689,2268600
5690,2819400
5691,2935500
5692,2962000
5693,3470800
5694,3068400
5695,2714500
5696,2873500
5697,3019600
5698,3339600
5699,3294500
5700,2910000
5701,2531300
5702,2745000
5703,3053800
5704,3213200
5705,3286600
5706,2748900
5707,2951200
5708,2942000
5709,3973100
5710,2237700
5711,2769700
5712,2937500
5713,2965700
5714,3286700
5715,3320900
5716,2908900
5717,2906700
5718,2789500
5719,3121000
5720,2862400
5721,3572500
5722,2445400
5723,2916200
5724,2949500
5725,3023400
5726,4174300
5727,2154400
5728,2670700
5729,2937400
5730,3308000
5731,2737700
5732,3099600
5733,2777500
5734,2896200
5735,3470900
5736,2905800
5737,2754400
5738,3123400
5739,2938700
5740,2901200
5741,2971000
5742,3381400
5743,2453400
5744,3027000
5745,2916600
5746,3293500
5747,2653600
5748,3151800
5749,3166100
5750,2906800
5751,3477500
5752,2104100
5753,2897100
5754,3036000
5755,3208600
5756,2814000
5757,3210600
5758,2443100
5759,2856300
5760,3648500
5761,2682800
5762,2974100
5763,3221300
5764,2373600
5765,2878800
5766,3275600
5767,2879000
5768,2987400
5769,2846200
5770,2863700
5771,3190900
5772,3289500
5773,2438000
5774,3011500
5775,2949600
5776,2926700
5777,3555600
5778,3191100
5779,2430600
5780,2744800
5781,2933600
5782,3502500
5783,2628100
5784,3517100
5785,2675500
5786,2315900
5787,2875800
5788,3040900
5789,3432700
5790,3128900
5791,2590500
5792,2847300
5793,2991000
5794,4265300
5795,2095500
5796,2313500
5797,2868700
5798,2961100
5799,3159000
5800,3157800
5801,2514200
5802,2795800
5803,2955700
5804,2864400
5805,3095000
5806,3513100
5807,2416100
5808,2668400
5809,3087600
5810,3538900
5811,2998800
5812,2806400
5813,2851000
5814,3006600
5815,3029300
5816,2731000
5817,2988900
5818,2883500
5819,2871900
5820,2979800
5821,2939000
5822,2791600
5823,3129900
5824,2970900
5825,2823900
5826,2965200
5827,3107200
5828,3196900
5829,3171400
5830,2512600
5831,2905400
5832,3022800
5833,2919300
5834,3097000
5835,2858800
5836,3180900
5837,2719100
5838,2585400
5839,3357600
5840,2785900
5841,2941600
5842,3029900
5843,2873400
5844,2912600
5845,3131000
5846,2727400
5847,2928700
5848,3318100
5849,2924500
5850,2838800
5851,3227600
5852,2864000
5853,3106500
5854,2725800
5855,2977000
5856,3211000
5857,3052800
5858,2909100
5859,2579100
5860,2816100
5861,2977000
5862,3198100
5863,3298500
5864,2439500
5865,2830600
5866,2878100
5867,3273100
5868,2854400
5869,3094800
5870,3076000
5871,2328900
5872,2786600
5873,3323700
5874,2962000
5875,2957000
5876,2799700
5877,2992500
5878,3600500
5879,3154700
5880,2532400
5881,2525700
5882,2941700
5883,2849300
5884,2981800
5885,3756500
5886,2996900
5887,2724400
5888,2790600
5889,2837800
5890,3456000
5891,2716900
5892,3149300
5893,3025600
5894,2259700
5895,3245900
5896,3173800
5897,3103100
5898,2508400
5899,3083200
5900,3384000
5901,3039300
5902,3410400
5903,4644300
5904,3233200
5905,3540200
5906,3779000
5907,2969500
5908,2452100
5909,2675300
5910,2985100
5911,3007500
5912,2737100
5913,2640400
5914,2908900
5915,2886200
5916,3158100
5917,5291900
5918,3911800
5919,2469600
5920,2435400
5921,2958300
5922,2991100
5923,2614300
5924,2820000
5925,3083000
5926,2989800
5927,2742200
5928,3810400
5929,3554000
5930,2426300
5931,2393800
5932,2609000
5933,2907200
5934,3410700
5935,2965400
5936,2602400
5937,2942100
5938,3634000
5939,2951900
5940,2775200
5941,3434700
5942,4064600
5943,4034400
5944,3130300
5945,3516800
5946,2657800
5947,2218900
5948,2322900
5949,2783900
5950,3367100
5951,2813700
5952,3604900
5953,3585000
5954,2558800
5955,2317600
5956,2474200
5957,3302200
5958,2990500
5959,2858400
5960,3451600
5961,2949100
5962,3443400
5963,3654200
5964,2200900
5965,2338600
5966,3056800
5967,3863300
5968,2664700
5969,2314600
5970,2962900
5971,2862300
5972,2819100
5973,3326000
5974,2824000
5975,2865400
5976,3272900
5977,3834300
5978,3057700
5979,2356000
5980,2248200
5981,2818100
5982,2829200
5983,3349600
5984,2719200
5985,2854100
5986,2965600
5987,3590500
5988,2750800
5989,3007300
5990,2246700
5991,3318600
5992,3517300
5993,2416200
5994,3313100
5995,3491600
5996,2566000
5997,2783800
5998,3648200
5999,3851300
6000,3230100
6001,3445100
6002,3085900
6003,2413200
6004,2299200
6005,2701500
6006,2934400
6007,2864600
6008,2885500
6009,3241900
6010,3169800
6011,3506800
6012,3350200
6013,2783800
6014,2519000
6015,2657900
6016,2747200
6017,2981200
6018,2699400
6019,3231100
6020,2356200
6021,2814100
6022,3384400
6023,3010200
6024,2903700
6025,2963800
6026,3581400
6027,3601400
6028,2277700
6029,2307300
6030,2615100
6031,3095700
6032,3277600
6033,3292700
6034,2756200
6035,2802800
6036,4024400
6037,2643100
6038,2339100
6039,3240400
6040,2945300
6041,2653000
6042,3192700
6043,3036800
6044,2411200
6045,3246400
6046,3270800
6047,3249900
6048,3554300
6049,6910800
6050,3955300
6051,4307600
6052,5406600
6053,5576400
6054,5846100
6055,4538700
6056,5075100
6057,5499500
6058,3002500
6059,2586500
6060,3467200
6061,2732200
6062,2139000
6063,2269900
6064,3085600
6065,2460500
6066,3354000
6067,2890800
6068,2645700
6069,2987200
6070,2774000
6071,2793200
6072,3042700
6073,3332100
6074,3231000
6075,2212000
6076,2009200
6077,3173500
6078,2965000
6079,3055800
6080,2696600
6081,2432100
6082,2773700
6083,3969500
6084,2700700
6085,2283700
6086,3087500
6087,3137400
6088,2246800
6089,3208100
6090,3133100
6091,2540200
6092,2740000
6093,2871200
6094,2804100
6095,3286200
6096,3427100
6097,3036400
6098,2273700
6099,2369900
6100,3305800
6101,2976400
6102,2798800
6103,2865100
6104,2652600
6105,2929200
6106,4162800
6107,2316100
6108,2799100
6109,2969200
6110,2914100
6111,2656100
6112,2950200
6113,3098500
6114,2746500
6115,3285900
6116,2490900
6117,3653300
6118,3093700
6119,3733800
6120,2211000
6121,1975600
6122,3027300
6123,2873100
6124,3222800
6125,2900100
6126,2769100
6127,2818100
6128,3412900
6129,3222800
6130,2305600
6131,2879000
6132,3510800
6133,2314800
6134,2769200
6135,3617200
6136,2471200
6137,2861700
6138,3184800
6139,2674700
6140,3141900
6141,3905700
6142,2935300
6143,2007400
6144,2865500
6145,3174900
6146,2933000
6147,3269700
6148,3277000
6149,2303100
6150,2866200
6151,4159500
6152,2732200
6153,2193600
6154,3137900
6155,3032800
6156,2806700
6157,3054700
6158,3457100
6159,2742700
6160,3062200
6161,2752700
6162,2992000
6163,3558500
6164,3498200
6165,2211100
6166,2326000
6167,3106200
6168,3079700
6169,3398100
6170,2808500
6171,2556600
6172,2931500
6173,3476100
6174,3155100
6175,2403800
6176,3374000
6177,3116300
6178,2499900
6179,3578700
6180,2870800
6181,2785700
6182,3025100
6183,2825200
6184,2881700
6185,3585800
6186,3399800
6187,2180700
6188,2733300
6189,2839700
6190,3462900
6191,3001900
6192,3011300
6193,3058800
6194,2505700
6195,3042700
6196,3737400
6197,2570800
6198,2578300
6199,3018700
6200,3208400
6201,2466700
6202,3045700
6203,3178100
6204,2676100
6205,3198100
6206,2790500
6207,2795800
6208,3429500
6209,3582700
6210,2230100
6211,2812700
6212,2668400
6213,3151300
6214,3295200
6215,3246000
6216,3111300
6217,2498100
6218,3504500
6219,3259700
6220,2145800
6221,2911400
6222,3102200
6223,2778400
6224,3027200
6225,3248000
6226,2505900
6227,2947800
6228,2906300
6229,2884500
6230,3208000
6231,3537600
6232,3119300
6233,2576800
6234,2179400
6235,3400200
6236,3167700
6237,2970900
6238,3036100
6239,2578600
6240,2923200
6241,3534300
6242,2529800
6243,2759300
6244,3122300
6245,3235900
6246,2336700
6247,3126200
6248,3523000
6249,2589500
6250,2773600
6251,2896100
6252,3276600
6253,3289800
6254,3700200
6255,3003400
6256,2270700
6257,2556600
6258,3391100
6259,2993600
6260,2944300
6261,3063300
6262,3591300
6263,2704700
6264,2532200
6265,3153700
6266,2896600
6267,2506900
6268,2964800
6269,4238000
6270,2281300
6271,2880800
6272,3462800
6273,2506200
6274,3215800
6275,3501800
6276,2622100
6277,3043200
6278,2762800
6279,3518100
6280,4146300
6281,2530400
6282,2382200
6283,2445700
6284,2386800
6285,3369000
6286,3793600
6287,2467000
6288,2865400
6289,3340500
6290,2689300
6291,2746700
6292,3506500
6293,2692700
6294,2708200
6295,2941200
6296,3063600
6297,2891000
6298,3030600
6299,3122400
6300,2680000
6301,3001600
6302,3648000
6303,2764400
6304,2339500
6305,2958500
6306,2992600
6307,2846400
6308,3499700
6309,3000100
6310,2707700
6311,3007000
6312,3446500
6313,2154100
6314,3034200
6315,3233000
6316,3022400
6317,2705200
6318,2729400
6319,3062600
6320,3080700
6321,3114400
6322,2878200
6323,2659000
6324,2942500
6325,4289300
6326,2475100
6327,2162800
6328,3456000
6329,2566100
6330,3339200
6331,2938100
6332,3246400
6333,2681900
6334,3077300
6335,2847100
6336,2483200
6337,3171000
6338,3623400
6339,2301600
6340,2663200
6341,3203100
6342,2609200
6343,3179000
6344,3330200
6345,2958000
6346,2890600
6347,3161300
6348,4347300
6349,2606100
6350,2240600
6351,2377000
6352,2752500
6353,3283700
6354,3373300
6355,2964400
6356,2669800
6357,2835700
6358,4180700
6359,3234600
6360,2424300
6361,2757000
6362,3676200
6363,2272000
6364,2820800
6365,3751000
6366,2415100
6367,3110800
6368,3233800
6369,3053900
6370,3287200
6371,3383700
6372,2896700
6373,2408200
6374,2914900
6375,3722200
6376,2875200
6377,3054200
6378,3263000
6379,2655000
6380,3254600
6381,3543800
6382,2607900
6383,3173800
6384,3283600
6385,2981400
6386,2820900
6387,3502400
6388,2747300
6389,3070300
6390,3195700
6391,2992200
6392,3236400
6393,3536100
6394,3122700
6395,1939100
6396,3008100
6397,4065600
6398,2540600
6399,2993700
6400,3124000
6401,3426000
6402,2631200
6403,3888600
6404,3404600
6405,2856600
6406,2643700
6407,2973700
6408,2570900
6409,2723800
6410,3083400
6411,2740800
6412,2907000
6413,3169600
6414,3013300
6415,2865500
6416,3206200
6417,4012200
6418,2639000
6419,2396500
6420,2905500
6421,2782900
6422,3233600
6423,3014900
6424,3000500
6425,2816300
6426,2862500
6427,3607800
6428,2199300
6429,2790600
6430,3307500
6431,3731000
6432,2260700
6433,2969400
6434,2459600
6435,2699900
6436,3728800
6437,2991300
6438,3011400
6439,2828500
6440,3508300
6441,2648100
6442,2561700
6443,2800700
6444,2960000
6445,3000600
6446,2838500
6447,3131100
6448,2815600
6449,3176100
6450,2927000
6451,2377900
6452,2805800
6453,3061700
6454,3495400
6455,2394700
6456,3306300
6457,2355900
6458,3196900
6459,3298800
6460,3213400
6461,2560500
6462,2897900
6463,3852300
6464,2710700
6465,2208400
6466,3222000
6467,2433800
6468,2960700
6469,2905500
6470,3054200
6471,3143900
6472,3747000
6473,2362000
6474,2645900
6475,3483800
6476,3428700
6477,2503400
6478,3008600
6479,3133300
6480,2530900
6481,3071000
6482,2964900
6483,2958000
6484,2743900
6485,2870400
6486,4147100
6487,3025200
6488,1996300
6489,2496800
6490,3022400
6491,3271300
6492,3426600
6493,2600800
6494,2585500
6495,3491200
6496,2316300
6497,2844100
6498,3358600
6499,3698100
6500,2817300
6501,2743700
6502,2711400
6503,2906800
6504,3108500
6505,3044600
6506,2768200
6507,3391100
6508,2662400
6509,3011200
6510,3033700
6511,2988600
6512,2822200
6513,2936500
6514,3015200
6515,3384300
6516,3345700
6517,2529900
6518,2846600
6519,3090000
6520,2967200
6521,3884700
6522,2566200
6523,2694500
6524,2677400
6525,3010500
6526,3296800
6527,3061900
6528,3395600
6529,2249600
6530,3182600
6531,2623600
6532,3131700
6533,2905200
6534,3263800
6535,2552800
6536,2902900
6537,3511000
6538,3199600
6539,2702100
6540,2643100
6541,2923400
6542,2963000
6543,3499800
6544,3031100
6545,2785600
6546,2281600
6547,3134300
6548,3352100
6549,3169200
6550,2974400
6551,3184900
6552,2571500
6553,3138200
6554,2561000
6555,3317800
6556,2914900
6557,2757300
6558,2929800
6559,3084400
6560,3314600
6561,2244700
6562,2893900
6563,3059500
6564,2924500
6565,3341000
6566,3010800
6567,2738800
6568,3350100
6569,2464000
6570,2898400
6571,3571100
6572,3328300
6573,3024000
6574,2306900
6575,3221400
6576,2965500
6577,2567300
6578,2911900
6579,2880300
6580,2892200
6581,2856400
6582,3466100
6583,3246700
6584,2180000
6585,2780100
6586,3080100
6587,3429700
6588,3818100
6589,2932300
6590,3715500
6591,2770400
6592,2631400
6593,2795100
6594,2456100
6595,2468100
6596,3049100
6597,4057700
6598,4074300
6599,3005400
6600,2353400
6601,2583000
6602,3627500
6603,3298600
6604,3448700
6605,3298300
6606,3661900
6607,3902900
6608,3533900
6609,3747000
6610,3130000
6611,3023800
6612,3854800
6613,4709500
6614,3315900
6615,2410100
6616,2957600
6617,2972400
6618,3625400
6619,3362100
6620,3362400
6621,3785000
6622,2836200
6623,3747700
6624,4726800
6625,4366300
6626,2995200
6627,2635700
6628,2785600
6629,2547500
6630,3449900
6631,3772700
6632,2905000
6633,2351800
6634,2213900
6635,2507500
6636,2821900
6637,2617700
6638,3050600
6639,3193300
6640,2328300
6641,2810700
6642,2841500
6643,2835000
6644,3452500
6645,3045100
6646,2580300
6647,3129900
6648,3024400
6649,2560300
6650,2647300
6651,3093000
6652,3254700
6653,3079100
6654,2947600
6655,2548400
6656,2520500
6657,3419100
6658,3201300
6659,2719800
6660,2888200
6661,3816700
6662,3356100
6663,3514400
6664,3105700
6665,2873300
6666,2606900
6667,3484400
6668,2842900
6669,2460100
6670,2272200
6671,2700000
6672,2689300
6673,2865200
6674,3356800
6675,2856700
6676,3045800
6677,3308500
6678,2665000
6679,2788600
6680,3406400
6681,3373600
6682,2733800
6683,2983900
6684,3535400
6685,2986200
6686,2325100
6687,3235700
6688,2813800
6689,3236800
6690,3051700
6691,3361700
6692,2518900
6693,3216300
6694,3554100
6695,3204800
6696,2486000
6697,3017800
6698,2654300
6699,3281000
6700,3292200
6701,3323900
6702,2531200
6703,2830100
6704,3030800
6705,3201800
6706,3089400
6707,3926800
6708,2134300
6709,2744700
6710,3181500
6711,2914700
6712,3124300
6713,3483900
6714,3215300
6715,2580800
6716,2708900
6717,4526800
6718,2456600
6719,2300500
6720,3267500
6721,2745400
6722,3275700
6723,4384900
6724,2622500
6725,2350700
6726,3370500
6727,2729500
6728,3407900
6729,3391700
6730,2991500
6731,2275900
6732,2625300
6733,3238400
6734,2881300
6735,3263900
6736,3019200
6737,3122700
6738,2925000
6739,3471100
6740,3096000
6741,2864200
6742,2783400
6743,3418400
6744,2668600
6745,2985100
6746,3750800
6747,3062000
6748,2132900
6749,2493100
6750,3326300
6751,3200900
6752,3227500
6753,3485900
6754,2277700
6755,2495800
6756,3251300
6757,3866600
6758,2264500
6759,2909700
6760,2772200
6761,2957900
6762,3813200
6763,2877500
6764,2313500
6765,2895500
6766,3003600
6767,2969400
6768,3329200
6769,3406200
6770,2197500
6771,2490900
6772,3147600
6773,3507200
6774,2588700
6775,2942800
6776,3245600
6777,2574000
6778,3205800
6779,2907600
6780,2821300
6781,3139000
6782,3260300
6783,2760000
6784,2836900
6785,3279800
6786,2836400
6787,2906100
6788,2400500
6789,2585700
6790,3322500
6791,3068000
6792,3618100
6793,3318700
6794,2051000
6795,2533300
6796,3442900
6797,2704900
6798,3011000
6799,3513400
6800,2395700
6801,2500900
6802,3196300
6803,2862700
6804,2965400
6805,2983500
6806,3172500
6807,2353200
6808,3415700
6809,3153400
6810,2563700
6811,2816700
6812,2977900
6813,3234000
6814,2837400
6815,3560200
6816,2871100
6817,2261700
6818,3123300
6819,3213100
6820,2847400
6821,3142800
6822,3079000
6823,2304900
6824,3374700
6825,2841100
6826,2948200
6827,3266100
6828,2970500
6829,2671200
6830,3346300
6831,3155100
6832,2708400
6833,2820700
6834,2983000
6835,3223000
6836,3049400
6837,3764200
6838,2493800
6839,2145000
6840,3121800
6841,3190300
6842,2888400
6843,3750000
6844,2831600
6845,2255500
6846,3635800
6847,2894600
6848,3267000
6849,2525500
6850,3169200
6851,2731400
6852,2652400
6853,3872100
6854,2632400
6855,2529900
6856,2955400
6857,3198300
6858,3041500
6859,3344200
6860,3364500
6861,2076400
6862,2594000
6863,3076400
6864,3386100
6865,3046200
6866,3272500
6867,2329900
6868,2472900
6869,3739600
6870,2938500
6871,2768400
6872,3289500
6873,2279500
6874,3029400
6875,3562700
6876,2942600
6877,2537700
6878,2734900
6879,2935500
6880,3502000
6881,3033000
6882,3171300
6883,2057000
6884,2883300
6885,3673600
6886,2779300
6887,3024600
6888,2881200
6889,2974900
6890,2493400
6891,3206200
6892,3055800
6893,2947600
6894,2909400
6895,3033300
6896,2697600
6897,3134100
6898,3191100
6899,2784000
6900,2550300
6901,2899900
6902,3279300
6903,2924300
6904,3248600
6905,3269700
6906,2395500
6907,3261300
6908,3737700
6909,2749400
6910,2651300
6911,2995800
6912,3359500
6913,2685900
6914,2317600
6915,3208300
6916,2717700
6917,2990100
6918,3234900
6919,3374200
6920,2347400
6921,2784500
6922,3407700
6923,3153800
6924,2702100
6925,3398200
6926,3333800
6927,2555400
6928,2485400
6929,3434000
6930,3696600
6931,2190600
6932,2368700
6933,3046800
6934,2914300
6935,2964800
6936,3055200
6937,3643300
6938,3002700
6939,2750800
6940,2948800
6941,3874600
6942,3381900
6943,3275600
6944,4107900
6945,2879900
6946,2626700
6947,3146100
6948,3703000
6949,3818200
6950,3199500
6951,3637600
6952,3002000
6953,2682900
6954,2646400
6955,3679600
6956,4713400
6957,2962500
6958,2833900
6959,2878800
6960,3643200
6961,3286700
6962,3904200
6963,3707500
6964,3094400
6965,2038100
6966,2350600
6967,2721700
6968,3054600
6969,2856000
6970,3374700
6971,2551100
6972,2703800
6973,3919600
6974,3501200
6975,2554800
6976,2066500
6977,2645200
6978,3467400
6979,2717100
6980,3193400
6981,3100100
6982,2127000
6983,2545300
6984,3268300
6985,2988900
6986,2864100
6987,3020000
6988,2513900
6989,2722400
6990,3693000
6991,2535500
6992,2998900
6993,3096800
6994,3371700
6995,2972600
6996,2445400
6997,3004300
6998,3075100
6999,2388300
7000,2870800
7001,3432200
7002,2861900
7003,3341700
7004,2516700
7005,2316100
7006,3026300
7007,3051900
7008,3275200
7009,3067400
7010,3211000
7011,2489300
7012,2785600
7013,3648300
7014,2972700
7015,3033900
7016,3489100
7017,2981100
7018,3049600
7019,3599500
7020,3257500
7021,2648400
7022,2536700
7023,3057000
7024,3222400
7025,3331900
7026,3589500
7027,2636100
7028,2200000
7029,3136800
7030,2903300
7031,3087200
7032,3339100
7033,3162200
7034,4385200
7035,2852100
7036,2604000
7037,2705600
7038,2960700
7039,3084100
7040,3233000
7041,2891800
7042,2918900
7043,3401800
7044,2732500
7045,3296900
7046,3223300
7047,3067000
7048,3340600
7049,3261700
7050,2626600
7051,3527600
7052,3045000
7053,3016700
7054,3157500
7055,3556300
7056,2604200
7057,2875700
7058,3062500
7059,3006400
7060,3151500
7061,3523100
7062,3168600
7063,2545200
7064,3598100
7065,2867800
7066,2809200
7067,4037100
7068,2400900
7069,2757900
7070,3490100
7071,3038500
7072,2304400
7073,3137700
7074,2916100
7075,3018700
7076,3019200
7077,3541700
7078,2421700
7079,2775300
7080,2974600
7081,2992100
7082,2960500
7083,3731200
7084,3306500
7085,2959200
7086,2503600
7087,2634100
7088,3857200
7089,3344400
7090,2143100
7091,2554300
7092,2756200
7093,2871400
7094,3848100
7095,3104900
7096,2441200
7097,2865600
7098,3085300
7099,3012600
7100,3105800
7101,2964300
7102,3119100
7103,2099800
7104,2747900
7105,3012500
7106,3087300
7107,3319700
7108,3117600
7109,2530300
7110,2942900
7111,3867300
7112,2669500
7113,2185600
7114,3121300
7115,2642400
7116,2803900
7117,3494800
7118,3229000
7119,2087400
7120,2649600
7121,3127700
7122,2764900
7123,3186600
7124,3606900
7125,2695400
7126,2544500
7127,2806500
7128,2919000
7129,3364900
7130,2976800
7131,2999700
7132,2775200
7133,2657100
7134,3761400
7135,3716200
7136,2111100
7137,2388700
7138,2776300
7139,2815000
7140,3903100
7141,3102300
7142,2293500
7143,2417600
7144,3101400
7145,3227700
7146,3199500
7147,3177400
7148,2272300
7149,2829300
7150,2977700
7151,3423000
7152,2802300
7153,3135200
7154,2933600
7155,2738400
7156,3269800
7157,3743900
7158,2894800
7159,2438400
7160,2159900
7161,3153400
7162,3516000
7163,3143900
7164,3485200
7165,2178900
7166,2646900
7167,2883700
7168,3250200
7169,3620700
7170,2756800
7171,3282300
7172,2209800
7173,2759800
7174,3598000
7175,2701000
7176,2852400
7177,3144000
7178,2643800
7179,2935200
7180,3948900
7181,2692800
7182,2449800
7183,3067500
7184,2776700
7185,3138500
7186,3615000
7187,3269500
7188,1918000
7189,3062200
7190,3069600
7191,3359900
7192,2958900
7193,2956200
7194,3531300
7195,2492300
7196,2536900
7197,3435000
7198,2741400
7199,2983600
7200,3041200
7201,3292100
7202,2862200
7203,3829900
7204,2896300
7205,2136800
7206,2588300
7207,3056900
7208,3271900
7209,3390700
7210,3173500
7211,2254900
7212,2347700
7213,3463300
7214,2827300
7215,2932100
7216,2886400
7217,3568500
7218,2918700
7219,2788900
7220,2970600
7221,2804800
7222,3078100
7223,2825100
7224,3274900
7225,2613200
7226,2661000
7227,3652200
7228,2285100
7229,2898800
7230,3415700
7231,2647200
7232,2814500
7233,3390000
7234,3326900
7235,2162300
7236,2972800
7237,2756700
7238,3815100
7239,2497800
7240,3533800
7241,2351300
7242,2736000
7243,3667000
7244,3662100
7245,3574300
7246,3430500
7247,2900800
7248,3195000
7249,2172600
7250,2644000
7251,2933600
7252,3505500
7253,2615300
7254,2427100
7255,2588100
7256,3098500
7257,2787200
7258,4032300
7259,3901500
7260,2525000
7261,2629900
7262,3875600
7263,3092400
7264,2930900
7265,2749700
7266,3276600
7267,2411200
7268,2222100
7269,2810400
7270,2697200
7271,2884500
7272,4885700
7273,4797300
7274,4002500
7275,3027500
7276,3508300
7277,4236100
7278,3586400
7279,3193700
7280,3192800
7281,2964100
7282,3123500
7283,4449200
7284,5002900
7285,3863100
7286,3818100
7287,3518800
7288,3661200
7289,3258900
7290,3867100
7291,5115000
7292,3479500
7293,3637500
7294,3507200
7295,3876000
7296,3820100
7297,3105200
7298,3240600
7299,3249500
7300,3454700
7301,4829600
7302,3225600
7303,2968200
7304,3636400
7305,4083300
7306,2531500
7307,3605900
7308,4231700
7309,3668800
7310,2303900
7311,2226200
7312,2581100
7313,2660200
7314,4217600
7315,5256400
7316,2871400
7317,2071200
7318,2656500
7319,4312300
7320,4904600
7321,3880300
7322,2981500
7323,2504800
7324,3196000
7325,3376800
7326,2012800
7327,2185300
7328,3010700
7329,3960800
7330,4518100
7331,2713500
7332,3221200
7333,2091900
7334,2038200
7335,2662400
7336,2785600
7337,3387900
7338,3043600
7339,3792600
7340,3063200
7341,2462000
7342,2710800
7343,2206400
7344,3618800
7345,5172100
7346,4809600
7347,3307200
7348,3564700
7349,4279100
7350,4349700
7351,3156100
7352,3744000
7353,4358800
7354,3738600
7355,3218800
7356,3322900
7357,4701000
7358,3621200
7359,2976500
7360,2887300
7361,2372700
7362,2468700
7363,3147300
7364,3518300
7365,2149000
7366,2591500
7367,4091400
7368,3286700
7369,2237700
7370,2372100
7371,3561900
7372,2539100
7373,2730100
7374,3280900
7375,2844700
7376,2447900
7377,3649100
7378,3807000
7379,3594400
7380,2324600
7381,2608200
7382,3397700
7383,3118000
7384,2800300
7385,2287000
7386,2850900
7387,3794500
7388,3851900
7389,4321800
7390,3235600
7391,1927600
7392,2265800
7393,4387800
7394,3546700
7395,2567000
7396,2314700
7397,3419800
7398,3623900
7399,3366400
7400,2839900
7401,2545200
7402,2919600
7403,3490200
7404,4005800
7405,2755400
7406,2207900
7407,2707300
7408,4069000
7409,3897200
7410,2755600
7411,2376800
7412,2090200
7413,3137600
7414,3298900
7415,3566000
7416,2831600
7417,2164500
7418,3167500
7419,3582000
7420,3671400
7421,2365200
7422,2652900
7423,3029700
7424,2898100
7425,3174700
7426,4032000
7427,2959300
7428,2448900
7429,2142600
7430,3198300
7431,2819900
7432,3759600
7433,3245600
7434,2347700
7435,2348900
7436,2856700
7437,3373800
7438,3118000
7439,4128900
7440,4433700
7441,3725000
7442,2102600
7443,2659000
7444,3693200
7445,3390400
7446,3059600
7447,3133500
7448,2476400
7449,2100000
7450,3075600
7451,3167800
7452,2691100
7453,3006200
7454,3890400
7455,3327300
7456,3003000
7457,3405200
7458,3250400
7459,2134100
7460,2051900
7461,3846600
7462,3450700
7463,3013800
7464,3083000
7465,4541400
7466,3775800
7467,2139700
7468,1967100
7469,3754000
7470,3940200
7471,3654400
7472,3028700
7473,2099200
7474,2239600
7475,3295500
7476,3264500
7477,2353600
7478,2656900
7479,3294000
7480,3769600
7481,4041800
7482,3435300
7483,2496700
7484,2149800
7485,2399000
7486,3444500
7487,2737800
7488,3037700
7489,2657600
7490,3943500
7491,4312500
7492,3078900
7493,2033100
7494,2132500
7495,2876900
7496,3248800
7497,2717100
7498,2904800
7499,3142200
7500,3107700
7501,3591300
7502,3860600
7503,2982900
7504,2100700
7505,3045600
7506,4210300
7507,3481600
7508,3261600
7509,2528500
7510,2233600
7511,2133900
7512,3285800
7513,3453000
7514,2156500
7515,2729600
7516,2927100
7517,2971400
7518,2811100
7519,3101900
7520,3610200
7521,2638700
7522,3450100
7523,3547700
7524,3299500
7525,2607600
7526,2421700
7527,3131800
7528,3729600
7529,2884700
7530,2310300
7531,2841200
7532,2850500
7533,2119400
7534,2735800
7535,3340700
7536,2735900
7537,3285100
7538,3051700
7539,2578200
7540,2836500
7541,3284500
7542,3842800
7543,3519700
7544,4117200
7545,3176400
7546,2835400
7547,2370600
7548,2349700
7549,2952900
7550,2980100
7551,2884700
7552,3121400
7553,4383800
7554,4536300
7555,2902300
7556,1969400
7557,3486700
7558,2567700
7559,3160700
7560,2971900
7561,3002700
7562,3152600
7563,3825700
7564,3591500
7565,2729900
7566,2404300
7567,2587400
7568,4808500
7569,4269700
7570,3885200
7571,2882400
7572,3703300
7573,2588200
7574,2760900
7575,2640300
7576,2817500
7577,3749700
7578,5099300
7579,4674700
7580,2871100
7581,2167500
7582,2658200
7583,2803800
7584,2620100
7585,2981800
7586,3252300
7587,2793500
7588,2825600
7589,3234500
7590,2509200
7591,2956600
7592,3226900
7593,3609600
7594,4725700
7595,4360500
7596,3242200
7597,2798700
7598,3059300
7599,2733700
7600,2838800
7601,3812300
7602,4096700
7603,3906300
7604,2824800
7605,2541600
7606,3432400
7607,2164400
7608,2019300
7609,3032400
7610,2941300
7611,3233600
7612,3256000
7613,4228000
7614,3354500
7615,2003100
7616,2137800
7617,3602900
7618,3595900
7619,3453800
7620,2641300
7621,2867100
7622,3001200
7623,3666200
7624,2942100
7625,2306300
7626,2385900
7627,3177800
7628,3617800
7629,4454600
7630,2898500
7631,2573100
7632,3193800
7633,2598000
7634,3520200
7635,3201700
7636,2212800
7637,3108400
7638,4332100
7639,4251100
7640,3189900
7641,2364700
7642,2827500
7643,2285900
7644,2664900
7645,2910300
7646,2894100
7647,3530500
7648,3524400
7649,3953900
7650,2408200
7651,2181700
7652,2343800
7653,3506100
7654,2444700
7655,2734300
7656,3127600
7657,3100200
7658,2578900
7659,3808000
7660,3821100
7661,2329200
7662,2170000
7663,2652000
7664,3504600
7665,3266700
7666,2873900
7667,2566200
7668,2137900
7669,3073000
7670,3255100
7671,2864700
7672,3171100
7673,2169900
7674,3085900
7675,4156600
7676,3900000
7677,2808400
7678,2335800
7679,2338300
7680,2389900
7681,3470800
7682,3513100
7683,2459400
7684,2707900
7685,3594200
7686,3963300
7687,4379400
7688,2483400
7689,2351100
7690,2462600
7691,2202200
7692,3459100
7693,2899200
7694,2865400
7695,3322600
7696,3099300
7697,2666400
7698,3019300
7699,3081700
7700,3354300
7701,3795200
7702,3919900
7703,3398800
7704,2191500
7705,2388300
7706,3006500
7707,2794800
7708,2810900
7709,3307800
7710,2927700
7711,3819500
7712,3833500
7713,3695700
7714,2072000
7715,1979300
7716,3775300
7717,3355300
7718,3530600
7719,2425200
7720,2244500
7721,3630300
7722,2348900
7723,2408600
7724,3603500
7725,3118900
7726,3188200
7727,3849700
7728,3818800
7729,2888400
7730,2287300
7731,2497100
7732,3061600
7733,2265200
7734,2864400
7735,3042100
7736,4389900
7737,3563400
7738,7191800
7739,4839400
7740,2781200
7741,4407400
7742,4079600
7743,5671300
7744,4928400
7745,5006400
7746,5956100
7747,4899900
7748,3990300
7749,3909500
7750,3370400
7751,3233400
7752,2750900
7753,2172400
7754,1974600
7755,2413100
7756,3595000
7757,3350700
7758,2951900
7759,2031500
7760,2371900
7761,2909900
7762,2460300
7763,3111100
7764,2612500
7765,2971100
7766,2640000
7767,3154600
7768,3619500
7769,2971600
7770,2157700
7771,2363000
7772,2973900
7773,3878400
7774,3519000
7775,2477900
7776,1968200
7777,2493500
7778,3146800
7779,4007300
7780,3298600
7781,2246400
7782,2111900
7783,3147200
7784,3424000
7785,2516700
7786,2813600
7787,2925200
7788,2810000
7789,3814200
7790,4433000
7791,3056600
7792,1785700
7793,2303800
7794,3512500
7795,3063400
7796,3321500
7797,2321000
7798,3050400
7799,2815600
7800,3676600
7801,3010500
7802,2349500
7803,3307200
7804,2902600
7805,2913600
7806,3130300
7807,3593200
7808,2707800
7809,2828700
7810,3993600
7811,3128800
7812,2616400
7813,2736900
7814,2885100
7815,2760000
7816,2943700
7817,2995600
7818,3032500
7819,3604800
7820,3207200
7821,3140000
7822,2889000
7823,2192500
7824,3750800
7825,3239500
7826,3604200
7827,3196800
7828,2314400
7829,2683800
7830,3795200
7831,3105100
7832,2939900
7833,2464000
7834,2697700
7835,3412500
7836,2995300
7837,2512000
7838,2902100
7839,2973900
7840,3054200
7841,4307500
7842,3484400
7843,3011500
7844,1818900
7845,2088600
7846,3501400
7847,3490200
7848,2725800
7849,2362100
7850,2843400
7851,3217300
7852,5124700
7853,4157400
7854,2144800
7855,1947700
7856,2928100
7857,3505700
7858,2901500
7859,2155100
7860,2863400
7861,3407000
7862,3565400
7863,2928500
7864,2319400
7865,2684200
7866,3044800
7867,4040300
7868,4172100
7869,2496500
7870,1965700
7871,2046300
7872,3825600
7873,4088600
7874,3144600
7875,2046400
7876,2068800
7877,3112500
7878,3782700
7879,3427300
7880,2206900
7881,2084500
7882,2749800
7883,3732500
7884,3792700
7885,3375700
7886,1781300
7887,2074000
7888,3243800
7889,3602700
7890,3239000
7891,3114300
7892,2178400
7893,2732200
7894,2251800
7895,2744700
7896,2969900
7897,3316000
7898,2794100
7899,4021300
7900,3532900
7901,3187300
7902,2376300
7903,2589900
7904,3001400
7905,3867400
7906,4540500
7907,3144500
7908,2624600
7909,4366900
7910,4193900
7911,3914400
7912,3007700
7913,4063900
7914,4358600
7915,4566300
7916,3696300
7917,2878200
7918,2408500
7919,2360300
7920,2349800
7921,3066300
7922,3505900
7923,3985100
7924,3885400
7925,2394300
7926,2847000
7927,4835500
7928,2591200
7929,1939800
7930,2250900
7931,3003900
7932,3350800
7933,3402600
7934,3259600
7935,2959100
7936,1946700
7937,2827100
7938,2607200
7939,2859300
7940,2795000
7941,3173100
7942,2825300
7943,3058000
7944,4202900
7945,3400000
7946,2967300
7947,2539800
7948,3391900
7949,4658500
7950,3153300
7951,2442800
7952,2073700
7953,2650800
7954,4340100
7955,3609600
7956,2079500
7957,2055300
7958,2627100
7959,3742100
7960,3024300
7961,2047900
7962,2893100
7963,2864300
7964,3290200
7965,2891100
7966,2948600
7967,2895600
7968,2812900
7969,3614500
7970,4647000
7971,3313100
7972,2514100
7973,2577500
7974,3250600
7975,3560500
7976,3628400
7977,2063200
7978,2105200
7979,2438400
7980,3420600
7981,3484800
7982,1992900
7983,2453800
7984,2861500
7985,2854500
7986,2876000
7987,2867100
7988,3253900
7989,2850900
7990,3423900
7991,2801400
7992,2462500
7993,2879500
7994,3122700
7995,2864200
7996,3231100
7997,3237800
7998,2597800
7999,3101800
8000,2838800
8001,3786700
8002,3213300
8003,2747300
8004,2288700
8005,2539900
8006,3172900
8007,3519400
8008,3394800
8009,2272400
8010,2726500
8011,2739800
8012,3946800
8013,2948500
8014,2547200
8015,2392500
8016,3117100
8017,3384400
8018,3039300
8019,2296200
8020,2514000
8021,3129300
8022,3649200
8023,2979600
8024,2755800
8025,2445300
8026,2905900
8027,2898300
8028,4089100
8029,2807200
8030,2241700
8031,2883200
8032,2902200
8033,4008700
8034,2747000
8035,2536900
8036,2685600
8037,2948600
8038,3070900
8039,3224900
8040,2840200
8041,2843000
8042,3009800
8043,2995900
8044,4141800
8045,2879600
8046,2432200
8047,2958900
8048,2973300
8049,4294000
8050,2993200
8051,2202900
8052,3175000
8053,2965800
8054,3925500
8055,3571000
8056,2466300
8057,2500700
8058,2923800
8059,3031300
8060,3401200
8061,3246000
8062,2893700
8063,3011900
8064,3810500
8065,3708000
8066,2871500
8067,2453400
8068,2901100
8069,3651000
8070,3305800
8071,2645500
8072,2640400
8073,2994000
8074,3103200
8075,2872200
8076,3368300
8077,3218700
8078,2960400
8079,3076200
8080,3416100
8081,3234400
8082,2513500
8083,2886700
8084,2953400
8085,4362800
8086,3616900
8087,3204800
8088,2133300
8089,2196800
8090,3677300
8091,2617400
8092,2440500
8093,3443200
8094,2729300
8095,3023500
8096,2826900
8097,2969900
8098,2952400
8099,3173000
8100,3610200
8101,2618600
8102,2653500
8103,2782700
8104,3399200
8105,3141500
8106,2804800
8107,2968400
8108,2758000
8109,3003900
8110,3499800
8111,3164300
8112,2616500
8113,2605700
8114,2891000
8115,3428900
8116,2776700
8117,2854800
8118,3002300
8119,2749200
8120,3207200
8121,4251400
8122,3296000
8123,2470600
8124,1772600
8125,2948300
8126,3567800
8127,3014700
8128,2454000
8129,2836100
8130,2862400
8131,3167600
8132,3758300
8133,2651700
8134,2237700
8135,2877300
8136,3077000
8137,3758800
8138,2765400
8139,2245300
8140,2784500
8141,2883900
8142,3599500
8143,3346300
8144,2386900
8145,2693000
8146,2879500
8147,3399000
8148,3085400
8149,3189600
8150,2307200
8151,2771600
8152,3184200
8153,3457400
8154,2765100
8155,2495000
8156,2737300
8157,2882800
8158,3489200
8159,2722500
8160,2972200
8161,2615400
8162,2792200
8163,3106200
8164,3356600
8165,2808500
8166,2893900
8167,2775200
8168,3107700
8169,3428700
8170,2629400
8171,2366000
8172,3177600
8173,2812700
8174,2998900
8175,2788300
8176,2923600
8177,2902300
8178,3219900
8179,2984500
8180,2757500
8181,2967800
8182,2869300
8183,3234900
8184,3119400
8185,3274900
8186,2701600
8187,2411700
8188,3113400
8189,3422400
8190,3399300
8191,2644100
8192,2523900
8193,2836600
8194,3475800
8195,3455800
8196,2563300
8197,2510400
8198,2791200
8199,3122000
8200,4033100
8201,2792000
8202,2172200
8203,2798600
8204,2847100
8205,3346000
8206,3103300
8207,2897900
8208,2994500
8209,2698800
8210,3203300
8211,3597900
8212,2800600
8213,2447900
8214,2857700
8215,3456100
8216,4188400
8217,3310000
8218,2274700
8219,2116600
8220,2906400
8221,4186200
8222,3561400
8223,2844000
8224,1931900
8225,2759700
8226,3749300
8227,3359300
8228,2756300
8229,2643300
8230,2652300
8231,2984600
8232,2692400
8233,3352600
8234,2938400
8235,3072700
8236,3078500
8237,2978600
8238,3229500
8239,2869300
8240,2761200
8241,3322200
8242,3897900
8243,3584400
8244,2997400
8245,1821800
8246,2207500
8247,3813000
8248,3382000
8249,3030900
8250,2029400
8251,2549400
8252,3298800
8253,3352600
8254,2900300
8255,3181400
8256,2173300
8257,2719600
8258,2875700
8259,3113000
8260,2805600
8261,3212100
8262,3149400
8263,3444900
8264,2938400
8265,2384600
8266,2614100
8267,3334300
8268,2920500
8269,3300000
8270,2733300
8271,2418300
8272,3046400
8273,3099400
8274,3848200
8275,2946200
8276,1974500
8277,2905100
8278,3262800
8279,3689400
8280,2802500
8281,2117400
8282,2752600
8283,3009200
8284,3428000
8285,3183700
8286,2539500
8287,2508300
8288,2837600
8289,3090000
8290,3868100
8291,2672700
8292,2177000
8293,2850900
8294,3058700
8295,4453700
8296,3767500
8297,2685200
8298,1814500
8299,2257100
8300,2960400
8301,3159700
8302,2876400
8303,2749900
8304,2905900
8305,2998000
8306,2817600
8307,3237900
8308,2752400
8309,2932200
8310,2832800
8311,3914700
8312,3856700
8313,1885100
8314,2467200
8315,2900300
8316,3514100
8317,3198000
8318,2726500
8319,2443900
8320,2825700
8321,3144700
8322,3225300
8323,2884900
8324,2731700
8325,2789100
8326,3125400
8327,3618100
8328,3035800
8329,2434800
8330,2794200
8331,2908500
8332,4236000
8333,4631900
8334,3511800
8335,2059200
8336,2145900
8337,3662600
8338,3045100
8339,2781800
8340,2283600
8341,2769600
8342,3501500
8343,3393500
8344,2963700
8345,2509500
8346,2710100
8347,2706000
8348,3879700
8349,3243800
8350,2549100
8351,2215700
8352,2956100
8353,2707800
8354,2813700
8355,2865800
8356,3122800
8357,3068500
8358,3476600
8359,2707800
8360,2469300
8361,2787200
8362,2856500
8363,3567700
8364,3283500
8365,2446200
8366,2573800
8367,2846600
8368,3240000
8369,4076300
8370,2722200
8371,1949100
8372,3020400
8373,2924700
8374,3424000
8375,3218400
8376,2561300
8377,2646500
8378,2843700
8379,3578700
8380,3961400
8381,2724500
8382,1869100
8383,2838700
8384,2979500
8385,4165500
8386,2943600
8387,2057800
8388,2731800
8389,3092800
8390,3505900
8391,3392500
8392,2537800
8393,2752900
8394,2898700
8395,3389400
8396,3646800
8397,2675000
8398,2494100
8399,2927100
8400,3168900
8401,3706400
8402,2935800
8403,2367500
8404,2996600
8405,2920900
8406,4312300
8407,3130800
8408,2482300
8409,2857100
8410,2903900
8411,3606500
8412,3275600
8413,2514200
8414,3495300
8415,2282300
8416,3054100
8417,2905700
8418,3260700
8419,2964100
8420,2884000
8421,3308600
8422,4033200
8423,3794300
8424,2560600
8425,2307800
8426,3852700
8427,4968700
8428,5494900
8429,4327400
8430,3323900
8431,4246300
8432,3786000
8433,2425700
8434,2706800
8435,3309000
8436,4217800
8437,3282200
8438,2045400
8439,2372800
8440,4285400
8441,4270200
8442,3476600
8443,2274600
8444,2873700
8445,4129000
8446,3829200
8447,2341100
8448,2188800
8449,2432500
8450,3549800
8451,2910700
8452,2495000
8453,2627400
8454,2770700
8455,3303500
8456,3286500
8457,2881900
8458,2573700
8459,2689400
8460,3080500
8461,3986600
8462,4996200
8463,3927800
8464,2946600
8465,3846100
8466,4273000
8467,3713600
8468,2569600
8469,3791200
8470,4083200
8471,3593900
8472,2535300
8473,2932400
8474,4039800
8475,4753600
8476,3030800
8477,2443600
8478,2703900
8479,2676600
8480,2688600
8481,2952900
8482,2842200
8483,3365600
8484,2789900
8485,2372300
8486,2598300
8487,2749700
8488,2825700
8489,3715000
8490,4160900
8491,4222500
8492,3663500
8493,2939100
8494,4280200
8495,3764700
8496,2470000
8497,1841000
8498,2181400
8499,3851400
8500,3125800
8501,2596700
8502,2062600
8503,2910600
8504,3215000
8505,4048700
8506,3850600
8507,2986000
8508,2697800
8509,3676600
8510,4025300
8511,3349500
8512,3282200
8513,2186800
8514,3008700
8515,3183200
8516,2703100
8517,1779800
8518,2704100
8519,3090000
8520,3456900
8521,3023700
8522,2307600
8523,2868200
8524,2855500
8525,3748600
8526,3341200
8527,2634600
8528,2018400
8529,3140400
8530,3471100
8531,3221600
8532,2724300
8533,2412700
8534,2882400
8535,3165000
8536,3732300
8537,3754700
8538,2249500
8539,1910800
8540,3166000
8541,3468500
8542,2670100
8543,2350100
8544,3353100
8545,2856900
8546,2983200
8547,2807400
8548,2911000
8549,3482300
8550,2886900
8551,3652400
8552,3358000
8553,2602400
8554,2050600
8555,3361900
8556,3030800
8557,3301800
8558,2672900
8559,2427200
8560,2989400
8561,3247100
8562,2863100
8563,2799800
8564,2853200
8565,3019800
8566,3354800
8567,3436600
8568,3226800
8569,2405500
8570,2540700
8571,3303000
8572,3144900
8573,3200800
8574,2648700
8575,2499600
8576,2919000
8577,3457200
8578,2652400
8579,2865400
8580,2848900
8581,2932900
8582,2804200
8583,4224200
8584,2946900
8585,2459300
8586,2632500
8587,3230500
8588,3103500
8589,3832000
8590,2586500
8591,2171800
8592,2928700
8593,2786300
8594,3751300
8595,3125900
8596,2163700
8597,2754600
8598,2865700
8599,3252900
8600,2994300
8601,2702800
8602,2857700
8603,2860300
8604,3411300
8605,3399500
8606,2970400
8607,2319500
8608,2844500
8609,2890400
8610,2810800
8611,3253500
8612,2811600
8613,2799200
8614,2850000
8615,3601700
8616,2952300
8617,2411100
8618,2882900
8619,2802800
8620,3058700
8621,3318500
8622,3359700
8623,2363200
8624,3051800
8625,3118300
8626,3820100
8627,3354000
8628,2630200
8629,2111900
8630,2666500
8631,3450500
8632,2707600
8633,2695100
8634,2968700
8635,2820700
8636,3334000
8637,2992500
8638,2472800
8639,3015700
8640,2980200
8641,2977800
8642,3456400
8643,2699700
8644,2571500
8645,3379800
8646,2737900
8647,3644100
8648,2753300
8649,2569700
8650,2657900
8651,3219400
8652,2815300
8653,2831100
8654,2865400
8655,2846800
8656,2933000
8657,3632200
8658,3488800
8659,2749000
8660,2224900
8661,2836000
8662,3533400
8663,3816900
8664,3819700
8665,3166100
8666,2044700
8667,2391000
8668,3321400
8669,3290800
8670,3039900
8671,2000300
8672,2565800
8673,3391200
8674,2888400
8675,2928500
8676,2752300
8677,2845300
8678,3057500
8679,4000800
8680,2752300
8681,2168800
8682,2813200
8683,2903300
8684,3250600
8685,3683600
8686,2444500
8687,2495900
8688,2868500
8689,3083500
8690,4089400
8691,2871500
8692,1827300
8693,2899500
8694,2895800
8695,4180500
8696,3196800
8697,2266800
8698,2463400
8699,3177900
8700,2881000
8701,3264900
8702,2863500
8703,2850000
8704,2834700
8705,2977900
8706,3805100
8707,2996300
8708,2114100
8709,2948100
8710,2882300
8711,3636900
8712,3116400
8713,2366300
8714,2757800
8715,2864200
8716,3267300
8717,2640100
8718,3317800
8719,3071900
8720,2825300
8721,3036800
8722,3499600
8723,3150200
8724,2337300
8725,2894400
8726,2845500
8727,3843700
8728,2786600
8729,2435200
8730,3007200
8731,2920900
8732,3559200
8733,3231500
8734,2994400
8735,2885300
8736,2917700
8737,3330500
8738,3410900
8739,2737500
8740,2839700
8741,2914600
8742,3146100
8743,3449800
8744,2769300
8745,2678300
8746,3282600
8747,3140900
8748,3616900
8749,2740000
8750,2480600
8751,3574100
8752,2925900
8753,4011000
8754,2639200
8755,2506900
8756,3133700
8757,3272600
8758,3704500
8759,2745800
8760,2416000
8761,3078100
8762,3380300
8763,3830300
8764,3781100
8765,3018200
8766,2155300
8767,2099100
8768,4121200
8769,2739400
8770,2372000
8771,2995700
8772,3130200
8773,3604200
8774,3062200
8775,2570700
8776,2679500
8777,3220000
8778,3544200
8779,3360500
8780,2720400
8781,2571800
8782,2855500
8783,3055300
8784,4173300
8785,2623900
8786,2258400
8787,2894700
8788,2829100
8789,3250300
8790,3001700
8791,2853200
8792,3258200
8793,2762500
8794,3496700
8795,3188800
8796,2744300
8797,2551100
8798,2924300
8799,3426500
8800,3808000
8801,2942600
8802,2157900
8803,2643400
8804,2892300
8805,3814000
8806,3517800
8807,2135900
8808,2535400
8809,2941500
8810,2843800
8811,2859400
8812,3320600
8813,2683300
8814,2900200
8815,3048600
8816,3378300
8817,2862800
8818,2615700
8819,2775700
8820,2838300
8821,3681600
8822,2695600
8823,2622800
8824,2799100
8825,2894600
8826,2851600
8827,2890800
8828,2893000
8829,3355100
8830,2685600
8831,3307200
8832,3411600
8833,2587700
8834,2676600
8835,3093700
8836,3007600
8837,3509100
8838,2586400
8839,2329600
8840,3488500
8841,2733400
8842,3697600
8843,2824800
8844,2587700
8845,2517800
8846,3207000
8847,3139000
8848,3320700
8849,2582700
8850,2376300
8851,2975100
8852,3277800
8853,2807000
8854,2971900
8855,2759700
8856,2931000
8857,3249000
8858,3563700
8859,2971900
8860,2343000
8861,2613400
8862,3343400
8863,3671900
8864,3005600
8865,2373000
8866,2613700
8867,2974900
8868,3430700
8869,3378700
8870,2606500
8871,2436200
8872,2861700
8873,2858700
8874,4185300
8875,2844700
8876,2025500
8877,2892600
8878,3271700
8879,2813100
8880,3044800
8881,2866700
8882,2823400
8883,2887700
8884,2887200
8885,3904900
8886,3022600
8887,2399400
8888,2886900
8889,2789600
8890,4306300
8891,4049800
8892,2435100
8893,2104500
8894,2042700
8895,3163200
8896,3232600
8897,3187600
8898,2198000
8899,2925700
8900,2846700
8901,2837000
8902,3059200
8903,3118400
8904,2728500
8905,2872500
8906,4160100
8907,3198400
8908,2510300
8909,2285900
8910,2887300
8911,3005000
8912,3828400
8913,2869200
8914,2324300
8915,2934500
8916,2944300
8917,3486300
8918,2649700
8919,2443000
8920,3214300
8921,3120900
8922,2674300
8923,2796800
8924,2942000
8925,3151500
8926,3132100
8927,3664600
8928,2633300
8929,2319200
8930,2948100
8931,3177300
8932,2953000
8933,2781700
8934,2867300
8935,2988500
8936,3129700
8937,2866100
8938,2860800
8939,2857000
8940,2881800
8941,3159700
8942,3176400
8943,3395700
8944,2685400
8945,2322100
8946,3128500
8947,3376800
8948,2735200
8949,2901200
8950,2782100
8951,2924000
8952,2972600
8953,3816100
8954,3085300
8955,2567100
8956,2555800
8957,2848100
8958,3507900
8959,4033600
8960,3449500
8961,2478600
8962,2284900
8963,2182800
8964,3691100
8965,2936100
8966,2454500
8967,2702500
8968,2887700
8969,3956900
8970,2958200
8971,2287200
8972,2755900
8973,2880700
8974,3387000
8975,3220500
8976,2910400
8977,2359200
8978,2893300
8979,3071700
8980,3813800
8981,3545900
8982,1921300
8983,2473300
8984,2847100
8985,2995700
8986,2988700
8987,3220100
8988,2738200
8989,2925200
8990,3445800
8991,2799100
8992,2640900
8993,2949900
8994,2852200
8995,3024400
8996,3987200
8997,3091500
8998,2074800
8999,2519900
9000,2913000
9001,4853700
9002,3900500
9003,3049600
9004,1895500
9005,2071100
9006,2972200
9007,2809800
9008,2917500
9009,3174700
9010,2815700
9011,3251900
9012,3678000
9013,3131500
9014,2930300
9015,2537300
9016,2394600
9017,3897400
9018,3217300
9019,2366500
9020,2042200
9021,3044000
9022,3697800
9023,2733600
9024,2292100
9025,2884100
9026,3385200
9027,3044100
9028,3224700
9029,2600900
9030,2423400
9031,3049500
9032,3330900
9033,3415500
9034,2664100
9035,2342400
9036,2855100
9037,3409200
9038,2839100
9039,2700800
9040,2938000
9041,3079900
9042,2934000
9043,3927700
9044,3050200
9045,2677900
9046,2093800
9047,2919200
9048,3318700
9049,2766100
9050,3221900
9051,2470100
9052,2922100
9053,2797300
9054,3699800
9055,3087700
9056,2837400
9057,2674200
9058,2845400
9059,3198000
9060,3045900
9061,2885500
9062,2895700
9063,2908600
9064,3118100
9065,3733600
9066,2857800
9067,2581900
9068,2907200
9069,3058200
9070,3968500
9071,3137000
9072,2113700
9073,2975400
9074,2874500
9075,4006600
9076,3188600
9077,2485400
9078,2936700
9079,2877500
9080,3771800
9081,3193100
9082,2429800
9083,2991000
9084,3346600
9085,3059800
9086,3054300
9087,2835600
9088,3077800
9089,2861600
9090,3105600
9091,2866500
9092,3282300
9093,3191000
9094,2820200
9095,3371700
9096,3653600
9097,2768300
9098,2612700
9099,3397100
9100,3177600
9101,3501400
9102,2636300
9103,2600000
9104,3350900
9105,3035100
9106,3975100
9107,3948900
9108,3034800
9109,2182900
9110,2022200
9111,2985300
9112,2880200
9113,2943100
9114,3013100
9115,3292800
9116,3755800
9117,3486400
9118,1786500
9119,2697400
9120,3478900
9121,3495500
9122,2852000
9123,2345400
9124,2751500
9125,3225800
9126,3578700
9127,2935400
9128,2522200
9129,2963700
9130,2932300
9131,3619500
9132,3307700
9133,2642400
9134,2362500
9135,2892600
9136,3060800
9137,4100300
9138,3037300
9139,1915100
9140,2683300
9141,2945300
9142,3379900
9143,2951300
9144,2671500
9145,2869600
9146,2877800
9147,3246000
9148,3804200
9149,2629300
9150,2409100
9151,3190400
9152,2666000
9153,3883100
9154,3042600
9155,2035100
9156,2931600
9157,2797200
9158,2955800
9159,3295800
9160,2778200
9161,2786600
9162,2845300
9163,3145400
9164,3795700
9165,3092200
9166,1824700
9167,2818500
9168,2986300
9169,3772400
9170,3064200
9171,2498800
9172,2747100
9173,3094600
9174,3436800
9175,2733200
9176,2441100
9177,3141900
9178,2830700
9179,3656900
9180,2828400
9181,2239100
9182,3167900
9183,2797000
9184,3263100
9185,3733000
9186,2588400
9187,1982800
9188,3286900
9189,2935100
9190,3534300
9191,2684400
9192,2291200
9193,3217800
9194,2845500
9195,2979100
9196,2751800
9197,2923500
9198,3074500
9199,3035100
9200,3195200
9201,3196000
9202,2718500
9203,2414500
9204,3575700
9205,2987400
9206,2707800
9207,2834700
9208,2847300
9209,2837700
9210,3263700
9211,3990800
9212,2761400
9213,2100300
9214,2902900
9215,3033100
9216,4135600
9217,3569800
9218,3021000
9219,2188600
9220,1884000
9221,3212800
9222,2976500
9223,2768300
9224,3149500
9225,2891500
9226,3063900
9227,4469000
9228,4214900
9229,3291600
9230,1893400
9231,2170000
9232,3246400
9233,2765500
9234,2873100
9235,2893100
9236,2924300
9237,3868000
9238,3024000
9239,2306100
9240,2618400
9241,2852500
9242,3608200
9243,4336600
9244,2753300
9245,1936700
9246,2342800
9247,2877500
9248,2896300
9249,3504100
9250,2770700
9251,2828700
9252,2871800
9253,3396400
9254,2530300
9255,3138300
9256,2765600
9257,2901200
9258,3647700
9259,2849200
9260,2885300
9261,2450600
9262,2866900
9263,2960800
9264,3098500
9265,2784000
9266,3358000
9267,2707200
9268,3275500
9269,3514300
9270,2695300
9271,2323800
9272,2911200
9273,2909900
9274,2841900
9275,2875000
9276,2821200
9277,3058000
9278,3089600
9279,3223800
9280,2780000
9281,2787300
9282,3102700
9283,3137600
9284,2954600
9285,3412000
9286,2558800
9287,2840600
9288,2672300
9289,3240100
9290,2687200
9291,2955700
9292,2788200
9293,2876700
9294,2869500
9295,4619700
9296,3775100
9297,2669200
9298,2095100
9299,2105200
9300,3109500
9301,2729400
9302,2886800
9303,2786900
9304,2886700
9305,3185100
9306,2917800
9307,2918800
9308,2788700
9309,2839100
9310,3087700
9311,3952800
9312,2825600
9313,1999800
9314,2873000
9315,2833300
9316,3129300
9317,3469100
9318,2892500
9319,2777400
9320,2857600
9321,4101000
9322,3424400
9323,2419200
9324,1846200
9325,2960200
9326,2860300
9327,2854000
9328,3256200
9329,2908800
9330,2714700
9331,2951300
9332,3705400
9333,3515000
9334,2653800
9335,2276100
9336,2777700
9337,2979500
9338,3063000
9339,3310400
9340,2739100
9341,2806900
9342,3132200
9343,3588500
9344,3581200
9345,2768500
9346,2078700
9347,2571800
9348,2889000
9349,2820500
9350,3108400
9351,2937400
9352,2756800
9353,2979200
9354,2821300
9355,2851300
9356,3718100
9357,2901600
9358,3382600
9359,2858300
9360,2560500
9361,2803600
9362,3170000
9363,2817800
9364,2845500
9365,2931900
9366,2800000
9367,3087200
9368,3299700
9369,3428000
9370,2739200
9371,2200000
9372,2982100
9373,2953300
9374,3152300
9375,2757100
9376,2938100
9377,3095700
9378,2953900
9379,3242600
9380,2797800
9381,2866500
9382,2882500
9383,2950900
9384,3295300
9385,3635700
9386,2791400
9387,2021000
9388,3015900
9389,2810100
9390,3600200
9391,2660100
9392,3053200
9393,3015000
9394,2897200
9395,3495600
9396,3550900
9397,2490600
9398,2681900
9399,2810500
9400,2970300
9401,3002300
9402,3188000
9403,2936600
9404,3029100
9405,2839100
9406,3274300
9407,3124300
9408,2872600
9409,2990200
9410,2926800
9411,3015700
9412,3075000
9413,3185800
9414,2902000
9415,2988800
9416,3003400
9417,3392800
9418,3309600
9419,2993400
9420,3006500
9421,3337200
9422,3388000
9423,3507300
9424,2359300
9425,3036000
9426,3154300
9427,2806100
9428,3671900
9429,2822200
9430,2964700
9431,3742600
9432,3015400
9433,2751300
9434,3145600
9435,2911100
9436,2971900
9437,3037300
9438,2804600
9439,3130300
9440,3314800
9441,2928700
9442,2855400
9443,2960200
9444,3058300
9445,3381800
9446,3050800
9447,3835700
9448,4243200
9449,3218300
9450,2134100
9451,2035800
9452,3597500
9453,2856200
9454,2258600
9455,3045400
9456,3591900
9457,2484800
9458,2832300
9459,2947600
9460,2849300
9461,3334700
9462,2991900
9463,2778000
9464,2912300
9465,2929000
9466,3149400
9467,3581000
9468,3121800
9469,2666900
9470,2614000
9471,2929000
9472,3011400
9473,3189400
9474,2747300
9475,2917700
9476,2756200
9477,3000800
9478,4242200
9479,3217000
9480,2122400
9481,2179800
9482,2880500
9483,3406900
9484,2950600
9485,2935100
9486,2706300
9487,2853800
9488,3026000
9489,2843500
9490,3632000
9491,2338300
9492,2874500
9493,2837300
9494,4020800
9495,3830200
9496,2187500
9497,1973800
9498,2692400
9499,3099600
9500,3575800
9501,3121800
9502,2257100
9503,2868400
9504,3032700
9505,3034300
9506,3310800
9507,2751300
9508,2786400
9509,3009000
9510,2807600
9511,2954400
9512,3284900
9513,2727800
9514,2946400
9515,3580100
9516,2572100
9517,2471600
9518,3272700
9519,2738100
9520,3051800
9521,2712500
9522,2892600
9523,2971300
9524,3643700
9525,2945800
9526,3097000
9527,2763700
9528,2483700
9529,3170000
9530,2962300
9531,2783200
9532,2854800
9533,2944100
9534,2953900
9535,3693100
9536,2544800
9537,2744900
9538,2926200
9539,2811100
9540,3485500
9541,3624500
9542,2604300
9543,2419000
9544,2854800
9545,3335500
9546,3198800
9547,2802200
9548,2906300
9549,2882500
9550,2907400
9551,3374600
9552,3562000
9553,2519700
9554,2467700
9555,2957000
9556,2907800
9557,3397200
9558,2726700
9559,2899700
9560,2879300
9561,2888100
9562,4275700
9563,3092400
9564,2196400
9565,2642100
9566,2940500
9567,3266100
9568,3036100
9569,2770000
9570,2871800
9571,2874200
9572,3286000
9573,3649100
9574,3029500
9575,2226200
9576,2841300
9577,2911600
9578,2846600
9579,3088100
9580,3399900
9581,2777900
9582,3036200
9583,2837000
9584,2923300
9585,3201000
9586,2761700
9587,2918000
9588,3637100
9589,2581800
9590,2797300
9591,3000100
9592,2788900
9593,3026500
9594,2736200
9595,2893200
9596,3445500
9597,2706700
9598,3039900
9599,2725500
9600,3138000
9601,3041700
9602,3176500
9603,2801500
9604,2891900
9605,2898500
9606,2852100
9607,2958300
9608,3198000
9609,3073600
9610,2655700
9611,2897600
9612,2914300
9613,3459700
9614,3041400
9615,2740000
9616,2855000
9617,2820200
9618,3057900
9619,3016000
9620,3177800
9621,2784500
9622,2902600
9623,2847800
9624,3391800
9625,2810200
9626,2859100
9627,2795100
9628,2858300
9629,3022700
9630,3503500
9631,2880900
9632,2692000
9633,2726700
9634,2752600
9635,3157800
9636,3101300
9637,2794400
9638,2814500
9639,2832500
9640,3118900
9641,3430400
9642,2736600
9643,2886600
9644,2820500
9645,2881200
9646,3343200
9647,2911000
9648,2749700
9649,2905400
9650,2753200
9651,2949900
9652,3166100
9653,3013300
9654,2844900
9655,3195700
9656,2788500
9657,3032900
9658,3188500
9659,2764300
9660,2886500
9661,3079700
9662,2652600
9663,3022600
9664,3112700
9665,2806800
9666,2880600
9667,2867400
9668,2932400
9669,2934400
9670,3138300
9671,2829700
9672,2871200
9673,3070300
9674,3185200
9675,3224000
9676,2554200
9677,2750200
9678,3117800
9679,2736900
9680,3265800
9681,3079400
9682,2893100
9683,3051000
9684,2823500
9685,2701500
9686,3064900
9687,3100700
9688,2786500
9689,3023900
9690,2676700
9691,2976400
9692,3269100
9693,2769200
9694,3029700
9695,3047200
9696,2783500
9697,2992900
9698,3380400
9699,2812000
9700,2827000
9701,2928700
9702,2852400
9703,3272500
9704,2832900
9705,2839600
9706,2973000
9707,2748200
9708,2931600
9709,3213800
9710,2932500
9711,2773700
9712,2918700
9713,2786600
9714,3197800
9715,3303500
9716,2721900
9717,2878800
9718,2786100
9719,2811600
9720,2933300
9721,3287600
9722,2765800
9723,2952500
9724,2727900
9725,3030500
9726,3740100
9727,2641600
9728,2948300
9729,2820500
9730,2947700
9731,3060500
9732,3154200
9733,2904600
9734,2938800
9735,3065700
9736,2983600
9737,3509700
9738,2794300
9739,2894400
9740,2934100
9741,2978900
9742,3125400
9743,3142500
9744,3052300
9745,2793100
9746,2997200
9747,3172700
9748,3277600
9749,3087900
9750,3023700
9751,2896600
9752,3033000
9753,3436400
9754,2921100
9755,3021300
9756,2977800
9757,3057000
9758,3132500
9759,3392500
9760,2949400
9761,2964100
9762,3139900
9763,2866800
9764,3438300
9765,2952300
9766,2867600
9767,3241600
9768,2693800
9769,3325700
9770,3321400
9771,2960000
9772,2984800
9773,2849400
9774,3010700
9775,3339100
9776,2962600
9777,2993100
9778,2832200
9779,2930600
9780,3080800
9781,3146100
9782,3057700
9783,2916000
9784,2869500
9785,2997900
9786,3339600
9787,2949600
9788,3349700
9789,3226000
9790,2751900
9791,2733400
9792,3209300
9793,2797800
9794,2778700
9795,2917600
9796,2848300
9797,3195500
9798,3315100
9799,2710100
9800,2881800
9801,2897100
9802,3180200
9803,3223200
9804,2656500
9805,2854600
9806,2834200
9807,2836900
9808,3257400
9809,3185700
9810,2754000
9811,2866900
9812,2850100
9813,2865100
9814,3426800
9815,2675300
9816,2794000
9817,2913900
9818,2798800
9819,3210100
9820,3005600
9821,2657900
9822,2847400
9823,3107700
9824,2844500
9825,3297900
9826,3123200
9827,2645300
9828,2842200
9829,2784900
9830,3047000
9831,3018900
9832,3186500
9833,2722500
9834,2827800
9835,2930000
9836,3067000
9837,3125300
9838,2657200
9839,2936500
9840,2809300
9841,3006500
9842,2870100
9843,3443100
9844,2848400
9845,2779600
9846,2938800
9847,2915600
9848,2997600
9849,3085600
9850,2875300
9851,2944400
9852,2840100
9853,3046700
9854,3200200
9855,2787200
9856,3065400
9857,2773600
9858,2850600
9859,2933500
9860,3286400
9861,3342100
9862,2474900
9863,2825500
9864,2902500
9865,3244400
9866,2957800
9867,2833900
9868,2857300
9869,2892500
9870,3134100
9871,3214900
9872,2933600
9873,2768700
9874,2840700
9875,2932900
9876,2952400
9877,3235500
9878,2795300
9879,2916300
9880,2852200
9881,2974100
9882,3430900
9883,2978800
9884,2810000
9885,2946900
9886,2884000
9887,2929200
9888,3382600
9889,2741300
9890,2868500
9891,2865700
9892,2884500
9893,3102200
9894,3200300
9895,2704400
9896,2953200
9897,2876600
9898,3172800
9899,3100200
9900,2781200
9901,2823500
9902,2872700
9903,3205700
9904,3319200
9905,2983000
9906,2736200
9907,2848800
9908,2878100
9909,2980600
9910,3452700
9911,2818000
9912,2857700
9913,2842900
9914,2893400
9915,3112900
9916,3135900
9917,2718100
9918,3218900
9919,2832000
9920,3135600
9921,3065300
9922,2822700
9923,2870800
9924,2863300
9925,2806100
9926,3043600
9927,3238000
9928,2734000
9929,2870800
9930,2888100
9931,2942600
9932,2861600
9933,3243700
9934,2748700
9935,2870900
9936,3050700
9937,2699200
9938,3425600
9939,2700000
9940,2822200
9941,2962700
9942,2820200
9943,3196200
9944,3338600
9945,2671000
9946,2928500
9947,2918700
9948,2829600
9949,2980400
9950,3195400
9951,2760800
9952,2884200
9953,2898800
9954,2829000
9955,3357700
9956,2768200
9957,3000300
9958,2952300
9959,2934000
9960,2936400
9961,3240000
9962,2736900
9963,2944400
9964,2813000
9965,2863600
9966,2951100
9967,3230300
9968,2992900
9969,2832800
9970,3014700
9971,2614700
9972,3244300
9973,3169500
9974,2700100
9975,2683900
9976,2842100
9977,3068000
9978,3278900
9979,2849500
9980,2853500
9981,2842700
9982,2851200
9983,3021800
9984,3316600
9985,2825700
9986,2870200
9987,2865400
9988,2925800
9989,3530500
9990,2561900
9991,2885000
9992,2826700
9993,3163500
9994,3055600
9995,3152700
9996,2782700
9997,2898200
9998,2926100
9999,2861500
10000,3442100
10001,2637400
10002,2917300
10003,2857300
10004,2896300
10005,2887300
10006,3433600
10007,2657100
10008,2889300
10009,2873900
10010,3024600
10011,3469700
10012,3308800
10013,2716900
10014,2960400
10015,3095400
10016,2672400
10017,3403700
10018,2840100
10019,2809000
10020,2999100
10021,2801600
10022,3093200
10023,3003900
10024,2969000
10025,2670400
10026,2973500
10027,2781700
10028,3365400
10029,2781500
10030,2828100
10031,2884500
10032,2998200
10033,2928000
10034,3208400
10035,2781500
10036,2868600
10037,3014500
10038,3010600
10039,3009700
10040,3209000
10041,2781000
10042,2935500
10043,2845700
10044,2856700
10045,3004300
10046,3123800
10047,2861300
10048,2909200
10049,2937900
10050,3086500
10051,3058600
10052,2804600
10053,3217200
10054,2797400
10055,2961000
10056,2946500
10057,3216000
10058,2960500
10059,2779000
10060,2913000
10061,2848800
10062,3429000
10063,2892900
10064,2820500
10065,2938800
10066,2791600
10067,3231900
10068,3062500
10069,2824300
10070,2904300
10071,2856600
10072,2908200
10073,3230000
10074,3285000
10075,2924000
10076,2921800
10077,2910100
10078,3121100
10079,3267800
10080,2813800
10081,2939900
10082,3043800
10083,2962200
10084,3489000
10085,2710100
10086,2942000
10087,2951400
10088,2918400
10089,3444300
10090,3087500
10091,2833700
10092,3250500
10093,2966900
10094,3145200
10095,4389400
10096,2517500
10097,2470000
10098,3109100
10099,3123900
10100,3912800
10101,2993100
10102,2139900
10103,2908600
10104,3308000
10105,3866600
10106,3367100
10107,1940300
10108,2970000
10109,3045700
10110,3630100
10111,2855200
10112,2735800
10113,2972200
10114,3086400
10115,2832200
10116,3032500
10117,3277100
10118,2920800
10119,2940900
10120,2950200
10121,2920600
10122,3215900
10123,3045000
10124,2922100
10125,3118100
10126,3054900
10127,2980500
10128,3518200
10129,2826700
10130,3110400
10131,2847100
10132,3113200
10133,2969400
10134,3006600
10135,2815700
10136,2949200
10137,2864500
10138,2937800
10139,3329700
10140,2825500
10141,3095800
10142,2706900
10143,2915500
10144,2954800
10145,3182100
10146,3165200
10147,2716400
10148,2895100
10149,2956700
10150,2928200
10151,3469800
10152,2702600
10153,2764600
10154,2832700
10155,3012100
10156,3169300
10157,2827900
10158,2802500
10159,2828700
10160,2970700
10161,3098000
10162,3273500
10163,2719800
10164,2852200
10165,2864900
10166,3159300
10167,3748900
10168,2744400
10169,2722800
10170,2857300
10171,2801200
10172,3018300
10173,3186900
10174,2747400
10175,2947400
10176,2826800
10177,2925400
10178,3116600
10179,2985100
10180,2819000
10181,3124800
10182,3100100
10183,2721000
10184,3337900
10185,2755600
10186,2872300
10187,2798400
10188,2970600
10189,2924200
10190,3187400
10191,2774100
10192,2872400
10193,2872200
10194,3030000
10195,2815500
10196,3225400
10197,2830700
10198,3248000
10199,2813600
10200,2676500
10201,3229000
10202,2778300
10203,2920100
10204,2862800
10205,3006500
10206,2856400
10207,3749900
10208,2470000
10209,2671400
10210,3014100
10211,2738200
10212,2952700
10213,3100500
10214,2869000
10215,2905500
10216,2907500
10217,2813500
10218,3316900
10219,2765000
10220,2862300
10221,3184800
10222,2884000
10223,2933800
10224,3184800
10225,2804600
10226,3154100
10227,2792100
10228,2735700
10229,2937400
10230,3183500
10231,2977200
10232,2776100
10233,2909700
10234,2796200
10235,3425900
10236,3014600
10237,2889600
10238,3235600
10239,2480800
10240,2906500
10241,3233300
10242,3036900
10243,2691600
10244,2910700
10245,2812900
10246,3318100
10247,2879000
10248,2745600
10249,2862900
10250,2804700
10251,2889900
10252,3308400
10253,2859200
10254,2832000
10255,2896900
10256,2852200
10257,3091600
10258,3293400
10259,2547000
10260,2920800
10261,3061700
10262,2885200
10263,3283800
10264,2852300
10265,2857700
10266,2935400
10267,2782500
10268,3085700
10269,3113400
10270,2767000
10271,2875800
10272,2990300
10273,2723600
10274,3350700
10275,2896000
10276,3122200
10277,2847100
10278,2834600
10279,3142100
10280,3219000
10281,2774000
10282,2841600
10283,2955200
10284,2905100
10285,2987900
10286,3122500
10287,2799000
10288,2924800
10289,2855900
10290,2833400
10291,3245200
10292,2781200
10293,2877000
10294,2910600
10295,3066400
10296,2655700
10297,3124500
10298,3020900
10299,2865600
10300,3015100
10301,3084700
10302,3089100
10303,2946500
10304,2824800
10305,2859700
10306,3501800
10307,2468800
10308,3249400
10309,2745600
10310,2850300
10311,3198300
10312,2843400
10313,2796000
10314,3284400
10315,2869300
10316,3083300
10317,2666900
10318,2923100
10319,2939600
10320,3184300
10321,2808200
10322,2888400
10323,2913500
10324,2762200
10325,3314200
10326,2816100
10327,3046800
10328,2708100
10329,2926500
10330,2793600
10331,3655900
10332,2828500
10333,2999400
10334,2700400
10335,2905200
10336,2995500
10337,3145800
10338,2810000
10339,2803600
10340,2949500
10341,2782000
10342,3314900
10343,2875000
10344,2801800
10345,2929300
10346,2874800
10347,2833700
10348,3685500
10349,2829400
10350,2669200
10351,2765000
10352,2942700
10353,3276600
10354,2992100
10355,2925400
10356,3150600
10357,2900700
10358,2904100
10359,3192400
10360,2776800
10361,2786100
10362,2837900
10363,2908200
10364,3033900
10365,3068400
10366,2850000
10367,2862700
10368,2844600
10369,3059800
10370,2995600
10371,3173400
10372,2824400
10373,2897500
10374,2897400
10375,2851500
10376,3148100
10377,2999100
10378,2827200
10379,2808400
10380,2918900
10381,3132200
10382,2955800
10383,2796100
10384,2906100
10385,3009200
10386,2721900
10387,3103000
10388,3227400
10389,2749200
10390,2907400
10391,3247300
10392,2866800
10393,3383300
10394,2678800
10395,2792500
10396,2935000
10397,2790800
10398,3145500
10399,3105500
10400,2878800
10401,2955600
10402,2796000
10403,2941100
10404,3271500
10405,2886300
10406,3091100
10407,2761000
10408,2819000
10409,2977900
10410,3271100
10411,3255400
10412,2923600
10413,2902800
10414,3061500
10415,2906300
10416,3430400
10417,2805800
10418,2855600
10419,2972400
10420,2967500
10421,3333600
10422,3066400
10423,2822300
10424,2948600
10425,2999700
10426,3321800
10427,3274400
10428,3065000
10429,2811600
10430,3288800
10431,3135300
10432,3305000
10433,2933600
10434,2955500
10435,2958400
10436,2931500
10437,3456000
10438,2973100
10439,2857500
10440,2980500
10441,2897200
10442,3422800
10443,2979300
10444,2991800
10445,3198600
10446,2924300
10447,2974800
10448,3350400
10449,2930800
10450,3005900
10451,2813500
10452,3037300
10453,2961500
10454,3394500
10455,2767000
10456,2965500
10457,3116500
10458,2806100
10459,3398400
10460,2949800
10461,2854900
10462,2910600
10463,2961100
10464,3202500
10465,3154400
10466,2710100
10467,2898000
10468,2980600
10469,3153700
10470,3269100
10471,2878700
10472,2877100
10473,3377900
10474,2578100
10475,3183400
10476,3059100
10477,2762800
10478,2879400
10479,2762000
10480,2961300
10481,3046400
10482,3092200
10483,2761100
10484,3156600
10485,2807200
10486,2921400
10487,3265400
10488,2925400
10489,2816300
10490,2858000
10491,2883300
10492,2912100
10493,3258800
10494,2843300
10495,2720600
10496,2850400
10497,2871700
10498,2918100
10499,3490500
10500,2717000
10501,2774600
10502,2809400
10503,2886800
10504,3845700
10505,2633900
10506,2752500
10507,2817100
10508,2922400
10509,2992800
10510,3461800
10511,2529900
10512,2809700
10513,2888100
10514,2776200
10515,3101700
10516,3071200
10517,2812600
10518,2839600
10519,2882600
10520,3008300
10521,2910400
10522,3148100
10523,2955800
10524,3171200
10525,2714800
10526,3070200
10527,3109600
10528,2726700
10529,2933800
10530,2884400
10531,2962000
10532,3055100
10533,3201300
10534,2829200
10535,3186300
10536,2625900
10537,2826700
10538,3204400
10539,2881600
10540,2794200
10541,2866500
10542,3025100
10543,2945900
10544,3162500
10545,2805000
10546,2841600
10547,3226300
10548,2705400
10549,3233900
10550,2745900
10551,2863300
10552,3063300
10553,2676900
10554,2956400
10555,3331100
10556,2708800
10557,3114900
10558,2738100
10559,3110300
10560,2941400
10561,3176300
10562,3246800
10563,2797400
10564,2670600
10565,2746800
10566,3029800
10567,3184200
10568,2830600
10569,2852700
10570,2886300
10571,2960700
10572,3322600
10573,2830100
10574,2827800
10575,2894000
10576,2878600
10577,3191200
10578,3205100
10579,3051800
10580,2707000
10581,2871800
10582,2915400
10583,3550900
10584,2806300
10585,2685100
10586,2907300
10587,2817500
10588,3054700
10589,3156300
10590,2894300
10591,2833700
10592,2924100
10593,2784800
10594,3131000
10595,3076100
10596,2818600
10597,2806600
10598,2998200
10599,3534100
10600,2892300
10601,2840300
10602,2769800
10603,2917700
10604,3105200
10605,2885900
10606,3189400
10607,2806700
10608,2865800
10609,2839100
10610,2942700
10611,3279800
10612,2833800
10613,2851900
10614,2863700
10615,3035600
10616,2793300
10617,3197900
10618,2782600
10619,3097700
10620,3038000
10621,2725100
10622,3074700
10623,3063700
10624,2865900
10625,2875900
10626,2898800
10627,2794700
10628,3302700
10629,3036200
10630,2821000
10631,2948600
10632,2765100
10633,3292900
10634,3040600
10635,2673400
10636,2956500
10637,2775900
10638,2852400
10639,3258300
10640,3208000
10641,3037800
10642,2897700
10643,2837300
10644,2673100
10645,3548000
10646,2743900
10647,2862100
10648,2877400
10649,2798400
10650,3241400
10651,3097500
10652,2674900
10653,2809700
10654,3156100
10655,2878100
10656,3372500
10657,2753600
10658,2851300
10659,2824600
10660,2833700
10661,3028600
10662,3362300
10663,2693700
10664,2824300
10665,2859700
10666,2877400
10667,3325200
10668,2883500
10669,2791600
10670,3015600
10671,2815900
10672,3005000
10673,3362300
10674,3472800
10675,2575000
10676,2922700
10677,2783200
10678,3901000
10679,2697700
10680,2512200
10681,2720200
10682,2801700
10683,3128100
10684,3047300
10685,3175000
10686,2891000
10687,2894700
10688,3148600
10689,2611700
10690,3054100
10691,3005100
10692,2880900
10693,2838100
10694,3522900
10695,2908200
10696,2847700
10697,2874400
10698,2890900
10699,3076100
10700,3274600
10701,2648500
10702,2983400
10703,2719200
10704,2739100
10705,2888600
10706,2983800
10707,3186100
10708,3099800
10709,2995000
10710,3076400
10711,2945000
10712,3021700
10713,2871100
10714,3226500
10715,2693200
10716,2978600
10717,2568800
10718,3110700
10719,3139100
10720,2903500
10721,2865700
10722,2880500
10723,2868100
10724,3281000
10725,2803500
10726,2878800
10727,2865100
10728,3513000
10729,2628700
10730,2864800
10731,2938700
10732,2789700
10733,2776500
10734,3261500
10735,3411000
10736,2884600
10737,2853400
10738,2894400
10739,2992200
10740,3022000
10741,3233800
10742,2743800
10743,2868800
10744,2912300
10745,3023500
10746,3162900
10747,3054400
10748,2886800
10749,3356800
10750,3057500
10751,2886500
10752,3227900
10753,2897400
10754,2870800
10755,2937900
10756,2950700
10757,3609400
10758,2784300
10759,2942600
10760,2908200
10761,3035500
10762,3119500
10763,3233800
10764,2880100
10765,2868100
10766,3040100
10767,3160200
10768,3247300
10769,3134000
10770,2913800
10771,2972300
10772,3233700
10773,2976400
10774,3099000
10775,2870600
10776,2946500
10777,2987700
10778,2998900
10779,3052600
10780,3197900
10781,2924500
10782,3022500
10783,2976900
10784,3203700
10785,3347300
10786,2879400
10787,2864000
10788,3315800
10789,2973000
10790,3620900
10791,2860000
10792,2945000
10793,3109500
10794,2823300
10795,3132900
10796,3169400
10797,2886500
10798,3145200
10799,2830200
10800,3036600
10801,3294700
10802,3042900
10803,2879300
10804,2960100
10805,3025200
10806,2979200
10807,3172700
10808,2911400
10809,2910800
10810,2881500
10811,2965900
10812,3423400
10813,2799100
10814,3241800
10815,4166800
10816,7742900
10817,3187600
10818,2724800
10819,3749200
10820,3957100
10821,4799400
10822,4121900
10823,3399800
10824,2876900
10825,2853300
10826,3704700
10827,3169600
10828,2256600
10829,1853200
10830,2561400
10831,3473900
10832,2802500
10833,2797600
10834,2786800
10835,2885400
10836,3223000
10837,3190400
10838,2595200
10839,2759900
10840,2832600
10841,2783800
10842,2959100
10843,3249200
10844,2619600
10845,2850600
10846,2723200
10847,2818100
10848,3189600
10849,2882700
10850,2717500
10851,2890900
10852,2822200
10853,3007700
10854,3209000
10855,2801800
10856,2786600
10857,2830400
10858,3106000
10859,3098700
10860,3426600
10861,2705800
10862,2871600
10863,3181200
10864,2756700
10865,2968000
10866,3199900
10867,2784900
10868,3237000
10869,2498700
10870,3276900
10871,3201000
10872,2882900
10873,2950800
10874,2711700
10875,2772700
10876,3150800
10877,2968600
10878,2818900
10879,3298400
10880,2670300
10881,2660100
10882,2920300
10883,3289600
10884,2971000
10885,2942000
10886,2793000
10887,3842000
10888,2943000
10889,2339500
10890,3173300
10891,2632000
10892,3084200
10893,3270600
10894,3209100
10895,2854600
10896,2742500
10897,4976200
10898,3533800
10899,2368300
10900,2192700
10901,2363900
10902,2506300
10903,2894000
10904,3162400
10905,3730100
10906,2365200
10907,2921300
10908,2915100
10909,2949300
10910,3282600
10911,2820200
10912,3046500
10913,2737500
10914,2931600
10915,3125300
10916,3636200
10917,2447000
10918,2701000
10919,2834800
10920,2862900
10921,3147500
10922,3078400
10923,2753900
10924,2813500
10925,2901800
10926,2937000
10927,3652100
10928,2528500
10929,2860600
10930,2647000
10931,2947100
10932,3292100
10933,3276800
10934,2721100
10935,2870400
10936,2873200
10937,3224000
10938,2977600
10939,2870600
10940,2870300
10941,2878100
10942,2920600
10943,3255900
10944,2867700
10945,2730900
10946,2913200
10947,2882200
10948,2856000
10949,3381400
10950,2906000
10951,2544700
10952,3175900
10953,2833700
10954,3119300
10955,2947100
10956,3011300
10957,2885300
10958,3100700
10959,2614900
10960,2813600
10961,3277300
10962,2703900
10963,2930500
10964,2874200
10965,2770300
10966,3082100
10967,3356200
10968,2794400
10969,2902700
10970,3146100
10971,2542800
10972,3334600
10973,2879200
10974,2798200
10975,3389100
10976,2847200
10977,2990900
10978,2914700
10979,3398300
10980,2930700
10981,2251700
10982,2602600
10983,3085400
10984,3108200
10985,3066700
10986,3052500
10987,2720100
10988,2836600
10989,2934100
10990,3245700
10991,3151700
10992,2969900
10993,2381000
10994,3090200
10995,3061200
10996,2896300
10997,3033900
10998,2752200
10999,2868700
11000,3375400
11001,2997400
11002,2742900
11003,2642000
11004,2914400
11005,2922300
11006,3487300
11007,3016100
11008,2676700
11009,2826400
11010,2914300
11011,3225100
11012,3247400
11013,3163600
11014,2686400
11015,2582900
11016,2918600
11017,3085700
11018,3292100
11019,2722400
11020,2843600
11021,3043300
11022,3220800
11023,2736800
11024,2890300
11025,3150800
11026,2983000
11027,2985400
11028,3274100
11029,2657300
11030,2774800
11031,2963500
11032,2820500
11033,3061600
11034,3076200
11035,3501600
11036,2516100
11037,2803000
11038,3039500
11039,2920000
11040,3364200
11041,2481600
11042,2793800
11043,2896700
11044,3255100
11045,2746000
11046,3130900
11047,3223300
11048,2798800
11049,2968900
11050,3092500
11051,2872300
11052,2801000
11053,2884200
11054,3178400
11055,2781200
11056,3453200
11057,2555100
11058,2708400
11059,3002300
11060,2856700
11061,3022900
11062,3074800
11063,2897400
11064,2782800
11065,3259600
11066,2624600
11067,2936200
11068,2961100
11069,3214600
11070,2868300
11071,3071400
11072,2660200
11073,2897700
11074,3231300
11075,2769900
11076,2999800
11077,3138300
11078,2611900
11079,2780700
11080,3338400
11081,2865800
11082,3093500
11083,2977800
11084,3078300
11085,3334100
11086,3457100
11087,3412600
11088,2232700
11089,2563600
11090,3031800
11091,3296000
11092,3024900
11093,3065300
11094,2521600
11095,3057700
11096,3370600
11097,3028800
11098,2987800
11099,3081600
11100,2604600
11101,3253100
11102,3329700
11103,3000100
11104,2932500
11105,2885900
11106,3071100
11107,3993100
11108,2136100
11109,2864400
11110,2994500
11111,2995300
11112,3192000
11113,3418400
11114,2537300
11115,2897700
11116,3041500
11117,2976800
11118,3607900
11119,3158000
11120,2396600
11121,3148500
11122,3030900
11123,3319800
11124,3130600
11125,2955900
11126,2971300
11127,3124200
11128,2826300
11129,3125000
11130,3002800
11131,2953900
11132,2983000
11133,3174000
11134,2697200
11135,3226200
11136,2943000
11137,3041600
11138,3149800
11139,3505700
11140,2547000
11141,3251300
11142,2896300
11143,2941300
11144,3093900
11145,3148900
11146,3046900
11147,3334000
11148,2400900
11149,3028200
11150,2834600
11151,3276800
11152,2891500
11153,2921300
11154,2753600
11155,3163400
11156,3894200
11157,2595100
11158,2706400
11159,2949500
11160,2989100
11161,2816800
11162,3386100
11163,2758700
11164,2942500
11165,3190800
11166,2615600
11167,3089300
11168,3556400
11169,2616900
11170,2716000
11171,2812400
11172,2950100
11173,3259000
11174,3079000
11175,2884500
11176,2887900
11177,2937700
11178,2878600
11179,3430100
11180,2829200
11181,3068400
11182,2416300
11183,2946600
11184,3013000
11185,3203200
11186,2837300
11187,3092600
11188,2746400
11189,2956500
11190,2883300
11191,2938200
11192,3205000
11193,2614000
11194,2798200
11195,3139700
11196,3394800
11197,2768000
11198,2900900
11199,2813100
11200,2892200
11201,3628200
11202,2710800
11203,2668400
11204,2856200
11205,3199000
11206,2606400
11207,3048200
11208,3046100
11209,3038600
11210,3070200
11211,2345400
11212,2895300
11213,3458000
11214,2687900
11215,2933500
11216,3102200
11217,2523400
11218,2882800
11219,3359200
11220,2803000
11221,2939100
11222,3256400
11223,2335000
11224,3130500
11225,3148700
11226,2806500
11227,3028100
11228,2804000
11229,3275800
11230,3281100
11231,3238000
11232,2304800
11233,2715900
11234,3001200
11235,3081200
11236,3409600
11237,2931400
11238,2579200
11239,4184800
11240,2324400
11241,2615000
11242,3348600
11243,2434400
11244,2801400
11245,2686100
11246,3112100
11247,3044500
11248,2861900
11249,2880100
11250,3163800
11251,2692500
11252,3217900
11253,2855400
11254,2657600
11255,2888700
11256,3561100
11257,2926200
11258,2793600
11259,2956500
11260,2771400
11261,3086300
11262,2769700
11263,2895600
11264,3334600
11265,3047700
11266,2829700
11267,2583000
11268,2837700
11269,3256600
11270,3199200
11271,2987900
11272,3050200
11273,3289300
11274,2668300
11275,2769700
11276,2886400
11277,3098100
11278,2736800
11279,2776000
11280,3066500
11281,2987400
11282,2892500
11283,2983600
11284,2809800
11285,3125200
11286,3175500
11287,2576100
11288,3098400
11289,2634300
11290,3124400
11291,3069200
11292,3218600
11293,2911300
11294,3175600
11295,2417700
11296,2833700
11297,3079300
11298,3047100
11299,2920200
11300,2859500
11301,2789700
11302,2792200
11303,3178400
11304,3123100
11305,2897700
11306,2848600
11307,2861100
11308,3329500
11309,3332700
11310,3004200
11311,2793200
11312,2869900
11313,2938400
11314,2770300
11315,3437600
11316,2676100
11317,2610500
11318,2844200
11319,2926500
11320,3508500
11321,2694800
11322,2813800
11323,2725700
11324,2911100
11325,3438200
11326,2905400
11327,2765700
11328,3000700
11329,2608500
11330,2945700
11331,3419000
11332,3037000
11333,2838500
11334,2960700
11335,2811700
11336,3401200
11337,2589700
11338,2870500
11339,2868800
11340,2928400
11341,2904100
11342,3488400
11343,2707900
11344,2759300
11345,2921800
11346,2906900
11347,3201200
11348,2901000
11349,3112900
11350,2602700
11351,3242000
11352,3029900
11353,2737800
11354,3238800
11355,2801300
11356,2921600
11357,3582800
11358,2242500
11359,2752000
11360,3219800
11361,2871600
11362,2911700
11363,3501900
11364,2429900
11365,3235400
11366,3126400
11367,2651500
11368,3048900
11369,2872000
11370,3243800
11371,2689400
11372,2917700
11373,3113900
11374,2681100
11375,2907000
11376,3409500
11377,2749500
11378,3061200
11379,3271000
11380,2491900
11381,2380600
11382,3122200
11383,3148100
11384,2933200
11385,2969100
11386,2953300
11387,2937400
11388,3175500
11389,2937100
11390,2915400
11391,3233900
11392,2353300
11393,2930600
11394,3487400
11395,2753300
11396,2820100
11397,2929300
11398,2751900
11399,3525400
11400,2959900
11401,2438800
11402,2836200
11403,3000600
11404,3068000
11405,3214000
11406,3105800
11407,2713400
11408,2995100
11409,2810100
11410,3536200
11411,2944100
11412,2775400
11413,2652300
11414,2968400
11415,2878000
11416,3473000
11417,2781200
11418,2853500
11419,3289400
11420,3536700
11421,3579600
11422,2306800
11423,2763700
11424,2792300
11425,2962800
11426,3334400
11427,2749000
11428,3163000
11429,3097000
11430,2828100
11431,3072000
11432,3314600
11433,2819500
11434,2924000
11435,2892100
11436,3070200
11437,2997500
11438,3404900
11439,2865700
11440,3393200
11441,3391400
11442,2247300
11443,2953200
11444,3768000
11445,2613200
11446,2870200
11447,3123900
11448,2757600
11449,3400900
11450,2883400
11451,2951700
11452,3105600
11453,2775200
11454,3006100
11455,3380900
11456,2946400
11457,2978600
11458,2818500
11459,2954800
11460,3854100
11461,2817100
11462,2504500
11463,2824300
11464,3131200
11465,3551700
11466,2935300
11467,2919600
11468,2792400
11469,3053000
11470,2833500
11471,3151300
11472,3339700
11473,2805100
11474,2796300
11475,2999800
11476,3179900
11477,3065400
11478,3292300
11479,2780800
11480,2904500
11481,3461300
11482,2444600
11483,3195300
11484,2906300
11485,2944800
11486,2976600
11487,3254200
11488,3013700
11489,2794800
11490,2948900
11491,2916300
11492,3067300
11493,3466200
11494,2832000
11495,2807300
11496,2904100
11497,3040600
11498,2939500
11499,3691900
11500,2424800
11501,2943200
11502,3320100
11503,2816200
11504,2676900
11505,3067700
11506,2765900
11507,2939900
11508,2992400
11509,2779500
11510,2899100
11511,3177600
11512,3527000
11513,2248300
11514,2969700
11515,3139800
11516,2859000
11517,2808500
11518,2866500
11519,2899900
11520,3020900
11521,2991800
11522,3074400
11523,2959000
11524,3045900
11525,2677800
11526,2925000
11527,3399600
11528,2780600
11529,2958300
11530,2825700
11531,2955300
11532,3236700
11533,2812800
11534,2793400
11535,2882300
11536,2961900
11537,2697800
11538,3295600
11539,3171800
11540,2833100
11541,2852500
11542,2989600
11543,2828600
11544,3101500
11545,2982600
11546,3365900
11547,2372600
11548,2800300
11549,2953300
11550,3450200
11551,2492800
11552,2776900
11553,3047800
11554,2786500
11555,2997800
11556,3423900
11557,2631700
11558,2939100
11559,2854300
11560,2768600
11561,3254900
11562,2935000
11563,2825100
11564,2863900
11565,3250900
11566,2599000
11567,3178600
11568,2992900
11569,3290400
11570,2636200
11571,2765800
11572,2966000
11573,3142500
11574,3166100
11575,3022900
11576,2915200
11577,3650900
11578,2469500
11579,2772900
11580,3472200
11581,2445300
11582,2919600
11583,2860600
11584,3497600
11585,2859600
11586,3179300
11587,2371800
11588,2750700
11589,3694000
11590,2839000
11591,2963200
11592,2944000
11593,2626300
11594,2921100
11595,3594300
11596,2823600
11597,2811000
11598,3336000
11599,2271100
11600,3123800
11601,3241600
11602,2854600
11603,3209300
11604,2694400
11605,2890500
11606,3265700
11607,3122900
11608,2692700
11609,2594600
11610,2920600
11611,3684900
11612,2597200
11613,2869900
11614,3472100
11615,2289800
11616,2961900
11617,3027000
11618,3180800
11619,2968000
11620,2928300
11621,2625600
11622,3105500
11623,3073000
11624,2888700
11625,2877200
11626,2879700
11627,3006800
11628,3429100
11629,2799100
11630,2544100
11631,2811400
11632,2999700
11633,2948300
11634,3114500
11635,3232700
11636,2717700
11637,2914500
11638,2974800
11639,2956800
11640,3541200
11641,2813500
11642,2605300
11643,2891800
11644,2863000
11645,3263600
11646,3359500
11647,2836100
11648,3313500
11649,2702300
11650,3690600
11651,2443900
11652,2449400
11653,2897900
11654,3319000
11655,2473500
11656,3105600
11657,2975000
11658,2723600
11659,3024100
11660,2767800
11661,3000900
11662,3032100
11663,3161100
11664,2655500
11665,2979900
11666,2883800
11667,3087600
11668,3222700
11669,2895500
11670,3148600
11671,3196900
11672,2179400
11673,2983300
11674,3337600
11675,3008800
11676,2747500
11677,3028600
11678,2559200
11679,3168200
11680,3189100
11681,2988200
11682,3655400
11683,2765000
11684,2354500
11685,2976100
11686,2878000
11687,2934700
11688,3182800
11689,2859200
11690,3039100
11691,3584300
11692,2714700
11693,2374300
11694,2862800
11695,2949500
11696,3082300
11697,3239800
11698,2828200
11699,2668700
11700,2939000
11701,3317600
11702,3171600
11703,3061000
11704,3723800
11705,2456400
11706,2250600
11707,3179800
11708,3028700
11709,3035900
11710,2902900
11711,2839000
11712,2939700
11713,3797800
11714,2943100
11715,2128200
11716,3427400
11717,2542200
11718,3049900
11719,3032400
11720,3070700
11721,2383000
11722,2939500
11723,2915900
11724,3007100
11725,3169400
11726,2980500
11727,2665400
11728,2727700
11729,3364500
11730,3214000
11731,2869700
11732,3029500
11733,2741900
11734,2950900
11735,3440300
11736,2670400
11737,2764500
11738,2825500
11739,3153900
11740,2739800
11741,3076900
11742,3100800
11743,2836100
11744,3227300
11745,2923100
11746,3056600
11747,3414700
11748,2693100
11749,2711000
11750,3680000
11751,2219600
11752,3115700
11753,3331100
11754,2901600
11755,3222800
11756,4047700
11757,3529100
11758,2402500
11759,2344700
11760,2766200
11761,2909100
11762,2913500
11763,3109700
11764,3103500
11765,2931300
11766,2982300
11767,2959600
11768,3343700
11769,3029000
11770,2715500
11771,3098000
11772,2922000
11773,2959100
11774,3456300
11775,2839800
11776,3045600
11777,3187200
11778,2595700
11779,3173000
11780,3255900
11781,2907400
11782,2903000
11783,3807200
11784,2222500
11785,3319300
11786,3351900
11787,2883000
11788,2976600
11789,3131200
11790,2915500
11791,3726900
11792,2579600
11793,3223500
11794,2900300
11795,3097000
11796,3326900
11797,3402600
11798,2308200
11799,2832600
11800,2971500
11801,3226000
11802,3270300
11803,2922200
11804,2717400
11805,2916600
11806,2960000
11807,3141100
11808,3247700
11809,2997600
11810,2664100
11811,2831300
11812,3108500
11813,3356800
11814,2826600
11815,3067700
11816,2781600
11817,3989800
11818,3001100
11819,2022700
11820,2920400
11821,2876100
11822,3267500
11823,3425400
11824,2687100
11825,2799900
11826,2967400
11827,3037300
11828,3060100
11829,3345000
11830,2552700
11831,2785300
11832,3015400
11833,2881800
11834,3061600
11835,3152500
11836,2995400
11837,3447500
11838,2674500
11839,2749000
11840,2799600
11841,3400800
11842,2860900
11843,2853500
11844,3553800
11845,2495700
11846,3002700
11847,3068500
11848,2601200
11849,2920300
11850,3208900
11851,3067300
11852,2630600
11853,2802800
11854,2926800
11855,3118400
11856,2673800
11857,3453700
11858,3453400
11859,2939800
11860,2604500
11861,2706900
11862,2922400
11863,3048100
11864,3168700
11865,3158200
11866,2447400
11867,2843200
11868,3096100
11869,3253800
11870,2809000
11871,3676200
11872,2368500
11873,2492000
11874,3202900
11875,3003000
11876,3123200
11877,2917100
11878,2922700
11879,3441100
11880,2875000
11881,2492600
11882,2980300
11883,2834700
11884,2858500
11885,3690400
11886,2486200
11887,2846600
11888,2935300
11889,2791300
11890,2939400
11891,3109800
11892,3195500
11893,2507200
11894,2890500
11895,2861000
11896,3087200
11897,3409400
11898,2870200
11899,2754300
11900,3357100
11901,2399700
11902,2756100
11903,3361600
11904,2733600
11905,2876900
11906,2833900
11907,2868300
11908,2953900
11909,3448500
11910,2714800
11911,3113800
11912,3008300
11913,3475800
11914,2548500
11915,2774300
11916,2921600
11917,2834100
11918,3267200
11919,2861500
11920,3077600
11921,2693100
11922,3459400
11923,2849800
11924,2146200
11925,3281400
11926,2952500
11927,3054200
11928,2880900
11929,2909500
11930,2911900
11931,3371300
11932,2777800
11933,2952300
11934,2993100
11935,3092000
11936,2894100
11937,2961800
11938,2819100
11939,2953900
11940,3017200
11941,2781900
11942,2987100
11943,3428000
11944,2704000
11945,2737400
11946,3043800
11947,3030700
11948,3057400
11949,2826100
11950,2897300
11951,3069500
11952,3042100
11953,3246600
11954,2870200
11955,3097400
11956,2864800
11957,2592300
11958,2963200
11959,3286300
11960,2874800
11961,2962100
11962,2905100
11963,2900200
11964,3533800
11965,2617900
11966,2720400
11967,3344300
11968,2765900
11969,2889800
11970,3139900
11971,3148300
11972,2859700
11973,3031800
11974,2854400
11975,3096000
11976,3267000
11977,2669400
11978,2912600
11979,2920000
11980,2819100
11981,2988400
11982,3389100
11983,3112100
11984,2671500
11985,2999300
11986,3844400
11987,2558100
11988,2215500
11989,2872200
11990,2956500
11991,3137400
11992,3166300
11993,2862800
11994,2860400
11995,2914400
11996,2880700
11997,2866700
11998,3467700
11999,2735600
12000,2732400
12001,2938900
12002,2868800
12003,3380400
12004,2931700
12005,2745200
12006,3212400
12007,3172600
12008,2464100
12009,2893900
12010,3417200
12011,2816200
12012,2901700
12013,3121100
12014,2446200
12015,3301900
12016,2805600
12017,2962000
12018,2937500
12019,2928000
12020,3132100
12021,3062000
12022,2967800
12023,2747000
12024,2936500
12025,2875700
12026,2928400
12027,3551600
12028,3025000
12029,2389400
12030,2815100
12031,3149000
12032,2734100
12033,3355200
12034,3063700
12035,2483600
12036,2886300
12037,2936600
12038,3225500
12039,2946300
12040,2928800
12041,2676400
12042,3138300
12043,3189800
12044,3170400
12045,2665200
12046,2854400
12047,3164300
12048,2825200
12049,3222100
12050,3325300
12051,2543600
12052,2695100
12053,2826200
12054,3243900
12055,3048000
12056,2809500
12057,2933500
12058,2667900
12059,2834700
12060,3017200
12061,3183200
12062,3340800
12063,3066100
12064,2335200
12065,2995600
12066,3279400
12067,2851100
12068,3147000
12069,2683500
12070,2857400
12071,3296200
12072,3046700
12073,2648400
12074,2920700
12075,2923500
12076,2937000
12077,3454000
12078,2791500
12079,2793800
12080,2924800
12081,3210500
12082,3166100
12083,3512400
12084,2636000
12085,2775300
12086,2925600
12087,2911300
12088,3068000
12089,3390800
12090,2820700
12091,3311400
12092,3090100
12093,3114200
12094,2901400
12095,3198700
12096,3043400
12097,2786400
12098,3011800
12099,3348200
12100,2771600
12101,2959300
12102,3039400
12103,2926900
12104,3339800
12105,3088600
12106,2718500
12107,3042700
12108,2898700
12109,3151600
12110,3170300
12111,3134800
12112,2849200
12113,3366300
12114,2551300
12115,3197000
12116,3493700
12117,2835600
12118,2993100
12119,3146800
12120,2613400
12121,3549500
12122,2954100
12123,2905400
12124,3196300
12125,3245500
12126,2533200
12127,3330300
12128,2988200
12129,2977400
12130,3025100
12131,2935500
12132,3257400
12133,3188400
12134,2677800
12135,2792700
12136,3278400
12137,2844200
12138,3070800
12139,2934200
12140,3135800
12141,2882000
12142,2962000
12143,3292200
12144,2882700
12145,2898800
12146,2988300
12147,2706500
12148,3141500
12149,3085000
12150,2921800
12151,2917500
12152,3027000
12153,2750700
12154,3616700
12155,2944600
12156,2765000
12157,2960300
12158,2842500
12159,3085500
12160,3133500
12161,2772300
12162,2818200
12163,2948200
12164,2947200
12165,2985000
12166,3212900
12167,2878400
12168,2653000
12169,2953700
12170,2820400
12171,3035300
12172,3177900
12173,2854500
12174,2791400
12175,3525700
12176,2546500
12177,3243400
12178,3033100
12179,2960900
12180,2718200
12181,2832800
12182,2900600
12183,3061300
12184,2925900
12185,3069300
12186,3232700
12187,2675500
12188,3011200
12189,2908800
12190,2814100
12191,2707900
12192,2804900
12193,3150700
12194,3478800
12195,2905100
12196,2825800
12197,3391000
12198,2320200
12199,2870100
12200,3239600
12201,2984500
12202,2823900
12203,3064600
12204,2550300
12205,3266600
12206,2930400
12207,2864200
12208,2926900
12209,3173300
12210,2686200
12211,3123500
12212,3019000
12213,2783200
12214,2807700
12215,3138000
12216,2864100
12217,3396900
12218,3110000
12219,2379100
12220,2762600
12221,3049400
12222,3848900
12223,2314800
12224,3040500
12225,2535000
12226,2880700
12227,3154400
12228,3251300
12229,2857000
12230,3132900
12231,2471300
12232,2830000
12233,3176000
12234,3122000
12235,2952500
12236,2848300
12237,2836500
12238,4071500
12239,3148100
12240,2036300
12241,2528200
12242,2958400
12243,3123800
12244,2977000
12245,3251400
12246,2555800
12247,2783200
12248,2943400
12249,3374200
12250,3489800
12251,3483200
12252,3335700
12253,2037900
12254,2392700
12255,3370900
12256,2952000
12257,2810000
12258,2939000
12259,3246900
12260,2597800
12261,3496500
12262,3206800
12263,2161700
12264,2848400
12265,3026600
12266,3036100
12267,2869600
12268,3130400
12269,2541600
12270,3164200
12271,2937600
12272,3354600
12273,2809500
12274,3158100
12275,2476300
12276,3123800
12277,2750100
12278,3217500
12279,2835500
12280,2863500
12281,2934000
12282,2784400
12283,3520000
12284,2857500
12285,2768700
12286,2933400
12287,2837800
12288,2958800
12289,2976100
12290,3066600
12291,2755800
12292,3098700
12293,2746100
12294,2917600
12295,3262200
12296,2967500
12297,2702400
12298,2839100
12299,2807200
12300,3077000
12301,3362900
12302,2985300
12303,2809800
12304,3091000
12305,2805600
12306,2824400
12307,3127100
12308,2866200
12309,2895800
12310,3253300
12311,2708200
12312,3268100
12313,3069100
12314,2778700
12315,2967200
12316,2983200
12317,2918800
12318,3414600
12319,3014000
12320,2505300
12321,2991100
12322,2871600
12323,2979700
12324,3106500
12325,3684300
12326,2563900
12327,2438600
12328,2875800
12329,3404400
12330,2856300
12331,2806700
12332,2905700
12333,2720200
12334,3594800
12335,2720100
12336,2923100
12337,2915000
12338,2962900
12339,2563700
12340,3609600
12341,2853900
12342,2965000
12343,2843100
12344,3058300
12345,3079100
12346,3747500
12347,2159200
12348,2851000
12349,2893400
12350,3040400
12351,2851600
12352,3145800
12353,2831300
12354,2731800
12355,2937500
12356,2967100
12357,3330000
12358,3163100
12359,2509900
12360,2686600
12361,3253000
12362,2650500
12363,3226700
12364,2916500
12365,3009900
12366,2964000
12367,3121200
12368,2772600
12369,2977200
12370,2871900
12371,2847200
12372,2961800
12373,2893400
12374,3178100
12375,2825900
12376,2917000
12377,3224500
12378,2621000
12379,3252400
12380,3182700
12381,2636400
12382,3068900
12383,3099000
12384,2858200
12385,3242900
12386,2820500
12387,2730600
12388,3124000
12389,3419400
12390,2498200
12391,2717100
12392,2935800
12393,3140200
12394,2732900
12395,2823400
12396,3102100
12397,2846200
12398,3137900
12399,2674000
12400,2919800
12401,3019100
12402,3376700
12403,2475800
12404,3040200
12405,3023100
12406,2909800
12407,3389900
12408,2880200
12409,2877600
12410,3092600
12411,2929600
12412,2551200
12413,3047500
12414,3471800
12415,2931200
12416,3006500
12417,2809500
12418,2927200
12419,3605700
12420,2841400
12421,3107900
12422,3296200
12423,2353700
12424,3002700
12425,3318400
12426,2907300
12427,3102700
12428,3089700
12429,3168200
12430,3412300
12431,3120000
12432,2563500
12433,2626700
12434,2773700
12435,3519900
12436,3020000
12437,2865400
12438,2952500
12439,3123500
12440,3265500
12441,3300500
12442,2911500
12443,3549400
12444,2347100
12445,2911400
12446,3236500
12447,3256900
12448,3005700
12449,3102500
12450,2833600
12451,3647400
12452,2910800
12453,2697700
12454,3030200
12455,2903600
12456,3195800
12457,2997200
12458,3397200
12459,2932100
12460,2925800
12461,3345500
12462,2800100
12463,3815800
12464,2479000
12465,2789200
12466,3114800
12467,2881500
12468,3028900
12469,3232600
12470,2937800
12471,3037500
12472,3071400
12473,2686500
12474,3219200
12475,2925700
12476,2868900
12477,2973000
12478,3108400
12479,2864500
12480,3358800
12481,2798500
12482,3021600
12483,2860000
12484,3150500
12485,3145400
12486,2957500
12487,3237700
12488,2502400
12489,2938300
12490,3101000
12491,3125800
12492,3493100
12493,2364200
12494,2809300
12495,2957000
12496,3271400
12497,2933900
12498,3097100
12499,2433500
12500,2801900
12501,3090700
12502,3176600
12503,3083700
12504,2870400
12505,2611200
12506,2742200
12507,3367300
12508,2998000
12509,3037400
12510,2678800
12511,2854300
12512,3165200
12513,3248200
12514,3037200
12515,2624800
12516,3062100
12517,2865100
12518,3336400
12519,3210700
12520,2756800
12521,2495800
12522,2775500
12523,2891200
12524,3275200
12525,3479100
12526,3624800
12527,2420400
12528,2284400
12529,3278800
12530,2950000
12531,2830900
12532,2904500
12533,3087400
12534,2845100
12535,3714200
12536,2551700
12537,2651000
12538,2987800
12539,2813300
12540,2886300
12541,3243300
12542,2841700
12543,2754400
12544,2955500
12545,2870500
12546,3293700
12547,3059600
12548,2943000
12549,2777500
12550,2940500
12551,3148200
12552,3041000
12553,3291900
12554,2674100
12555,2803600
12556,3180900
12557,2773700
12558,3194900
12559,3319500
12560,2419300
12561,2917400
12562,2916700
12563,2810900
12564,3097200
12565,2949600
12566,2856600
12567,2937500
12568,2927300
12569,2923400
12570,2964900
12571,2947900
12572,2826100
12573,3777800
12574,4421100
12575,2903600
12576,1908600
12577,2017500
12578,3484400
12579,3706400
12580,3153600
12581,2339300
12582,2056600
12583,3019600
12584,2875300
12585,2955100
12586,2563700
12587,3274300
12588,3087500
12589,3123500
12590,2972300
12591,3320600
12592,3178900
12593,2211600
12594,2932100
12595,2952900
12596,2756600
12597,3083900
12598,3391900
12599,3040300
12600,2672300
12601,3304500
12602,3074300
12603,2392400
12604,3239800
12605,2742100
12606,2864300
12607,3044200
12608,3420900
12609,2676600
12610,3722300
12611,3275500
12612,2892100
12613,1897500
12614,2706600
12615,3944000
12616,2908200
12617,3166700
12618,3244200
12619,2164400
12620,2479700
12621,4044100
12622,3757300
12623,2653100
12624,1978200
12625,2503900
12626,3338700
12627,2916500
12628,3143700
12629,2720900
12630,2373600
12631,3396500
12632,3844700
12633,3959500
12634,2566600
12635,1802200
12636,2371600
12637,4364500
12638,3144100
12639,2644500
12640,2181300
12641,2526100
12642,3327400
12643,3732100
12644,2821200
12645,2038500
12646,2970800
12647,3118900
12648,3794400
12649,3076900
12650,2191700
12651,2818400
12652,2675000
12653,3946600
12654,3322300
12655,2308300
12656,2231200
12657,2890600
12658,4183300
12659,3925800
12660,3301800
12661,2450300
12662,2294400
12663,3139700
12664,4682400
12665,3608900
12666,2006900
12667,1861400
12668,3087800
12669,3544900
12670,3365000
12671,2099700
12672,2882700
12673,2945300
12674,2836700
12675,3335900
12676,3209600
12677,2434500
12678,2844100
12679,3846400
12680,3995800
12681,2818700
12682,2097500
12683,2299400
12684,3594400
12685,3050200
12686,3472800
12687,1923400
12688,2533300
12689,3101900
12690,3670300
12691,3973900
12692,2478100
12693,2361500
12694,2127000
12695,2857600
12696,3028800
12697,4676400
12698,2930800
12699,3318100
12700,4598200
12701,5890400
12702,3732300
12703,2952500
12704,4197000
12705,3888800
12706,2771200
12707,2138900
12708,2442500
12709,2728600
12710,2923200
12711,2712100
12712,2888900
12713,3336600
12714,2711300
12715,3142100
12716,2959300
12717,2868600
12718,3204300
12719,3633100
12720,4751300
12721,3990500
12722,3072900
12723,2695900
12724,3783700
12725,3694800
12726,2563200
12727,2082700
12728,2346500
12729,2733800
12730,2767100
12731,2975000
12732,2659700
12733,2788100
12734,3333100
12735,2934500
12736,2719800
12737,2849000
12738,2709900
12739,3247400
12740,3658600
12741,2575800
12742,2194700
12743,2826300
12744,2872300
12745,3861100
12746,3122000
12747,2357800
12748,2735000
12749,2868800
12750,2862300
12751,3367900
12752,2731900
12753,2902700
12754,2797800
12755,3222200
12756,2862700
12757,3376400
12758,2922000
12759,2908400
12760,3176400
12761,3535500
12762,3398700
12763,2978700
12764,2072500
12765,3063200
12766,3651000
12767,3633300
12768,3103600
12769,1771100
12770,2971700
12771,3418000
12772,2731100
12773,3380100
12774,3233500
12775,2953000
12776,3058300
12777,2936200
12778,3136100
12779,3450700
12780,2924100
12781,3077200
12782,3623700
12783,2811400
12784,2911200
12785,2941500
12786,2992400
12787,3881200
12788,2779900
12789,2783200
12790,3260300
12791,3008500
12792,2888000
12793,2886200
12794,3059900
12795,3379700
12796,3066100
12797,2788300
12798,2901900
12799,2940000
12800,3417400
12801,2881000
12802,3755700
12803,2704200
12804,2325000
12805,3194300
12806,3259200
12807,3328600
12808,3208600
12809,2519500
12810,2724500
12811,3045000
12812,3251300
12813,2840900
12814,2933200
12815,2836800
12816,3059100
12817,3655200
12818,3362900
12819,2770400
12820,2258100
12821,2961900
12822,3107200
12823,3162200
12824,2734600
12825,2877300
12826,2845800
12827,2992500
12828,4034300
12829,2787900
12830,2759000
12831,2382800
12832,2918800
12833,3078400
12834,3044600
12835,2873300
12836,2803600
12837,2876600
12838,2807000
12839,3516600
12840,3114000
12841,2475000
12842,2623300
12843,2857700
12844,3179800
12845,2832700
12846,3148700
12847,2751800
12848,3142800
12849,3230700
12850,3817100
12851,3113800
12852,2088900
12853,2645500
12854,2873600
12855,2817200
12856,3015900
12857,3173000
12858,2812100
12859,2928700
12860,3303000
12861,3175400
12862,2640400
12863,2608900
12864,2868200
12865,3366400
12866,2689100
12867,3036100
12868,3195800
12869,2696000
12870,2815600
12871,3611500
12872,2773400
12873,2464900
12874,2971700
12875,2839200
12876,3398800
12877,3307000
12878,2836000
12879,2132300
12880,3233800
12881,2836700
12882,3755900
12883,2791100
12884,2400800
12885,3054200
12886,3100200
12887,2967800
12888,2903600
12889,2886900
12890,3206500
12891,3095100
12892,4145300
12893,2720300
12894,1942900
12895,2958900
12896,3127200
12897,2975200
12898,2772800
12899,2923500
12900,2997200
12901,3219200
12902,3102500
12903,3459300
12904,2751800
12905,2318700
12906,2804300
12907,3342900
12908,2998200
12909,2766800
12910,2895900
12911,2925700
12912,2911700
12913,3969900
12914,2898600
12915,2377400
12916,2768100
12917,2941000
12918,3284700
12919,2770700
12920,2834100
12921,2900400
12922,2855900
12923,3684100
12924,4151100
12925,3750800
12926,2985500
12927,1909800
12928,2072700
12929,3437400
12930,3034200
12931,2910300
12932,2863800
12933,2790500
12934,4105800
12935,3505700
12936,2703000
12937,2096500
12938,2400200
12939,3007000
12940,3021900
12941,3228800
12942,2880900
12943,2937800
12944,2989000
12945,3645100
12946,3471600
12947,2254600
12948,2244800
12949,3004500
12950,3234500
12951,2708700
12952,3038900
12953,2770700
12954,2884500
12955,3198700
12956,3888600
12957,4227200
12958,2021300
12959,2041400
12960,2755300
12961,2840300
12962,2897200
12963,3164900
12964,2843500
12965,2997800
12966,3620100
12967,3145100
12968,2954300
12969,2047200
12970,2723900
12971,3274300
12972,2656100
12973,2910800
12974,3792800
12975,2677000
12976,2790600
12977,4407800
12978,4927500
12979,3573800
12980,2298900
12981,2094100
12982,2650300
12983,2768800
12984,3189600
12985,3016600
12986,3341000
12987,4359800
12988,4190200
12989,3575100
12990,3015300
12991,2255200
12992,2281900
12993,3145800
12994,2612300
12995,2858100
12996,3080800
12997,3954700
12998,3099300
12999,2578800
13000,2336300
13001,3044500
13002,2715900
13003,3262300
13004,2439600
13005,2886600
13006,3163700
13007,3350800
13008,4606200
13009,3909500
13010,2286100
13011,3028600
13012,2300700
13013,2840000
13014,2715900
13015,2818600
13016,2859400
13017,3372200
13018,3451100
13019,3216700
13020,2009800
13021,2602700
13022,3158500
13023,3091000
13024,2810600
13025,2858300
13026,2823200
13027,2907500
13028,3617100
13029,3274100
13030,3043900
13031,1974900
13032,2792600
13033,3061100
13034,3052100
13035,3155200
13036,2834100
13037,2881000
13038,3295700
13039,3927900
13040,3410000
13041,2235800
13042,2275200
13043,2829000
13044,3512000
13045,3526000
13046,2872700
13047,2161500
13048,2740100
13049,3332100
13050,3560800
13051,3769300
13052,2053200
13053,2333400
13054,3016700
13055,3073800
13056,3059800
13057,2858000
13058,2822700
13059,2666600
13060,3773400
13061,3455000
13062,2820700
13063,1983800
13064,2906100
13065,3063200
13066,2763700
13067,2942400
13068,3266100
13069,2643300
13070,3312300
13071,3609300
13072,3146100
13073,3049000
13074,2109800
13075,3104400
13076,2655700
13077,2829700
13078,2908800
13079,3491700
13080,3202200
13081,7182000
13082,3587200
13083,3391200
13084,4396600
13085,4298300
13086,4145700
13087,3691500
13088,4309800
13089,3672400
13090,3883000
13091,4377900
13092,4221500
13093,3333700
13094,2157900
13095,1961500
13096,2721300
13097,3860700
13098,3274400
13099,2527700
13100,2124700
13101,2859200
13102,3421100
13103,2620400
13104,2708900
13105,2762700
13106,2861000
13107,2759300
13108,4266600
13109,2809800
13110,2161600
13111,2413600
13112,2914800
13113,3062200
13114,3173500
13115,2786300
13116,2999800
13117,2866400
13118,2936400
13119,3922200
13120,2991400
13121,2472100
13122,2784900
13123,2980800
13124,3170400
13125,3298000
13126,2872400
13127,2980200
13128,2988600
13129,3542500
13130,3171400
13131,2956500
13132,2744000
13133,2938800
13134,3366900
13135,3532600
13136,3085700
13137,2477000
13138,2992800
13139,3413200
13140,3438700
13141,3189000
13142,2630500
13143,2946000
13144,3376300
13145,2913100
13146,3005100
13147,3349900
13148,2946600
13149,3178900
13150,3446700
13151,2997200
13152,2827200
13153,2916300
13154,2990600
13155,3779400
13156,2698600
13157,2556300
13158,3480100
13159,2964300
13160,3699400
13161,2742300
13162,2480900
13163,3412500
13164,2961700
13165,2891900
13166,2992000
13167,2955800
13168,2948100
13169,3332500
13170,3225300
13171,3625300
13172,3112400
13173,2081000
13174,3382700
13175,3155600
13176,3435000
13177,2928700
13178,2228000
13179,3265900
13180,3506700
13181,3343900
13182,2876700
13183,2426400
13184,3015400
13185,3239300
13186,2891600
13187,2892800
13188,2894800
13189,2888000
13190,3045500
13191,4037700
13192,2754900
13193,2244000
13194,2784200
13195,2929100
13196,3777300
13197,3292700
13198,2446400
13199,2562000
13200,2891000
13201,3315400
13202,4018200
13203,3791500
13204,2517800
13205,2018000
13206,2023000
13207,3435000
13208,2637900
13209,2953600
13210,2745000
13211,2809700
13212,3435900
13213,3866500
13214,2686400
13215,2057700
13216,2784900
13217,3131300
13218,4601800
13219,3354500
13220,2476500
13221,2136100
13222,2365800
13223,2912700
13224,3329400
13225,2723100
13226,2847300
13227,2805700
13228,2924700
13229,2895300
13230,3274400
13231,2749700
13232,2875500
13233,2800300
13234,3524500
13235,3728100
13236,3059200
13237,1869400
13238,2498500
13239,2967800
13240,3747500
13241,3572100
13242,2544700
13243,1881200
13244,2772300
13245,3110300
13246,2645600
13247,3636100
13248,2437900
13249,2810800
13250,2867200
13251,2733000
13252,3199100
13253,3258100
13254,2734100
13255,2851300
13256,3733400
13257,2865900
13258,2319900
13259,3243800
13260,2773600
13261,3442900
13262,2934000
13263,2635100
13264,3024500
13265,2838100
13266,2909000
13267,2828400
13268,2899900
13269,3164000
13270,3011100
13271,2946400
13272,2848600
13273,3082400
13274,2932900
13275,3315900
13276,2846100
13277,3293200
13278,3081900
13279,2585400
13280,2803400
13281,3229800
13282,3238100
13283,2758700
13284,2739000
13285,2809400
13286,3461200
13287,2867100
13288,3544800
13289,2889300
13290,2380200
13291,3205900
13292,3127400
13293,3178900
13294,2976400
13295,2629200
13296,2651100
13297,2961400
13298,3595600
13299,3533300
13300,2774700
13301,2086500
13302,2905900
13303,3213800
13304,2929000
13305,2806200
13306,2822800
13307,2960200
13308,3143600
13309,3145100
13310,2742600
13311,2875700
13312,3142000
13313,2909300
13314,3734000
13315,3607300
13316,3098500
13317,3210400
13318,2427400
13319,2055200
13320,3657900
13321,2758500
13322,2176600
13323,2842000
13324,2894400
13325,3946300
13326,3077100
13327,2847200
13328,2420900
13329,2886000
13330,3007600
13331,3226900
13332,2810200
13333,3063400
13334,2753100
13335,2896700
13336,3913600
13337,2736300
13338,2216300
13339,2879100
13340,3060600
13341,3509200
13342,3017700
13343,2285800
13344,2896200
13345,2772900
13346,3759000
13347,3581700
13348,2412100
13349,2401500
13350,2874900
13351,2937500
13352,2787200
13353,3040600
13354,3110100
13355,2731200
13356,2872800
13357,3672500
13358,2912700
13359,2276400
13360,3142800
13361,2897000
13362,3291700
13363,2993500
13364,2767500
13365,2826700
13366,2734400
13367,3303200
13368,2701800
13369,2900000
13370,3022200
13371,3066200
13372,2803000
13373,2878600
13374,2825000
13375,2926800
13376,2968300
13377,3080400
13378,3193900
13379,3085800
13380,2761300
13381,2466500
13382,3502300
13383,2966100
13384,3314800
13385,2579300
13386,2427900
13387,2912700
13388,3185300
13389,4278900
13390,4077000
13391,3268400
13392,2459500
13393,2510900
13394,2292600
13395,2962400
13396,2886600
13397,2963400
13398,3193800
13399,4184500
13400,3265700
13401,2695300
13402,2048000
13403,3393900
13404,3012900
13405,2785500
13406,2916200
13407,3022500
13408,2875900
13409,3353900
13410,3375700
13411,2711700
13412,2392500
13413,4076200
13414,3375700
13415,2132700
13416,2445800
13417,2941400
13418,2875900
13419,2903500
13420,4059800
13421,2784300
13422,2385200
13423,2769800
13424,3026700
13425,2829300
13426,3382100
13427,2759900
13428,2864900
13429,2941700
13430,3060100
13431,3685200
13432,3150000
13433,2533300
13434,2930300
13435,2952900
13436,2811800
13437,3085600
13438,3077800
13439,2878600
13440,3165500
13441,3624300
13442,3125800
13443,2439200
13444,2612500
13445,2938400
13446,3175300
13447,2898100
13448,3004000
13449,3119800
13450,2895500
13451,3266500
13452,3043900
13453,2726500
13454,2995700
13455,2825900
13456,3078500
13457,2761800
13458,2855800
13459,3096800
13460,3148800
13461,3311100
13462,3938100
13463,2970000
13464,1878100
13465,2784400
13466,3382200
13467,3410000
13468,2720400
13469,2241300
13470,3139400
13471,3253500
13472,3581400
13473,2658700
13474,2608800
13475,2731500
13476,3152500
13477,3228100
13478,2714500
13479,2934100
13480,2928100
13481,3227400
13482,3419300
13483,3440400
13484,2678500
13485,2362000
13486,2857000
13487,3140000
13488,3743400
13489,2726900
13490,2608700
13491,2693900
13492,2956000
13493,3398400
13494,2795700
13495,2972900
13496,2830400
13497,3112000
13498,3619900
13499,2568300
13500,2801600
13501,3150400
13502,2957900
13503,2915000
13504,4549300
13505,2979800
13506,1916100
13507,2677400
13508,2927700
13509,3305800
13510,4077600
13511,2300000
13512,2706600
13513,2996800
13514,2978300
13515,3089200
13516,3268000
13517,2937000
13518,2847300
13519,3254800
13520,2844500
13521,3195000
13522,2814000
13523,2845500
13524,2950500
13525,3787400
13526,3329800
13527,2233600
13528,2704300
13529,2910200
13530,3318400
13531,3543000
13532,3100000
13533,2047800
13534,2830400
13535,3334900
13536,2744100
13537,2968600
13538,3285700
13539,2808200
13540,3027300
13541,2766600
13542,2890100
13543,3582600
13544,2733700
13545,2907200
13546,3795000
13547,3393100
13548,4006400
13549,2269500
13550,1967700
13551,2865100
13552,2959800
13553,2590600
13554,3229700
13555,2885600
13556,3153400
13557,3140900
13558,2362800
13559,2952300
13560,3194400
13561,2748900
13562,2883400
13563,2937000
13564,2755600
13565,3061000
13566,3175200
13567,3033200
13568,3167600
13569,2648600
13570,2482400
13571,3335600
13572,3160900
13573,3296300
13574,2701000
13575,2180600
13576,2846600
13577,3333100
13578,2864200
13579,2712200
13580,2844100
13581,2867200
13582,2971900
13583,3799700
13584,2411600
13585,3071700
13586,2723300
13587,2925100
13588,2904600
13589,4113600
13590,2634200
13591,2169700
13592,3489500
13593,2266300
13594,4074600
13595,2817600
13596,2440800
13597,2617400
13598,2851800
13599,3251500
13600,3023300
13601,2768600
13602,2802600
13603,2868200
13604,2932400
13605,3231800
13606,2925600
13607,2746300
13608,2871900
13609,2871500
13610,3485700
13611,3476600
13612,2583300
13613,2383600
13614,2915400
13615,3360900
13616,3903300
13617,2820200
13618,2285000
13619,2854500
13620,2890800
13621,3358000
13622,3022600
13623,2685100
13624,2897800
13625,2851000
13626,3368600
13627,2616500
13628,3141200
13629,2729300
13630,3133800
13631,2973500
13632,4064900
13633,3071200
13634,1781800
13635,3010900
13636,2762000
13637,3883900
13638,3146000
13639,2297200
13640,2604400
13641,2941000
13642,2842000
13643,2859500
13644,3243800
13645,3201100
13646,2796200
13647,2956000
13648,2837300
13649,2972400
13650,3258200
13651,2821000
13652,3202900
13653,3813700
13654,3243300
13655,2722500
13656,2265200
13657,2619700
13658,3503500
13659,2730900
13660,3375600
13661,1968000
13662,3131500
13663,3465600
13664,3244700
13665,2607400
13666,2552100
13667,3279300
13668,2863000
13669,2796300
13670,2890800
13671,2840300
13672,3070600
13673,3091300
13674,3598000
13675,2655300
13676,2255800
13677,2963300
13678,3261300
13679,3117100
13680,3121400
13681,2495900
13682,2614000
13683,3014600
13684,3296200
13685,2926300
13686,2810300
13687,2902600
13688,2861800
13689,2952900
13690,3213200
13691,2826500
13692,2742300
13693,2897900
13694,2796300
13695,3651700
13696,3420100
13697,2623300
13698,2349500
13699,2840000
13700,2840300
13701,4114700
13702,3227200
13703,2178200
13704,2291600
13705,3133500
13706,3136300
13707,3568000
13708,2622100
13709,2533000
13710,2813500
13711,2869700
13712,3337400
13713,2724100
13714,2860800
13715,2905500
13716,2804000
13717,3693500
13718,3131700
13719,2522100
13720,2710100
13721,2876400
13722,3093600
13723,2867200
13724,3105900
13725,3128400
13726,2802300
13727,3142600
13728,4267800
13729,4428400
13730,2229100
13731,1872400
13732,2258400
13733,2887600
13734,2979100
13735,3115500
13736,2875800
13737,2821300
13738,3435800
13739,3059600
13740,3489200
13741,2517200
13742,2738600
13743,2916100
13744,2815500
13745,3012500
13746,3532900
13747,2489300
13748,3156600
13749,3305600
13750,2593700
13751,2505800
13752,3270600
13753,2834000
13754,2974800
13755,2852600
13756,2889800
13757,3364700
13758,2866700
13759,3369900
13760,2996000
13761,2692100
13762,2788700
13763,3036800
13764,3740800
13765,2343300
13766,2819100
13767,2934100
13768,3448900
13769,2992400
13770,3474400
13771,2632000
13772,2457300
13773,3066100
13774,3162000
13775,2913800
13776,2858800
13777,2931000
13778,2925500
13779,3132000
13780,3940400
13781,2780200
13782,2238700
13783,2874600
13784,3315700
13785,3222400
13786,2799200
13787,2934300
13788,2888600
13789,2892000
13790,3354700
13791,3564800
13792,2507200
13793,2602000
13794,2952500
13795,3039500
13796,3464200
13797,2796600
13798,3295100
13799,2680000
13800,3264300
13801,4019000
13802,3037600
13803,1972200
13804,2839200
13805,2892600
13806,4004300
13807,3220300
13808,2104400
13809,2655800
13810,2902100
13811,3115600
13812,3503500
13813,3112900
13814,2281300
13815,2911400
13816,2889600
13817,2986700
13818,3208600
13819,3260100
13820,3030800
13821,2714700
13822,3971500
13823,4670200
13824,3797000
13825,2579000
13826,2609600
13827,2567000
13828,2570500
13829,3113700
13830,2749200
13831,3313000
13832,3187000
13833,4635900
13834,4095100
13835,2544600
13836,2560600
13837,2281700
13838,2310600
13839,3026500
13840,3552900
13841,3087300
13842,3457900
13843,4575300
13844,3756600
13845,2367200
13846,2170300
13847,2765100
13848,3179300
13849,5520600
13850,3574000
13851,4131300
13852,5350000
13853,5106900
13854,3499900
13855,2967600
13856,2473500
13857,2355900
13858,2830500
13859,2962900
13860,3114300
13861,5315500
13862,4719600
13863,3111000
13864,2682800
13865,3082200
13866,3060400
13867,3062300
13868,3481500
13869,3478800
13870,4743900
13871,4283200
13872,2828200
13873,3265100
13874,2523400
13875,2584500
13876,2496400
13877,3022700
13878,3233300
13879,4696700
13880,4919600
13881,4299000
13882,4378400
13883,4644000
13884,4350000
13885,2664700
13886,2377900
13887,2711400
13888,3119400
13889,3194900
13890,2843200
13891,1945400
13892,2149500
13893,3521500
13894,2937800
13895,2551300
13896,2564000
13897,2739600
13898,3316100
13899,4425800
13900,3997300
13901,2978300
13902,2603300
13903,3838200
13904,3910900
13905,2981400
13906,1963100
13907,2099300
13908,2536500
13909,3153500
13910,2810800
13911,2819300
13912,2706600
13913,3755400
13914,4275400
13915,2842200
13916,1731900
13917,2099300
13918,2956300
13919,2841700
13920,2930000
13921,3034500
13922,2769500
13923,3157500
13924,3958700
13925,3074000
13926,2663300
13927,2238200
13928,2827900
13929,2931400
13930,2889400
13931,2797500
13932,3310200
13933,2866300
13934,2790000
13935,3949600
13936,2704000
13937,2399600
13938,3215800
13939,2814400
13940,2951200
13941,2974400
13942,3116100
13943,3470200
13944,2864400
13945,3387700
13946,3181900
13947,2446500
13948,2818600
13949,3195500
13950,3566000
13951,3590800
13952,2929600
13953,2163400
13954,3019300
13955,3115100
13956,3512300
13957,2755600
13958,2415600
13959,3256900
13960,3093100
13961,2931100
13962,3301800
13963,2899700
13964,3034800
13965,3398900
13966,3863600
13967,2739500
13968,2331800
13969,3024800
13970,3051600
13971,3449900
13972,2899600
13973,3035800
13974,2986900
13975,3026700
13976,4325500
13977,3693300
13978,2953700
13979,2080000
13980,2093200
13981,3228900
13982,3189600
13983,2889300
13984,2992200
13985,2872200
13986,3033500
13987,4178300
13988,2631000
13989,2202400
13990,2978100
13991,2828600
13992,3230200
13993,2964900
13994,2948700
13995,2882200
13996,3120300
13997,3310300
13998,4168200
13999,2765300
14000,1827000
14001,2769700
14002,2973700
14003,2899400
14004,3194700
14005,2776400
14006,2913100
14007,2770400
14008,3647900
14009,3143200
14010,2378100
14011,2852200
14012,2711900
14013,3109200
14014,2738600
14015,3260300
14016,3305400
14017,2797600
14018,3001100
14019,4363800
14020,4358300
14021,2640800
14022,2062200
14023,2045000
14024,2929400
14025,2848900
14026,3195500
14027,2695800
14028,2842200
14029,3125100
14030,2981700
14031,3192600
14032,2390300
14033,2727500
14034,2867900
14035,2842400
14036,3101000
14037,2946000
14038,3109500
14039,2742200
14040,3746300
14041,2571500
14042,2274900
14043,3276300
14044,2808700
14045,2872500
14046,2902300
14047,2719000
14048,3202400
14049,3049000
14050,3028700
14051,3713100
14052,2644700
14053,2220400
14054,2934900
14055,3216400
14056,3172300
14057,2938800
14058,2805400
14059,2669700
14060,3034900
14061,3532000
14062,3416700
14063,2858000
14064,2170900
14065,2680300
14066,3999400
14067,3425800
14068,3488900
14069,2383200
14070,1877000
14071,2796300
14072,3956300
14073,2766500
14074,2250100
14075,2713300
14076,2977300
14077,3707200
14078,3101000
14079,2533800
14080,2465900
14081,2926100
14082,3004300
14083,4140400
14084,2874800
14085,1955000
14086,3166200
14087,2879500
14088,3365500
14089,2792000
14090,2952000
14091,2898300
14092,2874000
14093,3128900
14094,3778300
14095,2511900
14096,2513700
14097,2888700
14098,2984500
14099,2863000
14100,3206200
14101,2890500
14102,2876200
14103,2949600
14104,2944000
14105,3195600
14106,3165700
14107,2796800
14108,2961500
14109,3389200
14110,3117100
14111,2860800
14112,2564100
14113,2808400
14114,3169700
14115,3257500
14116,2773900
14117,2777600
14118,2763700
14119,3082400
14120,2715700
14121,3029600
14122,3149300
14123,2847700
14124,2888400
14125,3718100
14126,2742500
14127,2502500
14128,3232000
14129,2674300
14130,3035400
14131,3188400
14132,2739300
14133,3333000
14134,2820200
14135,3547800
14136,2787700
14137,2487000
14138,3021400
14139,3146200
14140,2877100
14141,2814100
14142,2914400
14143,2899500
14144,3424200
14145,3284800
14146,3448900
14147,2555300
14148,2386700
14149,3081600
14150,3233700
14151,2952000
14152,2948500
14153,2986100
14154,2907600
14155,3195300
14156,3925100
14157,2782400
14158,2343600
14159,2944500
14160,3379300
14161,3178600
14162,2734900
14163,3005200
14164,2933300
14165,3230000
14166,4446300
14167,2889200
14168,2257200
14169,2892000
14170,2973800
14171,3510200
14172,3893900
14173,2492600
14174,2622700
14175,3044800
14176,3290100
14177,3328500
14178,3150100
14179,2459700
14180,3022200
14181,3182900
14182,2814100
14183,3251900
14184,3193400
14185,2894200
14186,3176900
14187,3868200
14188,3050500
14189,2130500
14190,2927400
14191,2886100
14192,3032400
14193,3012200
14194,3219100
14195,2830400
14196,2940100
14197,3345500
14198,3422400
14199,3061800
14200,2560700
14201,2911300
14202,3089500
14203,2697400
14204,3258200
14205,3288600
14206,2744000
14207,3018000
14208,3533900
14209,2784000
14210,2411200
14211,3101300
14212,2819500
14213,3075500
14214,2745300
14215,3131600
14216,3036200
14217,2743000
14218,3701600
14219,2905000
14220,2400900
14221,2877100
14222,3102800
14223,3111600
14224,3222400
14225,2509800
14226,2886200
14227,3054600
14228,2878600
14229,3828400
14230,3029300
14231,2218600
14232,2197100
14233,3444900
14234,3063200
14235,2668600
14236,2776800
14237,2852000
14238,2982800
14239,3238800
14240,2761500
14241,2810300
14242,2896000
14243,2817000
14244,3247500
14245,4086400
14246,3797600
14247,2258600
14248,1735600
14249,2523500
14250,3268400
14251,2717100
14252,2857300
14253,2889700
14254,2797900
14255,3290000
14256,3549900
14257,2570900
14258,2523600
14259,3465800
14260,2684300
14261,3212500
14262,2768100
14263,2911700
14264,2928900
14265,2851100
14266,3874600
14267,2811600
14268,2463800
14269,2768200
14270,2965600
14271,2891700
14272,3376000
14273,2831400
14274,2890000
14275,2930000
14276,3190300
14277,3584300
14278,2777100
14279,2736500
14280,2730700
14281,3004000
14282,2786300
14283,3056500
14284,3105700
14285,2909000
14286,2928900
14287,3841000
14288,3358900
14289,2803900
14290,1877600
14291,2839300
14292,3031200
14293,3209500
14294,2728500
14295,3127100
14296,2768300
14297,2872400
14298,2930800
14299,3107900
14300,3341600
14301,2801300
14302,2894500
14303,3951500
14304,2782200
14305,2299300
14306,2959900
14307,2784200
14308,2938100
14309,2909100
14310,2848500
14311,3153700
14312,3194400
14313,3044400
14314,4336400
14315,3083300
14316,2469300
14317,2279300
14318,2676200
14319,2930600
14320,2884000
14321,2835300
14322,3160600
14323,2983600
14324,2932300
14325,2921200
14326,2849800
14327,3307600
14328,2852900
14329,3036100
14330,3731200
14331,2671600
14332,2123400
14333,3035300
14334,3296300
14335,2796600
14336,2942700
14337,2836200
14338,3169700
14339,2984700
14340,3759100
14341,2916300
14342,2520900
14343,2675800
14344,2955500
14345,3390300
14346,2815700
14347,2931100
14348,2803300
14349,2917200
14350,3169900
14351,4193400
14352,3137900
14353,2042700
14354,2809400
14355,2874200
14356,3409100
14357,2825700
14358,2927800
14359,2800900
14360,2974900
14361,3924500
14362,2259200
14363,2873700
14364,2901300
14365,2841200
14366,2886200
14367,3155400
14368,3327900
14369,2845400
14370,2841800
14371,2878300
14372,3769000
14373,3186800
14374,2254400
14375,2736300
14376,2924700
14377,3166900
14378,3587500
14379,3002200
14380,2134900
14381,2893200
14382,2934900
14383,2815000
14384,3419300
14385,2866800
14386,2786900
14387,2915300
14388,3032600
14389,2761100
14390,3292300
14391,2744500
14392,2913000
14393,3369900
14394,2932700
14395,3658900
14396,2358600
14397,2839900
14398,3008500
14399,2848700
14400,2752300
14401,2996500
14402,3142700
14403,2910800
14404,2958800
14405,2716300
14406,3280700
14407,2951000
14408,2954700
14409,2873700
14410,2790800
14411,2840900
14412,3075700
14413,3094900
14414,2816600
14415,2885000
14416,2830800
14417,2904000
14418,3336200
14419,2743700
14420,2912400
14421,2866300
14422,2827500
14423,3188800
14424,3279300
14425,2724200
14426,2835400
14427,2856200
14428,3144800
14429,4180000
14430,1995900
14431,2803700
14432,2864800
14433,2837900
14434,2923000
14435,3346800
14436,2695100
14437,2901900
14438,2868900
14439,2818000
14440,2990400
14441,3232800
14442,2776500
14443,2861900
14444,2878200
14445,2847200
14446,3310300
14447,2851200
14448,3091800
14449,2864900
14450,2880900
14451,3016200
14452,3281600
14453,2714200
14454,2876300
14455,2831300
14456,2900900
14457,3179500
14458,3242400
14459,2801800
14460,2856200
14461,2920700
14462,2950400
14463,3872300
14464,2321500
14465,2868900
14466,2905000
14467,3046600
14468,3282100
14469,3042900
14470,2798300
14471,2958200
14472,2834800
14473,2947700
14474,3027600
14475,3208800
14476,2869400
14477,2899700
14478,3039300
14479,2840900
14480,3365200
14481,2768300
14482,2935900
14483,3022500
14484,2820300
14485,3198500
14486,3214300
14487,2933400
14488,3145200
14489,3001800
14490,3024100
14491,3334600
14492,2964500
14493,2936500
14494,2937100
14495,2902600
14496,3333900
14497,4014300
14498,2239600
14499,3073900
14500,2924700
14501,3242700
14502,3493300
14503,2784600
14504,3165700
14505,2928600
14506,2947500
14507,3639000
14508,2854700
14509,3065200
14510,2950000
14511,3010600
14512,3078500
14513,3359300
14514,2992200
14515,2834600
14516,2973700
14517,3006500
14518,3448400
14519,2990600
14520,2815700
14521,3260200
14522,2945500
14523,3014600
14524,3463000
14525,2725700
14526,2966600
14527,2903900
14528,2957600
14529,3560300
14530,3099700
14531,2491200
14532,2874600
14533,2952200
14534,3130000
14535,3347600
14536,3082700
14537,2835800
14538,2906300
14539,2903000
14540,3371900
14541,2718900
14542,2868000
14543,2933700
14544,2870900
14545,3102100
14546,3045400
14547,2843000
14548,2840400
14549,2907100
14550,3063400
14551,3048000
14552,2903500
14553,2802400
14554,2853200
14555,2868000
14556,2867000
14557,3348200
14558,2698400
14559,2829500
14560,2888000
14561,3111800
14562,3075000
14563,3039200
14564,3235400
14565,2378000
14566,3424300
14567,3092800
14568,3409400
14569,2432000
14570,2664400
14571,2679000
14572,2835100
14573,2794700
14574,3313100
14575,2703500
14576,2902100
14577,2894600
14578,2757500
14579,2967100
14580,3207900
14581,2701600
14582,2904400
14583,2815600
14584,2876600
14585,2953300
14586,3227600
14587,2748100
14588,3008700
14589,2732200
14590,2849100
14591,3320200
14592,2762800
14593,3090800
14594,2831600
14595,2738400
14596,3281600
14597,3307300
14598,2828000
14599,3297500
14600,2456200
14601,2929500
14602,2987900
14603,3241800
14604,2920300
14605,2832800
14606,2883800
14607,2917200
14608,3551500
14609,3012200
14610,2687100
14611,2938800
14612,2870200
14613,3182400
14614,3107700
14615,2803300
14616,3148100
14617,2902700
14618,2960400
14619,3417500
14620,2794700
14621,2857700
14622,2953900
14623,2899900
14624,3141300
14625,3406600
14626,2630300
14627,2774700
14628,2895900
14629,2949000
14630,3164900
14631,3363400
14632,2836700
14633,3329800
14634,2454600
14635,3200000
14636,3785000
14637,2621200
14638,2372200
14639,2954100
14640,3500800
14641,3603300
14642,2863000
14643,2149400
14644,2816700
14645,2951900
14646,3655400
14647,3339300
14648,2327000
14649,2746600
14650,2906200
14651,3458200
14652,2696100
14653,3325400
14654,2534100
14655,2808600
14656,3424600
14657,2623200
14658,3360600
14659,2799200
14660,2827900
14661,2914000
14662,3005900
14663,2908300
14664,3104600
14665,2785300
14666,2978100
14667,3402200
14668,2278000
14669,3102800
14670,3077300
14671,3053000
14672,3095900
14673,2712100
14674,2803200
14675,3260600
14676,2844300
14677,3113800
14678,2650300
14679,2786500
14680,2984800
14681,3176700
14682,2841200
14683,3023800
14684,2745400
14685,2802900
14686,3096800
14687,3033200
14688,2984900
14689,2881600
14690,2851400
14691,3045300
14692,3270000
14693,2876400
14694,2773400
14695,2815700
14696,2845800
14697,3054600
14698,3140000
14699,2835700
14700,2845200
14701,2766300
14702,3299700
14703,2533700
14704,3415700
14705,2630900
14706,3222200
14707,2708200
14708,2907900
14709,3420300
14710,2658300
14711,2845300
14712,2930600
14713,2757800
14714,3020400
14715,3248500
14716,2761200
14717,2854200
14718,2820600
14719,2839500
14720,3744500
14721,2674000
14722,2739800
14723,2951900
14724,2749600
14725,3196300
14726,3284400
14727,2780500
14728,2941000
14729,2752800
14730,2996600
14731,3426400
14732,3109000
14733,2716300
14734,2705500
14735,2929900
14736,3331800
14737,2501600
14738,3125600
14739,2873800
14740,2813100
14741,3108500
14742,2753200
14743,3259400
14744,2907000
14745,2837300
14746,2757400
14747,2906900
14748,3117200
14749,3051500
14750,2865800
14751,3107300
14752,2912900
14753,2831700
14754,3434900
14755,2778600
14756,2944700
14757,2854300
14758,2822900
14759,3127000
14760,3048200
14761,2908900
14762,3009400
14763,2719400
14764,2867200
14765,3100800
14766,3383500
14767,2730100
14768,2924800
14769,2784200
14770,3364800
14771,2918200
14772,2850000
14773,2848600
14774,2815500
14775,2884000
14776,3123600
14777,3142300
14778,2896800
14779,2795700
14780,2861100
14781,2876200
14782,3365300
14783,3224300
14784,2690800
14785,2843300
14786,3114000
14787,3136400
14788,3203900
14789,2826800
14790,2793900
14791,2823900
14792,2936500
14793,3162700
14794,3279100
14795,2820600
14796,2781900
14797,2932700
14798,2850200
14799,3576800
14800,2607000
14801,3170900
14802,2798000
14803,2906400
14804,3781200
14805,2450600
14806,2770400
14807,2948400
14808,2803600
14809,3179500
14810,3203100
14811,2798200
14812,2841000
14813,2940500
14814,2852900
14815,3050000
14816,3220600
14817,2851000
14818,2859200
14819,2929400
14820,2992600
14821,3163300
14822,3135000
14823,2853600
14824,3030800
14825,3257900
14826,3013700
14827,3462800
14828,2793700
14829,2972100
14830,2957200
14831,2927900
14832,3506200
14833,2806500
14834,3023900
14835,3034900
14836,2897100
14837,3370800
14838,3561700
14839,2478200
14840,3310400
14841,2901000
14842,3090000
14843,3021200
14844,3307300
14845,2945200
14846,2973900
14847,3019500
14848,3088900
14849,3294000
14850,3099400
14851,2745100
14852,3111300
14853,2922300
14854,2966600
14855,3501200
14856,2889500
14857,2894800
14858,2967500
14859,3320200
14860,3483500
14861,2803100
14862,2987500
14863,2822100
14864,3076600
14865,3619700
14866,2808600
14867,2990100
14868,2907400
14869,2978500
14870,3545900
14871,3488500
14872,2266200
14873,2904100
14874,3232800
14875,2956100
14876,3328400
14877,2804200
14878,2888400
14879,2940100
14880,3118000
14881,2853500
14882,3179700
14883,2954600
14884,2798100
14885,2934600
14886,2952100
14887,3372700
14888,2775400
14889,2856900
14890,2872400
14891,3097600
14892,3013300
14893,3308600
14894,2869000
14895,2798900
14896,3026900
14897,2794600
14898,3128100
14899,3195200
14900,2950700
14901,2856300
14902,2823500
14903,2968900
14904,3195900
14905,3250400
14906,2674400
14907,3288200
14908,2925100
14909,2648600
14910,2943600
14911,2725000
14912,2868400
14913,2802900
14914,2847300
14915,3340900
14916,2932700
14917,2794300
14918,2778200
14919,2866600
14920,3037400
14921,3180600
14922,2965000
14923,2649300
14924,2846700
14925,2954600
14926,2875800
14927,3221500
14928,3100500
14929,2614800
14930,2813700
14931,2867800
14932,2966500
14933,3613400
14934,2718400
14935,2801700
14936,2836800
14937,3100000
14938,3360100
14939,2617200
14940,3325600
14941,2450300
14942,2864600
14943,2927100
14944,3501200
14945,2670800
14946,2812200
14947,2829100
14948,2860000
14949,3561400
14950,2633000
14951,2842400
14952,2829500
14953,3188200
14954,2843000
14955,3316400
14956,2727600
14957,2833200
14958,2935100
14959,2850500
14960,3116700
14961,3090400
14962,2762700
14963,2897400
14964,2788700
14965,3209100
14966,2898900
14967,2989000
14968,2872400
14969,2839500
14970,2882000
14971,3288400
14972,2956600
14973,3152700
14974,2812300
14975,2835700
14976,2960400
14977,2883300
14978,3166000
14979,2845800
14980,2905400
14981,2994600
14982,2970400
14983,3077600
14984,2830100
14985,2877500
14986,2869000
14987,3294300
14988,3099900
14989,2895300
14990,2629100
14991,2796200
14992,3015600
14993,3040100
14994,3282400
14995,2763300
14996,2889500
14997,2938200
14998,2797500
14999,3022200
15000,3175700
15001,2820600
15002,2896000
15003,2822200
15004,2964000
15005,2872200
15006,3249900
15007,2779000
15008,3045400
15009,2716100
15010,2915900
15011,3441300
15012,2736000
15013,3313000
15014,2713300
15015,2916700
15016,2901500
15017,3237700
15018,2993400
15019,2714100
15020,2854700
15021,2855100
15022,3045800
15023,3093100
15024,2869200
15025,2936900
15026,2737400
15027,2900600
15028,3578300
15029,2782300
15030,2790500
15031,2866200
15032,2808600
15033,2964900
15034,3382900
15035,2718800
15036,2819500
15037,2951400
15038,2778300
15039,2979800
15040,3284500
15041,2755000
15042,2973900
15043,2790400
15044,2812200
15045,3602400
15046,2656300
15047,2774900
15048,3163400
15049,2863900
15050,3158400
15051,3085100
15052,2822400
15053,2827900
15054,2957700
15055,2806100
15056,3099500
15057,3092200
15058,2787700
15059,3011300
15060,2730500
15061,3100900
15062,3192000
15063,2720100
15064,2877900
15065,2922100
15066,2783200
15067,3180700
15068,3381900
15069,2835000
15070,2790900
15071,2932700
15072,3136300
15073,3056100
15074,3180500
15075,2671900
15076,2839400
15077,2936300
15078,2909800
15079,3098900
15080,2838500
15081,2989000
15082,2768900
15083,3208900
15084,2795800
15085,3322600
15086,2923500
15087,2877000
15088,3165800
15089,2685800
15090,3395700
15091,2762700
15092,2791400
15093,3047700
15094,2756100
15095,2934300
15096,3222200
15097,2918800
15098,2808100
15099,2842500
15100,2869800
15101,3079900
15102,3171200
15103,3083100
15104,2845200
15105,2882200
15106,2829500
15107,3375800
15108,2732400
15109,2941200
15110,2932100
15111,2761700
15112,3211300
15113,2992700
15114,2820800
15115,2893000
15116,2869500
15117,2794700
15118,3450100
15119,2814300
15120,3097400
15121,2714900
15122,2799000
15123,3350900
15124,3147800
15125,2846600
15126,2848200
15127,2851500
15128,2848500
15129,2960400
15130,3148100
15131,2902200
15132,2788900
15133,2918500
15134,2959600
15135,2850100
15136,3244900
15137,2848600
15138,2836900
15139,2888200
15140,3120900
15141,3091700
15142,2915700
15143,3029800
15144,2923500
15145,2930100
15146,3109100
15147,3112300
15148,2938300
15149,2868100
15150,2974000
15151,3002700
15152,3260400
15153,2851700
15154,2834900
15155,2965800
15156,2914800
15157,3264200
15158,3495500
15159,2785500
15160,3010000
15161,2953500
15162,3106600
15163,3192300
15164,2841900
15165,2963600
15166,2922600
15167,2997900
15168,3161000
15169,3388100
15170,2822700
15171,3000500
15172,2980800
15173,3087400
15174,3519600
15175,2871200
15176,3027100
15177,3014900
15178,3054000
15179,2983200
15180,3290600
15181,2989900
15182,3284000
15183,2975500
15184,3144200
15185,3229800
15186,2938800
15187,3002300
15188,2922600
15189,3022500
15190,3542100
15191,2837600
15192,2997500
15193,3173100
15194,2788300
15195,3081000
15196,3263500
15197,3204000
15198,3048700
15199,2777700
15200,3060200
15201,3269200
15202,2969900
15203,2955500
15204,2837300
15205,2982700
15206,3072700
15207,3250700
15208,2922300
15209,2868300
15210,2944600
15211,2898500
15212,3031500
15213,3339700
15214,2739900
15215,2985500
15216,3183700
15217,2987100
15218,3197000
15219,2985200
15220,2777400
15221,2974300
15222,2866100
15223,3382400
15224,2970900
15225,2728700
15226,2829200
15227,2826400
15228,3101100
15229,3448100
15230,2906800
15231,3004700
15232,2809400
15233,2953700
15234,3265900
15235,2883600
15236,2801600
15237,2873100
15238,2818600
15239,2872200
15240,3567000
15241,2784700
15242,2681500
15243,2839500
15244,2847900
15245,3103900
15246,3446000
15247,2612000
15248,2673400
15249,2899400
15250,2846600
15251,3391400
15252,4001100
15253,2425200
15254,2284500
15255,2542900
15256,2835200
15257,3300500
15258,2837700
15259,2768500
15260,2948600
15261,2772500
15262,3461200
15263,3002500
15264,2695100
15265,2971200
15266,2799400
15267,3222800
15268,2767400
15269,3105800
15270,2797700
15271,3143400
15272,2920100
15273,2989800
15274,3150300
15275,2808500
15276,2860900
15277,3348300
15278,2444500
15279,3094700
15280,3048900
15281,2870100
15282,2802800
15283,2935000
15284,2848700
15285,3067100
15286,3082100
15287,2811500
15288,3144500
15289,2688200
15290,2891100
15291,3598800
15292,2730500
15293,2865100
15294,2905900
15295,2898000
15296,2948100
15297,3141300
15298,2803200
15299,2981500
15300,2779500
15301,2989400
15302,3412100
15303,2701700
15304,3319200
15305,2620800
15306,2749100
15307,3247000
15308,2993400
15309,2978300
15310,2667700
15311,3147300
15312,2924500
15313,2926100
15314,3216900
15315,2773400
15316,2879100
15317,2796300
15318,3004500
15319,3393200
15320,3393300
15321,2546300
15322,3007300
15323,2647400
15324,3036000
15325,3124500
15326,2788200
15327,2788200
15328,2923300
15329,2842500
15330,3091300
15331,3340900
15332,2803200
15333,2891800
15334,2939900
15335,2880900
15336,3350500
15337,2681500
15338,2859700
15339,2908000
15340,2844300
15341,3152600
15342,3229100
15343,2781000
15344,2837800
15345,2903400
15346,3185500
15347,3409300
15348,2693200
15349,2886900
15350,2799300
15351,2909900
15352,3126300
15353,3087200
15354,2782900
15355,2827400
15356,2838600
15357,3024100
15358,2897200
15359,3140600
15360,2841800
15361,2847600
15362,2875300
15363,2923900
15364,3327600
15365,2672400
15366,3223300
15367,2736600
15368,3061500
15369,2825800
15370,3245400
15371,2789400
15372,2829300
15373,3127400
15374,2752700
15375,2963800
15376,3186200
15377,2789600
15378,2854700
15379,2966500
15380,2755200
15381,3411900
15382,2753100
15383,2920700
15384,3100500
15385,2759100
15386,3137400
15387,3173000
15388,2852700
15389,2882300
15390,2862300
15391,2860100
15392,2940300
15393,3179700
15394,2841700
15395,2980100
15396,2753800
15397,2965300
15398,3250600
15399,2784000
15400,2983700
15401,2791200
15402,2799500
15403,3241500
15404,3024300
15405,3115200
15406,2978600
15407,2747800
15408,2872200
15409,3311700
15410,2767500
15411,3276500
15412,2959600
15413,2674400
15414,2957900
15415,3211300
15416,2920700
15417,2778000
15418,2776500
15419,2930800
15420,3233800
15421,3274200
15422,2732300
15423,2770800
15424,2955700
15425,2664000
15426,2962300
15427,3238400
15428,2878000
15429,2787400
15430,2929500
15431,2995100
15432,3214300
15433,2748000
15434,2892400
15435,2797700
15436,2917600
15437,2993900
15438,3213300
15439,2818400
15440,2908500
15441,2847100
15442,2865200
15443,3478300
15444,2657300
15445,2853300
15446,3273300
15447,2760900
15448,3120700
15449,3183100
15450,2693600
15451,2899800
15452,2918800
15453,2832900
15454,3224800
15455,3146700
15456,2743900
15457,2972200
15458,2796800
15459,3028000
15460,3273700
15461,3059200
15462,2810600
15463,2898900
15464,2963100
15465,2936200
15466,3101300
15467,2813100
15468,2995900
15469,2837200
15470,2830900
15471,3357700
15472,2790600
15473,2876600
15474,3010400
15475,2741300
15476,3081900
15477,3067700
15478,2807300
15479,2977700
15480,2923500
15481,3201200
15482,2952100
15483,3197400
15484,2966700
15485,2870100
15486,2905700
15487,3076700
15488,3316800
15489,2757200
15490,3119000
15491,2751200
15492,2966600
15493,3000100
15494,3259700
15495,3201100
15496,2850700
15497,2782500
15498,3005900
15499,3310100
15500,3279800
15501,2892500
15502,2880100
15503,2977900
15504,3072600
15505,3196200
15506,3082900
15507,2899900
15508,2929500
15509,3090900
15510,3361700
15511,3077100
15512,3085500
15513,2953400
15514,2930800
15515,3250500
15516,3598600
15517,2700200
15518,2941500
15519,2973100
15520,3420300
15521,3374700
15522,2792800
15523,2980400
15524,2925300
15525,3020500
15526,3381000
15527,3116300
15528,2983100
15529,2906100
15530,2972400
15531,3358500
15532,2985800
15533,2886700
15534,2896500
15535,3012200
15536,3336000
15537,2781000
15538,3101100
15539,3209000
15540,2939700
15541,3098500
15542,2855100
15543,3263700
15544,2824100
15545,3016900
15546,2883800
15547,2906600
15548,3002900
15549,3182300
15550,2842900
15551,2936500
15552,2968100
15553,3097100
15554,3169800
15555,2768800
15556,2883600
15557,3063600
15558,2763100
15559,3814000
15560,2700300
15561,2851600
15562,2963400
15563,2885200
15564,2942100
15565,3253700
15566,2787000
15567,3022900
15568,2969000
15569,2923100
15570,3021200
15571,3163000
15572,2840000
15573,3086600
15574,2622800
15575,2859000
15576,2874800
15577,3218200
15578,3037400
15579,2879000
15580,2602800
15581,2940700
15582,3239200
15583,2883900
15584,3084600
15585,2679300
15586,2748500
15587,3001400
15588,3188300
15589,2733100
15590,2952100
15591,2717200
15592,2878400
15593,3340900
15594,3067300
15595,3230100
15596,2708500
15597,2553400
15598,2834700
15599,3317500
15600,2695300
15601,2926100
15602,2853500
15603,2861500
15604,3315800
15605,2952300
15606,2817700
15607,2790900
15608,2853100
15609,2903600
15610,3034300
15611,3128500
15612,2855000
15613,2769200
15614,3626200
15615,2685900
15616,3162100
15617,2867800
15618,2800600
15619,2916800
15620,3061200
15621,2866000
15622,3180800
15623,2728100
15624,2919000
15625,2906500
15626,2859100
15627,3095100
15628,3169800
15629,3069500
15630,2806600
15631,3009900
15632,3015400
15633,3357100
15634,2773400
15635,2935000
15636,2857100
15637,2873000
15638,2936300
15639,3289000
15640,2771300
15641,3130900
15642,2908600
15643,2754800
15644,3207700
15645,2804800
15646,2833200
15647,3110100
15648,2712900
15649,3251100
15650,3251600
15651,2772000
15652,3063700
15653,2718700
15654,2873800
15655,3277500
15656,2878000
15657,3203900
15658,2954800
15659,2660700
15660,3014600
15661,3096300
15662,2708100
15663,2954600
15664,2779200
15665,2946900
15666,3122000
15667,3042200
15668,2894100
15669,3127000
15670,2775200
15671,2994600
15672,3478300
15673,2956600
15674,2717700
15675,2885300
15676,2900200
15677,3003500
15678,3197900
15679,2822700
15680,2786100
15681,2937600
15682,2862200
15683,3554400
15684,2928300
15685,2646200
15686,2855900
15687,2881500
15688,2965700
15689,3370300
15690,2655600
15691,2801600
15692,2960500
15693,2876700
15694,2902600
15695,3278300
15696,2789300
15697,2828800
15698,2816500
15699,2950400
15700,3298100
15701,2876100
15702,2775800
15703,2822900
15704,2883100
15705,3261800
15706,3006800
15707,2833400
15708,2830500
15709,3119100
15710,2837800
15711,3033100
15712,3306300
15713,2717200
15714,2910500
15715,2794200
15716,2979100
15717,3378200
15718,2702600
15719,2856300
15720,2902200
15721,2973400
15722,2995500
15723,3357900
15724,2890300
15725,2716600
15726,3038700
15727,2676600
15728,3138600
15729,3114400
15730,2704200
15731,2928900
15732,2917100
15733,2786000
15734,3403900
15735,2750900
15736,2782900
15737,3018100
15738,2744000
15739,3336000
15740,2965400
15741,2748900
15742,2939900
15743,2899100
15744,2999800
15745,3149700
15746,3276600
15747,2924200
15748,3123500
15749,2871900
15750,2801200
15751,3127200
15752,2751200
15753,2938800
15754,2728900
15755,2839200
15756,3104700
15757,3111100
15758,3061400
15759,2697800
15760,2888300
15761,2936600
15762,2859500
15763,3291100
15764,3060300
15765,2769100
15766,2765600
15767,2906500
15768,3214100
15769,2879400
15770,2796900
15771,2861600
15772,2867600
15773,3017900
15774,3333700
15775,2730500
15776,2804000
15777,2804100
15778,2909000
15779,3054400
15780,3229100
15781,2673900
15782,2896600
15783,2814700
15784,3289800
15785,3523300
15786,2678000
15787,2826200
15788,2901000
15789,2861000
15790,3157800
15791,3110100
15792,2791300
15793,2831200
15794,2868800
15795,3109700
15796,3122300
15797,2778400
15798,2874900
15799,2855900
15800,2917300
15801,3152400
15802,2977400
15803,2945600
15804,3026100
15805,2894100
15806,3009400
15807,2887700
15808,3248200
15809,2836800
15810,2951500
15811,2966100
15812,2801300
15813,3267400
15814,2921300
15815,2780300
15816,2926500
15817,3131700
15818,3035400
15819,3368500
15820,2885400
15821,2824900
15822,3049400
15823,3176900
15824,3380600
15825,2801700
15826,2976700
15827,2929900
15828,2892900
15829,3120700
15830,3256900
15831,2969800
15832,2912900
15833,2960200
15834,3150400
15835,3267400
15836,2832900
15837,3054700
15838,3246400
15839,2823600
15840,3171300
15841,3244600
15842,2989900
15843,2980600
15844,2960400
15845,3070800
15846,3366500
15847,3048600
15848,2979000
15849,2911500
15850,3014100
15851,3285400
15852,3462000
15853,3051100
15854,2801800
15855,2956700
15856,3232000
15857,3616000
15858,2911900
15859,2935800
15860,2979300
15861,2970500
15862,3476100
15863,2967300
15864,2845400
15865,2976100
15866,2957100
15867,3098100
15868,3368300
15869,2745400
15870,2994100
15871,2902900
15872,3009500
15873,3559500
15874,2662600
15875,2927700
15876,3147200
15877,2983900
15878,3222500
15879,3031500
15880,2863500
15881,2929800
15882,2928400
15883,2916000
15884,3087500
15885,3160900
15886,2788000
15887,2923000
15888,2931300
15889,3343300
15890,2945400
15891,3041200
15892,2880500
15893,2924100
15894,3041300
15895,3433200
15896,2696400
15897,2865200
15898,2872300
15899,2894000
15900,3069200
15901,3031100
15902,2871600
15903,2843400
15904,2878000
15905,2957200
15906,2964800
15907,3146000
15908,2823800
15909,2785600
15910,3033300
15911,2763600
15912,3288500
15913,2881900
15914,2865700
15915,3062400
15916,2953500
15917,2946500
15918,3204000
15919,2699100
15920,2829800
15921,3240900
15922,2692400
15923,2829000
15924,3228400
15925,2678400
15926,3014900
15927,2743800
15928,2836000
15929,3128400
15930,3171800
15931,2948800
15932,2786400
15933,2901500
15934,2866200
15935,3212100
15936,2808000
15937,3225900
15938,3315100
15939,2504400
15940,2722200
15941,3149400
15942,3303200
15943,2519900
15944,2789500
15945,2855100
15946,3473600
15947,2941100
15948,2757900
15949,2935700
15950,3264900
15951,2546600
15952,3319800
15953,2806300
15954,2905300
15955,2914000
15956,2884700
15957,2987100
15958,3366000
15959,2619400
15960,2931100
15961,2912300
15962,2984600
15963,3496500
15964,2665500
15965,2764300
15966,3210200
15967,2896000
15968,3007400
15969,3326000
15970,2783200
15971,2835700
15972,2965700
15973,2907300
15974,3350900
15975,2797900
15976,2912400
15977,2865000
15978,2932400
15979,3287500
15980,3100000
15981,2658700
15982,2935800
15983,2833400
15984,2879600
15985,3148100
15986,3400400
15987,2864900
15988,2855400
15989,2802500
15990,3065000
15991,3344800
15992,2854400
15993,2890900
15994,2825900
15995,3330000
15996,3107000
15997,2854100
15998,2853300
15999,2727800
16000,2818400
16001,3035400
16002,3306100
16003,2777500
16004,2932100
16005,2761400
16006,3249400
16007,3008000
16008,3068300
16009,2892900
16010,2814800
16011,2877700
16012,2895000
16013,2907100
16014,3283000
16015,2714400
16016,2984100
16017,2759600
16018,2955400
16019,3303100
16020,2759800
16021,2849900
16022,2972100
16023,2791100
16024,3088200
16025,3086200
16026,3055700
16027,2867600
16028,2836300
16029,2922000
16030,2993500
16031,3189100
16032,2940800
16033,2836900
16034,2762400
16035,2884400
16036,3263100
16037,2875600
16038,2803300
16039,2791300
16040,2934200
16041,3170200
16042,3436700
16043,2613000
16044,2784800
16045,2929000
16046,3108300
16047,3269900
16048,2941200
16049,2720600
16050,2925800
16051,2847700
16052,3017300
16053,3353500
16054,2612800
16055,2898700
16056,2777000
16057,2925500
16058,3290200
16059,2999100
16060,2714900
16061,3172700
16062,2762700
16063,2949100
16064,3288800
16065,2833000
16066,2742500
16067,2966800
16068,2836700
16069,3073200
16070,3357600
16071,2758600
16072,2869300
16073,2883400
16074,3033000
16075,3006700
16076,3196100
16077,2743300
16078,2833600
16079,2915100
16080,3129200
16081,3348500
16082,2785600
16083,2865700
16084,2823700
16085,3118700
16086,2892400
16087,3165100
16088,2827100
16089,2809800
16090,2892000
16091,2880900
16092,3323500
16093,2839100
16094,2892800
16095,2848800
16096,3019100
16097,2868000
16098,3229400
16099,2767700
16100,2921000
16101,3197800
16102,2835500
16103,2996200
16104,3246900
16105,2739800
16106,2959600
16107,2823400
16108,2940900
16109,3321600
16110,2780200
16111,3036300
16112,2744900
16113,2869500
16114,2920900
16115,3494200
16116,2770500
16117,2976900
16118,2786900
16119,2921000
16120,3082300
16121,3283600
16122,2902800
16123,2782400
16124,2881300
16125,2912500
16126,3308500
16127,2981500
16128,2680400
16129,2899100
16130,2815600
16131,3102500
16132,3282400
16133,2724100
16134,2825200
16135,2883100
16136,2931500
16137,3443400
16138,2749300
16139,2769500
16140,3009000
16141,3125300
16142,3001600
16143,3268300
16144,2825100
16145,2830100
16146,2971700
16147,2819700
16148,3418400
16149,2748500
16150,2934200
16151,2861100
16152,2959300
16153,2902900
16154,3994500
16155,2984700
16156,2905100
16157,2819100
16158,2966900
16159,3348900
16160,2949700
16161,2958000
16162,2877700
16163,2820200
16164,3133300
16165,3325700
16166,2935400
16167,2855600
16168,3124200
16169,2990500
16170,2865200
16171,3502000
16172,2953600
16173,2916300
16174,3249000
16175,2796700
16176,3358900
16177,2924200
16178,2974600
16179,3282300
16180,3062800
16181,3276000
16182,3272300
16183,2931800
16184,3052800
16185,3013200
16186,3117500
16187,3329600
16188,2976700
16189,2973400
16190,3052000
16191,2945900
16192,3351900
16193,2936900
16194,3167300
16195,2976600
16196,2963500
16197,3134400
16198,3340400
16199,2842300
16200,3059000
16201,2985800
16202,3103100
16203,3306000
16204,2764300
16205,3068800
16206,2826300
16207,2968800
16208,3193100
16209,3364500
16210,3079200
16211,2770500
16212,2983300
16213,2958400
16214,3384500
16215,3092100
16216,2722500
16217,2839300
16218,2842300
16219,3168000
16220,3345600
16221,2895300
16222,2891200
16223,2829200
16224,3136500
16225,3171500
16226,3016600
16227,2724800
16228,3208900
16229,2844400
16230,3159900
16231,3156800
16232,2859100
16233,2804800
16234,2840400
16235,2851600
16236,3156000
16237,3019800
16238,2804900
16239,3436000
16240,2848600
16241,3598300
16242,2651400
16243,2829200
16244,5277500
16245,3917300
16246,4478700
16247,3446800
16248,3213100
16249,3040900
16250,3088600
16251,3140900
16252,2298400
16253,1895800
16254,2512100
16255,2852700
16256,2844700
16257,3533900
16258,2927800
16259,2520700
16260,2822700
16261,2913100
16262,2890700
16263,3276900
16264,2625400
16265,2844600
16266,2781200
16267,2870900
16268,2988200
16269,3165800
16270,2722700
16271,2826800
16272,2940400
16273,2915100
16274,2958700
16275,3113600
16276,2789100
16277,2874800
16278,3181900
16279,2854300
16280,3303800
16281,2776500
16282,2773700
16283,2687700
16284,2978300
16285,3444000
16286,2804800
16287,2998400
16288,2913400
16289,2995000
16290,2774600
16291,3207100
16292,3211800
16293,2819500
16294,3083200
16295,2714000
16296,2946400
16297,3324900
16298,2725100
16299,2938200
16300,2828600
16301,2882000
16302,3114700
16303,3403100
16304,2686900
16305,2957200
16306,2812300
16307,3203700
16308,3266200
16309,2819800
16310,2953100
16311,2769800
16312,2890800
16313,3215400
16314,2924300
16315,2874300
16316,3176800
16317,2697300
16318,2785200
16319,3121600
16320,3057100
16321,2896100
16322,3071900
16323,2948400
16324,2918200
16325,3226000
16326,3067300
16327,2967100
16328,2797300
16329,2723300
16330,2991000
16331,3226700
16332,3007000
16333,2709500
16334,2828900
16335,2975100
16336,3271700
16337,3046600
16338,2647800
16339,2809700
16340,2901300
16341,3064500
16342,3396400
16343,2765100
16344,2851700
16345,2922300
16346,2770300
16347,3423700
16348,2820400
16349,2817400
16350,2903000
16351,2843000
16352,2873800
16353,3190000
16354,3023100
16355,2864900
16356,2858100
16357,2892400
16358,3413000
16359,2829500
16360,2767800
16361,2891800
16362,3188900
16363,3063000
16364,3115100
16365,2983500
16366,2763500
16367,2984700
16368,2792800
16369,2910000
16370,3422500
16371,2655600
16372,2949800
16373,2824100
16374,2969900
16375,2919600
16376,3214700
16377,2806400
16378,2916500
16379,2944600
16380,2769400
16381,3158200
16382,3391800
16383,2782000
16384,2922300
16385,2822800
16386,3024800
16387,3212300
16388,2811100
16389,2883800
16390,2975300
16391,2787300
16392,3075000
16393,3133300
16394,2799800
16395,2938000
16396,2750800
16397,2866000
16398,3510300
16399,2661100
16400,3081400
16401,2735200
16402,3076300
16403,3021000
16404,3314800
16405,3026900
16406,2657200
16407,2892900
16408,2852900
16409,3026400
16410,3185200
16411,2962400
16412,2721500
16413,2887400
16414,2935700
16415,3364900
16416,2891300
16417,2958100
16418,2845600
16419,2798500
16420,3055500
16421,3519700
16422,2578500
16423,2777900
16424,2937500
16425,2812700
16426,2920500
16427,3364800
16428,2674500
16429,2834700
16430,2905100
16431,2982100
16432,3412500
16433,2725900
16434,2741500
16435,2855800
16436,2912700
16437,3249300
16438,3195100
16439,2754600
16440,2856800
16441,2879500
16442,2867100
16443,3775200
16444,2577800
16445,2762200
16446,2848200
16447,2817000
16448,3020800
16449,3228500
16450,2722900
16451,2848500
16452,2898100
16453,3170300
16454,2749500
16455,3256500
16456,2656800
16457,3167600
16458,2977200
16459,2796700
16460,3507900
16461,2824300
16462,2803600
16463,2865500
16464,2916800
16465,3026600
16466,3185500
16467,2795200
16468,2897000
16469,3138500
16470,2644400
16471,3075700
16472,3436800
16473,2789100
16474,3006000
16475,2792500
16476,3045700
16477,3391600
16478,2874000
16479,2896600
16480,2906600
16481,2893400
16482,3340700
16483,2869800
16484,2830600
16485,2953700
16486,2914600
16487,3137000
16488,3185400
16489,2902100
16490,3191400
16491,2671600
16492,3187000
16493,3159400
16494,3257300
16495,2936900
16496,2804900
16497,2920800
16498,2989400
16499,3384800
16500,2980700
16501,2831400
16502,3022100
16503,2949200
16504,2980600
16505,3523800
16506,3106800
16507,2864200
16508,2927500
16509,2977200
16510,3472900
16511,2944700
16512,2970600
16513,2993500
16514,3010100
16515,3548800
16516,2914700
16517,2962200
16518,2950300
16519,2995400
16520,3132300
16521,3528100
16522,2904500
16523,3047800
16524,2925600
16525,3128500
16526,3399300
16527,2906100
16528,2889500
16529,2972700
16530,3215400
16531,3114900
16532,3315000
16533,2859900
16534,3046200
16535,3043400
16536,2943300
16537,3483300
16538,3112500
16539,2958000
16540,2794000
16541,3168500
16542,2859300
16543,3201600
16544,2936900
16545,3052300
16546,3243100
16547,2684700
16548,3443800
16549,2880700
16550,3239300
16551,3003800
16552,2763900
16553,3224800
16554,3124700
16555,2766400
16556,2970200
16557,2889700
16558,2891300
16559,3314500
16560,2873300
16561,2977300
16562,2978100
16563,2898800
16564,3266900
16565,3189000
16566,2823700
16567,2964800
16568,2789700
16569,2908100
16570,3269300
16571,2846200
16572,3033300
16573,2761400
16574,2814900
16575,3006800
16576,3259600
16577,2850400
16578,3003900
16579,2698200
16580,2898600
16581,3255400
16582,2806300
16583,3031000
16584,2727700
16585,2823600
16586,3115700
16587,3212400
16588,3246800
16589,3172200
16590,2634700
16591,2720000
16592,3009800
16593,3456900
16594,2784900
16595,2668600
16596,2845900
16597,2812600
16598,3089300
16599,3170600
16600,2755100
16601,2933600
16602,2837200
16603,2859100
16604,3477200
16605,2685800
16606,2837000
16607,2813200
16608,2964000
16609,2871700
16610,3350100
16611,2752500
16612,2882300
16613,2826000
16614,2875200
16615,3524200
16616,2742000
16617,2790400
16618,2868100
16619,2844000
16620,3485000
16621,3474800
16622,2763600
16623,2549300
16624,2986200
16625,2753000
16626,3191600
16627,3239300
16628,2745600
16629,2828700
16630,3011700
16631,2858900
16632,3401700
16633,2730700
16634,2873300
16635,2868100
16636,2951300
16637,2851600
16638,3284600
16639,2769400
16640,2937300
16641,2812700
16642,2951700
16643,3178000
16644,3382500
16645,2700800
16646,2910200
16647,2886400
16648,2953500
16649,3254200
16650,2749400
16651,2907700
16652,3207400
16653,2699400
16654,3028900
16655,3076800
16656,2848000
16657,3054400
16658,2694000
16659,2986400
16660,3165300
16661,3124400
16662,2782000
16663,3298500
16664,3030700
16665,2862900
16666,3073200
16667,2865400
16668,3075500
16669,2675700
16670,2875800
16671,3005900
16672,3082600
16673,2904400
16674,2775000
16675,2934800
16676,2897800
16677,3315400
16678,2744500
16679,3233400
16680,2783800
16681,2874900
16682,2967700
16683,3176900
16684,2815100
16685,2927600
16686,2766000
16687,2941700
16688,2963300
16689,3252000
16690,2781100
16691,2861900
16692,2973400
16693,2830100
16694,3184000
16695,2956700
16696,2761000
16697,2904700
16698,2780900
16699,3342000
16700,3213400
16701,2753300
16702,2807700
16703,2938600
16704,3062100
16705,3391500
16706,2743900
16707,2839700
16708,2867900
16709,2872700
16710,3054000
16711,3128400
16712,2811500
16713,2812200
16714,3001300
16715,2796600
16716,3176600
16717,2990000
16718,2782000
16719,3252900
16720,2727500
16721,2972800
16722,2982100
16723,3129300
16724,2849600
16725,2909100
16726,2799800
16727,3075300
16728,3123100
16729,2816300
16730,2850100
16731,2929000
16732,2872900
16733,3131700
16734,3323800
16735,2902200
16736,2788400
16737,3116100
16738,2734900
16739,3172300
16740,2894200
16741,2906200
16742,2743100
16743,2926700
16744,3206800
16745,3332500
16746,2694200
16747,2701200
16748,2846800
16749,2849300
16750,3267100
16751,2826000
16752,2948200
16753,2841200
16754,2833800
16755,2893100
16756,2970400
16757,3235600
16758,2853500
16759,3152700
16760,2789900
16761,3004900
16762,3254100
16763,2741500
16764,2854600
16765,2920700
16766,2992500
16767,3368600
16768,2973500
16769,2802300
16770,2770300
16771,2862300
16772,3405700
16773,3093000
16774,2976200
16775,2830600
16776,2871400
16777,3079500
16778,2989800
16779,2992400
16780,2919600
16781,2830900
16782,2909100
16783,2758800
16784,3310100
16785,2801300
16786,2792900
16787,2868000
16788,2818700
16789,3348200
16790,2916100
16791,2865600
16792,2824000
16793,2844500
16794,3329300
16795,2933200
16796,3190300
16797,2711600
16798,2826000
16799,3003400
16800,2907100
16801,3291700
16802,2717800
16803,2861700
16804,2834500
16805,2952900
16806,3098500
16807,3212900
16808,2705800
16809,3104300
16810,2834300
16811,2809900
16812,3291200
16813,3172200
16814,2739600
16815,2981300
16816,2737600
16817,3048600
16818,3270600
16819,2688500
16820,2891200
16821,2885500
16822,2903300
16823,3123200
16824,3126800
16825,2827500
16826,2837900
16827,2933100
16828,3109800
16829,3194500
16830,3007200
16831,2871600
16832,2814100
16833,3085600
16834,3337100
16835,3136700
16836,2852500
16837,2941100
16838,3026700
16839,2886400
16840,3261900
16841,2888300
16842,2901300
16843,2952000
16844,2992800
16845,3015100
16846,3493700
16847,2867900
16848,2958000
16849,3086700
16850,2916000
16851,3385200
16852,2811600
16853,3202700
16854,3076900
16855,2969400
16856,3212900
16857,3303200
16858,2921700
16859,3114300
16860,2808200
16861,2999000
16862,3343100
16863,2930200
16864,3005300
16865,2984900
16866,2832200
16867,3083100
16868,3376500
16869,2931100
16870,3023400
16871,3094400
16872,2929100
16873,3234000
16874,2824900
16875,3065900
16876,2859400
16877,2842800
16878,3056000
16879,3286700
16880,3156200
16881,2651300
16882,2998300
16883,2918700
16884,3638800
16885,3188500
16886,2562900
16887,3123400
16888,2993700
16889,3043000
16890,3257200
16891,2789000
16892,2857700
16893,3048500
16894,2822200
16895,3356800
16896,2937200
16897,2818400
16898,2944000
16899,2883700
16900,3190100
16901,3114600
16902,2910800
16903,2839600
16904,2818600
16905,2919300
16906,3464600
16907,3018200
16908,2798000
16909,2878100
16910,2864500
16911,3001800
16912,3189900
16913,2930800
16914,2772500
16915,2948500
16916,2794800
16917,3494000
16918,2890800
16919,2726200
16920,2890900
16921,2883900
16922,2919500
16923,3133000
16924,3193700
16925,2915200
16926,2846600
16927,3251100
16928,2915700
16929,3317300
16930,2580200
16931,2777400
16932,3036300
16933,2972100
16934,2880800
16935,3021000
16936,2802300
16937,2884700
16938,2898700
16939,2981200
16940,3185600
16941,2777100
16942,2863300
16943,2982900
16944,2731600
16945,2952000
16946,3444200
16947,2822300
16948,2899600
16949,2768300
16950,2795900
16951,3342800
16952,2769100
16953,3004100
16954,3052200
16955,2595500
16956,2899400
16957,3313000
16958,3126200
16959,2715300
16960,2774000
16961,2796900
16962,3199100
16963,3020900
16964,2750200
16965,3141900
16966,3221900
16967,2873200
16968,2699300
16969,3278400
16970,2816100
16971,2763100
16972,2899000
16973,2937500
16974,3217500
16975,2876800
16976,2804700
16977,2918100
16978,2792500
16979,3158200
16980,3194700
16981,2744800
16982,3072500
16983,2814700
16984,2939800
16985,3343100
16986,2895900
16987,2738400
16988,2894000
16989,2797200
16990,3086500
16991,3500400
16992,2879700
16993,2613500
16994,2878500
16995,2844500
16996,3095800
16997,3856600
16998,2430300
16999,2935400
17000,2690900
17001,2856000
17002,3489600
17003,2676400
17004,2805000
17005,2856900
17006,2850700
17007,3198100
17008,3029700
17009,2789400
17010,2849100
17011,2833300
17012,2900800
17013,2993500
17014,3184600
17015,2785700
17016,2851000
17017,2874200
17018,3107800
17019,3099100
17020,2891200
17021,2779800
17022,3084000
17023,3181800
17024,2942900
17025,3196800
17026,2846600
17027,2818500
17028,2882900
17029,2967400
17030,3234900
17031,3018100
17032,2884600
17033,2806500
17034,3062800
17035,3155400
17036,2930900
17037,3118200
17038,2735900
17039,3064500
17040,2763700
17041,2881800
17042,3303100
17043,2844200
17044,2781600
17045,2942300
17046,2898400
17047,3248100
17048,2836400
17049,2856900
17050,3041100
17051,2727800
17052,3039700
17053,3112300
17054,2736000
17055,3014200
17056,2827300
17057,3075900
17058,3319100
17059,2820900
17060,2853900
17061,2912200
17062,2782700
17063,2987500
17064,3272800
17065,2912100
17066,2890300
17067,2859700
17068,2730600
17069,2997200
17070,3225700
17071,3000500
17072,2804700
17073,2861600
17074,2870000
17075,2955600
17076,3073700
17077,3203600
17078,2895400
17079,2822800
17080,2923100
17081,3236300
17082,3035900
17083,2726600
17084,2797700
17085,2911900
17086,2925200
17087,3378000
17088,2611700
17089,2851300
17090,2909600
17091,2855700
17092,3053000
17093,3362900
17094,2622500
17095,2866700
17096,2882300
17097,3285300
17098,3286200
17099,3025400
17100,2907100
17101,2709800
17102,2784500
17103,3314800
17104,3074000
17105,2895500
17106,2826400
17107,3025000
17108,2680500
17109,3075500
17110,3077600
17111,3127800
17112,2821100
17113,2775600
17114,3176600
17115,2939000
17116,2824000
17117,2931600
17118,2852700
17119,3031200
17120,2816800
17121,3123300
17122,2878000
17123,2814500
17124,2879300
17125,2892200
17126,3342600
17127,2758300
17128,2954600
17129,2755100
17130,3101800
17131,2810600
17132,3413200
17133,2732000
17134,2912600
17135,2900600
17136,2768900
17137,3396100
17138,3177500
17139,2948300
17140,2805100
17141,3020500
17142,2730800
17143,3360000
17144,3039100
17145,2834100
17146,3019400
17147,2833700
17148,3209200
17149,2997500
17150,2763700
17151,3103500
17152,2981500
17153,3006100
17154,3044600
17155,3097000
17156,2837600
17157,2739200
17158,2986900
17159,3189900
17160,3830300
17161,3296200
17162,2890000
17163,2424400
17164,2634400
17165,2957700
17166,3243700
17167,3132000
17168,2607400
17169,3005800
17170,3070900
17171,3548300
17172,3148600
17173,2800700
17174,3469200
17175,2397000
17176,3762100
17177,2617800
17178,2835200
17179,2924400
17180,3187400
17181,2824300
17182,3474100
17183,2957200
17184,2940400
17185,2975200
17186,3284300
17187,3545900
17188,2709000
17189,3084600
17190,3045400
17191,3067800
17192,3275000
17193,3223900
17194,2942900
17195,3004100
17196,3289800
17197,2760300
17198,3157200
17199,2979400
17200,2969100
17201,2953400
17202,3595700
17203,2640400
17204,2855800
17205,3289700
17206,3015400
17207,3047700
17208,3123400
17209,3331700
17210,3094600
17211,2974800
17212,2659300
17213,2975900
17214,3049800
17215,3169300
17216,2948900
17217,3018700
17218,2744200
17219,3034500
17220,3230200
17221,2962400
17222,3055000
17223,3321000
17224,2595800
17225,3241200
17226,3072400
17227,2854000
17228,2910400
17229,3006500
17230,2988800
17231,3319900
17232,2796500
17233,2545300
17234,3096700
17235,2868600
17236,3065700
17237,3142500
17238,2764400
17239,2878300
17240,2944800
17241,2924000
17242,3308300
17243,3032200
17244,3118900
17245,2798600
17246,2954900
17247,3017400
17248,3493400
17249,2724500
17250,2862100
17251,2952400
17252,3179600
17253,2788500
17254,2756400
17255,3485000
17256,2393000
17257,2909100
17258,3045500
17259,3142800
17260,2850000
17261,2904000
17262,2908700
17263,2904100
17264,3049900
17265,3280000
17266,2550600
17267,2880300
17268,2884500
17269,2883600
17270,3344600
17271,2847100
17272,3138800
17273,3177200
17274,3128300
17275,2426500
17276,2877200
17277,3073000
17278,2833300
17279,3683900
17280,4528600
17281,3450000
17282,2870600
17283,2342700
17284,2622000
17285,2536900
17286,2909200
17287,3087800
17288,3385700
17289,2519000
17290,2745700
17291,2849300
17292,2973100
17293,3349500
17294,3275300
17295,2856700
17296,2929000
17297,4919700
17298,4463500
17299,3095100
17300,2320300
17301,2911800
17302,3266000
17303,4130700
17304,3699000
17305,3357100
17306,2469600
17307,2917600
17308,2802400
17309,2549000
17310,2813400
17311,3820400
17312,5063100
17313,2855800
17314,2441000
17315,2881600
17316,2257800
17317,2350400
17318,3082800
17319,3374300
17320,2559000
17321,3178800
17322,2802800
17323,2608300
17324,3120100
17325,3564100
17326,2410000
17327,2954500
17328,2719600
17329,3253000
17330,3280700
17331,2754700
17332,2471300
17333,2937600
17334,3607400
17335,4801800
17336,2441400
17337,2557400
17338,2560400
17339,3060100
17340,2898600
17341,2356000
17342,3011300
17343,2847400
17344,3581500
17345,3787000
17346,2271700
17347,2066500
17348,2910400
17349,2943100
17350,3080300
17351,2840900
17352,3283700
17353,2801300
17354,3227700
17355,3223000
17356,2458200
17357,3105700
17358,3692100
17359,2838300
17360,2289900
17361,3094200
17362,2715900
17363,2989500
17364,3394100
17365,2823600
17366,2863600
17367,3548400
17368,3981900
17369,2518600
17370,2106200
17371,3102100
17372,2798500
17373,2871400
17374,3108600
17375,3228400
17376,2818900
17377,3317500
17378,2742800
17379,2568000
17380,3324300
17381,3726600
17382,2170700
17383,2854900
17384,3142400
17385,2643600
17386,3313100
17387,3048600
17388,2723800
17389,2958100
17390,3900000
17391,3270500
17392,2166000
17393,2866600
17394,2847500
17395,2974000
17396,3417600
17397,3165400
17398,2643800
17399,3377100
17400,2769900
17401,2502000
17402,3010500
17403,3804800
17404,2548800
17405,2531400
17406,3153900
17407,2758400
17408,3227800
17409,2860200
17410,2871800
17411,3157900
17412,3301200
17413,3880100
17414,2224200
17415,2389800
17416,2986500
17417,2897700
17418,3185000
17419,3184200
17420,2693600
17421,2884600
17422,3559900
17423,2427300
17424,2683100
17425,3328600
17426,2828300
17427,2630300
17428,3314900
17429,2414800
17430,3096900
17431,3469400
17432,2846300
17433,2914500
17434,3596900
17435,3583400
17436,2250800
17437,2382300
17438,2794100
17439,2881500
17440,3146300
17441,3003400
17442,2884600
17443,3482500
17444,4152800
17445,3427800
17446,2560300
17447,2975600
17448,2975400
17449,2395700
17450,2433400
17451,3288800
17452,2806200
17453,2903700
17454,2865100
17455,2877000
17456,2840100
17457,2778200
17458,3804800
17459,3504400
17460,2343900
17461,2402300
17462,2661000
17463,2725700
17464,3397200
17465,3197500
17466,2609700
17467,3219500
17468,3458200
17469,2388400
17470,2970200
17471,3370200
17472,2737300
17473,2399400
17474,2819700
17475,3208100
17476,2832300
17477,3050600
17478,2734000
17479,2886600
17480,3141000
17481,3844100
17482,2618500
17483,2168100
17484,2825800
17485,2854200
17486,3028400
17487,3909900
17488,2429000
17489,2853300
17490,3375000
17491,2558300
17492,2993600
17493,3299900
17494,2878400
17495,2607100
17496,3068800
17497,2975000
17498,3085300
17499,2992200
17500,2831400
17501,2825700
17502,3197400
17503,4290000
17504,2446200
17505,2608900
17506,2895300
17507,3037400
17508,3197500
17509,3232400
17510,2569300
17511,2966300
17512,3297600
17513,2856100
17514,2833500
17515,3745200
17516,2316800
17517,2891600
17518,3099600
17519,3139200
17520,3216300
17521,3477800
17522,2873700
17523,3113500
17524,3346800
17525,3129300
17526,2677000
17527,2920500
17528,3163200
17529,3231100
17530,3042800
17531,2989600
17532,3203300
17533,3175200
17534,2846700
17535,2721500
17536,3893800
17537,2621400
17538,3319100
17539,2767000
17540,3026500
17541,2897300
17542,3011100
17543,3007100
17544,2854500
17545,3987600
17546,2991600
17547,2208200
17548,3063000
17549,3071700
17550,2846900
17551,3078000
17552,2902000
17553,3189500
17554,2971500
17555,3460400
17556,2756300
17557,2440600
17558,3763300
17559,2387200
17560,3232000
17561,3002800
17562,2764300
17563,2849900
17564,2901800
17565,3315800
17566,2888100
17567,3464200
17568,3171900
17569,2251400
17570,2969400
17571,2876700
17572,3469300
17573,2506500
17574,2839900
17575,2941700
17576,3086300
17577,3626400
17578,2299900
17579,2607600
17580,3696300
17581,2471400
17582,3091100
17583,2958300
17584,2823900
17585,2766000
17586,3360600
17587,2743900
17588,3000200
17589,3012500
17590,3322800
17591,2245900
17592,2628600
17593,3105900
17594,3201100
17595,2724100
17596,3070200
17597,3032500
17598,2538500
17599,3240800
17600,3581000
17601,2421000
17602,2787000
17603,3597400
17604,2812400
17605,2573000
17606,3591100
17607,2520500
17608,2497100
17609,3225500
17610,3367100
17611,2733000
17612,3235800
17613,4138600
17614,3480100
17615,2272400
17616,2296900
17617,2719200
17618,2897700
17619,3317900
17620,3030800
17621,2910400
17622,2557900
17623,3323000
17624,2911600
17625,2566100
17626,3308700
17627,3371100
17628,2420300
17629,2836900
17630,3622200
17631,2658300
17632,2941600
17633,3019200
17634,2941500
17635,3153600
17636,3619700
17637,2737600
17638,2486200
17639,3050600
17640,3297900
17641,2666100
17642,2974800
17643,3056900
17644,2849900
17645,3306100
17646,3380600
17647,2493000
17648,3041100
17649,3639000
17650,2974600
17651,2318200
17652,3058000
17653,2570500
17654,3281000
17655,3332600
17656,3052000
17657,2604700
17658,3508800
17659,3521400
17660,2368400
17661,2486000
17662,2961700
17663,2851600
17664,2978700
17665,3258000
17666,2761500
17667,4530000
17668,3830300
17669,2523600
17670,2897300
17671,3193800
17672,3649800
17673,2850000
17674,2079600
17675,2847200
17676,2421500
17677,2968600
17678,2866500
17679,3077700
17680,2556400
17681,3732100
17682,3456300
17683,2398300
17684,2109200
17685,2967700
17686,2818600
17687,3544300
17688,2806100
17689,2816400
17690,2736600
17691,3183800
17692,4021800
17693,2440300
17694,2368500
17695,3029200
17696,2714400
17697,2823400
17698,3367800
17699,2926300
17700,2680300
17701,2839400
17702,3049600
17703,2852600
17704,3544800
17705,3491500
17706,2319700
17707,2336000
17708,3344300
17709,2846100
17710,3063800
17711,2931300
17712,2614900
17713,2883600
17714,3603000
17715,3304000
17716,2370500
17717,2882500
17718,3477800
17719,2176100
17720,2981100
17721,3518900
17722,2566200
17723,2900600
17724,2998500
17725,2831100
17726,3287900
17727,3285600
17728,3300000
17729,2297600
17730,2765900
17731,3109500
17732,2870600
17733,3362900
17734,2606600
17735,2664300
17736,3117100
17737,3432100
17738,2768400
17739,2592000
17740,3600000
17741,2297600
17742,3470600
17743,2429700
17744,3135900
17745,2866700
17746,2927500
17747,3137200
17748,2735700
17749,3679400
17750,3554800
17751,2310600
17752,2333000
17753,2979400
17754,3100300
17755,3396100
17756,2772400
17757,2584900
17758,2867600
17759,3275700
17760,2781200
17761,3086600
17762,3234800
17763,3161900
17764,2137500
17765,3314000
17766,3168800
17767,2563900
17768,2981800
17769,3066400
17770,2835000
17771,3264300
17772,3835400
17773,2403400
17774,2406300
17775,3444400
17776,3217000
17777,2701000
17778,2774000
17779,3024400
17780,2461200
17781,2824000
17782,3676300
17783,3533900
17784,2509200
17785,2622000
17786,3265500
17787,3115100
17788,2981900
17789,2503600
17790,2928400
17791,2500400
17792,2905300
17793,3008300
17794,2820800
17795,3364100
17796,3244300
17797,3258000
17798,2189300
17799,2575200
17800,3405200
17801,2821700
17802,2855000
17803,3101600
17804,2706900
17805,2992700
17806,3375700
17807,3074200
17808,2337900
17809,3094600
17810,4044500
17811,2388300
17812,2625500
17813,3283500
17814,2552200
17815,2880500
17816,3231900
17817,3013800
17818,3006200
17819,3562000
17820,2668900
17821,2104800
17822,3416100
17823,3431100
17824,2919600
17825,3228000
17826,2490800
17827,3086300
17828,3809800
17829,2677000
17830,2582300
17831,3251500
17832,2942900
17833,2943900
17834,3354300
17835,2879900
17836,2709200
17837,3073400
17838,3040400
17839,2961100
17840,3946900
17841,3386000
17842,2344100
17843,2672700
17844,3547000
17845,2993500
17846,2935400
17847,2871700
17848,2946500
17849,3772300
17850,3141200
17851,2328500
17852,3124800
17853,3293500
17854,2872600
17855,3115700
17856,3421100
17857,2564900
17858,3264100
17859,2732000
17860,3319200
17861,3812100
17862,3391700
17863,2242900
17864,2938400
17865,3091800
17866,3410700
17867,3112200
17868,2933300
17869,2708100
17870,3074600
17871,3937300
17872,2545800
17873,3302700
17874,3303600
17875,2406100
17876,2778100
17877,4533500
17878,2351900
17879,2601900
17880,2947200
17881,2908400
17882,3083900
17883,3963300
17884,2815900
17885,2207300
17886,3027800
17887,2822700
17888,3486000
17889,3249800
17890,2707400
17891,2895200
17892,3238100
17893,3228900
17894,2714800
17895,2765000
17896,3062400
17897,3126200
17898,2635800
17899,3254400
17900,2819200
17901,2857500
17902,2983000
17903,2991000
17904,2959200
17905,3873700
17906,3077000
17907,2248900
17908,2528800
17909,2937000
17910,3223000
17911,3621000
17912,2662400
17913,2288500
17914,2883000
17915,3935800
17916,2823900
17917,2229300
17918,3098400
17919,3126200
17920,2365800
17921,3774200
17922,3046800
17923,2509400
17924,2769800
17925,2953200
17926,2997000
17927,2855700
17928,3716300
17929,3339600
17930,2562800
17931,2622900
17932,4444600
17933,3195300
17934,3183600
17935,2598400
17936,3781500
17937,2798800
17938,2438400
17939,3146900
17940,2328400
17941,2452300
17942,3065700
17943,3294900
17944,2560000
17945,3450900
17946,2660400
17947,2872100
17948,3609600
17949,3420100
17950,2995000
17951,2885700
17952,3483300
17953,4506500
17954,3161400
17955,2403700
17956,2064300
17957,2732900
17958,2869300
17959,2875200
17960,2997900
17961,3336500
17962,2670600
17963,3083600
17964,3347700
17965,2214900
17966,3342200
17967,3034500
17968,3268200
17969,2473800
17970,3297200
17971,2708000
17972,3012400
17973,3495900
17974,2757600
17975,2881300
17976,3698900
17977,3063400
17978,2834600
17979,2429300
17980,2965100
17981,3026500
17982,3122200
17983,3126500
17984,2909200
17985,2981300
17986,3021000
17987,2479000
17988,3633900
17989,3519500
17990,3251300
17991,3719800
17992,4576900
17993,3299100
17994,2575100
17995,2536900
17996,2401600
17997,2660400
17998,3185600
17999,5601700
18000,2911600
18001,2374200
18002,2650000
18003,2861400
18004,3032300
18005,3037400
18006,3228300
18007,2442200
18008,2660800
18009,3933200
18010,2547700
18011,2960200
18012,2627700
18013,3224100
18014,2352800
18015,3457200
18016,2987300
18017,2652500
18018,2833000
18019,3075400
18020,3084100
18021,2924500
18022,3277500
18023,3121400
18024,2245400
18025,2852000
18026,2953300
18027,3104200
18028,2872200
18029,3028500
18030,2638000
18031,2988200
18032,3808900
18033,2953800
18034,2355700
18035,2441500
18036,3515500
18037,2710700
18038,3105400
18039,2875800
18040,2824400
18041,3067800
18042,2793200
18043,2987900
18044,3033800
18045,4129800
18046,3592100
18047,2074700
18048,2256600
18049,3161700
18050,2963200
18051,3160000
18052,3367000
18053,2742900
18054,2972500
18055,3061300
18056,3545800
18057,2719500
18058,2460500
18059,2878900
18060,2480600
18061,2931200
18062,2791200
18063,3419800
18064,2465000
18065,2712600
18066,3169100
18067,3427900
18068,3254700
18069,2385600
18070,2968500
18071,2760200
18072,3088600
18073,2859100
18074,2951500
18075,2743700
18076,2782300
18077,2984800
18078,3376800
18079,3884200
18080,2570600
18081,2749800
18082,2533300
18083,2811400
18084,3166500
18085,2716400
18086,3035700
18087,2873900
18088,3157200
18089,3501600
18090,3130200
18091,2372600
18092,3102700
18093,2622500
18094,3072500
18095,3075800
18096,2891200
18097,2751400
18098,2756100
18099,3450100
18100,2817400
18101,3131300
18102,3205900
18103,3004300
18104,2304100
18105,3021700
18106,3326100
18107,2955500
18108,2934500
18109,2583400
18110,2967700
18111,3290900
18112,3718100
18113,4524800
18114,3862400
18115,3740800
18116,3149600
18117,3402600
18118,3178300
18119,3873800
18120,3023200
18121,2494700
18122,2537500
18123,2744000
18124,3078200
18125,3579500
18126,2672200
18127,3452100
18128,2511600
18129,2337500
18130,3016400
18131,2912800
18132,2622500
18133,2479500
18134,2796500
18135,2925300
18136,2975900
18137,3693100
18138,3186500
18139,2305200
18140,2242500
18141,3504400
18142,2501100
18143,2918700
18144,3241300
18145,2636300
18146,3005800
18147,3109300
18148,2889100
18149,2571300
18150,3667900
18151,2437400
18152,2713300
18153,2945800
18154,3327000
18155,2694300
18156,3092000
18157,3031700
18158,2743300
18159,3383700
18160,3744900
18161,2300700
18162,2631600
18163,3140800
18164,2820600
18165,2971600
18166,3342500
18167,2729200
18168,3076800
18169,3063900
18170,2783600
18171,2916100
18172,3940600
18173,3034300
18174,2655100
18175,2803100
18176,3097000
18177,3344000
18178,2375400
18179,3510500
18180,3218400
18181,4880900
18182,3762800
18183,3100700
18184,2982100
18185,2168500
18186,2390500
18187,3287800
18188,3383500
18189,3525700
18190,2596000
18191,2453100
18192,3119600
18193,4172300
18194,3381700
18195,2659200
18196,3416900
18197,2795400
18198,2790500
18199,2868000
18200,2916000
18201,3077000
18202,2761700
18203,3390400
18204,3018700
18205,3360400
18206,3271100
18207,2500900
18208,3158500
18209,3191000
18210,2579400
18211,2931000
18212,2873300
18213,3046900
18214,2999800
18215,3391600
18216,2864500
18217,3584300
18218,2995200
18219,2777100
18220,3227300
18221,2365100
18222,2896200
18223,3116700
18224,2758600
18225,3442900
18226,2746100
18227,3238300
18228,2483100
18229,2858200
18230,4138900
18231,4154800
18232,2408900
18233,2346100
18234,2502000
18235,2785600
18236,3311500
18237,3628600
18238,3036100
18239,2837900
18240,3307100
18241,3443900
18242,3560500
18243,3010200
18244,3131300
18245,3025400
18246,2475800
18247,3115500
18248,3062400
18249,2728500
18250,2503200
18251,2492000
18252,2955300
18253,2865300
18254,3301000
18255,3619300
18256,3451900
18257,2095600
18258,2391200
18259,2603600
18260,3101700
18261,2999400
18262,3132500
18263,2373700
18264,2876800
18265,3435300
18266,3633700
18267,3113000
18268,2365400
18269,2291000
18270,3742000
18271,2529000
18272,3013700
18273,2817400
18274,2727900
18275,2899800
18276,2906300
18277,3411000
18278,2811900
18279,3379200
18280,4106100
18281,4834900
18282,3277100
18283,2785200
18284,3026500
18285,2669100
18286,3390700
18287,3994000
18288,4285800
18289,3246100
18290,3309900
18291,3713900
18292,3665700
18293,3104800
18294,2846600
18295,3743000
18296,5663700
18297,4191800
18298,4311300
18299,5276500
18300,4409600
18301,4929600
18302,4638100
18303,4377600
18304,4983100
18305,5368900
18306,5902100
18307,4582400
18308,3385700
18309,4723200
18310,4081800
18311,3746000
18312,4139200
18313,6337500
18314,3464900
18315,3807900
18316,3624800
18317,4172900
18318,4391000
18319,3463600
18320,4289700
18321,4743000
18322,4092600
18323,4102700
18324,4358400
18325,4717700
18326,3613300
18327,4209300
18328,4044800
18329,4884700
18330,4837700
18331,3167700
18332,4582200
18333,6617700
18334,4627300
18335,5569600
18336,4877100
18337,4284200
18338,3863200
18339,3149300
18340,2297000
18341,2268000
18342,3030700
18343,2671900
18344,2109700
18345,2763500
18346,3035800
18347,2840700
18348,2599000
18349,3042700
18350,2166400
18351,2742500
18352,2920200
18353,2753800
18354,3065600
18355,2621600
18356,3255400
18357,2649100
18358,2123100
18359,3041300
18360,3367400
18361,2684400
18362,2965200
18363,2970700
18364,2651700
18365,3537700
18366,2946500
18367,2269600
18368,2874600
18369,3221400
18370,3791700
18371,2817500
18372,2575700
18373,2843600
18374,2685800
18375,3443300
18376,3033600
18377,2772400
18378,2705500
18379,2988400
18380,3231100
18381,2856300
18382,2751000
18383,2929800
18384,2895300
18385,3247600
18386,2647900
18387,2983900
18388,3498000
18389,3146900
18390,2228200
18391,3009100
18392,3216800
18393,3383600
18394,2322400
18395,3312700
18396,2642300
18397,2629700
18398,3463500
18399,3064800
18400,3087000
18401,3041400
18402,3310200
18403,2381600
18404,2634300
18405,3391200
18406,2860400
18407,2789100
18408,3081200
18409,2751600
18410,3152700
18411,3484500
18412,2465600
18413,2573600
18414,3104500
18415,3443400
18416,2799200
18417,2647400
18418,3158900
18419,2522300
18420,3101900
18421,3117100
18422,3095700
18423,2942400
18424,4485900
18425,3236400
18426,2826600
18427,2983100
18428,2680900
18429,2979100
18430,2887300
18431,2611400
18432,4525600
18433,3227900
18434,3774400
18435,3455800
18436,3392000
18437,2788100
18438,3288100
18439,3036500
18440,2656200
18441,2969800
18442,3047100
18443,2423000
18444,2374800
18445,2823500
18446,2528600
18447,2904800
18448,3047800
18449,3862300
18450,3290900
18451,2343500
18452,1917400
18453,2838600
18454,3334500
18455,2928500
18456,3004900
18457,2438300
18458,3149200
18459,3808100
18460,2600700
18461,2787500
18462,2782700
18463,2995200
18464,2520500
18465,3024400
18466,3605500
18467,2368800
18468,2922700
18469,2822200
18470,2927800
18471,3254400
18472,3745200
18473,2867100
18474,2184500
18475,3049900
18476,3295300
18477,2885900
18478,2825500
18479,2808000
18480,2790300
18481,3150300
18482,3492900
18483,2346200
18484,2756100
18485,3261900
18486,2558900
18487,2794000
18488,3696300
18489,2442000
18490,2843600
18491,2897100
18492,2817900
18493,3470200
18494,3431700
18495,3207900
18496,2326700
18497,2552700
18498,2780800
18499,3481900
18500,2913700
18501,2732500
18502,3020300
18503,2833700
18504,2701600
18505,3422500
18506,3265400
18507,2229000
18508,2840100
18509,3243400
18510,3373200
18511,2393300
18512,2950900
18513,3215900
18514,2641600
18515,2894400
18516,3038300
18517,3152100
18518,3033700
18519,3739300
18520,3588500
18521,3270900
18522,3013600
18523,2242700
18524,2439900
18525,2807300
18526,2712500
18527,3382000
18528,2595600
18529,3272400
18530,3380900
18531,2309800
18532,2465600
18533,3773100
18534,3082300
18535,2516800
18536,2769800
18537,3162800
18538,2579400
18539,3158900
18540,3414800
18541,2891400
18542,2486300
18543,2797100
18544,4453900
18545,3545200
18546,2397000
18547,2302300
18548,2464600
18549,2929700
18550,3223800
18551,2830300
18552,2966000
18553,2613200
18554,3051000
18555,4175000
18556,3428200
18557,2400500
18558,2656200
18559,3246800
18560,3041100
18561,3188400
18562,3755900
18563,3170000
18564,2492900
18565,2480700
18566,2741900
18567,2586600
18568,2854600
18569,3098900
18570,3194400
18571,2527900
18572,2807600
18573,3385900
18574,2721900
18575,3026900
18576,2945800
18577,2788300
18578,3239900
18579,3405500
18580,2584400
18581,2419000
18582,2919600
18583,4033100
18584,2362200
18585,2722700
18586,3585900
18587,2554100
18588,2932400
18589,3328300
18590,2849700
18591,2924000
18592,3990600
18593,3443700
18594,3144400
18595,2220200
18596,2557500
18597,2882900
18598,3171100
18599,3470100
18600,3350600
18601,2533600
18602,2690800
18603,3617000
18604,3587200
18605,2703900
18606,2406000
18607,2998900
18608,3561300
18609,2748000
18610,3257600
18611,3842900
18612,2718700
18613,2708000
18614,2824100
18615,2801000
18616,3322200
18617,3229500
18618,3366000
18619,2945900
18620,2591200
18621,2745400
18622,3393500
18623,3022900
18624,3113400
18625,3780100
18626,2546100
18627,3126300
18628,4175400
18629,2612800
18630,2511100
18631,3219100
18632,3490200
18633,2590500
18634,2837600
18635,3239100
18636,2646400
18637,3140100
18638,3180600
18639,3526300
18640,3720100
18641,3342200
18642,2173500
18643,2519100
18644,3259000
18645,3240700
18646,3579400
18647,2696700
18648,3328900
18649,2960400
18650,2955800
18651,3541200
18652,3679700
18653,3808000
18654,2679600
18655,3193700
18656,3290200
18657,2600600
18658,2594500
18659,2680200
18660,2523100
18661,2823800
18662,3068600
18663,2805000
18664,2933300
18665,3566800
18666,3979400
18667,2134200
18668,2122100
18669,2862000
18670,3075600
18671,3283800
18672,3360800
18673,2601600
18674,2533400
18675,3038000
18676,3900400
18677,2856100
18678,2463200
18679,3412200
18680,2527600
18681,2685800
18682,3282600
18683,3410900
18684,2236600
18685,2927300
18686,2864800
18687,3053800
18688,3827000
18689,3042700
18690,2836400
18691,2288100
18692,2613500
18693,3718400
18694,3372700
18695,2878500
18696,2519900
18697,2305500
18698,2747800
18699,3240100
18700,3498400
18701,2270500
18702,3020200
18703,2901300
18704,2675800
18705,3312300
18706,2730800
18707,2771800
18708,2982400
18709,2838300
18710,3586700
18711,2719300
18712,3386000
18713,2732700
18714,1997500
18715,2841200
18716,3453700
18717,2878400
18718,2918000
18719,2749400
18720,2755100
18721,3039100
18722,3648900
18723,2807400
18724,2790300
18725,3425000
18726,2340200
18727,2970600
18728,3595800
18729,2838900
18730,2569500
18731,2941300
18732,2896100
18733,3239100
18734,3550000
18735,2908400
18736,2492000
18737,2556900
18738,3478100
18739,3053900
18740,2914600
18741,2931300
18742,2760900
18743,2903700
18744,3686600
18745,2787000
18746,2526200
18747,3647900
18748,2682700
18749,2824500
18750,3265700
18751,2837700
18752,3173500
18753,2630100
18754,2717800
18755,3269900
18756,2992400
18757,3351100
18758,2996900
18759,3496400
18760,2179000
18761,2440900
18762,3201600
18763,3137300
18764,3230000
18765,2615300
18766,3033100
18767,3199900
18768,3364800
18769,3152300
18770,2801900
18771,3058200
18772,3203200
18773,2311300
18774,3028300
18775,2818300
18776,3159100
18777,3089400
18778,2677800
18779,3190200
18780,2568400
18781,3391000
18782,3226600
18783,3394500
18784,2481700
18785,2101700
18786,3032400
18787,3125500
18788,3027100
18789,2774000
18790,2886000
18791,2894700
18792,3323100
18793,3867100
18794,2964300
18795,2272000
18796,2505200
18797,3030700
18798,2916100
18799,2980500
18800,2923700
18801,3270700
18802,3043600
18803,3294600
18804,2509000
18805,2898800
18806,3525600
18807,2341600
18808,3236200
18809,3213000
18810,3039400
18811,2964900
18812,2911400
18813,2992700
18814,2765400
18815,3398300
18816,3308200
18817,2913600
18818,2148000
18819,2952600
18820,3876100
18821,3648400
18822,2923000
18823,2592600
18824,2124200
18825,2234600
18826,3150400
18827,4372400
18828,2388800
18829,2186000
18830,3451700
18831,2328800
18832,3007600
18833,3254600
18834,2727200
18835,3221800
18836,2946400
18837,2863900
18838,2890600
18839,3502900
18840,3551000
18841,2234000
18842,2631300
18843,3304200
18844,2624000
18845,3200000
18846,3191300
18847,3105000
18848,3430200
18849,4486400
18850,3188100
18851,2116600
18852,2281600
18853,3681900
18854,4111800
18855,3936800
18856,3822200
18857,2952400
18858,3439500
18859,4481400
18860,4327100
18861,2282300
18862,2618900
18863,2609500
18864,3490900
18865,3007700
18866,2297500
18867,2617000
18868,2952400
18869,2844200
18870,2609300
18871,3027100
18872,3367400
18873,3104100
18874,3861600
18875,4747200
18876,3734600
18877,3033200
18878,2664200
18879,3732000
18880,2232800
18881,2972600
18882,2796900
18883,3597700
18884,4087500
18885,3745900
18886,2572000
18887,2712900
18888,2613700
18889,3151100
18890,2876300
18891,2110400
18892,3435600
18893,2418900
18894,3616700
18895,3509700
18896,2365000
18897,2587500
18898,3483000
18899,3301300
18900,3260600
18901,2951400
18902,2789600
18903,2415600
18904,2251900
18905,3139100
18906,2570100
18907,2736900
18908,2962200
18909,3292000
18910,3049600
18911,2587600
18912,2704100
18913,3155500
18914,4313000
18915,4588000
18916,3929500
18917,3533000
18918,2983500
18919,2842500
18920,2165900
18921,2385900
18922,4089100
18923,4537500
18924,4353300
18925,4336900
18926,4378300
18927,3626000
18928,3636400
18929,2576500
18930,3435600
18931,2804300
18932,2409900
18933,3356600
18934,4535300
18935,4147600
18936,2917600
18937,2568500
18938,2722300
18939,2815700
18940,2669700
18941,3416900
18942,4464100
18943,4153800
18944,3075700
18945,3748500
18946,3997000
18947,4208100
18948,3803100
18949,4070800
18950,3726500
18951,2867900
18952,2135700
18953,3399000
18954,2341100
18955,2343200
18956,3633300
18957,3322500
18958,3926000
18959,2410900
18960,2272400
18961,2577300
18962,2372600
18963,2811200
18964,3202500
18965,3314600
18966,2846000
18967,3380900
18968,3590100
18969,3275000
18970,2610900
18971,2202600
18972,3334600
18973,4490900
18974,3508200
18975,2881000
18976,3031200
18977,4085500
18978,4532500
18979,4303700
18980,2342800
18981,2230900
18982,3649300
18983,3340000
18984,2568600
18985,2808600
18986,3757100
18987,4438000
18988,4570600
18989,3670400
18990,3677400
18991,2680100
18992,3986000
18993,4101400
18994,2965700
18995,3334500
18996,3671800
18997,3112300
18998,2182900
18999,2992300
19000,3700200
19001,3738000
19002,2575000
19003,2587300
19004,3673900
19005,2592000
19006,2527400
19007,3244000
19008,3328700
19009,2116100
19010,3070200
19011,4226800
19012,3812200
19013,2125600
19014,2172800
19015,2961200
19016,3225200
19017,2186600
19018,3243900
19019,2584800
19020,2724600
19021,4294900
19022,3857100
19023,3500400
19024,1994300
19025,2060100
19026,2842900
19027,3295100
19028,3016500
19029,3282200
19030,2665700
19031,2473400
19032,3829200
19033,3327300
19034,2337900
19035,2206000
19036,3077100
19037,2643900
19038,3079500
19039,3268500
19040,3203200
19041,2351100
19042,3417500
19043,3608500
19044,4213800
19045,2336300
19046,2077500
19047,2671500
19048,3558400
19049,3555300
19050,2779700
19051,2329000
19052,2468800
19053,3634800
19054,4533900
19055,3795900
19056,2133100
19057,2708600
19058,3627500
19059,3573400
19060,2224300
19061,2483500
19062,2684300
19063,2884600
19064,3171000
19065,3677300
19066,3152500
19067,2091300
19068,2305300
19069,3555500
19070,3461300
19071,3501000
19072,2156700
19073,2259000
19074,3510500
19075,3175800
19076,2855700
19077,2844800
19078,2260000
19079,2726000
19080,3791700
19081,4114700
19082,3353800
19083,2182200
19084,2317500
19085,3240600
19086,3139700
19087,2641000
19088,2689300
19089,3208300
19090,3349600
19091,3263200
19092,3695200
19093,3303600
19094,2213200
19095,2124000
19096,3046600
19097,2951300
19098,2353000
19099,3949200
19100,2785800
19101,2959400
19102,2676400
19103,3037200
19104,2759400
19105,3190200
19106,2909900
19107,3072400
19108,4835300
19109,4717700
19110,3654300
19111,2950300
19112,3401400
19113,4173600
19114,4696100
19115,4041800
19116,3856500
19117,4314400
19118,3211600
19119,4527300
19120,4295300
19121,3910800
19122,3365500
19123,3984800
19124,3535300
19125,2790100
19126,2515900
19127,4740800
19128,4093200
19129,2388500
19130,2698200
19131,2630800
19132,4956500
19133,3489100
19134,2316600
19135,2207200
19136,2469800
19137,4001500
19138,4162200
19139,2385300
19140,2068300
19141,2567600
19142,2952900
19143,4300400
19144,3676200
19145,2841500
19146,2535300
19147,3747000
19148,4198000
19149,3351900
19150,1946200
19151,2106300
19152,3485000
19153,4090300
19154,3023500
19155,4696500
19156,4100100
19157,4607800
19158,3409700
19159,4712700
19160,4506200
19161,4752300
19162,4022500
19163,3566400
19164,4216400
19165,4426300
19166,3273600
19167,3592000
19168,2963300
19169,3262600
19170,4155100
19171,4533700
19172,5601300
19173,6105100
19174,4901900
19175,4698300
19176,5388800
19177,4292900
19178,4743000
19179,4499100
19180,4742000
19181,3982000
19182,4394800
19183,5605400
19184,5165400
19185,4741900
19186,4714500
19187,3036600
19188,4044900
19189,3871700
19190,3491500
19191,2922500
19192,2253100
19193,2415600
19194,2229000
19195,2855700
19196,2764100
19197,2639100
19198,3435600
19199,4406700
19200,3383300
19201,2484400
19202,2098400
19203,2580600
19204,2641100
19205,2974900
19206,2653500
19207,2215200
19208,2751300
19209,3903200
19210,3317200
19211,2697400
19212,2507100
19213,2642400
19214,2775700
19215,3177700
19216,3409000
19217,2144700
19218,2861800
19219,3009500
19220,3641200
19221,3425700
19222,2825800
19223,2334400
19224,2491700
19225,4217900
19226,3955700
19227,3189800
19228,2707000
19229,2677200
19230,4082900
19231,3772200
19232,3451200
19233,2930000
19234,2631900
19235,4024300
19236,3634500
19237,3616800
19238,2228900
19239,2242700
19240,3095400
19241,3291100
19242,2371800
19243,3478100
19244,3244400
19245,3536400
19246,3069800
19247,2187100
19248,3238400
19249,2975900
19250,2885500
19251,2976400
19252,3057000
19253,3029800
19254,4032200
19255,3102800
19256,3428000
19257,3316400
19258,2018600
19259,2706700
19260,3197900
19261,2792300
19262,2862200
19263,3427900
19264,3070300
19265,3917100
19266,2996000
19267,2201700
19268,3105900
19269,2947500
19270,3561400
19271,3381000
19272,2733500
19273,2651900
19274,2935400
19275,3757700
19276,4072300
19277,2938600
19278,2311200
19279,2446000
19280,3750300
19281,4929700
19282,3888600
19283,2685800
19284,2135300
19285,3349900
19286,4592000
19287,3786300
19288,2266300
19289,2401300
19290,3832600
19291,3956800
19292,3427400
19293,2330700
19294,2485800
19295,2519900
19296,2504300
19297,3434600
19298,2623700
19299,2785200
19300,3980600
19301,4704200
19302,3928200
19303,2947600
19304,2904900
19305,2268700
19306,1927900
19307,2386600
19308,3410600
19309,2877400
19310,3377500
19311,3702000
19312,4230500
19313,2616200
19314,1995200
19315,2248100
19316,2961700
19317,2442700
19318,2925300
19319,3275700
19320,3030600
19321,2768000
19322,3177500
19323,2858000
19324,2836300
19325,2487300
19326,3319400
19327,3824400
19328,3904000
19329,2362400
19330,1973000
19331,2912000
19332,3601800
19333,3573100
19334,2454600
19335,2486600
19336,2509600
19337,3500300
19338,3221500
19339,3160300
19340,2776700
19341,2195500
19342,2992000
19343,3374700
19344,3293600
19345,2625900
19346,2308800
19347,3119800
19348,3260900
19349,2845100
19350,2140000
19351,2914200
19352,3183800
19353,3940600
19354,2946100
19355,2124700
19356,3028100
19357,3035700
19358,3264300
19359,4073000
19360,3104300
19361,1922500
19362,1977400
19363,3783600
19364,3110100
19365,2272000
19366,2754300
19367,2963400
19368,3135600
19369,3749500
19370,2698400
19371,2349400
19372,2940700
19373,3237700
19374,4095300
19375,2850600
19376,2054900
19377,2971100
19378,2825000
19379,3550600
19380,3082800
19381,2790200
19382,2589200
19383,2939700
19384,3379000
19385,2559800
19386,3330700
19387,2763300
19388,3142400
19389,3210400
19390,3441500
19391,3188400
19392,2392600
19393,3279500
19394,2866300
19395,3721500
19396,4025900
19397,3257100
19398,2060200
19399,2185600
19400,3303300
19401,4812100
19402,4359300
19403,2729400
19404,2292600
19405,3458200
19406,3885800
19407,3470200
19408,2080300
19409,2243900
19410,3714800
19411,3936800
19412,3064800
19413,1954800
19414,2308400
19415,3219700
19416,4107400
19417,4055400
19418,1998700
19419,2135300
19420,3360200
19421,3608900
19422,3159100
19423,2847900
19424,2310300
19425,2775600
19426,2705200
19427,2831600
19428,2942400
19429,2946700
19430,3138600
19431,3630000
19432,3337900
19433,2761100
19434,1999800
19435,2970600
19436,3011300
19437,3603000
19438,3105400
19439,2287200
19440,2632100
19441,3149000
19442,3385300
19443,2960800
19444,2731100
19445,2268000
19446,3076100
19447,3253000
19448,2803900
19449,2909900
19450,2903400
19451,2956600
19452,3661100
19453,3338400
19454,2932100
19455,2272300
19456,2555800
19457,2989000
19458,3362900
19459,2786300
19460,2917600
19461,3271400
19462,3173300
19463,4029200
19464,3183500
19465,2601600
19466,2061300
19467,3007500
19468,3365800
19469,3219300
19470,2953100
19471,2850400
19472,2837600
19473,3736000
19474,3699400
19475,2998900
19476,1980800
19477,2852300
19478,3099800
19479,2923300
19480,3190200
19481,3227300
19482,2883500
19483,3319200
19484,4063600
19485,3429000
19486,2111600
19487,2409500
19488,3218800
19489,3833700
19490,3495600
19491,2439000
19492,2189300
19493,3020200
19494,3624300
19495,3377300
19496,3425000
19497,2185500
19498,2907000
19499,3782100
19500,3275000
19501,3083200
19502,2010400
19503,2880600
19504,3331300
19505,3582000
19506,3351700
19507,2343500
19508,2593400
19509,3165800
19510,3404700
19511,3179400
19512,2594300
19513,2585800
19514,3258900
19515,3265000
19516,3336700
19517,3157600
19518,2031600
19519,2611100
19520,4098400
19521,3259600
19522,2606600
19523,2372300
19524,2806200
19525,3106000
19526,4016200
19527,3464200
19528,2195800
19529,2072900
19530,3046300
19531,3398500
19532,3150200
19533,2203600
19534,2514100
19535,3646300
19536,2545500
19537,2819600
19538,2845000
19539,3056100
19540,4162400
19541,6643400
19542,4777400
19543,2893800
19544,3845600
19545,4614300
19546,7458400
19547,6163000
19548,4843100
19549,5799800
19550,5266900
19551,5579700
19552,3682000
19553,2952200
19554,3764900
19555,2977600
19556,2173500
19557,2043100
19558,2438600
19559,3105000
19560,3334300
19561,2755100
19562,2039400
19563,3005600
19564,2911700
19565,2726700
19566,3032900
19567,2621100
19568,2722500
19569,2811400
19570,2898000
19571,4460500
19572,3711100
19573,2625700
19574,2601400
19575,3520600
19576,2316500
19577,2248400
19578,2470300
19579,2919200
19580,2686800
19581,3197600
19582,4268700
19583,4047800
19584,2718100
19585,2809900
19586,3110200
19587,2763900
19588,2313800
19589,2072700
19590,2687100
19591,2797300
19592,4233300
19593,5335500
19594,3481600
19595,1972400
19596,2349700
19597,2630600
19598,2799900
19599,3412000
19600,2635400
19601,2844100
19602,4018000
19603,3442800
19604,2738000
19605,2170400
19606,2588600
19607,3159400
19608,3094900
19609,2591300
19610,2588700
19611,3118300
19612,2804200
19613,2839900
19614,2851900
19615,2787700
19616,3255700
19617,2793600
19618,3130600
19619,3621100
19620,2279500
19621,2444900
19622,3268700
19623,3152400
19624,2933900
19625,2731800
19626,2789200
19627,2970900
19628,3176800
19629,3432900
19630,2917500
19631,2520200
19632,2616700
19633,3236800
19634,3035000
19635,2859900
19636,3038800
19637,2743800
19638,3090000
19639,3545400
19640,3275300
19641,2734000
19642,2286700
19643,3137700
19644,3002200
19645,3971800
19646,2803600
19647,2163700
19648,2861200
19649,3118100
19650,3671700
19651,2989900
19652,2502100
19653,2617300
19654,2948600
19655,3594700
19656,3279800
19657,2766700
19658,2625800
19659,2907900
19660,3065800
19661,3219200
19662,2869700
19663,2810200
19664,2949600
19665,2834700
19666,4084700
19667,3013900
19668,2293200
19669,2751400
19670,2890300
19671,2939700
19672,3221200
19673,3166100
19674,2765500
19675,2896800
19676,3651700
19677,3286300
19678,2656700
19679,2532400
19680,2919100
19681,3111600
19682,2661600
19683,3015400
19684,3217400
19685,2770300
19686,3136300
19687,3650600
19688,3017000
19689,2377600
19690,2795300
19691,2854500
19692,2938700
19693,2794500
19694,3247900
19695,2914100
19696,2832400
19697,3450000
19698,3095300
19699,2644300
19700,2936700
19701,2857000
19702,2888400
19703,2843100
19704,2832500
19705,2892400
19706,3361700
19707,2793100
19708,3666700
19709,2772400
19710,2136700
19711,2881700
19712,3239900
19713,2828800
19714,2779800
19715,2889200
19716,2845500
19717,3022700
19718,3605100
19719,3034400
19720,2625900
19721,2493400
19722,2984900
19723,3356100
19724,2707000
19725,2723200
19726,2860300
19727,2849800
19728,3074500
19729,3679600
19730,4019500
19731,3694300
19732,2274000
19733,2171600
19734,2882200
19735,3770100
19736,3242700
19737,2374100
19738,2233700
19739,3334500
19740,2977500
19741,2883900
19742,2901900
19743,3104600
19744,2498700
19745,3674200
19746,3937400
19747,3497000
19748,2262600
19749,2052900
19750,2795200
19751,3051300
19752,3031800
19753,2836500
19754,2894700
19755,2999600
19756,3876500
19757,3065600
19758,2045500
19759,2746800
19760,2846900
19761,4030900
19762,3069300
19763,2177600
19764,2651600
19765,2790100
19766,3261600
19767,3327300
19768,2729100
19769,2484100
19770,2880400
19771,3153800
19772,3962700
19773,3116400
19774,2101700
19775,2913300
19776,2920900
19777,3617800
19778,3128900
19779,2518200
19780,2865900
19781,2850400
19782,3209300
19783,2685900
19784,3182700
19785,3241800
19786,2873100
19787,3079900
19788,3457400
19789,2942800
19790,2641700
19791,2871800
19792,3395600
19793,3441900
19794,2705500
19795,2563300
19796,3336800
19797,2891100
19798,3728600
19799,3043000
19800,1972500
19801,3423300
19802,2922700
19803,3648000
19804,2715100
19805,2535500
19806,3042500
19807,3222200
19808,3175200
19809,3238900
19810,2681400
19811,2582800
19812,3371500
19813,2935600
19814,3536300
19815,2634000
19816,2473800
19817,3093900
19818,3553000
19819,3338900
19820,2689900
19821,2383300
19822,2929400
19823,3588100
19824,2791000
19825,2772300
19826,3245100
19827,2837100
19828,3351200
19829,3692600
19830,2551500
19831,2413100
19832,2992500
19833,2914600
19834,2991000
19835,3185200
19836,2905500
19837,2862500
19838,2950800
19839,3137400
19840,3803800
19841,2518200
19842,2455900
19843,2948500
19844,3026800
19845,3058300
19846,3453400
19847,2863500
19848,2993600
19849,3071100
19850,2677100
19851,3350300
19852,2858100
19853,2979100
19854,2922800
19855,3932800
19856,3863600
19857,2687500
19858,1850300
19859,2947300
19860,3057900
19861,2971700
19862,3293200
19863,2834400
19864,2931100
19865,3150500
19866,3962500
19867,3255900
19868,2586700
19869,2667100
19870,2909100
19871,3561400
19872,2901600
19873,2707500
19874,2914600
19875,3021100
19876,3572400
19877,2812700
19878,2687000
19879,3062000
19880,2984000
19881,3493800
19882,3712300
19883,3247400
19884,2564200
19885,2383700
19886,3116000
19887,2794700
19888,2922600
19889,3332200
19890,2988600
19891,2777200
19892,3801300
19893,2678000
19894,2265200
19895,3482300
19896,2755900
19897,3013400
19898,2779400
19899,2940400
19900,2909400
19901,3318400
19902,3212300
19903,2963000
19904,2712000
19905,2557200
19906,3359000
19907,3021200
19908,3356200
19909,2650700
19910,2368000
19911,3021600
19912,3224200
19913,2841600
19914,2800500
19915,2796400
19916,2921100
19917,3129100
19918,3159800
19919,2745200
19920,3185700
19921,2806700
19922,2859200
19923,3624500
19924,2854300
19925,2583500
19926,2755600
19927,2867000
19928,2951500
19929,3311200
19930,2703900
19931,2884800
19932,2875700
19933,2866600
19934,3479600
19935,3805400
19936,2581500
19937,2337100
19938,2852600
19939,3351900
19940,4125500
19941,3065600
19942,2475300
19943,2094900
19944,2539200
19945,3945400
19946,2967600
19947,2198000
19948,2688900
19949,2908600
19950,2911800
19951,3012100
19952,3149700
19953,2778900
19954,2877600
19955,3435200
19956,2367600
19957,3243400
19958,2804900
19959,2888600
19960,3787400
19961,3429900
19962,2975300
19963,2244400
19964,2717100
19965,3003600
19966,2859700
19967,2843200
19968,3611500
19969,2688100
19970,3105000
19971,2741600
19972,2754700
19973,3000300
19974,3320100
19975,3193200
19976,3350100
19977,3206000
19978,3457000
19979,3442600
19980,2155800
19981,2156200
19982,3382800
19983,2619800
19984,2485600
19985,3365900
19986,2982800
19987,2687600
19988,2952000
19989,3212100
19990,2501700
19991,3291800
19992,3456300
19993,2793800
19994,2440100
19995,2676800
19996,3102900
19997,3338200
19998,3281500
19999,2860000
20000,2538800
20001,3009500
20002,3309900
20003,2795200
20004,2795600
20005,2837800
20006,2864700
20007,3336100
20008,2955300
20009,2807300
20010,2884100
20011,2844400
20012,2894300
20013,4240500
20014,2930200
20015,2180900
20016,2853900
20017,2849700
20018,3252000
20019,3016100
20020,2789600
20021,2824300
20022,2884000
20023,3742100
20024,3469500
20025,2741100
20026,1853000
20027,2910900
20028,2878300
20029,3594900
20030,3204900
20031,2339600
20032,2664200
20033,2927400
20034,3368500
20035,3423300
20036,2810100
20037,2164500
20038,2934800
20039,3072300
20040,2997000
20041,2905400
20042,3249600
20043,2783200
20044,3184600
20045,3360200
20046,2637300
20047,2771000
20048,2806300
20049,2855800
20050,3591200
20051,2741300
20052,2798600
20053,2829300
20054,2784100
20055,3384900
20056,3179600
20057,3081200
20058,2538200
20059,2773500
20060,3170200
20061,3275000
20062,2564900
20063,2503300
20064,3292900
20065,2738300
20066,3017000
20067,2754700
20068,2866100
20069,3093400
20070,3368500
20071,3362000
20072,2752300
20073,2474200
20074,2849100
20075,3278300
20076,3055900
20077,3340100
20078,2718100
20079,2500400
20080,2955800
20081,3303100
20082,3684000
20083,3123900
20084,2699500
20085,1989000
20086,2823000
20087,4119000
20088,4454400
20089,2887000
20090,1810600
20091,3245700
20092,3363900
20093,3038300
20094,2263000
20095,2527600
20096,2930900
20097,3021700
20098,3857300
20099,2635400
20100,2234800
20101,2910600
20102,2883400
20103,3322900
20104,2840500
20105,2758800
20106,2917400
20107,2820200
20108,3736100
20109,3601500
20110,2561800
20111,2278800
20112,2903600
20113,2875800
20114,4180800
20115,2786900
20116,2031600
20117,2815500
20118,2860000
20119,3039000
20120,3306000
20121,2844500
20122,2862400
20123,2846800
20124,3187300
20125,4244300
20126,2724000
20127,1876200
20128,2843300
20129,3465300
20130,3441600
20131,3445900
20132,2282900
20133,2774700
20134,2927400
20135,3688600
20136,3045800
20137,2513500
20138,2874000
20139,2876500
20140,3446600
20141,2835200
20142,2826500
20143,3054400
20144,2809300
20145,3062000
20146,3504600
20147,3085100
20148,2538300
20149,3077400
20150,2929100
20151,3748500
20152,2733500
20153,2585200
20154,3188800
20155,2861800
20156,3856100
20157,2662500
20158,2430700
20159,3571500
20160,2446200
20161,3279000
20162,3149100
20163,2607800
20164,3031600
20165,2954500
20166,2861900
20167,2851800
20168,3003000
20169,3281400
20170,3251000
20171,2792400
20172,3939500
20173,2924300
20174,2257800
20175,2689800
20176,3177600
20177,3193500
20178,3263000
20179,2556600
20180,2634900
20181,3422000
20182,3177000
20183,3518700
20184,2529500
20185,2568200
20186,3036700
20187,3277600
20188,2870900
20189,2893700
20190,3002500
20191,2968800
20192,3406000
20193,3339500
20194,2435500
20195,2922100
20196,2957400
20197,3036400
20198,4110200
20199,2620300
20200,2363900
20201,2917700
20202,2936700
20203,4091400
20204,3050600
20205,2525700
20206,2442100
20207,2982700
20208,3551800
20209,3666500
20210,2577200
20211,2576000
20212,2954900
20213,3228900
20214,3824400
20215,2805600
20216,2373200
20217,2962700
20218,2910200
20219,4489300
20220,3308200
20221,1910100
20222,2595300
20223,3003600
20224,3802000
20225,3199400
20226,2446100
20227,3189200
20228,2448500
20229,2913300
20230,3083100
20231,3136800
20232,2844400
20233,2966600
20234,3067500
20235,3600600
20236,2854500
20237,2462800
20238,2947200
20239,2896800
20240,3446400
20241,2797800
20242,2735600
20243,2821900
20244,2923200
20245,2829300
20246,2862700
20247,2945600
20248,3206200
20249,2899100
20250,3491400
20251,2656900
20252,2614400
20253,2727000
20254,3356800
20255,2797100
20256,2779800
20257,2835500
20258,2924100
20259,3346000
20260,3000600
20261,3977100
20262,2836200
20263,1937000
20264,2723900
20265,3524500
20266,3952500
20267,3218100
20268,2285200
20269,1796400
20270,3344300
20271,4125000
20272,3309700
20273,2759000
20274,2084500
20275,2336900
20276,3149200
20277,2723500
20278,3050900
20279,2812800
20280,2878700
20281,2983900
20282,4126200
20283,2796600
20284,2013900
20285,2789000
20286,2873000
20287,3391700
20288,3396200
20289,2407500
20290,2657500
20291,2888000
20292,3076600
20293,3022900
20294,2857700
20295,2879700
20296,3193000
20297,2439800
20298,4067000
20299,3563000
20300,2860800
20301,1831100
20302,2553700
20303,3049300
20304,3363500
20305,2848500
20306,2833900
20307,2899400
20308,2944900
20309,4578800
20310,3124100
20311,1780100
20312,2270700
20313,3415400
20314,2768100
20315,3237500
20316,2874300
20317,2805700
20318,2863900
20319,3990300
20320,4528800
20321,3008700
20322,2030500
20323,1928700
20324,2867800
20325,2813600
20326,3087100
20327,3078800
20328,2865900
20329,3402500
20330,3382100
20331,2440900
20332,2883700
20333,2673200
20334,3217700
20335,3229100
20336,2661900
20337,2897800
20338,3205200
20339,2966400
20340,2696600
20341,2917600
20342,2766200
20343,3436400
20344,2747300
20345,3698400
20346,2725900
20347,2129500
20348,3006200
20349,3253400
20350,3417000
20351,2709100
20352,2487100
20353,2738700
20354,3187400
20355,3683800
20356,3161100
20357,2652300
20358,2333300
20359,2865800
20360,3361700
20361,2816300
20362,2803700
20363,2891600
20364,2826100
20365,3416100
20366,3663500
20367,2863900
20368,2233100
20369,2543600
20370,2886100
20371,3241700
20372,3303700
20373,2732800
20374,2831800
20375,2915400
20376,2864000
20377,4134400
20378,2791900
20379,2204900
20380,2881300
20381,3028400
20382,2760400
20383,3257600
20384,2738800
20385,2879700
20386,2784100
20387,3525000
20388,3820900
20389,2577000
20390,2041800
20391,2743100
20392,3230400
20393,2874500
20394,3249800
20395,2758200
20396,2859000
20397,3107600
20398,3351900
20399,7264900
20400,2099500
20401,1780900
20402,2762500
20403,3071300
20404,2862500
20405,2489000
20406,2818300
20407,3194100
20408,2679300
20409,2816900
20410,3346800
20411,2808600
20412,3188500
20413,3629800
20414,2784300
20415,2176500
20416,3245300
20417,2801800
20418,2892300
20419,2957600
20420,2875300
20421,2796700
20422,3155100
20423,3126200
20424,3266900
20425,2670600
20426,2361400
20427,3005100
20428,3159600
20429,2815500
20430,2801500
20431,2998700
20432,3153300
20433,3571400
20434,3240800
20435,2754700
20436,2294700
20437,2740300
20438,2993800
20439,3118600
20440,2817500
20441,2921300
20442,2929900
20443,2786200
20444,3592400
20445,2691700
20446,2823400
20447,3148800
20448,2921600
20449,3313900
20450,4699500
20451,3834000
20452,2540700
20453,2073700
20454,1993900
20455,3711000
20456,3486200
20457,2943400
20458,2020400
20459,2779300
20460,4106500
20461,3706200
20462,3505600
20463,2190900
20464,2046300
20465,2593700
20466,3084100
20467,3802200
20468,2266200
20469,2934000
20470,2853700
20471,3732800
20472,3400200
20473,2394700
20474,2458600
20475,2975500
20476,2917800
20477,2983000
20478,3214400
20479,2941800
20480,2760800
20481,3395700
20482,3863300
20483,3160000
20484,2129200
20485,2637300
20486,3244000
20487,3673600
20488,3257700
20489,2146000
20490,2902700
20491,2903600
20492,2851400
20493,2973900
20494,3451200
20495,2888500
20496,2818200
20497,3245000
20498,3248000
20499,2862700
20500,2770500
20501,3155100
20502,2823800
20503,2719200
20504,2901500
20505,3369200
20506,3097200
20507,2852400
20508,3650700
20509,2875900
20510,2404600
20511,3278900
20512,2791000
20513,3200000
20514,3279100
20515,2593400
20516,2689200
20517,3228300
20518,3189400
20519,2777600
20520,2773200
20521,3204000
20522,3387200
20523,3002700
20524,3612800
20525,2838600
20526,2373100
20527,3338100
20528,2909300
20529,3016300
20530,2807900
20531,2985600
20532,3078800
20533,3161800
20534,3880500
20535,3005600
20536,2390900
20537,2409100
20538,3228000
20539,3200800
20540,3103700
20541,2863400
20542,2953200
20543,3047600
20544,3477600
20545,3539400
20546,2683600
20547,2352000
20548,2916100
20549,3458000
20550,3632600
20551,2796300
20552,2242500
20553,2881400
20554,3028200
20555,3968200
20556,3105400
20557,2464900
20558,2495800
20559,2963000
20560,3536900
20561,2893900
20562,2785100
20563,2939300
20564,2909500
20565,3504700
20566,4125100
20567,3192500
20568,1903700
20569,2529500
20570,2934400
20571,3098400
20572,3406200
20573,2811800
20574,2881100
20575,2914100
20576,2916400
20577,3395200
20578,2723800
20579,2969900
20580,2794800
20581,3658700
20582,3082000
20583,2753200
20584,2690300
20585,2902000
20586,2915700
20587,2832300
20588,2981400
20589,3244200
20590,2798300
20591,2857400
20592,3857700
20593,3202000
20594,2601200
20595,2752100
20596,2802100
20597,3827100
20598,3148400
20599,2784900
20600,2253900
20601,3168400
20602,2503700
20603,2798200
20604,2998400
20605,3245500
20606,2780000
20607,2828000
20608,4797800
20609,4831500
20610,3145000
20611,1952900
20612,2138800
20613,2620600
20614,2767000
20615,3141900
20616,3068600
20617,2762900
20618,2865300
20619,3109600
20620,2851300
20621,3031600
20622,3094400
20623,3205600
20624,3152500
20625,2584300
20626,2468900
20627,3366200
20628,2901500
20629,2731800
20630,2807500
20631,2851400
20632,3167300
20633,3197900
20634,4698300
20635,3547200
20636,1997100
20637,1969500
20638,2542700
20639,3784600
20640,3018100
20641,2479700
20642,2417600
20643,2950500
20644,3312700
20645,2853700
20646,2690800
20647,2843000
20648,2809800
20649,3104500
20650,3723200
20651,2927300
20652,2436500
20653,2412000
20654,3118300
20655,3392200
20656,2712600
20657,2829400
20658,2859800
20659,2839900
20660,2877800
20661,4517400
20662,3911700
20663,2894100
20664,1937700
20665,1907600
20666,3774500
20667,3022200
20668,2428500
20669,2718200
20670,2882800
20671,2896300
20672,3398900
20673,2656200
20674,3113700
20675,2812900
20676,3160100
20677,3676600
20678,2962300
20679,2062500
20680,2795200
20681,2933700
20682,2845900
20683,2992200
20684,3136900
20685,2788700
20686,3015600
20687,3526800
20688,2735100
20689,2507300
20690,3042100
20691,2852700
20692,3502700
20693,2769400
20694,2708800
20695,3145100
20696,2881800
20697,2981200
20698,2832000
20699,2857700
20700,2988200
20701,3182400
20702,3118700
20703,3520200
20704,2571500
20705,2339000
20706,3580600
20707,2739600
20708,3750800
20709,2965800
20710,2279000
20711,2972900
20712,3184300
20713,3198600
20714,3294600
20715,2471800
20716,2613900
20717,3368900
20718,2980900
20719,3442700
20720,2638100
20721,2378900
20722,2962500
20723,3297600
20724,2919500
20725,2777000
20726,2938200
20727,2829500
20728,3000200
20729,3981500
20730,2834900
20731,2594700
20732,2636300
20733,3070500
20734,3301600
20735,2756500
20736,2910300
20737,2796200
20738,2953300
20739,2891300
20740,4152000
20741,3829900
20742,2620900
20743,2381300
20744,2014100
20745,3624700
20746,3385100
20747,2973700
20748,2046600
20749,3089900
20750,3000900
20751,3164500
20752,2958400
20753,2834700
20754,2815500
20755,3018100
20756,4048800
20757,3258000
20758,2093800
20759,2228000
20760,3019900
20761,3624800
20762,2979600
20763,2335700
20764,2861600
20765,2858600
20766,3590700
20767,2769500
20768,2927400
20769,2835800
20770,2805200
20771,3236700
20772,3124500
20773,2996000
20774,2503500
20775,2922400
20776,2869700
20777,2782100
20778,2942500
20779,3370900
20780,2815300
20781,3058100
20782,3516000
20783,2553600
20784,2600900
20785,3048900
20786,2750000
20787,3504200
20788,2673000
20789,2802600
20790,2853800
20791,3257600
20792,3292800
20793,2982300
20794,2494100
20795,2685100
20796,3302100
20797,2945600
20798,3426800
20799,2564600
20800,2398000
20801,3164600
20802,3386800
20803,2677400
20804,3122000
20805,2911700
20806,2947400
20807,3351800
20808,2915200
20809,2774600
20810,2908200
20811,2900700
20812,3066500
20813,3647200
20814,3009100
20815,2667500
20816,2523800
20817,2884300
20818,3638400
20819,3398700
20820,2640300
20821,2393400
20822,2988100
20823,3410900
20824,3707400
20825,2532300
20826,2369200
20827,2920700
20828,2932200
20829,3263500
20830,3177800
20831,2883100
20832,2908600
20833,2988500
20834,3823800
20835,3256000
20836,2291300
20837,2637200
20838,2965600
20839,2984300
20840,3147800
20841,3113300
20842,2810500
20843,3279000
20844,3239500
20845,3760200
20846,3290200
20847,1824600
20848,2940200
20849,3174200
20850,2716500
20851,3022300
20852,3340500
20853,2881300
20854,3210800
20855,2750100
20856,2872800
20857,3556200
20858,3020500
20859,3019600
20860,3533100
20861,2732600
20862,2553000
20863,3302900
20864,2871100
20865,3210400
20866,2801700
20867,2958800
20868,3323100
20869,2918200
20870,2961800
20871,2897800
20872,2921100
20873,3083900
20874,3255300
20875,3466300
20876,3717000
20877,3665000
20878,2383900
20879,2156400
20880,3074600
20881,2750000
20882,2919800
20883,2950300
20884,3001900
20885,3342000
20886,3638700
20887,2543200
20888,2549200
20889,2890600
20890,3658500
20891,2799500
20892,3007000
20893,2911800
20894,2940800
20895,3151400
20896,3250300
20897,2982400
20898,2924500
20899,2892200
20900,2940300
20901,3476400
20902,3523000
20903,2436600
20904,2564100
20905,2971700
20906,2945300
20907,3323800
20908,2792900
20909,2999500
20910,2781600
20911,2858300
20912,4104200
20913,2794100
20914,2368900
20915,2668600
20916,2867400
20917,3039100
20918,3267700
20919,2769400
20920,2870800
20921,2900700
20922,3072400
20923,4066800
20924,2867900
20925,2117900
20926,2817500
20927,2868500
20928,2971000
20929,3249500
20930,2700600
20931,2883200
20932,2881800
20933,3598600
20934,3480300
20935,2684000
20936,2178700
20937,3064800
20938,2933100
20939,2817100
20940,3006900
20941,3192100
20942,2754000
20943,3209500
20944,2785400
20945,2975900
20946,3046000
20947,2725100
20948,3306100
20949,3646700
20950,3081300
20951,2940700
20952,1959500
20953,2912000
20954,2824800
20955,2850300
20956,2917200
20957,3625500
20958,2740300
20959,3587200
20960,2691400
20961,2490400
20962,2730400
20963,3416400
20964,2827800
20965,2760400
20966,2915900
20967,2877300
20968,3149900
20969,3185300
20970,3393800
20971,3136700
20972,2094700
20973,2940700
20974,3458000
20975,2855100
20976,2714400
20977,2822100
20978,2861300
20979,2958700
20980,3475200
20981,2644500
20982,2767700
20983,2872700
20984,2868400
20985,3185000
20986,3021800
20987,3075000
20988,2868400
20989,2843400
20990,3438000
20991,3718300
20992,2487400
20993,2268100
20994,2879600
20995,3010900
20996,2890200
20997,3348500
20998,2753600
20999,2903700
21000,2911700
21001,2874900
21002,2845800
21003,3307900
21004,2764400
21005,2873700
21006,3181400
21007,3478200
21008,2765100
21009,2598500
21010,2697200
21011,3164400
21012,3336600
21013,2808000
21014,2879700
21015,2817900
21016,3237600
21017,3164300
21018,2645200
21019,2532600
21020,3205500
21021,2848700
21022,2841700
21023,2850000
21024,2984200
21025,3348800
21026,2649100
21027,4080700
21028,2879500
21029,2215700
21030,2703700
21031,3208500
21032,3042300
21033,3284600
21034,2608200
21035,2429500
21036,3460100
21037,3006400
21038,2735800
21039,2768800
21040,2917600
21041,2875100
21042,3245000
21043,3086900
21044,2639800
21045,2866100
21046,2944400
21047,3166700
21048,3161800
21049,2914600
21050,2829900
21051,2839200
21052,2920900
21053,3340600
21054,2711500
21055,2911000
21056,2869200
21057,2806000
21058,2957300
21059,3278700
21060,2794600
21061,2867200
21062,2809200
21063,2878000
21064,3361600
21065,2777800
21066,3029500
21067,2973200
21068,2872300
21069,3046000
21070,3149700
21071,2798000
21072,2909800
21073,2852900
21074,3073100
21075,2777000
21076,3319600
21077,2866300
21078,2874300
21079,2777600
21080,3013300
21081,2878800
21082,3222200
21083,2809700
21084,2848600
21085,3125500
21086,2770900
21087,3516900
21088,3063300
21089,2842700
21090,2759000
21091,2783200
21092,3049900
21093,3084800
21094,2856300
21095,2862100
21096,2916400
21097,3004000
21098,3096400
21099,2835800
21100,2873200
21101,2894600
21102,2687100
21103,2840900
21104,3297000
21105,2822700
21106,2823300
21107,3205900
21108,2835700
21109,3060100
21110,3171900
21111,2858500
21112,2830200
21113,2887000
21114,2858500
21115,3283400
21116,2812400
21117,3159400
21118,2569600
21119,2913100
21120,3050100
21121,3046300
21122,3184700
21123,2770600
21124,2858700
21125,2869100
21126,2964300
21127,3209200
21128,2877700
21129,2821000
21130,2815800
21131,2901400
21132,3256400
21133,3121400
21134,2577400
21135,2845000
21136,2898100
21137,2894700
21138,3551900
21139,2795000
21140,2806700
21141,2895700
21142,2838900
21143,3238900
21144,3203300
21145,2689300
21146,2832600
21147,3230000
21148,2947700
21149,3621800
21150,2694800
21151,2909600
21152,2873200
21153,2911800
21154,3191500
21155,3288700
21156,2842400
21157,2925600
21158,2898200
21159,3064400
21160,3310200
21161,2784600
21162,3154500
21163,2889400
21164,3072300
21165,2936100
21166,3267300
21167,2860200
21168,2926300
21169,2920500
21170,2994600
21171,3364900
21172,2863200
21173,2872700
21174,2936700
21175,3059800
21176,3200100
21177,2959200
21178,2928900
21179,2847800
21180,3051500
21181,3274900
21182,3471700
21183,2819500
21184,2969600
21185,3090300
21186,2803200
21187,3077000
21188,3248600
21189,2936500
21190,3168800
21191,2763000
21192,2970700
21193,3323400
21194,2907300
21195,3002400
21196,3048300
21197,2906200
21198,3189700
21199,3063500
21200,2956200
21201,3353600
21202,3056800
21203,2786500
21204,3309200
21205,2887300
21206,3024400
21207,2856300
21208,3020700
21209,3053400
21210,3224900
21211,3101400
21212,2782700
21213,2963800
21214,2928000
21215,3435100
21216,2991900
21217,3479000
21218,2696000
21219,2466900
21220,3515600
21221,3344500
21222,3540900
21223,2704800
21224,2366000
21225,3069400
21226,3338500
21227,3758700
21228,3049600
21229,1991100
21230,2824700
21231,3179400
21232,3097500
21233,2908900
21234,2926600
21235,3142400
21236,2963000
21237,3795600
21238,3060900
21239,2576300
21240,2433800
21241,2983600
21242,3253300
21243,3464500
21244,2660200
21245,2486200
21246,2969400
21247,2858800
21248,2943400
21249,3155100
21250,2904600
21251,2858600
21252,2843700
21253,3108000
21254,3309300
21255,2805400
21256,2886700
21257,2850400
21258,2918000
21259,2914500
21260,3214100
21261,2836100
21262,2749400
21263,2915300
21264,2864900
21265,3297900
21266,2734600
21267,2925000
21268,2791600
21269,3034700
21270,3113600
21271,3152900
21272,2782200
21273,2902900
21274,3008400
21275,2704300
21276,2922200
21277,3135800
21278,2930700
21279,2723000
21280,3276700
21281,2707100
21282,2929900
21283,3024100
21284,2811900
21285,2871100
21286,2832200
21287,2947000
21288,3292100
21289,2712200
21290,3465300
21291,2731700
21292,2747300
21293,2897700
21294,3265400
21295,3058500
21296,2751100
21297,2802000
21298,2854900
21299,3292100
21300,2816600
21301,2906800
21302,2965400
21303,2778100
21304,2956600
21305,3270800
21306,2962700
21307,2836800
21308,3196500
21309,2501900
21310,3157100
21311,3208800
21312,2937000
21313,2756900
21314,2785200
21315,3230100
21316,3325100
21317,2922600
21318,2827800
21319,2934600
21320,2861000
21321,3041000
21322,3128700
21323,2867800
21324,2942500
21325,2806600
21326,2926500
21327,3415200
21328,2928300
21329,3100000
21330,2824900
21331,2898200
21332,3105100
21333,3271700
21334,2941100
21335,2862500
21336,2890600
21337,3127200
21338,2897500
21339,3037700
21340,3020600
21341,2780900
21342,2896200
21343,2999500
21344,3152500
21345,2844400
21346,2958800
21347,2772100
21348,3428000
21349,2965900
21350,3295900
21351,2746300
21352,2744700
21353,3108400
21354,2667000
21355,3278300
21356,2821800
21357,2847200
21358,2872400
21359,2899300
21360,2894800
21361,3267400
21362,2840500
21363,2882000
21364,3052900
21365,2680800
21366,3253600
21367,3103400
21368,2846700
21369,3248300
21370,2750900
21371,2912500
21372,3269500
21373,2802300
21374,2881100
21375,2886700
21376,2818100
21377,3126000
21378,2982400
21379,2855500
21380,2981000
21381,2722100
21382,2933800
21383,3058500
21384,3331400
21385,2896700
21386,2879400
21387,2750000
21388,2949800
21389,3215800
21390,2858900
21391,2823300
21392,2931600
21393,2774600
21394,3011600
21395,3119000
21396,2987800
21397,2783100
21398,2814000
21399,2878100
21400,3265700
21401,3124400
21402,2678200
21403,2852100
21404,3059300
21405,2991200
21406,3292200
21407,2775200
21408,2926400
21409,2783000
21410,2867100
21411,2959000
21412,3278600
21413,2810400
21414,2847200
21415,2858800
21416,2856300
21417,3454600
21418,2769300
21419,2786100
21420,2854900
21421,2860900
21422,2996600
21423,3254500
21424,3066400
21425,2771500
21426,2911000
21427,2862100
21428,3043100
21429,3123700
21430,2908400
21431,2786700
21432,2865900
21433,3171500
21434,3044900
21435,2828000
21436,2862600
21437,2873100
21438,2804200
21439,3301000
21440,3344800
21441,2809600
21442,2684100
21443,2863400
21444,3337800
21445,2684300
21446,3330500
21447,2815000
21448,2842100
21449,3065400
21450,2807900
21451,3200900
21452,2808000
21453,2668200
21454,2863100
21455,2897800
21456,2901500
21457,3256100
21458,2767000
21459,2913400
21460,3044400
21461,2756800
21462,3259400
21463,2836800
21464,3061200
21465,3108700
21466,2682800
21467,2958700
21468,3302700
21469,2720700
21470,2897100
21471,2918900
21472,2815700
21473,3020500
21474,3423700
21475,2734400
21476,3085100
21477,2723000
21478,2917200
21479,3341300
21480,3061300
21481,3051500
21482,2727600
21483,2856400
21484,3462800
21485,3043200
21486,3032100
21487,2670600
21488,2928000
21489,2906400
21490,2953900
21491,3161900
21492,2944900
21493,2863900
21494,2933300
21495,3137500
21496,3158700
21497,2786800
21498,2898400
21499,3157500
21500,2863800
21501,2969400
21502,3262100
21503,2910100
21504,2854400
21505,2984200
21506,2935200
21507,3466200
21508,2795400
21509,2911200
21510,2931200
21511,2906000
21512,3156100
21513,3210300
21514,2822400
21515,2932200
21516,2939600
21517,2941100
21518,3726800
21519,3008700
21520,2916600
21521,2906700
21522,2978200
21523,3022900
21524,3381300
21525,2798900
21526,2921100
21527,2992700
21528,3167200
21529,3267600
21530,2861800
21531,2962300
21532,2957100
21533,3130200
21534,3194500
21535,3020300
21536,2936200
21537,2921000
21538,3351100
21539,3063700
21540,3283500
21541,2890300
21542,3040400
21543,3055700
21544,2771100
21545,2998500
21546,3223800
21547,2917200
21548,2932300
21549,2975600
21550,2974900
21551,3547300
21552,2865000
21553,2899600
21554,3082700
21555,2848400
21556,3118000
21557,3294100
21558,3101000
21559,2880900
21560,3005600
21561,2916800
21562,3306900
21563,2842600
21564,2915800
21565,2877600
21566,2967300
21567,3026300
21568,3096000
21569,2969300
21570,2773600
21571,2961900
21572,2798300
21573,3387600
21574,3011400
21575,2785100
21576,2717700
21577,3224900
21578,2843000
21579,3225400
21580,2972400
21581,2910300
21582,2768800
21583,2853500
21584,2923000
21585,3227800
21586,2784300
21587,2854000
21588,2889400
21589,2860500
21590,3465300
21591,2692900
21592,2836800
21593,2872600
21594,2943800
21595,2995400
21596,3072000
21597,2848200
21598,2767400
21599,2921800
21600,2802000
21601,3027700
21602,3053900
21603,2781700
21604,2853700
21605,2866000
21606,2880100
21607,2947100
21608,3050400
21609,2878800
21610,2779400
21611,2912700
21612,3411900
21613,2728100
21614,2811400
21615,2845800
21616,2850800
21617,3300500
21618,3095000
21619,3184100
21620,2648000
21621,2776000
21622,2864300
21623,3062900
21624,3263300
21625,2789300
21626,2863700
21627,2874700
21628,3386100
21629,2588200
21630,3103700
21631,2791600
21632,2906200
21633,3102400
21634,2963600
21635,2937200
21636,3204900
21637,2847700
21638,2916100
21639,2895900
21640,2937500
21641,3205600
21642,2837500
21643,2951300
21644,2937400
21645,3241800
21646,2817400
21647,3238900
21648,3069600
21649,3135000
21650,2555500
21651,2779900
21652,3385000
21653,2832300
21654,2927000
21655,2987600
