idx,delta_ns
0,2830800
1,2814000
2,2875500
3,3331700
4,2833400
5,2815000
6,2732000
7,2903400
8,2949600
9,3472400
10,2495600
11,2817100
12,2816900
13,2834900
14,3134000
15,3451800
16,2658800
17,2746200
18,2784500
19,3159400
20,3323600
21,2695500
22,2840500
23,2830000
24,2995800
25,2859000
26,3241300
27,2646700
28,2806300
29,2877500
30,2790900
31,3317900
32,3045900
33,2981700
34,2624600
35,2827600
36,2926200
37,3116400
38,2838600
39,2841100
40,2803000
41,2838700
42,2950400
43,3382400
44,2674200
45,2992100
46,2903100
47,3264200
48,3097200
49,3151400
50,2640600
51,2677800
52,2943000
53,2711500
54,3227500
55,2826700
56,2811100
57,2757500
58,2901300
59,2828500
60,2924600
61,3118600
62,2771700
63,3200500
64,2768500
65,2916000
66,3125400
67,2756900
68,2790900
69,2930400
70,2787500
71,2992200
72,3104100
73,2742200
74,2983900
75,2785900
76,2687800
77,3033100
78,3111600
79,2787200
80,3134600
81,2707300
82,3042700
83,4201000
84,2512800
85,3091800
86,4528900
87,3419800
88,1930000
89,2013000
90,3125400
91,2808700
92,2737100
93,3122200
94,3070200
95,2732000
96,2833100
97,3126300
98,2833300
99,3098500
100,3017700
101,3007400
102,2733500
103,2819700
104,2900200
105,3435200
106,2662000
107,2868800
108,2830600
109,2939100
110,2899100
111,3292000
112,2945700
113,2705000
114,3167400
115,2814200
116,3434400
117,2892700
118,2727900
119,2852700
120,2858600
121,2895900
122,3441600
123,2817300
124,2805500
125,2864100
126,2866100
127,3142100
128,3296100
129,2675800
130,2795300
131,2940200
132,2829300
133,3382600
134,3134700
135,2990700
136,2778100
137,2747100
138,2926600
139,3380500
140,2707500
141,2829900
142,2892500
143,2895100
144,3219500
145,2900600
146,2870000
147,2883200
148,2894100
149,3018000
150,2941400
151,3091400
152,3025700
153,2973400
154,2759900
155,3603700
156,2758500
157,2731500
158,2959000
159,2757800
160,3087500
161,2952500
162,3036500
163,2743300
164,2949600
165,2928300
166,2928400
167,3190400
168,2829400
169,2805200
170,2829800
171,2924400
172,3111600
173,2987900
174,3071300
175,2910800
176,3366900
177,2272800
178,3064500
179,3040100
180,2792800
181,2771600
182,2944000
183,2756700
184,2965000
185,3098800
186,2850700
187,2932200
188,2819600
189,2810000
190,3291100
191,2985300
192,2832700
193,2875700
194,2839900
195,2873300
196,3275700
197,2826000
198,2931500
199,2767800
200,2814600
201,3100700
202,2903600
203,2810500
204,2906400
205,2810300
206,2774100
207,2973700
208,3141800
209,3372500
210,2638900
211,2834000
212,2959600
213,2951000
214,2860800
215,2775200
216,2734200
217,2934200
218,2872900
219,3092500
220,2859400
221,2794700
222,2802400
223,2861000
224,2805900
225,3248600
226,2777900
227,2735000
228,2780800
229,2922900
230,3446600
231,2737200
232,2771200
233,2803300
234,2914000
235,3051800
236,3357400
237,2765500
238,2790500
239,2853000
240,2743100
241,3028900
242,3104700
243,2750900
244,2784500
245,2954500
246,2732500
247,3298700
248,2754300
249,2812500
250,2962300
251,2675800
252,2871900
253,3317000
254,2735300
255,2803100
256,2858900
257,2779700
258,3097200
259,3010200
260,2790800
261,2961600
262,2679900
263,2916800
264,3121900
265,3320100
266,2789300
267,2775700
268,2848300
269,2960000
270,3209600
271,2733300
272,2914100
273,2794400
274,3108600
275,2752000
276,3230600
277,2812400
278,2941300
279,2765200
280,3059300
281,2927600
282,3013900
283,2869000
284,2895300
285,3002100
286,2807700
287,3466100
288,2794000
289,2936200
290,2801600
291,2876000
292,2898900
293,3198100
294,2801600
295,2926200
296,2928000
297,2745700
298,2981400
299,3178600
300,2798700
301,3027800
302,2705000
303,2842700
304,3378400
305,2915800
306,2890600
307,2970400
308,2992900
309,2977600
310,3404900
311,2723200
312,2961600
313,2797600
314,2796700
315,2984400
316,3214600
317,3038800
318,2574100
319,2775200
320,2842100
321,3336100
322,2735200
323,3028800
324,2703000
325,3014200
326,2933500
327,3251400
328,2846600
329,2675400
330,2965100
331,2698300
332,2979900
333,3183200
334,2861500
335,2709700
336,2864000
337,2924100
338,3173400
339,2981300
340,2715300
341,2785400
342,2802100
343,3040000
344,3197000
345,2862900
346,2697800
347,3127400
348,2813900
349,2949500
350,3462200
351,2606800
352,2825400
353,2813800
354,2909300
355,3476900
356,2609400
357,2779800
358,2821500
359,2913400
360,2857600
361,3413600
362,2653600
363,2798200
364,3084500
365,2875200
366,3228800
367,2943200
368,2753000
369,2908100
370,2774600
371,2865000
372,3357400
373,3078700
374,3090100
375,2704900
376,2777300
377,2969000
378,3156700
379,2772600
380,2800800
381,2940400
382,3222500
383,3030100
384,2791000
385,2774100
386,3209700
387,2824400
388,2959500
389,2805700
390,3116200
391,2767800
392,2866300
393,3162900
394,2818200
395,3292900
396,2694600
397,2728400
398,2882600
399,2784300
400,3214600
401,2920100
402,2805700
403,3409900
404,2562100
405,2814000
406,3365200
407,2664900
408,2994400
409,2773600
410,2813700
411,2898300
412,3309400
413,2678600
414,3104200
415,2624300
416,2788600
417,3322900
418,2815600
419,2724400
420,3197400
421,2784600
422,2831100
423,3192000
424,3170500
425,2903000
426,2792400
427,2766200
428,2851800
429,3285900
430,2727400
431,2888400
432,2835800
433,2790300
434,2914000
435,3234600
436,2933400
437,2725100
438,2852700
439,2739500
440,3181900
441,2992400
442,3051500
443,2806700
444,2837100
445,2831600
446,3336300
447,2837100
448,2721800
449,2818300
450,2854700
451,3002700
452,3143600
453,2828600
454,2770300
455,2842500
456,2839200
457,3235300
458,3594500
459,2570500
460,2814400
461,2818200
462,2823100
463,3528100
464,2633200
465,2876200
466,2784500
467,2865200
468,2957400
469,3390800
470,2706800
471,2850000
472,2866600
473,2893800
474,3596000
475,2976700
476,2770200
477,3037200
478,2746500
479,3219500
480,3052200
481,2747100
482,2872300
483,2888200
484,2998700
485,3030400
486,3118900
487,2833400
488,2876200
489,2881900
490,2999300
491,3372000
492,2836200
493,2878300
494,2894800
495,3036500
496,2866400
497,3299500
498,3032900
499,2885400
500,2905700
501,3203700
502,2780000
503,3142300
504,2797600
505,2894800
506,3137700
507,2648500
508,3367400
509,2743800
510,2887300
511,2993700
512,2769000
513,3185600
514,3064000
515,3081200
516,2958900
517,2804100
518,2890000
519,2986200
520,3159200
521,2817100
522,3082200
523,2815700
524,2873800
525,3284700
526,2770800
527,3002800
528,2743300
529,2935000
530,3135200
531,3350900
532,3007900
533,2787900
534,2856100
535,2833300
536,3373900
537,2760100
538,2877200
539,2813400
540,2906200
541,3036100
542,3032300
543,2996600
544,2755900
545,2808400
546,2807600
547,2934800
548,3176500
549,2839800
550,2780100
551,2901800
552,2742500
553,3165000
554,3456000
555,2806600
556,2638000
557,2764600
558,2826400
559,3247300
560,2845100
561,2753500
562,2879000
563,2735500
564,3038200
565,3292100
566,2640100
567,2866200
568,2808100
569,2778100
570,3128700
571,3463400
572,2694600
573,2753700
574,2834700
575,2773500
576,3272300
577,2802200
578,2813100
579,2730800
580,2810600
581,3086500
582,3096400
583,2665000
584,2884100
585,2739700
586,2847200
587,3002100
588,2994000
589,2826100
590,2785100
591,2780400
592,2941900
593,2839100
594,3114800
595,2839500
596,2761700
597,2867200
598,2838700
599,2814000
600,3177100
601,2757300
602,2852900
603,2872800
604,2820500
605,3448900
606,2740800
607,2826200
608,2874300
609,2777600
610,3161900
611,3023700
612,2627400
613,2938100
614,2819800
615,3117000
616,2982600
617,3200900
618,2815800
619,2884700
620,2832000
621,2800000
622,3380500
623,2690400
624,2958500
625,2723100
626,2861100
627,3156200
628,3110300
629,2782500
630,2795100
631,2807100
632,3226800
633,2962700
634,3325600
635,2631400
636,2799000
637,2909000
638,2897000
639,3451300
640,2750800
641,2777400
642,2872200
643,2795600
644,3012500
645,3519000
646,2569900
647,2851600
648,2830300
649,2834400
650,3298400
651,3154100
652,2747700
653,3154400
654,2832400
655,2881500
656,3386900
657,2749300
658,2795400
659,2838800
660,2967300
661,3024400
662,3098500
663,2732600
664,2874900
665,2893200
666,2859800
667,3083600
668,3027900
669,2794400
670,3160800
671,2728900
672,2947000
673,3257600
674,2769600
675,2772700
676,2833200
677,2971900
678,3038400
679,3233200
680,2802800
681,2804700
682,2955900
683,2710800
684,3135900
685,3022800
686,2766700
687,2797700
688,3272600
689,2774400
690,3268300
691,2679500
692,2859900
693,2964200
694,2666500
695,3067400
696,3146600
697,2702500
698,2806700
699,2886000
700,2793000
701,2930100
702,3141400
703,2746300
704,2935500
705,2765300
706,2748800
707,3046200
708,3200600
709,2935900
710,2865400
711,2767700
712,2846600
713,3256800
714,2784700
715,3190000
716,2789200
717,2939000
718,2819400
719,3163600
720,2682900
721,2870800
722,2815700
723,2788700
724,3223700
725,2899900
726,2860700
727,2981100
728,2933900
729,2804600
730,2816600
731,3252500
732,2745800
733,2819400
734,2833400
735,3049400
736,3017300
737,2998300
738,2745900
739,3002100
740,2731600
741,3223300
742,3234000
743,2682200
744,3424700
745,2915000
746,2575000
747,2861400
748,2848600
749,2761000
750,2936500
751,2845000
752,2886800
753,3356600
754,2787900
755,2779800
756,2867000
757,2920600
758,2850500
759,3377800
760,2842800
761,2812300
762,2923200
763,2789900
764,3240700
765,2970100
766,3127700
767,2929600
768,2868900
769,3134000
770,3014700
771,3369100
772,3497100
773,2360700
774,4939200
775,4865700
776,2333000
777,2138200
778,2527200
779,2667600
780,3322600
781,2784900
782,2850600
783,2912200
784,2846000
785,3039800
786,3139000
787,2773600
788,2852000
789,3105700
790,2650000
791,2898200
792,3306800
793,2790100
794,3009900
795,2611800
796,2878200
797,2969600
798,3858400
799,2343900
800,2858100
801,2732600
802,2995500
803,3158300
804,2857600
805,2872300
806,2799400
807,2787900
808,3000000
809,3074100
810,2959600
811,2754200
812,2800500
813,2877800
814,2926800
815,3164500
816,3479500
817,2597700
818,2788400
819,2802100
820,3444300
821,2931700
822,2776800
823,2733700
824,2993800
825,2944900
826,3341700
827,2731000
828,2765000
829,2938500
830,2797500
831,3462200
832,2880800
833,2824700
834,2819200
835,2900200
836,3034400
837,3261500
838,2720700
839,2956700
840,2819300
841,3166500
842,3141800
843,3163500
844,2761900
845,2787500
846,2896400
847,3217100
848,3048200
849,2728000
850,2986200
851,2743600
852,2945100
853,3025400
854,3176300
855,2820000
856,2907900
857,2812100
858,3153900
859,3093900
860,2809300
861,2911400
862,3102100
863,3090000
864,2814200
865,3457100
866,2692000
867,2861500
868,3036400
869,2758900
870,2970000
871,3177200
872,2802100
873,3101100
874,2768600
875,2991700
876,2978700
877,3124700
878,2997600
879,2859700
880,2739300
881,2908000
882,3228600
883,2817300
884,2984000
885,2692300
886,2887200
887,2896000
888,3190300
889,3065300
890,2667400
891,2802200
892,2887900
893,3326500
894,2712200
895,3209600
896,2619900
897,2995700
898,2985900
899,3160500
900,2873100
901,2784400
902,2798200
903,2819000
904,2976300
905,3311200
906,2818300
907,2764500
908,2803500
909,2850700
910,2979800
911,3405100
912,2625600
913,2799800
914,3110600
915,2744100
916,3497400
917,2589800
918,2831500
919,2726100
920,2868900
921,2945900
922,3238700
923,2765700
924,2759900
925,2799500
926,2822700
927,2985000
928,3151700
929,2782100
930,2769500
931,2804100
932,2994600
933,2759000
934,3195800
935,2798400
936,2789800
937,3041100
938,2676900
939,3243800
940,2804600
941,2858700
942,2771000
943,2917500
944,2849300
945,3211200
946,2815900
947,2732500
948,2987300
949,2722800
950,3072100
951,2990000
952,2807900
953,3232400
954,2654400
955,2894900
956,3220000
957,2833900
958,2752800
959,2911400
960,2803000
961,2834600
962,3215600
963,2829900
964,3014900
965,2700300
966,2725600
967,3001800
968,3104200
969,2825500
970,3051200
971,2659200
972,2827100
973,3015000
974,3139600
975,3173000
976,2702500
977,2814500
978,2863100
979,3490900
980,2671400
981,2908200
982,2753700
983,2852600
984,2918400
985,3204300
986,3164300
987,2622900
988,2969800
989,2804300
990,3131900
991,3373600
992,2721700
993,2806000
994,2903200
995,2845000
996,2888300
997,3233000
998,2727800
999,2849000
1000,2923500
1001,2959800
1002,3226800
1003,2729000
1004,2800500
1005,2842500
1006,2813400
1007,3436700
1008,2720800
1009,2717600
1010,3060600
1011,2891600
1012,2860500
1013,3384600
1014,2607100
1015,2876200
1016,2792300
1017,2847300
1018,3342200
1019,3098900
1020,2670200
1021,2950900
1022,2763400
1023,2852100
1024,2995400
1025,3087600
1026,2755800
1027,2916900
1028,2773000
1029,3187500
1030,2979000
1031,3002600
1032,2852700
1033,2798700
1034,2922000
1035,2860200
1036,3182400
1037,2775200
1038,2831500
1039,2802500
1040,2854300
1041,2957700
1042,3096500
1043,2741100
1044,2822200
1045,2924600
1046,2745800
1047,3248000
1048,2858000
1049,2958900
1050,2858500
1051,2819700
1052,2840700
1053,3352800
1054,2709300
1055,2837400
1056,2996900
1057,3070000
1058,3419300
1059,2619500
1060,2744400
1061,2675300
1062,2893600
1063,2943900
1064,2995800
1065,2921200
1066,3087700
1067,3043900
1068,2743400
1069,2739700
1070,2894900
1071,3132400
1072,2961100
1073,2658700
1074,2766500
1075,2810400
1076,3163200
1077,2769800
1078,2879000
1079,2761100
1080,2902000
1081,2931600
1082,3080000
1083,2899900
1084,2758300
1085,2876800
1086,2750300
1087,3149000
1088,3451600
1089,2704900
1090,3055900
1091,2843700
1092,2559300
1093,3361300
1094,2820000
1095,2825500
1096,2882500
1097,2989200
1098,2931300
1099,3252800
1100,2711800
1101,2852100
1102,2898700
1103,2868700
1104,3366900
1105,3030700
1106,2793400
1107,2940800
1108,2832100
1109,2914000
1110,3335300
1111,2731200
1112,2886100
1113,2919400
1114,2840900
1115,3163600
1116,3056900
1117,2848600
1118,2878300
1119,2925900
1120,2995400
1121,2794200
1122,3240800
1123,2860400
1124,2892300
1125,2819200
1126,3142000
1127,3218200
1128,2804100
1129,3013500
1130,3011900
1131,2889200
1132,3027200
1133,3060400
1134,3006200
1135,2769400
1136,2943500
1137,2768200
1138,3036200
1139,3200000
1140,3167600
1141,2689900
1142,2704600
1143,2998700
1144,3175700
1145,2811900
1146,2776300
1147,2916700
1148,3090600
1149,3024700
1150,3156200
1151,2883700
1152,2767900
1153,2909800
1154,2875900
1155,3281800
1156,2789200
1157,3274100
1158,2724300
1159,2825500
1160,2938000
1161,3050400
1162,2999000
1163,2596700
1164,2850500
1165,3140800
1166,2975400
1167,3623200
1168,2637700
1169,2785100
1170,2852900
1171,2837700
1172,3389600
1173,2862800
1174,2734700
1175,2950900
1176,2752300
1177,2985500
1178,3253000
1179,2762500
1180,2818500
1181,2937300
1182,2725100
1183,3451400
1184,2810300
1185,2725100
1186,3215700
1187,2774800
1188,2874000
1189,3829900
1190,2463600
1191,2700500
1192,2813900
1193,2864200
1194,3279500
1195,3208200
1196,2524300
1197,2788700
1198,2898100
1199,2833800
1200,3340100
1201,3091500
1202,2724700
1203,3080000
1204,2842300
1205,3217000
1206,3339700
1207,2689600
1208,2809300
1209,2887400
1210,2888800
1211,3012900
1212,3096600
1213,2774400
1214,2845500
1215,2845200
1216,2834800
1217,3178300
1218,2929200
1219,2817500
1220,2834700
1221,3136500
1222,2835300
1223,3318900
1224,2677900
1225,2881000
1226,3035500
1227,2634300
1228,2928200
1229,3221100
1230,2744300
1231,2887600
1232,2938700
1233,2762300
1234,2956500
1235,3037000
1236,2880000
1237,2841100
1238,3198000
1239,2587100
1240,3142300
1241,3133600
1242,3095300
1243,2810100
1244,2770100
1245,2965200
1246,3125600
1247,2748900
1248,2942600
1249,2785100
1250,2763700
1251,3073100
1252,3031300
1253,2836900
1254,2868500
1255,2788900
1256,2834400
1257,2952200
1258,3120100
1259,2851300
1260,3022000
1261,2778200
1262,2913500
1263,3181300
1264,2900500
1265,2774300
1266,2768000
1267,2903300
1268,2818500
1269,3158600
1270,2840200
1271,2767500
1272,2825600
1273,2894500
1274,2814700
1275,3259200
1276,2800300
1277,2782500
1278,2848500
1279,2859200
1280,3284400
1281,2791200
1282,2764800
1283,2839800
1284,2924400
1285,2756600
1286,3336400
1287,2702100
1288,2782900
1289,2879200
1290,2858300
1291,3092700
1292,2980200
1293,2760200
1294,2839500
1295,3203500
1296,2751700
1297,3065400
1298,3105700
1299,2750700
1300,2902700
1301,2865600
1302,2829000
1303,3340500
1304,2714800
1305,2834100
1306,2946800
1307,3015400
1308,2730600
1309,3247400
1310,2739200
1311,2905400
1312,3076700
1313,2715400
1314,3003200
1315,3108800
1316,3116600
1317,2866400
1318,2909100
1319,2834000
1320,3274700
1321,2811500
1322,2952900
1323,2848400
1324,2773300
1325,2951200
1326,3225100
1327,2794800
1328,3162500
1329,2605600
1330,3021000
1331,3246200
1332,3096600
1333,3318000
1334,2623400
1335,2898000
1336,2835700
1337,3371700
1338,2833900
1339,2814000
1340,2805300
1341,2886700
1342,2973800
1343,3188000
1344,2936100
1345,2724600
1346,2864000
1347,2840500
1348,3076400
1349,3095200
1350,2871400
1351,2770400
1352,2867900
1353,2916800
1354,3635200
1355,3019400
1356,2769100
1357,2789400
1358,2840400
1359,2992100
1360,3278500
1361,2686200
1362,2860300
1363,2869300
1364,2827600
1365,2984800
1366,3229800
1367,2702400
1368,2831800
1369,2815100
1370,2923100
1371,3359000
1372,2937900
1373,2763000
1374,2849800
1375,2933700
1376,3015400
1377,3035900
1378,2736300
1379,2838700
1380,2762500
1381,2894900
1382,2961800
1383,3107600
1384,2739800
1385,2887300
1386,2770500
1387,2939000
1388,3361800
1389,3040700
1390,2694800
1391,2878900
1392,2894800
1393,2788400
1394,3178300
1395,2804800
1396,2769600
1397,2818000
1398,3093100
1399,3056900
1400,3267100
1401,2519400
1402,2900100
1403,2894300
1404,2757000
1405,2820700
1406,3149400
1407,2816900
1408,3184700
1409,2535100
1410,2845900
1411,3105400
1412,3171200
1413,2750100
1414,2848300
1415,2755500
1416,3118100
1417,2986400
1418,2784700
1419,3048700
1420,2625100
1421,2862300
1422,2877400
1423,3174100
1424,2844400
1425,2912100
1426,2702200
1427,2809500
1428,3171500
1429,3252800
1430,3001200
1431,2745400
1432,2796800
1433,3061500
1434,3043700
1435,2851500
1436,3144000
1437,3244500
1438,2503000
1439,2890700
1440,2990700
1441,2917300
1442,2718900
1443,2954800
1444,2766900
1445,3349800
1446,3202500
1447,2613000
1448,2758600
1449,2844600
1450,4288300
1451,2642900
1452,3271400
1453,4661500
1454,2635300
1455,2083700
1456,2018900
1457,3273400
1458,2725900
1459,2872300
1460,2863500
1461,3099600
1462,3301800
1463,2617600
1464,2832700
1465,2853400
1466,2889900
1467,3223100
1468,3114800
1469,2771600
1470,2898400
1471,3176000
1472,2821000
1473,3427000
1474,2733200
1475,2850500
1476,2889000
1477,2817900
1478,3406900
1479,2902000
1480,2762100
1481,3360700
1482,2382200
1483,2867100
1484,3497600
1485,2961700
1486,2753700
1487,2868100
1488,3158800
1489,3054900
1490,3175700
1491,2788400
1492,2835800
1493,2840000
1494,2934200
1495,3000200
1496,3173900
1497,2723600
1498,2919900
1499,2808900
1500,3302000
1501,2783700
1502,3370600
1503,2498200
1504,2780000
1505,3272600
1506,2522800
1507,3525500
1508,2779600
1509,2857800
1510,3199300
1511,2779500
1512,2951600
1513,3171700
1514,2849100
1515,3111300
1516,2610300
1517,2813800
1518,3314600
1519,2720200
1520,2858000
1521,2907500
1522,2825400
1523,3084200
1524,3084800
1525,2728800
1526,2978100
1527,3117000
1528,2689800
1529,2930100
1530,3104200
1531,3083600
1532,3028400
1533,2504300
1534,2700300
1535,3117800
1536,3229600
1537,3135300
1538,2575400
1539,2758900
1540,2866900
1541,3356500
1542,2795300
1543,2740800
1544,2898800
1545,2806000
1546,2980700
1547,3255100
1548,2670500
1549,2849000
1550,2825000
1551,2819900
1552,2909700
1553,3550600
1554,2739500
1555,2830700
1556,2829900
1557,2914900
1558,3297800
1559,2780700
1560,2791200
1561,2738600
1562,2779000
1563,3456700
1564,2639100
1565,2685300
1566,3121900
1567,2783300
1568,2900200
1569,3016300
1570,3083000
1571,2783700
1572,2820400
1573,2905500
1574,2925800
1575,3263500
1576,2839200
1577,2741100
1578,2829500
1579,2938600
1580,3488300
1581,2731100
1582,2678000
1583,3062000
1584,2842200
1585,2887200
1586,2831400
1587,3276000
1588,2730600
1589,2833300
1590,2825000
1591,2825700
1592,2938200
1593,3195100
1594,2718400
1595,2815800
1596,2951000
1597,2852900
1598,3256500
1599,2797300
1600,2784500
1601,3333800
1602,2666800
1603,2877300
1604,3253800
1605,2680900
1606,3096000
1607,2584200
1608,2826500
1609,2956100
1610,3182400
1611,2752100
1612,2914300
1613,2784400
1614,2898700
1615,3408900
1616,2836200
1617,2877100
1618,2759700
1619,2830800
1620,2913400
1621,3229500
1622,2690200
1623,2890900
1624,2820100
1625,2892600
1626,2859800
1627,3258700
1628,2781400
1629,2811100
1630,2817900
1631,2800300
1632,3272000
1633,2955400
1634,2788000
1635,3008200
1636,2874300
1637,2837700
1638,3261600
1639,2861100
1640,2734500
1641,2870900
1642,2797100
1643,3061200
1644,3262800
1645,2631400
1646,2805500
1647,2894200
1648,2819300
1649,3252000
1650,3240900
1651,2639700
1652,2813100
1653,3082100
1654,2969000
1655,3203400
1656,2836200
1657,2767000
1658,2881400
1659,2764700
1660,3109500
1661,3081900
1662,2726300
1663,2891600
1664,2792500
1665,2862900
1666,3018300
1667,3129500
1668,2702700
1669,2857900
1670,2890600
1671,2990800
1672,3402900
1673,2650500
1674,2831800
1675,2855600
1676,2853600
1677,3280500
1678,3205700
1679,2973500
1680,2865600
1681,2843400
1682,2905200
1683,3356100
1684,3046800
1685,2764100
1686,2960500
1687,2856500
1688,2941600
1689,3212400
1690,2733400
1691,2832800
1692,2879100
1693,2906900
1694,3108700
1695,2993700
1696,3174700
1697,2771200
1698,2983800
1699,2772300
1700,3306600
1701,2787600
1702,2836900
1703,2987700
1704,2710400
1705,2926200
1706,3338900
1707,2686700
1708,2955100
1709,2741800
1710,2886000
1711,2873900
1712,3270300
1713,2759500
1714,2923800
1715,2808600
1716,2830300
1717,3059700
1718,3141700
1719,3065000
1720,2596000
1721,2789300
1722,3297400
1723,3260300
1724,2725400
1725,2889700
1726,2888700
1727,2830300
1728,2991300
1729,3222100
1730,2742400
1731,2811300
1732,2824800
1733,2828100
1734,3058300
1735,3320200
1736,2686200
1737,2899400
1738,2750800
1739,2964700
1740,3178000
1741,3081500
1742,2847100
1743,2969800
1744,2741600
1745,2984500
1746,3069600
1747,2679900
1748,2816000
1749,2988300
1750,2698700
1751,3451700
1752,2883800
1753,2755300
1754,2846400
1755,2794700
1756,3006900
1757,3278500
1758,2709800
1759,2650400
1760,2851900
1761,2743800
1762,2960300
1763,3312300
1764,2861400
1765,2677900
1766,2808100
1767,2868000
1768,2975600
1769,3110300
1770,2862500
1771,2764600
1772,2866800
1773,3196600
1774,2699600
1775,3132300
1776,2735100
1777,2775000
1778,3340400
1779,2819800
1780,3198700
1781,2796800
1782,2767400
1783,2810300
1784,3277600
1785,3195400
1786,3030500
1787,2523200
1788,2758800
1789,2891400
1790,2796500
1791,3103000
1792,3022500
1793,2800300
1794,2921800
1795,3174400
1796,2836800
1797,3432800
1798,2750500
1799,2801500
1800,2939000
1801,2833600
1802,3107300
1803,3046000
1804,2902800
1805,2860000
1806,2834900
1807,2836200
1808,3064500
1809,3235600
1810,2750400
1811,2865800
1812,3232400
1813,2917500
1814,3236500
1815,2755700
1816,2959500
1817,2790100
1818,2944100
1819,3008100
1820,3193400
1821,2889600
1822,3419700
1823,2185400
1824,2884900
1825,3273100
1826,2991200
1827,2771300
1828,2836100
1829,2867700
1830,3148800
1831,3079600
1832,2934300
1833,2775100
1834,3064100
1835,2889900
1836,3404600
1837,3227100
1838,2559500
1839,3182800
1840,2514100
1841,2778200
1842,3135300
1843,3041300
1844,2779100
1845,2823500
1846,2889600
1847,3489000
1848,2749400
1849,2777400
1850,2807600
1851,3134100
1852,2810800
1853,3059200
1854,3179800
1855,2705200
1856,2900100
1857,2787500
1858,3041300
1859,3162700
1860,2773600
1861,2789300
1862,2810300
1863,2986000
1864,3081600
1865,3022600
1866,2824400
1867,2763900
1868,3115500
1869,2924000
1870,2940200
1871,3215100
1872,2718400
1873,2810400
1874,3285600
1875,3093400
1876,2387200
1877,3128700
1878,2701800
1879,3094300
1880,2610300
1881,2840600
1882,3149600
1883,2844200
1884,2761000
1885,3048800
1886,2671800
1887,2860000
1888,3279600
1889,2686600
1890,3353400
1891,2621700
1892,2781100
1893,2926100
1894,3202200
1895,2705800
1896,2924200
1897,2741200
1898,2869500
1899,2928700
1900,3155500
1901,2787700
1902,2805100
1903,2770200
1904,3157600
1905,3116700
1906,2738800
1907,3101900
1908,2781100
1909,2807800
1910,2998400
1911,3290100
1912,2737800
1913,2776700
1914,2919000
1915,2757300
1916,3065400
1917,3112300
1918,2763600
1919,2826000
1920,2853900
1921,2847800
1922,3964700
1923,2387100
1924,2946700
1925,2763800
1926,2820200
1927,3107900
1928,3093300
1929,2731700
1930,2850200
1931,2826100
1932,2772700
1933,3400400
1934,2810600
1935,2693500
1936,2887700
1937,2830000
1938,2891400
1939,3259600
1940,2829100
1941,2769200
1942,2873600
1943,2772200
1944,3041500
1945,3264900
1946,2720900
1947,2816400
1948,2876900
1949,2946700
1950,2973300
1951,3209100
1952,2695700
1953,2871400
1954,2823700
1955,3255800
1956,3265900
1957,2813400
1958,2801700
1959,2863200
1960,2893600
1961,2927600
1962,3212500
1963,2882100
1964,2701500
1965,3059900
1966,2649700
1967,3081100
1968,3089900
1969,2838300
1970,3001400
1971,2725100
1972,2797800
1973,3256000
1974,2764200
1975,2925600
1976,2889600
1977,2800900
1978,2920400
1979,3197300
1980,2720600
1981,3235400
1982,2754800
1983,2766700
1984,3002100
1985,3456900
1986,2701500
1987,2894100
1988,2799700
1989,2895600
1990,3306100
1991,2763100
1992,2895200
1993,2832200
1994,2731000
1995,2818400
1996,3233700
1997,2787500
1998,2998700
1999,2630200
2000,2872900
2001,2955000
2002,3409400
2003,2863800
2004,2725000
2005,3159000
2006,2403500
2007,2928800
2008,3174600
2009,2774500
2010,2773500
2011,2833800
2012,2807700
2013,2963400
2014,3508100
2015,2712100
2016,2776200
2017,2823900
2018,2898600
2019,3488900
2020,2671700
2021,2679700
2022,2831500
2023,2869600
2024,2984000
2025,3274100
2026,2690000
2027,2843900
2028,2803400
2029,2848700
2030,3066400
2031,3059700
2032,2727800
2033,2805700
2034,2871500
2035,2813400
2036,3321100
2037,2816500
2038,2779600
2039,2846200
2040,3316200
2041,2657400
2042,3112600
2043,2665600
2044,2839900
2045,2900600
2046,3147300
2047,2943500
2048,3170600
2049,2788800
2050,2838700
2051,2869300
2052,2916000
2053,3255800
2054,2786800
2055,2821300
2056,2879100
2057,2952100
2058,3098600
2059,3173800
2060,2676100
2061,2829800
2062,2825400
2063,3173500
2064,3302800
2065,2795200
2066,2799500
2067,2975600
2068,2969500
2069,2653300
2070,3340000
2071,2793400
2072,2762200
2073,3028500
2074,2692000
2075,3561500
2076,2762200
2077,2715600
2078,2838100
2079,2939200
2080,2771600
2081,3025400
2082,3173700
2083,2721500
2084,3056400
2085,2954200
2086,2984100
2087,3069800
2088,2725900
2089,2890100
2090,2874200
2091,2748600
2092,2936500
2093,3264500
2094,2792700
2095,3200700
2096,2507200
2097,3146700
2098,2805800
2099,3297000
2100,2797000
2101,2816600
2102,2864600
2103,2735200
2104,2943200
2105,3258400
2106,2843400
2107,2705800
2108,2895000
2109,2815900
2110,3870200
2111,2213100
2112,2807900
2113,2798900
2114,2798100
2115,3179200
2116,3077700
2117,2718100
2118,2801000
2119,3083100
2120,2839800
2121,2995600
2122,3143600
2123,2755000
2124,2767200
2125,2849000
2126,2838600
2127,3045100
2128,3074100
2129,2754200
2130,2847100
2131,2830200
2132,3111200
2133,3408100
2134,2957800
2135,2485800
2136,3051500
2137,2986800
2138,3442300
2139,3909200
2140,3778500
2141,2009900
2142,1732300
2143,2906000
2144,3107100
2145,3194800
2146,2398800
2147,2886500
2148,2843100
2149,2883000
2150,3211000
2151,2774300
2152,2894800
2153,2734200
2154,3090500
2155,2870300
2156,3254200
2157,2703300
2158,3098700
2159,3084700
2160,2585300
2161,3331900
2162,2756700
2163,2825000
2164,2849200
2165,2863000
2166,3023200
2167,3060100
2168,2743200
2169,2860100
2170,3038500
2171,2631900
2172,3060800
2173,3321400
2174,2725500
2175,3166500
2176,2816000
2177,2844800
2178,3220400
2179,2888800
2180,3178000
2181,2876600
2182,2574500
2183,3142200
2184,2911400
2185,2853500
2186,2831400
2187,2822800
2188,2834100
2189,2914300
2190,3133200
2191,3267100
2192,2505000
2193,2884400
2194,2801400
2195,3066200
2196,3190300
2197,3053000
2198,2794900
2199,2841200
2200,3016900
2201,3116000
2202,2842500
2203,2785900
2204,2881600
2205,2848200
2206,2964200
2207,3426800
2208,2693200
2209,2733200
2210,2927100
2211,2794300
2212,3458500
2213,2765400
2214,3484800
2215,2400300
2216,2859100
2217,2969400
2218,3755000
2219,2548700
2220,3387200
2221,2105200
2222,2796400
2223,3233000
2224,2907300
2225,2817200
2226,2887000
2227,2796700
2228,2861800
2229,3058200
2230,3130200
2231,3076400
2232,2847300
2233,2850300
2234,3113200
2235,3014000
2236,2758000
2237,2915400
2238,2801400
2239,3047400
2240,2855700
2241,3092100
2242,2819600
2243,2906700
2244,2846000
2245,2984100
2246,2966300
2247,3122800
2248,2927000
2249,3144400
2250,2605300
2251,2825800
2252,3272700
2253,3005000
2254,2829400
2255,2769500
2256,2828000
2257,2943700
2258,3171800
2259,2752500
2260,2934300
2261,2780100
2262,2793800
2263,2942500
2264,3203900
2265,2723600
2266,3213500
2267,2717700
2268,2651600
2269,3305700
2270,2978600
2271,2887800
2272,2832700
2273,2793900
2274,2955200
2275,3133100
2276,2725500
2277,2963800
2278,2726400
2279,2808500
2280,3280200
2281,2787900
2282,2881800
2283,2949100
2284,3101600
2285,2395100
2286,3260800
2287,3072600
2288,3205400
2289,2651500
2290,2882000
2291,2862300
2292,3156300
2293,3009000
2294,2635300
2295,2869400
2296,2787500
2297,2985600
2298,3079700
2299,2858400
2300,2783900
2301,2823200
2302,2842300
2303,2969700
2304,3133500
2305,2825900
2306,2865200
2307,2736600
2308,2871500
2309,3289800
2310,2824000
2311,2786900
2312,2871400
2313,2779000
2314,2948200
2315,3325100
2316,2658100
2317,2927900
2318,2839300
2319,3294300
2320,2543900
2321,3310500
2322,2769200
2323,2899200
2324,2881000
2325,2951500
2326,3423100
2327,3107900
2328,2711500
2329,2907300
2330,2915500
2331,3237500
2332,2939200
2333,2939100
2334,2843500
2335,2869600
2336,2919000
2337,3095500
2338,3039500
2339,2981800
2340,2904800
2341,2820000
2342,3053300
2343,3204600
2344,3133900
2345,2766100
2346,2914500
2347,2977100
2348,2965600
2349,3182500
2350,2836600
2351,2887600
2352,2893000
2353,3368500
2354,2917500
2355,2870000
2356,2798400
2357,2842900
2358,2928300
2359,2914600
2360,3386200
2361,2908000
2362,2711400
2363,3088900
2364,2712600
2365,3557700
2366,2836100
2367,2779400
2368,2984600
2369,2766000
2370,2891000
2371,3249300
2372,2801300
2373,2812100
2374,2869100
2375,2819500
2376,2990900
2377,3210300
2378,2788500
2379,2882700
2380,2786900
2381,2828800
2382,3089100
2383,3092100
2384,2875800
2385,2818700
2386,2794300
2387,3499300
2388,2946300
2389,2854100
2390,2749600
2391,2831100
2392,3037900
2393,2753100
2394,3263200
2395,2825800
2396,2737100
2397,2879500
2398,2840100
2399,3086800
2400,3438200
2401,2624000
2402,2851500
2403,2836100
2404,3174300
2405,3320600
2406,2743100
2407,2775900
2408,2860400
2409,2906500
2410,3003300
2411,3147400
2412,2763600
2413,2765500
2414,2902700
2415,2832200
2416,3498800
2417,2774000
2418,2840900
2419,2853000
2420,2848600
2421,3561500
2422,2444200
2423,3002000
2424,2769700
2425,3140000
2426,2815500
2427,3478600
2428,3039400
2429,2877100
2430,2676500
2431,2799700
2432,2887800
2433,3258900
2434,2967200
2435,2798100
2436,2904500
2437,3096300
2438,2830000
2439,3133900
2440,2713600
2441,2863700
2442,3177800
2443,2748100
2444,2853600
2445,3129200
2446,2790500
2447,2728700
2448,3010200
2449,2682300
2450,3006400
2451,3163600
2452,2697200
2453,3024200
2454,2676800
2455,2790800
2456,3903200
2457,2256300
2458,2814100
2459,2849300
2460,3104200
2461,2955600
2462,3162100
2463,2740500
2464,2895100
2465,2806100
2466,2862800
2467,2960600
2468,3167200
2469,2798000
2470,2813300
2471,2865000
2472,2758400
2473,3518300
2474,2678400
2475,3089600
2476,2674000
2477,3012500
2478,3053700
2479,3080500
2480,3250400
2481,2835900
2482,2689200
2483,2698200
2484,2878600
2485,3103200
2486,2765700
2487,2845300
2488,2775300
2489,2848400
2490,2958400
2491,4293600
2492,2092400
2493,2425200
2494,2929700
2495,3168800
2496,3204700
2497,2705700
2498,2811600
2499,2862000
2500,2872600
2501,3020300
2502,3089500
2503,2755600
2504,2826300
2505,2856500
2506,2876800
2507,3124500
2508,2936300
2509,2792000
2510,2925700
2511,2766500
2512,2815300
2513,3551000
2514,2643600
2515,2856000
2516,3126700
2517,2787700
2518,3383900
2519,3061600
2520,2881700
2521,2619900
2522,2699000
2523,2827600
2524,2982000
2525,3219600
2526,3048700
2527,2487500
2528,2792500
2529,2959500
2530,3276400
2531,2661200
2532,2817200
2533,2855600
2534,3079600
2535,2867000
2536,3176700
2537,2649700
2538,3172600
2539,2771200
2540,3003700
2541,2807400
2542,3399800
2543,2673000
2544,2926900
2545,2853300
2546,2808700
2547,2910300
2548,3175600
2549,2823400
2550,3047000
2551,2648200
2552,2948800
2553,3239800
2554,2703700
2555,3324400
2556,2649900
2557,2889400
2558,2937300
2559,3211500
2560,2695200
2561,3836300
2562,2284500
2563,2552600
2564,2906900
2565,3169800
2566,3056800
2567,2644800
2568,2818600
2569,2831800
2570,3407400
2571,2726700
2572,2978900
2573,2791400
2574,2764100
2575,3220300
2576,3005400
2577,3365200
2578,2611600
2579,2839700
2580,2751500
2581,3499500
2582,2771200
2583,2861200
2584,2830100
2585,2856100
2586,3003700
2587,3218200
2588,2810200
2589,2762100
2590,2832900
2591,2888900
2592,3124800
2593,3425500
2594,2757300
2595,2807800
2596,3245200
2597,2423800
2598,2977300
2599,3209500
2600,2744000
2601,2874800
2602,2849200
2603,2865300
2604,3464200
2605,2651800
2606,2858500
2607,2846800
2608,2830100
2609,3214100
2610,3355200
2611,2753900
2612,2838200
2613,2848600
2614,2863200
2615,3004600
2616,3032000
2617,2861400
2618,2748700
2619,2813000
2620,3028700
2621,3251800
2622,2724600
2623,2834700
2624,2820500
2625,2897500
2626,2867100
2627,3214700
2628,2772700
2629,2845900
2630,2792700
2631,3544900
2632,2341100
2633,3181700
2634,2895600
2635,2757000
2636,3158200
2637,2699200
2638,2827000
2639,3141200
2640,2841500
2641,2877200
2642,2883000
2643,2808300
2644,3220700
2645,2779600
2646,2821100
2647,2901000
2648,2906700
2649,2950400
2650,3087500
2651,2756000
2652,2940500
2653,2775400
2654,2836000
2655,2974600
2656,3166600
2657,3046300
2658,2610100
2659,2896200
2660,2816500
2661,3291700
2662,2724500
2663,2903000
2664,2773300
2665,2942300
2666,3368300
2667,2934700
2668,2897000
2669,2673800
2670,2830900
2671,2909900
2672,2936900
2673,3288200
2674,2728500
2675,2832800
2676,2898800
2677,2846400
2678,3282200
2679,2905800
2680,2747700
2681,2863700
2682,2846600
2683,3004200
2684,3405900
2685,2652300
2686,2742100
2687,2863300
2688,2984900
2689,3207900
2690,3124000
2691,2736900
2692,2864800
2693,2903200
2694,2843500
2695,3523900
2696,2723800
2697,2814900
2698,2857200
2699,2908500
2700,3091200
2701,3299200
2702,3043300
2703,2790100
2704,2916100
2705,2842600
2706,2945300
2707,3155100
2708,2796700
2709,2875100
2710,2892200
2711,2918800
2712,3130000
2713,2836400
2714,2837000
2715,2884100
2716,3052400
2717,2650500
2718,3246000
2719,2768100
2720,2853100
2721,3069300
2722,2632400
2723,3080100
2724,3054300
2725,2794100
2726,3023200
2727,2833200
2728,3170200
2729,3248500
2730,2773500
2731,2872100
2732,3003400
2733,2863100
2734,2818400
2735,3218500
2736,2789000
2737,2989000
2738,2742600
2739,2822800
2740,2956800
2741,3155500
2742,3204700
2743,2655300
2744,2778500
2745,3130100
2746,3272900
2747,3041200
2748,2687000
2749,2814100
2750,2859400
2751,2932200
2752,3212900
2753,2800400
2754,2936300
2755,2741100
2756,2877000
2757,2916000
2758,3315800
2759,2755500
2760,2887600
2761,2781200
2762,3173000
2763,3369800
2764,2674300
2765,2951700
2766,2728400
2767,2846400
2768,3020400
2769,3502500
2770,2853700
2771,2904300
2772,2627200
2773,2914800
2774,3003800
2775,3119900
2776,2788600
2777,2735800
2778,2869600
2779,2887100
2780,2882700
2781,3194400
2782,2879700
2783,2682700
2784,2875100
2785,2983400
2786,3140700
2787,2843200
2788,2752900
2789,2812900
2790,3087700
2791,2850500
2792,3394600
2793,2718500
2794,2823300
2795,2850200
2796,2897900
2797,2912100
2798,3160300
2799,2792300
2800,2857000
2801,3034900
2802,2877800
2803,3300000
2804,2925700
2805,2726500
2806,3181100
2807,2545500
2808,3272300
2809,3047600
2810,2944300
2811,2923900
2812,2796500
2813,2827100
2814,3309300
2815,2831400
2816,2808000
2817,2890000
2818,2782600
2819,3120300
2820,3839700
2821,3042800
2822,2938200
2823,3814600
2824,4095200
2825,2157800
2826,1849700
2827,3001100
2828,3154300
2829,2522800
2830,2768100
2831,3229700
2832,2910500
2833,2608500
2834,2907800
2835,2826400
2836,2893300
2837,3248800
2838,2809500
2839,2835900
2840,2800700
2841,2874400
2842,3214800
2843,3076100
2844,3121700
2845,2765600
2846,2892800
2847,2961800
2848,3208900
2849,2665200
2850,2867600
2851,2778300
2852,2867100
2853,3267700
2854,2823600
2855,2819300
2856,2868800
2857,2811200
2858,2841900
2859,3374100
2860,2818300
2861,3368500
2862,2480400
2863,2756600
2864,3050500
2865,3114300
2866,2734600
2867,2801700
2868,2830300
2869,2845000
2870,3043400
2871,3064500
2872,2770000
2873,2845700
2874,2773300
2875,2924300
2876,2982800
2877,3175800
2878,2715700
2879,3065700
2880,3019400
2881,2635800
2882,2857700
2883,3201200
2884,2729800
2885,2818900
2886,2871900
2887,2841900
2888,3245300
2889,2790100
2890,2754200
2891,2938700
2892,2713000
2893,2989800
2894,3078300
2895,2754700
2896,2860400
2897,2865500
2898,2745900
2899,3015100
2900,3368400
2901,2712700
2902,2885300
2903,2785300
2904,2851400
2905,3210200
2906,2731100
2907,3219800
2908,2739800
2909,2568700
2910,2847300
2911,3286800
2912,2786900
2913,2781400
2914,2741000
2915,2806400
2916,3115600
2917,3307300
2918,2978500
2919,2900700
2920,2716800
2921,2832200
2922,3275100
2923,2939900
2924,2689100
2925,2856300
2926,2848800
2927,2749400
2928,3462300
2929,2748700
2930,2685600
2931,2909800
2932,2855100
2933,3014500
2934,3214400
2935,3095800
2936,2746000
2937,2850800
2938,2873300
2939,3128200
2940,3094800
2941,2819900
2942,2765600
2943,2861000
2944,2989900
2945,3241500
2946,2806000
2947,2877600
2948,2838200
2949,2849600
2950,3021500
2951,3254000
2952,2864900
2953,2856200
2954,2828700
2955,3134100
2956,2911700
2957,3044500
2958,2821700
2959,2854400
2960,2947900
2961,3167300
2962,3261400
2963,2740600
2964,2823300
2965,3207400
2966,2677500
2967,2931300
2968,3148200
2969,2851000
2970,2871100
2971,2853800
2972,2910100
2973,3072500
2974,3274400
2975,2720200
2976,3019300
2977,2778400
2978,2920100
2979,3267300
2980,2816400
2981,3121100
2982,2614700
2983,2868300
2984,2949200
2985,3231900
2986,2715100
2987,3047900
2988,2665800
2989,2889300
2990,3343600
2991,2862500
2992,2910600
2993,2727300
2994,2871700
2995,2903500
2996,3227100
2997,3010000
2998,2626400
2999,2899900
3000,2801300
3001,3012400
3002,3152400
3003,2739600
3004,2867000
3005,2840800
3006,2804600
3007,3310200
3008,2930700
3009,2705900
3010,2838800
3011,2813500
3012,3185900
3013,3106800
3014,2988300
3015,2723500
3016,2804800
3017,2907000
3018,2961700
3019,3070200
3020,2831600
3021,2856200
3022,2808800
3023,2787500
3024,3210600
3025,2968300
3026,2718700
3027,2849000
3028,2798600
3029,2816600
3030,2980100
3031,3208600
3032,2690800
3033,2851000
3034,3063200
3035,2963200
3036,3354200
3037,2772500
3038,2752100
3039,2889900
3040,2918100
3041,2846500
3042,3336100
3043,2786400
3044,2769700
3045,2853200
3046,2847000
3047,2909000
3048,3096000
3049,2873700
3050,2803300
3051,2928800
3052,3041200
3053,3191800
3054,2824600
3055,2833400
3056,2978900
3057,2716900
3058,2973100
3059,3248500
3060,2763800
3061,3063900
3062,2662100
3063,2819200
3064,2933500
3065,3221500
3066,2776200
3067,2939100
3068,2829900
3069,2850800
3070,3260000
3071,3152500
3072,3164300
3073,2881500
3074,2791400
3075,3010300
3076,3072400
3077,3059900
3078,2698200
3079,2863700
3080,2875500
3081,3034900
3082,3112900
3083,2909000
3084,2836000
3085,2823300
3086,2912200
3087,3319900
3088,2895300
3089,2698700
3090,3159700
3091,2907500
3092,2947700
3093,3205900
3094,2807400
3095,2889800
3096,2872300
3097,2901100
3098,3516600
3099,2555300
3100,2890700
3101,2853400
3102,2856000
3103,2929500
3104,3490200
3105,2654400
3106,2816300
3107,2864700
3108,2904900
3109,3324900
3110,2997100
3111,2817700
3112,3401700
3113,2620300
3114,3010200
3115,3157800
3116,3123600
3117,2951300
3118,2755200
3119,2815100
3120,3174400
3121,2962400
3122,2729000
3123,2822200
3124,2919200
3125,2970300
3126,3219900
3127,2704900
3128,2786600
3129,3159800
3130,2916500
3131,2783600
3132,3131700
3133,2755600
3134,2832800
3135,2825200
3136,2829800
3137,2909000
3138,3202900
3139,2750100
3140,2874300
3141,2928700
3142,2696500
3143,3217400
3144,3198400
3145,2714400
3146,3109700
3147,2872500
3148,2838500
3149,3242000
3150,2749900
3151,2818500
3152,2968900
3153,2748100
3154,2972400
3155,3097100
3156,2777400
3157,3123800
3158,2540000
3159,2923400
3160,2918500
3161,3066900
3162,2783900
3163,2993000
3164,3000200
3165,2818400
3166,3165500
3167,2759900
3168,3016100
3169,2641900
3170,2846400
3171,2811200
3172,3324200
3173,2870700
3174,2944200
3175,2966000
3176,2649700
3177,2756400
3178,3038300
3179,2830600
3180,2750800
3181,2826500
3182,2838600
3183,3179600
3184,3092700
3185,2967900
3186,2764500
3187,2811500
3188,2827000
3189,2987100
3190,3130700
3191,2729200
3192,2874700
3193,2842000
3194,2858900
3195,2982500
3196,3066200
3197,2779300
3198,2896700
3199,2822900
3200,3605400
3201,2868100
3202,2756000
3203,2900200
3204,2735900
3205,2831800
3206,3040900
3207,3047300
3208,2825700
3209,2903200
3210,2760300
3211,2934700
3212,3231400
3213,2739000
3214,2867600
3215,2856500
3216,2968800
3217,2700400
3218,3576800
3219,2687300
3220,2866000
3221,2844800
3222,2952100
3223,2823700
3224,3440200
3225,2824300
3226,2828500
3227,2942600
3228,2757900
3229,3353200
3230,2702900
3231,2909900
3232,2966200
3233,2697200
3234,2879400
3235,3251100
3236,2762400
3237,2808500
3238,3006000
3239,2728900
3240,3008900
3241,3197000
3242,2970000
3243,3006800
3244,2642200
3245,2915900
3246,3264400
3247,2806000
3248,3090100
3249,2798600
3250,2606800
3251,2858500
3252,3272400
3253,2875800
3254,3284400
3255,2564600
3256,2642700
3257,3032100
3258,3247100
3259,3054100
3260,2746900
3261,2766200
3262,2890300
3263,2930100
3264,3400700
3265,2619600
3266,2749400
3267,2826600
3268,2784100
3269,3280900
3270,2924300
3271,2721500
3272,2827200
3273,2814900
3274,2874800
3275,3473900
3276,2585200
3277,2832500
3278,2786100
3279,2876400
3280,3140100
3281,2993100
3282,2675300
3283,2850200
3284,2897700
3285,3036400
3286,3145700
3287,3104100
3288,2762900
3289,2878400
3290,2863800
3291,3048300
3292,3124900
3293,2720300
3294,2880100
3295,2842800
3296,3162800
3297,3354900
3298,2866700
3299,2774600
3300,2826400
3301,2914100
3302,2821300
3303,2982500
3304,3138900
3305,2781600
3306,2892900
3307,2824300
3308,2907700
3309,3300200
3310,2722400
3311,2903000
3312,2957700
3313,2738300
3314,2953700
3315,3151500
3316,2822300
3317,2839400
3318,3026100
3319,3006400
3320,3345500
3321,2725700
3322,2852500
3323,2888500
3324,2821800
3325,2892600
3326,3318200
3327,2700000
3328,3019200
3329,2693700
3330,2869500
3331,2997200
3332,3432700
3333,2728000
3334,2854700
3335,2871100
3336,2814700
3337,3273200
3338,2913900
3339,2793800
3340,2781600
3341,2883400
3342,2850500
3343,3255500
3344,3016400
3345,2631600
3346,2853700
3347,2817000
3348,2947800
3349,3643800
3350,2329000
3351,2888000
3352,2850000
3353,2802500
3354,3313100
3355,2890500
3356,2681000
3357,2818300
3358,3159900
3359,2841900
3360,3278100
3361,2755500
3362,2774200
3363,2844900
3364,2843000
3365,3045500
3366,3130200
3367,2725500
3368,2796000
3369,2786100
3370,2859900
3371,3006300
3372,3135900
3373,2644100
3374,2858600
3375,2789100
3376,3046000
3377,3179700
3378,2894700
3379,2815300
3380,3128600
3381,2762700
3382,2967900
3383,3297000
3384,2679900
3385,2773200
3386,2884600
3387,2782500
3388,3061900
3389,3115000
3390,2702000
3391,2867000
3392,2915500
3393,2674400
3394,3137700
3395,2935400
3396,2792500
3397,3161400
3398,2778300
3399,2861100
3400,3377100
3401,2685100
3402,3137400
3403,2571100
3404,2831200
3405,2960200
3406,3241500
3407,2724600
3408,2942100
3409,2779700
3410,2890800
3411,3198700
3412,3143000
3413,2820400
3414,2815500
3415,3192900
3416,2932000
3417,3198500
3418,3048000
3419,2818800
3420,3049000
3421,2681300
3422,2992900
3423,3235800
3424,2866700
3425,2889900
3426,2840700
3427,2838000
3428,3350800
3429,3108700
3430,2657400
3431,2778400
3432,3226100
3433,2821600
3434,3412500
3435,2762800
3436,2838000
3437,2904300
3438,2911900
3439,3017600
3440,3167900
3441,2826200
3442,2870100
3443,2915500
3444,2834600
3445,3248200
3446,2983400
3447,2879200
3448,2861300
3449,2864900
3450,3662100
3451,2848900
3452,2831500
3453,3135300
3454,2875700
3455,3001100
3456,2885500
3457,3163000
3458,2868400
3459,2898300
3460,2869400
3461,3348900
3462,3108900
3463,3021300
3464,2591400
3465,2880700
3466,3021300
3467,3050100
3468,2934900
3469,2790300
3470,3103800
3471,3247400
3472,2511200
3473,2838900
3474,3329600
3475,2805900
3476,3054700
3477,2717300
3478,2761500
3479,3229600
3480,2825900
3481,2717300
3482,3094900
3483,2672600
3484,2931800
3485,3310300
3486,2743200
3487,2945000
3488,2783500
3489,2699300
3490,3216900
3491,3026000
3492,2929800
3493,2988100
3494,2705900
3495,2942000
3496,3196100
3497,2751500
3498,2968900
3499,2804200
3500,2738100
3501,2891900
3502,3122300
3503,2974700
3504,2608900
3505,2903500
3506,2738400
3507,3058900
3508,3039900
3509,3027700
3510,2802100
3511,2916800
3512,2730700
3513,3311100
3514,2878400
3515,3352200
3516,2424800
3517,3207700
3518,4803300
3519,3588000
3520,1957900
3521,2516200
3522,2359900
3523,2669000
3524,2977100
3525,3074700
3526,2978900
3527,2817000
3528,2763400
3529,2880800
3530,3190500
3531,2771000
3532,2834700
3533,2865400
3534,2667400
3535,3065200
3536,3052900
3537,2711200
3538,2847000
3539,2822700
3540,2799600
3541,2969700
3542,3079600
3543,2710800
3544,2873700
3545,2802200
3546,3193200
3547,2990300
3548,3278300
3549,2668100
3550,2643100
3551,3003500
3552,2681000
3553,3269300
3554,2718800
3555,2866500
3556,2771500
3557,2891200
3558,2862200
3559,3263600
3560,2814100
3561,2851100
3562,2839900
3563,2756700
3564,3081500
3565,3041300
3566,3100100
3567,2845500
3568,2838800
3569,2740900
3570,2981700
3571,3204900
3572,2763600
3573,2986600
3574,2786100
3575,2876700
3576,3272700
3577,2747100
3578,2959900
3579,2724900
3580,2832600
3581,2990300
3582,3277800
3583,2719500
3584,3029400
3585,2801300
3586,2813000
3587,3607400
3588,2750600
3589,2930500
3590,2785400
3591,2872000
3592,2991600
3593,3440100
3594,2864900
3595,2868000
3596,2800900
3597,2904700
3598,2853100
3599,3247000
3600,3351300
3601,2379900
3602,2773000
3603,2815000
3604,3311000
3605,3202100
3606,2727000
3607,2770400
3608,2904300
3609,3021800
3610,3048700
3611,2802700
3612,2802200
3613,2874000
3614,2813800
3615,2951500
3616,3217500
3617,2736300
3618,2778000
3619,2908300
3620,2859300
3621,3061700
3622,2931600
3623,2867300
3624,2787700
3625,2857100
3626,3296900
3627,3042500
3628,2759500
3629,2886500
3630,2787800
3631,2859800
3632,3019200
3633,3149600
3634,2702900
3635,2980900
3636,2737500
3637,2949200
3638,2932800
3639,3025000
3640,2788300
3641,2816200
3642,3417600
3643,2995300
3644,2802000
3645,2798800
3646,2796100
3647,2873700
3648,2806300
3649,2802200
3650,3283500
3651,2707800
3652,2859000
3653,2809900
3654,2812600
3655,2893400
3656,3096900
3657,2816200
3658,2918400
3659,2809600
3660,2774000
3661,3098800
3662,3023000
3663,2762700
3664,2829900
3665,3144900
3666,2740000
3667,3270900
3668,2770200
3669,2925400
3670,2731100
3671,2917000
3672,2867800
3673,3234700
3674,2731900
3675,2850000
3676,2859500
3677,2839900
3678,2999900
3679,3153600
3680,2846800
3681,2735000
3682,2927300
3683,2784000
3684,2867900
3685,3296100
3686,2735500
3687,2892200
3688,2768300
3689,2885800
3690,3179600
3691,3528500
3692,2124900
3693,2913100
3694,2720200
3695,2944000
3696,3435700
3697,2657300
3698,2772600
3699,2844600
3700,3091800
3701,2972000
3702,3075500
3703,2814800
3704,2884100
3705,2803700
3706,2832200
3707,3342200
3708,2721200
3709,2829700
3710,2834600
3711,2811800
3712,3207700
3713,2922900
3714,2748700
3715,2812700
3716,2968500
3717,2770900
3718,3258700
3719,3072600
3720,2743700
3721,3154200
3722,2769200
3723,2979200
3724,3385600
3725,2690200
3726,2884400
3727,2924400
3728,2888400
3729,2895300
3730,3227900
3731,2763300
3732,2846300
3733,2961700
3734,2825200
3735,3086100
3736,2955900
3737,2827400
3738,2915200
3739,3126100
3740,2785900
3741,2935600
3742,3217300
3743,2916600
3744,2717700
3745,2924500
3746,2959200
3747,3117100
3748,2851100
3749,2894300
3750,2879600
3751,2802400
3752,2886700
3753,3443700
3754,2737700
3755,3053100
3756,2686700
3757,2829200
3758,3375900
3759,2806900
3760,3296000
3761,2646700
3762,2766300
3763,2981000
3764,3172400
3765,2823600
3766,2959600
3767,2803800
3768,2813400
3769,2957500
3770,3180900
3771,3106900
3772,2624500
3773,2804700
3774,2889500
3775,3058700
3776,3124300
3777,3194100
3778,2777200
3779,2833900
3780,2974700
3781,3199200
3782,3031300
3783,2654800
3784,2869900
3785,2812500
3786,3033800
3787,3196600
3788,2938800
3789,2768100
3790,2807500
3791,2938100
3792,3541700
3793,2873300
3794,2716900
3795,3195400
3796,2872000
3797,2965200
3798,3319900
3799,2731500
3800,2816200
3801,2875700
3802,2897300
3803,2933300
3804,3370800
3805,2924200
3806,2977400
3807,2654500
3808,2799100
3809,3947300
3810,2398700
3811,2612200
3812,2993200
3813,2996800
3814,2917400
3815,3307100
3816,2688200
3817,2926400
3818,2699500
3819,3007300
3820,3071000
3821,2997800
3822,2646400
3823,2853000
3824,2775000
3825,2892900
3826,2926100
3827,3164700
3828,2747400
3829,2895800
3830,2775900
3831,3189800
3832,3151700
3833,2996700
3834,2773000
3835,2809900
3836,2948200
3837,2872000
3838,3123800
3839,2813500
3840,2844100
3841,2805700
3842,2824100
3843,2993600
3844,3083300
3845,2796700
3846,2772900
3847,2873100
3848,2860900
3849,3155400
3850,2823600
3851,2786900
3852,3024600
3853,2645000
3854,3103600
3855,3248300
3856,2729100
3857,2680100
3858,2939300
3859,2713600
3860,2912000
3861,3178700
3862,2702100
3863,3082800
3864,2586700
3865,2770800
3866,3373600
3867,2753900
3868,2724900
3869,3136700
3870,3159600
3871,2686600
3872,2982000
3873,2863900
3874,3077900
3875,2534800
3876,2780100
3877,2940300
3878,3219100
3879,2708500
3880,2816800
3881,2851800
3882,2781600
3883,3017100
3884,3184300
3885,2957300
3886,2916300
3887,2733800
3888,2669500
3889,2983300
3890,3335800
3891,2829300
3892,2766000
3893,2903700
3894,2853800
3895,3176900
3896,2913400
3897,2700300
3898,2946400
3899,2775500
3900,2939200
3901,3279800
3902,2815400
3903,2779900
3904,2823200
3905,2920900
3906,3055600
3907,3278500
3908,2771700
3909,2832600
3910,2840000
3911,2958600
3912,3355400
3913,2778700
3914,2841900
3915,2930700
3916,3137300
3917,3264700
3918,2931700
3919,2895600
3920,2815600
3921,2933300
3922,3193700
3923,3105500
3924,2798300
3925,2864800
3926,2835000
3927,2906500
3928,3220500
3929,3074700
3930,2794700
3931,2879100
3932,2855300
3933,3246800
3934,3023800
3935,3220000
3936,2869300
3937,2886100
3938,3026100
3939,2960000
3940,3262500
3941,2723400
3942,3012400
3943,2738600
3944,3360500
3945,2856200
3946,2950500
3947,2801000
3948,2870700
3949,3004700
3950,3122600
3951,3217300
3952,2815300
3953,2789500
3954,3004700
3955,2705900
3956,2935200
3957,3204200
3958,2800900
3959,2824300
3960,2858500
3961,2905900
3962,2838500
3963,3195900
3964,2796900
3965,2919800
3966,2802400
3967,2853900
3968,2883200
3969,3130600
3970,2771200
3971,2848000
3972,3125000
3973,2784000
3974,3214200
3975,2764500
3976,2907700
3977,2714600
3978,2918500
3979,2954500
3980,3143000
3981,2733600
3982,2860600
3983,2816900
3984,2719200
3985,3117000
3986,2932700
3987,2916500
3988,2847800
3989,2935200
3990,2769400
3991,2858500
3992,3116600
3993,2819700
3994,2822000
3995,2772900
3996,2785200
3997,3192900
3998,2804200
3999,2725500
4000,2818400
4001,2815700
4002,3054500
4003,3032600
4004,2731800
4005,2789100
4006,2830600
4007,3112200
4008,2811600
4009,3171600
4010,2757800
4011,2818500
4012,2890700
4013,2767500
4014,2911700
4015,3216700
4016,2700100
4017,2871000
4018,2853800
4019,2803800
4020,3402800
4021,2849500
4022,2798200
4023,2864500
4024,2833500
4025,2879800
4026,3197600
4027,2792000
4028,2839200
4029,2880100
4030,2784800
4031,3045900
4032,3055700
4033,3421700
4034,2190500
4035,2923200
4036,2708600
4037,2966400
4038,3149700
4039,2825400
4040,2910600
4041,2712500
4042,2997100
4043,3241800
4044,2662700
4045,2925100
4046,3093300
4047,2917200
4048,2866800
4049,3143200
4050,2828800
4051,2890800
4052,2820800
4053,2923800
4054,3084800
4055,3134600
4056,2794800
4057,2893000
4058,2972200
4059,2804800
4060,3325700
4061,2721000
4062,3010400
4063,3303200
4064,2586500
4065,2951800
4066,3265500
4067,2841700
4068,2837300
4069,2919500
4070,2806000
4071,3383600
4072,2824100
4073,2912000
4074,2872100
4075,2810900
4076,2930800
4077,3247800
4078,2781900
4079,2959600
4080,2852000
4081,2778000
4082,3147000
4083,3027400
4084,3172300
4085,2803700
4086,2858600
4087,2868900
4088,3318900
4089,2829800
4090,3088200
4091,2640200
4092,2825400
4093,2937300
4094,3314700
4095,2752700
4096,2866100
4097,2809000
4098,2816300
4099,3108900
4100,3102500
4101,3089900
4102,2750200
4103,2943400
4104,2753900
4105,3304400
4106,2895000
4107,2907500
4108,2670800
4109,2888500
4110,3009700
4111,3122000
4112,2809900
4113,2811000
4114,2847200
4115,2821900
4116,2929100
4117,3495900
4118,2570700
4119,2814000
4120,2860200
4121,2840800
4122,3333800
4123,3117000
4124,2724000
4125,2903100
4126,2782400
4127,3027800
4128,3416400
4129,2611000
4130,2852700
4131,2865400
4132,2864300
4133,2960100
4134,3158300
4135,2756900
4136,2886500
4137,2826800
4138,2848100
4139,3109000
4140,3340400
4141,2747100
4142,2913800
4143,2826600
4144,2987800
4145,3162500
4146,2816300
4147,2781700
4148,2881300
4149,2809700
4150,3304800
4151,3211600
4152,2916600
4153,2536100
4154,2840800
4155,3093200
4156,2848000
4157,2955300
4158,3064000
4159,2929700
4160,2742400
4161,3295100
4162,3193900
4163,2738600
4164,2797100
4165,2876400
4166,2932300
4167,2867200
4168,3142600
4169,2779000
4170,2815600
4171,3196200
4172,2531500
4173,2882500
4174,3303200
4175,2744800
4176,2732500
4177,3067900
4178,2687200
4179,3361700
4180,2869600
4181,2721300
4182,3078800
4183,2632900
4184,3056000
4185,3094200
4186,2712100
4187,2776400
4188,2962100
4189,2709600
4190,3041400
4191,3018700
4192,2762500
4193,2850100
4194,2921800
4195,2677900
4196,3086100
4197,3220600
4198,2792000
4199,2996600
4200,2656200
4201,3323600
4202,3598400
4203,2297700
4204,3838200
4205,3805600
4206,2702000
4207,1995100
4208,2081700
4209,2915000
4210,2777600
4211,2791200
4212,2770500
4213,3041600
4214,3247700
4215,2955900
4216,2818300
4217,2885800
4218,2834700
4219,2762500
4220,3021500
4221,2821600
4222,2772400
4223,2825200
4224,3020200
4225,3045100
4226,3077100
4227,2845900
4228,2748500
4229,2675700
4230,2869300
4231,3233000
4232,2856700
4233,2707500
4234,2894500
4235,2803800
4236,3208000
4237,3224700
4238,2698400
4239,2834200
4240,2864800
4241,2867600
4242,3700000
4243,2735600
4244,2898700
4245,2843200
4246,2903600
4247,3071400
4248,3335000
4249,2829200
4250,2868600
4251,2860100
4252,2946100
4253,3149700
4254,3123300
4255,2822600
4256,2873000
4257,3221700
4258,3039700
4259,3225000
4260,2732500
4261,2979900
4262,2905800
4263,2996500
4264,2961700
4265,3183300
4266,2839900
4267,2847900
4268,2927500
4269,3307700
4270,3104800
4271,2795600
4272,2923500
4273,2890600
4274,3355600
4275,3405200
4276,2808100
4277,2973600
4278,2839300
4279,2997200
4280,2948300
4281,3235100
4282,2799000
4283,2970300
4284,2984800
4285,2794200
4286,2968200
4287,3298800
4288,2819200
4289,3319100
4290,2845200
4291,2672700
4292,3337900
4293,2727800
4294,2832600
4295,3165200
4296,2921000
4297,3100500
4298,3038700
4299,2816600
4300,3051100
4301,2706200
4302,2853200
4303,3360200
4304,2700300
4305,3108100
4306,2623600
4307,2870500
4308,2893300
4309,3016700
4310,3137000
4311,2802700
4312,3083600
4313,2816300
4314,3079300
4315,3292700
4316,2854200
4317,2777800
4318,2805700
4319,2879700
4320,2916900
4321,3072200
4322,3034000
4323,2819800
4324,2743600
4325,2802300
4326,3199500
4327,3153100
4328,2636300
4329,2790300
4330,3168100
4331,2879900
4332,3178100
4333,3056700
4334,2551100
4335,2830000
4336,2748900
4337,2932600
4338,3191900
4339,2722500
4340,2755000
4341,2873500
4342,2714500
4343,3022600
4344,3103500
4345,2698300
4346,2792500
4347,3152500
4348,2779000
4349,3235900
4350,2741400
4351,2891400
4352,2803800
4353,2827100
4354,3057300
4355,3150300
4356,2713700
4357,2866300
4358,2870500
4359,2724400
4360,3403700
4361,3052200
4362,2699700
4363,2792300
4364,2860900
4365,2815000
4366,2946100
4367,2985800
4368,2774500
4369,2859400
4370,2899700
4371,2780600
4372,3230000
4373,2755400
4374,3584500
4375,2129300
4376,2848700
4377,2968400
4378,3358000
4379,2632600
4380,2873500
4381,2946700
4382,2714000
4383,2971400
4384,3175200
4385,2821900
4386,2890400
4387,3005800
4388,2728300
4389,3468300
4390,2782700
4391,3211000
4392,2747600
4393,2848200
4394,3040700
4395,3040800
4396,2982700
4397,2963200
4398,2670600
4399,2869800
4400,3096800
4401,3148500
4402,2910800
4403,2948500
4404,2725400
4405,2903000
4406,3290100
4407,2754100
4408,3694200
4409,2282500
4410,2852100
4411,2933000
4412,3158500
4413,3133900
4414,2766200
4415,2842000
4416,2844300
4417,3344500
4418,2971700
4419,2871300
4420,2739700
4421,2666200
4422,2775300
4423,3275600
4424,2890700
4425,3004300
4426,2792800
4427,2878600
4428,2877300
4429,3617500
4430,2588600
4431,2773800
4432,2814300
4433,2922000
4434,3208000
4435,3043600
4436,2676200
4437,2870100
4438,2718500
4439,2750000
4440,3267700
4441,2805600
4442,2739100
4443,3313500
4444,2329600
4445,3496300
4446,2797600
4447,3029900
4448,2722200
4449,2859000
4450,2800900
4451,3032800
4452,3132300
4453,2743700
4454,2829000
4455,2805200
4456,2891100
4457,2915700
4458,3161400
4459,2797800
4460,2876100
4461,2853000
4462,3038200
4463,3401200
4464,3057700
4465,2783700
4466,2806000
4467,2941900
4468,2924100
4469,3266600
4470,2705600
4471,2826500
4472,2959800
4473,2741000
4474,3231600
4475,2870800
4476,2787100
4477,2875900
4478,3278600
4479,2549500
4480,3211000
4481,3049600
4482,2744200
4483,2886100
4484,2812700
4485,2959200
4486,3199900
4487,2743300
4488,2958900
4489,2743200
4490,2856100
4491,3304200
4492,2732400
4493,2880400
4494,3001900
4495,2919400
4496,3183100
4497,2898000
4498,2752700
4499,3018300
4500,2639200
4501,2772300
4502,3306300
4503,3107000
4504,2694300
4505,3002000
4506,2663800
4507,2797900
4508,2980800
4509,3231600
4510,2739100
4511,2725600
4512,2751500
4513,3195300
4514,2539700
4515,3289200
4516,2626600
4517,2838400
4518,2790400
4519,2920400
4520,3540100
4521,2708900
4522,2783300
4523,2782400
4524,2890000
4525,2894900
4526,3319500
4527,2573100
4528,2793000
4529,2812600
4530,2802200
4531,2991400
4532,3079200
4533,2751100
4534,2846100
4535,2776700
4536,2782800
4537,3242400
4538,3337100
4539,2493400
4540,2802200
4541,2872100
4542,2785200
4543,3497600
4544,2563200
4545,2814100
4546,2789000
4547,2808700
4548,3555100
4549,2621900
4550,2674900
4551,2821200
4552,2848300
4553,2804000
4554,2898100
4555,3131200
4556,2713800
4557,2803000
4558,2818400
4559,3135900
4560,2968000
4561,2784600
4562,2793700
4563,2851600
4564,2836100
4565,3101100
4566,3789800
4567,2341500
4568,2910500
4569,2789100
4570,3158800
4571,2928100
4572,3299900
4573,2525700
4574,2826700
4575,3184700
4576,2605200
4577,3381500
4578,2816700
4579,2803700
4580,2866000
4581,2969900
4582,2938100
4583,3667100
4584,2425000
4585,2843800
4586,3212100
4587,2808700
4588,3136900
4589,3067900
4590,3208000
4591,2839700
4592,2900100
4593,2881500
4594,3326900
4595,2951300
4596,2859400
4597,2863300
4598,2864200
4599,3083000
4600,3239000
4601,2951100
4602,2821700
4603,2894300
4604,2909900
4605,3461200
4606,2742200
4607,3033900
4608,2881500
4609,2889100
4610,3026100
4611,3320400
4612,3176200
4613,2712100
4614,2871300
4615,3231700
4616,3658800
4617,3292500
4618,2509800
4619,2907500
4620,2917500
4621,3108700
4622,3129900
4623,2902000
4624,2881700
4625,2942700
4626,2931800
4627,3185100
4628,3138400
4629,2880200
4630,2921000
4631,2933700
4632,3187300
4633,3745900
4634,2456800
4635,2694500
4636,3159800
4637,2901600
4638,3014100
4639,3111600
4640,2912500
4641,2878400
4642,2920500
4643,3023200
4644,3225700
4645,2806300
4646,2919100
4647,2955100
4648,2895600
4649,3156300
4650,3172300
4651,3190000
4652,2456200
4653,3205800
4654,2872200
4655,3242000
4656,2780600
4657,2869300
4658,2893100
4659,3137700
4660,2749900
4661,3126200
4662,2754300
4663,2911800
4664,2798000
4665,2934500
4666,2863200
4667,3107700
4668,2838100
4669,2835100
4670,3200100
4671,2588300
4672,3245900
4673,2720900
4674,2785400
4675,3203700
4676,3158000
4677,2857200
4678,2879200
4679,2814400
4680,2852700
4681,3026200
4682,2628000
4683,2973100
4684,3136600
4685,2796200
4686,5390400
4687,1943600
4688,1778700
4689,2712400
4690,2738900
4691,2823000
4692,3289800
4693,2666600
4694,2807200
4695,3300000
4696,2740100
4697,2873900
4698,2819100
4699,2858800
4700,2964100
4701,3095100
4702,2755800
4703,2971300
4704,2719600
4705,2830300
4706,2936200
4707,3170100
4708,2831000
4709,2837300
4710,2806900
4711,2838300
4712,3237700
4713,2867200
4714,2827400
4715,2785500
4716,2843900
4717,2840400
4718,3258700
4719,2809100
4720,2866100
4721,3090100
4722,2511200
4723,2991400
4724,3187800
4725,3051600
4726,2662600
4727,3070300
4728,2816700
4729,2952900
4730,3150300
4731,2870600
4732,2722200
4733,2856500
4734,2816300
4735,3253200
4736,2877500
4737,2805100
4738,2790000
4739,2826500
4740,2983400
4741,3610300
4742,2599800
4743,2840400
4744,2761100
4745,2859800
4746,3533700
4747,2641800
4748,3009700
4749,2824300
4750,2896700
4751,2775000
4752,3053200
4753,3101300
4754,2815500
4755,2820600
4756,3150600
4757,2839800
4758,3207500
4759,2711500
4760,2912500
4761,2742000
4762,2931200
4763,2846400
4764,3178800
4765,2905500
4766,2693900
4767,3105500
4768,2700300
4769,3291200
4770,3000000
4771,2958200
4772,2696000
4773,2969600
4774,2851200
4775,3302800
4776,2780400
4777,2829800
4778,3089600
4779,2735700
4780,2917400
4781,3094400
4782,2861800
4783,2809400
4784,2918500
4785,2808500
4786,3132100
4787,3386400
4788,2722100
4789,2969700
4790,3109600
4791,2583100
4792,3271800
4793,2787500
4794,2867900
4795,2804800
4796,2895600
4797,2940800
4798,3288400
4799,2985900
4800,2706900
4801,2900600
4802,2867100
4803,3379100
4804,3049100
4805,2978800
4806,2712200
4807,2943000
4808,2933700
4809,3253200
4810,2849500
4811,2808300
4812,2920200
4813,2754600
4814,3018400
4815,3368800
4816,2659800
4817,2871000
4818,2849600
4819,2835800
4820,3582900
4821,2799800
4822,2968600
4823,2851100
4824,3219200
4825,2765600
4826,3107200
4827,2723900
4828,2808700
4829,2880900
4830,2840000
4831,3155900
4832,3060200
4833,2780400
4834,2821100
4835,2874000
4836,2825400
4837,3862500
4838,2590100
4839,3079300
4840,2594600
4841,2833900
4842,3120800
4843,3183600
4844,2728600
4845,2786800
4846,2886300
4847,2957400
4848,2863900
4849,3211300
4850,2724700
4851,2768700
4852,3042500
4853,2699300
4854,2928700
4855,3077200
4856,2863400
4857,2791500
4858,2930300
4859,3298500
4860,3048100
4861,2628500
4862,2905300
4863,3023800
4864,2669600
4865,3030000
4866,3057400
4867,2867300
4868,2766400
4869,2846800
4870,2844200
4871,3088300
4872,3101800
4873,2833100
4874,2950300
4875,2697600
4876,2872900
4877,3184700
4878,2733300
4879,3135500
4880,2647500
4881,2751200
4882,3386400
4883,2887200
4884,2883300
4885,2801400
4886,2792200
4887,2857300
4888,3888500
4889,2376200
4890,3575700
4891,4788100
4892,2681400
4893,2444600
4894,1938700
4895,2690700
4896,2998900
4897,2717200
4898,2879100
4899,3254700
4900,3073700
4901,2812800
4902,2918700
4903,2818400
4904,2752700
4905,3283000
4906,3114400
4907,2957000
4908,2752400
4909,2619400
4910,2787100
4911,3482000
4912,3106400
4913,3192400
4914,2471700
4915,2575600
4916,2874800
4917,3385500
4918,2746900
4919,2871200
4920,2779200
4921,2893600
4922,3118800
4923,3080900
4924,2793200
4925,3195200
4926,2785900
4927,3009500
4928,3530300
4929,2508900
4930,2854600
4931,2855200
4932,2855800
4933,3111800
4934,3216400
4935,2806800
4936,3067700
4937,2833500
4938,3280700
4939,3038900
4940,2835400
4941,2941100
4942,3255100
4943,2904000
4944,3031500
4945,3416200
4946,2868200
4947,2992800
4948,3152400
4949,2850300
4950,3259000
4951,2885600
4952,2948800
4953,2887500
4954,3115900
4955,3136100
4956,3176700
4957,2898300
4958,3034900
4959,3244400
4960,3079600
4961,3146100
4962,3488200
4963,2355300
4964,2947600
4965,2833300
4966,3065000
4967,3287400
4968,2870600
4969,3010600
4970,2798200
4971,2964300
4972,3354000
4973,2883500
4974,3220000
4975,2921500
4976,2588500
4977,3042900
4978,3207900
4979,2745200
4980,3196600
4981,2871600
4982,2873700
4983,3593500
4984,2777400
4985,2930000
4986,2816000
4987,2864800
4988,3074300
4989,3173800
4990,2779100
4991,2805100
4992,2868200
4993,2839800
4994,3119200
4995,3116000
4996,3166800
4997,2654300
4998,2929900
4999,2821800
5000,3490700
5001,2601500
5002,2778000
5003,2851400
5004,2762300
5005,2894400
5006,3420300
5007,2643200
5008,2746800
5009,2824200
5010,2803800
5011,3369900
5012,2765700
5013,2766000
5014,3061200
5015,2804700
5016,2793300
5017,3905100
5018,2282300
5019,2736600
5020,2741900
5021,2843400
5022,2911000
5023,3258700
5024,2673900
5025,2871200
5026,2714600
5027,2815200
5028,2971400
5029,3140900
5030,2716400
5031,3246400
5032,2437600
5033,2939600
5034,2930200
5035,3106300
5036,3027200
5037,2784800
5038,2841200
5039,2849400
5040,2915300
5041,3200600
5042,2747500
5043,2880300
5044,3073600
5045,2789300
5046,3202800
5047,2816800
5048,2827300
5049,2883200
5050,2832300
5051,3032400
5052,3200400
5053,2700200
5054,3097200
5055,2731100
5056,2750100
5057,3404700
5058,2843400
5059,2759800
5060,2954500
5061,2806300
5062,2943500
5063,3205200
5064,2885700
5065,2941000
5066,3424500
5067,2163100
5068,3224400
5069,2937100
5070,2919000
5071,3061400
5072,2818300
5073,2859900
5074,2943900
5075,3243900
5076,2862000
5077,2772500
5078,2866100
5079,2907300
5080,3537300
5081,2773500
5082,2716800
5083,2863800
5084,2881100
5085,2902900
5086,3370000
5087,2712500
5088,2801100
5089,2847100
5090,2896700
5091,3729000
5092,2715500
5093,2773300
5094,2895800
5095,2813400
5096,2994800
5097,3415900
5098,2695300
5099,2899200
5100,2809000
5101,2845700
5102,2996700
5103,3217200
5104,2746400
5105,2871200
5106,2842600
5107,2996800
5108,3232100
5109,2961500
5110,2858400
5111,2820000
5112,2883300
5113,2870900
5114,3266700
5115,2659700
5116,2881000
5117,2806200
5118,2907600
5119,2898800
5120,3174600
5121,2727800
5122,2865900
5123,2895900
5124,2714300
5125,3163300
5126,3081600
5127,3007500
5128,2843000
5129,2787700
5130,2963700
5131,3237800
5132,2759400
5133,2795400
5134,2886700
5135,2767600
5136,2969000
5137,3233200
5138,2711600
5139,2865500
5140,2824600
5141,2809700
5142,2862000
5143,3230500
5144,2898000
5145,2782000
5146,2777000
5147,2822300
5148,3415600
5149,2881100
5150,2803700
5151,2742700
5152,2888800
5153,2839500
5154,3185500
5155,2954300
5156,2669200
5157,2884400
5158,2805400
5159,2915400
5160,3439300
5161,2623900
5162,2749200
5163,2809600
5164,2810600
5165,3388600
5166,3072800
5167,2742900
5168,2864100
5169,2739300
5170,2918500
5171,3467800
5172,2760500
5173,2759300
5174,2786700
5175,2880300
5176,2843300
5177,3489200
5178,2887400
5179,2869000
5180,2724900
5181,2761600
5182,3220600
5183,3224400
5184,2586200
5185,2912100
5186,2879200
5187,3108600
5188,2766900
5189,3110000
5190,2626800
5191,2923600
5192,2856600
5193,2956400
5194,3081800
5195,2713200
5196,2825400
5197,2785900
5198,2960100
5199,2878400
5200,3155500
5201,2760700
5202,2767500
5203,3251800
5204,2578200
5205,3103200
5206,3012000
5207,2784700
5208,2874200
5209,3148900
5210,2843300
5211,3270500
5212,2736000
5213,2802700
5214,2945400
5215,2780600
5216,3004000
5217,3180500
5218,2747600
5219,2906400
5220,2815500
5221,2779500
5222,3427700
5223,2746200
5224,2749900
5225,2890700
5226,3100000
5227,2817600
5228,3362800
5229,2737400
5230,3007200
5231,2695300
5232,2870800
5233,2847900
5234,3270900
5235,2866900
5236,2707200
5237,2882000
5238,2828800
5239,2958700
5240,3184000
5241,3113400
5242,2534300
5243,2794900
5244,3132400
5245,3382300
5246,3244500
5247,2770900
5248,2686100
5249,2720700
5250,3145600
5251,2915500
5252,2897800
5253,2773600
5254,2855200
5255,2893500
5256,2951500
5257,3666800
5258,2496200
5259,2905200
5260,2883500
5261,3030800
5262,3334200
5263,2707600
5264,2931100
5265,2862600
5266,2898900
5267,2896800
5268,3313200
5269,2718500
5270,2912800
5271,2883800
5272,2891700
5273,3120300
5274,3179500
5275,2890400
5276,2859700
5277,2998500
5278,3036900
5279,3137500
5280,2979700
5281,2851600
5282,2983100
5283,2971200
5284,3079300
5285,3396700
5286,3067900
5287,3007500
5288,2914000
5289,3069900
5290,3254300
5291,2882500
5292,2977200
5293,3044500
5294,2865400
5295,3069000
5296,3198800
5297,2979200
5298,2925100
5299,3067600
5300,2903000
5301,3298200
5302,2864600
5303,3147700
5304,3058200
5305,2843000
5306,3063300
5307,3159000
5308,2931700
5309,2945000
5310,2901500
5311,2977700
5312,3321100
5313,2872300
5314,3118200
5315,2709300
5316,2885800
5317,3149800
5318,3165300
5319,3185300
5320,3113800
5321,2627800
5322,2907400
5323,3264100
5324,3027800
5325,2733800
5326,2895700
5327,2832500
5328,2981900
5329,3182700
5330,2909900
5331,2711000
5332,2884400
5333,2855600
5334,3037600
5335,3190400
5336,2762000
5337,3039400
5338,2900100
5339,2815600
5340,3412500
5341,2647400
5342,2826900
5343,2808600
5344,2845100
5345,2933000
5346,3123400
5347,2793800
5348,2874000
5349,2759300
5350,2803500
5351,3047000
5352,3073100
5353,2771000
5354,2808900
5355,2809200
5356,2798000
5357,3221800
5358,3043800
5359,3060100
5360,2685200
5361,2900400
5362,3121100
5363,2653800
5364,3070700
5365,2800700
5366,2824200
5367,2982900
5368,2679700
5369,3163800
5370,2789300
5371,2902000
5372,2713900
5373,2913600
5374,3007500
5375,2998300
5376,3100100
5377,2798300
5378,2862900
5379,2813600
5380,2951500
5381,3036900
5382,2883100
5383,3124100
5384,2533100
5385,3062600
5386,3147700
5387,2792900
5388,2897300
5389,2807500
5390,2845400
5391,3014700
5392,3184600
5393,2815200
5394,3063400
5395,2635300
5396,2902200
5397,3316300
5398,2738500
5399,3008700
5400,2772900
5401,2895800
5402,2868300
5403,3126800
5404,2906200
5405,2831000
5406,2884400
5407,3467700
5408,2269400
5409,3261600
5410,2838900
5411,2872700
5412,2923600
5413,2822900
5414,3172700
5415,3357700
5416,2746400
5417,2935600
5418,2756700
5419,2938000
5420,3530800
5421,2798900
5422,2869900
5423,2916500
5424,2766400
5425,3208300
5426,3081200
5427,2785400
5428,2917000
5429,2816400
5430,2894800
5431,3299100
5432,3447100
5433,2796400
5434,2871900
5435,2829400
5436,3147200
5437,3005800
5438,2802500
5439,2903500
5440,2755900
5441,2995300
5442,3197300
5443,2790200
5444,2874300
5445,2910300
5446,3050500
5447,2601400
5448,3372900
5449,2962100
5450,2788000
5451,2876600
5452,2817800
5453,3070800
5454,3069000
5455,2738700
5456,2798500
5457,3041500
5458,2667400
5459,2886600
5460,3210600
5461,2735700
5462,3108800
5463,2695900
5464,2676400
5465,3166800
5466,3076800
5467,2821000
5468,2945600
5469,2684200
5470,2917700
5471,3466100
5472,2710300
5473,2860900
5474,2767100
5475,2817300
5476,2957400
5477,3042700
5478,3092500
5479,2696700
5480,2708800
5481,2803400
5482,2952400
5483,3100000
5484,2841200
5485,2834900
5486,2786900
5487,2835500
5488,3493900
5489,2833800
5490,2695300
5491,2855400
5492,2797800
5493,2845200
5494,3346400
5495,2593800
5496,2879600
5497,2744800
5498,2904000
5499,3009500
5500,3043900
5501,2746100
5502,2839800
5503,2766500
5504,2874100
5505,3057000
5506,3137100
5507,2873600
5508,2748000
5509,2834700
5510,3035000
5511,2822100
5512,3117600
5513,2790200
5514,2859100
5515,3070300
5516,2906300
5517,3137000
5518,2892400
5519,2808600
5520,2863400
5521,3189000
5522,2998300
5523,3083000
5524,2866800
5525,2701100
5526,3042800
5527,2729400
5528,2925200
5529,3139900
5530,2798200
5531,2799400
5532,3215500
5533,2946800
5534,3236400
5535,2763700
5536,2861600
5537,2919600
5538,2741700
5539,3058200
5540,3241300
5541,2785500
5542,2970600
5543,2724800
5544,2784300
5545,3102700
5546,3080900
5547,2832600
5548,2846900
5549,3094600
5550,2879900
5551,3249900
5552,2778200
5553,2997100
5554,2764200
5555,2838500
5556,3003800
5557,3172600
5558,2784000
5559,2818900
5560,2921700
5561,2803500
5562,3311700
5563,2985200
5564,3053100
5565,2633800
5566,3117500
5567,3121400
5568,3009200
5569,2899200
5570,2808500
5571,2789000
5572,3970900
5573,2603300
5574,3180900
5575,4602600
5576,2938000
5577,1914500
5578,1881100
5579,3654000
5580,2744300
5581,2774500
5582,2861800
5583,3127700
5584,2895900
5585,3547800
5586,2640300
5587,2836800
5588,2710100
5589,2843400
5590,3475500
5591,2522900
5592,2861000
5593,2768100
5594,2842500
5595,2965600
5596,3153100
5597,2753500
5598,2893600
5599,2814000
5600,2953000
5601,3477800
5602,2743800
5603,2837100
5604,2860900
5605,3055800
5606,3126500
5607,3006200
5608,2700800
5609,2845200
5610,2923700
5611,2816600
5612,3085100
5613,3218100
5614,2839600
5615,2869000
5616,2933800
5617,2929200
5618,2945400
5619,3151200
5620,2945700
5621,2818400
5622,3218200
5623,2815800
5624,3250900
5625,2784900
5626,3296000
5627,3032300
5628,2761800
5629,2992800
5630,3193700
5631,2922300
5632,2986400
5633,2878800
5634,2912700
5635,3408400
5636,2831400
5637,3013100
5638,2998900
5639,2753200
5640,3182600
5641,3111100
5642,2834800
5643,3460000
5644,2717100
5645,2901100
5646,3423300
5647,2764800
5648,3279100
5649,2606900
5650,2930000
5651,2974600
5652,3500500
5653,2788100
5654,3027800
5655,2781700
5656,2939000
5657,3031200
5658,3176400
5659,3176400
5660,2862600
5661,2945500
5662,2975400
5663,3170200
5664,3505200
5665,2676500
5666,2578600
5667,2732800
5668,3006900
5669,3115900
5670,2892800
5671,2821400
5672,2774300
5673,2938600
5674,2995500
5675,3319500
5676,2588700
5677,2881300
5678,2816400
5679,3160400
5680,3146800
5681,2941800
5682,2751000
5683,2926600
5684,2783400
5685,2875000
5686,3361300
5687,2699600
5688,2797800
5689,2829200
5690,2862600
5691,3369400
5692,2734400
5693,2861500
5694,2833300
5695,2838900
5696,3064200
5697,3059600
5698,2753700
5699,3099400
5700,2733700
5701,2874700
5702,3481300
5703,2733000
5704,2767300
5705,2881000
5706,2777200
5707,2908100
5708,2857900
5709,3110000
5710,2811800
5711,2876600
5712,2744600
5713,2880600
5714,2932400
5715,3116800
5716,2820400
5717,2971000
5718,2855400
5719,2786300
5720,3523300
5721,2768700
5722,2809700
5723,3053600
5724,2677200
5725,2991700
5726,3269600
5727,2753800
5728,3056600
5729,2703100
5730,2841800
5731,3214400
5732,2881500
5733,2871600
5734,2888000
5735,2760800
5736,2888800
5737,3275000
5738,2834500
5739,2996100
5740,2659400
5741,2871900
5742,2994200
5743,3311300
5744,2784500
5745,2951800
5746,2775400
5747,3342800
5748,2876300
5749,2765400
5750,2976000
5751,3016900
5752,2738300
5753,3048600
5754,3053100
5755,3018500
5756,2743700
5757,2755000
5758,2874000
5759,2963700
5760,3412300
5761,2787400
5762,2795800
5763,2857400
5764,2849000
5765,3246700
5766,3083500
5767,2863900
5768,2832000
5769,2852500
5770,2974500
5771,3310800
5772,3060500
5773,2788300
5774,2779100
5775,2862900
5776,2968700
5777,3218400
5778,2802200
5779,2907000
5780,2916400
5781,2783100
5782,3360800
5783,2697300
5784,2920400
5785,2765500
5786,2858800
5787,2985100
5788,3224300
5789,2747700
5790,2863700
5791,2846900
5792,2819200
5793,3121800
5794,3059500
5795,2805600
5796,2839600
5797,2820900
5798,3330100
5799,3198100
5800,2783700
5801,2828000
5802,2856100
5803,2919400
5804,2889800
5805,3181900
5806,2786200
5807,2861400
5808,2810800
5809,2990000
5810,2948500
5811,3287300
5812,2691800
5813,2895400
5814,2881400
5815,2797300
5816,2895400
5817,3191300
5818,2807300
5819,2894600
5820,2963900
5821,2730000
5822,3237200
5823,2830700
5824,2784300
5825,3016600
5826,2709200
5827,2961700
5828,3128400
5829,2819600
5830,2843800
5831,2991000
5832,2928900
5833,2899000
5834,3265200
5835,2785100
5836,2938500
5837,2676900
5838,2898600
5839,3529500
5840,2821900
5841,2736000
5842,2971500
5843,2808900
5844,2847100
5845,3221100
5846,2733100
5847,3107200
5848,2662800
5849,2803500
5850,3181900
5851,3114600
5852,2950800
5853,2659800
5854,2850300
5855,2773200
5856,3369000
5857,2676700
5858,2900400
5859,2783000
5860,2828700
5861,2817000
5862,3352500
5863,2930400
5864,3003500
5865,2974100
5866,2695200
5867,3048300
5868,2787500
5869,2878700
5870,2789300
5871,2938500
5872,2968900
5873,2922200
5874,3249800
5875,2794500
5876,2788300
5877,2837800
5878,3009400
5879,3405300
5880,2659700
5881,2775400
5882,2759600
5883,2856500
5884,3016600
5885,3136000
5886,2716100
5887,2848600
5888,2871300
5889,2851500
5890,3045000
5891,2965200
5892,2814100
5893,3099500
5894,2854700
5895,3074900
5896,3010200
5897,2764500
5898,2776500
5899,2871800
5900,2849600
5901,3064900
5902,3035400
5903,2709000
5904,2867700
5905,2835600
5906,2928200
5907,3023600
5908,2948900
5909,2817900
5910,2872200
5911,3086800
5912,2918300
5913,3354200
5914,2762800
5915,2859900
5916,2813200
5917,3025500
5918,2767400
5919,3205400
5920,2759700
5921,2852400
5922,2809200
5923,2898200
5924,3123900
5925,2934800
5926,2760400
5927,2855400
5928,3425500
5929,2786800
5930,3126100
5931,2835100
5932,2738700
5933,3028800
5934,2676400
5935,2851600
5936,3318700
5937,2712600
5938,3137800
5939,2570500
5940,2863300
5941,3067800
5942,3206800
5943,2787600
5944,2869400
5945,2879000
5946,2921800
5947,3091100
5948,3128300
5949,3367900
5950,3111000
5951,2700300
5952,2842100
5953,3275900
5954,2967700
5955,2759400
5956,2997400
5957,2923300
5958,3005300
5959,3469300
5960,2635400
5961,2941200
5962,2903800
5963,3086400
5964,3298000
5965,2844500
5966,3222500
5967,2949900
5968,2790900
5969,3143200
5970,3237100
5971,2894200
5972,2968200
5973,2917200
5974,2979900
5975,3450900
5976,2729100
5977,2986200
5978,2937200
5979,2925500
5980,3265600
5981,2974900
5982,3127200
5983,2642000
5984,2896100
5985,3117600
5986,2867600
5987,3513600
5988,2795900
5989,2947700
5990,2947600
5991,3044700
5992,3280000
5993,2872000
5994,2797500
5995,3190500
5996,2696500
5997,2925400
5998,3180300
5999,2901800
6000,2919000
6001,2883900
6002,3144100
6003,3083400
6004,3124000
6005,2919300
6006,3315800
6007,2482900
6008,2865100
6009,3175500
6010,2847600
6011,2936900
6012,2856400
6013,2848900
6014,3296500
6015,2864100
6016,2818400
6017,2859400
6018,2920900
6019,3054400
6020,3053700
6021,3070500
6022,2856300
6023,2852800
6024,2791800
6025,3375000
6026,3004300
6027,2933200
6028,2751500
6029,2877400
6030,2850100
6031,3254100
6032,3000300
6033,2665400
6034,2730200
6035,2900700
6036,2859500
6037,3125300
6038,2864400
6039,2734200
6040,2929100
6041,2732500
6042,3132600
6043,3595700
6044,2539700
6045,2763000
6046,2784200
6047,2826400
6048,2915200
6049,3120200
6050,2805800
6051,2896500
6052,2757900
6053,2942600
6054,3293600
6055,2694500
6056,2759700
6057,2935100
6058,2789700
6059,3128600
6060,3298800
6061,2774100
6062,2853800
6063,2825700
6064,2849300
6065,3461300
6066,2741500
6067,2856400
6068,2857100
6069,2852700
6070,3075800
6071,3059800
6072,2756000
6073,2956500
6074,2751700
6075,2890300
6076,3019800
6077,3190000
6078,2726600
6079,2905800
6080,2820700
6081,2920300
6082,2871300
6083,3196700
6084,2836100
6085,2888800
6086,2973000
6087,3107000
6088,2902400
6089,2796700
6090,2882400
6091,2839400
6092,2877500
6093,2880600
6094,3205400
6095,2921300
6096,2723400
6097,3191500
6098,2531700
6099,3128700
6100,3247100
6101,2819600
6102,2882400
6103,3029300
6104,2981900
6105,3275900
6106,2750600
6107,2813900
6108,2878800
6109,2886900
6110,3028200
6111,3176300
6112,3095900
6113,2733700
6114,2941800
6115,2810400
6116,3274100
6117,2755500
6118,3096600
6119,2657100
6120,2840800
6121,2861300
6122,3293100
6123,2964600
6124,2732300
6125,2756200
6126,2898600
6127,2872900
6128,3168900
6129,2947800
6130,2753700
6131,2837700
6132,2757000
6133,3164800
6134,3232400
6135,2825000
6136,2790600
6137,2769300
6138,2864700
6139,3625000
6140,2758200
6141,2751700
6142,2762800
6143,2829700
6144,2920100
6145,3245400
6146,2801400
6147,2827100
6148,2774200
6149,2812100
6150,3137200
6151,3325700
6152,2743600
6153,2876600
6154,2763300
6155,2820200
6156,3440200
6157,2775000
6158,2716000
6159,2800200
6160,2875300
6161,3009200
6162,3056300
6163,2849200
6164,2766900
6165,2861700
6166,2772000
6167,3066100
6168,3113700
6169,2811500
6170,2777300
6171,2825000
6172,3166200
6173,3063900
6174,2995700
6175,2761100
6176,2807400
6177,3317600
6178,2758000
6179,3236400
6180,2743000
6181,2843900
6182,2803000
6183,2862200
6184,2864200
6185,3242300
6186,2747800
6187,2876500
6188,2956500
6189,2725000
6190,3119600
6191,3252800
6192,2733800
6193,3088000
6194,2583500
6195,2852500
6196,3213100
6197,2814000
6198,2779400
6199,2881800
6200,2779700
6201,2866000
6202,3273400
6203,2795300
6204,3004900
6205,2970200
6206,2913100
6207,2775100
6208,3120900
6209,3067600
6210,2739300
6211,2921300
6212,2934000
6213,3147200
6214,3012400
6215,2852400
6216,2777200
6217,2924200
6218,2892700
6219,3151000
6220,2901800
6221,2668900
6222,2859900
6223,2909600
6224,2976100
6225,3364900
6226,2654100
6227,2749100
6228,2814200
6229,3235600
6230,2966500
6231,2965200
6232,2849600
6233,2818400
6234,2836800
6235,3021900
6236,3281100
6237,2660100
6238,2824300
6239,2867900
6240,2881600
6241,3045100
6242,3012800
6243,2802800
6244,2821800
6245,2898900
6246,2814400
6247,3128900
6248,2974600
6249,2829900
6250,2758300
6251,2894800
6252,3138400
6253,3031400
6254,3002300
6255,3510500
6256,3040600
6257,2229100
6258,4308000
6259,4304900
6260,2044900
6261,1850700
6262,2271700
6263,2927000
6264,3291200
6265,2686000
6266,2824300
6267,2802600
6268,3371100
6269,2949800
6270,2772900
6271,2878100
6272,2939000
6273,2816900
6274,2866900
6275,2879500
6276,3134500
6277,2846000
6278,2734700
6279,3153400
6280,2786600
6281,2928400
6282,3040500
6283,2853200
6284,3125100
6285,2592400
6286,2847800
6287,3221800
6288,3077800
6289,3063600
6290,2893500
6291,2886100
6292,2853500
6293,3292000
6294,2833900
6295,3134100
6296,3308700
6297,2558100
6298,2743000
6299,3147200
6300,2815200
6301,2878000
6302,2941300
6303,2777800
6304,3302300
6305,3178700
6306,3014100
6307,2879200
6308,2872700
6309,2975400
6310,3458500
6311,2678200
6312,2906300
6313,3009800
6314,2847800
6315,3014100
6316,3286000
6317,2863800
6318,2961500
6319,2876900
6320,2987200
6321,3334100
6322,2772700
6323,2919200
6324,2946300
6325,2885700
6326,3618600
6327,2677400
6328,3106700
6329,2949600
6330,2822900
6331,2929700
6332,3242000
6333,2871200
6334,2869600
6335,2943100
6336,2951500
6337,2962300
6338,3201700
6339,2834400
6340,2929700
6341,3054700
6342,2690500
6343,3507500
6344,2631500
6345,3199000
6346,2755900
6347,3058600
6348,2923700
6349,3140900
6350,2931600
6351,2735100
6352,3224300
6353,2739500
6354,3152200
6355,2792400
6356,2891100
6357,2822800
6358,2880500
6359,2906800
6360,3370800
6361,2811100
6362,2834100
6363,2958300
6364,2749900
6365,2931100
6366,3288200
6367,2860800
6368,2964100
6369,2727200
6370,2822300
6371,2907300
6372,3199500
6373,2820000
6374,2836400
6375,2816100
6376,2849700
6377,3223600
6378,2788500
6379,3027300
6380,2643300
6381,2777500
6382,3041100
6383,3341500
6384,3029700
6385,2780600
6386,2700000
6387,2773600
6388,2877200
6389,3195100
6390,2847400
6391,2732500
6392,2840600
6393,2835900
6394,3256300
6395,2911200
6396,2741500
6397,2785500
6398,2882400
6399,2819100
6400,3623300
6401,2929600
6402,2764400
6403,2791400
6404,2818500
6405,2962000
6406,3219700
6407,2786000
6408,2771700
6409,2842900
6410,2843500
6411,3315000
6412,2708400
6413,2885500
6414,2778500
6415,2815700
6416,3002600
6417,3155800
6418,2764200
6419,2862200
6420,2767900
6421,2857000
6422,2941900
6423,3199100
6424,2711600
6425,2878800
6426,2724600
6427,3005700
6428,3193500
6429,2802200
6430,2773900
6431,2923300
6432,2988000
6433,2693400
6434,3043200
6435,3167600
6436,2802600
6437,2871700
6438,2865100
6439,2822800
6440,3459600
6441,2715700
6442,2971500
6443,2776800
6444,3151900
6445,2880700
6446,3287000
6447,2745000
6448,3024400
6449,2731000
6450,2847700
6451,2992500
6452,3137300
6453,2904200
6454,2788800
6455,2826200
6456,3098500
6457,3066000
6458,2807000
6459,2908200
6460,2759100
6461,3077600
6462,2968600
6463,3223800
6464,2959000
6465,2716600
6466,2865200
6467,2821400
6468,3347800
6469,2855100
6470,2777800
6471,2745900
6472,2936200
6473,2814300
6474,3577900
6475,2759900
6476,2685600
6477,2799100
6478,3105200
6479,2899800
6480,3274800
6481,2791700
6482,2781200
6483,2909300
6484,2803900
6485,3009400
6486,3192300
6487,2720400
6488,2918000
6489,2755700
6490,3010400
6491,3369900
6492,2768200
6493,2751200
6494,2930300
6495,2942200
6496,3036000
6497,3062300
6498,2695300
6499,2853000
6500,3163200
6501,2842100
6502,2858700
6503,3186800
6504,2805800
6505,2851400
6506,2953400
6507,2828900
6508,3455200
6509,2722300
6510,2876500
6511,2824900
6512,2944500
6513,2980500
6514,3145000
6515,2620700
6516,2846600
6517,3252800
6518,2685700
6519,3034500
6520,3100000
6521,2741900
6522,2874000
6523,2796600
6524,2931300
6525,3123600
6526,2857600
6527,2955000
6528,2697200
6529,2812400
6530,2803000
6531,3253000
6532,2805300
6533,2880200
6534,2778100
6535,2828300
6536,3053900
6537,3144300
6538,2856100
6539,3065500
6540,2805000
6541,2835100
6542,3431300
6543,2666100
6544,2902300
6545,2821000
6546,2830700
6547,2940400
6548,3340700
6549,2980400
6550,2938800
6551,3026800
6552,2803500
6553,2995900
6554,3034700
6555,2766000
6556,3161200
6557,2757500
6558,2847400
6559,3095900
6560,3078900
6561,2810600
6562,2767800
6563,2869600
6564,2959800
6565,3326800
6566,2689600
6567,2787500
6568,2798900
6569,2893600
6570,3053700
6571,3011800
6572,2822800
6573,2910100
6574,2789500
6575,2892600
6576,3111900
6577,3054000
6578,3094400
6579,2864500
6580,2872700
6581,3226400
6582,2957300
6583,2723100
6584,2891300
6585,2882900
6586,2866700
6587,3271600
6588,3077200
6589,2798500
6590,2885100
6591,2889800
6592,2980800
6593,2842100
6594,3135800
6595,3158600
6596,2857600
6597,2869300
6598,3027300
6599,3118700
6600,2794400
6601,2879400
6602,3042300
6603,2706400
6604,2991500
6605,3047700
6606,2947200
6607,3157100
6608,2922100
6609,2717300
6610,3270000
6611,2640000
6612,3264000
6613,2727000
6614,2812300
6615,2961900
6616,3432100
6617,2713800
6618,2902500
6619,2795000
6620,2869400
6621,3052400
6622,3271900
6623,2818500
6624,2840500
6625,2816200
6626,2895200
6627,3230300
6628,3158700
6629,2917500
6630,2774900
6631,2879100
6632,3008700
6633,3116100
6634,2862400
6635,2828600
6636,2868500
6637,2854500
6638,3280600
6639,3320500
6640,3074400
6641,2394300
6642,2805500
6643,2763600
6644,3386200
6645,2695000
6646,3101000
6647,2651900
6648,2900900
6649,3169300
6650,3249800
6651,3184900
6652,2786100
6653,2829800
6654,2896800
6655,3376800
6656,2882100
6657,2839400
6658,2889500
6659,2845100
6660,3243200
6661,3158700
6662,2910900
6663,2856500
6664,2866400
6665,2953900
6666,3098100
6667,3197800
6668,3026000
6669,2886200
6670,2877700
6671,3075300
6672,3137400
6673,2865800
6674,2872400
6675,2942200
6676,3016700
6677,2895400
6678,3248600
6679,2811500
6680,2918600
6681,3208700
6682,2702800
6683,3246200
6684,2878500
6685,2883100
6686,2865800
6687,2955900
6688,3192000
6689,3281300
6690,2751700
6691,2914600
6692,3061300
6693,2786800
6694,3516000
6695,2737600
6696,2915800
6697,3125900
6698,2830800
6699,2866000
6700,3142600
6701,2814100
6702,2949500
6703,2872800
6704,2795600
6705,3216200
6706,3243500
6707,2979400
6708,2756500
6709,2855200
6710,2892100
6711,3389200
6712,2754600
6713,2882700
6714,2815500
6715,2888200
6716,2951900
6717,3262800
6718,2855500
6719,2696200
6720,2876800
6721,2830800
6722,3200900
6723,3463000
6724,2526900
6725,2938600
6726,2794900
6727,2876400
6728,3213600
6729,3311500
6730,2486000
6731,2786300
6732,2861800
6733,2991600
6734,3254600
6735,2845400
6736,2811000
6737,2847400
6738,2804000
6739,3027700
6740,3417700
6741,2725900
6742,2841400
6743,2838000
6744,2873500
6745,3294800
6746,2795700
6747,2795800
6748,2885400
6749,2811100
6750,3129100
6751,3010800
6752,2743800
6753,2876900
6754,2879600
6755,2800100
6756,3073200
6757,3147900
6758,2718700
6759,2814200
6760,2913600
6761,2868800
6762,3206100
6763,2791300
6764,2834900
6765,2880400
6766,2844000
6767,2872100
6768,3837500
6769,2297800
6770,2811900
6771,2840800
6772,2959800
6773,2910500
6774,3109700
6775,2789900
6776,2794400
6777,3178400
6778,2621600
6779,3266500
6780,3260500
6781,2710700
6782,2898700
6783,2769200
6784,2952900
6785,3266700
6786,2775500
6787,3016300
6788,2657100
6789,2892000
6790,2930000
6791,3114500
6792,2920000
6793,2779200
6794,2860800
6795,2777700
6796,2962400
6797,3208500
6798,2915700
6799,2699600
6800,2847400
6801,2828200
6802,3374500
6803,3120000
6804,2501000
6805,3069000
6806,2806000
6807,3027100
6808,3135000
6809,2926500
6810,2833200
6811,2760400
6812,2862700
6813,3074500
6814,3176700
6815,2745900
6816,2792000
6817,2852500
6818,2833500
6819,3402900
6820,2727100
6821,2819800
6822,2919300
6823,3080700
6824,2803600
6825,3350800
6826,2708600
6827,2778800
6828,2896700
6829,2818200
6830,2934800
6831,3181900
6832,2840300
6833,2781200
6834,2861200
6835,2853300
6836,3035600
6837,3184800
6838,3114200
6839,2419600
6840,3189300
6841,3183000
6842,2893900
6843,2845400
6844,2771300
6845,2857800
6846,2819900
6847,3037100
6848,3293200
6849,2708300
6850,2861300
6851,2808000
6852,2937900
6853,2832500
6854,3235400
6855,2727800
6856,2856700
6857,3064500
6858,2777000
6859,3261800
6860,2738900
6861,3041400
6862,2808300
6863,2954700
6864,2936000
6865,3168500
6866,2732200
6867,2868300
6868,2842900
6869,2858200
6870,2929300
6871,3246300
6872,2737400
6873,3385600
6874,2349400
6875,2798700
6876,3472400
6877,2602700
6878,2828400
6879,3196600
6880,2820200
6881,2932000
6882,3297000
6883,2739300
6884,2994100
6885,2728300
6886,2825600
6887,2937900
6888,3221900
6889,2959800
6890,2903100
6891,2889000
6892,2834500
6893,3215700
6894,2738400
6895,3093800
6896,2897300
6897,2796000
6898,3031700
6899,3089400
6900,2977300
6901,2655500
6902,2935600
6903,2756900
6904,3034600
6905,3158200
6906,2719000
6907,2863100
6908,3197600
6909,2437500
6910,3246000
6911,2989000
6912,2698800
6913,3060000
6914,2801300
6915,3105400
6916,3180100
6917,2709000
6918,2738200
6919,2886700
6920,2896200
6921,2994200
6922,3379500
6923,2739200
6924,2843100
6925,2932800
6926,2814000
6927,3291600
6928,2847800
6929,2772900
6930,2945400
6931,3061200
6932,3115500
6933,3049900
6934,2883800
6935,2744100
6936,2963300
6937,3126600
6938,2751800
6939,3309200
6940,3341200
6941,2369500
6942,5057500
6943,4300400
6944,2036700
6945,1820200
6946,2920200
6947,2844600
6948,3233200
6949,2820000
6950,3045100
6951,2779000
6952,2808500
6953,3011600
6954,3194700
6955,3086700
6956,3152900
6957,2714000
6958,3015400
6959,2736300
6960,2925500
6961,3198200
6962,2777300
6963,2890100
6964,2785900
6965,2897800
6966,3230300
6967,2767000
6968,2821800
6969,2922700
6970,2841700
6971,3046700
6972,3145700
6973,3061700
6974,3019400
6975,2690300
6976,3318100
6977,2543200
6978,3152700
6979,2961400
6980,2727900
6981,2895300
6982,2899100
6983,2934700
6984,3175800
6985,3092600
6986,3267400
6987,2709000
6988,2851600
6989,3118600
6990,3106800
6991,2828000
6992,2919800
6993,2892300
6994,3038100
6995,3287400
6996,2843800
6997,2866700
6998,2907900
6999,2991600
7000,3182500
7001,2800900
7002,2867700
7003,2929300
7004,2793100
7005,3032000
7006,3334300
7007,3013100
7008,2835100
7009,2942400
7010,3556300
7011,2259400
7012,3210600
7013,2798800
7014,2887700
7015,2891900
7016,3096000
7017,3111000
7018,2740400
7019,2971700
7020,2846400
7021,2823300
7022,3090900
7023,3095800
7024,2810900
7025,2921700
7026,2850800
7027,3270600
7028,3202200
7029,3026400
7030,2841800
7031,2911900
7032,3259700
7033,2696500
7034,3122100
7035,2824000
7036,2861200
7037,2871600
7038,3076500
7039,2746200
7040,3156100
7041,2830100
7042,2902100
7043,3257400
7044,2954300
7045,2683100
7046,2881300
7047,2877900
7048,3052100
7049,2744100
7050,2974500
7051,3060400
7052,2744200
7053,3067900
7054,2694900
7055,3166900
7056,3202300
7057,2772800
7058,2847700
7059,2870900
7060,2800700
7061,2856800
7062,2975200
7063,3115500
7064,3018900
7065,2767600
7066,2773100
7067,3154300
7068,3130300
7069,2730200
7070,3128500
7071,2743700
7072,3010700
7073,3019900
7074,3102100
7075,2925500
7076,2784200
7077,2920600
7078,2778700
7079,3649300
7080,2421300
7081,2849800
7082,2922600
7083,2733600
7084,3182400
7085,3044300
7086,2952400
7087,2648300
7088,2985200
7089,3038900
7090,3212100
7091,3074900
7092,2613400
7093,2930700
7094,2760100
7095,2857500
7096,3336900
7097,2864900
7098,2758500
7099,2899500
7100,2855400
7101,2865600
7102,3373800
7103,2708100
7104,2817000
7105,2881200
7106,2829400
7107,2921100
7108,3232800
7109,2751200
7110,2875600
7111,2941400
7112,2699200
7113,3214500
7114,3326700
7115,2356300
7116,2887200
7117,2823400
7118,2870400
7119,3555700
7120,2704800
7121,2841000
7122,2903400
7123,2938900
7124,3295900
7125,3058100
7126,2767800
7127,2843200
7128,3241600
7129,2849900
7130,3344300
7131,2733700
7132,2855300
7133,2828200
7134,2962700
7135,2996500
7136,3176600
7137,2820100
7138,2825400
7139,2904800
7140,2816600
7141,3044300
7142,3152900
7143,2803500
7144,2853900
7145,3484000
7146,2604800
7147,3197500
7148,3169300
7149,2425500
7150,2929400
7151,2752000
7152,2994800
7153,3096700
7154,2828600
7155,2845200
7156,2890400
7157,2800600
7158,2913800
7159,3123300
7160,2845200
7161,3120600
7162,3023100
7163,2688500
7164,2856100
7165,3159800
7166,2805400
7167,2916100
7168,2864500
7169,2960300
7170,3119800
7171,2693700
7172,2923500
7173,2888100
7174,2730400
7175,3012500
7176,3214700
7177,2972400
7178,2656700
7179,2859400
7180,2774500
7181,3004300
7182,3093900
7183,3366800
7184,2615200
7185,2814900
7186,2789900
7187,3284800
7188,2945200
7189,2714800
7190,2846300
7191,2815600
7192,3009200
7193,3277700
7194,2756300
7195,2903200
7196,2788900
7197,2801600
7198,3009200
7199,3124600
7200,2796400
7201,3151300
7202,2723600
7203,2942000
7204,3221000
7205,2849600
7206,2768600
7207,2855400
7208,2807100
7209,2935100
7210,3265400
7211,2715800
7212,2920400
7213,2769300
7214,2890800
7215,3321200
7216,2973600
7217,2843800
7218,3292300
7219,2687100
7220,2919100
7221,3278700
7222,2780300
7223,2870500
7224,2819800
7225,3060800
7226,2940500
7227,3037700
7228,2760000
7229,2977600
7230,2775100
7231,3158100
7232,3098500
7233,3216400
7234,2853200
7235,2743500
7236,2830100
7237,2918000
7238,3083700
7239,2797800
7240,3244900
7241,3088700
7242,2761700
7243,3002400
7244,3068000
7245,2876800
7246,3093200
7247,2640200
7248,2797600
7249,3306700
7250,2724300
7251,2866400
7252,3357300
7253,2386600
7254,2961000
7255,2841100
7256,3156400
7257,3118800
7258,2828900
7259,2890900
7260,3035600
7261,3157300
7262,2906400
7263,2687300
7264,2832300
7265,2871700
7266,2975400
7267,3171500
7268,2836000
7269,2866000
7270,2864400
7271,2833900
7272,3332500
7273,3015000
7274,2710000
7275,3022200
7276,2804400
7277,3035500
7278,3220200
7279,2790300
7280,2855700
7281,2830200
7282,2856000
7283,3493500
7284,3000700
7285,2876300
7286,3165100
7287,2267300
7288,2788600
7289,3588800
7290,2799300
7291,2794300
7292,2798400
7293,2934000
7294,3156900
7295,3141200
7296,2933100
7297,2880000
7298,2843800
7299,2917300
7300,3484700
7301,2720600
7302,2788100
7303,2909400
7304,2803600
7305,3079100
7306,3150300
7307,2810800
7308,2874500
7309,2811800
7310,2922700
7311,3323500
7312,2858300
7313,3139300
7314,2835500
7315,2862000
7316,3143400
7317,3224400
7318,2803100
7319,2830700
7320,3205600
7321,2622000
7322,3003400
7323,3303200
7324,2778900
7325,2860900
7326,2869300
7327,3014200
7328,3215000
7329,2819400
7330,2863800
7331,2847500
7332,3432400
7333,2838600
7334,3420900
7335,2705400
7336,2804000
7337,3056100
7338,2771700
7339,2899700
7340,3157100
7341,2833900
7342,2823800
7343,3102000
7344,2685200
7345,3414500
7346,2811200
7347,2799200
7348,3131900
7349,2741400
7350,3105800
7351,3030700
7352,3042000
7353,3099700
7354,3167000
7355,2431000
7356,2929800
7357,3239600
7358,2808900
7359,2929300
7360,2924100
7361,2850200
7362,3403200
7363,2762700
7364,3015300
7365,2779400
7366,2816100
7367,3077700
7368,3079800
7369,3048900
7370,2757400
7371,2856900
7372,2763500
7373,3636800
7374,3079800
7375,2684400
7376,2826800
7377,2861300
7378,2866000
7379,3269100
7380,2813100
7381,2776500
7382,2955200
7383,2766800
7384,2929100
7385,3653400
7386,2550800
7387,2668800
7388,3240900
7389,2440600
7390,3591500
7391,2556800
7392,2800800
7393,2830200
7394,3140100
7395,2820100
7396,3291500
7397,2797900
7398,2792700
7399,2875700
7400,2889000
7401,3135700
7402,3185300
7403,2773200
7404,3007900
7405,2651000
7406,2951600
7407,3498300
7408,2721200
7409,2813700
7410,2820600
7411,2917100
7412,3180100
7413,3082700
7414,2698100
7415,2877600
7416,2871600
7417,2901500
7418,3010000
7419,3030400
7420,2756300
7421,2819600
7422,3042000
7423,3110300
7424,2501200
7425,3180500
7426,2820600
7427,2827700
7428,2993300
7429,2726100
7430,3387500
7431,2684000
7432,2873200
7433,3344000
7434,2638900
7435,3082200
7436,3169400
7437,2795900
7438,2901900
7439,2920000
7440,2750900
7441,2981100
7442,3201800
7443,2759800
7444,2912900
7445,2844200
7446,2882600
7447,3300900
7448,2765100
7449,3055700
7450,2682500
7451,2921200
7452,2828100
7453,3312400
7454,2941200
7455,2696000
7456,2947500
7457,2745300
7458,3644200
7459,2482000
7460,3052200
7461,2702400
7462,2946100
7463,3118400
7464,3302500
7465,2882200
7466,2796200
7467,2818800
7468,2818000
7469,3181200
7470,3229700
7471,2673800
7472,2814000
7473,2874600
7474,2814100
7475,2979100
7476,3382800
7477,2686100
7478,2938100
7479,2868900
7480,2791900
7481,3359500
7482,2761300
7483,2849400
7484,2892700
7485,2805200
7486,3383200
7487,2847800
7488,2702800
7489,3173300
7490,2739700
7491,2968600
7492,2973200
7493,3088500
7494,2779700
7495,2888800
7496,2780900
7497,2921900
7498,3241000
7499,2771100
7500,2856300
7501,2821200
7502,2836900
7503,3085000
7504,3067800
7505,2763200
7506,3135000
7507,2828400
7508,2872600
7509,3036500
7510,3224500
7511,2804500
7512,2813600
7513,2975100
7514,2732000
7515,3274800
7516,2762900
7517,2891700
7518,2963200
7519,2803500
7520,2975900
7521,2993400
7522,2750000
7523,2993600
7524,3033400
7525,2838200
7526,2900300
7527,3190500
7528,2781400
7529,2985300
7530,2732400
7531,2739700
7532,3275100
7533,2771400
7534,2919300
7535,2795200
7536,2767500
7537,2913200
7538,3261400
7539,2838100
7540,2942600
7541,3000100
7542,2797600
7543,2914900
7544,3163000
7545,2958800
7546,2671000
7547,2896300
7548,2803600
7549,3360300
7550,3053500
7551,2669800
7552,2759300
7553,2904400
7554,2736700
7555,3281400
7556,2892700
7557,2728400
7558,2914800
7559,2795900
7560,3070200
7561,3267700
7562,2627100
7563,3080400
7564,2825100
7565,2814600
7566,2932600
7567,3219800
7568,2775200
7569,2935300
7570,2769700
7571,2874800
7572,3598600
7573,2814300
7574,3059000
7575,2627100
7576,2768500
7577,3449300
7578,2777700
7579,2706500
7580,3098300
7581,2937400
7582,3068300
7583,2878900
7584,3057200
7585,2892700
7586,2793100
7587,2925400
7588,2934600
7589,3329700
7590,2743500
7591,2898800
7592,2873200
7593,2973800
7594,2922900
7595,3225200
7596,2792000
7597,2833100
7598,2950400
7599,3023900
7600,2697600
7601,3443300
7602,2847500
7603,2929300
7604,2946400
7605,3029500
7606,3091100
7607,2853200
7608,2856800
7609,2998400
7610,2731800
7611,3018300
7612,3102700
7613,2856800
7614,2846700
7615,2961800
7616,2751700
7617,3497700
7618,2693200
7619,3137700
7620,2882600
7621,2863900
7622,3599900
7623,3199100
7624,2391900
7625,5061000
7626,4334300
7627,2875500
7628,2314400
7629,2179300
7630,2509200
7631,2806200
7632,2848800
7633,2919500
7634,3202800
7635,3016700
7636,2961600
7637,2767500
7638,2889400
7639,3301300
7640,2845000
7641,2734300
7642,2814300
7643,2863200
7644,2944800
7645,3159100
7646,2893500
7647,2688900
7648,2820200
7649,2924700
7650,3019000
7651,3224900
7652,2694700
7653,2789200
7654,2831200
7655,2912600
7656,3047600
7657,3344200
7658,2788100
7659,2840400
7660,2858500
7661,2863600
7662,3555700
7663,2723100
7664,2867600
7665,2848700
7666,2892600
7667,3279000
7668,2898700
7669,2795300
7670,2881000
7671,2922700
7672,3011100
7673,3185900
7674,2776500
7675,3148100
7676,2864500
7677,2855200
7678,3337500
7679,3398000
7680,2593100
7681,2740300
7682,2700600
7683,2936300
7684,2860800
7685,3189300
7686,2812000
7687,2968600
7688,2942200
7689,2825800
7690,3255200
7691,2736000
7692,2915600
7693,2898500
7694,3102400
7695,2765900
7696,3467600
7697,2750500
7698,2922400
7699,2918600
7700,2743100
7701,3006900
7702,3164400
7703,2942800
7704,3029700
7705,2739500
7706,2841200
7707,3291100
7708,2804100
7709,2873600
7710,2892200
7711,2838300
7712,3172700
7713,3152700
7714,2868900
7715,3121300
7716,2655900
7717,2837100
7718,3005200
7719,3074900
7720,3150000
7721,2605500
7722,2848500
7723,2858500
7724,3354800
7725,2766000
7726,3435200
7727,2463100
7728,2794400
7729,3004500
7730,3331300
7731,2919600
7732,2683800
7733,2857900
7734,2878200
7735,2963000
7736,3421500
7737,2762000
7738,2697500
7739,2940300
7740,2787300
7741,3348900
7742,2854100
7743,2793400
7744,2936700
7745,2749800
7746,3005000
7747,3391900
7748,2613500
7749,2785500
7750,2891100
7751,2844700
7752,3111500
7753,3471100
7754,2550600
7755,2782100
7756,3080400
7757,2992400
7758,3256400
7759,2790400
7760,2808300
7761,2830100
7762,2861300
7763,3077000
7764,3119800
7765,2813900
7766,2806300
7767,2891500
7768,2797400
7769,3207500
7770,2965000
7771,2923100
7772,2804800
7773,3095000
7774,2959000
7775,3391800
7776,2879200
7777,2802500
7778,2835400
7779,2932300
7780,2924400
7781,3164500
7782,2794200
7783,2845200
7784,2885800
7785,2893900
7786,3289800
7787,2859000
7788,2808600
7789,2799500
7790,3005200
7791,2750100
7792,3308400
7793,2818400
7794,2823800
7795,2807300
7796,2944800
7797,2912000
7798,3849700
7799,2255300
7800,2890900
7801,2889200
7802,2845400
7803,2976600
7804,3258800
7805,2755100
7806,3229300
7807,2660300
7808,3112000
7809,3494100
7810,2761100
7811,3079200
7812,2683500
7813,2848500
7814,2986800
7815,3264800
7816,2639100
7817,2955000
7818,2808800
7819,2907600
7820,3301600
7821,2821800
7822,2900000
7823,2748300
7824,2900700
7825,2980800
7826,3206400
7827,3080000
7828,2610300
7829,3055100
7830,2775500
7831,2982600
7832,3250700
7833,2733000
7834,2872100
7835,2830100
7836,2864300
7837,3342500
7838,3049200
7839,2543100
7840,2827200
7841,2809900
7842,2882100
7843,3330200
7844,2872800
7845,2693800
7846,3106800
7847,2856600
7848,2898400
7849,3424500
7850,2662400
7851,2855300
7852,2833300
7853,2824100
7854,3130000
7855,3041500
7856,2709000
7857,2859700
7858,2843600
7859,2790800
7860,3257700
7861,2827800
7862,2806800
7863,2825700
7864,2796000
7865,3169700
7866,2975900
7867,2819300
7868,3054800
7869,2748700
7870,2947700
7871,2897300
7872,3154900
7873,2741400
7874,2817800
7875,2845100
7876,2880900
7877,3241200
7878,2782700
7879,2768400
7880,2852400
7881,3107500
7882,2725300
7883,3420400
7884,2688400
7885,3113300
7886,2819300
7887,2869700
7888,2919100
7889,3245900
7890,2751600
7891,2830000
7892,2952100
7893,2736300
7894,3234700
7895,2833000
7896,2807800
7897,2837000
7898,2904500
7899,2868500
7900,3251800
7901,2728700
7902,2827400
7903,2968700
7904,2774000
7905,3038700
7906,3122300
7907,2982200
7908,2945600
7909,2766800
7910,2848000
7911,2985200
7912,3160800
7913,3139900
7914,2865300
7915,2991100
7916,3111100
7917,2885500
7918,2819400
7919,2819000
7920,2886400
7921,2734100
7922,3302900
7923,3157400
7924,3249300
7925,2758700
7926,2731800
7927,2963600
7928,2902800
7929,3289600
7930,2671300
7931,2736200
7932,2895900
7933,3003800
7934,3153000
7935,2876400
7936,2791400
7937,2945200
7938,2861400
7939,3131800
7940,3152100
7941,2966900
7942,2841600
7943,2912500
7944,2937400
7945,3348900
7946,2810800
7947,2825100
7948,2865900
7949,2983700
7950,2870600
7951,3348700
7952,2685800
7953,2813700
7954,2961900
7955,2814100
7956,3208800
7957,3092500
7958,2795700
7959,2876000
7960,2894400
7961,2820500
7962,3754500
7963,2828700
7964,2824700
7965,2803800
7966,2730700
7967,3322300
7968,2890000
7969,2768500
7970,2898600
7971,2899700
7972,2771500
7973,3009500
7974,3134700
7975,2868700
7976,2802400
7977,2921700
7978,2956200
7979,2879100
7980,3354900
7981,2760300
7982,2921900
7983,2898500
7984,2817400
7985,3167300
7986,2809000
7987,2871700
7988,3165300
7989,2576600
7990,3186900
7991,3162500
7992,2768700
7993,2864200
7994,2829700
7995,2839400
7996,2988300
7997,3380400
7998,2818300
7999,3046600
8000,2749700
8001,2882300
8002,3188000
8003,2795100
8004,2817700
8005,2928800
8006,2758800
8007,2951300
8008,3204800
8009,2752100
8010,2937300
8011,2850800
8012,2804100
8013,3362900
8014,2736100
8015,3107000
8016,2642700
8017,2882300
8018,3027500
8019,3093000
8020,2912900
8021,2722700
8022,2893600
8023,3148200
8024,2924200
8025,3425300
8026,2778200
8027,2956600
8028,2883200
8029,2622900
8030,3366500
8031,2833800
8032,2799400
8033,2891200
8034,2807200
8035,3178700
8036,3380300
8037,2755300
8038,2958400
8039,2799500
8040,2827400
8041,3152000
8042,3060300
8043,2851200
8044,2864100
8045,2851900
8046,2898700
8047,3389400
8048,2747800
8049,2879000
8050,2809700
8051,2914200
8052,3157100
8053,3148800
8054,2817100
8055,2902500
8056,2847400
8057,3053900
8058,2828000
8059,3217800
8060,2868700
8061,2751500
8062,3019800
8063,2799600
8064,3277500
8065,2805500
8066,2903100
8067,2856100
8068,3151100
8069,2820400
8070,3194000
8071,2849100
8072,2792200
8073,2935500
8074,2814200
8075,3021100
8076,3107100
8077,2885100
8078,2855700
8079,3156800
8080,2950200
8081,3170200
8082,2854600
8083,3091100
8084,2650800
8085,2837900
8086,2977500
8087,3229100
8088,2998600
8089,2754400
8090,2781900
8091,2884100
8092,3050300
8093,3150000
8094,3225700
8095,2562000
8096,3115100
8097,2985700
8098,3083800
8099,2967100
8100,2728700
8101,2866200
8102,2819600
8103,2974500
8104,3204900
8105,2830100
8106,2812100
8107,2831000
8108,2879000
8109,3141500
8110,3364300
8111,2628600
8112,2842800
8113,3194300
8114,2984000
8115,3138500
8116,2772000
8117,2799700
8118,2924700
8119,2807300
8120,3010800
8121,3115300
8122,2818100
8123,2893700
8124,2786200
8125,2910200
8126,3435900
8127,2620400
8128,2919300
8129,2746600
8130,2838500
8131,3099000
8132,3012500
8133,2853100
8134,2827600
8135,2824000
8136,2831400
8137,3278100
8138,3489100
8139,2472000
8140,2777900
8141,2877100
8142,2861200
8143,3318700
8144,2920300
8145,2759500
8146,2946100
8147,2850100
8148,2974900
8149,3226200
8150,2800400
8151,2794300
8152,3338100
8153,2671300
8154,2948700
8155,3217400
8156,2890600
8157,2766300
8158,2979300
8159,2781400
8160,3324900
8161,2793200
8162,2881300
8163,2882700
8164,2804100
8165,2959400
8166,3178900
8167,2828300
8168,3314700
8169,2601700
8170,2743600
8171,2871900
8172,3218000
8173,3154800
8174,2834000
8175,2859400
8176,2811500
8177,3350700
8178,2821500
8179,3004300
8180,2748900
8181,2790500
8182,3029300
8183,3269400
8184,3062400
8185,2685200
8186,3068500
8187,2845100
8188,2934900
8189,3215800
8190,2916100
8191,2743600
8192,2836700
8193,2950300
8194,3252500
8195,2816300
8196,2837800
8197,2779700
8198,2957000
8199,2817400
8200,3263000
8201,2749700
8202,2848200
8203,2812700
8204,2818300
8205,3093200
8206,3155200
8207,2799000
8208,3053100
8209,2866400
8210,2755300
8211,3459800
8212,2635200
8213,2774500
8214,2844100
8215,2882200
8216,2895700
8217,3234800
8218,2736900
8219,2862500
8220,2873000
8221,2758400
8222,3237100
8223,3081700
8224,2775200
8225,3214700
8226,2744800
8227,2939500
8228,3168100
8229,2805100
8230,2807900
8231,2955900
8232,2970900
8233,2678600
8234,3223200
8235,2714200
8236,2948200
8237,2771000
8238,2955100
8239,2826500
8240,3186500
8241,2834900
8242,2864100
8243,2985400
8244,2698200
8245,2843800
8246,3180600
8247,3203700
8248,2921300
8249,2739600
8250,2934400
8251,3316100
8252,2876300
8253,2818800
8254,3188500
8255,2879100
8256,3313100
8257,3110900
8258,2818900
8259,2864700
8260,2911300
8261,2825100
8262,3017300
8263,3399100
8264,3093500
8265,2743300
8266,2968800
8267,2923000
8268,3159900
8269,2897400
8270,2806700
8271,2883500
8272,2975600
8273,2951900
8274,3301100
8275,2848000
8276,2772700
8277,2965400
8278,2952400
8279,3266800
8280,3006800
8281,2809400
8282,2806500
8283,2835100
8284,3044600
8285,3495400
8286,2854400
8287,2781300
8288,2900300
8289,2949400
8290,3253300
8291,2981900
8292,2706200
8293,2886500
8294,2828500
8295,3015900
8296,3562600
8297,2716400
8298,2861600
8299,2904700
8300,2855100
8301,3269800
8302,3698600
8303,2528200
8304,2886700
8305,3304000
8306,2603700
8307,3699500
8308,4383800
8309,3245600
8310,1924900
8311,1894000
8312,3256300
8313,2960100
8314,2764600
8315,2852100
8316,2840100
8317,2954600
8318,3333100
8319,2944800
8320,2833300
8321,2864700
8322,2823700
8323,3087400
8324,3152200
8325,2711000
8326,2847700
8327,2880400
8328,3001300
8329,2915100
8330,2981000
8331,2746200
8332,2894400
8333,2750500
8334,2921700
8335,3283800
8336,2753000
8337,2791300
8338,2867800
8339,3028200
8340,2931600
8341,3668000
8342,2128300
8343,2761900
8344,2953700
8345,2979800
8346,2867600
8347,3280400
8348,2677600
8349,2851100
8350,2841700
8351,2762500
8352,2978000
8353,3189300
8354,2709200
8355,2952100
8356,2721200
8357,2927700
8358,3459400
8359,2749900
8360,2897100
8361,2758500
8362,2814400
8363,3096300
8364,3147200
8365,2739900
8366,2911400
8367,2842400
8368,2747900
8369,3158100
8370,3250400
8371,3273800
8372,2998900
8373,2582000
8374,2864200
8375,3350800
8376,2958700
8377,2648900
8378,2875900
8379,2842600
8380,3087700
8381,3156400
8382,2843000
8383,2824400
8384,2944500
8385,2841900
8386,3412800
8387,2860900
8388,2852600
8389,2869800
8390,2821500
8391,3083400
8392,3233400
8393,2780800
8394,2934900
8395,2796400
8396,2933000
8397,3408000
8398,2879200
8399,2848100
8400,2926900
8401,3095400
8402,3237200
8403,3222200
8404,2648900
8405,3012100
8406,2774600
8407,3023600
8408,2937500
8409,3378800
8410,2968400
8411,2864500
8412,2820500
8413,3257400
8414,3143500
8415,2890800
8416,2968600
8417,2829900
8418,3236300
8419,2931300
8420,3302700
8421,2866500
8422,2876700
8423,2991000
8424,2728100
8425,3389000
8426,2758300
8427,2915400
8428,3137300
8429,2627800
8430,3032100
8431,3160200
8432,2884100
8433,2851200
8434,3278500
8435,2564900
8436,3160100
8437,2994200
8438,2809200
8439,3296300
8440,2696500
8441,2907800
8442,3516600
8443,2756100
8444,2954000
8445,2833100
8446,2816700
8447,3100900
8448,3150100
8449,2720200
8450,2870900
8451,2850200
8452,2882100
8453,3056600
8454,3142100
8455,2831900
8456,3109900
8457,2842200
8458,2857200
8459,3317500
8460,2832000
8461,2782500
8462,2890300
8463,2881700
8464,3007600
8465,3319400
8466,2612600
8467,2777600
8468,2874900
8469,2857900
8470,2995300
8471,3143400
8472,2769400
8473,2874900
8474,2811700
8475,2914300
8476,3534500
8477,2934000
8478,2434300
8479,2841000
8480,2802100
8481,3016900
8482,3453300
8483,2711700
8484,2834400
8485,2894100
8486,2789600
8487,3152100
8488,3076600
8489,2729900
8490,2870000
8491,2854100
8492,3119500
8493,3123700
8494,2957000
8495,3031100
8496,2918400
8497,3109100
8498,2816100
8499,3075700
8500,2842800
8501,2819100
8502,2849700
8503,2932500
8504,2942000
8505,3189600
8506,2752900
8507,2891800
8508,2983600
8509,2776500
8510,3411800
8511,2677100
8512,3134400
8513,2727200
8514,3065000
8515,2938300
8516,3148300
8517,2827700
8518,2816500
8519,2943800
8520,2787700
8521,3074700
8522,3130000
8523,2708800
8524,3224900
8525,2601800
8526,2788200
8527,3327300
8528,2725000
8529,3136600
8530,2818000
8531,2868300
8532,2885400
8533,3251400
8534,2766700
8535,2894700
8536,2788700
8537,2869300
8538,2915100
8539,3259400
8540,2946400
8541,2694700
8542,2779400
8543,2872400
8544,3377300
8545,2737000
8546,3024700
8547,2982700
8548,2786600
8549,3073800
8550,3147900
8551,2841200
8552,2749700
8553,2801800
8554,2846700
8555,3333600
8556,3147500
8557,2718100
8558,2812600
8559,2841100
8560,2875900
8561,3269200
8562,2884700
8563,2705400
8564,3136500
8565,2860300
8566,2939400
8567,3300800
8568,2728900
8569,2793900
8570,2885900
8571,2827300
8572,3095900
8573,3087800
8574,2773600
8575,2806000
8576,2921100
8577,2742700
8578,3389100
8579,2807600
8580,2764300
8581,2862600
8582,2831300
8583,3183500
8584,3027900
8585,2898900
8586,3040100
8587,2801500
8588,2939900
8589,2864700
8590,3466600
8591,2745800
8592,2874800
8593,3162300
8594,3124400
8595,3342500
8596,2479300
8597,2771800
8598,2882600
8599,2857400
8600,2983800
8601,3054100
8602,2875100
8603,2844900
8604,3299400
8605,2647900
8606,2725200
8607,3453100
8608,2886100
8609,2913500
8610,2742300
8611,2845200
8612,3236700
8613,2730300
8614,3106600
8615,2667200
8616,2867800
8617,2965100
8618,3095600
8619,2959800
8620,2847300
8621,2845300
8622,2966000
8623,3066700
8624,3360700
8625,2877200
8626,2824700
8627,2878500
8628,2891400
8629,3536100
8630,2868000
8631,2752300
8632,2915500
8633,2959800
8634,2942100
8635,3247100
8636,2814600
8637,2866100
8638,2909800
8639,2937200
8640,3290000
8641,3701600
8642,2665800
8643,2725300
8644,2835900
8645,3035800
8646,3217300
8647,2729900
8648,2892400
8649,2960300
8650,2732400
8651,3258600
8652,2990600
8653,2814000
8654,2899900
8655,2898700
8656,2849600
8657,3262200
8658,2821600
8659,2805700
8660,2938400
8661,2757200
8662,3128800
8663,3264000
8664,2815800
8665,2865500
8666,2833600
8667,2936500
8668,3252500
8669,2760600
8670,2925500
8671,2805800
8672,2869100
8673,2729700
8674,3352200
8675,2786300
8676,2901300
8677,2953400
8678,2725300
8679,3191300
8680,3175400
8681,2727800
8682,2799300
8683,2892500
8684,2815600
8685,2903100
8686,3108000
8687,2887100
8688,2914900
8689,2705700
8690,2846400
8691,2905000
8692,3163400
8693,3025800
8694,2742400
8695,2790300
8696,2787800
8697,3280100
8698,2766400
8699,3144700
8700,2563000
8701,2910600
8702,3262300
8703,3114700
8704,2940900
8705,2706000
8706,2875000
8707,2810300
8708,2969600
8709,3208600
8710,2812600
8711,2728000
8712,2901300
8713,2829500
8714,3266200
8715,3245300
8716,3056200
8717,2517500
8718,2718100
8719,3094100
8720,3307500
8721,2660900
8722,2793100
8723,2872500
8724,2914700
8725,2913200
8726,3291100
8727,2801500
8728,2819100
8729,2822100
8730,2920500
8731,3312400
8732,2904400
8733,2766600
8734,2870600
8735,2826500
8736,3566300
8737,2780000
8738,2835900
8739,2824700
8740,3103600
8741,3344700
8742,3166200
8743,2781200
8744,2860100
8745,2865000
8746,2903500
8747,2989600
8748,3219400
8749,2879000
8750,2876800
8751,2926500
8752,2993100
8753,3206400
8754,2862900
8755,2979600
8756,2837500
8757,3160600
8758,3142000
8759,2901100
8760,2842600
8761,2882800
8762,3145400
8763,2886900
8764,3067300
8765,3182800
8766,2854900
8767,2873400
8768,3025100
8769,2770000
8770,3419000
8771,2865000
8772,2816900
8773,3370700
8774,2654100
8775,2979900
8776,3325100
8777,2823200
8778,2892100
8779,3054600
8780,2850400
8781,3387600
8782,2729500
8783,2901900
8784,2863000
8785,2848000
8786,2944000
8787,3255300
8788,2934100
8789,2710500
8790,2783300
8791,2882900
8792,3101500
8793,3112300
8794,2803200
8795,2745200
8796,3134000
8797,2880000
8798,3316100
8799,2801200
8800,2823000
8801,2770700
8802,2924700
8803,2828500
8804,3263700
8805,2841700
8806,2743500
8807,2859000
8808,2862000
8809,2848200
8810,3244100
8811,2783700
8812,2777500
8813,2814200
8814,2883500
8815,3167200
8816,3110400
8817,3178000
8818,2387100
8819,2778200
8820,2951100
8821,3357900
8822,2808900
8823,2725500
8824,2932400
8825,2791400
8826,3003100
8827,3079300
8828,2827600
8829,2814100
8830,2819800
8831,2927900
8832,3023200
8833,3007900
8834,2805000
8835,3160000
8836,2872400
8837,2772000
8838,3249100
8839,2882600
8840,2764000
8841,2990000
8842,2706600
8843,2874500
8844,3246300
8845,2840200
8846,2832800
8847,2871100
8848,2824000
8849,3220800
8850,3134400
8851,2740000
8852,3254500
8853,2748200
8854,2804100
8855,3376400
8856,2785200
8857,2880000
8858,2830500
8859,2832400
8860,3113600
8861,3091600
8862,3005400
8863,2656700
8864,2824000
8865,2914700
8866,2960500
8867,3268600
8868,2792500
8869,2748000
8870,2891600
8871,2830300
8872,3435600
8873,3073700
8874,2760900
8875,2852600
8876,2809900
8877,2965700
8878,3231100
8879,2835700
8880,2826300
8881,2852300
8882,2892900
8883,2958300
8884,3256100
8885,2786400
8886,2747900
8887,2930700
8888,2785900
8889,3511300
8890,2965800
8891,3218600
8892,2693000
8893,2889200
8894,3018800
8895,3200900
8896,2763000
8897,2822800
8898,2820200
8899,2973100
8900,2912800
8901,3210500
8902,2739200
8903,2819100
8904,2880000
8905,3012200
8906,3245600
8907,2824400
8908,3048700
8909,2808800
8910,2950000
8911,2803400
8912,3357100
8913,2675900
8914,2931700
8915,2758000
8916,2900800
8917,3062800
8918,3123300
8919,2692400
8920,2888700
8921,2908700
8922,2798400
8923,3315200
8924,2749300
8925,2890700
8926,2916500
8927,2759100
8928,3063600
8929,3574700
8930,2676900
8931,3113300
8932,2645800
8933,2838800
8934,2961600
8935,3503000
8936,2458900
8937,3111300
8938,2905900
8939,3108100
8940,2790100
8941,3070500
8942,2832500
8943,2803900
8944,2836000
8945,3278700
8946,3198400
8947,3211400
8948,2604800
8949,2975500
8950,2824800
8951,2926600
8952,3259800
8953,2741000
8954,2780600
8955,2915200
8956,2997200
8957,3166900
8958,2897600
8959,2786900
8960,2966200
8961,2801200
8962,2996400
8963,3411600
8964,2950400
8965,2765400
8966,2845700
8967,2973700
8968,3401900
8969,2768400
8970,2847500
8971,2898400
8972,2807300
8973,3301300
8974,2932000
8975,2798000
8976,2897900
8977,2857000
8978,2915700
8979,3066400
8980,2998800
8981,2876100
8982,2824200
8983,2988100
8984,3417900
8985,3148000
8986,3276700
8987,2512900
8988,3802700
8989,2634400
8990,3391200
8991,4800900
8992,2841900
8993,1792000
8994,2131400
8995,2835500
8996,3245000
8997,2813200
8998,2891100
8999,2797500
9000,3060000
9001,2781900
9002,3553100
9003,2848500
9004,2768100
9005,3103100
9006,2593300
9007,2972600
9008,3165900
9009,2827000
9010,2797500
9011,2887800
9012,2789500
9013,3319700
9014,2790900
9015,2757500
9016,2923700
9017,2782400
9018,2868000
9019,3278700
9020,2806100
9021,2880900
9022,2727200
9023,2848800
9024,3075900
9025,3024500
9026,2747300
9027,2849800
9028,3117800
9029,2732500
9030,2925400
9031,3226300
9032,2885700
9033,2753400
9034,2779900
9035,2864300
9036,3414700
9037,2833800
9038,2718700
9039,2838500
9040,2839700
9041,3128200
9042,3065400
9043,2804000
9044,2768600
9045,3079100
9046,2899400
9047,2976400
9048,3268800
9049,2690200
9050,2801700
9051,2915200
9052,2881000
9053,3406000
9054,2778000
9055,2795500
9056,2855100
9057,2847900
9058,3067200
9059,3462600
9060,3026000
9061,2621500
9062,2739600
9063,3006700
9064,3106400
9065,2959200
9066,2864300
9067,2890500
9068,2872000
9069,3332200
9070,2872000
9071,2811600
9072,2811700
9073,2848700
9074,2990300
9075,2995500
9076,3251800
9077,2808000
9078,2852000
9079,3055500
9080,3012700
9081,3125600
9082,2815900
9083,2782600
9084,3258600
9085,3088900
9086,2847300
9087,3094300
9088,2869700
9089,2904900
9090,3131500
9091,2790000
9092,3264700
9093,2855600
9094,2935000
9095,2955600
9096,2941500
9097,2942100
9098,3361800
9099,2814100
9100,2875400
9101,3607400
9102,2572100
9103,2903600
9104,3311700
9105,2748900
9106,3136600
9107,2700900
9108,2864000
9109,3597700
9110,2871500
9111,3165800
9112,2615100
9113,2936800
9114,3278600
9115,2844800
9116,2844100
9117,3195400
9118,2881600
9119,2849100
9120,3337100
9121,2826700
9122,2908200
9123,2816100
9124,2831800
9125,2906700
9126,3227600
9127,2922500
9128,2790300
9129,2778300
9130,2888400
9131,2948900
9132,3213000
9133,2797700
9134,2826400
9135,2836800
9136,2886800
9137,2966600
9138,3170000
9139,3071300
9140,2790000
9141,2876400
9142,2840900
9143,3323200
9144,2833900
9145,2711500
9146,2836000
9147,2829900
9148,3069400
9149,3148900
9150,2848600
9151,2768500
9152,2822300
9153,2873200
9154,2992400
9155,3114900
9156,2803600
9157,3160500
9158,2447300
9159,2837800
9160,3363100
9161,2740700
9162,2824000
9163,2765600
9164,3125800
9165,2627100
9166,3254100
9167,2733000
9168,2916400
9169,2779600
9170,3173200
9171,2709900
9172,3004600
9173,2818700
9174,3199500
9175,2877100
9176,2762100
9177,2876300
9178,3212600
9179,2830700
9180,3039600
9181,2689300
9182,2904100
9183,3222000
9184,2789200
9185,2819500
9186,2977600
9187,2723900
9188,2969100
9189,3186500
9190,2817400
9191,2982400
9192,2773400
9193,2780200
9194,3063600
9195,3076900
9196,3263700
9197,2790100
9198,2743400
9199,2917200
9200,3223400
9201,2743900
9202,2907900
9203,2865500
9204,2812000
9205,2987300
9206,3091000
9207,2956700
9208,2712100
9209,2930800
9210,2786900
9211,3105100
9212,3332600
9213,2875800
9214,2857700
9215,2798000
9216,2900900
9217,3263300
9218,2895500
9219,2788200
9220,2911900
9221,2735300
9222,3086100
9223,3341500
9224,2721700
9225,2845800
9226,2901000
9227,2803300
9228,2925200
9229,3311900
9230,3010100
9231,2885100
9232,2801700
9233,3035600
9234,3216200
9235,2792000
9236,2828600
9237,2892500
9238,2832600
9239,3181300
9240,3122400
9241,2897700
9242,2817900
9243,2764100
9244,3122300
9245,2754800
9246,3178600
9247,2779600
9248,2894000
9249,2842500
9250,2965200
9251,3181600
9252,3098600
9253,2763400
9254,2940100
9255,2732900
9256,3094600
9257,3123300
9258,2753400
9259,2795200
9260,3128600
9261,2680000
9262,3373600
9263,2723500
9264,2841300
9265,2920000
9266,2786300
9267,2869500
9268,2971100
9269,3398500
9270,2782600
9271,2903900
9272,2836800
9273,2932400
9274,3224900
9275,2761500
9276,3132500
9277,3017000
9278,2915700
9279,2872900
9280,3024700
9281,2819600
9282,2798200
9283,2881500
9284,2731600
9285,3292000
9286,2965300
9287,2891400
9288,2707100
9289,2743800
9290,3242500
9291,3250900
9292,2895100
9293,2712400
9294,2875200
9295,2736900
9296,2951100
9297,3371100
9298,2674100
9299,2885100
9300,2851400
9301,2822600
9302,3617100
9303,2652700
9304,2865600
9305,2942400
9306,2853200
9307,3179200
9308,3033400
9309,2727400
9310,2916700
9311,2941900
9312,3092300
9313,2931200
9314,3215900
9315,2806900
9316,2936700
9317,2803700
9318,3433900
9319,3322600
9320,2398600
9321,2800700
9322,2854100
9323,2764700
9324,3597000
9325,2789500
9326,3053600
9327,2584400
9328,2768100
9329,3383600
9330,3044800
9331,2824700
9332,2829200
9333,2903700
9334,2856000
9335,3152000
9336,3266000
9337,2740800
9338,2956400
9339,2795600
9340,2881700
9341,2954200
9342,3186700
9343,2795200
9344,2961800
9345,3070600
9346,2545100
9347,3098300
9348,3157200
9349,2738300
9350,3264200
9351,2702300
9352,2992000
9353,3173400
9354,2803000
9355,2855400
9356,2958000
9357,2786000
9358,2965800
9359,3218700
9360,2791000
9361,2948200
9362,2841800
9363,2741100
9364,3374400
9365,2751200
9366,3022400
9367,2748100
9368,3059200
9369,3033100
9370,3056500
9371,3097100
9372,2692700
9373,2772200
9374,2815600
9375,3051800
9376,3107600
9377,2906600
9378,2770000
9379,2866700
9380,2829900
9381,2996400
9382,3155300
9383,2755000
9384,2816500
9385,3138300
9386,2953300
9387,3299900
9388,2651200
9389,2822500
9390,2837300
9391,2842200
9392,3006500
9393,3122800
9394,2886400
9395,2786300
9396,2833000
9397,2881900
9398,3251800
9399,2877800
9400,2917700
9401,2744400
9402,3125100
9403,3303600
9404,3100300
9405,2795000
9406,2883900
9407,2685700
9408,2840000
9409,3066400
9410,3077400
9411,2772100
9412,2844200
9413,2863000
9414,2942000
9415,3363800
9416,2785900
9417,2932200
9418,2781300
9419,3217100
9420,2732500
9421,3110900
9422,2844800
9423,2818400
9424,3251600
9425,2798800
9426,3042100
9427,3151700
9428,2884000
9429,2815900
9430,3056100
9431,2797600
9432,3223900
9433,2835200
9434,2954500
9435,2902500
9436,2823900
9437,3087200
9438,3125200
9439,2803500
9440,3013000
9441,3065400
9442,2863100
9443,2964900
9444,3235800
9445,2969500
9446,3044200
9447,2709500
9448,2821900
9449,3316100
9450,2957300
9451,2827100
9452,2776700
9453,2943100
9454,2902000
9455,3232100
9456,3013500
9457,2823900
9458,3068900
9459,2830300
9460,3493700
9461,3077600
9462,2639000
9463,2971000
9464,2801200
9465,2876100
9466,3379800
9467,2712400
9468,2841300
9469,2878100
9470,2793600
9471,2970900
9472,3315800
9473,2740900
9474,2799400
9475,3242900
9476,2825400
9477,3406100
9478,2613800
9479,2879200
9480,2836900
9481,2917400
9482,2880300
9483,3227100
9484,2747100
9485,2909600
9486,2776100
9487,2994800
9488,2928900
9489,3056500
9490,2793200
9491,2900800
9492,2840000
9493,3018200
9494,3290700
9495,2692800
9496,2836600
9497,3227600
9498,2458900
9499,2989800
9500,3208200
9501,2708900
9502,2923300
9503,2809000
9504,2870000
9505,2861500
9506,3365400
9507,2795500
9508,2884700
9509,2915100
9510,2765700
9511,3121500
9512,2981400
9513,2753700
9514,2872400
9515,2893300
9516,2853400
9517,3277600
9518,3010200
9519,2809900
9520,3064400
9521,2601300
9522,2995200
9523,3102900
9524,2784000
9525,2886500
9526,2898200
9527,2737500
9528,3059800
9529,3020300
9530,2792700
9531,3005800
9532,2689600
9533,2825900
9534,3534500
9535,2965000
9536,2999700
9537,2741100
9538,2743700
9539,3096700
9540,3017900
9541,3066000
9542,2682200
9543,2767600
9544,2795500
9545,3041100
9546,3018700
9547,2843000
9548,2879800
9549,2792100
9550,2865800
9551,3316300
9552,2866100
9553,2808300
9554,2752200
9555,2878600
9556,2955000
9557,3520000
9558,2652100
9559,2762500
9560,2823800
9561,2881100
9562,3061600
9563,3036800
9564,2892500
9565,2803300
9566,2827200
9567,2914000
9568,3007600
9569,3083200
9570,2863500
9571,2818500
9572,2874300
9573,3159400
9574,3420400
9575,2937100
9576,2687400
9577,2927400
9578,2869800
9579,2865200
9580,3112300
9581,2942600
9582,2753000
9583,2885600
9584,2935800
9585,3315000
9586,2819100
9587,2774800
9588,2885500
9589,2961000
9590,3012100
9591,3063200
9592,3115700
9593,2746600
9594,3001600
9595,2742500
9596,2937100
9597,3316700
9598,2772500
9599,2803500
9600,2929600
9601,2819600
9602,3265200
9603,2827300
9604,2845900
9605,2899500
9606,2797700
9607,2975500
9608,3326200
9609,2769900
9610,3138300
9611,2674500
9612,2721400
9613,3307600
9614,3080500
9615,2969100
9616,2752500
9617,2864600
9618,2840100
9619,3017500
9620,3198100
9621,3162000
9622,2787100
9623,2931100
9624,2805900
9625,3117600
9626,2979900
9627,2718100
9628,2812000
9629,2840600
9630,3213300
9631,2974100
9632,2869500
9633,2955000
9634,2741700
9635,3204300
9636,3219500
9637,2980600
9638,2750800
9639,2907900
9640,2767100
9641,3198500
9642,3117600
9643,2785500
9644,2868800
9645,2846400
9646,2842400
9647,3447100
9648,3002600
9649,2731500
9650,2861000
9651,2929600
9652,3211300
9653,3322800
9654,2735900
9655,2900300
9656,2825600
9657,2840900
9658,3142600
9659,3087800
9660,2778300
9661,2833000
9662,2881700
9663,2839000
9664,3617000
9665,2732700
9666,2985800
9667,2614100
9668,2898800
9669,3217800
9670,2897300
9671,3074100
9672,3458800
9673,2486100
9674,3620500
9675,5338600
9676,2612300
9677,1840700
9678,2116800
9679,3045900
9680,2855800
9681,3181700
9682,2735000
9683,2903000
9684,2821500
9685,2981300
9686,2922100
9687,3083800
9688,2814500
9689,2848800
9690,3014700
9691,2803000
9692,2925000
9693,3184100
9694,3023300
9695,2921600
9696,2802900
9697,2876700
9698,3312200
9699,2645600
9700,2841600
9701,3055700
9702,2915300
9703,2920200
9704,3132700
9705,2834000
9706,2945300
9707,2779200
9708,2755200
9709,3331800
9710,2746000
9711,3057300
9712,2659200
9713,2822800
9714,2923900
9715,3346900
9716,2788100
9717,2872300
9718,2808400
9719,2968500
9720,2846400
9721,3168800
9722,2899800
9723,2782600
9724,2815600
9725,2834700
9726,3387900
9727,2922300
9728,3123500
9729,2945700
9730,2788100
9731,2941600
9732,3261800
9733,2869200
9734,2824000
9735,2874800
9736,2921100
9737,2915100
9738,3237000
9739,2817300
9740,2854700
9741,2840600
9742,2935200
9743,3049200
9744,3251000
9745,3146100
9746,2761500
9747,2874900
9748,2890700
9749,3766300
9750,2739800
9751,2809700
9752,2736400
9753,2786000
9754,3269100
9755,3008100
9756,2836700
9757,2939000
9758,2830100
9759,2919800
9760,3533200
9761,2676300
9762,3238500
9763,2802200
9764,2907900
9765,3035700
9766,3191400
9767,2850600
9768,2979300
9769,2800600
9770,3254300
9771,2771000
9772,3109400
9773,2845000
9774,3027500
9775,2971500
9776,2882500
9777,3240600
9778,2795000
9779,3049300
9780,2763200
9781,2978900
9782,3410100
9783,2792500
9784,3126100
9785,2980000
9786,3063000
9787,2881500
9788,3269900
9789,2811200
9790,2960400
9791,2904300
9792,2843300
9793,2917800
9794,3232100
9795,2827000
9796,3118100
9797,2641800
9798,2865700
9799,3410300
9800,2709500
9801,3207600
9802,3139300
9803,2573400
9804,2953500
9805,3123900
9806,2875600
9807,2951900
9808,2782000
9809,2757900
9810,2965800
9811,3148200
9812,3003800
9813,2658700
9814,2873000
9815,2834400
9816,3296100
9817,2846100
9818,2857000
9819,2741400
9820,2863600
9821,3208900
9822,3092500
9823,2894800
9824,2740000
9825,2799100
9826,2832300
9827,2942700
9828,3540700
9829,2592000
9830,2831000
9831,2871500
9832,2810300
9833,2987700
9834,3171600
9835,2692900
9836,2828900
9837,3263600
9838,2429500
9839,3349600
9840,2730000
9841,2827200
9842,2813100
9843,2825200
9844,3163400
9845,3010500
9846,2721000
9847,2800700
9848,2886800
9849,2813000
9850,3008000
9851,3188300
9852,2687500
9853,2889700
9854,2765000
9855,3131100
9856,3182300
9857,2932900
9858,2854600
9859,2820100
9860,2852500
9861,3053000
9862,3404300
9863,2732200
9864,2856700
9865,2817900
9866,2907200
9867,2951700
9868,3214500
9869,2747400
9870,2822900
9871,3010000
9872,2747200
9873,3279200
9874,2796000
9875,2790600
9876,3127700
9877,2644000
9878,2988300
9879,3270800
9880,2648800
9881,2884900
9882,2882900
9883,3033400
9884,2940200
9885,3177000
9886,2793300
9887,2956700
9888,2801200
9889,2830800
9890,2955400
9891,3260200
9892,2953300
9893,2717000
9894,2811200
9895,3253200
9896,2893400
9897,2867600
9898,2857600
9899,2833700
9900,3166200
9901,2928500
9902,3389500
9903,2978500
9904,2711500
9905,2816000
9906,2834500
9907,3362500
9908,2877600
9909,2877800
9910,2749900
9911,2942400
9912,3022700
9913,3118100
9914,2856000
9915,2832200
9916,2864500
9917,3165800
9918,3233800
9919,2853800
9920,2857100
9921,2820200
9922,2866500
9923,2834000
9924,3396700
9925,2742000
9926,2909700
9927,2813100
9928,2867100
9929,2944100
9930,3169100
9931,2846100
9932,2782900
9933,2832900
9934,2916000
9935,3268100
9936,2826700
9937,2862400
9938,2829400
9939,3104200
9940,3077900
9941,3263100
9942,2804200
9943,2727300
9944,2895100
9945,2791000
9946,3059100
9947,3089500
9948,2781700
9949,2915200
9950,2772300
9951,2940300
9952,2980400
9953,3042500
9954,2739000
9955,2843600
9956,3114000
9957,2830900
9958,3345300
9959,2723700
9960,2836200
9961,2822000
9962,3060900
9963,3210200
9964,3039400
9965,2824200
9966,2679900
9967,2813200
9968,2904200
9969,3214100
9970,2772400
9971,2837400
9972,2838500
9973,3270700
9974,2793900
9975,3235100
9976,2820400
9977,2817300
9978,3033700
9979,2685100
9980,2816800
9981,3149600
9982,2741400
9983,2810400
9984,2916800
9985,2870200
9986,3016500
9987,3120000
9988,2801400
9989,3155400
9990,2603400
9991,2984400
9992,3079800
9993,3031600
9994,2918400
9995,3106700
9996,2746700
9997,3069400
9998,3171200
9999,2954600
10000,2758700
10001,2934800
10002,2824200
10003,3055600
10004,3152100
10005,3213500
10006,2802000
10007,2786900
10008,2794300
10009,3322800
10010,2912600
10011,3102500
10012,2748700
10013,2885900
10014,2862700
10015,3471000
10016,2740500
10017,2846400
10018,2894900
10019,2913400
10020,2930800
10021,3195000
10022,2776100
10023,2949100
10024,2874100
10025,2869300
10026,3531500
10027,2662500
10028,2798400
10029,3196600
10030,2849200
10031,2995500
10032,3077400
10033,2852600
10034,2868000
10035,2844400
10036,2937900
10037,2958600
10038,3104700
10039,2831600
10040,2757800
10041,3001300
10042,2882600
10043,3221400
10044,2807000
10045,3162700
10046,2491500
10047,3221400
10048,2801400
10049,3132200
10050,2991400
10051,2866600
10052,2895700
10053,2840700
10054,3302600
10055,3034900
10056,2705500
10057,2928600
10058,2912700
10059,2867800
10060,3259600
10061,2781400
10062,2874200
10063,2990100
10064,2724600
10065,3097300
10066,3059000
10067,2771200
10068,3410200
10069,2667100
10070,2850500
10071,2922900
10072,3145800
10073,2900700
10074,2899800
10075,2803900
10076,3064100
10077,3128200
10078,2815600
10079,3416700
10080,2292600
10081,2993800
10082,2858700
10083,3259000
10084,3137000
10085,2697500
10086,2801400
10087,2918500
10088,3432100
10089,3350400
10090,2661700
10091,2799700
10092,2818100
10093,3116700
10094,3168400
10095,3165800
10096,3210900
10097,2633900
10098,2676800
10099,2862700
10100,3275300
10101,2827800
10102,2858600
10103,2939500
10104,2938700
10105,3419700
10106,3070500
10107,2830000
10108,2926000
10109,2890200
10110,3032300
10111,3311800
10112,2829600
10113,3250400
10114,2470900
10115,2922800
10116,3076400
10117,3227700
10118,2814200
10119,2948900
10120,2851300
10121,3222800
10122,2987400
10123,3202000
10124,2787300
10125,2899800
10126,2914900
10127,3523800
10128,2890100
10129,2803500
10130,2893000
10131,3142500
10132,2907600
10133,2976900
10134,2898400
10135,2850300
10136,2873100
10137,2818900
10138,2881500
10139,3226100
10140,2863200
10141,3164700
10142,2846500
10143,2551100
10144,3411000
10145,2802100
10146,2881000
10147,3292900
10148,2414000
10149,2965900
10150,3145100
10151,2736700
10152,2981200
10153,2722600
10154,2853000
10155,2872200
10156,3189700
10157,2825500
10158,2973400
10159,2728000
10160,2871000
10161,3236400
10162,3203600
10163,2939900
10164,2684600
10165,2844300
10166,2940600
10167,3114600
10168,3041900
10169,2686900
10170,2749200
10171,2872000
10172,2961900
10173,3232100
10174,2859500
10175,2714000
10176,2852800
10177,2833500
10178,2935000
10179,3308500
10180,2757800
10181,2736500
10182,3290400
10183,2457700
10184,3226100
10185,2855400
10186,2744300
10187,2835600
10188,2834400
10189,2894600
10190,3402600
10191,2668000
10192,2764800
10193,2849300
10194,2825500
10195,3274700
10196,3219300
10197,2723700
10198,2753100
10199,2870200
10200,2853700
10201,3324400
10202,2792500
10203,2865200
10204,2744500
10205,2909700
10206,2954200
10207,3113800
10208,2734800
10209,2932200
10210,2745600
10211,2872100
10212,2919800
10213,3170800
10214,2816300
10215,2754900
10216,2871200
10217,3381300
10218,2578500
10219,2996600
10220,2839900
10221,2781800
10222,3152600
10223,2794800
10224,3259800
10225,2830500
10226,2716400
10227,3100200
10228,2680000
10229,2838200
10230,3216700
10231,2788000
10232,2789000
10233,2937900
10234,2804800
10235,3035700
10236,3206900
10237,2682200
10238,2925300
10239,2780300
10240,3103400
10241,3344700
10242,2713300
10243,2896300
10244,2768300
10245,2906500
10246,2999300
10247,3176200
10248,2735300
10249,2914600
10250,2810600
10251,2869700
10252,3311900
10253,2834900
10254,3038900
10255,2657200
10256,2856900
10257,3072700
10258,3340700
10259,2976900
10260,2661200
10261,2871300
10262,2778900
10263,3023400
10264,3207500
10265,2828500
10266,2838900
10267,2833900
10268,2871300
10269,2898100
10270,3371300
10271,2699300
10272,2810100
10273,2820600
10274,2820400
10275,3325400
10276,3122000
10277,2749700
10278,3094400
10279,2837700
10280,3038200
10281,3250600
10282,2648500
10283,2877700
10284,2825100
10285,2786800
10286,3562800
10287,2617900
10288,2705400
10289,2921500
10290,2809200
10291,3056500
10292,2888000
10293,2964400
10294,2787900
10295,2853800
10296,2831000
10297,3085100
10298,3152100
10299,2689300
10300,3098800
10301,2806800
10302,2909400
10303,2872800
10304,3232700
10305,2718100
10306,2847800
10307,3084000
10308,2919300
10309,3287300
10310,2986800
10311,2715700
10312,2940100
10313,2801700
10314,2723000
10315,3307300
10316,3073900
10317,3142500
10318,2715000
10319,2885100
10320,3059700
10321,5952200
10322,2705100
10323,1876600
10324,2100300
10325,2781300
10326,3254700
10327,2811100
10328,2921200
10329,2716400
10330,3167600
10331,2974500
10332,3165300
10333,2973000
10334,2723700
10335,2787300
10336,2887000
10337,3323500
10338,2781800
10339,2913200
10340,2761300
10341,2856500
10342,2894900
10343,3353100
10344,3170100
10345,2574900
10346,3055900
10347,2532200
10348,2880700
10349,3370000
10350,2795500
10351,2772600
10352,2865700
10353,2878700
10354,3386000
10355,3196600
10356,2708400
10357,2880900
10358,3218200
10359,3691600
10360,2453400
10361,3371200
10362,4104600
10363,2651400
10364,1824000
10365,2246900
10366,3210100
10367,2748400
10368,2849400
10369,2897700
10370,2854900
10371,3004400
10372,3134600
10373,3081300
10374,2819300
10375,3003800
10376,2969500
10377,3174400
10378,2756600
10379,2815100
10380,2862400
10381,2965800
10382,2934200
10383,3216500
10384,2774500
10385,2907000
10386,2800500
10387,2855100
10388,3487400
10389,3950300
10390,1844600
10391,2830200
10392,2865300
10393,2939500
10394,3218800
10395,2757900
10396,3056500
10397,2718700
10398,2875400
10399,2859000
10400,3302600
10401,2760000
10402,2864600
10403,2906600
10404,2892700
10405,3283500
10406,2713500
10407,3054700
10408,2688500
10409,2868600
10410,3016500
10411,3308100
10412,3167500
10413,2723700
10414,2814400
10415,2895900
10416,2989700
10417,3385200
10418,2676000
10419,2829100
10420,2880900
10421,2894000
10422,3606100
10423,3165100
10424,2463700
10425,2919000
10426,2835700
10427,3286600
10428,3137000
10429,2975200
10430,2854500
10431,2880400
10432,2894500
10433,3803200
10434,2445300
10435,2911900
10436,2831200
10437,2942400
10438,3075400
10439,3641200
10440,3057300
10441,2611900
10442,2673100
10443,2804200
10444,3312800
10445,2908400
10446,3062900
10447,2957600
10448,2897500
10449,3210100
10450,2993600
10451,2877800
10452,2888300
10453,2950900
10454,2890500
10455,3284600
10456,2965200
10457,3576100
10458,2250300
10459,2846000
10460,2963600
10461,3327100
10462,2835100
10463,2869400
10464,2910000
10465,3047500
10466,2946000
10467,3269200
10468,2848500
10469,2872000
10470,2990800
10471,2875900
10472,2934700
10473,3201800
10474,2875200
10475,2796000
10476,3339100
10477,2574300
10478,3208700
10479,2794900
10480,2942000
10481,2884000
10482,2928100
10483,3042700
10484,3301100
10485,2735400
10486,3251200
10487,2640500
10488,2718400
10489,2981500
10490,3138600
10491,3269300
10492,2499900
10493,2801900
10494,2914000
10495,3352800
10496,2850600
10497,3088400
10498,2814800
10499,2792700
10500,2951300
10501,3178900
10502,2817300
10503,2847500
10504,2751600
10505,2923500
10506,2997700
10507,3216100
10508,2673400
10509,2861600
10510,2778600
10511,2851600
10512,3612700
10513,2698300
10514,2847100
10515,2786100
10516,2883200
10517,2951000
10518,3251600
10519,2788800
10520,2795000
10521,2785100
10522,2908000
10523,3188700
10524,2946000
10525,2857800
10526,3172900
10527,2461600
10528,2802000
10529,3375000
10530,2707700
10531,2848200
10532,2779900
10533,2886900
10534,3054500
10535,3344500
10536,2735800
10537,2775500
10538,2836100
10539,2819800
10540,3197700
10541,2905500
10542,2872600
10543,2815400
10544,2785600
10545,3233200
10546,3252900
10547,2786200
10548,2752200
10549,2848300
10550,2850700
10551,2899600
10552,3270100
10553,2756500
10554,2830700
10555,2934400
10556,2835000
10557,3048400
10558,3036700
10559,2842300
10560,2975000
10561,3133700
10562,2690600
10563,2927800
10564,3123200
10565,2888600
10566,2935700
10567,2750500
10568,2820400
10569,3449500
10570,2828000
10571,2977400
10572,2683700
10573,2903000
10574,2880900
10575,3233200
10576,2753000
10577,2926900
10578,2748100
10579,2902100
10580,3050400
10581,3090000
10582,2889300
10583,3013300
10584,2817400
10585,2855500
10586,3319800
10587,2802000
10588,2774300
10589,2825000
10590,2941100
10591,3033200
10592,3170600
10593,2673500
10594,2816200
10595,2868400
10596,3216100
10597,2717200
10598,3134200
10599,2702300
10600,2995600
10601,3030900
10602,2912700
10603,3410200
10604,2607800
10605,2823300
10606,2799900
10607,2894600
10608,3272500
10609,2982000
10610,2715300
10611,2874800
10612,2928000
10613,2814100
10614,3081300
10615,3126100
10616,2768000
10617,2891600
10618,2823400
10619,3208800
10620,2956500
10621,2916100
10622,3048500
10623,2889100
10624,2936500
10625,3022700
10626,3101900
10627,2792900
10628,2851100
10629,2908800
10630,3233000
10631,2976100
10632,2830900
10633,2819600
10634,2838400
10635,2934000
10636,2930300
10637,3337700
10638,2769900
10639,3073700
10640,2977200
10641,2778000
10642,3018300
10643,3321300
10644,2875200
10645,2930900
10646,2835600
10647,2850200
10648,2956500
10649,3184800
10650,2819500
10651,3296600
10652,2788800
10653,3152200
10654,3005300
10655,2701700
10656,3176600
10657,2817700
10658,2788300
10659,3034200
10660,3307800
10661,2820200
10662,2866400
10663,2793600
10664,3326800
10665,2881400
10666,2930900
10667,2705700
10668,2661600
10669,2857600
10670,2906300
10671,3343000
10672,2783300
10673,2816300
10674,2797000
10675,2873800
10676,3147200
10677,3145700
10678,3065400
10679,2800100
10680,2826000
10681,2900000
10682,3690900
10683,2854600
10684,2823500
10685,2643000
10686,2731800
10687,3013500
10688,3178000
10689,2801600
10690,2835700
10691,2802900
10692,2884800
10693,3306400
10694,2800400
10695,3085600
10696,2838800
10697,2881900
10698,3140700
10699,2979900
10700,2741700
10701,2873100
10702,2827500
10703,2834500
10704,3123500
10705,3033200
10706,2805300
10707,2767600
10708,2916800
10709,2896300
10710,3056300
10711,2983400
10712,3051900
10713,2862300
10714,3124700
10715,2641600
10716,3420900
10717,2699400
10718,2833500
10719,2847700
10720,2861900
10721,3065000
10722,3113400
10723,2669100
10724,2864000
10725,3050600
10726,2656200
10727,2953800
10728,3174000
10729,2810800
10730,2871100
10731,2996300
10732,2702500
10733,2925600
10734,3576600
10735,2677300
10736,2991600
10737,2783600
10738,3028400
10739,3223700
10740,2809300
10741,2802500
10742,2909000
10743,2977900
10744,2839900
10745,3275900
10746,2815600
10747,2983600
10748,2826600
10749,2884200
10750,3574200
10751,2971000
10752,2895300
10753,2862600
10754,2906900
10755,3025300
10756,3432300
10757,2923200
10758,2759600
10759,2888900
10760,2961800
10761,3055300
10762,3231500
10763,2785000
10764,2960100
10765,2860600
10766,3120800
10767,3071400
10768,3296900
10769,2745400
10770,2940000
10771,2904700
10772,2979400
10773,3415500
10774,2727100
10775,2828700
10776,2920700
10777,2926900
10778,3390900
10779,2722700
10780,2918000
10781,2907300
10782,2950500
10783,3225500
10784,3252600
10785,3060600
10786,2949300
10787,2742600
10788,2858500
10789,3396300
10790,2743500
10791,2874000
10792,2921000
10793,2895100
10794,3268600
10795,3039100
10796,2887600
10797,2910700
10798,2840200
10799,3194700
10800,3069900
10801,2804800
10802,2883900
10803,2857900
10804,2960900
10805,3152200
10806,3241000
10807,2763300
10808,2915000
10809,2906300
10810,2965800
10811,2925000
10812,3143100
10813,2799600
10814,2903200
10815,2989400
10816,2796900
10817,2957600
10818,3195400
10819,2841900
10820,3172200
10821,2861200
10822,2699300
10823,3161300
10824,2817300
10825,2927200
10826,3149900
10827,2649000
10828,3084600
10829,3052900
10830,2903100
10831,2960800
10832,3036000
10833,2912700
10834,3196400
10835,2828400
10836,2809100
10837,2909000
10838,2880600
10839,2957200
10840,3202900
10841,2682900
10842,2911300
10843,2752800
10844,2889600
10845,3184300
10846,2931300
10847,2964600
10848,2897600
10849,2913000
10850,2789600
10851,3500500
10852,2944400
10853,2624500
10854,2748900
10855,2888200
10856,2897900
10857,3286900
10858,2792800
10859,2778700
10860,2816800
10861,2848600
10862,3003800
10863,3364200
10864,2557800
10865,2794600
10866,2855500
10867,2819700
10868,3210100
10869,3137600
10870,2777200
10871,2901600
10872,2744600
10873,2860500
10874,3343100
10875,2768500
10876,2790200
10877,2876400
10878,2758800
10879,3162700
10880,3009000
10881,2743500
10882,2850000
10883,2814000
10884,2829300
10885,3206800
10886,2974900
10887,2773900
10888,3065000
10889,2843800
10890,2859400
10891,3286200
10892,2750500
10893,2790600
10894,2947100
10895,2830400
10896,2965800
10897,3224400
10898,2682600
10899,2822600
10900,2864600
10901,2989800
10902,3094700
10903,3227400
10904,2721100
10905,3100800
10906,2991600
10907,2741000
10908,3301600
10909,2771400
10910,2802900
10911,3034900
10912,2692600
10913,2957300
10914,3188200
10915,2768000
10916,2837600
10917,2880500
10918,2819000
10919,3140600
10920,2931600
10921,2797200
10922,3021700
10923,3019700
10924,2805400
10925,3362900
10926,2686700
10927,2993000
10928,2763300
10929,2783500
10930,3045800
10931,3185000
10932,2679800
10933,2874100
10934,2821800
10935,2907200
10936,2861700
10937,3214300
10938,3049400
10939,2645600
10940,3061100
10941,2875100
10942,3508200
10943,2790200
10944,2788200
10945,2795900
10946,2881800
10947,3090200
10948,3021700
10949,2961300
10950,2662800
10951,2863900
10952,2866100
10953,2867000
10954,3255400
10955,2923900
10956,2695600
10957,3082400
10958,2917300
10959,3241900
10960,2852100
10961,2779800
10962,2849400
10963,2839300
10964,2885000
10965,3302200
10966,2803700
10967,2738300
10968,2894100
10969,2872800
10970,2981300
10971,3127100
10972,2839200
10973,2792000
10974,2819500
10975,2913300
10976,3127100
10977,3044600
10978,2719900
10979,3098800
10980,2838300
10981,3021100
10982,3250100
10983,2738800
10984,2930500
10985,2748800
10986,3117000
10987,2857100
10988,3116000
10989,2716700
10990,2851900
10991,2909200
10992,2959800
10993,3297400
10994,3153400
10995,2582500
10996,2877400
10997,2940900
10998,2892800
10999,3208800
11000,2914100
11001,2937700
11002,2805900
11003,2943900
11004,3874100
11005,2437200
11006,2587000
11007,2830200
11008,2954000
11009,2728700
11010,3068400
11011,3082400
11012,2880100
11013,2937100
11014,2766700
11015,2902300
11016,3390300
11017,2811000
11018,2994400
11019,2905800
11020,2821900
11021,3196400
11022,2887700
11023,2829900
11024,3338300
11025,2718500
11026,2854600
11027,2865900
11028,2897500
11029,3242900
11030,2546700
11031,2714000
11032,2923500
11033,3360400
11034,2676400
11035,3188100
11036,2775900
11037,2847500
11038,3150300
11039,2967200
11040,2831200
11041,2801400
11042,2788300
11043,2872900
11044,3368800
11045,3432900
11046,2813500
11047,3521400
11048,3707100
11049,2113900
11050,1953200
11051,2980100
11052,2958000
11053,2766100
11054,2865200
11055,3135700
11056,3408300
11057,2628800
11058,2859200
11059,2839100
11060,2907900
11061,2929800
11062,3232900
11063,2766900
11064,2879600
11065,2848500
11066,2844400
11067,3511900
11068,2654900
11069,2815600
11070,2841300
11071,2892400
11072,3268700
11073,2935900
11074,3045600
11075,2840400
11076,2837300
11077,2826500
11078,3130800
11079,3062100
11080,2769700
11081,2878900
11082,2811800
11083,3096500
11084,3133900
11085,2733200
11086,2912600
11087,2870000
11088,2881000
11089,3106800
11090,3292700
11091,2763100
11092,2852200
11093,2877300
11094,3087200
11095,3407600
11096,2824200
11097,2823700
11098,2909100
11099,2959200
11100,2964000
11101,3160000
11102,2777200
11103,2917200
11104,3121700
11105,2666900
11106,2953200
11107,3161600
11108,2839400
11109,2867000
11110,3049500
11111,2816200
11112,3335900
11113,2740700
11114,2887400
11115,3004900
11116,3093200
11117,2915200
11118,3167200
11119,2850500
11120,2990600
11121,2888000
11122,2839900
11123,3045700
11124,3091000
11125,3079400
11126,2691500
11127,2790400
11128,3103600
11129,3418300
11130,2769800
11131,3275200
11132,3153800
11133,2645900
11134,2644100
11135,3226600
11136,2883300
11137,2715100
11138,2899900
11139,2943900
11140,2935400
11141,3279100
11142,2812100
11143,2771700
11144,2973700
11145,2869500
11146,3296400
11147,2853700
11148,2782200
11149,2887600
11150,2963800
11151,3012200
11152,3185400
11153,2675000
11154,2990700
11155,3121300
11156,2834500
11157,3365200
11158,2785400
11159,2904000
11160,2829500
11161,2931200
11162,2917900
11163,3530300
11164,2641000
11165,2698900
11166,2948100
11167,2761500
11168,3350700
11169,3095300
11170,2755900
11171,2801000
11172,3170300
11173,3108600
11174,3037600
11175,2780200
11176,2860500
11177,3003200
11178,2727900
11179,2949300
11180,3149900
11181,2793500
11182,2916800
11183,2860300
11184,2961900
11185,2938800
11186,3008400
11187,2882500
11188,2867000
11189,3283200
11190,2757100
11191,3290500
11192,2774300
11193,2886100
11194,2789500
11195,2890600
11196,2930200
11197,3196400
11198,2749500
11199,2931400
11200,2891100
11201,2727700
11202,3237200
11203,3127200
11204,2747700
11205,3130600
11206,2574000
11207,2884300
11208,3263700
11209,2756300
11210,2865400
11211,2906800
11212,2796800
11213,2946500
11214,3145600
11215,2808300
11216,3123400
11217,2687800
11218,2852200
11219,2848200
11220,3146600
11221,2784300
11222,3070700
11223,2618600
11224,3109200
11225,3292000
11226,2768700
11227,2981300
11228,2775700
11229,2794100
11230,2979000
11231,3158900
11232,2949900
11233,2932500
11234,2732200
11235,2833000
11236,2808900
11237,3176400
11238,3018300
11239,2652500
11240,2891700
11241,2774000
11242,3485600
11243,3022500
11244,2558200
11245,3049500
11246,2921400
11247,2797500
11248,3364000
11249,2748600
11250,2755000
11251,2904300
11252,2864200
11253,2980400
11254,3049100
11255,2895000
11256,2758600
11257,2820100
11258,2889100
11259,2930500
11260,3250500
11261,2824800
11262,2739300
11263,2874200
11264,2876800
11265,3414400
11266,2634200
11267,3124500
11268,2810500
11269,2874300
11270,3035600
11271,3044000
11272,2788100
11273,2964500
11274,2752100
11275,2865600
11276,2990100
11277,3102300
11278,2805700
11279,2907200
11280,2772600
11281,3001600
11282,3306300
11283,2729700
11284,3275600
11285,2655900
11286,2984100
11287,2783000
11288,3159000
11289,2859300
11290,2844200
11291,2857200
11292,2802000
11293,2968300
11294,3166400
11295,2808700
11296,2819500
11297,2883700
11298,2808700
11299,3428800
11300,2737900
11301,2962500
11302,2950300
11303,2754900
11304,3025600
11305,3208000
11306,2731700
11307,2913800
11308,2749000
11309,2848700
11310,2995200
11311,3173500
11312,2725300
11313,2905800
11314,2783800
11315,2911800
11316,3183100
11317,3131400
11318,3083000
11319,2604000
11320,2836000
11321,2891500
11322,3286200
11323,3181400
11324,2865100
11325,2869000
11326,2924800
11327,3048900
11328,3151200
11329,2926600
11330,2857200
11331,2859700
11332,2609300
11333,3207800
11334,2929200
11335,3140400
11336,2724100
11337,3087700
11338,3206600
11339,2592300
11340,3180300
11341,2999700
11342,2606300
11343,3014700
11344,3339600
11345,2809900
11346,2684200
11347,3049500
11348,2820700
11349,2745400
11350,3636700
11351,2875900
11352,2560200
11353,2776600
11354,2780300
11355,2920200
11356,3217500
11357,2744600
11358,3047000
11359,2791300
11360,2849200
11361,3348100
11362,2940900
11363,2908500
11364,2584900
11365,2843000
11366,2852100
11367,2936000
11368,3138500
11369,2739900
11370,2822000
11371,2898300
11372,2960400
11373,3240200
11374,2763100
11375,2870300
11376,2833900
11377,3057200
11378,2908400
11379,3537800
11380,2674100
11381,2849000
11382,2949900
11383,2752200
11384,3360400
11385,2806600
11386,2886000
11387,3178000
11388,2626500
11389,2872000
11390,3421100
11391,2863400
11392,2816200
11393,2865500
11394,2905400
11395,3157300
11396,3353700
11397,2708200
11398,2880900
11399,2914800
11400,2799700
11401,3310400
11402,2879100
11403,2906700
11404,2751700
11405,2841200
11406,3059000
11407,3217400
11408,3011200
11409,2599400
11410,2842400
11411,2860400
11412,2982500
11413,3216300
11414,2812300
11415,2788600
11416,2855400
11417,2922800
11418,3398600
11419,2971300
11420,2628200
11421,2832100
11422,3176800
11423,2917300
11424,3319400
11425,2789800
11426,2817500
11427,2866700
11428,2826800
11429,2999700
11430,3425700
11431,2846000
11432,2850700
11433,2801600
11434,2912500
11435,3503600
11436,2601700
11437,2917300
11438,2775600
11439,3172700
11440,3125400
11441,3114100
11442,2868600
11443,2808400
11444,2902300
11445,2880400
11446,3117600
11447,3021700
11448,2928200
11449,2795400
11450,2907400
11451,3165400
11452,3109900
11453,2824700
11454,2809000
11455,2879400
11456,3314900
11457,2854900
11458,3176200
11459,2880500
11460,2848400
11461,2968600
11462,2772200
11463,3481800
11464,2810700
11465,2875300
11466,2920600
11467,2779800
11468,3080500
11469,3091600
11470,2923000
11471,3094400
11472,2720900
11473,3091300
11474,2920000
11475,3291400
11476,2777400
11477,3301100
11478,3190000
11479,2577700
11480,3172200
11481,2738300
11482,3115200
11483,2680000
11484,2750700
11485,2974000
11486,3298900
11487,3022000
11488,2700800
11489,2824200
11490,2863000
11491,3436700
11492,2706000
11493,2847600
11494,2853600
11495,3139100
11496,2973200
11497,3255400
11498,2851900
11499,2752400
11500,2892100
11501,2819900
11502,3032100
11503,3340500
11504,2698200
11505,2842600
11506,2875300
11507,2858400
11508,2992500
11509,3647600
11510,2524400
11511,2700500
11512,3117100
11513,2888000
11514,3258300
11515,2844500
11516,2762800
11517,2850100
11518,2823500
11519,3127900
11520,2974500
11521,2858600
11522,2826800
11523,2841500
11524,2847900
11525,2953500
11526,3119100
11527,2878300
11528,2748600
11529,2944600
11530,3058200
11531,3198900
11532,2688700
11533,2734800
11534,3131300
11535,2854800
11536,2950500
11537,3122300
11538,2858800
11539,2755000
11540,2879000
11541,2893600
11542,2900400
11543,3113700
11544,2915800
11545,2752600
11546,2897400
11547,2771900
11548,3327700
11549,2769800
11550,2876200
11551,2771200
11552,2874000
11553,2882600
11554,3213400
11555,2797600
11556,2805900
11557,2882300
11558,2910000
11559,2885200
11560,3123000
11561,2915700
11562,2886500
11563,2827200
11564,2822400
11565,3084500
11566,3157100
11567,2841600
11568,3097100
11569,2852100
11570,2936200
11571,3160800
11572,2890000
11573,2907500
11574,2776100
11575,2864200
11576,3076200
11577,3206900
11578,2953100
11579,2716100
11580,2902700
11581,2843300
11582,3298900
11583,3188500
11584,2646200
11585,3124100
11586,2726900
11587,3006100
11588,3187500
11589,2886300
11590,2776500
11591,2870200
11592,2911900
11593,3200400
11594,2869100
11595,2865300
11596,2820100
11597,2902200
11598,2826900
11599,3577600
11600,2599400
11601,2831000
11602,2881900
11603,2777600
11604,3289700
11605,2923600
11606,2744300
11607,3166500
11608,2766200
11609,2927500
11610,3125800
11611,2974800
11612,2790600
11613,2961000
11614,2768100
11615,3013500
11616,3329000
11617,2786900
11618,2875600
11619,2766000
11620,2954000
11621,3060600
11622,3008800
11623,2782700
11624,3248400
11625,2888000
11626,2713600
11627,2938900
11628,3061100
11629,2799500
11630,2966400
11631,2843700
11632,2772200
11633,3286900
11634,2779500
11635,2871700
11636,2949000
11637,2708100
11638,2993600
11639,3143300
11640,2759800
11641,3187000
11642,2633400
11643,2763200
11644,2915400
11645,3233800
11646,3007300
11647,2967700
11648,2774000
11649,2766500
11650,3474400
11651,2741200
11652,2810200
11653,2926200
11654,2779500
11655,2937200
11656,3289500
11657,2813400
11658,2822600
11659,2817600
11660,2880600
11661,3051300
11662,3453600
11663,2729400
11664,2849700
11665,2808900
11666,2866700
11667,2991200
11668,3119900
11669,2831600
11670,2913300
11671,2809000
11672,3054600
11673,3129800
11674,2777300
11675,2886700
11676,2793700
11677,2918900
11678,2882300
11679,3520500
11680,2778200
11681,2968600
11682,2669800
11683,2827300
11684,3928500
11685,2362900
11686,2853100
11687,2853300
11688,2930400
11689,3299100
11690,3372400
11691,2819200
11692,2727000
11693,2853300
11694,2837600
11695,3094600
11696,3039000
11697,2876900
11698,2814400
11699,2862300
11700,3041800
11701,2834500
11702,3328900
11703,2763000
11704,2826000
11705,3228000
11706,3070700
11707,3248100
11708,2567800
11709,2790600
11710,2800200
11711,3071500
11712,2839400
11713,3187800
11714,2740800
11715,2882300
11716,2938900
11717,2809900
11718,3330000
11719,2959900
11720,2853400
11721,2915300
11722,2823800
11723,3021000
11724,3367700
11725,2705000
11726,2882300
11727,2887400
11728,2840100
11729,2923400
11730,4038700
11731,2291900
11732,3817300
11733,4419300
11734,2930500
11735,1848300
11736,2111900
11737,2967700
11738,2756000
11739,2859000
11740,3136100
11741,2955300
11742,2908200
11743,2807400
11744,3035600
11745,2877600
11746,3403900
11747,2680700
11748,2891400
11749,2853900
11750,2862300
11751,3004900
11752,3156300
11753,2798700
11754,2810400
11755,2844100
11756,2852700
11757,3147500
11758,2997500
11759,2932700
11760,2775200
11761,2775900
11762,3235400
11763,3437400
11764,2759400
11765,2812200
11766,2925100
11767,2894300
11768,3044300
11769,3244900
11770,2680600
11771,2872300
11772,3006200
11773,2796300
11774,3270400
11775,3105400
11776,2861100
11777,2966100
11778,2905400
11779,3187200
11780,3077100
11781,2877300
11782,2840300
11783,2970200
11784,2919200
11785,3066800
11786,3138400
11787,2863200
11788,2944700
11789,2887800
11790,3233900
11791,3033100
11792,2841800
11793,2921600
11794,2861300
11795,3565500
11796,2757200
11797,3226800
11798,2779400
11799,2977200
11800,3152500
11801,2975300
11802,3321500
11803,2851100
11804,2859700
11805,2899100
11806,2982100
11807,3038900
11808,3126600
11809,2897700
11810,2894400
11811,2987900
11812,2911500
11813,3114800
11814,3080400
11815,2903400
11816,2899000
11817,3217400
11818,3038500
11819,3027900
11820,2863500
11821,3568200
11822,2466800
11823,2933500
11824,2957000
11825,3043400
11826,2929300
11827,2843800
11828,2803700
11829,2936000
11830,3289400
11831,2967900
11832,2668800
11833,2898900
11834,3084300
11835,3061800
11836,3120100
11837,2817800
11838,2883500
11839,2847400
11840,2855700
11841,3483100
11842,2764400
11843,2739900
11844,2882300
11845,2881500
11846,2754400
11847,3633100
11848,2548100
11849,2780700
11850,2868400
11851,3094900
11852,3399800
11853,3275500
11854,2459400
11855,2708400
11856,2801000
11857,2818800
11858,3033700
11859,3102700
11860,2830000
11861,2764400
11862,2808100
11863,2779700
11864,3314100
11865,2793000
11866,2806900
11867,2828800
11868,2822800
11869,3022100
11870,3182300
11871,2652500
11872,2826800
11873,3118800
11874,2974300
11875,2765900
11876,3263000
11877,2671100
11878,2806500
11879,2873600
11880,2852600
11881,3012500
11882,3100900
11883,2673500
11884,2868600
11885,2988100
11886,2701200
11887,3294200
11888,2830800
11889,2743900
11890,2870300
11891,2891600
11892,2819300
11893,3310200
11894,2708500
11895,2873300
11896,2893300
11897,2750700
11898,2950100
11899,3206800
11900,2769900
11901,2948500
11902,2835600
11903,2754700
11904,2952300
11905,3230500
11906,2771600
11907,3086600
11908,2686300
11909,2909300
11910,3312200
11911,2886200
11912,3176800
11913,2751800
11914,2824000
11915,3055000
11916,3197600
11917,2981500
11918,2730700
11919,2777400
11920,2879900
11921,3308200
11922,2851600
11923,2851500
11924,2812400
11925,2968700
11926,3098900
11927,3109400
11928,2845900
11929,3096500
11930,2747900
11931,2861700
11932,3339500
11933,2878700
11934,2821700
11935,2827500
11936,2902700
11937,2909500
11938,3109200
11939,3007400
11940,2797200
11941,2898500
11942,2874200
11943,3007900
11944,3187400
11945,2805500
11946,3100100
11947,2821700
11948,2887200
11949,3048100
11950,3276300
11951,2688800
11952,2860200
11953,2842400
11954,3129100
11955,3262800
11956,2857800
11957,2803700
11958,2813200
11959,2923300
11960,2943100
11961,3204700
11962,2776400
11963,2818500
11964,2802100
11965,3182600
11966,2993600
11967,3105200
11968,2977600
11969,2837500
11970,2889900
11971,2979600
11972,3179800
11973,2748600
11974,2844400
11975,2887000
11976,2801400
11977,2956900
11978,3169900
11979,2727800
11980,2842500
11981,2921500
11982,2774200
11983,3063200
11984,3138200
11985,2965500
11986,2965200
11987,2714900
11988,2842600
11989,3364400
11990,2746000
11991,2878100
11992,2798200
11993,2803200
11994,3006800
11995,3129000
11996,2740500
11997,2917100
11998,2801400
11999,2793400
12000,2941800
12001,3191300
12002,2901400
12003,2678200
12004,2857400
12005,2793600
12006,3084100
12007,3230300
12008,2802400
12009,2798100
12010,2894400
12011,2822900
12012,3368100
12013,2709700
12014,2842200
12015,2867900
12016,2815200
12017,3110600
12018,3337400
12019,2888300
12020,3060400
12021,2713900
12022,2745100
12023,3387600
12024,3260600
12025,2435500
12026,2876900
12027,2774600
12028,3081300
12029,3246200
12030,2760800
12031,2808400
12032,2855200
12033,2847500
12034,3382400
12035,2705700
12036,2740900
12037,2832000
12038,2873000
12039,2821800
12040,3207800
12041,3260800
12042,2726100
12043,2911400
12044,2797000
12045,3341100
12046,3054000
12047,2940600
12048,2526800
12049,2804900
12050,3122100
12051,2959600
12052,2895600
12053,2800800
12054,2796300
12055,2881200
12056,2875600
12057,2945000
12058,3233500
12059,2737300
12060,2849200
12061,2950500
12062,2777900
12063,3089800
12064,3010300
12065,2818300
12066,3064000
12067,2952400
12068,2881500
12069,3135400
12070,2854800
12071,2824700
12072,2943000
12073,2758400
12074,3082100
12075,3012500
12076,2812600
12077,2957000
12078,2724200
12079,2916300
12080,3031300
12081,3039400
12082,3082600
12083,2642500
12084,3083800
12085,2869700
12086,3220100
12087,2749800
12088,2932800
12089,2840200
12090,2880600
12091,2937800
12092,3213100
12093,2851300
12094,2847800
12095,2801800
12096,2897100
12097,3522400
12098,2725300
12099,2829800
12100,2911500
12101,3023200
12102,3176600
12103,3144700
12104,2756600
12105,2862000
12106,2932300
12107,2854700
12108,3053900
12109,3293500
12110,2671800
12111,2911100
12112,2903300
12113,2868300
12114,3306400
12115,2832200
12116,2859700
12117,2937800
12118,2850100
12119,3501900
12120,2806900
12121,2841400
12122,2897700
12123,3170100
12124,2948600
12125,3356600
12126,2810200
12127,2844900
12128,2901500
12129,2927300
12130,3318700
12131,2994100
12132,2869500
12133,2863400
12134,2891800
12135,3360700
12136,2956500
12137,3107600
12138,2846800
12139,2926300
12140,3198200
12141,2990200
12142,3212400
12143,2909200
12144,2871400
12145,3016400
12146,2904500
12147,2929200
12148,3216500
12149,2888700
12150,2934700
12151,2959700
12152,2873900
12153,3333600
12154,2850900
12155,2964700
12156,2914100
12157,2886900
12158,3185000
12159,2995700
12160,2897700
12161,3149100
12162,3036000
12163,2762600
12164,2986900
12165,3192600
12166,2923600
12167,3623900
12168,2593400
12169,3018700
12170,2956300
12171,2719300
12172,2994700
12173,2636000
12174,2836300
12175,3231200
12176,2961400
12177,2883300
12178,3135900
12179,2802900
12180,2889700
12181,3261000
12182,2864000
12183,2801600
12184,2769800
12185,2848400
12186,2984600
12187,3199300
12188,2741800
12189,2875300
12190,2859800
12191,2824000
12192,3058000
12193,3088800
12194,3055800
12195,3172300
12196,2565600
12197,2797700
12198,3282900
12199,2774400
12200,2829600
12201,2798300
12202,2815400
12203,2905200
12204,3197700
12205,2931800
12206,2669500
12207,2831900
12208,2809800
12209,3110000
12210,3350900
12211,2589300
12212,2756800
12213,2785900
12214,2829800
12215,3181300
12216,2980000
12217,3014700
12218,2698100
12219,2842000
12220,2867800
12221,2998800
12222,3066900
12223,2731300
12224,2810600
12225,2886300
12226,2942700
12227,3095500
12228,2917500
12229,2707700
12230,2760100
12231,2836800
12232,2977400
12233,3131200
12234,2810300
12235,2831000
12236,2890000
12237,2923900
12238,2755800
12239,3186500
12240,2832700
12241,2842300
12242,2872300
12243,2885200
12244,3485900
12245,2759000
12246,2769500
12247,2927800
12248,2877100
12249,3048200
12250,3286200
12251,3016400
12252,2807600
12253,2918500
12254,2902600
12255,3296400
12256,2842600
12257,2867200
12258,2821600
12259,2892300
12260,2980200
12261,3210800
12262,2784000
12263,2861100
12264,2895900
12265,2829800
12266,2985000
12267,3274200
12268,2799900
12269,2987900
12270,2802400
12271,2895200
12272,3074800
12273,3382500
12274,2791200
12275,2824500
12276,2941100
12277,3030900
12278,3184200
12279,3010100
12280,2676200
12281,2886100
12282,2906000
12283,2912200
12284,3396000
12285,2844500
12286,2764100
12287,2918600
12288,2921700
12289,3316300
12290,3135600
12291,2873300
12292,2775900
12293,2894000
12294,2931700
12295,3407200
12296,2823900
12297,2798000
12298,2836700
12299,2903700
12300,3468800
12301,2680700
12302,2837700
12303,2824500
12304,2814300
12305,2993000
12306,3185200
12307,3006700
12308,2892000
12309,2833300
12310,2761600
12311,3138900
12312,3008100
12313,2762100
12314,2914300
12315,2800900
12316,2980500
12317,2824900
12318,3093500
12319,2768900
12320,2901800
12321,2762500
12322,2858600
12323,3436000
12324,2750300
12325,2888500
12326,2797500
12327,3035600
12328,2781500
12329,3277100
12330,2757000
12331,2840700
12332,3235400
12333,2484900
12334,2929000
12335,3130600
12336,2797000
12337,2815800
12338,3033200
12339,2650700
12340,3261200
12341,2776500
12342,2829300
12343,2903700
12344,2809200
12345,2882200
12346,3383000
12347,2705900
12348,3075600
12349,2638400
12350,2882400
12351,2814000
12352,3130500
12353,2809100
12354,2909800
12355,2769600
12356,2904300
12357,3378000
12358,2713200
12359,3044500
12360,2891700
12361,3076000
12362,2729600
12363,3048700
12364,3771500
12365,2305200
12366,2729400
12367,2900000
12368,2954200
12369,3087800
12370,2813400
12371,2856100
12372,2916300
12373,2692900
12374,2973800
12375,3221800
12376,2725400
12377,2880600
12378,2744500
12379,2813400
12380,2867500
12381,3584300
12382,2767900
12383,2922800
12384,2585500
12385,3142500
12386,3132100
12387,2563000
12388,2844400
12389,2755300
12390,3206400
12391,2926400
12392,3195900
12393,2838100
12394,2763500
12395,2845700
12396,2836500
12397,3435900
12398,2752400
12399,2787700
12400,2849700
12401,2878300
12402,3098200
12403,2666400
12404,3289800
12405,2795100
12406,2858900
12407,3130700
12408,3024100
12409,3074500
12410,3179000
12411,3282000
12412,2212300
12413,4031500
12414,4409900
12415,2658100
12416,1845600
12417,2078100
12418,2945900
12419,2968500
12420,3148500
12421,2700500
12422,2849400
12423,2855600
12424,3156900
12425,3396000
12426,2659400
12427,2907700
12428,2827800
12429,2967300
12430,2861200
12431,3250900
12432,2802500
12433,2850200
12434,2871800
12435,2945900
12436,2955300
12437,3163300
12438,2791500
12439,2874900
12440,2905700
12441,2879500
12442,3068400
12443,2981400
12444,2896100
12445,3496800
12446,2725100
12447,2652600
12448,3301200
12449,2803000
12450,3078100
12451,2721000
12452,2854300
12453,3018800
12454,3129900
12455,2766500
12456,2943700
12457,2802400
12458,2954900
12459,3040800
12460,3203700
12461,2927100
12462,3059100
12463,2824700
12464,3086600
12465,3106700
12466,2803300
12467,2943500
12468,2860700
12469,2911200
12470,3248700
12471,3110700
12472,2980500
12473,2824500
12474,2922700
12475,2891900
12476,3280500
12477,3240400
12478,2658400
12479,2868900
12480,2801900
12481,3178300
12482,3206800
12483,2775600
12484,3147700
12485,2934800
12486,2873800
12487,3426800
12488,2801500
12489,2829400
12490,2989700
12491,2881600
12492,3032900
12493,3203400
12494,2824900
12495,2980900
12496,2930200
12497,2842700
12498,3126000
12499,3045400
12500,3195900
12501,2795200
12502,2957900
12503,3258900
12504,3023900
12505,2901300
12506,2796100
12507,2948200
12508,2863200
12509,3070800
12510,3215400
12511,2777300
12512,2841000
12513,2898500
12514,3253600
12515,3295300
12516,2968500
12517,2828200
12518,2742400
12519,2888300
12520,2895600
12521,3327200
12522,2686200
12523,2872600
12524,3030600
12525,2689700
12526,2977800
12527,3191400
12528,2728700
12529,2840300
12530,2909700
12531,2876200
12532,3358100
12533,2682700
12534,2865900
12535,3241800
12536,2573200
12537,3011200
12538,3080400
12539,2923300
12540,3172600
12541,2651700
12542,2752800
12543,2949400
12544,3128900
12545,2991200
12546,3049300
12547,2611500
12548,2859700
12549,3017800
12550,3031800
12551,2783600
12552,2789900
12553,2804300
12554,2927900
12555,3245700
12556,3104300
12557,2660800
12558,2775500
12559,2847300
12560,2968100
12561,3132900
12562,2705500
12563,2787200
12564,2843800
12565,2848100
12566,3004300
12567,3158100
12568,2661100
12569,2832900
12570,2813500
12571,2791000
12572,3373000
12573,2747800
12574,2799700
12575,2827100
12576,2855300
12577,2817800
12578,3384600
12579,2712900
12580,2897300
12581,2822100
12582,2917200
12583,3147700
12584,3182300
12585,2860500
12586,2831500
12587,2874100
12588,3150000
12589,3105300
12590,2774600
12591,2861900
12592,2853200
12593,2892700
12594,3099800
12595,3332800
12596,2795300
12597,2868900
12598,2895200
12599,2863100
12600,2957500
12601,3262800
12602,2761000
12603,2967100
12604,2900800
12605,2806100
12606,3452300
12607,2773600
12608,2824700
12609,2852700
12610,3080400
12611,2990300
12612,3367000
12613,2827300
12614,2838300
12615,2955700
12616,2863600
12617,3189700
12618,3226400
12619,2821500
12620,3011500
12621,2844400
12622,2949800
12623,3339400
12624,2747600
12625,2896500
12626,2927600
12627,2889100
12628,3177800
12629,3366900
12630,2861500
12631,3051600
12632,2823800
12633,2972400
12634,3187300
12635,2823500
12636,2975900
12637,2840200
12638,2909500
12639,3047300
12640,3118000
12641,3110400
12642,2620900
12643,2834500
12644,2879700
12645,3318500
12646,2937500
12647,3045400
12648,2735800
12649,2809100
12650,2947100
12651,3619300
12652,2850200
12653,2787900
12654,2847300
12655,2825000
12656,3178100
12657,3288700
12658,2668800
12659,2785800
12660,2808300
12661,2963700
12662,2862200
12663,3284700
12664,2711500
12665,2836500
12666,2846400
12667,3272200
12668,3211400
12669,2607000
12670,2800400
12671,2822700
12672,2867200
12673,3044300
12674,3104700
12675,2732500
12676,2849800
12677,2817500
12678,2908100
12679,3051400
12680,2945000
12681,3073300
12682,2849700
12683,2776900
12684,3180300
12685,3009200
12686,2734500
12687,2788200
12688,2805300
12689,2861100
12690,2961500
12691,3280600
12692,2824200
12693,2817200
12694,2788100
12695,2938700
12696,2927800
12697,3094400
12698,2740900
12699,2822500
12700,2889500
12701,3029200
12702,3467900
12703,2779800
12704,3134500
12705,2380100
12706,3046300
12707,3009100
12708,3083200
12709,2758800
12710,2863500
12711,2851800
12712,2923800
12713,3013800
12714,2963100
12715,2866200
12716,2851300
12717,3175800
12718,2489500
12719,2929100
12720,3090000
12721,2711400
12722,2944000
12723,3255600
12724,2855800
12725,2993800
12726,2712000
12727,2745300
12728,2985300
12729,3075500
12730,2931500
12731,3232600
12732,2786700
12733,3014200
12734,2694000
12735,2951200
12736,2882900
12737,3127300
12738,2838300
12739,2880300
12740,2801600
12741,2947200
12742,3255600
12743,2800000
12744,2923300
12745,2782300
12746,2931100
12747,3113600
12748,2944400
12749,2923800
12750,3061800
12751,2820700
12752,2830700
12753,3390400
12754,2724300
12755,2932900
12756,2818400
12757,2794300
12758,2969300
12759,3233400
12760,2911900
12761,2716800
12762,2876200
12763,2839900
12764,3155800
12765,3182800
12766,2709000
12767,3025100
12768,2851700
12769,2873700
12770,3157400
12771,3196400
12772,2794100
12773,2834000
12774,2869800
12775,2958300
12776,3360000
12777,2627000
12778,2866300
12779,2816000
12780,2894800
12781,3069900
12782,3074200
12783,2745600
12784,2862700
12785,3062400
12786,2869400
12787,3375800
12788,2709400
12789,2836500
12790,2828600
12791,2891200
12792,3048100
12793,3100000
12794,2713600
12795,2879700
12796,2803300
12797,3019900
12798,2920700
12799,3137300
12800,2744500
12801,2863900
12802,2928900
12803,2849700
12804,3526700
12805,2811000
12806,3181400
12807,2777700
12808,2922700
12809,2996900
12810,3166500
12811,2858900
12812,2882700
12813,3081700
12814,2711000
12815,2990300
12816,3126700
12817,2868400
12818,3289300
12819,2556000
12820,2852200
12821,3403300
12822,2791800
12823,3083800
12824,2913800
12825,2972800
12826,3002000
12827,3073000
12828,2958000
12829,2860300
12830,2949400
12831,2855400
12832,3417200
12833,2746100
12834,3216800
12835,2592800
12836,2973200
12837,2984600
12838,3268100
12839,2951400
12840,3055800
12841,2892200
12842,2837200
12843,3217800
12844,3497200
12845,2687700
12846,2859600
12847,2879200
12848,2901500
12849,3284300
12850,2855100
12851,2840800
12852,2913900
12853,2818100
12854,3055900
12855,3199000
12856,2758700
12857,2959600
12858,2823000
12859,2902800
12860,3569900
12861,2729900
12862,3165800
12863,2856000
12864,2669000
12865,2821700
12866,3304600
12867,2824000
12868,2821700
12869,2894200
12870,2812700
12871,3136700
12872,2979700
12873,2810100
12874,2886000
12875,2786600
12876,2849300
12877,3402300
12878,2808000
12879,2993000
12880,2879900
12881,2796800
12882,3416700
12883,2756500
12884,2826100
12885,2872500
12886,2702800
12887,2982100
12888,3043700
12889,3038100
12890,2777100
12891,2833600
12892,3053700
12893,2603500
12894,3226100
12895,2868400
12896,3143600
12897,2721500
12898,2879500
12899,2830800
12900,3253400
12901,2794900
12902,2782500
12903,2930000
12904,2750300
12905,2928900
12906,3195800
12907,2805100
12908,2896700
12909,2749900
12910,2840500
12911,2888700
12912,3208800
12913,2809000
12914,2866800
12915,2789700
12916,2837800
12917,3350800
12918,2849500
12919,2891500
12920,2801700
12921,2912100
12922,2793500
12923,3282900
12924,3059100
12925,2614400
12926,2851700
12927,2839700
12928,2991200
12929,3168800
12930,2891100
12931,2763000
12932,2911100
12933,2835800
12934,3128500
12935,3416700
12936,2726700
12937,2854100
12938,2910500
12939,2889700
12940,3430000
12941,2786000
12942,2774500
12943,2875700
12944,2940700
12945,3053000
12946,3131500
12947,2852500
12948,2819300
12949,2854500
12950,2948100
12951,3462500
12952,3218400
12953,2757400
12954,2889500
12955,2865500
12956,3092500
12957,3445900
12958,2794800
12959,2872300
12960,2887900
12961,2959900
12962,3314400
12963,2801700
12964,2856600
12965,2880500
12966,3150200
12967,2907700
12968,3149700
12969,2816100
12970,2900100
12971,3191200
12972,2702100
12973,3228100
12974,3157700
12975,2815800
12976,2917900
12977,2908000
12978,2864300
12979,3404700
12980,2755800
12981,2938700
12982,2887700
12983,2872600
12984,3001100
12985,3150200
12986,2790400
12987,3171100
12988,2635000
12989,2823800
12990,3490200
12991,2933000
12992,2942900
12993,2933000
12994,2845700
12995,3124000
12996,3206200
12997,2736600
12998,2880300
12999,2822100
13000,2870400
13001,3026300
13002,3084800
13003,3071000
13004,2659300
13005,2846800
13006,2803500
13007,2988200
13008,3097500
13009,2973500
13010,2748400
13011,2819500
13012,3223500
13013,3164700
13014,2799700
13015,2805600
13016,2806500
13017,2816700
13018,3088900
13019,3109200
13020,2709900
13021,2800200
13022,2843900
13023,2901300
13024,2850900
13025,3302700
13026,2701800
13027,2765100
13028,2810900
13029,3216900
13030,3356100
13031,2771500
13032,2788500
13033,2817200
13034,2883600
13035,3125600
13036,2898200
13037,2751300
13038,2937600
13039,2728400
13040,2968000
13041,3059800
13042,3131500
13043,2952600
13044,3063400
13045,2482800
13046,2961600
13047,2976300
13048,2905800
13049,2766400
13050,2924700
13051,3425200
13052,2741900
13053,3167900
13054,2725000
13055,2793000
13056,2947900
13057,2870400
13058,2932800
13059,3187800
13060,2765800
13061,2840300
13062,3249000
13063,2727900
13064,3255800
13065,2858600
13066,2831200
13067,3403700
13068,2574500
13069,2732500
13070,3109700
13071,2777600
13072,2984500
13073,3098300
13074,2829600
13075,2926600
13076,3146200
13077,2833000
13078,2932000
13079,2833600
13080,2737000
13081,3386300
13082,2764700
13083,3138500
13084,2643000
13085,3128400
13086,3014200
13087,3065200
13088,2910000
13089,2756800
13090,2808300
13091,2884500
13092,3940000
13093,2959400
13094,2862200
13095,4482200
13096,3815300
13097,2263500
13098,1945300
13099,2976200
13100,2708100
13101,2768600
13102,2983200
13103,3044600
13104,3202400
13105,2769000
13106,2749400
13107,3173900
13108,2804300
13109,3184900
13110,2830700
13111,2781600
13112,2894400
13113,2866200
13114,2852600
13115,3295600
13116,2740300
13117,2819100
13118,2846200
13119,2865200
13120,2934700
13121,3275800
13122,2758300
13123,2804800
13124,3218700
13125,2772600
13126,3405900
13127,2773100
13128,2769400
13129,2973400
13130,2793500
13131,3073100
13132,3136800
13133,2789300
13134,2917200
13135,2801700
13136,2985900
13137,3246300
13138,3056200
13139,2920400
13140,2822500
13141,2804600
13142,2908800
13143,3532900
13144,2824400
13145,2778700
13146,3230700
13147,2920700
13148,2939600
13149,3305200
13150,2811900
13151,2990300
13152,2861100
13153,3191000
13154,3114600
13155,2881000
13156,2872000
13157,2899700
13158,3074700
13159,3179500
13160,2938800
13161,2845300
13162,3153000
13163,2946700
13164,2907100
13165,3426200
13166,2757000
13167,2950500
13168,2933800
13169,2858800
13170,3064300
13171,3240900
13172,2879100
13173,2831700
13174,2938500
13175,2831500
13176,3422600
13177,2839600
13178,2855000
13179,3228400
13180,2664500
13181,2840500
13182,3391600
13183,2734600
13184,3396600
13185,2738300
13186,2801400
13187,2991300
13188,3236200
13189,2734700
13190,2984800
13191,2801000
13192,2885000
13193,3035600
13194,3193600
13195,2782500
13196,2903000
13197,2834600
13198,3226400
13199,3054200
13200,2899400
13201,2941400
13202,2801700
13203,2869600
13204,2933300
13205,3192100
13206,3211500
13207,3030800
13208,2568700
13209,2609100
13210,3454900
13211,2747800
13212,2731900
13213,2908300
13214,2784100
13215,3105300
13216,3096100
13217,3012800
13218,2852600
13219,2829800
13220,2808200
13221,2887900
13222,3591900
13223,2543100
13224,2691200
13225,2795300
13226,2798300
13227,3571400
13228,2650000
13229,2662900
13230,2844700
13231,2799300
13232,2817800
13233,3555300
13234,2617600
13235,3010300
13236,2767200
13237,2906800
13238,2905700
13239,3210000
13240,2693400
13241,2809400
13242,2844300
13243,2785500
13244,3085600
13245,2997700
13246,2808400
13247,2804400
13248,2799400
13249,2948500
13250,3314800
13251,2757200
13252,2760800
13253,2841200
13254,2783600
13255,2971900
13256,3274700
13257,2754700
13258,2889900
13259,2867700
13260,2868800
13261,2984100
13262,3226500
13263,2758900
13264,2916200
13265,2913900
13266,2813200
13267,2897500
13268,3274400
13269,2793700
13270,3104200
13271,2688000
13272,2862000
13273,3301500
13274,2885000
13275,2859200
13276,3078800
13277,2726500
13278,2910600
13279,3575000
13280,2784800
13281,3084900
13282,2770700
13283,2873800
13284,3450900
13285,2931400
13286,2984300
13287,2764700
13288,2927900
13289,3079400
13290,3200500
13291,3092500
13292,2757400
13293,2820800
13294,2982900
13295,3669500
13296,2700200
13297,3005600
13298,2878300
13299,2952100
13300,3004200
13301,3329900
13302,2852800
13303,2885200
13304,2976800
13305,2889000
13306,3029400
13307,3466600
13308,2717900
13309,2901800
13310,2851300
13311,3365400
13312,3493000
13313,2595400
13314,2884400
13315,2969900
13316,2799100
13317,3088000
13318,3222800
13319,2821100
13320,2917400
13321,2835200
13322,2918900
13323,3460400
13324,2827800
13325,2757300
13326,2895400
13327,2838300
13328,3350100
13329,3214500
13330,2699100
13331,2813200
13332,2871600
13333,3020500
13334,3182600
13335,2786900
13336,2763700
13337,2868100
13338,2788300
13339,3051200
13340,3070700
13341,2817400
13342,2751200
13343,2826800
13344,2798700
13345,2923700
13346,3239800
13347,2689600
13348,2779200
13349,2825500
13350,3206700
13351,2954600
13352,3049500
13353,2706100
13354,2879300
13355,2828500
13356,2809800
13357,3404400
13358,2663200
13359,2841300
13360,2787100
13361,2857700
13362,2826600
13363,3226200
13364,2704600
13365,2762600
13366,3003600
13367,2623800
13368,3064100
13369,3067600
13370,2673400
13371,2757300
13372,2812200
13373,3155300
13374,2853500
13375,3177300
13376,2676200
13377,2866500
13378,2761500
13379,2861400
13380,2992600
13381,3142700
13382,2986900
13383,3409200
13384,2508600
13385,3005900
13386,2935400
13387,2802600
13388,2787400
13389,2814800
13390,2754000
13391,3146600
13392,3072000
13393,2869700
13394,2980800
13395,2866800
13396,2802000
13397,3164600
13398,3575500
13399,2809300
13400,2429500
13401,2889200
13402,2663100
13403,3310800
13404,2750400
13405,2784400
13406,2784800
13407,2903200
13408,3076100
13409,3299300
13410,2616600
13411,2813700
13412,3174800
13413,2786600
13414,3473000
13415,2727700
13416,2755200
13417,2896400
13418,2849900
13419,2839800
13420,3068000
13421,3201700
13422,2767000
13423,2900600
13424,2853400
13425,3226600
13426,3027300
13427,2771800
13428,2882400
13429,3113400
13430,2945000
13431,3224400
13432,3149600
13433,2760400
13434,2942400
13435,2803100
13436,3187200
13437,3113100
13438,2735900
13439,2892100
13440,2826900
13441,2923100
13442,2902300
13443,3322700
13444,2769300
13445,2912400
13446,3037100
13447,2667500
13448,3275100
13449,2785800
13450,2814000
13451,3366200
13452,2610100
13453,3073100
13454,3137400
13455,2694100
13456,2864000
13457,2932500
13458,2843800
13459,2919000
13460,3089300
13461,2806600
13462,2928900
13463,2784800
13464,2746100
13465,3285000
13466,2857200
13467,3012200
13468,2982700
13469,2724700
13470,2940900
13471,3255800
13472,2742600
13473,2864800
13474,2854000
13475,2797300
13476,3007200
13477,3166900
13478,2843800
13479,2844200
13480,2845400
13481,2842500
13482,3222300
13483,2776600
13484,2897600
13485,3094100
13486,2811200
13487,2934400
13488,3289200
13489,2850100
13490,2743900
13491,2883200
13492,2861400
13493,3058900
13494,3185200
13495,2730500
13496,2789500
13497,2857900
13498,2929900
13499,2931400
13500,3487800
13501,2670900
13502,3020100
13503,2914100
13504,2935100
13505,3257600
13506,2803000
13507,2855800
13508,2809200
13509,2922900
13510,3187500
13511,3105900
13512,2755600
13513,2910200
13514,2847200
13515,2904900
13516,3157800
13517,2983400
13518,2916400
13519,3055700
13520,2874600
13521,2985600
13522,3204200
13523,2786500
13524,2875400
13525,2893900
13526,3066800
13527,2979900
13528,2951800
13529,2814400
13530,2892600
13531,2868400
13532,3103600
13533,2832100
13534,3064500
13535,2819400
13536,2853600
13537,2920500
13538,2839400
13539,3376000
13540,2745800
13541,2839200
13542,3060800
13543,2663200
13544,3289200
13545,3227500
13546,2773900
13547,2976800
13548,2833100
13549,2765000
13550,2939600
13551,3160300
13552,2811100
13553,3317100
13554,3063600
13555,2870600
13556,2612500
13557,2766000
13558,2956300
13559,2912200
13560,2705500
13561,3135300
13562,3371100
13563,2802100
13564,3140200
13565,2589300
13566,2769800
13567,2984700
13568,3105000
13569,2806000
13570,2848000
13571,2756000
13572,2954300
13573,3397200
13574,2740700
13575,2823600
13576,2825500
13577,2856900
13578,3174600
13579,3030700
13580,3061100
13581,2773700
13582,2816500
13583,2845200
13584,2949900
13585,3431900
13586,2604400
13587,2781900
13588,2810100
13589,2944400
13590,3244000
13591,2751000
13592,2800600
13593,2835200
13594,2838700
13595,2884600
13596,3175100
13597,2772000
13598,2901100
13599,2746000
13600,2907200
13601,2905400
13602,3165400
13603,2788000
13604,2799700
13605,2895400
13606,2800200
13607,3556900
13608,2519700
13609,2877600
13610,2891100
13611,2828700
13612,2916300
13613,3362900
13614,2745300
13615,2895500
13616,2921000
13617,2857900
13618,3337500
13619,2844000
13620,2804700
13621,2885200
13622,2940700
13623,3458600
13624,3357900
13625,2783600
13626,2899700
13627,2912100
13628,3130100
13629,2929600
13630,3158000
13631,2866700
13632,2847500
13633,2939000
13634,3061800
13635,3045200
13636,3337600
13637,2857200
13638,2919400
13639,2932100
13640,3099400
13641,3203000
13642,2859400
13643,2928600
13644,2956100
13645,2919400
13646,3373500
13647,2891100
13648,2813300
13649,3029500
13650,2856700
13651,2892500
13652,3334900
13653,2885400
13654,2883800
13655,3074100
13656,2839700
13657,3407100
13658,3261800
13659,2878500
13660,2908800
13661,2910700
13662,2924100
13663,3353000
13664,2695900
13665,2997700
13666,2852100
13667,2931600
13668,2917300
13669,3295900
13670,3080000
13671,2690700
13672,2869800
13673,2845400
13674,3682300
13675,2925800
13676,2667600
13677,2844900
13678,2845500
13679,2903100
13680,3439700
13681,2680300
13682,2848600
13683,2809800
13684,2829300
13685,3049100
13686,3288300
13687,2659500
13688,2777600
13689,2873800
13690,2841800
13691,3447500
13692,2915200
13693,2797300
13694,2819700
13695,2840400
13696,3127000
13697,3150500
13698,2673100
13699,2806700
13700,2786000
13701,2898000
13702,2985400
13703,3127000
13704,2676900
13705,2885700
13706,2752000
13707,2970600
13708,2845000
13709,3153800
13710,2665300
13711,2849200
13712,2790000
13713,2910800
13714,3325200
13715,2628000
13716,2828200
13717,3091400
13718,2904000
13719,2944000
13720,3105200
13721,2768300
13722,2808300
13723,3471100
13724,2623800
13725,3268400
13726,2637300
13727,2824300
13728,2809500
13729,2940500
13730,2735600
13731,3466400
13732,2856800
13733,2818100
13734,3295600
13735,2752800
13736,2949500
13737,3133100
13738,2822600
13739,3490400
13740,2781100
13741,2409700
13742,3275400
13743,2667400
13744,2768300
13745,2960000
13746,2945100
13747,2687600
13748,3068600
13749,3005400
13750,2886500
13751,2826800
13752,3067800
13753,3062000
13754,3066900
13755,2855900
13756,2764800
13757,2898000
13758,2800300
13759,3121100
13760,3090200
13761,2758200
13762,2833200
13763,2822800
13764,2887400
13765,2863500
13766,3411700
13767,2671300
13768,2738700
13769,2870000
13770,2879700
13771,3663400
13772,2648300
13773,3043900
13774,2930500
13775,3309800
13776,3622900
13777,2302600
13778,3689500
13779,3959600
13780,2366700
13781,1813300
13782,2348400
13783,3071200
13784,2768900
13785,2864000
13786,2837500
13787,2978300
13788,3329000
13789,2678300
13790,3053600
13791,2902300
13792,2854200
13793,3076800
13794,3101300
13795,2896800
13796,2677700
13797,2948400
13798,2753500
13799,3387900
13800,2724200
13801,2746800
13802,2876500
13803,2826600
13804,3015900
13805,3285400
13806,2679100
13807,2843400
13808,2804600
13809,3215600
13810,2626500
13811,3176600
13812,3016000
13813,2802600
13814,2892600
13815,2792100
13816,3023800
13817,3041400
13818,2797200
13819,2818800
13820,2886800
13821,2791700
13822,3290000
13823,2741600
13824,2824300
13825,3084800
13826,2623200
13827,2906900
13828,3300900
13829,2959400
13830,3017100
13831,2660200
13832,2830800
13833,2902200
13834,3199400
13835,2723100
13836,3142400
13837,2654000
13838,2754200
13839,3047100
13840,3125500
13841,3099500
13842,2588200
13843,2826300
13844,2934100
13845,3486700
13846,3079900
13847,2767900
13848,2855800
13849,2838900
13850,3035300
13851,3156600
13852,2810800
13853,2851900
13854,2806500
13855,2880000
13856,3266900
13857,2944100
13858,2696000
13859,2903800
13860,2817600
13861,2946500
13862,3231600
13863,2854400
13864,2792200
13865,2835400
13866,2930300
13867,3106900
13868,3393800
13869,2659600
13870,2784400
13871,2909300
13872,2842600
13873,3184500
13874,3085600
13875,2735600
13876,2868700
13877,2855900
13878,2943600
13879,3361500
13880,2688700
13881,2844100
13882,2882900
13883,2849800
13884,3177600
13885,3485200
13886,2714000
13887,2840300
13888,2891500
13889,2907700
13890,3328600
13891,2740100
13892,2862300
13893,2897400
13894,2772700
13895,3090400
13896,3218100
13897,2720100
13898,2906100
13899,2840100
13900,3562200
13901,2887600
13902,3086200
13903,2886700
13904,2712600
13905,3278200
13906,2659200
13907,2882200
13908,3124400
13909,2781500
13910,2989600
13911,2712500
13912,3048300
13913,3191800
13914,2728500
13915,2829800
13916,2883000
13917,2901400
13918,3173800
13919,3098000
13920,2798400
13921,2937700
13922,2775200
13923,2862400
13924,3391100
13925,2676000
13926,3005700
13927,2657900
13928,3168000
13929,2984000
13930,3154900
13931,2744900
13932,2884200
13933,2850500
13934,2834900
13935,3030600
13936,3086900
13937,2840000
13938,2764400
13939,2875400
13940,2792900
13941,3408200
13942,2854700
13943,2749500
13944,2803100
13945,2825800
13946,2872900
13947,3280100
13948,2845700
13949,2781400
13950,2934800
13951,2837300
13952,2958400
13953,3406100
13954,2957800
13955,2792700
13956,2884500
13957,2839100
13958,3612700
13959,2623200
13960,2877900
13961,2883200
13962,2924200
13963,3133100
13964,3101800
13965,2784400
13966,2904000
13967,2904000
13968,2961000
13969,2967400
13970,3195000
13971,2842100
13972,2913400
13973,2910200
13974,3203000
13975,3126600
13976,2812800
13977,2913400
13978,3002800
13979,3019400
13980,3105500
13981,2989200
13982,2906300
13983,3006300
13984,3157700
13985,2882700
13986,3401200
13987,2838100
13988,2876200
13989,3186400
13990,2712400
13991,3055800
13992,3270200
13993,2880900
13994,2925600
13995,2957100
13996,2910800
13997,3454500
13998,2746800
13999,2938700
14000,3205400
14001,2913400
14002,3011100
14003,3118000
14004,2870800
14005,2995200
14006,2800100
14007,2956900
14008,2996900
14009,3161500
14010,3166900
14011,2634900
14012,2872300
14013,3178000
14014,3099900
14015,2754700
14016,2872000
14017,3206700
14018,2777600
14019,2962700
14020,3197800
14021,2873400
14022,2832000
14023,2821200
14024,2904000
14025,3328300
14026,2881100
14027,2748700
14028,2827000
14029,2874000
14030,2987500
14031,3299300
14032,2859200
14033,2782900
14034,2834400
14035,2842500
14036,3162100
14037,3093300
14038,2739300
14039,3070100
14040,2820400
14041,2894600
14042,3313300
14043,2735700
14044,2762900
14045,2865000
14046,2841100
14047,2882400
14048,3258800
14049,2654400
14050,2854700
14051,2853800
14052,2848600
14053,3203000
14054,2901300
14055,2747000
14056,3069300
14057,2897600
14058,3031500
14059,2720900
14060,3127900
14061,2839300
14062,2777900
14063,3277300
14064,2712400
14065,3469300
14066,3093800
14067,2573400
14068,2768400
14069,2751100
14070,3022900
14071,2995800
14072,2770600
14073,2870200
14074,2836500
14075,3019000
14076,2811200
14077,3054000
14078,3068400
14079,2878000
14080,3326800
14081,2843800
14082,2900100
14083,2472700
14084,2805400
14085,3045000
14086,2630500
14087,2987900
14088,3089400
14089,2803800
14090,2815400
14091,3028300
14092,2720500
14093,2856600
14094,3160700
14095,3030200
14096,3105200
14097,2713000
14098,2816400
14099,3284200
14100,2804700
14101,2873600
14102,2860800
14103,2852100
14104,2949600
14105,3228000
14106,2839100
14107,3149900
14108,2922500
14109,2804400
14110,3030400
14111,3152800
14112,2976600
14113,2664500
14114,2864800
14115,2957300
14116,3188500
14117,2982100
14118,2975100
14119,2830300
14120,2761300
14121,3121900
14122,3100200
14123,2843500
14124,2848400
14125,2870800
14126,2854400
14127,2866500
14128,3203200
14129,2788200
14130,2921900
14131,2793600
14132,2941000
14133,3568200
14134,2739400
14135,2899100
14136,2780400
14137,2868800
14138,3023200
14139,3119900
14140,2770100
14141,2806900
14142,2845400
14143,2887300
14144,3092600
14145,3264100
14146,2769000
14147,2865300
14148,2795700
14149,3089600
14150,3235300
14151,2854900
14152,2787400
14153,2853900
14154,2854400
14155,3033600
14156,3107100
14157,2736100
14158,2822200
14159,2873600
14160,2937700
14161,2892300
14162,3038500
14163,2821400
14164,2829500
14165,3001100
14166,2735100
14167,3006200
14168,3048600
14169,3066900
14170,2756000
14171,2931900
14172,2765100
14173,3286000
14174,2713100
14175,2855900
14176,3034700
14177,2746400
14178,2822800
14179,3288000
14180,2745700
14181,3185600
14182,2626000
14183,2722300
14184,2867600
14185,3171200
14186,2793700
14187,2864700
14188,2835600
14189,2768800
14190,3132800
14191,3176600
14192,2835900
14193,2881600
14194,2763900
14195,2891100
14196,3267400
14197,3060600
14198,2655100
14199,2915200
14200,2843500
14201,3016400
14202,3142500
14203,2851000
14204,2900300
14205,2856200
14206,2885200
14207,3493600
14208,3064800
14209,2773500
14210,2920900
14211,2860100
14212,2946600
14213,3358100
14214,2746300
14215,2949700
14216,2778200
14217,2967300
14218,3579700
14219,2869600
14220,2788800
14221,2913300
14222,2791900
14223,2961400
14224,3495600
14225,2909400
14226,2994800
14227,2746700
14228,2910900
14229,3029500
14230,3123200
14231,2878200
14232,2933900
14233,2819100
14234,2905500
14235,3340100
14236,2741100
14237,2919100
14238,2862300
14239,3023200
14240,2873000
14241,3111400
14242,2899000
14243,2892300
14244,3366600
14245,2823100
14246,3321000
14247,3052500
14248,2497800
14249,3175300
14250,3027700
14251,2696900
14252,3452600
14253,2816000
14254,3033900
14255,2690900
14256,2897600
14257,2952300
14258,3283500
14259,2707600
14260,2956900
14261,2769300
14262,2978800
14263,2878500
14264,3194400
14265,2803000
14266,2789100
14267,3046200
14268,3073200
14269,3170500
14270,2867900
14271,2721600
14272,2964200
14273,2779500
14274,2910200
14275,3227600
14276,2792700
14277,2826100
14278,2893700
14279,2803900
14280,3322400
14281,2843900
14282,2789700
14283,2855800
14284,2844900
14285,2766900
14286,3423500
14287,2826600
14288,2773900
14289,2871200
14290,2842800
14291,3000800
14292,3371200
14293,2774200
14294,2821300
14295,2910400
14296,2910400
14297,3011400
14298,3183300
14299,2751000
14300,2906100
14301,2888400
14302,3030700
14303,3245500
14304,2782000
14305,2814100
14306,3143400
14307,2912400
14308,3196300
14309,3009300
14310,2745600
14311,2959000
14312,2830100
14313,2953000
14314,2924400
14315,3294900
14316,2778100
14317,2919800
14318,3207400
14319,2875000
14320,3080100
14321,2909700
14322,2777000
14323,3156100
14324,2976300
14325,3218500
14326,3218000
14327,2792600
14328,2913100
14329,2943500
14330,2864900
14331,3535800
14332,2774000
14333,2923000
14334,2982200
14335,2821000
14336,3081200
14337,3222100
14338,2807700
14339,3106500
14340,2736300
14341,2918200
14342,3397900
14343,2717700
14344,3385500
14345,2700000
14346,2929900
14347,2988600
14348,3283500
14349,3076300
14350,2694300
14351,2832400
14352,2933500
14353,2944100
14354,3222400
14355,2903000
14356,2790000
14357,2907700
14358,3106600
14359,3272400
14360,2776700
14361,3095200
14362,2862000
14363,2895100
14364,3017400
14365,3405400
14366,2683200
14367,2887000
14368,2871000
14369,3011000
14370,3328000
14371,2771000
14372,2780600
14373,2910000
14374,2859900
14375,3212900
14376,3023900
14377,2799500
14378,3081100
14379,2901200
14380,2893800
14381,3057800
14382,3127300
14383,2722600
14384,2883500
14385,2851600
14386,2886200
14387,3230500
14388,2901100
14389,2777000
14390,2864200
14391,2879800
14392,2998800
14393,3112900
14394,2835500
14395,2791600
14396,2848200
14397,2972200
14398,2864200
14399,3298500
14400,3019600
14401,2754500
14402,3472800
14403,2269600
14404,3334500
14405,2806100
14406,2743000
14407,2991100
14408,2882000
14409,3234900
14410,3123000
14411,2565700
14412,2845500
14413,2918800
14414,2745400
14415,3133800
14416,2942600
14417,3033500
14418,3015900
14419,3024400
14420,2784400
14421,3472800
14422,2293300
14423,2774000
14424,3113100
14425,2632700
14426,2959700
14427,3186900
14428,2683000
14429,3129800
14430,2630100
14431,2759500
14432,3188300
14433,2917200
14434,2812100
14435,3136700
14436,2759800
14437,2884600
14438,3182800
14439,3097500
14440,2906700
14441,2811100
14442,2833400
14443,3085400
14444,3064500
14445,2829500
14446,2812700
14447,2784500
14448,2845100
14449,2963400
14450,3368400
14451,2722300
14452,2966100
14453,2870100
14454,2873700
14455,3303200
14456,2783800
14457,2712100
14458,2864200
14459,2798100
14460,3335800
14461,4023900
14462,2249900
14463,3227800
14464,4612100
14465,3180700
14466,2007100
14467,1855400
14468,2747800
14469,3145100
14470,2882100
14471,2927000
14472,3342800
14473,2750800
14474,2840400
14475,2957300
14476,2707800
14477,3131400
14478,2947300
14479,2758600
14480,2840100
14481,2929300
14482,2825600
14483,2864800
14484,3176400
14485,2759400
14486,2863500
14487,3005900
14488,2684400
14489,3301400
14490,3022400
14491,2780600
14492,2853900
14493,2879600
14494,2843300
14495,3226100
14496,2719600
14497,2856100
14498,2987900
14499,2865400
14500,2769700
14501,3166700
14502,2783000
14503,2770500
14504,2893900
14505,2872100
14506,2902700
14507,3210300
14508,2759200
14509,3094600
14510,2704700
14511,2743800
14512,3679200
14513,2754600
14514,3633600
14515,2131400
14516,2827500
14517,2906400
14518,3144100
14519,2776200
14520,2937700
14521,2760800
14522,2871400
14523,2823200
14524,3236400
14525,3146400
14526,2563200
14527,2795500
14528,2846700
14529,3457900
14530,2755300
14531,2819600
14532,2796200
14533,2962700
14534,2874500
14535,3206700
14536,2837700
14537,2858900
14538,2926300
14539,2721100
14540,2978900
14541,3245500
14542,2769600
14543,2801600
14544,2980100
14545,2790500
14546,3504200
14547,2876500
14548,2812900
14549,3235400
14550,2487400
14551,2938100
14552,3336400
14553,2779400
14554,2788800
14555,2954600
14556,2774400
14557,3049000
14558,3129900
14559,2769200
14560,2877600
14561,2919100
14562,3080700
14563,3098600
14564,2791100
14565,2775000
14566,2878600
14567,2905600
14568,3055200
14569,3016200
14570,2772400
14571,2861900
14572,3189400
14573,2973900
14574,2966000
14575,3027600
14576,2913600
14577,2853600
14578,3108400
14579,2727500
14580,3136000
14581,2880800
14582,2871800
14583,2908500
14584,3646300
14585,2476800
14586,3013000
14587,2787400
14588,2841300
14589,3246900
14590,3348100
14591,2756700
14592,2974600
14593,2731500
14594,3173300
14595,2707400
14596,2781300
14597,3209400
14598,2902200
14599,2926900
14600,2776100
14601,2777600
14602,3069400
14603,3080700
14604,2817800
14605,2976100
14606,2757900
14607,2880700
14608,3378000
14609,2734300
14610,2955800
14611,3152400
14612,2742100
14613,2984000
14614,3151400
14615,2989400
14616,2755800
14617,2881300
14618,2804000
14619,3446600
14620,2744700
14621,3057300
14622,2749800
14623,2749800
14624,2893700
14625,3353900
14626,2890100
14627,2754600
14628,2919100
14629,2827800
14630,2901700
14631,3354300
14632,2724600
14633,2927400
14634,2784300
14635,2885000
14636,2944900
14637,3302700
14638,2721400
14639,2964400
14640,2788700
14641,3154800
14642,3342400
14643,2737400
14644,2973200
14645,2724600
14646,2938300
14647,3003900
14648,3210200
14649,2720300
14650,2914500
14651,2841400
14652,2904800
14653,3403700
14654,2759300
14655,2914900
14656,2857800
14657,3001200
14658,2769500
14659,3366900
14660,3066900
14661,2892300
14662,2840000
14663,3042200
14664,3023800
14665,3083500
14666,2877600
14667,3123000
14668,2952400
14669,2855400
14670,2992900
14671,3200600
14672,2944100
14673,2948000
14674,2782200
14675,3060600
14676,3261300
14677,2823500
14678,2924100
14679,2844900
14680,2943800
14681,3098400
14682,3150900
14683,2732700
14684,3254000
14685,2958600
14686,2811400
14687,3477900
14688,2749700
14689,2914700
14690,2888400
14691,2874300
14692,3087600
14693,3148400
14694,2915400
14695,2851900
14696,2840800
14697,2872400
14698,3553800
14699,3003700
14700,2640800
14701,3209500
14702,2766300
14703,2998000
14704,3216700
14705,2902800
14706,2790800
14707,2924900
14708,2862400
14709,2981800
14710,3259600
14711,2824100
14712,2795700
14713,2928100
14714,2841800
14715,3484000
14716,2645000
14717,2958300
14718,2773800
14719,2908000
14720,3163500
14721,3479300
14722,2626100
14723,2786100
14724,2905100
14725,2846300
14726,3007400
14727,3103100
14728,2812900
14729,2861600
14730,2832600
14731,3090400
14732,3163800
14733,2746200
14734,2822000
14735,2808600
14736,2841600
14737,3137000
14738,3291700
14739,2962200
14740,2880000
14741,2778000
14742,2869800
14743,3089100
14744,2984600
14745,2846200
14746,2863600
14747,2966400
14748,3192500
14749,3339500
14750,2641000
14751,2684100
14752,2888100
14753,2847300
14754,3094300
14755,2864900
14756,3288100
14757,2641000
14758,3411600
14759,2667900
14760,2852200
14761,2951200
14762,2772000
14763,3037400
14764,2666900
14765,2698500
14766,2954500
14767,3137500
14768,3075100
14769,2658200
14770,2788600
14771,2928000
14772,3241300
14773,2900300
14774,2794500
14775,2836800
14776,2778100
14777,3181600
14778,3102600
14779,2902900
14780,2769300
14781,2778100
14782,2921800
14783,2902000
14784,3130400
14785,2833500
14786,2942500
14787,2747500
14788,2897600
14789,3234800
14790,2843400
14791,3206600
14792,2458500
14793,2837400
14794,3061800
14795,3439800
14796,2738100
14797,2860800
14798,2720000
14799,2879800
14800,2913100
14801,3327600
14802,2727700
14803,2831800
14804,2799600
14805,2920500
14806,3247400
14807,2747400
14808,2902600
14809,2795300
14810,2905100
14811,3301400
14812,2961400
14813,3011700
14814,2859300
14815,2778500
14816,2905100
14817,2907800
14818,3147900
14819,2876300
14820,2745600
14821,3122600
14822,2570700
14823,3383000
14824,2712600
14825,2917900
14826,3443500
14827,2250900
14828,2918900
14829,3136200
14830,2825000
14831,2764300
14832,3045300
14833,2726100
14834,3153700
14835,3208700
14836,2688500
14837,3066500
14838,2685300
14839,2784900
14840,3278100
14841,2807600
14842,2869000
14843,2823200
14844,2769600
14845,2920700
14846,3486300
14847,2712400
14848,2977200
14849,2774800
14850,2827600
14851,3074100
14852,3074200
14853,2736500
14854,2882600
14855,2820200
14856,3138900
14857,3426900
14858,2699500
14859,2945500
14860,2790200
14861,3227800
14862,2569900
14863,3281900
14864,3038600
14865,2679000
14866,2716000
14867,2970100
14868,3014900
14869,3168100
14870,2847800
14871,2748100
14872,2792500
14873,3225200
14874,2773600
14875,3344400
14876,2709100
14877,2897800
14878,2812300
14879,2959600
14880,3481300
14881,2666100
14882,2776100
14883,2823700
14884,2921300
14885,2889900
14886,3415500
14887,2743600
14888,2708500
14889,2887400
14890,3184400
14891,3309500
14892,2730400
14893,2893300
14894,2817300
14895,3520100
14896,2509700
14897,2996500
14898,2722300
14899,2930600
14900,2854900
14901,3026300
14902,2769700
14903,3205700
14904,2890700
14905,2791400
14906,2791100
14907,3159700
14908,3370500
14909,2760800
14910,2927300
14911,2804600
14912,2930800
14913,3125100
14914,3049100
14915,2804600
14916,2931400
14917,2912700
14918,2830900
14919,3006200
14920,3227600
14921,2854100
14922,3146400
14923,2636900
14924,2789200
14925,3452700
14926,2773600
14927,3186800
14928,2868100
14929,3023300
14930,2851500
14931,2984700
14932,2872200
14933,3373900
14934,2949600
14935,2794000
14936,2721300
14937,3187500
14938,3148100
14939,2633800
14940,2759800
14941,2874100
14942,3301400
14943,2835100
14944,2876600
14945,2781300
14946,2974700
14947,3038700
14948,3148000
14949,2744800
14950,3162500
14951,2793000
14952,2854600
14953,2931600
14954,3300200
14955,2864300
14956,2733500
14957,2833800
14958,2939500
14959,3558600
14960,2743600
14961,2823100
14962,2826500
14963,3604200
14964,2155700
14965,3297900
14966,2735300
14967,2900200
14968,2809900
14969,2825100
14970,3394000
14971,2736400
14972,2878300
14973,2819200
14974,2860200
14975,3009000
14976,3157000
14977,2799000
14978,2763500
14979,2975800
14980,2888800
14981,2875700
14982,3217400
14983,2813100
14984,2875100
14985,2936500
14986,2983100
14987,2927700
14988,3086900
14989,3061700
14990,2906100
14991,3058000
14992,2724400
14993,3526000
14994,2804500
14995,2947400
14996,2768200
14997,3324400
14998,2622200
14999,3168200
15000,2834100
15001,2907400
15002,2945900
15003,2861900
15004,3034100
15005,3141700
15006,3170500
15007,3114900
15008,2652800
15009,2946500
15010,3148200
15011,2868500
15012,3097600
15013,2750100
15014,2817800
15015,3062700
15016,3254500
15017,2811100
15018,2952300
15019,2805800
15020,2961300
15021,3367500
15022,2787300
15023,3276100
15024,2794000
15025,2829800
15026,3084100
15027,3164700
15028,2993300
15029,2862600
15030,2793000
15031,3552200
15032,2506500
15033,3201500
15034,2861400
15035,2949500
15036,2831400
15037,2915000
15038,3252400
15039,2954700
15040,3069500
15041,2864400
15042,2942500
15043,3339300
15044,2769600
15045,2835400
15046,2882900
15047,2876800
15048,2881300
15049,3338200
15050,2722600
15051,2831600
15052,2948700
15053,2783800
15054,3222000
15055,2863900
15056,2893400
15057,2802700
15058,2924100
15059,2828200
15060,3125100
15061,3017100
15062,3157400
15063,2804800
15064,2784700
15065,3384200
15066,2762200
15067,2780500
15068,2811800
15069,2904300
15070,2833100
15071,3136800
15072,3254000
15073,2732600
15074,2904500
15075,2784600
15076,2899900
15077,3405400
15078,2732600
15079,3070300
15080,2828900
15081,2894200
15082,2849300
15083,3275400
15084,2746200
15085,2923300
15086,3084900
15087,2592900
15088,3070900
15089,3041700
15090,2870100
15091,2898800
15092,3139400
15093,2794000
15094,3244500
15095,2893900
15096,2925600
15097,3401400
15098,3008300
15099,3196400
15100,2713700
15101,2514200
15102,2886800
15103,2827600
15104,2876300
15105,3280700
15106,3125200
15107,2874800
15108,3175200
15109,2552900
15110,2840400
15111,3312800
15112,2845700
15113,3326200
15114,2459800
15115,2788000
15116,3044100
15117,3402100
15118,2997500
15119,2701000
15120,2863100
15121,2895600
15122,2976200
15123,3154100
15124,2933500
15125,2776300
15126,2933800
15127,2856800
15128,2883000
15129,3354500
15130,2633300
15131,2879600
15132,2854800
15133,2868400
15134,3673700
15135,2531900
15136,2809100
15137,2773900
15138,2904900
15139,3120500
15140,3230600
15141,2642200
15142,2817100
15143,3101900
15144,3793600
15145,2982900
15146,3111600
15147,4918200
15148,2798200
15149,1946600
15150,2181700
15151,3233000
15152,2659500
15153,2821000
15154,2825800
15155,2844800
15156,3378700
15157,2760400
15158,2739800
15159,2825000
15160,3102400
15161,3098900
15162,3028800
15163,2884500
15164,2760700
15165,2949500
15166,2696500
15167,3082700
15168,3466400
15169,2402900
15170,2806300
15171,2788400
15172,3051400
15173,2914900
15174,3066100
15175,2757600
15176,2819900
15177,3013700
15178,3126000
15179,3327700
15180,2704100
15181,2850800
15182,2859900
15183,2801200
15184,2980600
15185,3171100
15186,2785700
15187,2820100
15188,2997500
15189,2733000
15190,3253500
15191,2835300
15192,2730000
15193,2925900
15194,2952000
15195,2840500
15196,3184400
15197,2833300
15198,2725900
15199,3227600
15200,2792200
15201,2970000
15202,3074200
15203,2940200
15204,2940500
15205,2767200
15206,2837800
15207,2941900
15208,3166600
15209,3087100
15210,2583000
15211,2831000
15212,2918400
15213,3340100
15214,2739500
15215,2871500
15216,3045000
15217,2839100
15218,2972800
15219,3427200
15220,2832900
15221,2769700
15222,2903300
15223,2810000
15224,3298400
15225,3078700
15226,2552600
15227,2855400
15228,2812200
15229,2974400
15230,3311100
15231,2759300
15232,2774600
15233,2854100
15234,3180400
15235,2946300
15236,3395500
15237,2596400
15238,2801200
15239,2832300
15240,2890500
15241,3164700
15242,3066200
15243,2775000
15244,2853500
15245,2848300
15246,2895700
15247,3329400
15248,2771800
15249,2781600
15250,2922100
15251,2827200
15252,3531900
15253,2760500
15254,2725500
15255,3134300
15256,2902500
15257,2952400
15258,3275900
15259,2877700
15260,2803100
15261,2888100
15262,2875100
15263,2970900
15264,3411200
15265,2860400
15266,2766200
15267,2900200
15268,3155000
15269,2926400
15270,3015100
15271,2779000
15272,3152000
15273,2906400
15274,2972600
15275,2944800
15276,3079700
15277,2793200
15278,2824900
15279,3605100
15280,3117800
15281,2598500
15282,2700800
15283,2751200
15284,2926600
15285,2794000
15286,3170800
15287,2966500
15288,2925400
15289,3019700
15290,2932700
15291,2915000
15292,3335500
15293,2758700
15294,2938100
15295,2842900
15296,2874200
15297,2996200
15298,3074100
15299,2901300
15300,2829500
15301,2887400
15302,2821100
15303,3334700
15304,2791900
15305,2993800
15306,2700100
15307,2889400
15308,2882300
15309,3296800
15310,2980100
15311,2684600
15312,2864900
15313,2812600
15314,3025100
15315,3148500
15316,2925700
15317,2781200
15318,2897800
15319,2826100
15320,2948100
15321,3478800
15322,2602600
15323,2807200
15324,3175100
15325,2893700
15326,3378900
15327,2758000
15328,2812200
15329,2846400
15330,2963200
15331,3035500
15332,3375600
15333,2737400
15334,2943200
15335,2798100
15336,2910900
15337,3540300
15338,2656300
15339,2863400
15340,2827200
15341,3195500
15342,2973100
15343,3283300
15344,2745200
15345,2978500
15346,2812100
15347,2842400
15348,3122900
15349,3118500
15350,2768900
15351,2939300
15352,2849800
15353,2928100
15354,3267800
15355,2868300
15356,2890500
15357,2890900
15358,2960200
15359,2799300
15360,3183900
15361,2940500
15362,2809600
15363,2901700
15364,2921100
15365,3058100
15366,3225300
15367,3107100
15368,2808000
15369,2921100
15370,2879300
15371,3231400
15372,2772600
15373,2992200
15374,2791900
15375,2761200
15376,3092800
15377,3106100
15378,2900400
15379,2892600
15380,2724400
15381,2868800
15382,3047400
15383,3065000
15384,3254300
15385,2700700
15386,2818100
15387,2953800
15388,3212000
15389,2746300
15390,2899700
15391,2778300
15392,2883100
15393,2982400
15394,3129900
15395,2808900
15396,2868300
15397,2809000
15398,2797100
15399,3196000
15400,3226400
15401,2824600
15402,2888600
15403,2761700
15404,2894600
15405,3455000
15406,2781000
15407,2816400
15408,2792800
15409,2843300
15410,3098500
15411,3074700
15412,2757000
15413,2860000
15414,2836200
15415,2914000
15416,3046300
15417,2991800
15418,2791900
15419,2961400
15420,2751000
15421,2891800
15422,3093100
15423,3359500
15424,2767100
15425,2832300
15426,2842700
15427,3006800
15428,3172300
15429,2801600
15430,2914200
15431,2783900
15432,2911500
15433,3418200
15434,3127800
15435,2746900
15436,2731200
15437,2872900
15438,3726000
15439,3036400
15440,2789200
15441,2551600
15442,2862800
15443,3024300
15444,2986400
15445,3309400
15446,2721700
15447,3082500
15448,2878700
15449,2683800
15450,2844000
15451,3187600
15452,2743300
15453,2864500
15454,2873100
15455,2858300
15456,3373000
15457,2770800
15458,2834100
15459,3109800
15460,2656900
15461,3176700
15462,2953900
15463,2790000
15464,2836200
15465,2886100
15466,3213800
15467,2944100
15468,3135500
15469,2901000
15470,2818300
15471,2888300
15472,2938400
15473,3253300
15474,2733600
15475,3067800
15476,2741100
15477,2818900
15478,3209400
15479,3016200
15480,2775200
15481,2917400
15482,2825400
15483,3197200
15484,2865600
15485,3172500
15486,2874500
15487,2761400
15488,2905900
15489,2948600
15490,3203100
15491,2854500
15492,2778500
15493,2829600
15494,2883400
15495,3182400
15496,2915800
15497,2848800
15498,2805300
15499,2848700
15500,3167500
15501,3227200
15502,2852500
15503,2766300
15504,2867800
15505,2871300
15506,2986200
15507,3153100
15508,3156900
15509,2415500
15510,2815500
15511,2830300
15512,2985700
15513,3235600
15514,2744300
15515,2846400
15516,2851500
15517,2806600
15518,3153300
15519,2910700
15520,2826700
15521,2838800
15522,3120500
15523,3035800
15524,2740700
15525,3111600
15526,2760600
15527,2878300
15528,2830500
15529,3006500
15530,3073700
15531,2742400
15532,2887700
15533,2798900
15534,2997200
15535,3012000
15536,2949000
15537,2790100
15538,2838700
15539,3216800
15540,2716700
15541,2872200
15542,3191100
15543,2798600
15544,2854300
15545,3155500
15546,2691800
15547,3392200
15548,2712300
15549,2883600
15550,2795500
15551,2785800
15552,3253700
15553,3134900
15554,2731700
15555,2821400
15556,3125500
15557,2763300
15558,2955700
15559,3185100
15560,2957500
15561,2659200
15562,2842000
15563,2826000
15564,3256900
15565,2823600
15566,2801900
15567,2795000
15568,2867200
15569,2917100
15570,3173400
15571,3140900
15572,2535100
15573,2803400
15574,3127800
15575,2920100
15576,3276400
15577,2802400
15578,2735900
15579,2906400
15580,2825800
15581,3396200
15582,2811800
15583,2845800
15584,2817400
15585,2937000
15586,2860500
15587,3432000
15588,2712800
15589,2763900
15590,2965200
15591,2797100
15592,3192500
15593,3198500
15594,2819500
15595,3154600
15596,2807500
15597,3114900
15598,3078900
15599,2861900
15600,2841200
15601,2897800
15602,2892000
15603,3094100
15604,3106200
15605,2884200
15606,2824300
15607,2880100
15608,3201000
15609,3278900
15610,2870500
15611,2900600
15612,3113300
15613,3013700
15614,2859000
15615,3227700
15616,2872700
15617,2805500
15618,3081400
15619,2706000
15620,3004300
15621,3142000
15622,2915700
15623,2744200
15624,3616200
15625,2998700
15626,3047900
15627,2659300
15628,2740200
15629,3034400
15630,2723600
15631,3049400
15632,3162900
15633,2743000
15634,3226500
15635,2766400
15636,2833400
15637,2996200
15638,3193600
15639,2983200
15640,2679400
15641,2845700
15642,3093400
15643,3273700
15644,2781300
15645,2839600
15646,2900400
15647,2800500
15648,2948400
15649,3209200
15650,2829800
15651,2855700
15652,2811500
15653,2808900
15654,3366600
15655,2817300
15656,2801800
15657,2852400
15658,2858000
15659,2830500
15660,3690100
15661,2518200
15662,2765000
15663,2873700
15664,3120600
15665,3026400
15666,3415500
15667,2802800
15668,2822900
15669,2836600
15670,2867400
15671,3483500
15672,2652600
15673,2876300
15674,2919900
15675,2795900
15676,3148500
15677,3045900
15678,2764000
15679,2912100
15680,2858100
15681,2856300
15682,3130800
15683,3135200
15684,2732700
15685,2918400
15686,2928100
15687,2930300
15688,3340300
15689,2987000
15690,2854900
15691,2929500
15692,3035800
15693,2876900
15694,3293200
15695,2752400
15696,2961000
15697,3039100
15698,2797600
15699,3391000
15700,2747700
15701,2910500
15702,3099600
15703,2768600
15704,2955200
15705,3318500
15706,2979300
15707,2872900
15708,2928200
15709,2915700
15710,3013800
15711,3137800
15712,2869400
15713,2975000
15714,2750400
15715,2915700
15716,3362800
15717,2754500
15718,3173800
15719,2626400
15720,2851300
15721,2928600
15722,3269100
15723,2753900
15724,2981600
15725,2765700
15726,2980500
15727,3072100
15728,3138100
15729,2949800
15730,2788000
15731,2841600
15732,2834100
15733,3373900
15734,3046800
15735,2709300
15736,2717000
15737,2965700
15738,2924600
15739,3283000
15740,2751000
15741,2796000
15742,2888700
15743,2834800
15744,3066400
15745,3577600
15746,2547200
15747,2792800
15748,2863800
15749,2836700
15750,3361300
15751,2792500
15752,2794300
15753,2878500
15754,2790900
15755,3012100
15756,3192800
15757,2701000
15758,2883900
15759,2832300
15760,2807000
15761,3210900
15762,3243700
15763,2777800
15764,2839600
15765,2863800
15766,3043600
15767,3047400
15768,2870700
15769,2796700
15770,2872600
15771,2843700
15772,3277800
15773,3368200
15774,2969100
15775,2657400
15776,2765200
15777,3119000
15778,3167000
15779,2998100
15780,2731300
15781,2612300
15782,2847600
15783,3127100
15784,2963500
15785,3262700
15786,2762500
15787,2855000
15788,3118400
15789,2685000
15790,3196200
15791,2778500
15792,2848400
15793,2938700
15794,2882200
15795,2855000
15796,3172600
15797,2839000
15798,2852100
15799,2898400
15800,2818400
15801,3309300
15802,2814100
15803,2765400
15804,2983200
15805,3039300
15806,2966600
15807,3232500
15808,2788400
15809,2940400
15810,2883100
15811,2771600
15812,2970100
15813,3297600
15814,2826000
15815,2879700
15816,2829100
15817,2839200
15818,3108400
15819,3099300
15820,2867600
15821,2841500
15822,2788000
15823,3337700
15824,4055700
15825,2690600
15826,2754900
15827,3312700
15828,4068200
15829,2359700
15830,1977900
15831,2417200
15832,2797000
15833,2917600
15834,2772400
15835,3405200
15836,2859400
15837,2724000
15838,2869700
15839,2883400
15840,3198900
15841,3165800
15842,2765200
15843,2862900
15844,2867100
15845,2830800
15846,3363100
15847,2821100
15848,3190500
15849,2385400
15850,2879200
15851,2866900
15852,3691900
15853,2608000
15854,2760100
15855,2884900
15856,2825200
15857,3201400
15858,2969600
15859,2716500
15860,2867600
15861,3177700
15862,2989200
15863,2834300
15864,3080500
15865,2811500
15866,2768900
15867,2882400
15868,2909600
15869,3168500
15870,2770900
15871,2846700
15872,2855200
15873,3103600
15874,2916300
15875,2961700
15876,2771400
15877,2779200
15878,3083700
15879,2958500
15880,2881800
15881,3117800
15882,2775400
15883,2826600
15884,2971800
15885,2750100
15886,3372300
15887,2769400
15888,2827900
15889,3204700
15890,2601900
15891,2787500
15892,3125700
15893,2855900
15894,2821100
15895,2882500
15896,2837400
15897,3071000
15898,3020200
15899,2789000
15900,3164100
15901,2748900
15902,2919600
15903,3192900
15904,2777700
15905,3084100
15906,2605800
15907,2861100
15908,2870300
15909,2762300
15910,3239000
15911,2800200
15912,2974200
15913,2741900
15914,3022100
15915,3138800
15916,2795500
15917,3094900
15918,2895500
15919,2814400
15920,2935800
15921,3414900
15922,2701300
15923,2773900
15924,2843500
15925,2902500
15926,3383700
15927,2932100
15928,2742000
15929,2901200
15930,2944600
15931,2874900
15932,3405400
15933,2645000
15934,2812900
15935,3206200
15936,2880700
15937,3067600
15938,3027700
15939,2827000
15940,2846800
15941,2873700
15942,3045100
15943,3305600
15944,2751700
15945,2879700
15946,2919800
15947,2858800
15948,3288900
15949,3143500
15950,2770600
15951,2857300
15952,2927200
15953,2984100
15954,2833600
15955,3203100
15956,3079500
15957,2832800
15958,3134300
15959,2753100
15960,3253500
15961,2741600
15962,2898900
15963,2941100
15964,2792500
15965,2996000
15966,3165800
15967,2789800
15968,2950400
15969,3327100
15970,2968800
15971,3102600
15972,2647100
15973,3027200
15974,2795600
15975,2819900
15976,2931900
15977,3171200
15978,2831900
15979,2924200
15980,2903300
15981,2784000
15982,2911100
15983,3123900
15984,2882900
15985,2987300
15986,2692600
15987,2879600
15988,3313500
15989,2737600
15990,2957500
15991,2804000
15992,2788600
15993,3053100
15994,3068400
15995,2788100
15996,3099500
15997,2678300
15998,2885500
15999,3053900
16000,3248600
16001,2827600
16002,2863900
16003,2794100
16004,2865100
16005,2886800
16006,3416700
16007,2674100
16008,2868400
16009,2945300
16010,2860000
16011,3323100
16012,3076900
16013,2799500
16014,2895800
16015,2892500
16016,2957900
16017,3206200
16018,2865100
16019,2839300
16020,2879500
16021,2872300
16022,3517500
16023,2770400
16024,2768200
16025,2939600
16026,2806200
16027,3134300
16028,3185300
16029,3010900
16030,2828500
16031,2848600
16032,2861300
16033,3222300
16034,3082200
16035,2739100
16036,2871000
16037,2922300
16038,3140600
16039,3171600
16040,2748500
16041,2883700
16042,2850700
16043,2883000
16044,3027600
16045,3178900
16046,2858900
16047,2806400
16048,2899600
16049,3164600
16050,3171300
16051,2819200
16052,2878200
16053,2788200
16054,2968400
16055,2848300
16056,3244800
16057,2859600
16058,2822300
16059,2854800
16060,2931200
16061,2862400
16062,3155500
16063,3034800
16064,2677800
16065,3028900
16066,2696700
16067,3045800
16068,3362000
16069,2770200
16070,2954800
16071,2757200
16072,2830200
16073,3330700
16074,2812400
16075,2851000
16076,2877700
16077,2814000
16078,3053000
16079,3117800
16080,2830900
16081,2825400
16082,2825600
16083,2837300
16084,3038400
16085,3335300
16086,2972400
16087,2668400
16088,2886000
16089,2852400
16090,3299900
16091,2718400
16092,2901700
16093,2820800
16094,2861700
16095,3000600
16096,3142200
16097,2913200
16098,2774400
16099,2828000
16100,2862300
16101,3003300
16102,3127000
16103,2898800
16104,2728700
16105,2909400
16106,2841100
16107,3403300
16108,3188600
16109,2617900
16110,2859700
16111,3134200
16112,3001800
16113,3724800
16114,3088100
16115,2879800
16116,3169500
16117,2210800
16118,2672700
16119,3308900
16120,2853600
16121,2808100
16122,2824500
16123,3099700
16124,3258000
16125,2649900
16126,2916300
16127,2847000
16128,3132700
16129,3301800
16130,3122500
16131,2716300
16132,2793800
16133,2837500
16134,3252800
16135,3009900
16136,2736400
16137,2854400
16138,2859500
16139,2841100
16140,3114300
16141,3189800
16142,2690300
16143,2897200
16144,2817300
16145,3230400
16146,3451400
16147,2697600
16148,2906600
16149,2805900
16150,3014200
16151,2946600
16152,3135900
16153,2762800
16154,2841200
16155,2860200
16156,2947500
16157,2897300
16158,3247700
16159,2804700
16160,2831900
16161,3018100
16162,3043100
16163,2865600
16164,3175800
16165,2832200
16166,3071100
16167,2652700
16168,2889600
16169,3302600
16170,2771300
16171,3065700
16172,2682200
16173,2800300
16174,2983800
16175,3213800
16176,2717000
16177,3083900
16178,2718700
16179,3066700
16180,3356800
16181,2707700
16182,2989500
16183,2679600
16184,2945000
16185,2818400
16186,3449500
16187,2769500
16188,3388900
16189,2186700
16190,2825900
16191,2978500
16192,3211100
16193,2752000
16194,2796600
16195,2821100
16196,2819900
16197,3007600
16198,3387900
16199,2565200
16200,2811600
16201,3068100
16202,2871700
16203,2997800
16204,3135700
16205,2746500
16206,2881500
16207,2860000
16208,2955900
16209,3290200
16210,2551600
16211,2868100
16212,2813700
16213,2835200
16214,3203500
16215,2956900
16216,2744400
16217,2789500
16218,2894000
16219,2764900
16220,3174300
16221,2985700
16222,2768700
16223,3177700
16224,2771100
16225,3063300
16226,3378900
16227,2657900
16228,2837800
16229,2846800
16230,3202600
16231,2667500
16232,3046200
16233,2786300
16234,2793000
16235,2870600
16236,2864900
16237,3035200
16238,3135700
16239,2696100
16240,3181600
16241,2902500
16242,2798500
16243,3394800
16244,2708400
16245,2818600
16246,2879500
16247,2835500
16248,2948300
16249,3244600
16250,2762600
16251,3045300
16252,2675400
16253,2845400
16254,2971400
16255,3201700
16256,2762300
16257,2962700
16258,2827800
16259,2866000
16260,3577100
16261,2727700
16262,3271900
16263,2731500
16264,2856200
16265,3028200
16266,3163600
16267,2813800
16268,2875200
16269,2840400
16270,2889600
16271,3002200
16272,3204200
16273,2881000
16274,2835100
16275,2863600
16276,2944000
16277,3382200
16278,2936500
16279,3004800
16280,2801500
16281,2888200
16282,2965500
16283,3457300
16284,2656300
16285,2844100
16286,2852800
16287,2906000
16288,3505400
16289,3065500
16290,2607900
16291,2812500
16292,2844300
16293,3155000
16294,3307400
16295,2646800
16296,3199500
16297,2776200
16298,2933100
16299,3250900
16300,3188600
16301,2762200
16302,2846800
16303,2939500
16304,3160200
16305,3042200
16306,2858400
16307,2785800
16308,2863700
16309,2947300
16310,2938300
16311,3137100
16312,2819400
16313,2824900
16314,2873200
16315,3580000
16316,3063900
16317,2997200
16318,2620800
16319,2789500
16320,2820300
16321,2832400
16322,3252400
16323,2793300
16324,2811700
16325,2868000
16326,2839200
16327,3023900
16328,3087900
16329,2845200
16330,2772000
16331,2906100
16332,2804700
16333,3396600
16334,2745300
16335,2912500
16336,2890000
16337,2743500
16338,2841100
16339,3236300
16340,2818000
16341,2873600
16342,2795800
16343,2907200
16344,2813400
16345,3240300
16346,2826300
16347,3070600
16348,2613700
16349,2798100
16350,2917900
16351,3214700
16352,3317700
16353,2604100
16354,2787300
16355,2888600
16356,3227900
16357,2833300
16358,2864300
16359,2787600
16360,2938300
16361,2752000
16362,3338600
16363,2873800
16364,2742600
16365,2846200
16366,2870100
16367,2955400
16368,3469100
16369,2665900
16370,2727600
16371,2877400
16372,2922900
16373,3230400
16374,3259100
16375,2735700
16376,2796800
16377,2923000
16378,3285100
16379,3188700
16380,2828600
16381,2799000
16382,2935200
16383,2846300
16384,3078000
16385,3144300
16386,2891100
16387,2870700
16388,2849600
16389,3180000
16390,3269700
16391,2785400
16392,2795200
16393,2902900
16394,2906800
16395,3051200
16396,3153000
16397,2855900
16398,2849500
16399,2877300
16400,2945600
16401,3390800
16402,2701100
16403,3174600
16404,2849500
16405,2935100
16406,2859300
16407,3415000
16408,2741900
16409,2968200
16410,2946500
16411,2786000
16412,3005200
16413,3121500
16414,2924900
16415,2788600
16416,2949700
16417,2831100
16418,3334100
16419,2841200
16420,2889400
16421,2829800
16422,2858700
16423,2990700
16424,3138800
16425,2934300
16426,3009500
16427,2778800
16428,2787100
16429,3147900
16430,3151900
16431,2821200
16432,2836300
16433,3130900
16434,2907800
16435,3345300
16436,2922400
16437,2722000
16438,2911000
16439,2841800
16440,3141400
16441,3122300
16442,2786300
16443,2858200
16444,2830100
16445,2876400
16446,3286000
16447,3121700
16448,2731700
16449,2839100
16450,3130300
16451,2912000
16452,3788100
16453,3238000
16454,2462400
16455,3219300
16456,2382000
16457,2754000
16458,3105700
16459,2765000
16460,2830500
16461,2787300
16462,2944500
16463,3190700
16464,2870800
16465,2802100
16466,2948100
16467,2969300
16468,3303300
16469,2848000
16470,2772300
16471,2810000
16472,2903100
16473,2813100
16474,3190200
16475,2974100
16476,2771000
16477,2904000
16478,2775500
16479,3033600
16480,3240600
16481,2723800
16482,2838100
16483,2814300
16484,3104500
16485,2869000
16486,2746400
16487,3145900
16488,2850700
16489,3092900
16490,2828100
16491,2949600
16492,3175000
16493,2810500
16494,2818100
16495,2915300
16496,2760900
16497,3041700
16498,3034700
16499,2891800
16500,3081100
16501,2611500
16502,2938600
16503,3258200
16504,2733200
16505,3570000
16506,2756000
16507,3278700
16508,4966500
16509,2822200
16510,1776900
16511,2230600
16512,2746600
16513,2913700
16514,3260500
16515,2750100
16516,3047100
16517,2704700
16518,2797300
16519,2926700
16520,3517400
16521,2767800
16522,2850100
16523,2883700
16524,2816400
16525,3163800
16526,2918900
16527,2854800
16528,3519000
16529,2412000
16530,2895900
16531,3340100
16532,2881200
16533,2730500
16534,2745200
16535,2949000
16536,2909900
16537,3371600
16538,2599300
16539,2759000
16540,2862400
16541,2835500
16542,3154400
16543,3098300
16544,2697100
16545,3151500
16546,2786400
16547,2856400
16548,3152100
16549,3086600
16550,2629500
16551,2883000
16552,2829700
16553,3013400
16554,3193500
16555,2793600
16556,2731300
16557,2852300
16558,2859700
16559,3112700
16560,3140600
16561,2744100
16562,3121000
16563,2792500
16564,2923800
16565,2842900
16566,3267900
16567,2786600
16568,2875600
16569,2985600
16570,2789500
16571,3165000
16572,2840600
16573,2874200
16574,2832800
16575,2970100
16576,2856300
16577,3281200
16578,2748700
16579,2894100
16580,2885200
16581,2787400
16582,3065900
16583,3188400
16584,3110600
16585,2850600
16586,2816700
16587,2892300
16588,3345900
16589,2759200
16590,3107100
16591,2685300
16592,2887700
16593,2940200
16594,3317500
16595,2796900
16596,2960600
16597,2861000
16598,2906800
16599,3456000
16600,2742400
16601,3316500
16602,2733400
16603,2980600
16604,2999500
16605,3094400
16606,2961500
16607,2832200
16608,2871600
16609,2858800
16610,3127600
16611,3170700
16612,2844800
16613,2864800
16614,2932300
16615,2977800
16616,3290000
16617,2843900
16618,3176000
16619,2817100
16620,2931200
16621,3252100
16622,3282300
16623,2741900
16624,2920200
16625,2895400
16626,2918100
16627,3662500
16628,2698500
16629,2901200
16630,2925100
16631,2884400
16632,3151500
16633,3625500
16634,2621300
16635,2831800
16636,2843000
16637,2987300
16638,3337400
16639,2970000
16640,2873700
16641,2872600
16642,2788300
16643,3063500
16644,3288600
16645,2695800
16646,2923600
16647,2856800
16648,2901900
16649,3228900
16650,2826200
16651,2810200
16652,2871000
16653,2808400
16654,2975300
16655,2875300
16656,3472500
16657,2742400
16658,2873100
16659,3454800
16660,3241500
16661,2544600
16662,2646300
16663,2746100
16664,2919900
16665,2731300
16666,3069400
16667,3203500
16668,2698200
16669,2924900
16670,2781900
16671,2813100
16672,3336200
16673,2997400
16674,2708800
16675,2857800
16676,2789300
16677,2907600
16678,3176800
16679,2813900
16680,2929400
16681,2699400
16682,2913600
16683,2872100
16684,3102600
16685,2949700
16686,2689800
16687,2787100
16688,2827100
16689,2975000
16690,3095300
16691,3078800
16692,2572600
16693,2861700
16694,2823800
16695,3294700
16696,2974600
16697,2687700
16698,2784900
16699,2836200
16700,2843100
16701,3231500
16702,2876200
16703,2757600
16704,2835500
16705,2875600
16706,3048700
16707,3583800
16708,2915200
16709,2825700
16710,2852300
16711,2848000
16712,3431500
16713,2737800
16714,2766100
16715,2865400
16716,2856200
16717,3032600
16718,3212300
16719,2809900
16720,2817100
16721,2867800
16722,2860600
16723,3327700
16724,2899800
16725,2846500
16726,3104000
16727,2780900
16728,3069800
16729,3163500
16730,2882600
16731,2801300
16732,2893200
16733,2872900
16734,3017600
16735,3163300
16736,2928100
16737,2787000
16738,2872700
16739,2971600
16740,2817100
16741,3455100
16742,2773000
16743,2908300
16744,3036500
16745,2828000
16746,3300800
16747,2953800
16748,2827400
16749,3028500
16750,2852700
16751,3212200
16752,3053700
16753,2795300
16754,3071000
16755,3067300
16756,2942400
16757,3302000
16758,2880400
16759,3072100
16760,2763900
16761,2922300
16762,3028500
16763,3205500
16764,2858000
16765,2964900
16766,2874900
16767,2923700
16768,3101200
16769,3155100
16770,3027900
16771,2781200
16772,3069200
16773,2965800
16774,3246700
16775,2875100
16776,2827500
16777,2913900
16778,2839200
16779,3184200
16780,3330500
16781,2737800
16782,2895200
16783,2841200
16784,2842800
16785,3354800
16786,2879900
16787,2736500
16788,2833000
16789,3106300
16790,3033400
16791,3540500
16792,2595100
16793,2789900
16794,2752200
16795,2822200
16796,3207600
16797,3233900
16798,2978900
16799,2628900
16800,2690200
16801,2941700
16802,3244500
16803,2636300
16804,2802100
16805,2858100
16806,2854000
16807,3215200
16808,2892100
16809,2704800
16810,2733400
16811,3243700
16812,2850800
16813,2815000
16814,3277000
16815,2688600
16816,2772100
16817,2992700
16818,2743400
16819,3186300
16820,2815100
16821,2767700
16822,2850800
16823,2803500
16824,2831200
16825,3353400
16826,2688000
16827,2747000
16828,3115900
16829,2803500
16830,2966000
16831,2984000
16832,2861900
16833,2721300
16834,2916700
16835,2719400
16836,3016300
16837,3013700
16838,2894800
16839,2849300
16840,2825100
16841,2846700
16842,3231600
16843,2838100
16844,2829400
16845,2998200
16846,2972100
16847,2892700
16848,3256100
16849,2799400
16850,2942600
16851,2739000
16852,2897600
16853,2932400
16854,3284700
16855,2885000
16856,2795900
16857,2853100
16858,2890600
16859,3253900
16860,3021000
16861,2675100
16862,2901500
16863,2829600
16864,3107100
16865,3064700
16866,2912200
16867,3040400
16868,3271700
16869,2466700
16870,2935300
16871,3240800
16872,2863500
16873,2816700
16874,2887700
16875,2833800
16876,3526700
16877,2696700
16878,2758200
16879,2907400
16880,2851700
16881,3264000
16882,2960400
16883,2823600
16884,2767400
16885,3138300
16886,2830400
16887,3037400
16888,3194800
16889,2813600
16890,2868800
16891,2856100
16892,2945300
16893,3552200
16894,2766600
16895,2862700
16896,2854800
16897,3003700
16898,2909000
16899,3244500
16900,2760300
16901,2868600
16902,2889400
16903,2994100
16904,3279800
16905,2787800
16906,3041900
16907,2945300
16908,2979000
16909,2927300
16910,3145100
16911,2761500
16912,2891900
16913,2940700
16914,2777600
16915,2978800
16916,3143400
16917,2890900
16918,3264500
16919,2553000
16920,2726500
16921,3110500
16922,2966000
16923,3143100
16924,2921900
16925,2770200
16926,2992500
16927,3282300
16928,2799300
16929,2877000
16930,2801600
16931,2850800
16932,3041700
16933,3115300
16934,2842500
16935,2867900
16936,2828600
16937,2928400
16938,3376200
16939,2844900
16940,2974800
16941,2826400
16942,2932700
16943,2931200
16944,3341200
16945,2916000
16946,2686800
16947,2888200
16948,2887000
16949,2982200
16950,3339000
16951,2718100
16952,2842400
16953,2875100
16954,2800900
16955,3704400
16956,2540000
16957,2992000
16958,2866800
16959,2885000
16960,2961200
16961,3273700
16962,2713700
16963,2868100
16964,2951300
16965,2747500
16966,3469500
16967,2753700
16968,2809400
16969,2920500
16970,2882600
16971,3090000
16972,2664100
16973,3278100
16974,2772400
16975,2969300
16976,2875300
16977,3383600
16978,2817600
16979,3049500
16980,2894700
16981,2890400
16982,3037700
16983,2818900
16984,3183600
16985,2783400
16986,2881500
16987,3150400
16988,2675800
16989,3303000
16990,2812300
16991,2870700
16992,2934700
16993,2869800
16994,2991400
16995,3204000
16996,2849600
16997,2851300
16998,3120600
16999,2671600
17000,3493200
17001,2957100
17002,2831000
17003,3203300
17004,3174600
17005,3384100
17006,2776600
17007,2646800
17008,2812900
17009,2874000
17010,2905800
17011,2917300
17012,3147500
17013,2848100
17014,3022300
17015,2798900
17016,2812400
17017,3300300
17018,2788200
17019,3104200
17020,2676500
17021,2879400
17022,2880800
17023,3218500
17024,2839500
17025,2850200
17026,3001300
17027,2710100
17028,3009700
17029,3142700
17030,2853800
17031,2859100
17032,2910400
17033,2740900
17034,3387000
17035,3094600
17036,2776100
17037,2801900
17038,2910900
17039,2909000
17040,3454700
17041,2629300
17042,2854600
17043,2876700
17044,2789100
17045,3068400
17046,3085900
17047,2770700
17048,2841100
17049,2884500
17050,2807000
17051,3472500
17052,2935500
17053,2792300
17054,2973400
17055,2704800
17056,3209500
17057,2918000
17058,2766100
17059,2886400
17060,2892600
17061,2846200
17062,3062300
17063,3008800
17064,2765400
17065,2949600
17066,2738600
17067,2976700
17068,3151500
17069,2841400
17070,2865300
17071,2864400
17072,3069900
17073,3105900
17074,3306200
17075,2784400
17076,2885900
17077,2843100
17078,2795200
17079,2982100
17080,3154400
17081,2861900
17082,3125900
17083,2680200
17084,2822400
17085,3322900
17086,2874600
17087,2886200
17088,2834800
17089,2828100
17090,3239900
17091,3018400
17092,2832100
17093,2982000
17094,2788500
17095,3184700
17096,2991200
17097,3225600
17098,3031400
17099,2799300
17100,2949000
17101,3074800
17102,3104100
17103,3052400
17104,2770800
17105,2887700
17106,2911700
17107,2981200
17108,3539400
17109,2597300
17110,2844500
17111,2933900
17112,3175600
17113,3426100
17114,2705800
17115,2842800
17116,2896500
17117,2894900
17118,3258300
17119,3162900
17120,2700900
17121,3016400
17122,2730300
17123,2872000
17124,3135800
17125,3247200
17126,2759700
17127,2846400
17128,2941000
17129,3079300
17130,3080100
17131,2778000
17132,2888400
17133,2855900
17134,3248000
17135,3087900
17136,2868200
17137,2700100
17138,2737000
17139,2801500
17140,3190200
17141,2955200
17142,3254300
17143,2667000
17144,2743600
17145,3093900
17146,3019100
17147,3069900
17148,2831200
17149,2848600
17150,2972400
17151,2692600
17152,3090200
17153,3166100
17154,2676400
17155,2881500
17156,2861900
17157,2867500
17158,2869300
17159,3163500
17160,2768400
17161,3052400
17162,2577600
17163,2958100
17164,3224400
17165,2665600
17166,3082400
17167,2626500
17168,3063100
17169,3071400
17170,2943900
17171,2792300
17172,2918600
17173,2757100
17174,2857200
17175,2944000
17176,3175500
17177,2879100
17178,2996700
17179,2537100
17180,2804100
17181,3015800
17182,3056500
17183,2811000
17184,2784900
17185,2826300
17186,2861200
17187,3091100
17188,3241200
17189,2904700
17190,2825500
17191,2976600
17192,3885900
17193,2589300
17194,3467800
17195,3972800
17196,2809500
17197,1879800
17198,2146500
17199,3186900
17200,2726400
17201,2877600
17202,2896300
17203,2891800
17204,3439900
17205,2568100
17206,3086500
17207,2877200
17208,3239100
17209,2562800
17210,3192700
17211,2793800
17212,2896200
17213,2772900
17214,2917800
17215,3338700
17216,2710400
17217,2858000
17218,2881600
17219,2888000
17220,2858800
17221,3321200
17222,2739200
17223,2815700
17224,2897100
17225,2850200
17226,3299200
17227,3068600
17228,3090500
17229,2841800
17230,2894400
17231,2890100
17232,2867400
17233,3253000
17234,2851400
17235,2982600
17236,2890000
17237,2912300
17238,3144400
17239,2836800
17240,2901200
17241,2895200
17242,2899500
17243,3182600
17244,2966900
17245,3164300
17246,2820500
17247,2904100
17248,2873600
17249,3260000
17250,2803000
17251,2912600
17252,2891300
17253,2847900
17254,2969000
17255,3193500
17256,2812300
17257,2933200
17258,2914000
17259,2789800
17260,3477000
17261,2707800
17262,3067300
17263,3056200
17264,2700800
17265,2934600
17266,3202300
17267,2820000
17268,3101300
17269,2597900
17270,2906500
17271,2969900
17272,3071100
17273,2770200
17274,2970900
17275,2716000
17276,2961600
17277,2937200
17278,3069700
17279,3094400
17280,2624100
17281,2946800
17282,2721900
17283,3397800
17284,2994300
17285,2834300
17286,2815200
17287,2788800
17288,2894400
17289,3289100
17290,3019600
17291,2621500
17292,2808100
17293,2893800
17294,2885100
17295,3312000
17296,2791400
17297,2724900
17298,2869700
17299,2778700
17300,3434600
17301,3104500
17302,2684400
17303,2877500
17304,2808900
17305,3011500
17306,3352200
17307,2705700
17308,2818200
17309,2824400
17310,2789400
17311,3141300
17312,3122800
17313,2713100
17314,2890900
17315,2864800
17316,3001700
17317,3470800
17318,2552600
17319,2842900
17320,2838500
17321,2932800
17322,3146300
17323,3110400
17324,2725400
17325,2853400
17326,2916000
17327,3161300
17328,2947000
17329,3257800
17330,2781300
17331,2959500
17332,2956400
17333,2799900
17334,3658700
17335,2794500
17336,2882600
17337,2871900
17338,2938800
17339,3142300
17340,3324800
17341,2785200
17342,2962200
17343,2860400
17344,3148900
17345,3397300
17346,2802100
17347,2941200
17348,3209800
17349,3074000
17350,2896900
17351,3083800
17352,2696600
17353,2789800
17354,2967200
17355,2854100
17356,3010200
17357,3254600
17358,2802200
17359,3038800
17360,2784500
17361,3045600
17362,3183100
17363,2868400
17364,2980400
17365,2791900
17366,3005900
17367,2858000
17368,3248500
17369,3087700
17370,2740800
17371,2878800
17372,2896000
17373,3421000
17374,2816400
17375,3007600
17376,2823800
17377,2916800
17378,3060700
17379,3276600
17380,2732900
17381,2831400
17382,3175800
17383,2772300
17384,2991100
17385,3267400
17386,2762000
17387,2890400
17388,2817600
17389,2930500
17390,3241900
17391,2847100
17392,2818200
17393,2929500
17394,2760900
17395,3341200
17396,2929100
17397,2715900
17398,2807800
17399,3183000
17400,2802200
17401,3576600
17402,2636000
17403,2740600
17404,2868600
17405,2855300
17406,2852900
17407,3355900
17408,2679300
17409,2871800
17410,2806800
17411,2931200
17412,3151000
17413,3220800
17414,2702700
17415,2834000
17416,2932400
17417,3042300
17418,3302100
17419,2762100
17420,2826500
17421,2831200
17422,2860100
17423,3069100
17424,3101800
17425,2767900
17426,2884500
17427,2805800
17428,2863800
17429,2963800
17430,3074100
17431,2793500
17432,2909600
17433,2789200
17434,3299000
17435,2591400
17436,3134100
17437,2846900
17438,3196300
17439,2943500
17440,2725300
17441,3225600
17442,2849300
17443,2806200
17444,2884500
17445,2896400
17446,2865200
17447,3496300
17448,2728200
17449,2877800
17450,3085000
17451,2643000
17452,3056500
17453,3100500
17454,2845800
17455,3321800
17456,2668400
17457,2892900
17458,3296200
17459,2781800
17460,2888200
17461,2920400
17462,2788100
17463,3071600
17464,3100600
17465,2837400
17466,3038500
17467,2847700
17468,2689600
17469,3028300
17470,3149800
17471,2795700
17472,3378200
17473,2894900
17474,2796900
17475,3084900
17476,2824600
17477,2940400
17478,2817100
17479,2816600
17480,3007000
17481,3173300
17482,3106500
17483,2973400
17484,2913100
17485,2869800
17486,3121500
17487,2827000
17488,3012400
17489,2793100
17490,2954400
17491,3088400
17492,3056200
17493,2999000
17494,2660800
17495,2875100
17496,2858900
17497,3027400
17498,3398800
17499,2556500
17500,2695200
17501,2872300
17502,2768700
17503,2925200
17504,3310400
17505,2793400
17506,2782200
17507,2834100
17508,2907300
17509,3438300
17510,2809800
17511,2885400
17512,2840500
17513,2828300
17514,2958600
17515,3205400
17516,2799300
17517,2770300
17518,2898600
17519,2899400
17520,3062300
17521,3074600
17522,2745100
17523,2818700
17524,2855000
17525,2883500
17526,3565600
17527,2782500
17528,2790200
17529,3073900
17530,2906900
17531,2989300
17532,3066800
17533,2817900
17534,2812600
17535,2853300
17536,3099800
17537,2730100
17538,3196200
17539,2808200
17540,2773700
17541,3011200
17542,2743700
17543,3225600
17544,2871400
17545,2790500
17546,2816700
17547,2908200
17548,3361200
17549,2775800
17550,3084900
17551,2783900
17552,2853600
17553,2827500
17554,3255500
17555,2770600
17556,2921300
17557,2955600
17558,2760300
17559,2888100
17560,3363800
17561,2877400
17562,2915500
17563,2754500
17564,2894600
17565,3136800
17566,3130200
17567,2960700
17568,2905500
17569,2829600
17570,2880400
17571,3057900
17572,3190700
17573,2835400
17574,2878400
17575,2824500
17576,2910000
17577,3300800
17578,3008700
17579,2717400
17580,2882600
17581,2849800
17582,2994400
17583,3255400
17584,2797400
17585,2863900
17586,2878700
17587,2893300
17588,3444100
17589,3161900
17590,2706300
17591,2847200
17592,2896500
17593,2987100
17594,3292100
17595,2795300
17596,2816300
17597,2829300
17598,2861600
17599,3180000
17600,3218400
17601,2731800
17602,2845600
17603,2860900
17604,2868300
17605,3269400
17606,3164700
17607,2754100
17608,2878000
17609,2883300
17610,2857800
17611,3320600
17612,2680000
17613,2854600
17614,2870700
17615,2802700
17616,3064100
17617,3130800
17618,2739600
17619,2841600
17620,2853300
17621,3046000
17622,3204700
17623,2967300
17624,2840200
17625,2760600
17626,2850900
17627,3107300
17628,3153000
17629,2735900
17630,2809600
17631,2855000
17632,3145900
17633,2798500
17634,3269200
17635,2836300
17636,2845600
17637,2968500
17638,2730100
17639,3286300
17640,2681800
17641,2858700
17642,2914900
17643,2967100
17644,2816200
17645,3460800
17646,2760000
17647,2835800
17648,2843900
17649,2786000
17650,3040800
17651,3134000
17652,2727700
17653,3151100
17654,2638500
17655,2746200
17656,2998600
17657,3077700
17658,2787500
17659,3206100
17660,2661900
17661,2725200
17662,3008800
17663,3076500
17664,2994200
17665,2709100
17666,3125700
17667,2994800
17668,3072300
17669,2800600
17670,2987400
17671,2770900
17672,2877800
17673,3290100
17674,3112900
17675,2839400
17676,2817200
17677,2906500
17678,3048000
17679,3317000
17680,2896600
17681,2821500
17682,2859100
17683,2860200
17684,3032800
17685,3131000
17686,2885800
17687,2864600
17688,2902700
17689,2898000
17690,3272400
17691,3248500
17692,2636800
17693,2752600
17694,2932700
17695,2984300
17696,3598400
17697,2649900
17698,2981200
17699,2773500
17700,2863900
17701,2879900
17702,3232800
17703,2831700
17704,2904200
17705,2898700
17706,2912800
17707,3417600
17708,2818800
17709,2866900
17710,2995300
17711,2844300
17712,3363100
17713,3381000
17714,2823900
17715,2958200
17716,2834500
17717,3105300
17718,3272600
17719,2805300
17720,2863600
17721,2839900
17722,2955900
17723,2951900
17724,3169500
17725,2965000
17726,2831100
17727,2910200
17728,2967000
17729,2889600
17730,3316800
17731,2739200
17732,2928300
17733,2904800
17734,3054300
17735,3436000
17736,2738900
17737,2885300
17738,2846200
17739,2896700
17740,2961700
17741,3281500
17742,2785000
17743,2868600
17744,3019500
17745,2829500
17746,3300100
17747,2766800
17748,2862900
17749,2828900
17750,2860200
17751,2927200
17752,3269200
17753,2719900
17754,2851100
17755,2956700
17756,2799400
17757,3086600
17758,3096300
17759,2745400
17760,3156800
17761,2789400
17762,2822900
17763,2981500
17764,3154000
17765,2810300
17766,2818500
17767,2857100
17768,2851600
17769,3284500
17770,2754800
17771,2944600
17772,2718100
17773,2910400
17774,3148400
17775,2921300
17776,2906700
17777,2768600
17778,3052100
17779,2794700
17780,2953500
17781,3386000
17782,2654900
17783,2749700
17784,2818200
17785,2908700
17786,3346300
17787,2724600
17788,2824400
17789,2823400
17790,2895100
17791,2995100
17792,3353300
17793,2482900
17794,2801600
17795,3165000
17796,2839600
17797,2908300
17798,3194100
17799,2793800
17800,2850600
17801,2916200
17802,2806800
17803,3545500
17804,2575700
17805,2818700
17806,2911100
17807,2942100
17808,2807300
17809,3696500
17810,2594700
17811,2895900
17812,3046500
17813,2753600
17814,3163100
17815,3074600
17816,2852300
17817,2940300
17818,2924000
17819,2906600
17820,3560800
17821,2774300
17822,2946200
17823,2914800
17824,2847900
17825,3422100
17826,3112800
17827,2836900
17828,2826500
17829,2825000
17830,3021000
17831,2906700
17832,3135300
17833,3286400
17834,2799400
17835,2910200
17836,3089500
17837,3147600
17838,2805500
17839,3001500
17840,3060300
17841,2672000
17842,2959100
17843,3196900
17844,2878200
17845,2890600
17846,2984300
17847,2793200
17848,3268300
17849,2812000
17850,2887400
17851,3100900
17852,2715900
17853,3037200
17854,3352500
17855,3075700
17856,2894700
17857,2949800
17858,2718700
17859,3288500
17860,2784700
17861,3153100
17862,2535800
17863,2864200
17864,2982100
17865,3153200
17866,2836700
17867,2975400
17868,2720200
17869,2847300
17870,3066100
17871,3075000
17872,3123000
17873,2755300
17874,2825700
17875,3249600
17876,3405700
17877,3190200
17878,4350700
17879,3308800
17880,1983800
17881,1959200
17882,3246400
17883,2707100
17884,2797400
17885,2833700
17886,2820000
17887,3363500
17888,2904900
17889,2926300
17890,2774300
17891,2822700
17892,2940300
17893,3406900
17894,2650200
17895,2792900
17896,2865500
17897,2793900
17898,3022300
17899,3070200
17900,2715900
17901,2902000
17902,2730600
17903,2817100
17904,3312300
17905,2937000
17906,2934200
17907,2852100
17908,2742600
17909,2863000
17910,2968300
17911,3156100
17912,2726800
17913,2791400
17914,2853300
17915,3104100
17916,2946000
17917,2817500
17918,2784300
17919,2789400
17920,2829500
17921,3057000
17922,3095400
17923,2817600
17924,2804400
17925,2867700
17926,3003300
17927,2958800
17928,3451100
17929,2757000
17930,2868300
17931,3130000
17932,2784600
17933,3198400
17934,2695900
17935,2941600
17936,2819600
17937,2916900
17938,2978400
17939,3217500
17940,2723000
17941,2944200
17942,3029800
17943,2698900
17944,3161600
17945,3363100
17946,2803900
17947,3125600
17948,2758900
17949,2908700
17950,3206200
17951,2811400
17952,3124300
17953,2704600
17954,2929400
17955,2975500
17956,3278900
17957,2850800
17958,2910400
17959,2843900
17960,2959000
17961,3276900
17962,2908900
17963,3161800
17964,2640400
17965,2882100
17966,3272100
17967,3430200
17968,2946400
17969,2781500
17970,2871900
17971,2878500
17972,3353100
17973,2896100
17974,2955200
17975,2807900
17976,2867100
17977,2988500
17978,3240600
17979,3034700
17980,2702700
17981,2851900
17982,2913800
17983,3074800
17984,3109000
17985,2918900
17986,2761500
17987,2872600
17988,3331300
17989,3327000
17990,2733800
17991,2781900
17992,2890900
17993,2912100
17994,2927000
17995,3246400
17996,2684900
17997,2904800
17998,2860300
17999,2858200
18000,3973400
18001,2539300
18002,2745000
18003,2837800
18004,2825500
18005,2923800
18006,3511400
18007,2716400
18008,2827700
18009,2838000
18010,2866100
18011,3031300
18012,3191400
18013,2698500
18014,2860300
18015,2825900
18016,3086600
18017,3131400
18018,2802000
18019,2889500
18020,2767400
18021,3028300
18022,3034700
18023,3142900
18024,2699600
18025,2815300
18026,3165800
18027,2917000
18028,3001100
18029,3059300
18030,2795900
18031,2907200
18032,2873500
18033,3164200
18034,3149200
18035,2719700
18036,2830900
18037,2910000
18038,2930700
18039,2948700
18040,3427500
18041,2784900
18042,2863400
18043,3199800
18044,3176000
18045,2866500
18046,2909000
18047,2749600
18048,2842800
18049,2900100
18050,2883000
18051,3293200
18052,2801800
18053,3146700
18054,2672900
18055,2875800
18056,3277700
18057,2925100
18058,2797700
18059,2949100
18060,3164100
18061,2814000
18062,3035400
18063,3137200
18064,3023600
18065,2716000
18066,2838200
18067,3017200
18068,3220200
18069,2864700
18070,2910900
18071,2783900
18072,2867700
18073,3150000
18074,3028900
18075,3091300
18076,2667500
18077,2940600
18078,3034100
18079,3441600
18080,2910700
18081,2749800
18082,2944600
18083,2808800
18084,3000700
18085,3328200
18086,2716400
18087,2784700
18088,2839600
18089,2969000
18090,2941300
18091,3133900
18092,2819000
18093,2895400
18094,2862800
18095,2919500
18096,3454800
18097,2698000
18098,2733700
18099,3144700
18100,2819300
18101,3284200
18102,2827400
18103,2875500
18104,2844800
18105,2835500
18106,2842900
18107,3041200
18108,3107000
18109,2808600
18110,2858800
18111,2835000
18112,2915000
18113,3437000
18114,2659100
18115,2816900
18116,2922600
18117,3049800
18118,2804700
18119,3137000
18120,2826800
18121,3020900
18122,2781800
18123,2878700
18124,2992100
18125,3126400
18126,2793600
18127,2844600
18128,3044000
18129,2624400
18130,3016400
18131,3074800
18132,2807200
18133,2946800
18134,2800800
18135,2991800
18136,3156200
18137,2785900
18138,3414300
18139,2709700
18140,2890000
18141,2888400
18142,3032200
18143,2839400
18144,2843900
18145,2860300
18146,2881600
18147,2924900
18148,3178800
18149,3288000
18150,2831600
18151,2726200
18152,2771000
18153,3219300
18154,2750900
18155,3195400
18156,2792800
18157,2908200
18158,2883400
18159,3212700
18160,2840600
18161,2871300
18162,2867400
18163,2813000
18164,3286600
18165,2986500
18166,2954400
18167,3007500
18168,2812200
18169,2741700
18170,3298000
18171,2931900
18172,2696400
18173,2839700
18174,2935000
18175,3090300
18176,3257000
18177,2836200
18178,2866900
18179,2921500
18180,2933800
18181,3472900
18182,2545400
18183,2828000
18184,2947600
18185,2835900
18186,3084400
18187,3272800
18188,2765600
18189,2944200
18190,2835400
18191,2887400
18192,3377000
18193,3075700
18194,3164500
18195,2772500
18196,2921300
18197,2948100
18198,3270100
18199,2845100
18200,2867500
18201,2873800
18202,2897300
18203,3008700
18204,3216600
18205,2830600
18206,2918000
18207,2913400
18208,2814200
18209,2956000
18210,3219700
18211,3086200
18212,2900400
18213,2749700
18214,2971400
18215,3249000
18216,2783300
18217,3133600
18218,2670300
18219,2901200
18220,2888600
18221,3209900
18222,2644200
18223,2952300
18224,2747200
18225,2907500
18226,3724800
18227,2393000
18228,3102600
18229,2776100
18230,2880000
18231,3154200
18232,3209400
18233,3043300
18234,2698700
18235,2835600
18236,2629100
18237,2908600
18238,3078600
18239,2837300
18240,2809000
18241,2811300
18242,2844500
18243,2968300
18244,3132200
18245,2807200
18246,2765600
18247,2873000
18248,2919800
18249,3380000
18250,2947000
18251,2747100
18252,2796000
18253,2813800
18254,2878800
18255,3233700
18256,2639800
18257,2730100
18258,2932600
18259,2828700
18260,2890900
18261,3218200
18262,2756400
18263,2872000
18264,2770400
18265,2916900
18266,3431500
18267,2921700
18268,2779600
18269,2844100
18270,2925400
18271,3066200
18272,3090400
18273,2717500
18274,2783700
18275,2877800
18276,2845600
18277,2973000
18278,3115200
18279,2794400
18280,2851400
18281,2900700
18282,2913100
18283,3203000
18284,2814100
18285,2750100
18286,2916000
18287,3230700
18288,2978500
18289,2985200
18290,2869400
18291,2845400
18292,2881700
18293,2905200
18294,2993500
18295,3117700
18296,2796700
18297,2874100
18298,3016200
18299,2728500
18300,3080500
18301,3265400
18302,2840200
18303,3127800
18304,2664600
18305,3062700
18306,3323200
18307,2819000
18308,3057200
18309,2682500
18310,2893300
18311,2960800
18312,3165700
18313,2834700
18314,3032300
18315,2711600
18316,2839000
18317,3537300
18318,2816300
18319,3052400
18320,2687400
18321,2855700
18322,3072600
18323,3138700
18324,2857300
18325,2809100
18326,2851500
18327,3110300
18328,2961200
18329,3345600
18330,2757400
18331,2830900
18332,2837900
18333,2902000
18334,3318800
18335,2798300
18336,2850800
18337,2831200
18338,2879600
18339,2908700
18340,3639000
18341,2592000
18342,2849800
18343,2800300
18344,2881800
18345,3231300
18346,2931700
18347,2868300
18348,2774700
18349,3114800
18350,3099000
18351,3152600
18352,2781900
18353,2867600
18354,2858900
18355,2830000
18356,3035400
18357,3079000
18358,2879800
18359,2778000
18360,2869300
18361,2981800
18362,2942400
18363,3057900
18364,2842900
18365,2837900
18366,3293300
18367,2746200
18368,3191100
18369,2798700
18370,2945400
18371,2757000
18372,2981900
18373,2966100
18374,3355400
18375,2822200
18376,2819000
18377,3123800
18378,2784200
18379,3136000
18380,2803500
18381,2931300
18382,2995000
18383,2656500
18384,2918100
18385,3272700
18386,2814300
18387,2831800
18388,3321400
18389,3112600
18390,2708900
18391,2826200
18392,2845900
18393,2834900
18394,2805900
18395,2879700
18396,2928300
18397,3230200
18398,2930700
18399,2977600
18400,2989200
18401,2856800
18402,3213300
18403,2876500
18404,2841800
18405,2882300
18406,2846600
18407,3024100
18408,3119300
18409,3000200
18410,2719600
18411,2921300
18412,2893700
18413,3294300
18414,3143800
18415,2758400
18416,2769100
18417,3145500
18418,2929500
18419,3250500
18420,2837400
18421,2918000
18422,2823900
18423,2922900
18424,2947800
18425,3316000
18426,2769300
18427,2838700
18428,2847700
18429,2874000
18430,3513600
18431,2696900
18432,2891200
18433,2868800
18434,2817200
18435,3037400
18436,3151400
18437,2814600
18438,2944100
18439,2815000
18440,2878600
18441,3221600
18442,2989200
18443,3237700
18444,2757100
18445,2900300
18446,3027900
18447,3296800
18448,2729100
18449,2937600
18450,2875100
18451,2976800
18452,2971400
18453,3081300
18454,2798900
18455,2892600
18456,3152600
18457,2565300
18458,3095100
18459,3017200
18460,3189000
18461,2807500
18462,2870300
18463,3044400
18464,3136300
18465,2782500
18466,2973600
18467,3002800
18468,2605400
18469,2978600
18470,3115500
18471,2803900
18472,2887300
18473,2915000
18474,2823600
18475,3011800
18476,3171900
18477,3152400
18478,2747400
18479,2820400
18480,2980500
18481,3184700
18482,2714500
18483,3135800
18484,2617200
18485,2810700
18486,3087300
18487,3088300
18488,2862800
18489,3874200
18490,2854500
18491,2536000
18492,2586400
18493,2917600
18494,3219400
18495,2450500
18496,2709500
18497,2885400
18498,3242700
18499,3089000
18500,2818600
18501,2795500
18502,2782900
18503,3370600
18504,2835900
18505,2837300
18506,2928400
18507,2956200
18508,2669100
18509,2821900
18510,3232200
18511,2858800
18512,2745300
18513,2820200
18514,2851700
18515,3315500
18516,2988200
18517,2827800
18518,2976300
18519,2743800
18520,3005600
18521,3294500
18522,2651500
18523,2829800
18524,2829500
18525,2846500
18526,3249200
18527,3156500
18528,2885300
18529,2798100
18530,2828500
18531,2959000
18532,3220900
18533,3192900
18534,2844700
18535,2872200
18536,2879500
18537,3079300
18538,3054800
18539,2794100
18540,2933600
18541,2903300
18542,3049400
18543,2836600
18544,3167400
18545,2811100
18546,2897100
18547,2856600
18548,2968500
18549,3218200
18550,2788900
18551,2887000
18552,2889900
18553,3438200
18554,2606000
18555,3644700
18556,3261600
18557,2304800
18558,3595300
18559,4496500
18560,2977100
18561,1843500
18562,2055200
18563,2978500
18564,2704500
18565,3003600
18566,3488400
18567,2470300
18568,2930100
18569,3079600
18570,2638500
18571,2975300
18572,3320000
18573,2766100
18574,2922900
18575,2801500
18576,2923900
18577,3328600
18578,2751500
18579,2879000
18580,2804700
18581,2856800
18582,2970400
18583,3110600
18584,3140000
18585,2678700
18586,2723100
18587,2810900
18588,3207800
18589,3190400
18590,2827500
18591,2801500
18592,2800500
18593,2848800
18594,2901000
18595,3262700
18596,2704000
18597,2845300
18598,2873300
18599,2957400
18600,3469700
18601,2654700
18602,2918100
18603,2767100
18604,2903800
18605,2832100
18606,3472600
18607,2584700
18608,2808600
18609,2894000
18610,3128800
18611,3482300
18612,2577400
18613,2877500
18614,2798900
18615,2863900
18616,2981500
18617,3294800
18618,2660500
18619,2904400
18620,2782600
18621,2876000
18622,3300800
18623,2897900
18624,2746300
18625,2901500
18626,2843300
18627,3121800
18628,2925300
18629,3065300
18630,2723100
18631,2883900
18632,3113400
18633,3053100
18634,3255600
18635,2773900
18636,2911800
18637,2851400
18638,2981500
18639,2860400
18640,3230700
18641,2710600
18642,2939700
18643,2834700
18644,2932100
18645,3303000
18646,2749200
18647,2916900
18648,2849400
18649,3022100
18650,2797600
18651,3209800
18652,2795900
18653,3090600
18654,3124800
18655,2736300
18656,2938200
18657,3429100
18658,2757300
18659,2996900
18660,2769900
18661,2871900
18662,3290400
18663,2868800
18664,2974600
18665,2808900
18666,3075100
18667,2910600
18668,3203700
18669,2873800
18670,2880600
18671,2755900
18672,2901900
18673,3347300
18674,3024100
18675,2973000
18676,2771600
18677,2868000
18678,2906000
18679,3299900
18680,3101700
18681,2847100
18682,2607200
18683,2861000
18684,3083400
18685,3009300
18686,2863900
18687,2806100
18688,3116900
18689,2792300
18690,2973400
18691,3269400
18692,2759500
18693,2774900
18694,2911900
18695,2897400
18696,3364300
18697,2649800
18698,2866600
18699,2802400
18700,2851700
18701,2971400
18702,3336400
18703,2713100
18704,2748400
18705,3090000
18706,2907600
18707,3349300
18708,2719900
18709,2909600
18710,2772000
18711,2898400
18712,2919900
18713,3397800
18714,2815600
18715,2767100
18716,2888100
18717,2888300
18718,3343900
18719,2894800
18720,2710500
18721,2860000
18722,2843200
18723,2984500
18724,2868700
18725,3188200
18726,2735200
18727,2933100
18728,2876700
18729,2900700
18730,3223400
18731,2862300
18732,2781300
18733,2864500
18734,3200000
18735,3334400
18736,2918900
18737,2468800
18738,2850500
18739,2999100
18740,2721200
18741,3242000
18742,2837200
18743,2736000
18744,3341000
18745,2726300
18746,2921500
18747,3428000
18748,2733700
18749,2822400
18750,2839000
18751,2882600
18752,2915500
18753,3221600
18754,2773300
18755,2933800
18756,2761500
18757,2907600
18758,2982800
18759,3123800
18760,3009500
18761,2787400
18762,2777500
18763,2838800
18764,3298400
18765,3102000
18766,2849800
18767,2849500
18768,2897000
18769,3120000
18770,3041900
18771,2940000
18772,2779000
18773,2845500
18774,2872500
18775,3330700
18776,3067100
18777,2614900
18778,3089300
18779,2866800
18780,2905700
18781,3469300
18782,2667100
18783,2834900
18784,2967600
18785,2752100
18786,3022400
18787,3428900
18788,2668800
18789,2950300
18790,2823300
18791,2888100
18792,3077200
18793,3120200
18794,2732000
18795,2854900
18796,2935300
18797,3314100
18798,3055300
18799,3069700
18800,2918000
18801,2760300
18802,2891000
18803,3053600
18804,3118000
18805,2780300
18806,2880500
18807,2859600
18808,2838200
18809,3298200
18810,2817000
18811,2769800
18812,2903400
18813,2887400
18814,2825100
18815,3309300
18816,2782200
18817,2839900
18818,2871600
18819,2992500
18820,2865100
18821,3566700
18822,2715900
18823,2882300
18824,2880800
18825,2890200
18826,3310000
18827,2721000
18828,2885100
18829,3270800
18830,2855200
18831,2662200
18832,3183800
18833,2671400
18834,2879100
18835,2920600
18836,2766100
18837,3081200
18838,3388800
18839,2737500
18840,2900700
18841,2801400
18842,2859100
18843,3262800
18844,2846200
18845,2986400
18846,3012600
18847,2871100
18848,3058100
18849,3017600
18850,2729900
18851,2860900
18852,2907100
18853,2786600
18854,3137500
18855,3331800
18856,2905200
18857,2884700
18858,2682900
18859,2895100
18860,3638600
18861,2760100
18862,2785400
18863,2806100
18864,2833600
18865,2949300
18866,3205000
18867,2803300
18868,2910900
18869,2822100
18870,2917700
18871,3015100
18872,3277700
18873,2670600
18874,2870300
18875,2863000
18876,2904600
18877,3479900
18878,2603600
18879,2819700
18880,2911500
18881,3123000
18882,3023000
18883,3272900
18884,2695600
18885,2856700
18886,2858800
18887,2884100
18888,3033500
18889,3140800
18890,2747000
18891,2839900
18892,2873000
18893,3307800
18894,3019400
18895,2749000
18896,2809400
18897,2878800
18898,3082700
18899,3069500
18900,3115800
18901,2869500
18902,2810900
18903,2846400
18904,2943800
18905,3218800
18906,3118800
18907,2515600
18908,2839400
18909,3057200
18910,2701400
18911,3166100
18912,2754900
18913,2936800
18914,2738900
18915,2923900
18916,3049700
18917,3004400
18918,2731800
18919,2961000
18920,3143000
18921,2706800
18922,2884800
18923,3170100
18924,2813700
18925,2928400
18926,2736400
18927,2820700
18928,2964700
18929,3110500
18930,2863900
18931,2874500
18932,2775200
18933,2855700
18934,3316000
18935,2746700
18936,3024400
18937,2961100
18938,2792300
18939,2953400
18940,3152300
18941,2844500
18942,2837300
18943,2817800
18944,2903200
18945,2951500
18946,3209600
18947,2993500
18948,2712400
18949,2779700
18950,3179900
18951,3059700
18952,3010900
18953,2683800
18954,3049000
18955,2984800
18956,2930600
18957,3145300
18958,2962000
18959,2815400
18960,2930600
18961,2882300
18962,3326400
18963,3119300
18964,2665100
18965,2845100
18966,2877100
18967,2982200
18968,3543700
18969,2679300
18970,2788600
18971,2905200
18972,2922300
18973,3168000
18974,3142600
18975,2906800
18976,3159300
18977,2875900
18978,3038400
18979,3320200
18980,2792800
18981,2913000
18982,2829900
18983,2868100
18984,3145800
18985,3094300
18986,2939100
18987,2822400
18988,2917300
18989,3218800
18990,3053800
18991,2835900
18992,2902200
18993,3223500
18994,2791000
18995,3158500
18996,3114800
18997,2917400
18998,2805800
18999,2844700
19000,3177200
19001,2946800
19002,3195100
19003,2918900
19004,2821800
19005,3160200
19006,2875100
19007,3433800
19008,2733700
19009,2863800
19010,3421200
19011,2631700
19012,3013400
19013,3165500
19014,2804000
19015,2915600
19016,2930800
19017,2884600
19018,3272700
19019,2832200
19020,2838200
19021,3204700
19022,2691300
19023,2786800
19024,3255900
19025,2766200
19026,3037300
19027,2672900
19028,2882500
19029,3037600
19030,3081200
19031,3036400
19032,2887200
19033,2844100
19034,2873200
19035,3321100
19036,2728000
19037,2866100
19038,2794000
19039,2977000
19040,2961300
19041,3160500
19042,2783800
19043,2838700
19044,2793800
19045,2862600
19046,3014000
19047,3397000
19048,2846100
19049,2846200
19050,2804000
19051,2925400
19052,3274300
19053,2797100
19054,2824600
19055,2788600
19056,2891200
19057,2936000
19058,3364700
19059,2771300
19060,2685100
19061,2785100
19062,2887000
19063,3203400
19064,2914400
19065,2809700
19066,2776300
19067,2846000
19068,2864400
19069,3399100
19070,2668300
19071,2809400
19072,2875600
19073,2809800
19074,3082000
19075,3120900
19076,2740700
19077,2895000
19078,2942000
19079,2730000
19080,3383500
19081,3511500
19082,2533100
19083,2576200
19084,2798700
19085,2991100
19086,3419600
19087,3146700
19088,2753000
19089,2886100
19090,2940900
19091,3112600
19092,3129400
19093,2767600
19094,2917300
19095,2921800
19096,2985300
19097,3324500
19098,2801600
19099,2864800
19100,2949100
19101,2978900
19102,2943900
19103,3219100
19104,3115300
19105,2886300
19106,3141800
19107,2639900
19108,3009700
19109,3258200
19110,2794200
19111,2953300
19112,3139500
19113,2703300
19114,3540100
19115,2798400
19116,2892700
19117,3047400
19118,2777800
19119,3193800
19120,3136800
19121,3048300
19122,3011800
19123,2731900
19124,2910700
19125,3311800
19126,2922700
19127,2992000
19128,2848000
19129,2815700
19130,3052200
19131,3170300
19132,2864000
19133,2903200
19134,2850700
19135,2933500
19136,2913800
19137,3260900
19138,2919700
19139,2801500
19140,2908900
19141,2919200
19142,3728400
19143,2688900
19144,2784800
19145,2939500
19146,2803100
19147,2982400
19148,3327700
19149,2685300
19150,2918300
19151,2848900
19152,2888200
19153,3520300
19154,2621900
19155,2865500
19156,2867300
19157,2776800
19158,3044700
19159,3606600
19160,2692300
19161,2838000
19162,2882100
19163,2826000
19164,3020000
19165,3212300
19166,2729400
19167,2814500
19168,2881900
19169,3131400
19170,3111500
19171,2978900
19172,2637000
19173,2711300
19174,2830500
19175,2963500
19176,3123500
19177,2790100
19178,2845100
19179,2794100
19180,3127300
19181,2724900
19182,3176100
19183,2680500
19184,2797100
19185,3096600
19186,3045600
19187,3203000
19188,3229100
19189,2623800
19190,2771000
19191,2843200
19192,2945300
19193,3128000
19194,2710600
19195,2910800
19196,2766500
19197,2999900
19198,3142300
19199,3142700
19200,2686700
19201,2862600
19202,2920500
19203,2695000
19204,3071400
19205,2993300
19206,2858500
19207,2940300
19208,2711300
19209,2935700
19210,2841100
19211,3179000
19212,2955600
19213,2758800
19214,2781600
19215,2991300
19216,3125700
19217,2786500
19218,2899000
19219,2819800
19220,3125000
19221,3024200
19222,3057100
19223,3041900
19224,2658500
19225,2864400
19226,2849800
19227,3145100
19228,3178600
19229,2937900
19230,2770800
19231,2900500
19232,2964100
19233,3172800
19234,3070800
19235,2678300
19236,3087700
19237,3578100
19238,2574600
19239,4240500
19240,3992400
19241,2661500
19242,1778700
19243,2296700
19244,3153000
19245,3106300
19246,2516500
19247,2965000
19248,2795700
19249,2922800
19250,3433700
19251,2622100
19252,2868300
19253,2809700
19254,3121800
19255,3447700
19256,2680600
19257,2879600
19258,2800300
19259,2837800
19260,2900400
19261,3385800
19262,2634000
19263,2931800
19264,2801300
19265,2894500
19266,3110500
19267,3103700
19268,2753700
19269,2879300
19270,2770700
19271,2931800
19272,3055500
19273,3024100
19274,2802400
19275,2809700
19276,3145600
19277,2927800
19278,3193500
19279,2847300
19280,2847100
19281,2845000
19282,2947700
19283,2991900
19284,3038300
19285,2906600
19286,2756900
19287,2863300
19288,2895200
19289,2995300
19290,3165000
19291,2777200
19292,2902500
19293,2929300
19294,2784100
19295,3322700
19296,2816900
19297,3094100
19298,2903700
19299,2830700
19300,3124100
19301,3244600
19302,2802600
19303,3087100
19304,2685000
19305,2826600
19306,3329800
19307,2839300
19308,2849800
19309,2923900
19310,2818900
19311,3035700
19312,3184200
19313,2802100
19314,3085400
19315,2892300
19316,2914900
19317,2885300
19318,3300000
19319,2837300
19320,2793600
19321,2872200
19322,2925800
19323,3291500
19324,3001900
19325,2688400
19326,2950100
19327,2827400
19328,3192100
19329,2979600
19330,2951300
19331,2830600
19332,3068200
19333,2884200
19334,3482100
19335,2977500
19336,2788500
19337,2754900
19338,2897700
19339,2902000
19340,3564100
19341,2662600
19342,2991700
19343,2769000
19344,2942900
19345,3319600
19346,2916900
19347,2792000
19348,3018000
19349,2998500
19350,2812700
19351,3041700
19352,3153500
19353,2884400
19354,2872000
19355,2851500
19356,3148900
19357,3030500
19358,2816300
19359,2954800
19360,2781600
19361,3123800
19362,2976800
19363,3176900
19364,2779900
19365,2880400
19366,2849300
19367,2920000
19368,3252900
19369,2769700
19370,3112200
19371,2775800
19372,2957900
19373,2793000
19374,3427100
19375,2775400
19376,2941300
19377,2838800
19378,2765900
19379,2926200
19380,3177100
19381,2839000
19382,2965800
19383,2690100
19384,2853100
19385,3426700
19386,2718800
19387,2982600
19388,2868000
19389,2802300
19390,2904100
19391,3211300
19392,2830000
19393,2871100
19394,2739000
19395,2855200
19396,2925300
19397,3101500
19398,2822900
19399,3166300
19400,2587300
19401,2747200
19402,2971200
19403,3122600
19404,2807700
19405,2774500
19406,2803500
19407,2887300
19408,3129400
19409,3043300
19410,2576100
19411,2789700
19412,2828900
19413,2951200
19414,3438900
19415,2829000
19416,2794200
19417,2819400
19418,2856600
19419,2975500
19420,3385100
19421,2592000
19422,3336100
19423,2609900
19424,2873200
19425,3657300
19426,2680300
19427,2825100
19428,2926000
19429,2769600
19430,3263700
19431,2920000
19432,2832600
19433,2856400
19434,2917000
19435,2885500
19436,3085600
19437,3197400
19438,2856800
19439,2846100
19440,2909800
19441,3335900
19442,3082100
19443,3096200
19444,2940200
19445,2970400
19446,3111500
19447,3016700
19448,3202400
19449,2905200
19450,2975000
19451,3214500
19452,2927500
19453,3166800
19454,2855900
19455,2973700
19456,3116800
19457,2807900
19458,3059000
19459,3232100
19460,2919400
19461,2990400
19462,2976800
19463,2942400
19464,3445400
19465,2919400
19466,2906200
19467,2927300
19468,2993400
19469,3005500
19470,3275300
19471,2872300
19472,2979000
19473,2980900
19474,2847900
19475,3366500
19476,2878100
19477,2984600
19478,2940100
19479,2843000
19480,3268000
19481,3240400
19482,3135500
19483,2676200
19484,2840900
19485,2949300
19486,3452900
19487,2880800
19488,2925800
19489,2848200
19490,2850400
19491,3103200
19492,3268000
19493,2818600
19494,2813400
19495,2872300
19496,2862300
19497,3250400
19498,3094900
19499,2632300
19500,2906100
19501,2801800
19502,3178100
19503,3599600
19504,2770600
19505,2956300
19506,2603600
19507,2734000
19508,2957300
19509,3235900
19510,2824400
19511,2721700
19512,2868800
19513,2868600
19514,3136800
19515,2907500
19516,2957000
19517,2724700
19518,2851200
19519,2998600
19520,3232700
19521,2732400
19522,2751600
19523,2901500
19524,3106600
19525,3301300
19526,3436800
19527,2701200
19528,2730000
19529,2742100
19530,2840600
19531,3226900
19532,2795100
19533,2744200
19534,2935200
19535,2895100
19536,2835200
19537,2778900
19538,3104100
19539,2829200
19540,2777400
19541,3243100
19542,2768500
19543,2992100
19544,2714600
19545,2761200
19546,2858100
19547,2820600
19548,2892100
19549,3242800
19550,2692500
19551,2869800
19552,2971100
19553,2713100
19554,3302400
19555,2749200
19556,2834900
19557,2823300
19558,2972300
19559,2803400
19560,3182200
19561,3056500
19562,2853800
19563,3177400
19564,2814000
19565,2909700
19566,3256800
19567,2786600
19568,2949200
19569,2790300
19570,2891500
19571,2946000
19572,3235400
19573,2732400
19574,2920500
19575,2764300
19576,3056800
19577,3306000
19578,2711900
19579,2943700
19580,3049200
19581,2887400
19582,2930200
19583,3317200
19584,3099300
19585,2495900
19586,2938300
19587,2850800
19588,3343600
19589,2999800
19590,2653200
19591,2856400
19592,2867100
19593,3007700
19594,3258600
19595,2786500
19596,2773800
19597,3145900
19598,2929100
19599,3316500
19600,3136200
19601,2727600
19602,2897500
19603,2869200
19604,2852200
19605,3002700
19606,3229000
19607,2776400
19608,2891600
19609,2847300
19610,2994800
19611,3197800
19612,2751500
19613,2870800
19614,2878100
19615,2937600
19616,3175700
19617,2969800
19618,2764800
19619,3241500
19620,2733400
19621,2993400
19622,3100000
19623,2895500
19624,2796700
19625,2853200
19626,2824300
19627,3091600
19628,3163000
19629,2816000
19630,2732300
19631,2880700
19632,2999100
19633,3316000
19634,2713600
19635,2769000
19636,3116200
19637,2842300
19638,2807800
19639,3379100
19640,2738800
19641,2817400
19642,3094400
19643,2630000
19644,2999200
19645,3142400
19646,2708100
19647,2983200
19648,2784200
19649,2828600
19650,3070300
19651,3050300
19652,2781900
19653,3188000
19654,2705300
19655,2910700
19656,3307600
19657,2748800
19658,2931300
19659,2769900
19660,2870800
19661,3065900
19662,3100700
19663,3015000
19664,2642800
19665,2883300
19666,2794500
19667,2906700
19668,3258600
19669,2874500
19670,2827700
19671,2824200
19672,2869300
19673,3564100
19674,3018500
19675,2742600
19676,2805000
19677,2883300
19678,3109900
19679,3391700
19680,2690100
19681,2808400
19682,2803100
19683,2910800
19684,2959000
19685,3284200
19686,2743100
19687,2854200
19688,2847400
19689,2847400
19690,3183700
19691,2979100
19692,3073400
19693,2882100
19694,2918900
19695,2954100
19696,3202400
19697,2711900
19698,2921900
19699,2791800
19700,3002100
19701,2974700
19702,3105700
19703,2843500
19704,2835500
19705,3160100
19706,2982000
19707,3271000
19708,2715800
19709,2850900
19710,3138000
19711,2645200
19712,3290600
19713,2848500
19714,3019100
19715,2780300
19716,2947100
19717,2830300
19718,2920400
19719,3206900
19720,2774800
19721,3000900
19722,2789000
19723,2934500
19724,3167500
19725,2814900
19726,2875200
19727,2825700
19728,2823100
19729,3118000
19730,3064900
19731,3242100
19732,2698100
19733,2886200
19734,2855200
19735,3268800
19736,2760500
19737,2879500
19738,2852400
19739,2881200
19740,2958100
19741,3157700
19742,3226400
19743,2585100
19744,2723700
19745,2810200
19746,2974900
19747,3199100
19748,2849000
19749,2809900
19750,2839600
19751,2943400
19752,2883000
19753,3268600
19754,2720100
19755,2849800
19756,2879800
19757,2819500
19758,3246100
19759,2849000
19760,2753400
19761,2883900
19762,2881000
19763,2961500
19764,3344900
19765,2628200
19766,2850600
19767,2820400
19768,2939500
19769,3031600
19770,3249700
19771,3118400
19772,2648300
19773,2693500
19774,3015800
19775,2952400
19776,3178600
19777,2786900
19778,2931200
19779,2773800
19780,3390800
19781,2815300
19782,2870300
19783,2832900
19784,2945500
19785,2795000
19786,3241800
19787,3292200
19788,2784100
19789,2967000
19790,2783600
19791,2885500
19792,3321100
19793,2847600
19794,2961300
19795,2819600
19796,3057800
19797,2917200
19798,3212000
19799,2784000
19800,3049400
19801,2847300
19802,2863800
19803,3040300
19804,3348100
19805,2841900
19806,2975600
19807,2810300
19808,3081000
19809,3219300
19810,2891900
19811,3173000
19812,2633000
19813,2903700
19814,3000500
19815,3189000
19816,2927600
19817,2983900
19818,2855000
19819,2868200
19820,3465000
19821,2871800
19822,2903700
19823,2914200
19824,2907700
19825,3047700
19826,3108800
19827,2995400
19828,2800700
19829,3096300
19830,2962200
19831,2942400
19832,3314800
19833,2814800
19834,2948600
19835,2731700
19836,3048000
19837,3168000
19838,2818800
19839,2907100
19840,2892900
19841,2843300
19842,3085500
19843,3482500
19844,2731900
19845,2965900
19846,2865700
19847,2806400
19848,3473400
19849,2815100
19850,2733800
19851,2727100
19852,2967800
19853,2954000
19854,3074400
19855,2838000
19856,2861500
19857,2830900
19858,2866000
19859,3297500
19860,3002800
19861,2778300
19862,2914900
19863,3033800
19864,3211800
19865,3208000
19866,2960100
19867,2638400
19868,2778600
19869,2806800
19870,3066500
19871,2993100
19872,2767900
19873,2922200
19874,2755800
19875,2849800
19876,3195400
19877,3080600
19878,2783600
19879,2717600
19880,3154000
19881,2690400
19882,2658900
19883,3219500
19884,2758400
19885,3177700
19886,2803400
19887,2923300
19888,3221400
19889,2808300
19890,2848400
19891,2853200
19892,2760600
19893,2920600
19894,3225900
19895,2807600
19896,3033400
19897,2674900
19898,2788900
19899,3045100
19900,3138100
19901,2764400
19902,3137900
19903,2897700
19904,2921200
19905,3219200
19906,2789300
19907,2809700
19908,2861600
19909,2822200
19910,3077000
19911,3115400
19912,2907200
19913,2778900
19914,2834700
19915,2839800
19916,3611500
19917,3356900
19918,2163700
19919,3703800
19920,4291800
19921,2550400
19922,2162900
19923,2025900
19924,3521600
19925,2129400
19926,2897500
19927,2969400
19928,3321500
19929,2616700
19930,2901700
19931,2817400
19932,2876400
19933,3311000
19934,3084400
19935,2753900
19936,2904200
19937,3118000
19938,2850100
19939,3396000
19940,2653600
19941,2859300
19942,2827000
19943,2816800
19944,3066300
19945,3121100
19946,2772800
19947,2883900
19948,2793700
19949,3167400
19950,2682600
19951,3073700
19952,2801300
19953,2878100
19954,2783100
19955,2987200
19956,3243700
19957,2764000
19958,3099800
19959,2848000
19960,3037300
19961,2787200
19962,3164500
19963,2746600
19964,2911700
19965,2887800
19966,2826400
19967,2949700
19968,3135100
19969,2843500
19970,2880800
19971,2833100
19972,2922300
19973,3210500
19974,2794000
19975,2888500
19976,3021500
19977,2667100
19978,3182100
19979,3065400
19980,2996000
19981,3090900
19982,2695000
19983,2836000
19984,3310600
19985,2974400
19986,2807500
19987,3049200
19988,2853400
19989,3060300
19990,3089300
19991,2721100
19992,3070200
19993,2691900
19994,2890000
19995,3199800
19996,2935500
19997,3224200
19998,2708000
19999,2820000
20000,2880300
20001,2990500
20002,3160500
20003,2918700
20004,2796700
20005,2865800
20006,2971700
20007,3366100
20008,2995800
20009,2730500
20010,2816800
20011,2895000
20012,3191400
20013,3292800
20014,2991300
20015,2805600
20016,2926000
20017,2956700
20018,3508100
20019,2775200
20020,2760700
20021,2858300
20022,2918600
20023,3080700
20024,3208100
20025,2746100
20026,2809800
20027,2976800
20028,2782000
20029,3425000
20030,2670200
20031,2857600
20032,2914600
20033,2811500
20034,3248300
20035,2617800
20036,3346400
20037,2802000
20038,2865600
20039,2969800
20040,3014200
20041,3125700
20042,2794300
20043,2888100
20044,2857900
20045,2859300
20046,3106000
20047,3060500
20048,2857600
20049,2797900
20050,3245100
20051,2775400
20052,3182200
20053,2961300
20054,2907700
20055,2877100
20056,2890800
20057,2942600
20058,3135800
20059,2780000
20060,3132700
20061,2695400
20062,2843900
20063,3270100
20064,2766800
20065,2928900
20066,2755400
20067,3019600
20068,2846600
20069,3306800
20070,2996700
20071,2904700
20072,2809400
20073,2974400
20074,2880500
20075,3136800
20076,2870600
20077,2858200
20078,2913900
20079,2755600
20080,3237000
20081,3125900
20082,2817300
20083,2850800
20084,2901400
20085,2970300
20086,3479500
20087,2759300
20088,2656500
20089,2814600
20090,2788000
20091,3000400
20092,3154900
20093,2789400
20094,2874900
20095,2898800
20096,2785700
20097,3394100
20098,2688300
20099,2883700
20100,2848200
20101,2887800
20102,2939700
20103,3184100
20104,2770000
20105,2881900
20106,2895500
20107,2920800
20108,3188000
20109,3191600
20110,2853400
20111,2843600
20112,2939600
20113,3091800
20114,3314100
20115,2900900
20116,2698300
20117,2790100
20118,3023300
20119,2838600
20120,3289500
20121,2888900
20122,2854500
20123,3224100
20124,2706600
20125,2913800
20126,3350900
20127,2844100
20128,2964700
20129,2878400
20130,2961800
20131,3225200
20132,2915700
20133,2919400
20134,2976600
20135,2775600
20136,3007800
20137,3278900
20138,2850200
20139,3236000
20140,2670600
20141,2873400
20142,3264200
20143,2866300
20144,2919400
20145,2984700
20146,2849800
20147,3123300
20148,3169400
20149,2870500
20150,2966600
20151,3154900
20152,2877700
20153,3393700
20154,2887500
20155,3015200
20156,2816800
20157,2883200
20158,3017000
20159,3236300
20160,2949300
20161,2825100
20162,2897100
20163,2875500
20164,3109100
20165,3149200
20166,2832200
20167,2845700
20168,3305500
20169,2863200
20170,3308200
20171,2848700
20172,2937500
20173,2920600
20174,2858500
20175,3032000
20176,3151700
20177,2835000
20178,2933000
20179,2958800
20180,2805500
20181,3409400
20182,3097000
20183,2900800
20184,2694700
20185,3162500
20186,3305200
20187,2772700
20188,2825500
20189,2817200
20190,2912900
20191,2916100
20192,3243500
20193,3109200
20194,2804800
20195,2918500
20196,2921600
20197,2954800
20198,3387000
20199,2815100
20200,2842700
20201,2845200
20202,3482300
20203,2937200
20204,3010600
20205,2897200
20206,2952000
20207,3065500
20208,2577600
20209,2817400
20210,3124700
20211,2841700
20212,2949600
20213,2802400
20214,2969500
20215,3107800
20216,2790200
20217,2821600
20218,3140700
20219,2532300
20220,2983100
20221,3018900
20222,2723100
20223,2743500
20224,3279800
20225,2714300
20226,3398200
20227,2761200
20228,2838100
20229,2970200
20230,2789700
20231,2737400
20232,3294900
20233,2840300
20234,3025000
20235,2621800
20236,2927500
20237,2780500
20238,3283300
20239,2788200
20240,3129800
20241,2945600
20242,2791200
20243,2935500
20244,3109700
20245,2854500
20246,2809700
20247,2885400
20248,2810100
20249,2918200
20250,3336900
20251,2667400
20252,2936200
20253,2719400
20254,3012300
20255,3118400
20256,3080200
20257,2617400
20258,3136700
20259,2755600
20260,3066400
20261,3163000
20262,2768800
20263,3114500
20264,2504300
20265,2878000
20266,3807000
20267,2443400
20268,2874000
20269,2874100
20270,2810500
20271,3082700
20272,3213900
20273,2722800
20274,2806600
20275,3167300
20276,2842600
20277,3009100
20278,3069600
20279,2859000
20280,2913500
20281,2785600
20282,2967900
20283,3277800
20284,2679500
20285,2888400
20286,2876300
20287,2837600
20288,2963200
20289,3183200
20290,2772800
20291,2928300
20292,2804100
20293,2934800
20294,2895500
20295,3163900
20296,2815000
20297,2934100
20298,3024600
20299,2651700
20300,3103400
20301,3464500
20302,2782100
20303,2841900
20304,2872800
20305,3024300
20306,3071800
20307,2837500
20308,2891700
20309,2889900
20310,2740900
20311,2939100
20312,3126500
20313,2750100
20314,3122400
20315,2627900
20316,2855600
20317,2968700
20318,3051100
20319,3137700
20320,2864600
20321,2757400
20322,2933300
20323,3156000
20324,2873100
20325,3031100
20326,2659700
20327,2844700
20328,2969200
20329,3216300
20330,3070800
20331,2772300
20332,2847500
20333,2845300
20334,3349700
20335,2915400
20336,3231500
20337,2733900
20338,2850100
20339,2986400
20340,3356800
20341,2850700
20342,2803200
20343,2774200
20344,2812200
20345,3037900
20346,3379900
20347,2610900
20348,2880000
20349,2764300
20350,2825300
20351,3160500
20352,3241100
20353,2805500
20354,2778900
20355,2826600
20356,3107800
20357,3829400
20358,2506900
20359,2723900
20360,2862600
20361,2829600
20362,3387100
20363,2883200
20364,2743000
20365,2806800
20366,2808400
20367,2904300
20368,3205500
20369,2886700
20370,2769400
20371,2853000
20372,2808500
20373,3239100
20374,3166500
20375,2937900
20376,2773300
20377,2870900
20378,2883000
20379,2982500
20380,3263200
20381,2811000
20382,2888300
20383,2841300
20384,2986000
20385,3327300
20386,2682700
20387,2852900
20388,2888500
20389,3152500
20390,3144700
20391,2861200
20392,3026100
20393,2863700
20394,2850100
20395,2954400
20396,3059500
20397,2972900
20398,2897000
20399,2904600
20400,2823800
20401,2818900
20402,3333900
20403,2781300
20404,2865900
20405,3298400
20406,2665600
20407,2880400
20408,3113400
20409,2804000
20410,3234400
20411,2652800
20412,2753500
20413,3264000
20414,2996200
20415,2785500
20416,2896700
20417,2835800
20418,3311100
20419,3165900
20420,2801800
20421,3065000
20422,2776000
20423,2797600
20424,3096300
20425,3066100
20426,2848300
20427,3090200
20428,2650000
20429,2820900
20430,2993000
20431,3141000
20432,2958500
20433,2745200
20434,2879100
20435,2835600
20436,3292300
20437,2823200
20438,2860000
20439,2853400
20440,2842800
20441,3044000
20442,3085700
20443,2962900
20444,2732900
20445,2892900
20446,2832100
20447,2945300
20448,3372100
20449,2739300
20450,2906600
20451,2828300
20452,2972100
20453,3493000
20454,2710400
20455,2888800
20456,2847200
20457,2833100
20458,2971800
20459,3348500
20460,2826100
20461,2944300
20462,2623600
20463,2809800
20464,3016100
20465,3172300
20466,2807500
20467,2817600
20468,2837600
20469,3299300
20470,3017200
20471,2900800
20472,2771900
20473,3151700
20474,3030200
20475,2890600
20476,3086300
20477,2862200
20478,2834700
20479,2849500
20480,2979300
20481,2876000
20482,3119300
20483,2804200
20484,2894200
20485,2943000
20486,2867600
20487,3492800
20488,2771200
20489,2759600
20490,3108500
20491,2956200
20492,2863100
20493,3251100
20494,2784800
20495,2915800
20496,2849700
20497,2845800
20498,3344700
20499,2817800
20500,2904400
20501,2839600
20502,2876700
20503,3154000
20504,3108300
20505,2787900
20506,2904600
20507,3014900
20508,3068300
20509,2977300
20510,3213800
20511,2890900
20512,2845300
20513,2962800
20514,2909800
20515,3330200
20516,2983400
20517,2783700
20518,2939800
20519,2876700
20520,2978100
20521,3350300
20522,3278700
20523,2641200
20524,3119300
20525,2879300
20526,3523900
20527,2868000
20528,2802900
20529,2934200
20530,2957300
20531,2960900
20532,3418100
20533,2695900
20534,2951900
20535,2901300
20536,2876700
20537,3467100
20538,2771200
20539,2864000
20540,2885200
20541,2818600
20542,3159100
20543,3314700
20544,2882400
20545,2905300
20546,3073800
20547,2914800
20548,3019700
20549,3130300
20550,2824100
20551,2874800
20552,2875400
20553,3001900
20554,3210000
20555,2921300
20556,2699700
20557,2908100
20558,2957100
20559,2986600
20560,3329900
20561,2772300
20562,2828600
20563,2931800
20564,3074300
20565,2719700
20566,3288100
20567,3012000
20568,2861900
20569,2937100
20570,2881700
20571,3226800
20572,2746600
20573,2807000
20574,2994000
20575,2849500
20576,2970600
20577,3125300
20578,2760200
20579,2921800
20580,2881600
20581,2803100
20582,3017000
20583,3134300
20584,3069600
20585,2854000
20586,2841700
20587,3012900
20588,3092000
20589,2819400
20590,3104400
20591,2677900
20592,2846300
20593,3349300
20594,3386400
20595,2218800
20596,4150000
20597,4299100
20598,2800200
20599,1992300
20600,2021300
20601,3195600
20602,3134900
20603,2433700
20604,3096600
20605,2954700
20606,2943900
20607,2737000
20608,2819500
20609,2817100
20610,3075700
20611,3054800
20612,2796800
20613,2803900
20614,2845400
20615,2795600
20616,3292800
20617,2893600
20618,2805000
20619,2688500
20620,2893600
20621,2962700
20622,3288700
20623,2898900
20624,2841400
20625,2840000
20626,2827400
20627,2946100
20628,3154700
20629,2776500
20630,2884000
20631,2745200
20632,2994400
20633,3299900
20634,2658800
20635,2832900
20636,2799400
20637,2932300
20638,3075000
20639,3285200
20640,3062600
20641,2736200
20642,2873300
20643,2939100
20644,2869300
20645,3175800
20646,2775800
20647,2913400
20648,2763900
20649,2994800
20650,3193900
20651,2762100
20652,2835000
20653,2807200
20654,2864000
20655,3050700
20656,2867600
20657,3150200
20658,3010000
20659,2822600
20660,2913900
20661,2933500
20662,3164800
20663,2813800
20664,2800900
20665,2963100
20666,2859500
20667,2896200
20668,3219400
20669,2832000
20670,3096900
20671,2648200
20672,2773800
20673,3420700
20674,2751200
20675,2914500
20676,2946600
20677,2722400
20678,3259100
20679,3124900
20680,2743300
20681,2990100
20682,2765700
20683,2842800
20684,2921800
20685,3159200
20686,2811800
20687,2932100
20688,2799900
20689,2887800
20690,3280700
20691,2791900
20692,3087000
20693,2722900
20694,2739900
20695,3116100
20696,3498000
20697,2873900
20698,2788800
20699,2767100
20700,2848900
20701,2927500
20702,3369900
20703,2728900
20704,2893000
20705,2828900
20706,2926700
20707,3128700
20708,2926000
20709,2752700
20710,2953300
20711,2694400
20712,3190800
20713,3220300
20714,3036300
20715,2809800
20716,2858000
20717,2785600
20718,3014400
20719,3129300
20720,2840800
20721,2934100
20722,2750800
20723,2961000
20724,3258600
20725,2758500
20726,2909900
20727,2843900
20728,2844500
20729,3230900
20730,3092900
20731,2662300
20732,2904700
20733,2782100
20734,3079800
20735,2858200
20736,3046700
20737,2889000
20738,2835300
20739,3064300
20740,2920300
20741,3195200
20742,2847500
20743,2885000
20744,2817500
20745,2950500
20746,3025100
20747,3162800
20748,2871500
20749,2820200
20750,2974200
20751,2768500
20752,3051100
20753,3121000
20754,2841700
20755,3003700
20756,2760800
20757,3210900
20758,3199900
20759,2797500
20760,2886400
20761,2838200
20762,2893400
20763,2944700
20764,3176100
20765,2853000
20766,3063100
20767,2660000
20768,2930800
20769,3230100
20770,2840600
20771,3125500
20772,2906600
20773,2646800
20774,2787800
20775,3244400
20776,2889400
20777,2899800
20778,2759400
20779,2926500
20780,3031500
20781,3134800
20782,2981500
20783,2691700
20784,2893400
20785,2836000
20786,3093900
20787,3283800
20788,2922200
20789,2769400
20790,2912400
20791,3208400
20792,3244900
20793,2759700
20794,2808100
20795,2954200
20796,2836300
20797,2967300
20798,3382800
20799,2614600
20800,2932000
20801,2809100
20802,2889700
20803,3361200
20804,3032300
20805,3316600
20806,2542500
20807,2558300
20808,3109500
20809,3150400
20810,2706600
20811,2767600
20812,3179200
20813,2860900
20814,3285200
20815,2900800
20816,2798000
20817,2857300
20818,2860200
20819,2919100
20820,3414000
20821,2655100
20822,2932400
20823,2759900
20824,2879600
20825,3241700
20826,3109800
20827,2893900
20828,2836900
20829,2838700
20830,3050800
20831,2963800
20832,3019100
20833,2826500
20834,3099900
20835,3073300
20836,2804800
20837,3256000
20838,2769600
20839,2912800
20840,2903900
20841,2935900
20842,2983300
20843,3066200
20844,2837600
20845,2864800
20846,3042300
20847,2711300
20848,3229600
20849,3000800
20850,2845700
20851,3448200
20852,2620700
20853,3031800
20854,3130300
20855,2844200
20856,2919900
20857,2935800
20858,2830600
20859,3088600
20860,3226400
20861,2796000
20862,3279800
20863,2837100
20864,3132700
20865,2892100
20866,2838400
20867,2993500
20868,3100000
20869,2774600
20870,3090900
20871,3242300
20872,2883100
20873,2917700
20874,2786300
20875,2981800
20876,3320700
20877,2785200
20878,2948200
20879,2863600
20880,2902300
20881,3045100
20882,3229900
20883,2997800
20884,2977800
20885,3196400
20886,2762600
20887,3018400
20888,3311900
20889,3015000
20890,2853700
20891,2892200
20892,3096800
20893,3399600
20894,2686400
20895,2822300
20896,2926700
20897,2847500
20898,3187400
20899,3176200
20900,2828700
20901,2791700
20902,2914800
20903,2841300
20904,3082600
20905,3132700
20906,3118400
20907,2876200
20908,2956600
20909,3102500
20910,2995500
20911,2876800
20912,2798600
20913,2943300
20914,2880100
20915,2984800
20916,3210600
20917,2815400
20918,2830600
20919,2878200
20920,3616100
20921,2537800
20922,2772400
20923,3082900
20924,2958500
20925,2716300
20926,3088000
20927,3144000
20928,2770600
20929,2883500
20930,2999200
20931,2803500
20932,3262700
20933,2776800
20934,2821600
20935,2820500
20936,3202900
20937,2564400
20938,3246700
20939,2757200
20940,2837100
20941,3117700
20942,2617300
20943,2998000
20944,3075200
20945,3029100
20946,2831400
20947,2928900
20948,2767000
20949,2997200
20950,3062200
20951,2885700
20952,2827100
20953,2829000
20954,2755300
20955,4038500
20956,1963500
20957,2846500
20958,3054600
20959,2649800
20960,2995900
20961,3148700
20962,3041700
20963,2789800
20964,2826700
20965,2781400
20966,2929200
20967,3112500
20968,2892400
20969,2789400
20970,2769800
20971,2844800
20972,3156900
20973,3110400
20974,2817000
20975,2852000
20976,2845300
20977,2883600
20978,3278000
20979,3049200
20980,2872100
20981,2759300
20982,2863300
20983,3023300
20984,3071200
20985,2869600
20986,2913800
20987,2748100
20988,2900800
20989,2939900
20990,3584500
20991,2398500
20992,2907500
20993,2793900
20994,2880200
20995,3534300
20996,2661300
20997,2765100
20998,2920500
20999,2804400
21000,3209400
21001,3159500
21002,2804900
21003,2867500
21004,2795100
21005,2918100
21006,2964000
21007,3211800
21008,2849300
21009,2886900
21010,2834100
21011,3083300
21012,3181300
21013,2850600
21014,2832700
21015,2877500
21016,2850500
21017,3261500
21018,3091700
21019,2829500
21020,2904300
21021,2800600
21022,2982000
21023,3175400
21024,3507800
21025,2107000
21026,2971600
21027,3064100
21028,2750000
21029,3452900
21030,2788200
21031,2958200
21032,2846200
21033,2823100
21034,2901100
21035,3224000
21036,2878500
21037,3182300
21038,2634300
21039,2807000
21040,3033900
21041,3149000
21042,2822400
21043,2887100
21044,3117500
21045,2848500
21046,3227800
21047,2869800
21048,3110500
21049,2654300
21050,2783800
21051,2996000
21052,3184700
21053,3044100
21054,2715600
21055,2734700
21056,2935600
21057,3261600
21058,3145100
21059,2430300
21060,2952200
21061,3061800
21062,2902100
21063,3224300
21064,2887100
21065,2761700
21066,3033600
21067,2637500
21068,3025900
21069,3196000
21070,2936200
21071,2684000
21072,2857100
21073,2833400
21074,3359500
21075,2753100
21076,2809900
21077,2880200
21078,2984200
21079,2925200
21080,3263100
21081,2716200
21082,2950100
21083,2729600
21084,2925800
21085,2904700
21086,3397700
21087,2805300
21088,2883500
21089,2785300
21090,2830900
21091,3405600
21092,2699100
21093,3214900
21094,2466100
21095,2904200
21096,3344100
21097,3007000
21098,2777100
21099,2950500
21100,2794400
21101,2823400
21102,3053600
21103,3006500
21104,2790000
21105,2991500
21106,2721900
21107,2907500
21108,2954700
21109,3127800
21110,2811100
21111,2931100
21112,3083000
21113,2779100
21114,3092400
21115,2815700
21116,2829700
21117,2953000
21118,2806700
21119,2859700
21120,3475700
21121,2807900
21122,2958400
21123,2816800
21124,2910400
21125,3225400
21126,2933000
21127,2829500
21128,3675400
21129,2193700
21130,3274200
21131,3224800
21132,2778300
21133,3218900
21134,2588800
21135,2889800
21136,2966200
21137,3193400
21138,2873400
21139,2913800
21140,2843300
21141,2909900
21142,3319800
21143,2858300
21144,2989600
21145,2781100
21146,2873700
21147,2961200
21148,3165800
21149,3332500
21150,2802400
21151,3058700
21152,2873900
21153,3151600
21154,3006000
21155,2727600
21156,2781800
21157,2880600
21158,2904800
21159,3337100
21160,2907700
21161,2829200
21162,3245800
21163,2465200
21164,2988100
21165,3357200
21166,2762500
21167,2799700
21168,2910000
21169,2832200
21170,3044100
21171,3181900
21172,2915000
21173,3031400
21174,2850600
21175,2947900
21176,3346400
21177,2783300
21178,2870400
21179,2816400
21180,2941600
21181,3019200
21182,3045000
21183,2924400
21184,2827600
21185,2909900
21186,2930100
21187,2980100
21188,3149900
21189,2960800
21190,3063300
21191,2835600
21192,3114500
21193,3274900
21194,2842100
21195,2835900
21196,3335800
21197,2508200
21198,3002200
21199,3148200
21200,2846800
21201,2859700
21202,3158200
21203,2864000
21204,3349400
21205,2583700
21206,2890400
21207,3017700
21208,2730600
21209,3084100
21210,3120000
21211,3098400
21212,2845200
21213,2901700
21214,2806500
21215,3344300
21216,2815700
21217,2931700
21218,2951700
21219,2734800
21220,3015900
21221,3256400
21222,2821900
21223,3211000
21224,2886800
21225,3033700
21226,2990100
21227,2894500
21228,3225900
21229,2847000
21230,3285300
21231,2480100
21232,3501800
21233,2986300
21234,2952400
21235,2739000
21236,2918000
21237,3058500
21238,3124900
21239,3081600
21240,2707200
21241,2907200
21242,2960500
21243,3324600
21244,2838400
21245,3243700
21246,2810400
21247,2803800
21248,3071800
21249,3134600
21250,2922000
21251,2785100
21252,2968100
21253,2829800
21254,3090400
21255,3340400
21256,2722900
21257,2787700
21258,2889100
21259,2923800
21260,3755500
21261,2538600
21262,2950700
21263,2815800
21264,3290700
21265,2537200
21266,3306700
21267,2814500
21268,2872600
21269,2840800
21270,2912400
21271,3529400
21272,2779200
21273,2810400
21274,2789800
21275,3164100
21276,5139500
21277,2326500
21278,4064700
21279,3980700
21280,2682600
21281,2050100
21282,2176000
21283,2767800
21284,2847500
21285,2923800
21286,2884200
21287,2972200
21288,3082000
21289,2774800
21290,2833600
21291,2788600
21292,2967900
21293,3226700
21294,2794600
21295,2839500
21296,2882500
21297,2760900
21298,3594100
21299,2259000
21300,3149900
21301,3019900
21302,2770400
21303,2890500
21304,3033900
21305,3187500
21306,2771000
21307,2830600
21308,2931700
21309,2758600
21310,3020100
21311,3151600
21312,2740500
21313,2800900
21314,2898400
21315,2886300
21316,3204300
21317,2730900
21318,2846600
21319,3094000
21320,2607700
21321,3165200
21322,3105900
21323,2776200
21324,2994000
21325,2738100
21326,2916200
21327,2899400
21328,3152100
21329,2729100
21330,2914300
21331,2785400
21332,2916100
21333,3771100
21334,2371100
21335,2928500
21336,2745100
21337,2805100
21338,3171200
21339,3209300
21340,3115300
21341,2800000
21342,2798900
21343,2985400
21344,2866800
21345,3167900
21346,2986300
21347,2713600
21348,2965500
21349,2746700
21350,3292700
21351,2834300
21352,2934600
21353,2768800
21354,2893600
21355,2862500
21356,3222300
21357,3021000
21358,2679700
21359,2969100
21360,2767900
21361,3148500
21362,3174700
21363,2617400
21364,2844100
21365,3187600
21366,2802100
21367,4079100
21368,2299700
21369,2841400
21370,2964900
21371,2771700
21372,3095900
21373,3248300
21374,2804800
21375,2874200
21376,2837200
21377,2867200
21378,3394300
21379,3072500
21380,2863300
21381,2767800
21382,3141400
21383,2993600
21384,3154000
21385,2828200
21386,2841800
21387,2858100
21388,3061300
21389,2906300
21390,3129200
21391,2726500
21392,2913200
21393,2796300
21394,2883200
21395,3549500
21396,2703200
21397,2843300
21398,2787800
21399,3037200
21400,2850400
21401,3668100
21402,2338500
21403,2849700
21404,3024000
21405,2791800
21406,2848300
21407,3173900
21408,2769300
21409,2844600
21410,3286400
21411,2611300
21412,3079600
21413,3112900
21414,2779400
21415,3001500
21416,2730900
21417,2921000
21418,3478000
21419,2657200
21420,2836200
21421,3127100
21422,2826000
21423,2981500
21424,3241800
21425,2731700
21426,2895100
21427,2778400
21428,2832900
21429,2965000
21430,3156000
21431,2915100
21432,2748800
21433,2853900
21434,2969500
21435,3315400
21436,3160800
21437,2378000
21438,2854600
21439,3069700
21440,3025700
21441,3103400
21442,2785300
21443,2873300
21444,2803400
21445,2878500
21446,3335700
21447,2985000
21448,2631200
21449,2818600
21450,2818000
21451,2962400
21452,3225000
21453,3287400
21454,2496300
21455,2764100
21456,2911800
21457,2859500
21458,3317200
21459,2803700
21460,2777100
21461,2885600
21462,2883900
21463,2922600
21464,3302200
21465,2845600
21466,2807700
21467,2930300
21468,2815300
21469,3511400
21470,2704600
21471,3623500
21472,2138300
21473,2922200
21474,3469400
21475,2791000
21476,2853900
21477,3164100
21478,2902500
21479,2911100
21480,3021900
21481,3185600
21482,2933600
21483,2865900
21484,2891600
21485,3212800
21486,3032100
21487,2833400
21488,2963200
21489,2832400
21490,3214400
21491,2882400
21492,3228300
21493,2792900
21494,3237600
21495,2822900
21496,3454400
21497,3462500
21498,2554500
21499,2742500
21500,2825200
21501,3046800
21502,2832300
21503,3235100
21504,2810200
21505,3345400
21506,2600600
21507,2764400
21508,3452600
21509,2702000
21510,2924000
21511,3160600
21512,3105000
21513,2930400
21514,3124700
21515,2840600
21516,2899200
21517,3047900
21518,2725200
21519,3350600
21520,2787700
21521,2954400
21522,3071300
21523,2719500
21524,3064200
21525,3348900
21526,2794500
21527,3116000
21528,2814500
21529,2875600
21530,3213500
21531,2836100
21532,3143700
21533,3005500
21534,2781600
21535,2970300
21536,3231900
21537,2832100
21538,3266300
21539,3273000
21540,2412700
21541,2724600
21542,3157500
21543,2967400
21544,2839400
21545,2735600
21546,2945900
21547,2986200
21548,3391100
21549,2912500
21550,2812700
21551,2896900
21552,2990800
21553,3117400
21554,2887900
21555,2868500
21556,2831000
21557,2837900
21558,3105300
21559,3172900
21560,2818900
21561,2781500
21562,2877400
21563,2891300
21564,3733000
21565,2885500
21566,3274200
21567,2635800
21568,2791700
21569,2966400
21570,3234200
21571,2867400
21572,2727200
21573,3283900
21574,2515400
21575,3137600
21576,3102800
21577,2704300
21578,2836800
21579,3039600
21580,2853900
21581,3381800
21582,2610000
21583,2861400
21584,3045400
21585,2889700
21586,3035700
21587,3190800
21588,2795800
21589,2881800
21590,2872600
21591,3015600
21592,3225400
21593,2871900
21594,2867900
21595,2879600
21596,2908000
21597,3020000
21598,3344600
21599,2828900
21600,2848600
21601,2867400
21602,3121300
21603,2991600
21604,3074400
21605,3127000
21606,2874400
21607,2893900
21608,2964000
21609,3250700
21610,2834400
21611,2886600
21612,3078400
21613,2741000
21614,3029900
21615,3269500
21616,2842700
21617,3104300
21618,2744500
21619,2877600
21620,3464700
21621,2636500
21622,2922000
21623,2932500
21624,2863000
21625,3030400
21626,3454100
21627,2735300
21628,2889100
21629,2857500
21630,2876000
21631,2955600
21632,3309600
21633,2884100
21634,2807000
21635,2850700
21636,2928600
21637,3503100
21638,3083500
21639,2638300
21640,2858600
21641,2949100
21642,3106500
21643,3242600
21644,2932300
21645,2760500
21646,2861600
21647,2919500
21648,3273700
21649,2943800
21650,2797600
21651,2817300
21652,2867200
21653,2924500
21654,3244200
21655,2891300
21656,2745100
21657,2875000
21658,2885600
21659,3081300
21660,3424500
21661,2830700
21662,2785300
21663,2852300
21664,2894000
21665,2981100
21666,3021600
21667,2906800
21668,2831700
21669,2858500
21670,3140100
21671,3050600
21672,2753800
21673,2869400
21674,2913200
21675,2735900
21676,3099500
21677,3172700
21678,2806700
21679,2741400
21680,2854800
21681,2938800
21682,3315100
21683,2742400
21684,2796000
21685,2881200
21686,3066900
21687,2855300
21688,3256000
21689,2767100
21690,2788000
21691,2860700
21692,2904100
21693,2892300
21694,3118000
21695,2838500
21696,2776300
21697,3049400
21698,2673900
21699,3007600
21700,3060700
21701,2783500
21702,2937400
21703,2926500
21704,2837300
21705,3268500
21706,2799000
21707,2787600
21708,2932700
21709,2725800
21710,2967100
21711,3138600
21712,2859700
21713,2809600
21714,2795100
21715,2820300
21716,3136200
21717,3090300
21718,2908400
21719,2773500
21720,2760000
21721,3045100
21722,2963200
21723,3129600
21724,2966800
21725,2776300
21726,2895600
21727,2815900
21728,3225000
21729,3079000
21730,2691700
21731,2775200
21732,2900700
21733,2904700
21734,3450000
21735,2636400
21736,2759700
21737,2887000
21738,3087700
21739,3019600
21740,3101800
21741,2902700
21742,2782500
21743,2880400
21744,2914500
21745,3339600
21746,2733700
21747,2847300
21748,2790300
21749,2882800
21750,3513500
21751,3146400
21752,2775200
21753,2775300
21754,2838600
21755,3051300
21756,3125900
21757,2845300
21758,2759000
21759,2851100
21760,2870000
21761,2934500
21762,3222400
21763,2850300
21764,2827400
21765,2855500
21766,2966200
21767,2873900
21768,3167700
21769,2745100
21770,2872000
21771,3122200
21772,2700700
21773,3009900
21774,3160600
21775,2777000
21776,2878800
21777,3136400
21778,2971400
21779,3251100
21780,2770300
21781,2830800
21782,2952200
21783,2826800
21784,3027400
21785,3375100
21786,2763300
21787,2941500
21788,2754600
21789,2843200
21790,3315400
21791,2863800
21792,3021600
21793,2898500
21794,2649400
21795,2924800
21796,3204500
21797,2850500
21798,2843700
21799,2762400
21800,2901700
21801,2875700
21802,3150900
21803,3065100
21804,2686400
21805,2834700
21806,2880000
21807,2953900
21808,3516700
21809,2586900
21810,2732300
21811,3160700
21812,2864100
21813,3164000
21814,2938800
21815,2777700
21816,2879800
21817,2850600
21818,3013700
21819,3327200
21820,2625000
21821,2837500
21822,2853600
21823,2845200
21824,3393500
21825,2909100
21826,2749400
21827,2836100
21828,3093000
21829,2973900
21830,3349600
21831,2697600
21832,2821500
21833,2868100
21834,2871800
21835,3029000
21836,3142100
21837,2734500
21838,2865200
21839,2907300
21840,2784900
21841,3492200
21842,3074600
21843,2764400
21844,2638200
21845,2831900
21846,2907200
21847,3215400
21848,2836600
21849,2828900
21850,2860100
21851,3177400
21852,2852200
21853,3101300
21854,3066300
21855,2825600
21856,3072600
21857,2789000
21858,3390000
21859,2732600
21860,2877600
21861,2984500
21862,2840100
21863,2892600
21864,3296100
21865,2779700
21866,2864400
21867,2887500
21868,2857700
21869,3074600
21870,3150600
21871,3091300
21872,2927400
21873,2751100
21874,2894300
21875,2965500
21876,3253200
21877,3129400
21878,2886400
21879,2784000
21880,2941500
21881,2976900
21882,2894900
21883,2803300
21884,2829800
21885,2875400
21886,3026100
21887,3123000
21888,3201200
21889,2742500
21890,2904700
21891,2839300
21892,3314100
21893,2855500
21894,2791600
21895,2838800
21896,2861800
21897,3015100
21898,3450100
21899,2753100
21900,2898700
21901,2840700
21902,2835800
21903,3661600
21904,2765200
21905,2667400
21906,3145600
21907,2856200
21908,3004400
21909,3181800
21910,3020700
21911,2994700
21912,2698000
21913,3264600
21914,2634500
21915,3336800
21916,2555900
21917,2931400
21918,2849200
21919,2960600
21920,2823800
21921,3268800
21922,3003700
21923,2731400
21924,3146700
21925,2700100
21926,3166700
21927,3020400
21928,2931100
21929,2870900
21930,2924100
21931,2881300
21932,3603600
21933,2652700
21934,3289200
21935,2604700
21936,2813700
21937,3363700
21938,2832100
21939,2853000
21940,2986900
21941,2771300
21942,3038200
21943,3233800
21944,2886200
21945,2813600
21946,3117100
21947,2761400
21948,3158800
21949,3004400
21950,2792100
21951,2999100
21952,2851000
21953,3337700
21954,3169100
21955,2873000
21956,2990700
21957,2836600
21958,2878400
21959,3008400
21960,3064800
21961,2908500
21962,2936400
21963,3660400
21964,2831700
21965,3158200
21966,4683600
21967,3171900
21968,1943400
21969,2000500
21970,3052100
21971,3255900
21972,2913100
21973,2804200
21974,2869300
21975,2885900
21976,3297200
21977,2821800
21978,2889100
21979,2833300
21980,2959400
21981,3107400
21982,3244600
21983,2749900
21984,2897500
21985,2937700
21986,2783100
21987,2935600
21988,3298500
21989,2821800
21990,2804500
21991,2978900
21992,2854800
21993,3280600
21994,2768200
21995,2918100
21996,2950400
21997,2817100
21998,2939300
21999,3247900
22000,2816500
22001,2874200
22002,2906500
22003,2871400
22004,3385300
22005,2722700
22006,2871000
22007,2950200
22008,3075200
22009,3085100
22010,3285900
22011,2834300
22012,2914800
22013,2833100
22014,2962600
22015,3162200
22016,2852100
22017,2889800
22018,2783000
22019,2917700
22020,2875700
22021,2988400
22022,3125800
22023,2917100
22024,2791700
22025,3179900
22026,2842800
22027,3188600
22028,2786100
22029,2930100
22030,2961600
22031,2714900
22032,2940300
22033,3118000
22034,2909800
22035,2816100
22036,2890400
22037,2882200
22038,3242400
22039,2897300
22040,2786500
22041,3070900
22042,2881600
22043,2881800
22044,3244400
22045,2890400
22046,2909000
22047,2687000
22048,2858200
22049,3063000
22050,3041600
22051,2850500
22052,2791800
22053,2855500
22054,2892000
22055,3216300
22056,2847500
22057,3073500
22058,2639800
22059,3100900
22060,2878500
22061,3154300
22062,2994600
22063,2712600
22064,2853400
22065,2840600
22066,2900000
22067,3209400
22068,2837000
22069,2782900
22070,2841400
22071,2798700
22072,3321400
22073,2931900
22074,2785400
22075,2826800
22076,2837600
