idx,delta_ns
0,2719900
1,2699800
2,2897900
3,2949900
4,3127600
5,2768900
6,2835600
7,2762500
8,2820100
9,2792600
10,3368600
11,2598600
12,2763300
13,2723900
14,2783900
15,3114400
16,3284200
17,2878200
18,2824200
19,2661500
20,2813200
21,3459100
22,2553600
23,2770100
24,2814000
25,2727800
26,2902500
27,3201600
28,2673600
29,2698900
30,2882500
31,2808900
32,2977600
33,2963000
34,2700800
35,2765900
36,2826700
37,2745800
38,3356100
39,3004700
40,2664500
41,2838800
42,2705500
43,2905600
44,3233900
45,3014700
46,2653800
47,2868500
48,2725300
49,3126300
50,3009500
51,3238400
52,2797100
53,2731800
54,2842900
55,2931200
56,3167400
57,2701700
58,2909100
59,2851000
60,2654700
61,2939500
62,3234300
63,2698800
64,2881300
65,2760800
66,2772200
67,3042800
68,3046900
69,2841000
70,2970300
71,2837800
72,2607000
73,3307800
74,2712900
75,2920100
76,2743200
77,2802100
78,2871200
79,3256800
80,2702800
81,3061600
82,2729300
83,2826400
84,2807300
85,3288300
86,2945300
87,2671600
88,2733800
89,2771800
90,3306600
91,3071400
92,2881700
93,2727600
94,2853800
95,2941500
96,3338400
97,3069500
98,2718400
99,2813500
100,2860500
101,2916000
102,3399500
103,2634900
104,2797900
105,2851900
106,2794800
107,3009400
108,3263800
109,2677400
110,2814600
111,2764300
112,2901500
113,3869000
114,2469100
115,2760300
116,2862900
117,2740600
118,2997900
119,3260300
120,2689300
121,2716100
122,2867000
123,2794300
124,3275600
125,2870700
126,2697600
127,2780000
128,2768700
129,2924000
130,3235700
131,3042000
132,2778700
133,2719200
134,2842400
135,2936400
136,3381900
137,2788700
138,2761300
139,2816800
140,2857200
141,2984200
142,3099800
143,2703200
144,2853400
145,2742500
146,2994500
147,2783000
148,3215900
149,2681900
150,2760700
151,2779900
152,2811800
153,2987500
154,3439400
155,2655500
156,2760200
157,2831500
158,2809000
159,3272900
160,2698900
161,2710700
162,3010000
163,2607800
164,2900800
165,3468300
166,2569200
167,2793700
168,2818400
169,2729800
170,3204600
171,2905600
172,2917900
173,2828400
174,2787400
175,2757700
176,3139400
177,3003500
178,2757200
179,2853800
180,2812000
181,2764800
182,3481500
183,2620400
184,2859000
185,2714600
186,2984500
187,2817700
188,3284500
189,2766000
190,3106200
191,2882900
192,2901300
193,2999300
194,3006200
195,3115000
196,2776700
197,2731900
198,2810500
199,3115800
200,3126200
201,2808800
202,2906800
203,2743400
204,2918900
205,3519800
206,3079300
207,3070700
208,2417700
209,2814600
210,3165300
211,3091800
212,2864600
213,2718400
214,2878500
215,2956000
216,3444300
217,3346700
218,2776200
219,2596000
220,2407700
221,2862000
222,3288800
223,2674500
224,2803300
225,2798300
226,2975500
227,3229500
228,2846200
229,2966500
230,2829900
231,2762700
232,2929300
233,2964300
234,3125800
235,2772600
236,2821100
237,2843600
238,3184300
239,2963400
240,2782700
241,2812800
242,3123600
243,3274700
244,2765200
245,5001100
246,4056100
247,2060200
248,2115100
249,2561500
250,3333300
251,2666500
252,2802900
253,2817100
254,4220800
255,2170900
256,2517900
257,2741200
258,2745700
259,2892800
260,2761800
261,2762700
262,3230200
263,2650700
264,2767300
265,3078600
266,2627900
267,3180400
268,3071100
269,2728000
270,2935600
271,2617300
272,2948200
273,3209800
274,2791100
275,2729700
276,2929900
277,2710900
278,3027700
279,3279600
280,2780100
281,2910700
282,2734500
283,2853400
284,2838700
285,3139400
286,3022100
287,2668100
288,2808700
289,2804700
290,3106300
291,3315900
292,2781800
293,2779800
294,2824200
295,2819700
296,3358500
297,2835600
298,2750900
299,2768200
300,2937200
301,3001700
302,3043600
303,2825500
304,2706400
305,2903300
306,2777000
307,3199400
308,3327300
309,2734900
310,2702500
311,2888900
312,2736000
313,3132800
314,3117400
315,2821800
316,2797300
317,2845700
318,2941400
319,3416400
320,2686000
321,2811600
322,2874600
323,2831100
324,3262000
325,2932900
326,3051200
327,2751700
328,2844200
329,2844000
330,3331900
331,2759600
332,2795900
333,2814800
334,2919600
335,3035300
336,3115700
337,2689300
338,2855700
339,2785000
340,2886800
341,3109000
342,2994800
343,2793900
344,2786900
345,2822300
346,3010500
347,2922800
348,3421800
349,2720100
350,2802600
351,2876600
352,2871100
353,3455900
354,2638800
355,2856000
356,2743500
357,3070700
358,2833700
359,3092800
360,2727800
361,2794700
362,2880000
363,2752800
364,3130400
365,2989100
366,2986500
367,2789600
368,2904300
369,2716900
370,3039900
371,3112900
372,2689500
373,2915600
374,2815400
375,2763200
376,3311200
377,2664900
378,2826700
379,2928100
380,2723600
381,2980000
382,3308400
383,3066300
384,3020800
385,2660300
386,2629300
387,3251800
388,2984400
389,2760900
390,2810400
391,2835600
392,2713600
393,3102800
394,2985400
395,2990100
396,2727900
397,2698200
398,2826500
399,3301300
400,2657100
401,2868400
402,2770700
403,2754500
404,3046500
405,3132200
406,3101100
407,2648400
408,2797000
409,2724600
410,3102100
411,2997700
412,2804000
413,2736700
414,2839400
415,2724600
416,3147800
417,3056900
418,2994200
419,2640700
420,2778300
421,2746200
422,3261300
423,2778900
424,2757700
425,2846700
426,2714400
427,2974800
428,3409100
429,2698500
430,2811100
431,2787300
432,2734900
433,2952000
434,3398400
435,2816000
436,2882300
437,2740700
438,2795800
439,3038400
440,3074400
441,2741700
442,2860900
443,2767700
444,2878800
445,3338000
446,2678700
447,2802900
448,2730000
449,2829300
450,3065100
451,3117600
452,2725500
453,2927800
454,2666300
455,2898800
456,2834200
457,3589100
458,2428200
459,2705000
460,2863000
461,3021600
462,3066600
463,3429100
464,2639900
465,2818900
466,2981600
467,2788900
468,3353400
469,2673100
470,2782600
471,2820900
472,2962900
473,2862300
474,3170100
475,2814000
476,2798100
477,2919400
478,2744200
479,3054000
480,3151500
481,2959600
482,3026000
483,2627100
484,2826600
485,3394400
486,2750000
487,2775900
488,2880600
489,2822900
490,2883100
491,3312300
492,2671500
493,2864800
494,2910200
495,2727200
496,3090600
497,3323700
498,2884600
499,2671500
500,2771100
501,2787900
502,3520000
503,2687500
504,2793500
505,2788600
506,2757700
507,2920300
508,3365400
509,2845400
510,2641400
511,2744900
512,2836800
513,2891500
514,3131000
515,2939900
516,2667200
517,2755300
518,2829500
519,3144100
520,3534300
521,2523100
522,2758900
523,2769500
524,2896100
525,2846900
526,3276700
527,2722800
528,2766400
529,2809400
530,2865000
531,3484000
532,2565400
533,2772900
534,2779300
535,2824900
536,3125200
537,3299900
538,2973400
539,3196900
540,2507800
541,2707700
542,3073500
543,3201400
544,2719500
545,2774000
546,2888000
547,2869900
548,3260500
549,2857500
550,2735500
551,2772100
552,2790900
553,3457200
554,3000000
555,2676900
556,2786700
557,2574600
558,3183900
559,3180100
560,2761700
561,3133600
562,2502600
563,2889200
564,3442400
565,2553600
566,3025400
567,2679700
568,2765600
569,3030200
570,2679400
571,3334500
572,2669600
573,2875100
574,2794000
575,2924200
576,2965200
577,3507700
578,2881000
579,2783900
580,2828400
581,2821900
582,3015200
583,3210000
584,2692400
585,2958100
586,2688300
587,2995100
588,2938900
589,3130700
590,2958800
591,2659500
592,2770700
593,3124200
594,3401800
595,2665600
596,2894900
597,2760500
598,2842100
599,2929200
600,3260100
601,2746700
602,2820800
603,2765500
604,2796800
605,3060500
606,3179800
607,2643500
608,2805200
609,2781600
610,2931800
611,3355500
612,2923000
613,2854700
614,2751700
615,2879900
616,2858100
617,3425800
618,2769900
619,2736700
620,2914900
621,2690700
622,3298200
623,3024500
624,2691400
625,2758700
626,2844400
627,3146900
628,2781700
629,3444000
630,2558400
631,2806600
632,2804600
633,2962400
634,3267200
635,2820800
636,2688000
637,2839400
638,2997100
639,2743400
640,3197800
641,2829100
642,2746300
643,2801100
644,2873900
645,2896100
646,3167900
647,2926300
648,2682400
649,3116600
650,2830500
651,3451500
652,2812900
653,2814000
654,2977400
655,2677100
656,2956200
657,3145600
658,2747400
659,3190300
660,2521600
661,2732500
662,3095600
663,3017500
664,2856500
665,2833000
666,2730800
667,2878000
668,3008600
669,3076100
670,2982900
671,2751000
672,3073200
673,2807700
674,3317300
675,2748700
676,2853700
677,2765300
678,2924500
679,2844300
680,3287800
681,3096600
682,2513400
683,2780100
684,2794900
685,2994800
686,3506900
687,2542800
688,2691000
689,2864900
690,2933700
691,3619100
692,2893600
693,2796100
694,2761300
695,2988900
696,2728800
697,3393000
698,2646200
699,2802400
700,2830100
701,2788900
702,3064300
703,3211100
704,2683700
705,2793300
706,2774600
707,2905100
708,3599300
709,2684800
710,2783700
711,2831700
712,2749700
713,3082700
714,3186400
715,2712700
716,2769000
717,2824600
718,2773200
719,3195300
720,3037100
721,2765800
722,2733300
723,2807800
724,2826000
725,3049000
726,3161800
727,2652800
728,2820700
729,2830400
730,3155400
731,3537400
732,2592200
733,2784900
734,2788400
735,3008500
736,2770500
737,3256700
738,2657400
739,2735500
740,2857400
741,2867000
742,2987500
743,3010400
744,2743300
745,2739900
746,2945200
747,2888400
748,3137600
749,3034100
750,2713600
751,2784300
752,2874000
753,2801000
754,3367800
755,2651400
756,2731500
757,2874700
758,2715900
759,2821800
760,3369600
761,2686400
762,2765500
763,3194200
764,2563100
765,2851300
766,3345100
767,2693000
768,3065400
769,2596400
770,2728800
771,3015400
772,3171000
773,2662100
774,2778500
775,2769000
776,2807900
777,3342200
778,2779500
779,2775100
780,2734100
781,2785500
782,2842200
783,3372800
784,2634900
785,2900600
786,2673900
787,2866600
788,3054200
789,3079400
790,3003200
791,2698700
792,2759400
793,2771300
794,2972800
795,3379200
796,2655300
797,2757000
798,2809200
799,2806700
800,3026100
801,3559800
802,2349200
803,2740600
804,2887500
805,2912500
806,3797700
807,2672500
808,2704800
809,2877200
810,2747000
811,3168400
812,3115100
813,2676300
814,2901800
815,2748200
816,2847400
817,3053700
818,3094300
819,2780700
820,2707500
821,2853300
822,2877700
823,3345600
824,2971100
825,2722600
826,2794600
827,2980000
828,2794100
829,3407400
830,2560800
831,2807000
832,2766300
833,2946500
834,2792100
835,3194200
836,2749100
837,2787200
838,3060100
839,2614400
840,3214800
841,3165300
842,2670900
843,3012600
844,2629600
845,2916300
846,3415100
847,2828100
848,2779800
849,2794000
850,2826800
851,2860900
852,3290400
853,2684200
854,2873400
855,2775400
856,2759200
857,2888200
858,3186400
859,2770400
860,2881500
861,2708300
862,2797100
863,3188200
864,3284300
865,2723800
866,2743100
867,2850500
868,2770500
869,3369000
870,2809400
871,2653400
872,2840300
873,2833700
874,2816700
875,3539600
876,2565000
877,2741100
878,2765900
879,2828000
880,2867300
881,3788100
882,2980100
883,2805100
884,2663800
885,2795500
886,2892600
887,3298600
888,2607600
889,2822400
890,2830800
891,3057000
892,2995100
893,2903100
894,2723700
895,2753300
896,2891500
897,3023500
898,3037900
899,2763000
900,2759900
901,2766900
902,4286500
903,3453200
904,3051600
905,3527600
906,2608200
907,2336100
908,2476800
909,2410300
910,2968600
911,2807600
912,3122800
913,2959400
914,2825200
915,3119600
916,2794600
917,2872800
918,3123400
919,2728300
920,3055700
921,3251800
922,2728100
923,2953700
924,2809100
925,2979900
926,3150200
927,2779400
928,2820200
929,2816400
930,2950300
931,2909100
932,3112300
933,2797800
934,3401900
935,3323500
936,2752500
937,4668200
938,3656600
939,2073500
940,2083600
941,2376000
942,3180700
943,3221600
944,2911000
945,2667600
946,2769600
947,2846100
948,2930400
949,3281400
950,2785600
951,2872900
952,2726700
953,2934100
954,3508100
955,2761600
956,2727100
957,2895400
958,2671800
959,3081100
960,3159100
961,2867100
962,2763600
963,2784700
964,2795300
965,2907700
966,3291200
967,2617800
968,2878300
969,2727200
970,2759100
971,3228400
972,2910200
973,2691200
974,2766300
975,2773100
976,2734200
977,3121000
978,3054800
979,3035400
980,2630900
981,2812500
982,3130300
983,2960500
984,2736300
985,2769700
986,2679900
987,2798800
988,3259500
989,2827500
990,2717100
991,2784200
992,2723700
993,2782900
994,2887300
995,3366100
996,2762400
997,2720200
998,2831900
999,3081200
1000,2839300
1001,3114700
1002,3082400
1003,2762600
1004,3049200
1005,2739700
1006,3251600
1007,2832600
1008,2764600
1009,2881000
1010,2832000
1011,2945900
1012,3429100
1013,2714200
1014,2778500
1015,2880700
1016,2795300
1017,3110300
1018,3420600
1019,2663900
1020,2956400
1021,2736400
1022,3015100
1023,3258600
1024,2814300
1025,2799500
1026,2887000
1027,2909800
1028,2918300
1029,3433000
1030,2694500
1031,3028800
1032,2746400
1033,2781200
1034,3108400
1035,3141600
1036,3238100
1037,2641700
1038,2859100
1039,3023900
1040,3188600
1041,3096000
1042,2556700
1043,2770600
1044,2896000
1045,2940100
1046,3305200
1047,2911300
1048,2663100
1049,2852600
1050,2883800
1051,3018700
1052,3328300
1053,2606900
1054,2840400
1055,2859800
1056,3026900
1057,3391400
1058,2939400
1059,2752900
1060,2854700
1061,2942500
1062,2872000
1063,3297900
1064,2709000
1065,2880600
1066,2800600
1067,2807600
1068,3291900
1069,3156300
1070,2698900
1071,2842200
1072,2817500
1073,3307100
1074,3167900
1075,3032200
1076,2692800
1077,2845900
1078,2960400
1079,2833400
1080,3163300
1081,2753600
1082,2753800
1083,2849600
1084,2908800
1085,3027300
1086,3011300
1087,2768800
1088,2704400
1089,2901400
1090,2816000
1091,3385300
1092,2802400
1093,2593100
1094,3018800
1095,2649600
1096,3002300
1097,3212200
1098,2863600
1099,2764700
1100,2771400
1101,2823200
1102,2955300
1103,3350900
1104,2780800
1105,2770800
1106,2754400
1107,2782800
1108,3020200
1109,3112300
1110,3125600
1111,2649000
1112,2544600
1113,2744100
1114,3061600
1115,3051400
1116,2795800
1117,2750000
1118,2733100
1119,2919100
1120,3133100
1121,2908500
1122,2731400
1123,2725400
1124,2770500
1125,2955100
1126,3403000
1127,2581300
1128,2906500
1129,2727400
1130,2829100
1131,2851700
1132,3316200
1133,2570000
1134,2882800
1135,2662500
1136,2844000
1137,3034700
1138,3170700
1139,2654500
1140,2807400
1141,2746900
1142,2804500
1143,3550600
1144,3038000
1145,2386500
1146,2762200
1147,2772000
1148,2952100
1149,3295700
1150,2833300
1151,2737600
1152,2896400
1153,2875700
1154,3167900
1155,3051400
1156,2828900
1157,2777700
1158,3113500
1159,2601500
1160,3069300
1161,3120800
1162,2855900
1163,2744000
1164,2913600
1165,2864400
1166,3298500
1167,2794800
1168,2730200
1169,3006000
1170,2740700
1171,3155200
1172,3109600
1173,2923100
1174,2810400
1175,2940600
1176,2778400
1177,3240300
1178,3118300
1179,2806800
1180,2848700
1181,2856900
1182,2861200
1183,3381400
1184,2765300
1185,2974800
1186,2644100
1187,2922000
1188,3109200
1189,3276100
1190,2596700
1191,2895000
1192,2787600
1193,2781100
1194,3119600
1195,3102900
1196,2929200
1197,2644200
1198,2815300
1199,2902900
1200,3345700
1201,2995800
1202,2546500
1203,2797800
1204,2799300
1205,2904800
1206,3364400
1207,2811400
1208,2976200
1209,2716500
1210,2867200
1211,2861100
1212,3476300
1213,2584900
1214,2749200
1215,2818100
1216,2806800
1217,3385600
1218,3003600
1219,2671700
1220,2869200
1221,2704500
1222,2988800
1223,3209700
1224,2759800
1225,2792300
1226,2780300
1227,2719100
1228,3338400
1229,3187600
1230,3043400
1231,2863600
1232,2639500
1233,2841300
1234,3018900
1235,2935400
1236,2791600
1237,2667900
1238,2982900
1239,3012700
1240,2781000
1241,3024900
1242,2788500
1243,2848400
1244,3000900
1245,3591100
1246,2558700
1247,2908000
1248,2533800
1249,2743300
1250,3175200
1251,3286100
1252,2952600
1253,2623900
1254,2663800
1255,2948100
1256,2687300
1257,3076900
1258,2955800
1259,2895600
1260,2954500
1261,2875100
1262,2588300
1263,3038700
1264,3008400
1265,2738700
1266,2939600
1267,2714200
1268,3095600
1269,3171800
1270,2914100
1271,2905900
1272,2736400
1273,2922900
1274,2866500
1275,3309100
1276,3006900
1277,2549200
1278,2830000
1279,2794900
1280,3137500
1281,3050000
1282,2864100
1283,2785700
1284,2742900
1285,2876500
1286,3438200
1287,3136200
1288,2612000
1289,2803300
1290,2853300
1291,2947600
1292,3547300
1293,2603600
1294,2847100
1295,2792200
1296,2888600
1297,2891800
1298,3303800
1299,2662600
1300,2813100
1301,2800800
1302,2858500
1303,3762500
1304,2565200
1305,2727100
1306,2802700
1307,2823700
1308,3158600
1309,3060800
1310,2652600
1311,2861900
1312,2759100
1313,2802800
1314,3089600
1315,3081600
1316,2681600
1317,2801300
1318,2807900
1319,2946700
1320,2955300
1321,3080500
1322,2677600
1323,2882300
1324,2730900
1325,2935000
1326,3543500
1327,2644300
1328,2772400
1329,2778000
1330,2999700
1331,2608800
1332,3433100
1333,2625100
1334,2736500
1335,2939200
1336,2683400
1337,2876300
1338,3321900
1339,2605600
1340,2804300
1341,2953300
1342,2660500
1343,3053800
1344,3376800
1345,2656000
1346,2914700
1347,2672900
1348,2845600
1349,3270400
1350,2837600
1351,2810000
1352,2697900
1353,2718900
1354,2875200
1355,3373700
1356,2753600
1357,2779600
1358,2751700
1359,2871700
1360,2904600
1361,3141900
1362,3054700
1363,2577000
1364,2778400
1365,2863900
1366,3142200
1367,3493900
1368,2695700
1369,2773400
1370,2837400
1371,2890300
1372,3335700
1373,2737900
1374,2897900
1375,2796100
1376,2803900
1377,3165600
1378,3260100
1379,2637900
1380,2817000
1381,2801200
1382,2835100
1383,3151100
1384,3380800
1385,2801400
1386,2761500
1387,2807800
1388,2907900
1389,3170500
1390,3074100
1391,2789100
1392,2778200
1393,2873600
1394,3237000
1395,3119900
1396,2608700
1397,2887300
1398,2799800
1399,2825100
1400,3241100
1401,3098800
1402,3003900
1403,2819700
1404,2853300
1405,2935800
1406,3556600
1407,2691500
1408,2791100
1409,2882900
1410,2945700
1411,2914700
1412,3469700
1413,2673300
1414,2831100
1415,2836600
1416,2912000
1417,2971400
1418,3166500
1419,2725800
1420,2849000
1421,2902800
1422,2832800
1423,3061600
1424,3233500
1425,2683500
1426,2973800
1427,2611300
1428,3011300
1429,3247500
1430,2652200
1431,3068000
1432,2632300
1433,2746900
1434,2991600
1435,3260100
1436,2708300
1437,2821600
1438,2763800
1439,2739400
1440,3300800
1441,3355200
1442,2748100
1443,2722000
1444,2766400
1445,2911700
1446,3270000
1447,2917300
1448,2633800
1449,2742600
1450,2841600
1451,3081500
1452,2984400
1453,2801700
1454,2681100
1455,2875800
1456,2797900
1457,2869300
1458,3583700
1459,2482400
1460,2658800
1461,2820100
1462,2755000
1463,3302300
1464,2877600
1465,2658500
1466,2774700
1467,2737900
1468,2773800
1469,3040200
1470,3138800
1471,2630600
1472,2781300
1473,2778300
1474,2803100
1475,3428300
1476,2872300
1477,2715300
1478,2727000
1479,2832400
1480,3049500
1481,3319700
1482,2784900
1483,2731900
1484,2764700
1485,2986900
1486,2824800
1487,3078500
1488,3258800
1489,2296700
1490,2818600
1491,2852100
1492,2841300
1493,3297600
1494,2766900
1495,2726800
1496,3138600
1497,2610700
1498,3473800
1499,2758000
1500,2931400
1501,2684500
1502,2871300
1503,2965500
1504,3227900
1505,2777200
1506,2783400
1507,2896400
1508,2759400
1509,2938700
1510,3226100
1511,2816100
1512,2953900
1513,2730900
1514,2816000
1515,3318500
1516,3356200
1517,2887200
1518,2713600
1519,2843000
1520,2973500
1521,3130800
1522,2785100
1523,2946400
1524,2783800
1525,2801500
1526,2964100
1527,3242600
1528,2854200
1529,2820200
1530,2806600
1531,2883200
1532,3342200
1533,2821300
1534,2780900
1535,2807200
1536,2782000
1537,3195100
1538,3356000
1539,2737900
1540,2729300
1541,2770300
1542,2873000
1543,3112400
1544,3178700
1545,2749700
1546,2762500
1547,2785600
1548,2872100
1549,3194000
1550,2933700
1551,2807700
1552,2806300
1553,2843000
1554,3039200
1555,3663600
1556,2696500
1557,2890200
1558,2723600
1559,2895100
1560,3101100
1561,3028900
1562,2733000
1563,2869100
1564,2738900
1565,3034800
1566,2850400
1567,3083500
1568,2779200
1569,2779200
1570,2847100
1571,2954600
1572,3005800
1573,3237100
1574,2734500
1575,2788000
1576,2913400
1577,3230000
1578,3214500
1579,2575200
1580,2695500
1581,2857700
1582,2819400
1583,2958500
1584,3148000
1585,2689300
1586,2854100
1587,3134200
1588,2957800
1589,3154900
1590,3072800
1591,2432900
1592,2712100
1593,3058800
1594,2977200
1595,3223400
1596,2695400
1597,2758300
1598,3196800
1599,3168400
1600,2809700
1601,2846300
1602,2627100
1603,2845900
1604,2658200
1605,2748200
1606,2940300
1607,3159600
1608,2660600
1609,3300500
1610,2542600
1611,2968300
1612,2758100
1613,3190800
1614,3055400
1615,2536500
1616,2777900
1617,3018800
1618,3167300
1619,2671700
1620,2949200
1621,2773900
1622,2749400
1623,3160900
1624,3048100
1625,2930200
1626,2627000
1627,2828000
1628,2810700
1629,3190000
1630,3673400
1631,3255300
1632,2691400
1633,2783000
1634,4437500
1635,3631200
1636,2001400
1637,1948800
1638,2718400
1639,2769800
1640,2948500
1641,3308900
1642,2655300
1643,2760300
1644,2884200
1645,2737000
1646,3007800
1647,3143900
1648,2710000
1649,2762300
1650,2877000
1651,2822300
1652,3074000
1653,2987200
1654,3051300
1655,2757200
1656,2781900
1657,3150200
1658,3027200
1659,2747000
1660,2722500
1661,2809400
1662,2966300
1663,3034000
1664,3002100
1665,2745800
1666,2779200
1667,2782000
1668,2947700
1669,3176800
1670,3302000
1671,2738100
1672,2775400
1673,2857700
1674,2943200
1675,3197500
1676,2703800
1677,2816300
1678,2771400
1679,2920600
1680,3057600
1681,2928300
1682,2739200
1683,2820900
1684,2925000
1685,2729600
1686,2971400
1687,3169600
1688,2727600
1689,2976500
1690,2762400
1691,3023000
1692,3313400
1693,2647500
1694,2802100
1695,2860100
1696,2779500
1697,2853900
1698,3335100
1699,2728600
1700,2849900
1701,2750100
1702,2805900
1703,2969700
1704,3151400
1705,3158300
1706,2511900
1707,2679000
1708,2857300
1709,3145000
1710,3111900
1711,3001500
1712,2716200
1713,2758700
1714,2914300
1715,3332000
1716,2911000
1717,2595100
1718,2812600
1719,2822600
1720,3003300
1721,3207900
1722,2846200
1723,2694300
1724,2804300
1725,2922600
1726,3045100
1727,3100000
1728,2942500
1729,2783100
1730,2908600
1731,2827500
1732,2976500
1733,3092100
1734,2802900
1735,2774600
1736,3034700
1737,2671600
1738,3661800
1739,2512500
1740,2782700
1741,2781800
1742,2932200
1743,2914400
1744,3424000
1745,2963400
1746,2799800
1747,2828900
1748,2796200
1749,3083700
1750,3082800
1751,2826200
1752,2855300
1753,2767000
1754,3059300
1755,2868700
1756,3150500
1757,2764200
1758,2861000
1759,2780500
1760,2951400
1761,3250100
1762,2799400
1763,2923300
1764,2768100
1765,3144900
1766,2752300
1767,3432500
1768,2735300
1769,2811900
1770,2898600
1771,2788700
1772,3341900
1773,2749600
1774,2908400
1775,2724600
1776,2964800
1777,2817000
1778,3471700
1779,2756000
1780,2829600
1781,2912700
1782,2732000
1783,3087400
1784,2971600
1785,3209600
1786,2652400
1787,2770500
1788,2828900
1789,3171600
1790,2963800
1791,2809900
1792,2811500
1793,2799500
1794,2821900
1795,3304800
1796,2739500
1797,2818200
1798,2713400
1799,2780600
1800,2984000
1801,3216100
1802,3072200
1803,2811200
1804,2494500
1805,2889600
1806,2928700
1807,3078400
1808,2687600
1809,2784200
1810,2735400
1811,2753500
1812,2887400
1813,3440100
1814,2521600
1815,2747300
1816,2773400
1817,2801700
1818,3410000
1819,2775300
1820,2653100
1821,2756500
1822,2809900
1823,2854100
1824,3525400
1825,2841200
1826,2678400
1827,2850400
1828,2859800
1829,3036300
1830,2994500
1831,2766600
1832,3483700
1833,2073500
1834,2830400
1835,3109200
1836,3100000
1837,2701000
1838,2813300
1839,2880300
1840,2789600
1841,3056300
1842,3187700
1843,2963500
1844,2761300
1845,2889200
1846,3085700
1847,3147300
1848,2754400
1849,2799700
1850,2910200
1851,3042000
1852,2846600
1853,3440800
1854,2688400
1855,2902800
1856,2818100
1857,2961300
1858,3090100
1859,3079200
1860,2792500
1861,2820700
1862,3009900
1863,3090300
1864,3329500
1865,2694600
1866,2827500
1867,2941000
1868,2726800
1869,3002700
1870,3349300
1871,2700400
1872,3000900
1873,2724000
1874,2848100
1875,3345800
1876,2896100
1877,2951000
1878,2712000
1879,2804900
1880,2980100
1881,3262600
1882,3110700
1883,2773300
1884,2895700
1885,2724700
1886,3029700
1887,3209400
1888,2959900
1889,2675800
1890,2806800
1891,2837000
1892,3214500
1893,3296300
1894,2635200
1895,2790400
1896,2861900
1897,3046100
1898,3109600
1899,3109000
1900,2711200
1901,2810600
1902,2877700
1903,2851600
1904,3326900
1905,2697500
1906,2780700
1907,2869400
1908,2801100
1909,3131400
1910,2992300
1911,2713200
1912,2904400
1913,2816400
1914,2758100
1915,3413500
1916,2728700
1917,2718500
1918,2784300
1919,2776000
1920,3371100
1921,3365900
1922,3005200
1923,2773300
1924,2625400
1925,2779500
1926,3006800
1927,3033000
1928,2696800
1929,2796600
1930,2871000
1931,3242000
1932,3341800
1933,2601300
1934,2922900
1935,2393000
1936,2829100
1937,3108100
1938,2636000
1939,3292200
1940,2582700
1941,2766800
1942,3134200
1943,2747100
1944,2981100
1945,2672600
1946,2806400
1947,2710600
1948,3119000
1949,3276700
1950,2983900
1951,2559400
1952,2638000
1953,2949500
1954,2586200
1955,2898800
1956,3179100
1957,2654900
1958,2783500
1959,3245400
1960,2922600
1961,2683100
1962,3177900
1963,2653600
1964,2973100
1965,2687700
1966,2933700
1967,3388900
1968,2678800
1969,2780300
1970,2874900
1971,3979400
1972,2180900
1973,2743000
1974,2716400
1975,3001200
1976,2639800
1977,2865800
1978,3169400
1979,3120600
1980,2999000
1981,2607200
1982,2783800
1983,2983900
1984,3305800
1985,2672500
1986,2876700
1987,2823600
1988,2856700
1989,3122400
1990,3021700
1991,2946500
1992,2681000
1993,2875400
1994,2827300
1995,3053100
1996,3599000
1997,2629100
1998,2854900
1999,2856200
2000,2893700
2001,3347600
2002,2769900
2003,2786900
2004,2857400
2005,2931200
2006,2881900
2007,3601700
2008,2685800
2009,2813500
2010,2856100
2011,2809500
2012,3134100
2013,3167000
2014,3002500
2015,2773600
2016,2918500
2017,3045600
2018,3188800
2019,2764600
2020,3181700
2021,2472100
2022,2796100
2023,3061900
2024,3069700
2025,2820900
2026,2790700
2027,2887400
2028,2892900
2029,2890600
2030,3161300
2031,2757700
2032,2834400
2033,2873200
2034,2933800
2035,3166300
2036,2725300
2037,3111000
2038,2829900
2039,2918600
2040,2836000
2041,3476500
2042,2745400
2043,2811100
2044,2952300
2045,2772200
2046,3039300
2047,3046000
2048,2840900
2049,3077200
2050,2627900
2051,2791700
2052,3436600
2053,2778400
2054,2695400
2055,3623400
2056,2415800
2057,2866300
2058,3259500
2059,2763200
2060,2850300
2061,2841100
2062,2882200
2063,2890400
2064,3257000
2065,2927400
2066,2643600
2067,2945200
2068,2721000
2069,3403400
2070,2951200
2071,2786600
2072,3020200
2073,2726700
2074,2957000
2075,3269800
2076,2808300
2077,2773300
2078,2902700
2079,2788800
2080,3112200
2081,3330700
2082,2618900
2083,2831300
2084,2866100
2085,2817600
2086,2953300
2087,3292400
2088,2809200
2089,2775300
2090,3343500
2091,2480900
2092,3359900
2093,2799700
2094,2987100
2095,2901300
2096,2847400
2097,3205000
2098,3021400
2099,2815900
2100,2833600
2101,2853300
2102,2943500
2103,3123400
2104,3231500
2105,2773500
2106,2832300
2107,3351700
2108,2709400
2109,3253100
2110,2821900
2111,2854300
2112,2827300
2113,2919100
2114,3138500
2115,3215500
2116,2693700
2117,2871800
2118,2803000
2119,2871400
2120,2934800
2121,3288500
2122,2751500
2123,2903600
2124,3190500
2125,2431600
2126,3302200
2127,2720200
2128,2849400
2129,2918800
2130,2774300
2131,3169800
2132,3073100
2133,3006600
2134,2877000
2135,2704100
2136,2831700
2137,2918300
2138,3262200
2139,2877100
2140,2744300
2141,2746600
2142,3024400
2143,3138900
2144,2869100
2145,2990700
2146,2623600
2147,2788700
2148,2903600
2149,3180000
2150,2977700
2151,2681500
2152,2766000
2153,2780700
2154,3129100
2155,3129800
2156,2917200
2157,2698700
2158,2823800
2159,3288600
2160,2341400
2161,3490700
2162,2614700
2163,3067000
2164,2785100
2165,2985000
2166,3271400
2167,2781300
2168,2775200
2169,2839100
2170,2814400
2171,2936500
2172,3242400
2173,2688900
2174,2836900
2175,2794200
2176,2825000
2177,3217900
2178,3113000
2179,2679800
2180,2874800
2181,2813800
2182,3110000
2183,3100600
2184,2818200
2185,2853100
2186,2847100
2187,2908100
2188,2989800
2189,3620900
2190,2674500
2191,2862700
2192,2954000
2193,2845000
2194,3782100
2195,2466600
2196,2781600
2197,2945000
2198,2922000
2199,2958600
2200,3275400
2201,2858600
2202,2887800
2203,3041800
2204,2631900
2205,3138600
2206,3467500
2207,2760600
2208,3126400
2209,2647000
2210,2839600
2211,3475900
2212,2864000
2213,2843700
2214,2915600
2215,2843300
2216,2942200
2217,3284100
2218,2820800
2219,2905800
2220,2903300
2221,2821200
2222,3047000
2223,3130500
2224,3317600
2225,2616500
2226,2744200
2227,3182300
2228,5205900
2229,2000400
2230,1816200
2231,2756900
2232,3119500
2233,3012700
2234,3318900
2235,2873800
2236,2820000
2237,2830400
2238,2944000
2239,3293400
2240,2885600
2241,2761200
2242,2894800
2243,2886100
2244,3096700
2245,3127100
2246,2787500
2247,2763700
2248,2908400
2249,3117300
2250,3120500
2251,3063800
2252,2710300
2253,2894100
2254,2824200
2255,3093200
2256,3170100
2257,2798000
2258,2760900
2259,2767400
2260,2860000
2261,3218300
2262,3421700
2263,2474300
2264,2744300
2265,2861700
2266,2958000
2267,3465500
2268,3203700
2269,2575400
2270,2773500
2271,2745500
2272,3334600
2273,2833000
2274,3121600
2275,2619800
2276,2634900
2277,3073700
2278,2677500
2279,3305200
2280,2719200
2281,2710200
2282,3225100
2283,2531000
2284,3224200
2285,3060200
2286,2719400
2287,2796300
2288,2866800
2289,2771800
2290,2907500
2291,3268100
2292,2712000
2293,3213900
2294,2512000
2295,3195700
2296,3068100
2297,3137600
2298,2297300
2299,2652000
2300,2781900
2301,3109600
2302,3306000
2303,2699400
2304,3167200
2305,2557700
2306,2994000
2307,2810500
2308,3342300
2309,2820300
2310,2706700
2311,2830500
2312,2812100
2313,3371500
2314,2675400
2315,2854100
2316,2779200
2317,2781600
2318,3011400
2319,3214400
2320,3245400
2321,2939600
2322,2652400
2323,4059600
2324,4084400
2325,2367800
2326,1903700
2327,2265700
2328,2750600
2329,2814600
2330,3040500
2331,3261000
2332,2968800
2333,2545600
2334,2801400
2335,2902300
2336,3522800
2337,2622700
2338,2827500
2339,2818700
2340,2787500
2341,3439800
2342,2961500
2343,2772900
2344,3081200
2345,2907300
2346,2742000
2347,3204500
2348,3006300
2349,2837800
2350,2774100
2351,2815500
2352,3143100
2353,3108900
2354,2770400
2355,2792100
2356,2832500
2357,2787600
2358,3239800
2359,3026200
2360,2759200
2361,2846000
2362,3142100
2363,2936200
2364,2915900
2365,3137800
2366,2811700
2367,3167300
2368,2707700
2369,2711600
2370,3340400
2371,2717500
2372,2827300
2373,2850200
2374,3043000
2375,2915800
2376,3307200
2377,3004000
2378,2869700
2379,2856600
2380,2744000
2381,3109700
2382,3072800
2383,2740600
2384,2911000
2385,2802700
2386,2874300
2387,3279100
2388,2716400
2389,2876400
2390,2847100
2391,2849700
2392,2886500
2393,3219500
2394,2728400
2395,3040800
2396,2620500
2397,2868100
2398,3042800
2399,3216900
2400,3006000
2401,2560600
2402,3200300
2403,2389900
2404,3045400
2405,3092500
2406,2781000
2407,2792100
2408,2756600
2409,2881400
2410,3306400
2411,3040800
2412,2449300
2413,2806800
2414,2714500
2415,3048700
2416,3538100
2417,2626000
2418,2838900
2419,2719300
2420,2796000
2421,2880200
2422,3167200
2423,2799900
2424,2844700
2425,2742100
2426,2757100
2427,3332500
2428,2905900
2429,2667300
2430,2821000
2431,2717800
2432,2908700
2433,3307000
2434,2700900
2435,2753900
2436,2863400
2437,3146600
2438,3005000
2439,3094400
2440,2640300
2441,2844200
2442,2811000
2443,2840600
2444,3039400
2445,3211800
2446,2706000
2447,2987400
2448,2699000
2449,2937500
2450,3136200
2451,3116700
2452,2748200
2453,2859000
2454,2714200
2455,3267500
2456,2988000
2457,2929000
2458,2902800
2459,2727600
2460,2821000
2461,2906600
2462,3228800
2463,2753400
2464,2766100
2465,2918000
2466,2759200
2467,2950700
2468,3156500
2469,2686000
2470,2815100
2471,2886500
2472,3513700
2473,2238200
2474,3393500
2475,2675800
2476,2922700
2477,2742000
2478,2857400
2479,3321700
2480,2727600
2481,2732600
2482,2888300
2483,2746800
2484,2960900
2485,3232100
2486,2693700
2487,3183900
2488,2600000
2489,2675700
2490,3206400
2491,3062800
2492,2704900
2493,3132000
2494,2745000
2495,2668900
2496,2977000
2497,3037800
2498,2785400
2499,2725900
2500,2909800
2501,2872900
2502,3125800
2503,2907000
2504,2718500
2505,2774100
2506,2749600
2507,3666900
2508,2655700
2509,2991600
2510,2681200
2511,2810700
2512,2807000
2513,3107500
2514,2979400
2515,2773300
2516,2783300
2517,2811800
2518,2840400
2519,3294600
2520,2850000
2521,2736900
2522,2827500
2523,2788700
2524,2900500
2525,3377800
2526,2611500
2527,2791600
2528,2892200
2529,2694000
2530,3387200
2531,3267000
2532,2860000
2533,2790900
2534,2897800
2535,2833200
2536,3173700
2537,3044600
2538,2751000
2539,2867500
2540,2850700
2541,3134100
2542,3828000
2543,2100000
2544,2826500
2545,2824900
2546,3099700
2547,2774300
2548,3206200
2549,2850400
2550,2788800
2551,2894400
2552,3018200
2553,2979600
2554,3120600
2555,3111200
2556,2784100
2557,2997000
2558,2803500
2559,3271800
2560,2789700
2561,2951100
2562,2860400
2563,2913400
2564,2929300
2565,3558800
2566,2716800
2567,2851600
2568,2845300
2569,3063200
2570,3301500
2571,3011100
2572,2794300
2573,2978200
2574,2710900
2575,3027700
2576,3655700
2577,2280100
2578,2923900
2579,2842200
2580,2844100
2581,2923300
2582,3262700
2583,2692000
2584,2888900
2585,2817400
2586,2945100
2587,2937600
2588,3288700
2589,2805600
2590,2704800
2591,3011800
2592,2755400
2593,3232500
2594,2739600
2595,2876400
2596,2765500
2597,2906900
2598,2841400
2599,3339400
2600,2703100
2601,2731800
2602,2886000
2603,2725500
2604,3140600
2605,3190100
2606,2911000
2607,2924300
2608,2805700
2609,2810700
2610,3379000
2611,3632700
2612,2285100
2613,2834700
2614,2909600
2615,2670700
2616,2950400
2617,3190500
2618,2706300
2619,2576900
2620,2996000
2621,2577800
2622,3585200
2623,2481100
2624,2942700
2625,2669200
2626,2715500
2627,2974800
2628,3219700
2629,2664800
2630,2717800
2631,2619400
2632,2746900
2633,3205700
2634,2825200
2635,2864900
2636,2735600
2637,2687100
2638,2917500
2639,3304400
2640,2608300
2641,2742500
2642,2794500
2643,2879300
2644,3198600
2645,3270700
2646,3456300
2647,2496300
2648,2508500
2649,2710700
2650,3271900
2651,2897200
2652,2642200
2653,2843700
2654,2720100
2655,2858300
2656,3026600
2657,2995500
2658,2840300
2659,2703600
2660,2924000
2661,2757700
2662,3292400
2663,2702300
2664,2813600
2665,2780400
2666,2902400
2667,2979400
2668,3034200
2669,3026400
2670,2764000
2671,2873700
2672,2771000
2673,2831500
2674,3191800
2675,2866700
2676,2632400
2677,2952800
2678,2718000
2679,3425300
2680,3313200
2681,3361100
2682,2139600
2683,2749500
2684,3071600
2685,3055000
2686,2846000
2687,2760200
2688,2871000
2689,2704900
2690,3270300
2691,2934500
2692,2789100
2693,2845700
2694,2740900
2695,2831200
2696,3014000
2697,3116600
2698,2834000
2699,2931300
2700,2905300
2701,2872800
2702,3399400
2703,2692100
2704,2857900
2705,2734600
2706,2803300
2707,2978500
2708,3134400
2709,2838600
2710,2754600
2711,2807900
2712,2899400
2713,2826000
2714,3207800
2715,2998700
2716,2682000
2717,2740300
2718,2783700
2719,3188100
2720,3256200
2721,2656300
2722,2803800
2723,2821600
2724,2804800
2725,3757900
2726,2842100
2727,2663800
2728,2893000
2729,2807200
2730,3014300
2731,3187700
2732,2632500
2733,2817200
2734,2769200
2735,2882300
2736,3065000
2737,3152000
2738,2604300
2739,2868200
2740,2787800
2741,2824300
2742,2987000
2743,3136200
2744,2900200
2745,2816900
2746,2789400
2747,3125900
2748,3110000
2749,2649900
2750,2816200
2751,2802800
2752,2794700
2753,3632200
2754,3043500
2755,2741500
2756,2873300
2757,2888400
2758,3051100
2759,3305700
2760,2588700
2761,2625600
2762,3036100
2763,3355000
2764,2892500
2765,3120500
2766,2392200
2767,2346700
2768,2804100
2769,2908700
2770,2829400
2771,3272200
2772,2684000
2773,2809900
2774,2989800
2775,2588600
2776,2902800
2777,3255900
2778,2676100
2779,2812200
2780,2923500
2781,2679700
2782,3126400
2783,3189500
2784,3019700
2785,2810500
2786,2831000
2787,2852100
2788,3470100
2789,2643800
2790,3136600
2791,2509000
2792,2768200
2793,2984300
2794,3475100
2795,2644700
2796,2802800
2797,2741300
2798,2842000
2799,3088800
2800,3052600
2801,3123200
2802,2684000
2803,2708100
2804,2884900
2805,2921900
2806,3537500
2807,2508000
2808,2647600
2809,2837200
2810,2785200
2811,3299100
2812,2892800
2813,2600600
2814,2838500
2815,2754100
2816,2985800
2817,3247800
2818,2747700
2819,2711300
2820,2826500
2821,2847600
2822,3045700
2823,3333200
2824,2670300
2825,2779000
2826,2906700
2827,2733700
2828,3297500
2829,2905600
2830,2728000
2831,2765600
2832,2800500
2833,2876500
2834,3782600
2835,2543500
2836,2782700
2837,2741100
2838,2795500
2839,3119900
2840,3090700
2841,2693300
2842,2705200
2843,2847500
2844,2811800
2845,2892800
2846,3204000
2847,2750000
2848,2732800
2849,2867800
2850,2944000
2851,2884800
2852,3121700
2853,2700200
2854,2842000
2855,2767600
2856,3093800
2857,3380300
2858,2693200
2859,2746100
2860,2809900
2861,3142200
2862,2735800
2863,3241800
2864,2675700
2865,2922600
2866,2744100
2867,2878400
2868,3063600
2869,3273300
2870,2713300
2871,2820600
2872,2876900
2873,2821500
2874,3107400
2875,3129200
2876,2763000
2877,3218400
2878,2600200
2879,3214200
2880,3224300
2881,2768000
2882,2879400
2883,2857300
2884,2792500
2885,3261800
2886,3083900
2887,2740500
2888,2999800
2889,2722700
2890,2941900
2891,3469300
2892,2696100
2893,2961200
2894,2751300
2895,2950300
2896,3269100
2897,3048200
2898,3255600
2899,2667800
2900,2868800
2901,2939000
2902,2963200
2903,3218000
2904,2890500
2905,2824700
2906,2927300
2907,3037400
2908,3505800
2909,2764900
2910,3000500
2911,2797300
2912,2855800
2913,3158500
2914,3486300
2915,2681200
2916,2865300
2917,2870800
2918,2876600
2919,3400900
2920,2847000
2921,2797900
2922,2836300
2923,2970400
2924,2866400
2925,3308100
2926,2756400
2927,2897200
2928,2892300
2929,2854900
2930,3098700
2931,3054200
2932,2735400
2933,2787800
2934,2923300
2935,2844200
2936,3381800
2937,2887600
2938,2811300
2939,2931500
2940,2669300
2941,3266700
2942,3078200
2943,2636100
2944,2843400
2945,2853400
2946,2740700
2947,3235300
2948,2997900
2949,2793700
2950,2879600
2951,2821000
2952,2757000
2953,3073700
2954,3172500
2955,2756300
2956,2814200
2957,3637400
2958,3346800
2959,3111500
2960,3109500
2961,2264200
2962,2352900
2963,2214000
2964,3036700
2965,3098400
2966,2723500
2967,2699300
2968,2905900
2969,2803700
2970,3059100
2971,2984100
2972,2948900
2973,3081300
2974,2481700
2975,2680200
2976,2972800
2977,3198900
2978,2731600
2979,2793700
2980,2695900
2981,2925700
2982,3305200
2983,2808900
2984,2906100
2985,2589600
2986,2775700
2987,2825500
2988,3268100
2989,2805300
2990,3048900
2991,2596000
2992,2992200
2993,2955200
2994,3138000
2995,3008200
2996,3217800
2997,3190900
2998,2499000
2999,2852300
3000,2586900
3001,2726400
3002,2746500
3003,2794500
3004,2766600
3005,3251100
3006,3021000
3007,2661700
3008,2934300
3009,2791000
3010,2867800
3011,3745000
3012,3340200
3013,2359800
3014,2824500
3015,4752800
3016,3347300
3017,1912400
3018,1863800
3019,2630700
3020,2758300
3021,2883600
3022,3794700
3023,2327800
3024,2759700
3025,3252300
3026,2313400
3027,2947000
3028,3429300
3029,2772500
3030,2767600
3031,2786500
3032,2885700
3033,2846800
3034,3312400
3035,2597000
3036,2831700
3037,2758400
3038,2760300
3039,3015700
3040,3202900
3041,2612900
3042,2827000
3043,2788800
3044,3081700
3045,2697100
3046,3264500
3047,2596000
3048,2781100
3049,3018900
3050,2733100
3051,3269600
3052,3024100
3053,2641100
3054,2790600
3055,2884400
3056,2942600
3057,3318300
3058,2579500
3059,2839800
3060,2908700
3061,2668700
3062,2887100
3063,3267500
3064,2693000
3065,2755500
3066,2867000
3067,2761500
3068,3103500
3069,3393000
3070,2620600
3071,2847500
3072,2750200
3073,2791100
3074,3378200
3075,2626000
3076,3022100
3077,2562300
3078,2751300
3079,2963300
3080,3284100
3081,2656200
3082,2805100
3083,2790500
3084,2761800
3085,2953200
3086,3173300
3087,2859200
3088,2611200
3089,2810000
3090,2803000
3091,3071600
3092,3474700
3093,2638900
3094,2849500
3095,2650000
3096,2816800
3097,3478700
3098,2825800
3099,2620100
3100,2856300
3101,2748400
3102,2893800
3103,3755000
3104,2310700
3105,2773500
3106,2754300
3107,2877100
3108,3119800
3109,3184400
3110,2772700
3111,2821200
3112,2755200
3113,2823000
3114,3164000
3115,2926600
3116,2771300
3117,2834600
3118,2852200
3119,2817100
3120,3436900
3121,2594300
3122,2784000
3123,2799400
3124,2833700
3125,3297300
3126,2893000
3127,2938400
3128,2772000
3129,2756300
3130,2847800
3131,3135000
3132,2982300
3133,2740100
3134,2800600
3135,2758300
3136,2960600
3137,3040200
3138,3189300
3139,2789700
3140,2689500
3141,2836600
3142,2893600
3143,3187400
3144,2700300
3145,2751900
3146,2889800
3147,3088900
3148,2697700
3149,3419300
3150,2620100
3151,2833400
3152,2823200
3153,2766000
3154,2973200
3155,3095900
3156,2692300
3157,2816500
3158,2847500
3159,2759500
3160,2961800
3161,3134400
3162,2704100
3163,2933300
3164,2677800
3165,2856100
3166,2955100
3167,3100700
3168,3007700
3169,2768100
3170,2719200
3171,2854900
3172,3542200
3173,2661900
3174,2971800
3175,2686200
3176,2711800
3177,2978000
3178,3113500
3179,2671000
3180,3199900
3181,2494800
3182,2816400
3183,3045400
3184,2991200
3185,2860500
3186,2703000
3187,2803400
3188,2752200
3189,3068300
3190,2975100
3191,2791700
3192,2778800
3193,2858000
3194,2873600
3195,3369100
3196,2856000
3197,2724400
3198,2817200
3199,2888700
3200,2902200
3201,3468600
3202,2882000
3203,2706700
3204,2882600
3205,2820900
3206,2995100
3207,3342400
3208,2779900
3209,2823700
3210,2923500
3211,2903900
3212,3579800
3213,2750800
3214,2873800
3215,2864800
3216,2944000
3217,3123200
3218,3111900
3219,2745800
3220,2956900
3221,2911600
3222,3136000
3223,2888400
3224,3333400
3225,2808900
3226,2988800
3227,2936200
3228,3108200
3229,3179500
3230,2740500
3231,2924300
3232,2883600
3233,2870900
3234,3156100
3235,3261600
3236,2800200
3237,2963300
3238,3094800
3239,2959000
3240,3363000
3241,2992300
3242,2919900
3243,2985200
3244,2848400
3245,3349700
3246,3251800
3247,2737900
3248,3076400
3249,2834300
3250,3077800
3251,3222900
3252,2825800
3253,3117400
3254,2692500
3255,2928200
3256,3165600
3257,3184000
3258,2827300
3259,2994500
3260,2758400
3261,3129900
3262,3298000
3263,3063400
3264,2797900
3265,2878600
3266,3096100
3267,2780200
3268,3264000
3269,3049000
3270,2771700
3271,2814100
3272,2848600
3273,3047000
3274,3093200
3275,2789000
3276,2792300
3277,2944800
3278,2928400
3279,3192600
3280,3055000
3281,2813700
3282,2841600
3283,2924800
3284,2794900
3285,3534200
3286,2657500
3287,2795200
3288,2836100
3289,2758100
3290,3042600
3291,3031900
3292,2761100
3293,2797300
3294,2904300
3295,2737400
3296,3574200
3297,2534000
3298,3084400
3299,2751100
3300,2711000
3301,3483300
3302,3419800
3303,2699300
3304,3395800
3305,2591400
3306,2506700
3307,2614400
3308,2734000
3309,2758800
3310,2773100
3311,2727800
3312,3047300
3313,2836200
3314,2966900
3315,2786300
3316,2655600
3317,3429400
3318,2722500
3319,2865900
3320,3040900
3321,2662500
3322,2736500
3323,2790000
3324,2814800
3325,3250300
3326,2680400
3327,2807400
3328,2793100
3329,2729100
3330,2868400
3331,3285800
3332,2729100
3333,2698800
3334,2873300
3335,2722000
3336,3090100
3337,3044900
3338,3100600
3339,2697600
3340,2766200
3341,2749700
3342,2910400
3343,3244200
3344,2764100
3345,3363700
3346,3003700
3347,2493800
3348,2948900
3349,2655000
3350,2928900
3351,2615800
3352,2823600
3353,2848800
3354,3288300
3355,3085300
3356,2643200
3357,2930000
3358,2881800
3359,3003200
3360,3141800
3361,2910300
3362,2651000
3363,2826400
3364,2840400
3365,3073300
3366,3168400
3367,2699000
3368,2740500
3369,3305100
3370,2359800
3371,3531400
3372,2674000
3373,3051900
3374,2699200
3375,2793100
3376,2991300
3377,3215200
3378,2749100
3379,2890400
3380,2704800
3381,2835700
3382,3080400
3383,3020800
3384,2811700
3385,2787700
3386,2836300
3387,2775500
3388,3029100
3389,3245800
3390,2699800
3391,2748000
3392,2868800
3393,3026300
3394,3358100
3395,2981100
3396,2697700
3397,2844300
3398,2871100
3399,2886900
3400,3180700
3401,2762200
3402,2743600
3403,3006500
3404,2742300
3405,2840300
3406,3199300
3407,2685000
3408,2832200
3409,2895700
3410,2697700
3411,2962400
3412,3248900
3413,2664100
3414,2857400
3415,3156300
3416,2789900
3417,3219400
3418,2727000
3419,2735000
3420,2850500
3421,2750200
3422,2949300
3423,3267200
3424,2664200
3425,2853500
3426,2735000
3427,2878500
3428,2930500
3429,3095600
3430,3004500
3431,2629300
3432,2725600
3433,2796100
3434,3292700
3435,3382500
3436,2716000
3437,2736600
3438,2844800
3439,2855000
3440,3227000
3441,2913400
3442,2659600
3443,2783700
3444,2764700
3445,2992700
3446,3180500
3447,2862300
3448,2689300
3449,2758400
3450,2794600
3451,3089000
3452,3121500
3453,2951000
3454,2789900
3455,2749300
3456,2841600
3457,3605400
3458,2590600
3459,2707300
3460,2754600
3461,2797700
3462,2948600
3463,3396800
3464,2774300
3465,2562700
3466,2784600
3467,2787400
3468,3275200
3469,2964700
3470,2724000
3471,2750200
3472,2775400
3473,2795800
3474,3305900
3475,3352900
3476,2663000
3477,2825300
3478,2815700
3479,2866500
3480,3291200
3481,2829000
3482,2663500
3483,2783400
3484,2845800
3485,2919500
3486,3187700
3487,2736400
3488,2786800
3489,2746000
3490,2886100
3491,3152600
3492,3128800
3493,2901400
3494,2735100
3495,2874900
3496,2806000
3497,2923500
3498,3128700
3499,2658500
3500,2821000
3501,2899200
3502,2818300
3503,2929700
3504,3155700
3505,2647600
3506,2971400
3507,2656100
3508,3144300
3509,3254700
3510,3008600
3511,2860100
3512,2645300
3513,2906400
3514,2759300
3515,3354400
3516,2635700
3517,2879900
3518,2748500
3519,2798400
3520,2989700
3521,3127500
3522,2767900
3523,2767700
3524,2746900
3525,2766400
3526,3408600
3527,2827200
3528,3011300
3529,2527600
3530,2789500
3531,2924800
3532,3151000
3533,2790500
3534,2701500
3535,2755300
3536,2775800
3537,3003600
3538,3329600
3539,2539700
3540,2853200
3541,2745300
3542,2771300
3543,3273400
3544,2943700
3545,2889300
3546,2729100
3547,2805100
3548,2882200
3549,3282200
3550,3142200
3551,2685500
3552,2933600
3553,2761900
3554,2978900
3555,3280700
3556,2744000
3557,2819500
3558,2838000
3559,3012600
3560,2758900
3561,3376100
3562,2680600
3563,2899400
3564,2964700
3565,2819400
3566,3551100
3567,2663500
3568,2882500
3569,2889700
3570,2885700
3571,3087200
3572,3314500
3573,3032500
3574,2861400
3575,2962300
3576,2829000
3577,3124700
3578,3167400
3579,2842900
3580,3092100
3581,2826200
3582,3130300
3583,3469600
3584,2815900
3585,2945400
3586,2844000
3587,2989500
3588,3253900
3589,3326300
3590,2759300
3591,3013900
3592,3001000
3593,2898900
3594,3378000
3595,2850200
3596,2897800
3597,3020500
3598,2850000
3599,3033800
3600,3249900
3601,3056600
3602,2663200
3603,2988600
3604,2924100
3605,3435400
3606,3095600
3607,2815900
3608,2910100
3609,2835200
3610,3011100
3611,3252500
3612,2916200
3613,2957100
3614,2897400
3615,2663900
3616,3047100
3617,3391700
3618,2613700
3619,2910700
3620,2784200
3621,2951800
3622,3605200
3623,2594600
3624,2812500
3625,2816600
3626,2781600
3627,3139500
3628,3438600
3629,2765500
3630,2739100
3631,2791100
3632,2762300
3633,3429500
3634,2704300
3635,2811300
3636,2692900
3637,2868300
3638,2843900
3639,3327700
3640,2762500
3641,2781900
3642,2698300
3643,2765300
3644,3736600
3645,2798400
3646,2976700
3647,2492200
3648,2715200
3649,2953900
3650,2976900
3651,3187200
3652,2819400
3653,2573400
3654,2802200
3655,2971700
3656,2924700
3657,3039900
3658,2653000
3659,2851000
3660,2937700
3661,2718500
3662,2979400
3663,3159100
3664,2683000
3665,2835300
3666,2872400
3667,2753100
3668,3161000
3669,2644400
3670,2747000
3671,2835200
3672,2896300
3673,2948200
3674,3101200
3675,2665900
3676,2752600
3677,2856800
3678,2789700
3679,2878500
3680,3123500
3681,2702100
3682,2852500
3683,2818200
3684,2725400
3685,3042500
3686,3428800
3687,2726600
3688,2984700
3689,2663500
3690,2823900
3691,3283100
3692,2738900
3693,2721000
3694,3637100
3695,2838200
3696,3217600
3697,2969600
3698,2196000
3699,2924800
3700,2613100
3701,2770500
3702,3002700
3703,3649000
3704,3325800
3705,2220900
3706,3910400
3707,4356100
3708,2453800
3709,2113200
3710,2229100
3711,2760900
3712,3035800
3713,2624400
3714,3267400
3715,2803500
3716,2690100
3717,2779400
3718,2797200
3719,3143200
3720,3279900
3721,2816800
3722,2747200
3723,2820500
3724,2815000
3725,3385700
3726,2690100
3727,2739800
3728,2807800
3729,2753200
3730,2996000
3731,3187200
3732,2868300
3733,2687700
3734,2756900
3735,2856600
3736,2931900
3737,3398700
3738,2687600
3739,2810300
3740,2808900
3741,2800000
3742,3178700
3743,3213000
3744,2731000
3745,2747000
3746,2912000
3747,2716000
3748,3391800
3749,2706300
3750,2741900
3751,2846900
3752,2847200
3753,2950100
3754,3156700
3755,2745300
3756,2748100
3757,2784100
3758,2869500
3759,3098800
3760,2977800
3761,3064900
3762,2722200
3763,2861900
3764,2885500
3765,2762900
3766,3280600
3767,2676900
3768,2818500
3769,3042900
3770,2662200
3771,3471400
3772,2583700
3773,2780100
3774,2788500
3775,2961000
3776,2903000
3777,3393400
3778,2655700
3779,2762100
3780,3024700
3781,2602300
3782,2856500
3783,3223500
3784,2746200
3785,2826900
3786,2882100
3787,2753800
3788,2919400
3789,3211600
3790,2705800
3791,3061800
3792,2579500
3793,2777700
3794,3322900
3795,2699400
3796,2838000
3797,2998200
3798,2825800
3799,2950700
3800,3220600
3801,2751900
3802,2897700
3803,2713900
3804,2738600
3805,2974300
3806,3118900
3807,2949400
3808,2815000
3809,2640100
3810,2791800
3811,3090600
3812,3260500
3813,3075000
3814,2537200
3815,3026700
3816,2817800
3817,3464200
3818,2759400
3819,2792900
3820,2788800
3821,2756700
3822,2872700
3823,3269100
3824,2715100
3825,2831100
3826,2736200
3827,2747900
3828,2891100
3829,3362800
3830,2670000
3831,2711600
3832,2811100
3833,2757400
3834,2894700
3835,3279900
3836,2744100
3837,2734900
3838,2787200
3839,2807700
3840,3193100
3841,3244500
3842,2694500
3843,2781500
3844,2759900
3845,3188800
3846,3039900
3847,2697600
3848,2841300
3849,2656600
3850,2840600
3851,2984800
3852,3332800
3853,2720000
3854,2755100
3855,2752700
3856,3147700
3857,2864200
3858,3017400
3859,3023200
3860,2715600
3861,2762300
3862,2856200
3863,3299100
3864,2664500
3865,2857900
3866,2714200
3867,2936800
3868,2740600
3869,3300800
3870,2734500
3871,2844400
3872,2722600
3873,3330400
3874,2554000
3875,2998500
3876,2868700
3877,2701100
3878,3068600
3879,2623400
3880,2915600
3881,3315100
3882,2587700
3883,2811800
3884,2874000
3885,2724100
3886,3157400
3887,3138600
3888,2733000
3889,2940900
3890,2741700
3891,3038500
3892,3140700
3893,2832500
3894,2887600
3895,2732500
3896,2846200
3897,3128400
3898,2999200
3899,3119500
3900,2767800
3901,2814900
3902,2983900
3903,2986400
3904,3145100
3905,2784000
3906,2884200
3907,2836900
3908,2928300
3909,3319600
3910,2994400
3911,2844100
3912,2710300
3913,2879800
3914,3055700
3915,3446800
3916,2690800
3917,2804400
3918,2987800
3919,2845100
3920,3179400
3921,3311700
3922,2740400
3923,2918500
3924,2963000
3925,3019500
3926,3699500
3927,2671900
3928,2966900
3929,2881100
3930,2938900
3931,3290400
3932,3208400
3933,2818600
3934,2912500
3935,2957600
3936,3041400
3937,3320400
3938,2805100
3939,2934800
3940,2922300
3941,2925800
3942,3087800
3943,3262300
3944,2784700
3945,2953900
3946,2834100
3947,3191700
3948,3174800
3949,2835000
3950,2827100
3951,2935400
3952,3071600
3953,3017000
3954,3155600
3955,3001100
3956,2873300
3957,3009700
3958,2877500
3959,3552600
3960,2728400
3961,2790700
3962,3001600
3963,3137600
3964,2805200
3965,3016800
3966,2759200
3967,2915800
3968,3021600
3969,2749500
3970,3011600
3971,3423300
3972,2770500
3973,2822400
3974,2837100
3975,2819500
3976,3330900
3977,2759200
3978,2801300
3979,2974200
3980,2669500
3981,3132200
3982,3033000
3983,2793900
3984,3233100
3985,2940600
3986,2457900
3987,3079600
3988,2773400
3989,3067700
3990,2808100
3991,2798200
3992,2672600
3993,3041200
3994,3094200
3995,2946000
3996,2860400
3997,3080800
3998,2825300
3999,3089900
4000,2913000
4001,2585800
4002,2715600
4003,2807700
4004,2850600
4005,3185200
4006,3052600
4007,2448200
4008,2725200
4009,2850800
4010,3129100
4011,2901900
4012,3027000
4013,2595400
4014,2741700
4015,2825100
4016,2999800
4017,3175900
4018,2623100
4019,2771200
4020,2868800
4021,2776500
4022,3457300
4023,2592800
4024,2795100
4025,2745600
4026,2914700
4027,2955000
4028,3176100
4029,2989500
4030,2733600
4031,2855300
4032,2786200
4033,3125300
4034,2915800
4035,2743800
4036,2820700
4037,2875700
4038,2771000
4039,3561800
4040,2814000
4041,2684200
4042,2838500
4043,2786500
4044,3244500
4045,3056100
4046,3183800
4047,2557500
4048,2800000
4049,2896900
4050,2697200
4051,3226000
4052,2748500
4053,2922200
4054,2713000
4055,3173300
4056,2519900
4057,3195100
4058,2711100
4059,2853900
4060,2827900
4061,2774800
4062,3058300
4063,3076100
4064,2738100
4065,3108000
4066,2565700
4067,2698100
4068,3612200
4069,2727300
4070,2662300
4071,2933000
4072,2737700
4073,2888500
4074,3529200
4075,2657700
4076,3075000
4077,2580000
4078,2771600
4079,2900800
4080,3181400
4081,2925800
4082,2638100
4083,2738800
4084,2831200
4085,3033600
4086,3413700
4087,2874300
4088,2644500
4089,2773400
4090,2855100
4091,3266100
4092,2934400
4093,2723200
4094,2674200
4095,2806900
4096,2880200
4097,3232900
4098,2852200
4099,2774800
4100,2789100
4101,2736500
4102,2930500
4103,3454700
4104,2641000
4105,2921300
4106,2798900
4107,2751200
4108,3172200
4109,2999700
4110,2802600
4111,2756600
4112,2775600
4113,2779900
4114,3534000
4115,2763600
4116,2702300
4117,2774600
4118,2854900
4119,2892700
4120,3298400
4121,2708900
4122,2751300
4123,2803800
4124,2813000
4125,3044700
4126,3391600
4127,2643000
4128,2826000
4129,2789700
4130,2889600
4131,2970800
4132,3175200
4133,2634900
4134,2834500
4135,2956100
4136,2811200
4137,3186500
4138,2831500
4139,2683500
4140,3034200
4141,2610200
4142,2982900
4143,3419800
4144,2627400
4145,2758700
4146,2876000
4147,2807600
4148,2825400
4149,3290300
4150,2747700
4151,2929100
4152,2675200
4153,2778400
4154,3229100
4155,3129100
4156,2665500
4157,2893500
4158,2751600
4159,2845100
4160,3522700
4161,2738200
4162,2919800
4163,2923800
4164,2857600
4165,2921300
4166,3224200
4167,2777700
4168,2741300
4169,2701300
4170,2839800
4171,3160800
4172,3203200
4173,2510100
4174,2832900
4175,2822300
4176,2712100
4177,3152800
4178,3050400
4179,2669600
4180,2915000
4181,2711600
4182,2954600
4183,3387100
4184,2873200
4185,2719100
4186,2839100
4187,2753800
4188,3053400
4189,3293800
4190,2622800
4191,2751500
4192,2773100
4193,2937500
4194,3010800
4195,3307900
4196,2621600
4197,2760800
4198,2871300
4199,3016000
4200,2852900
4201,3341100
4202,2674800
4203,2845200
4204,2766400
4205,3070000
4206,3105400
4207,2802900
4208,2718700
4209,2779800
4210,2948500
4211,2857300
4212,3177000
4213,2737800
4214,2769700
4215,2781200
4216,3245600
4217,2547600
4218,3185400
4219,2772100
4220,2765400
4221,2907300
4222,2769900
4223,3025700
4224,3029200
4225,2725300
4226,2751500
4227,2959800
4228,2733700
4229,3497500
4230,2776100
4231,2780700
4232,2891500
4233,2714800
4234,3002300
4235,3312500
4236,2662800
4237,3014700
4238,2690400
4239,2818600
4240,3144800
4241,3175600
4242,2986200
4243,2904000
4244,2770100
4245,2945200
4246,3362200
4247,2900000
4248,2965700
4249,2735400
4250,2922300
4251,2916100
4252,3325800
4253,3027500
4254,2720400
4255,2907300
4256,2793200
4257,3182500
4258,3513900
4259,2825000
4260,2829200
4261,3038800
4262,2952400
4263,3352900
4264,2933600
4265,2795400
4266,2921000
4267,2940100
4268,3023700
4269,3523500
4270,2641200
4271,2906300
4272,2868300
4273,2972600
4274,3472600
4275,2839500
4276,2930000
4277,2913200
4278,2875400
4279,3344900
4280,3406700
4281,2788600
4282,2967200
4283,2869300
4284,3142200
4285,3442400
4286,2848800
4287,2855400
4288,2903200
4289,2940800
4290,3148800
4291,3337000
4292,2689900
4293,2903600
4294,2929300
4295,3327500
4296,3109800
4297,2989800
4298,2837100
4299,3013100
4300,2881400
4301,3271500
4302,3038700
4303,2907500
4304,2842100
4305,3058200
4306,2753400
4307,3420200
4308,2663400
4309,2933000
4310,2813100
4311,2869500
4312,3228600
4313,3076200
4314,2976700
4315,2813500
4316,2888300
4317,2740900
4318,2995200
4319,3165200
4320,2733500
4321,3105100
4322,2583100
4323,2853900
4324,3469300
4325,2648200
4326,2795700
4327,3117400
4328,2681900
4329,3129700
4330,2847600
4331,2610300
4332,3039400
4333,2652000
4334,2657800
4335,3162300
4336,3295300
4337,2956800
4338,2735000
4339,2749700
4340,2774600
4341,2993300
4342,3240700
4343,2802000
4344,2850100
4345,2890400
4346,2661200
4347,2764400
4348,3337300
4349,2620600
4350,2619600
4351,2850300
4352,3152200
4353,2895900
4354,3089900
4355,2762200
4356,2852800
4357,2791100
4358,2777700
4359,3310000
4360,2633000
4361,2716500
4362,2793400
4363,2835700
4364,2968000
4365,3290000
4366,2534600
4367,2822200
4368,2828400
4369,2765000
4370,2985400
4371,3290100
4372,2893800
4373,2696500
4374,2857600
4375,3144600
4376,3287500
4377,2691700
4378,2788100
4379,2791100
4380,2833700
4381,3126200
4382,3073100
4383,2695900
4384,2753900
4385,2859800
4386,2807600
4387,3428200
4388,2916000
4389,2594900
4390,2794200
4391,2764300
4392,3837700
4393,2791200
4394,3020000
4395,2822100
4396,2795900
4397,4050200
4398,2747500
4399,4159500
4400,3847300
4401,2254900
4402,2024900
4403,2285300
4404,3443300
4405,2584100
4406,2882700
4407,2780400
4408,2956200
4409,3138000
4410,3205800
4411,2663900
4412,2876300
4413,2809600
4414,2750100
4415,2879300
4416,3359700
4417,2651100
4418,2875100
4419,2855200
4420,2769900
4421,3295900
4422,2768500
4423,2777900
4424,2861200
4425,2723500
4426,2948000
4427,3269500
4428,2795400
4429,2898800
4430,2729100
4431,2735500
4432,3180300
4433,2983600
4434,3067300
4435,2740800
4436,2788400
4437,2761600
4438,3009100
4439,3220400
4440,3000200
4441,2547200
4442,2836300
4443,2777800
4444,3398500
4445,2662700
4446,3027200
4447,2749200
4448,2918300
4449,3169200
4450,3236500
4451,3090800
4452,2823900
4453,2840100
4454,2578600
4455,2772800
4456,3377700
4457,2735000
4458,2707700
4459,2804700
4460,2863800
4461,3041400
4462,3153100
4463,2724000
4464,2768500
4465,2906200
4466,3127000
4467,3045500
4468,3212100
4469,2599100
4470,2808100
4471,2782200
4472,3199300
4473,2888500
4474,2686300
4475,2777500
4476,2830500
4477,2755900
4478,3200400
4479,3008700
4480,2701000
4481,2908700
4482,2785000
4483,2846800
4484,3234200
4485,3091300
4486,2720000
4487,2785500
4488,2907300
4489,2989600
4490,3356800
4491,2750400
4492,2811300
4493,2757000
4494,2943900
4495,2812500
4496,3297900
4497,2646200
4498,2827000
4499,3067000
4500,2658800
4501,3056400
4502,3190800
4503,2695100
4504,2845600
4505,2903900
4506,2762300
4507,3187400
4508,3140600
4509,2791100
4510,2902400
4511,2750100
4512,2976800
4513,3199400
4514,2680800
4515,2858700
4516,2768700
4517,2808900
4518,2988700
4519,3191000
4520,2720800
4521,2825500
4522,2799800
4523,2838000
4524,3196800
4525,3397900
4526,2829100
4527,2712400
4528,2788600
4529,2888200
4530,3336900
4531,2978000
4532,2719200
4533,2612800
4534,2798700
4535,2963000
4536,3277800
4537,2832700
4538,2761900
4539,2756700
4540,2819700
4541,2916200
4542,3591600
4543,2574400
4544,2944300
4545,2765200
4546,2859300
4547,3583500
4548,2499300
4549,2784500
4550,2792400
4551,2793500
4552,2977800
4553,3348800
4554,2687400
4555,2740400
4556,2854600
4557,2868000
4558,3526200
4559,2739500
4560,2594200
4561,2776400
4562,2848900
4563,2816100
4564,3214900
4565,3056600
4566,2787900
4567,2745800
4568,2800400
4569,2998300
4570,3186100
4571,2775400
4572,2788300
4573,2806600
4574,2897500
4575,2943900
4576,3106600
4577,2870100
4578,2722100
4579,2805100
4580,2960900
4581,2960100
4582,3034300
4583,3076400
4584,2748500
4585,2822100
4586,3026800
4587,2929700
4588,3027100
4589,2847400
4590,2959700
4591,2788700
4592,3114800
4593,3034800
4594,2831700
4595,2814700
4596,2767800
4597,2825600
4598,3024000
4599,3441300
4600,2715900
4601,2973000
4602,2826700
4603,2887800
4604,3107600
4605,3419200
4606,2809300
4607,2839600
4608,2923300
4609,3034500
4610,3200500
4611,2822300
4612,2824400
4613,2884000
4614,2863600
4615,3109200
4616,3209800
4617,2871200
4618,2877100
4619,2886000
4620,3118800
4621,3482100
4622,2852800
4623,2834100
4624,2889100
4625,2935900
4626,3098700
4627,3235500
4628,2828900
4629,2796900
4630,3025500
4631,2848400
4632,3474200
4633,2829700
4634,2871300
4635,2981700
4636,2779800
4637,3015400
4638,3589200
4639,2712700
4640,3187200
4641,2780000
4642,2892000
4643,3031300
4644,3183800
4645,2815900
4646,2872100
4647,2812500
4648,3238300
4649,2995300
4650,2811500
4651,2877600
4652,2824300
4653,2843500
4654,2986400
4655,3252000
4656,2811000
4657,2759500
4658,2927400
4659,2812200
4660,3304600
4661,2805100
4662,2739400
4663,2799000
4664,2834600
4665,3091900
4666,3225300
4667,2997300
4668,2792100
4669,2714300
4670,3055500
4671,3027900
4672,3137100
4673,2613200
4674,2639600
4675,2820600
4676,2860900
4677,3119300
4678,3164300
4679,2788300
4680,2713500
4681,2820400
4682,2889000
4683,3222500
4684,3031700
4685,2731600
4686,2913000
4687,3004500
4688,3085900
4689,2926300
4690,2778500
4691,2710200
4692,2876700
4693,2687700
4694,3084700
4695,2815800
4696,3089600
4697,2915500
4698,2712500
4699,2806000
4700,3012500
4701,3091000
4702,2762900
4703,2836000
4704,2763000
4705,2706500
4706,3286900
4707,2748200
4708,3008300
4709,2656800
4710,2934000
4711,2743700
4712,3434600
4713,3014800
4714,2580000
4715,2840200
4716,2749900
4717,3127800
4718,3134100
4719,2800400
4720,2799000
4721,2764300
4722,2792500
4723,2924100
4724,3477700
4725,2574900
4726,2788800
4727,2812500
4728,2788900
4729,3303100
4730,2800800
4731,2733700
4732,2735800
4733,2910400
4734,2983900
4735,3741600
4736,2438800
4737,2697800
4738,2720600
4739,2851400
4740,3702700
4741,2775600
4742,2989900
4743,2609100
4744,2592100
4745,2676900
4746,3245800
4747,2986500
4748,2731800
4749,2769900
4750,2830600
4751,2987600
4752,3254200
4753,2809500
4754,2755700
4755,2834100
4756,2766300
4757,3037400
4758,3529600
4759,2646900
4760,2809300
4761,2800800
4762,3053300
4763,2833900
4764,3110800
4765,2698000
4766,2858200
4767,2761200
4768,2866500
4769,2994000
4770,3073900
4771,2707700
4772,2905200
4773,3108000
4774,2592000
4775,3498700
4776,2747900
4777,2735800
4778,3052600
4779,2647100
4780,2957100
4781,3233800
4782,2686100
4783,2768400
4784,2893700
4785,2790200
4786,3051200
4787,3291800
4788,2704000
4789,3050700
4790,2639000
4791,3086300
4792,3321100
4793,2675900
4794,2799200
4795,2874700
4796,2735500
4797,3179100
4798,2998700
4799,2720500
4800,2956300
4801,2696500
4802,2781800
4803,2915000
4804,3344800
4805,2675800
4806,2870200
4807,2710500
4808,2891100
4809,2988000
4810,3105400
4811,2926800
4812,2708700
4813,2753900
4814,2823400
4815,3042000
4816,3365400
4817,2726400
4818,2852300
4819,2742200
4820,2977800
4821,3227800
4822,2767800
4823,2751200
4824,2790100
4825,2866800
4826,2931600
4827,3588200
4828,2533800
4829,2803000
4830,2894400
4831,2701300
4832,3063400
4833,3360000
4834,2752100
4835,2792700
4836,2806100
4837,2903700
4838,3575100
4839,2494600
4840,2785600
4841,2778300
4842,2864400
4843,3044200
4844,3289900
4845,2711000
4846,2851300
4847,2723700
4848,2819400
4849,3560000
4850,3151800
4851,2627200
4852,2880100
4853,2799100
4854,3120100
4855,3032400
4856,2716300
4857,2883200
4858,2774000
4859,2778000
4860,3170700
4861,3002300
4862,2771800
4863,2758200
4864,2826600
4865,2977200
4866,2914600
4867,3110600
4868,2816000
4869,2781900
4870,3002900
4871,2794200
4872,3131000
4873,3063000
4874,2779400
4875,2822200
4876,3082100
4877,2760000
4878,3124000
4879,2752100
4880,2833600
4881,2944500
4882,2707000
4883,2857600
4884,3172700
4885,2916100
4886,2773300
4887,2961900
4888,2724800
4889,2941700
4890,3413700
4891,2621400
4892,2970500
4893,2679400
4894,2824000
4895,3054000
4896,3047300
4897,2950700
4898,2802400
4899,2690300
4900,2937700
4901,3297300
4902,3067600
4903,2726300
4904,2694500
4905,2737200
4906,2935600
4907,3417300
4908,2592000
4909,2874000
4910,2756100
4911,2779600
4912,2973800
4913,3356000
4914,2671600
4915,2710200
4916,2856600
4917,2788700
4918,3067000
4919,3084100
4920,2873700
4921,2887600
4922,2704700
4923,2887600
4924,3426700
4925,2915500
4926,2770300
4927,2777900
4928,2887200
4929,3184800
4930,2997200
4931,2816700
4932,2872400
4933,2814700
4934,2898700
4935,3444300
4936,2686400
4937,2964000
4938,2743700
4939,2978800
4940,3124400
4941,3307200
4942,2833600
4943,2820900
4944,2945800
4945,2983200
4946,3126200
4947,3519500
4948,2688600
4949,2969300
4950,3127100
4951,2782400
4952,3373600
4953,2843800
4954,2912100
4955,3020600
4956,2808100
4957,3020300
4958,3268700
4959,2946300
4960,2780600
4961,3027300
4962,2977100
4963,3313100
4964,2959200
4965,2800300
4966,3113500
4967,2883000
4968,3109300
4969,3169900
4970,3129100
4971,3221800
4972,2732200
4973,2961400
4974,3392800
4975,2714600
4976,3056200
4977,2809400
4978,2824000
4979,3132000
4980,3164300
4981,2816100
4982,2942900
4983,2818800
4984,2801100
4985,3074800
4986,3284000
4987,2990100
4988,2806000
4989,2763300
4990,2987300
4991,3274800
4992,2838800
4993,2843700
4994,2780600
4995,2839900
4996,3103300
4997,3147500
4998,2735500
4999,2794200
5000,2795400
5001,2793800
5002,3021300
5003,3629300
5004,2551400
5005,2722800
5006,2873800
5007,2868900
5008,3503700
5009,2587500
5010,2844700
5011,2646900
5012,2955600
5013,2899800
5014,3537100
5015,2719800
5016,2901100
5017,2476700
5018,2775100
5019,2794200
5020,3338400
5021,2938700
5022,2666000
5023,2745100
5024,2924300
5025,3198300
5026,2672900
5027,2792700
5028,2770400
5029,2732100
5030,2815200
5031,3219400
5032,3071200
5033,2876400
5034,2823700
5035,2484600
5036,3158700
5037,2970000
5038,2622600
5039,2882100
5040,2712400
5041,2804300
5042,3279300
5043,3117300
5044,2732800
5045,2670000
5046,2832100
5047,2885700
5048,2944000
5049,3225700
5050,2687000
5051,2790800
5052,2980800
5053,2940400
5054,2884200
5055,3039200
5056,2741200
5057,2765700
5058,2897100
5059,3095900
5060,3112700
5061,2839000
5062,2841400
5063,2944300
5064,2790700
5065,2989700
5066,3212600
5067,2665800
5068,3102000
5069,2681000
5070,2662500
5071,2935100
5072,3295400
5073,2686000
5074,2880900
5075,2721800
5076,3046200
5077,3165700
5078,2782600
5079,2998100
5080,3001600
5081,2518200
5082,3004300
5083,4392700
5084,2469600
5085,4337400
5086,4750700
5087,2653300
5088,1993400
5089,2216800
5090,2939400
5091,2801400
5092,2962300
5093,2717200
5094,3097200
5095,2741600
5096,2822400
5097,2746000
5098,2934300
5099,3064600
5100,3259000
5101,2758500
5102,2778200
5103,2851900
5104,2952600
5105,3344600
5106,2626300
5107,2746100
5108,2782800
5109,2877500
5110,2952500
5111,3433500
5112,2626600
5113,2703500
5114,2775900
5115,2842400
5116,3484100
5117,2606200
5118,3032400
5119,2769100
5120,2839500
5121,2896100
5122,2979300
5123,3073800
5124,2753400
5125,2868200
5126,2814900
5127,2810400
5128,3441100
5129,2661600
5130,2849000
5131,2784800
5132,2860900
5133,3275400
5134,3179300
5135,2667600
5136,2802500
5137,2859500
5138,2820900
5139,2942300
5140,3113200
5141,2667300
5142,2808500
5143,2831800
5144,3112500
5145,3086100
5146,2704900
5147,2786800
5148,2786000
5149,2836500
5150,2890500
5151,3209000
5152,2723600
5153,2778100
5154,2924500
5155,2750000
5156,3106200
5157,3106800
5158,2874300
5159,2788200
5160,3003600
5161,2692600
5162,3049500
5163,3066600
5164,2835800
5165,2882900
5166,2796300
5167,2929900
5168,3260500
5169,2632900
5170,2799000
5171,2959800
5172,2696600
5173,2850100
5174,3304500
5175,2658900
5176,2805200
5177,3133300
5178,2833000
5179,2810000
5180,3447600
5181,2685100
5182,3143100
5183,2546300
5184,2742800
5185,3494300
5186,2643200
5187,2781300
5188,2832400
5189,2817400
5190,2877900
5191,3266800
5192,2712200
5193,3064000
5194,2556800
5195,2951500
5196,3003400
5197,3367200
5198,2728100
5199,2825800
5200,2767200
5201,2841100
5202,2953900
5203,3390500
5204,2546100
5205,2798400
5206,2792000
5207,2771200
5208,3390700
5209,2764500
5210,2723600
5211,2828400
5212,2716500
5213,3032700
5214,3336000
5215,2881100
5216,2851200
5217,2668300
5218,2798100
5219,2951600
5220,3425200
5221,2546400
5222,2835200
5223,2744500
5224,2760400
5225,3063100
5226,3122400
5227,2751300
5228,2869500
5229,2710800
5230,2906800
5231,3651800
5232,2401700
5233,3028700
5234,2768200
5235,2800000
5236,2935500
5237,3446400
5238,2724900
5239,2756900
5240,2807900
5241,2860200
5242,2887300
5243,3164800
5244,2835400
5245,2714400
5246,2833600
5247,2996000
5248,2994200
5249,3042700
5250,2765200
5251,2741500
5252,2971700
5253,2695700
5254,3281000
5255,2724300
5256,2727100
5257,2827100
5258,3072100
5259,2758400
5260,3318000
5261,2713700
5262,2855500
5263,2870800
5264,2853900
5265,2914200
5266,3264900
5267,2792600
5268,2831800
5269,3176000
5270,2663900
5271,3508200
5272,3070300
5273,2781900
5274,2950300
5275,2812600
5276,3209600
5277,3051000
5278,2849400
5279,2847100
5280,2881000
5281,2849400
5282,3209800
5283,3056700
5284,2842900
5285,3013400
5286,2764400
5287,2991400
5288,3381800
5289,2797100
5290,3132000
5291,2733900
5292,2885800
5293,3271900
5294,3102800
5295,3220200
5296,2767000
5297,2853300
5298,3043900
5299,3317100
5300,2909200
5301,2930000
5302,2906500
5303,2976300
5304,3008800
5305,3328900
5306,3042600
5307,2922300
5308,2824600
5309,3046200
5310,3500700
5311,3120800
5312,2859500
5313,2879500
5314,2879800
5315,3107800
5316,3333400
5317,2747600
5318,2967300
5319,2825000
5320,2923600
5321,3746200
5322,2586600
5323,2993700
5324,2799400
5325,2803900
5326,3187800
5327,3138100
5328,2972200
5329,2795600
5330,2928100
5331,2910300
5332,3052300
5333,3099400
5334,2783600
5335,2912600
5336,2866700
5337,2823000
5338,3039200
5339,3109900
5340,2781100
5341,2808100
5342,2895600
5343,3315500
5344,2779400
5345,2751000
5346,2805700
5347,2875700
5348,2795100
5349,3054400
5350,3516100
5351,2829100
5352,2788300
5353,2723100
5354,3214000
5355,2938800
5356,2871100
5357,2767400
5358,2763000
5359,2694600
5360,3005200
5361,3148900
5362,2711200
5363,2766200
5364,2676900
5365,3099900
5366,2902900
5367,2895500
5368,3061400
5369,2646700
5370,2739600
5371,2932900
5372,2767000
5373,3194900
5374,2752200
5375,2735000
5376,2779500
5377,3127800
5378,3162400
5379,3379200
5380,2564600
5381,2745600
5382,2742700
5383,2883700
5384,3435700
5385,2680200
5386,2847300
5387,2910300
5388,2896900
5389,2795900
5390,3113200
5391,2701800
5392,2892000
5393,2823200
5394,2741000
5395,2836500
5396,3275200
5397,2643300
5398,2864800
5399,2760700
5400,2773000
5401,3072400
5402,3085800
5403,2743600
5404,2906300
5405,2764100
5406,2909700
5407,3369800
5408,2986600
5409,2870200
5410,2706700
5411,2899800
5412,2855500
5413,3197800
5414,3046900
5415,2606300
5416,2797800
5417,2949600
5418,2832700
5419,3321800
5420,2796100
5421,2699600
5422,2837000
5423,2973900
5424,3364200
5425,3720800
5426,2204000
5427,2725200
5428,2757300
5429,3116100
5430,3207600
5431,2731900
5432,2753900
5433,2832400
5434,2845100
5435,3076600
5436,3554100
5437,2415800
5438,3010100
5439,2711900
5440,2737400
5441,2996900
5442,3197800
5443,2963100
5444,2738800
5445,2827300
5446,2892800
5447,3339200
5448,2754100
5449,2736900
5450,2841700
5451,2787000
5452,3197800
5453,3085900
5454,2627800
5455,2807700
5456,2852500
5457,2773600
5458,3024000
5459,3234700
5460,2660300
5461,2795400
5462,2814200
5463,3290600
5464,2835100
5465,3317100
5466,2713200
5467,2753600
5468,3128200
5469,2691400
5470,3289200
5471,2653900
5472,2844700
5473,2763600
5474,2927200
5475,2866500
5476,3277000
5477,2666200
5478,2825600
5479,2841100
5480,2748700
5481,2995500
5482,3162600
5483,2990100
5484,2712700
5485,2840800
5486,2876900
5487,3302500
5488,2722700
5489,2761600
5490,2788200
5491,2833300
5492,2940400
5493,3238300
5494,2610100
5495,2805000
5496,2874100
5497,2783700
5498,2912900
5499,3332400
5500,2820000
5501,2945900
5502,2627000
5503,2778100
5504,3084300
5505,3389800
5506,2716500
5507,2767700
5508,2866400
5509,2836700
5510,3266200
5511,2718200
5512,2879100
5513,2766800
5514,2778900
5515,3152100
5516,2913100
5517,2885400
5518,2683300
5519,2803400
5520,2946100
5521,3021600
5522,2998500
5523,3059400
5524,2717000
5525,2777400
5526,2919000
5527,3318300
5528,2873000
5529,2622600
5530,2732700
5531,2968400
5532,2762100
5533,3726100
5534,2587300
5535,2741000
5536,2797400
5537,2966200
5538,2904200
5539,3322400
5540,3028500
5541,2686500
5542,2903800
5543,2787200
5544,2996400
5545,3087200
5546,2809400
5547,2765700
5548,2929100
5549,2757700
5550,3337300
5551,2711800
5552,2772800
5553,2820800
5554,2841200
5555,3218200
5556,2957000
5557,2934400
5558,2835300
5559,2743800
5560,2890500
5561,2990600
5562,3129100
5563,2681800
5564,2827200
5565,2847000
5566,2992900
5567,2926900
5568,3093600
5569,2681200
5570,2881900
5571,3080100
5572,2575400
5573,3511500
5574,2648900
5575,2790900
5576,3141800
5577,2646700
5578,2971000
5579,3245500
5580,2703700
5581,2799200
5582,2926600
5583,2702000
5584,3005300
5585,3053500
5586,2829900
5587,2830300
5588,2821700
5589,2830500
5590,3047700
5591,3030200
5592,2800200
5593,3261600
5594,2593200
5595,2673900
5596,3290000
5597,2724400
5598,3036000
5599,2686500
5600,2778400
5601,2847100
5602,3284300
5603,2801700
5604,2867600
5605,2709800
5606,2849400
5607,2957300
5608,3166400
5609,2900300
5610,2748300
5611,2752600
5612,2858900
5613,3220300
5614,3257500
5615,2791700
5616,2765100
5617,2869700
5618,3205600
5619,3465300
5620,2698600
5621,2738900
5622,2870900
5623,2878600
5624,3169200
5625,3011100
5626,2943100
5627,2730100
5628,2931400
5629,2954200
5630,3445700
5631,2713700
5632,2999800
5633,2879200
5634,2821700
5635,3283700
5636,3106800
5637,3076700
5638,2893600
5639,2809000
5640,3147600
5641,3260500
5642,2816800
5643,2882400
5644,2943300
5645,2858000
5646,3132000
5647,3456600
5648,2865200
5649,2882600
5650,2864400
5651,2944900
5652,3018400
5653,3248700
5654,3161900
5655,2824300
5656,3094000
5657,2862600
5658,3248900
5659,2851400
5660,2869800
5661,3056300
5662,2691300
5663,3092800
5664,3152000
5665,2860600
5666,2900700
5667,2883500
5668,2878300
5669,3302700
5670,2810100
5671,2791700
5672,3124700
5673,2603900
5674,3183900
5675,3049900
5676,3078300
5677,2842500
5678,2827700
5679,2822700
5680,3019500
5681,3196300
5682,2995400
5683,2551000
5684,2840000
5685,2829600
5686,3551200
5687,2770000
5688,2756300
5689,2834400
5690,2841800
5691,3054900
5692,3121000
5693,3119900
5694,2726400
5695,2787600
5696,2779500
5697,3015600
5698,3362400
5699,2956900
5700,2661100
5701,2651000
5702,2676200
5703,2968600
5704,3267900
5705,2703800
5706,2661600
5707,2801700
5708,3129500
5709,3265700
5710,2947000
5711,2686900
5712,2814600
5713,2699000
5714,2906300
5715,3177300
5716,2754200
5717,2705700
5718,2896200
5719,2641900
5720,3283200
5721,3163600
5722,2669200
5723,3005300
5724,2521500
5725,2891700
5726,3374300
5727,2866600
5728,3078700
5729,2759500
5730,2872500
5731,3106900
5732,2937600
5733,2828300
5734,2804900
5735,2796300
5736,2714100
5737,3210300
5738,3083000
5739,2652400
5740,2829100
5741,2936300
5742,3022000
5743,2770300
5744,3311300
5745,2705700
5746,2859500
5747,2864100
5748,3104600
5749,2817900
5750,3263000
5751,2758600
5752,2775000
5753,2916200
5754,3238400
5755,2844700
5756,2786200
5757,2714200
5758,2868200
5759,3002200
5760,2734700
5761,3504200
5762,2738200
5763,2784700
5764,2897100
5765,2674200
5766,3362900
5767,2632000
5768,3266900
5769,2374800
5770,3201500
5771,2936500
5772,2989400
5773,2858200
5774,2864700
5775,2951800
5776,3556600
5777,3297000
5778,2699300
5779,3627700
5780,3924400
5781,2040900
5782,2060700
5783,3089800
5784,2668900
5785,2823200
5786,3065500
5787,3145300
5788,2943400
5789,2674100
5790,2938200
5791,2951000
5792,2636500
5793,2766900
5794,2943000
5795,3192900
5796,2722200
5797,2988400
5798,2634700
5799,2829100
5800,3495400
5801,2592000
5802,2992600
5803,2707400
5804,2750300
5805,2896200
5806,3395100
5807,2832200
5808,2842300
5809,2722700
5810,2854900
5811,2955500
5812,3127800
5813,2819300
5814,2721700
5815,2864300
5816,2735800
5817,3004300
5818,3326400
5819,2597100
5820,2838700
5821,2749500
5822,2889100
5823,3259900
5824,2869700
5825,2683300
5826,2826400
5827,2771800
5828,3009200
5829,3273200
5830,2970100
5831,2685300
5832,2861200
5833,2807200
5834,2900200
5835,3190800
5836,2724400
5837,2834100
5838,2776300
5839,2863100
5840,3131800
5841,3106100
5842,2792800
5843,2773900
5844,2879600
5845,2884900
5846,3278800
5847,2926000
5848,2742700
5849,2840400
5850,2967400
5851,2861800
5852,3111600
5853,2799400
5854,2743100
5855,2835700
5856,2982900
5857,2831500
5858,3054800
5859,3024400
5860,2784500
5861,3046200
5862,2687300
5863,3123800
5864,3118800
5865,2728400
5866,2759800
5867,2916100
5868,2838100
5869,3414400
5870,2744300
5871,2774500
5872,3079200
5873,2657600
5874,2742100
5875,3471300
5876,2727500
5877,2783100
5878,2983000
5879,2782900
5880,2930100
5881,3082600
5882,2796500
5883,2862800
5884,2760700
5885,2772600
5886,2992700
5887,3397500
5888,2792100
5889,2869000
5890,2714100
5891,2739500
5892,3358600
5893,2722000
5894,2818100
5895,2863000
5896,2872600
5897,2823600
5898,3160700
5899,3011800
5900,2611800
5901,2684100
5902,2849500
5903,3065600
5904,3010200
5905,3223700
5906,2656400
5907,2768400
5908,2768900
5909,2916600
5910,3663500
5911,2491900
5912,2672500
5913,2802500
5914,2853300
5915,3559500
5916,2672100
5917,2809600
5918,2766300
5919,2845700
5920,3011800
5921,3278200
5922,2809200
5923,2641700
5924,2885800
5925,2785600
5926,3227600
5927,2815400
5928,2827800
5929,2809900
5930,2765100
5931,2846100
5932,3127800
5933,2981800
5934,2704800
5935,2865600
5936,2737400
5937,2995100
5938,3279200
5939,2601300
5940,2823200
5941,2787500
5942,3113300
5943,2678000
5944,3266500
5945,2685700
5946,2860700
5947,2898200
5948,2818300
5949,3128300
5950,3223500
5951,2687100
5952,2870300
5953,2899600
5954,2764100
5955,3020100
5956,3268200
5957,2705500
5958,3191400
5959,2579500
5960,3200700
5961,3308600
5962,2673500
5963,2865200
5964,2905000
5965,2917900
5966,3052700
5967,3238300
5968,2786200
5969,2906300
5970,2809700
5971,3053600
5972,3295100
5973,2815800
5974,3018600
5975,2733700
5976,2986800
5977,3022200
5978,3514000
5979,2967000
5980,2756000
5981,2837000
5982,3041500
5983,3405600
5984,3045800
5985,2781100
5986,2835100
5987,3054100
5988,2978100
5989,3620100
5990,2776800
5991,2919900
5992,2927200
5993,2964700
5994,3621400
5995,2728500
5996,3095200
5997,2804100
5998,3178400
5999,2791300
6000,3360000
6001,2768000
6002,2977700
6003,2760200
6004,2924300
6005,3489500
6006,2749500
6007,2895700
6008,2890100
6009,2868000
6010,3145800
6011,3132400
6012,2869700
6013,2773900
6014,2917900
6015,2831400
6016,3120700
6017,3358000
6018,2762000
6019,2872000
6020,2933900
6021,3094800
6022,3196300
6023,2642100
6024,2842200
6025,2779200
6026,2842800
6027,3113800
6028,3172100
6029,2683200
6030,2881200
6031,2743100
6032,2991000
6033,2797200
6034,3291200
6035,2682800
6036,2928500
6037,2700000
6038,3739000
6039,2446700
6040,3246500
6041,2529500
6042,2738200
6043,3112200
6044,2669000
6045,3265800
6046,2696900
6047,2777400
6048,2890000
6049,2857600
6050,2704500
6051,3240400
6052,2641000
6053,2898700
6054,2716900
6055,2892900
6056,3007600
6057,3029500
6058,3002700
6059,2792300
6060,2738700
6061,2833400
6062,3067600
6063,3207700
6064,2712200
6065,2984100
6066,2989300
6067,3224500
6068,2556500
6069,2843900
6070,2861800
6071,2676400
6072,2890200
6073,3005300
6074,2988600
6075,3311700
6076,2557700
6077,2830500
6078,2846000
6079,2885100
6080,3204100
6081,2792400
6082,2722700
6083,2759000
6084,2832800
6085,2875800
6086,3135700
6087,2850300
6088,2789000
6089,2761800
6090,2875100
6091,3360000
6092,2790800
6093,2693900
6094,2825500
6095,2890500
6096,3079700
6097,3033500
6098,3064400
6099,2709900
6100,2837300
6101,2822300
6102,3586100
6103,2772400
6104,2735200
6105,2814300
6106,2805200
6107,2926800
6108,3307100
6109,2741400
6110,2734100
6111,3283300
6112,2369700
6113,3307400
6114,3156600
6115,2809600
6116,2758100
6117,2776500
6118,3211000
6119,2633800
6120,3128400
6121,2716100
6122,2822300
6123,2821200
6124,2926600
6125,3038900
6126,3044100
6127,2693500
6128,2873300
6129,2795600
6130,2950800
6131,3212600
6132,2981000
6133,2840900
6134,3150800
6135,2903200
6136,3293700
6137,2965900
6138,2632600
6139,2681200
6140,3127100
6141,2620200
6142,2870800
6143,3138300
6144,2815600
6145,2846200
6146,2859400
6147,2735700
6148,3128400
6149,2991900
6150,2745600
6151,3059800
6152,2893800
6153,2934900
6154,3093100
6155,2851700
6156,2972600
6157,2597000
6158,2774000
6159,3017600
6160,3159700
6161,2719100
6162,2932400
6163,2710900
6164,2917200
6165,2819200
6166,3163700
6167,2943700
6168,2640600
6169,2781500
6170,2797500
6171,3284400
6172,3242500
6173,2775200
6174,2646200
6175,2795400
6176,2917500
6177,3370400
6178,2820000
6179,2753300
6180,2692000
6181,2869600
6182,2869500
6183,3502300
6184,2559200
6185,2760900
6186,2752300
6187,2810600
6188,3013900
6189,3132500
6190,3054900
6191,2752100
6192,2700100
6193,2824600
6194,3353200
6195,2720400
6196,2809600
6197,2751200
6198,2840500
6199,3304200
6200,3001100
6201,2764000
6202,2711800
6203,2871900
6204,2741100
6205,2951000
6206,3280400
6207,2713200
6208,2764700
6209,2769900
6210,3069600
6211,3005600
6212,3344300
6213,2742600
6214,2838800
6215,2812600
6216,2879400
6217,3422300
6218,2724200
6219,2814000
6220,2728100
6221,2888700
6222,2965900
6223,3146300
6224,2728500
6225,2765900
6226,2885300
6227,2672600
6228,3157900
6229,3365100
6230,2673500
6231,2747800
6232,2965600
6233,2853700
6234,3327500
6235,2756900
6236,2620100
6237,2944000
6238,2619300
6239,2911500
6240,3311700
6241,2700700
6242,2719700
6243,2886600
6244,2825200
6245,2810400
6246,3294800
6247,2650600
6248,2988500
6249,2684100
6250,2799700
6251,3074500
6252,3512700
6253,3001400
6254,2628500
6255,2724700
6256,2805500
6257,3326200
6258,2679700
6259,2809000
6260,2797800
6261,2793100
6262,2951500
6263,3268800
6264,2738200
6265,2785200
6266,2767300
6267,2754200
6268,3184200
6269,3046600
6270,3027400
6271,2738100
6272,2789200
6273,2844000
6274,3013500
6275,3238900
6276,2717500
6277,2731600
6278,2821800
6279,2895500
6280,3418200
6281,2874300
6282,2670300
6283,2755700
6284,2831700
6285,2919600
6286,3489400
6287,2592600
6288,2724500
6289,2850400
6290,2803300
6291,3153800
6292,3338500
6293,2617700
6294,2876700
6295,2783100
6296,2882500
6297,3012600
6298,3263300
6299,2731600
6300,2877300
6301,2849300
6302,3192900
6303,3236400
6304,2710900
6305,2776200
6306,2875100
6307,2994200
6308,3039000
6309,3138500
6310,3065100
6311,2882100
6312,2937100
6313,2936500
6314,3441500
6315,2832600
6316,2930000
6317,2939000
6318,3117500
6319,2901700
6320,3305400
6321,2821100
6322,2910400
6323,3151300
6324,2902800
6325,3526300
6326,3063000
6327,2928700
6328,3142900
6329,2713500
6330,3023800
6331,3358100
6332,2917000
6333,2956600
6334,2989100
6335,2893800
6336,3407200
6337,2848400
6338,2992200
6339,2996000
6340,2788500
6341,3182000
6342,3165100
6343,3198200
6344,3043800
6345,2720700
6346,2959000
6347,3393100
6348,2842800
6349,3086400
6350,2721300
6351,2925000
6352,2916100
6353,3347300
6354,2877800
6355,2858400
6356,2878000
6357,2819800
6358,3038700
6359,3488000
6360,2665800
6361,2705600
6362,2893700
6363,3340100
6364,3185500
6365,2957500
6366,2872400
6367,2759500
6368,2832200
6369,2938000
6370,3458500
6371,2647200
6372,2760500
6373,2799100
6374,2902200
6375,3127800
6376,3063200
6377,2814500
6378,2743400
6379,2774200
6380,3183500
6381,3356700
6382,3073600
6383,2620200
6384,2634400
6385,2716400
6386,2834500
6387,3419200
6388,2679900
6389,2685600
6390,2846100
6391,2751200
6392,3111200
6393,2984500
6394,2730000
6395,2742800
6396,2820700
6397,2778000
6398,3076100
6399,3344000
6400,2625400
6401,2822800
6402,2769100
6403,2902100
6404,3386800
6405,2807200
6406,2696000
6407,2817300
6408,3108500
6409,3103400
6410,3339700
6411,2496700
6412,2653500
6413,2794500
6414,2842600
6415,2890200
6416,3202600
6417,2711000
6418,2848800
6419,3172700
6420,2583900
6421,3135000
6422,3175000
6423,2724200
6424,2816800
6425,2843000
6426,2897400
6427,3236100
6428,2809300
6429,2741700
6430,2907500
6431,2686500
6432,3079200
6433,3089600
6434,2826600
6435,3201500
6436,2458900
6437,2704100
6438,3247500
6439,3368400
6440,3057600
6441,2765600
6442,2664000
6443,2877200
6444,3318800
6445,2688200
6446,2914600
6447,2712100
6448,2885800
6449,2962700
6450,3120300
6451,2936600
6452,2594400
6453,3247400
6454,2417300
6455,3105300
6456,3282200
6457,3361100
6458,2480700
6459,2615400
6460,3105500
6461,3256000
6462,2883200
6463,3489400
6464,4266400
6465,2796600
6466,2042800
6467,2299200
6468,2791600
6469,2769800
6470,2872700
6471,2781900
6472,3043700
6473,3448100
6474,2531800
6475,2992700
6476,2777000
6477,2901500
6478,3596000
6479,2652400
6480,2728700
6481,2854500
6482,2788800
6483,2910400
6484,3541600
6485,3020900
6486,2544800
6487,2543500
6488,2696800
6489,3156500
6490,3005000
6491,2719900
6492,2755100
6493,2807100
6494,2809200
6495,3090200
6496,3360700
6497,2645000
6498,2786100
6499,2782700
6500,3049200
6501,3139100
6502,2781900
6503,2736600
6504,2838300
6505,2886800
6506,2852000
6507,3241000
6508,2663300
6509,2776600
6510,2829200
6511,2922800
6512,2810000
6513,3392600
6514,2770800
6515,2751400
6516,2955400
6517,2649800
6518,3236400
6519,3212600
6520,2711800
6521,2737700
6522,2884300
6523,2818400
6524,3347300
6525,2769400
6526,2711700
6527,2918400
6528,2686000
6529,3138100
6530,2964800
6531,2746400
6532,2777600
6533,2855400
6534,2801600
6535,3158100
6536,3045800
6537,2970800
6538,2802600
6539,2772800
6540,2812800
6541,3358700
6542,2728700
6543,2975900
6544,2586200
6545,2855900
6546,2827700
6547,3298300
6548,2769400
6549,2843100
6550,2682400
6551,2796300
6552,3241400
6553,3081500
6554,3016100
6555,2652200
6556,2846500
6557,2778600
6558,2932100
6559,3792500
6560,2208500
6561,2703000
6562,2866200
6563,2686300
6564,3452500
6565,2657000
6566,2793500
6567,2841000
6568,2735300
6569,2986000
6570,3079100
6571,2915600
6572,2781100
6573,2843800
6574,2778200
6575,3156900
6576,3183300
6577,3003900
6578,2778200
6579,2833800
6580,2867000
6581,3125800
6582,3039100
6583,2759800
6584,2981400
6585,2688900
6586,3197500
6587,2688200
6588,3034600
6589,2832400
6590,2838400
6591,2915400
6592,3451100
6593,2967900
6594,3412800
6595,2398600
6596,2803400
6597,2788100
6598,3254300
6599,2911600
6600,2787600
6601,2848900
6602,2818000
6603,3006200
6604,2915400
6605,3049000
6606,2823900
6607,2858000
6608,2932200
6609,3013800
6610,3266300
6611,2692900
6612,3021200
6613,3010300
6614,2770400
6615,2905400
6616,3102500
6617,2780400
6618,2879700
6619,2797800
6620,2819300
6621,3081600
6622,2994400
6623,2877500
6624,3036300
6625,2899300
6626,2794400
6627,3418800
6628,2821000
6629,3329900
6630,2336300
6631,2835400
6632,3002800
6633,3084700
6634,2866000
6635,2996500
6636,2801100
6637,2727600
6638,3524500
6639,2665200
6640,2877700
6641,2852000
6642,2890600
6643,2951100
6644,3352900
6645,3015700
6646,2642200
6647,3111600
6648,2891600
6649,3012200
6650,3410300
6651,2725800
6652,2893300
6653,2922800
6654,3133500
6655,3357400
6656,2954800
6657,2807700
6658,2964000
6659,2998400
6660,3055500
6661,3390800
6662,2781200
6663,3604600
6664,2291800
6665,3116600
6666,3686700
6667,2779300
6668,3212400
6669,3010700
6670,2966400
6671,3663600
6672,2794000
6673,3044800
6674,2935500
6675,2975300
6676,3226700
6677,3289100
6678,2843200
6679,2954400
6680,2931400
6681,3188900
6682,2765000
6683,3339700
6684,2912800
6685,2964700
6686,3298700
6687,2726200
6688,3600900
6689,2863000
6690,3029300
6691,2864800
6692,2857900
6693,3474800
6694,2766500
6695,2857800
6696,3639000
6697,2367400
6698,2858000
6699,3538200
6700,2794500
6701,2874300
6702,2962500
6703,2799800
6704,3059300
6705,3433000
6706,2813700
6707,2972200
6708,2754800
6709,2922100
6710,3242500
6711,2763100
6712,2954500
6713,2849600
6714,2738100
6715,3122400
6716,3099400
6717,2881600
6718,2722300
6719,2877400
6720,2738200
6721,3139000
6722,3033300
6723,3318200
6724,2792300
6725,2944100
6726,2570200
6727,3287200
6728,2910600
6729,2689200
6730,3496700
6731,1999200
6732,2993000
6733,3476600
6734,2514400
6735,2709800
6736,2960600
6737,2617300
6738,3210600
6739,3311200
6740,2865800
6741,2821900
6742,2687200
6743,2881600
6744,3359900
6745,2668800
6746,2838200
6747,2815800
6748,2811300
6749,2957400
6750,3460600
6751,2760100
6752,3178400
6753,2492900
6754,2659700
6755,3124800
6756,2998400
6757,2698500
6758,2853500
6759,2824100
6760,2845400
6761,3332100
6762,3191900
6763,2713500
6764,2929200
6765,3212500
6766,2725900
6767,3008600
6768,2726500
6769,2789900
6770,2902300
6771,2934700
6772,2841200
6773,3471900
6774,2733900
6775,2896700
6776,3060600
6777,2632000
6778,2995600
6779,3376000
6780,2901600
6781,2767400
6782,2907300
6783,2854700
6784,3301500
6785,2836800
6786,2886300
6787,2937400
6788,2763900
6789,2871200
6790,3252800
6791,2742100
6792,3082600
6793,2646200
6794,2822700
6795,2951000
6796,3291300
6797,2785100
6798,2928300
6799,2720600
6800,3373100
6801,3069000
6802,2736700
6803,3194700
6804,2684200
6805,2713100
6806,2943300
6807,3220900
6808,3027700
6809,2661200
6810,2845800
6811,2767500
6812,3193800
6813,3206300
6814,2843600
6815,2786400
6816,2826100
6817,3003900
6818,3506600
6819,2759900
6820,2822000
6821,2774900
6822,2869200
6823,2915700
6824,3369700
6825,2816400
6826,2704600
6827,2941400
6828,2689700
6829,3127900
6830,3309800
6831,3043500
6832,2577800
6833,2609100
6834,2791500
6835,4155700
6836,2193100
6837,2550200
6838,2816700
6839,2812700
6840,3314400
6841,3216200
6842,2744100
6843,2714800
6844,2853000
6845,2804500
6846,3182600
6847,3001300
6848,2785000
6849,2762300
6850,2864600
6851,2851000
6852,3488900
6853,2817500
6854,2746100
6855,2903400
6856,3086400
6857,2910200
6858,3220200
6859,2757600
6860,2779300
6861,3031400
6862,2643600
6863,2886100
6864,3320600
6865,2696900
6866,2815600
6867,2873000
6868,2734400
6869,3365500
6870,3188700
6871,2394200
6872,3112700
6873,2615300
6874,3037600
6875,3393700
6876,2710700
6877,2872100
6878,2761200
6879,2815900
6880,2918500
6881,3221700
6882,2735800
6883,3126600
6884,2598300
6885,2755400
6886,2912700
6887,3360200
6888,2909200
6889,2674500
6890,2820100
6891,2784100
6892,3540800
6893,2838500
6894,2829200
6895,2786400
6896,2838700
6897,3092600
6898,3063900
6899,2805800
6900,2843900
6901,3085100
6902,2758200
6903,3032500
6904,3342700
6905,3045300
6906,2369100
6907,2752400
6908,2888500
6909,3097500
6910,3129900
6911,2698800
6912,2893400
6913,2811600
6914,3024500
6915,3471800
6916,2679400
6917,2828400
6918,2842100
6919,2816100
6920,2944700
6921,3357500
6922,2659700
6923,2956100
6924,2723200
6925,2793500
6926,3526300
6927,2746400
6928,2754300
6929,2835600
6930,2800300
6931,3208700
6932,3007700
6933,3147800
6934,2675200
6935,2805400
6936,2841100
6937,2928300
6938,3218300
6939,2747900
6940,3170800
6941,2356900
6942,3061300
6943,2772200
6944,3252600
6945,2694600
6946,2717800
6947,2899900
6948,2806700
6949,3255500
6950,2757800
6951,2876600
6952,2850500
6953,2788500
6954,3001400
6955,3230500
6956,2767400
6957,2734700
6958,2846200
6959,2731200
6960,2946900
6961,3409600
6962,2756900
6963,2835000
6964,2727800
6965,2792100
6966,3071100
6967,3132900
6968,2834800
6969,2923400
6970,2639300
6971,2731400
6972,3332200
6973,2771700
6974,2881800
6975,3292700
6976,2116000
6977,2851200
6978,3348800
6979,2892900
6980,2641200
6981,2823800
6982,2754600
6983,2974100
6984,3164200
6985,2998800
6986,2856000
6987,2794100
6988,2785600
6989,3153100
6990,3244800
6991,2612500
6992,2791600
6993,2974200
6994,2859400
6995,3568700
6996,2693300
6997,2815200
6998,2861700
6999,2967100
7000,2948200
7001,3459400
7002,2823500
7003,2829400
7004,2872700
7005,2999100
7006,3262100
7007,3059000
7008,2816100
7009,3379600
7010,2542800
7011,3354400
7012,3129100
7013,3059100
7014,2878600
7015,2905500
7016,3115700
7017,3323000
7018,2831400
7019,2798100
7020,3033900
7021,2790600
7022,3125400
7023,3264000
7024,2928800
7025,2828000
7026,2907800
7027,2909800
7028,3162400
7029,3480500
7030,2782200
7031,2814100
7032,3179200
7033,2740300
7034,3534700
7035,2843000
7036,2816600
7037,2962600
7038,2884800
7039,3002900
7040,3204200
7041,2766600
7042,3053900
7043,3468500
7044,2242900
7045,3493500
7046,2953900
7047,2760600
7048,2867200
7049,2889300
7050,2873000
7051,3286600
7052,2796500
7053,2989800
7054,2661400
7055,2855200
7056,3182300
7057,3099000
7058,2730600
7059,2869500
7060,2719700
7061,2909200
7062,3313300
7063,2762600
7064,3041000
7065,2763300
7066,2910100
7067,3032800
7068,3203400
7069,2833400
7070,2702500
7071,2774000
7072,2808600
7073,3049500
7074,3442800
7075,2488100
7076,2693900
7077,2804700
7078,3202300
7079,2712500
7080,3146400
7081,2636500
7082,2679900
7083,2821200
7084,2905000
7085,3467100
7086,2817200
7087,2748200
7088,2739200
7089,2841600
7090,2856600
7091,3561600
7092,2846300
7093,2840300
7094,2512700
7095,2775700
7096,3205000
7097,2915900
7098,2721700
7099,2818300
7100,2774000
7101,2863700
7102,2888200
7103,3221700
7104,2817600
7105,2733300
7106,3018500
7107,2858100
7108,3513800
7109,2679600
7110,2825000
7111,2756300
7112,3005300
7113,3413900
7114,2624900
7115,2727700
7116,2791500
7117,2916800
7118,2767800
7119,2887600
7120,3136900
7121,2680900
7122,2829400
7123,3045900
7124,2933600
7125,2844200
7126,3290500
7127,2822300
7128,2848900
7129,2645700
7130,2891100
7131,3169500
7132,2833100
7133,2952600
7134,2632700
7135,2883500
7136,2852200
7137,3308800
7138,2637300
7139,2809000
7140,2834000
7141,2786500
7142,3086900
7143,3580400
7144,4172400
7145,2519600
7146,4337300
7147,4810100
7148,2230900
7149,2300800
7150,2065500
7151,2647400
7152,2885400
7153,3280400
7154,2724200
7155,2746800
7156,2718900
7157,2941300
7158,2693200
7159,3365000
7160,2888400
7161,2666200
7162,2978700
7163,2729500
7164,2868700
7165,3362600
7166,2500700
7167,2772400
7168,2769800
7169,2796900
7170,2949600
7171,3284800
7172,2626600
7173,2797700
7174,2791900
7175,2744100
7176,3805600
7177,2907200
7178,2568600
7179,2622000
7180,2645500
7181,2832800
7182,3036000
7183,3678200
7184,2274600
7185,2833900
7186,2786700
7187,3015300
7188,3198900
7189,2826400
7190,2742800
7191,2808600
7192,2914300
7193,3057700
7194,3259800
7195,2758500
7196,2761700
7197,2938700
7198,2800400
7199,3239400
7200,2715200
7201,2806000
7202,2753400
7203,2938200
7204,2871000
7205,3214300
7206,2738700
7207,2812100
7208,2836000
7209,2727400
7210,2949100
7211,3245500
7212,2644900
7213,2886400
7214,2771400
7215,2761800
7216,2931200
7217,3249300
7218,3107000
7219,2639100
7220,2923000
7221,2797100
7222,3398600
7223,2760000
7224,2866800
7225,2683300
7226,2841300
7227,2939500
7228,3186800
7229,2926500
7230,2713000
7231,2716400
7232,2768200
7233,2918000
7234,3408400
7235,2861400
7236,2925700
7237,2819200
7238,2837800
7239,3070000
7240,3125400
7241,2653000
7242,2732400
7243,2895400
7244,2825700
7245,3482800
7246,2589000
7247,2693700
7248,2883800
7249,2834500
7250,2743400
7251,3449500
7252,2669600
7253,2745900
7254,2896500
7255,2842300
7256,3149300
7257,2979300
7258,2937900
7259,2711800
7260,2805200
7261,3098700
7262,2977600
7263,3082000
7264,2713400
7265,2801100
7266,2845600
7267,2913900
7268,3256800
7269,2669800
7270,2842100
7271,2755900
7272,3078200
7273,2652800
7274,3232600
7275,2701600
7276,2810900
7277,3152900
7278,2697800
7279,2959600
7280,3159900
7281,2774500
7282,2844500
7283,2921100
7284,2651400
7285,3092600
7286,3101100
7287,2708500
7288,3003700
7289,2724400
7290,2756000
7291,3209100
7292,2776600
7293,2808800
7294,2897000
7295,2744900
7296,3008600
7297,3344100
7298,2946700
7299,2963700
7300,2736100
7301,2685400
7302,2983300
7303,3121500
7304,2810000
7305,2748900
7306,2839700
7307,2790300
7308,3046700
7309,3132500
7310,2751000
7311,2733700
7312,2850900
7313,2756500
7314,3349000
7315,2888100
7316,2927000
7317,2571500
7318,2815100
7319,2907700
7320,3229100
7321,2878000
7322,2768000
7323,2882300
7324,2752600
7325,3050900
7326,3103100
7327,2811000
7328,2844600
7329,2817300
7330,2838500
7331,3314200
7332,2861600
7333,2861700
7334,2938600
7335,2835900
7336,3196800
7337,3313400
7338,3023500
7339,2901200
7340,2827900
7341,2876500
7342,3172700
7343,3114900
7344,2870600
7345,2997600
7346,2776300
7347,3115300
7348,3263600
7349,2840100
7350,2888700
7351,2926100
7352,3008900
7353,3140400
7354,3398400
7355,2800800
7356,2998500
7357,3047100
7358,2746600
7359,3415100
7360,2776100
7361,2903500
7362,3028700
7363,2755400
7364,3204400
7365,3057400
7366,2833300
7367,3029100
7368,2835300
7369,2831200
7370,3556700
7371,2726500
7372,2895300
7373,2988500
7374,2722500
7375,3236700
7376,3165100
7377,3058800
7378,2936900
7379,2715800
7380,2863100
7381,3007300
7382,3229300
7383,3065000
7384,2732800
7385,2748700
7386,3101900
7387,3290900
7388,2694300
7389,2943000
7390,2757300
7391,2910400
7392,3053800
7393,3178600
7394,3040200
7395,2751900
7396,2765300
7397,2882000
7398,3086900
7399,3304800
7400,2567400
7401,2904100
7402,2747100
7403,2871200
7404,3395500
7405,3066000
7406,2766400
7407,2749200
7408,2689700
7409,2959800
7410,3529100
7411,2826600
7412,2798200
7413,2756100
7414,2853200
7415,2894400
7416,3225000
7417,2711900
7418,2867100
7419,2769400
7420,2804400
7421,3088800
7422,3017400
7423,2772000
7424,2792200
7425,2821500
7426,3134500
7427,2962400
7428,2732100
7429,2773200
7430,2924800
7431,2760000
7432,3153000
7433,2967900
7434,2928500
7435,2835400
7436,2811200
7437,2775000
7438,3304400
7439,3095700
7440,2979400
7441,2665800
7442,2622400
7443,3191300
7444,2878500
7445,3023200
7446,2771700
7447,2863000
7448,2977900
7449,3107700
7450,2918100
7451,2883800
7452,2830600
7453,2795200
7454,2950700
7455,2806500
7456,3076600
7457,2772600
7458,2751900
7459,2869200
7460,2757500
7461,3041200
7462,3109800
7463,2786100
7464,2747400
7465,2982700
7466,2770800
7467,3038900
7468,3228000
7469,2849500
7470,2837000
7471,2828200
7472,2834500
7473,3249800
7474,2708300
7475,2960600
7476,2728400
7477,2784000
7478,3135700
7479,2957200
7480,2893000
7481,2866400
7482,2745300
7483,2794300
7484,3362400
7485,2787300
7486,3075700
7487,2599300
7488,3077900
7489,2821600
7490,3258300
7491,2931700
7492,2783400
7493,2691100
7494,2840800
7495,2955800
7496,3103500
7497,3142300
7498,2607300
7499,2662900
7500,2813400
7501,2885100
7502,3374500
7503,2664800
7504,2783000
7505,2768700
7506,2870700
7507,3245000
7508,2969200
7509,3002800
7510,2700800
7511,2766900
7512,2895200
7513,3475200
7514,2637600
7515,2752800
7516,2809300
7517,2836800
7518,3279500
7519,2899900
7520,2750800
7521,2720000
7522,2830400
7523,2823100
7524,3664000
7525,3572900
7526,2477900
7527,2558100
7528,2749800
7529,2945400
7530,3115600
7531,2790700
7532,2705800
7533,2809200
7534,2756500
7535,3107600
7536,3120600
7537,2680000
7538,2808900
7539,2788000
7540,2974900
7541,2775200
7542,3208500
7543,2688100
7544,2791200
7545,3025000
7546,2611800
7547,3142900
7548,3274900
7549,2720300
7550,2801400
7551,2842500
7552,2790400
7553,3320700
7554,2796800
7555,2739400
7556,3030600
7557,2678200
7558,2875700
7559,3578600
7560,2593900
7561,3228600
7562,2414000
7563,2849200
7564,3006100
7565,3410700
7566,2699200
7567,2820100
7568,2856200
7569,2736700
7570,2988000
7571,3255000
7572,2859700
7573,2692500
7574,2771800
7575,2904400
7576,3496000
7577,2833900
7578,2639400
7579,2770100
7580,2838400
7581,3135400
7582,3069200
7583,2899100
7584,2792500
7585,2792200
7586,2821500
7587,3052200
7588,3161500
7589,2633800
7590,2784100
7591,2791500
7592,2793200
7593,3133000
7594,3187300
7595,2637100
7596,2750900
7597,2838100
7598,2826100
7599,3384400
7600,2746900
7601,2816100
7602,2711200
7603,2754200
7604,3252200
7605,3372800
7606,2655300
7607,2775000
7608,2764100
7609,2807600
7610,3116500
7611,2978600
7612,2705100
7613,2864600
7614,2791500
7615,2945100
7616,3032500
7617,3245200
7618,2698000
7619,2761900
7620,3094700
7621,2838500
7622,3049100
7623,2740600
7624,2743800
7625,2825300
7626,2866600
7627,2833300
7628,3268900
7629,2710600
7630,2780100
7631,3183000
7632,2564500
7633,3022400
7634,3244100
7635,2619700
7636,2947600
7637,2783000
7638,2718200
7639,3470100
7640,2653000
7641,2790300
7642,2878900
7643,2712300
7644,3018700
7645,3427900
7646,2629500
7647,2780100
7648,2803500
7649,2928400
7650,2782900
7651,3338000
7652,2752700
7653,2873700
7654,2760600
7655,2888700
7656,3003600
7657,3180300
7658,3069700
7659,2735400
7660,2769900
7661,2815800
7662,3343400
7663,2924900
7664,2817200
7665,2892400
7666,2810700
7667,2804600
7668,3263400
7669,2966600
7670,2783600
7671,2829900
7672,2951300
7673,3313000
7674,3393000
7675,2661400
7676,3204400
7677,2806400
7678,3233100
7679,3310400
7680,2693100
7681,2979200
7682,2838500
7683,2921200
7684,3186500
7685,3226000
7686,2868200
7687,2946100
7688,2977200
7689,3014300
7690,3381500
7691,2807800
7692,3017400
7693,2889900
7694,3032400
7695,3328500
7696,3090100
7697,3126300
7698,2910100
7699,3040300
7700,3198300
7701,3072200
7702,2851900
7703,2889500
7704,3007900
7705,3067600
7706,2922000
7707,3133900
7708,2867400
7709,3020400
7710,2714100
7711,2992000
7712,3424700
7713,2848700
7714,2851900
7715,2942000
7716,3005000
7717,2891800
7718,3483700
7719,2731900
7720,2922000
7721,2855900
7722,2874500
7723,3331200
7724,2735100
7725,2923300
7726,2928700
7727,2725300
7728,3042700
7729,3098400
7730,2814900
7731,2881900
7732,2778300
7733,2748400
7734,3045800
7735,3324000
7736,2782800
7737,2898900
7738,2707000
7739,2798000
7740,3095100
7741,3089800
7742,2747300
7743,2830500
7744,2703500
7745,3148100
7746,3133100
7747,2669700
7748,3191100
7749,2777100
7750,2772600
7751,2602800
7752,3160200
7753,2897200
7754,2721300
7755,2677400
7756,2832800
7757,3020400
7758,3092400
7759,2924200
7760,2723100
7761,2707600
7762,2790900
7763,2997200
7764,3282100
7765,2568100
7766,2710600
7767,2744200
7768,2781100
7769,3306300
7770,2745700
7771,2827200
7772,2734100
7773,2752000
7774,2996000
7775,3358300
7776,2875400
7777,2697500
7778,2842600
7779,2758800
7780,2818800
7781,3496500
7782,2935800
7783,2750900
7784,2717500
7785,2732700
7786,3235300
7787,3281900
7788,2796100
7789,2794400
7790,2913500
7791,2969400
7792,3151400
7793,2842000
7794,2746300
7795,2778300
7796,2858200
7797,2930600
7798,3223100
7799,2779800
7800,2727800
7801,2843400
7802,3071300
7803,2758000
7804,3120600
7805,2819400
7806,2749600
7807,2877300
7808,2841500
7809,2928700
7810,3110600
7811,2794900
7812,2985200
7813,2968400
7814,3044800
7815,3129500
7816,2782700
7817,2830800
7818,2946700
7819,2696900
7820,3275100
7821,3084100
7822,2813200
7823,2888600
7824,2772900
7825,2801200
7826,3045500
7827,3042500
7828,2862600
7829,2860200
7830,2718300
7831,3025200
7832,3489000
7833,3110300
7834,3240200
7835,4623900
7836,3631000
7837,2156700
7838,2015300
7839,2811900
7840,2744300
7841,2871500
7842,2957800
7843,3300200
7844,2867500
7845,2926100
7846,2609300
7847,2876200
7848,3015700
7849,3046300
7850,3073200
7851,2738200
7852,2783700
7853,2876300
7854,2976100
7855,3263900
7856,2639400
7857,2722400
7858,2825000
7859,2987800
7860,3440700
7861,2700500
7862,2744900
7863,2751300
7864,2872700
7865,2788400
7866,3452600
7867,2801800
7868,2823500
7869,2747000
7870,2862100
7871,3423500
7872,3207100
7873,2418800
7874,2769800
7875,2610800
7876,2836300
7877,2862600
7878,3120200
7879,2750400
7880,2781900
7881,2770600
7882,3019600
7883,3163300
7884,2674300
7885,2763400
7886,2792500
7887,2948500
7888,3002100
7889,3320700
7890,2700700
7891,2753700
7892,2876400
7893,2923400
7894,2792100
7895,3346200
7896,2695400
7897,2793400
7898,3070500
7899,2540300
7900,3004600
7901,3101800
7902,2757400
7903,3328000
7904,2216600
7905,2806800
7906,3362100
7907,2711100
7908,2800400
7909,3261600
7910,2461200
7911,3026100
7912,3309300
7913,2687800
7914,3018800
7915,2786200
7916,2619000
7917,2872700
7918,3443200
7919,2732200
7920,2846400
7921,2731800
7922,2820300
7923,3090300
7924,3053600
7925,2844100
7926,2851600
7927,2784300
7928,2860500
7929,3355700
7930,2906300
7931,2780200
7932,2875400
7933,2756100
7934,3006100
7935,3227900
7936,2933500
7937,2613500
7938,2858000
7939,2778400
7940,3021800
7941,3187300
7942,2772400
7943,2762900
7944,2968400
7945,2704200
7946,3182400
7947,3157300
7948,2790900
7949,2921100
7950,2798000
7951,2963400
7952,3160200
7953,2720500
7954,2863900
7955,2800100
7956,2712800
7957,3003900
7958,3272100
7959,2752700
7960,2773800
7961,2974100
7962,2648300
7963,3107400
7964,3302200
7965,2719300
7966,2879000
7967,2734600
7968,3016500
7969,3275200
7970,2651600
7971,2794500
7972,2886900
7973,2743300
7974,3246100
7975,3008500
7976,2705700
7977,2875600
7978,2743200
7979,2961900
7980,2825700
7981,3263000
7982,2713200
7983,2839000
7984,2903600
7985,2718900
7986,3007200
7987,3305100
7988,2824700
7989,2809000
7990,2842000
7991,2826000
7992,3355000
7993,2694800
7994,2840600
7995,2933000
7996,2684800
7997,3078300
7998,2958100
7999,2816300
8000,2906400
8001,2962500
8002,2652300
8003,2868800
8004,3261400
8005,2973900
8006,2731100
8007,2892500
8008,2782300
8009,3466800
8010,2771800
8011,2836500
8012,2786400
8013,2857700
8014,2850700
8015,3477400
8016,2771200
8017,2903600
8018,2854500
8019,2907900
8020,3161600
8021,3166100
8022,2995700
8023,3095600
8024,2895500
8025,2832500
8026,3499100
8027,2838600
8028,2820700
8029,2939900
8030,2965800
8031,2981700
8032,3379500
8033,2828000
8034,2907200
8035,2974700
8036,2895000
8037,3796900
8038,2593300
8039,3178900
8040,2847700
8041,3054000
8042,3104600
8043,3345700
8044,2837700
8045,2838700
8046,2986000
8047,3063500
8048,3371900
8049,2704300
8050,2894300
8051,2886900
8052,3081000
8053,2829400
8054,3534100
8055,2754800
8056,2945900
8057,2973900
8058,3156200
8059,3421500
8060,2640200
8061,2882100
8062,2883500
8063,2839700
8064,3049000
8065,3194000
8066,2815300
8067,2795800
8068,2989300
8069,2949900
8070,2911500
8071,3166500
8072,2725200
8073,2983000
8074,2816200
8075,2829100
8076,3297200
8077,2774000
8078,3004200
8079,2730700
8080,3084600
8081,2840500
8082,3297700
8083,2711100
8084,2876100
8085,2749500
8086,2771500
8087,2927100
8088,3317100
8089,3047200
8090,2753300
8091,2836100
8092,2567700
8093,2881300
8094,3359500
8095,2585100
8096,2741700
8097,2789300
8098,2894300
8099,3260900
8100,2982100
8101,2724000
8102,2747200
8103,2860400
8104,2779400
8105,3312500
8106,2722600
8107,2704400
8108,2810000
8109,2740600
8110,3115500
8111,2950500
8112,2852900
8113,2683200
8114,2856500
8115,2771000
8116,3193300
8117,3208800
8118,2802100
8119,2737400
8120,2788200
8121,3035500
8122,3167700
8123,2754400
8124,2740500
8125,2798000
8126,2821900
8127,3345300
8128,3468500
8129,2845500
8130,2702300
8131,2672000
8132,2915400
8133,2896100
8134,3119900
8135,2662900
8136,2848000
8137,2838900
8138,3049000
8139,3152200
8140,2966200
8141,2871500
8142,2779200
8143,2931100
8144,2809400
8145,3077800
8146,2765000
8147,2787500
8148,2891300
8149,2782600
8150,3076600
8151,3024900
8152,2738600
8153,2830700
8154,2899200
8155,2819100
8156,3041000
8157,3261800
8158,2766300
8159,2960900
8160,2687300
8161,2890100
8162,3433600
8163,2695100
8164,2958700
8165,2673200
8166,2760200
8167,3043600
8168,3195700
8169,2702000
8170,2855300
8171,2732200
8172,2818000
8173,3183300
8174,2975400
8175,2915200
8176,2706900
8177,2761200
8178,2837300
8179,3132000
8180,3550300
8181,2502700
8182,2754000
8183,2860000
8184,2855100
8185,3311800
8186,2779400
8187,2759400
8188,2773400
8189,2821700
8190,3135600
8191,3076000
8192,3135800
8193,2488300
8194,2728700
8195,2799900
8196,3145400
8197,3092000
8198,2927600
8199,2764400
8200,2850800
8201,2802200
8202,3679800
8203,2499800
8204,2767400
8205,2789500
8206,2868000
8207,2851700
8208,3425400
8209,2608100
8210,2804900
8211,2780900
8212,2800100
8213,3265500
8214,3163900
8215,2777000
8216,2705600
8217,2745900
8218,3069400
8219,2972500
8220,3179500
8221,2767500
8222,2627500
8223,2745800
8224,2893200
8225,3238700
8226,2761000
8227,2747100
8228,2797800
8229,2807500
8230,2847200
8231,3324200
8232,2763400
8233,2751300
8234,3182400
8235,2606600
8236,3076500
8237,3301200
8238,2766700
8239,2708200
8240,2839700
8241,2758800
8242,2961700
8243,3191000
8244,2757300
8245,2928100
8246,6347000
8247,2057700
8248,1813100
8249,2115200
8250,3042300
8251,2680500
8252,3028400
8253,2848800
8254,3272100
8255,2674800
8256,2845100
8257,2791100
8258,2763300
8259,2985000
8260,3214900
8261,2830500
8262,2694800
8263,2777000
8264,2807900
8265,3180800
8266,3145500
8267,2913300
8268,2853300
8269,2794700
8270,3070300
8271,3075600
8272,2795600
8273,2729800
8274,2739800
8275,2807700
8276,2962500
8277,3610500
8278,2558100
8279,2780100
8280,2851000
8281,2774400
8282,2950400
8283,3306500
8284,2636600
8285,2758400
8286,2785800
8287,2891100
8288,3445200
8289,2732200
8290,2663400
8291,2808200
8292,2857800
8293,3090500
8294,3121100
8295,2954600
8296,2758700
8297,2811800
8298,2798600
8299,3066300
8300,3201700
8301,2707300
8302,2778700
8303,2843200
8304,2831700
8305,3037300
8306,3120300
8307,2692500
8308,2826800
8309,2818300
8310,3171500
8311,3342400
8312,2841700
8313,2812000
8314,2845600
8315,2791600
8316,2910000
8317,3297300
8318,2702600
8319,2756300
8320,3107800
8321,2579300
8322,3084400
8323,3130200
8324,2651700
8325,2992100
8326,2696800
8327,2790200
8328,3458900
8329,2937700
8330,2791700
8331,2882600
8332,2786400
8333,2956300
8334,3246400
8335,2804600
8336,2900400
8337,2711500
8338,2763800
8339,3274600
8340,2826200
8341,3219600
8342,2440800
8343,2782600
8344,3042400
8345,2880600
8346,3245200
8347,3198400
8348,2548300
8349,2875900
8350,2807100
8351,3438900
8352,2905600
8353,2793100
8354,2790300
8355,2941000
8356,2852600
8357,3377000
8358,2784600
8359,2953400
8360,2817400
8361,2872300
8362,3763700
8363,2710100
8364,3089000
8365,2834000
8366,2933300
8367,2966000
8368,3474400
8369,2738500
8370,2930200
8371,2836000
8372,2976100
8373,3569500
8374,2776300
8375,2857600
8376,3006900
8377,2876700
8378,3186500
8379,3300900
8380,2744400
8381,2934700
8382,2899000
8383,3094200
8384,3235700
8385,3407600
8386,2748500
8387,2954500
8388,2938600
8389,3109500
8390,3169600
8391,2727500
8392,2908800
8393,3061000
8394,2781400
8395,3181100
8396,2976500
8397,2930000
8398,2846400
8399,2961200
8400,2823700
8401,3535800
8402,2710700
8403,2829200
8404,3169300
8405,2958600
8406,2825100
8407,3343400
8408,2757600
8409,2934600
8410,2918700
8411,2798900
8412,3045200
8413,3115700
8414,3005900
8415,2606900
8416,2781300
8417,2865600
8418,3386300
8419,2790800
8420,2800100
8421,2755900
8422,2850800
8423,3163900
8424,3234900
8425,3139500
8426,2603600
8427,2886100
8428,2774400
8429,3337400
8430,3111700
8431,2939000
8432,2465100
8433,2816800
8434,2694000
8435,3318600
8436,2771400
8437,2762200
8438,2730300
8439,2771200
8440,2873400
8441,3278700
8442,2838800
8443,2955100
8444,2618400
8445,2863400
8446,2820700
8447,3251300
8448,2730800
8449,2819400
8450,2718600
8451,2764800
8452,3118700
8453,2955600
8454,2797600
8455,2864300
8456,2706600
8457,2891300
8458,3075900
8459,3010400
8460,2764100
8461,2885200
8462,2752800
8463,2898200
8464,3293200
8465,2749700
8466,2763200
8467,2913300
8468,2901800
8469,3342700
8470,2778000
8471,2937200
8472,2807700
8473,2937200
8474,3031400
8475,2844800
8476,3297700
8477,2645100
8478,2897700
8479,2753000
8480,3056000
8481,3061900
8482,2732200
8483,2886400
8484,2863800
8485,2741300
8486,3212600
8487,2900800
8488,2911300
8489,2942700
8490,2841900
8491,2755200
8492,2987500
8493,3121700
8494,2859200
8495,2856900
8496,2763100
8497,2961100
8498,2968900
8499,3189600
8500,2889400
8501,2721400
8502,2821500
8503,3056500
8504,3207200
8505,2989400
8506,2837000
8507,2793100
8508,2822100
8509,3006600
8510,3213500
8511,2797200
8512,2741500
8513,2842900
8514,2918700
8515,3106300
8516,3113100
8517,2728200
8518,2830700
8519,2860300
8520,3230600
8521,2983000
8522,3052300
8523,2733500
8524,2841300
8525,3551700
8526,2831700
8527,3455900
8528,5069100
8529,2750200
8530,1888000
8531,2141700
8532,3324700
8533,2659500
8534,2761400
8535,2795700
8536,2938500
8537,3367000
8538,3312500
8539,2587100
8540,2743300
8541,2821500
8542,2865400
8543,2978000
8544,3132700
8545,2689800
8546,2732400
8547,2797000
8548,3129000
8549,3109600
8550,2637200
8551,2853200
8552,2752500
8553,2753200
8554,3140100
8555,3004600
8556,2687300
8557,2815100
8558,2770200
8559,2834300
8560,3091700
8561,3091400
8562,2892400
8563,2779400
8564,3076300
8565,2644900
8566,3087000
8567,3025600
8568,2599800
8569,3021300
8570,2518400
8571,2813000
8572,3427000
8573,2690000
8574,2725500
8575,2952100
8576,2669600
8577,2935700
8578,3250600
8579,2774900
8580,2855600
8581,2750500
8582,2751400
8583,2980800
8584,3170500
8585,2686400
8586,2832500
8587,2720700
8588,4118700
8589,2025300
8590,2763000
8591,2727400
8592,2763500
8593,2831800
8594,2757200
8595,3074400
8596,3591100
8597,2511700
8598,2742200
8599,2766900
8600,2875800
8601,3435800
8602,2931400
8603,2680700
8604,2700400
8605,2967600
8606,2885800
8607,3425500
8608,2513900
8609,2763100
8610,2828000
8611,2815700
8612,3399000
8613,3027100
8614,2923200
8615,2815600
8616,2774100
8617,2888000
8618,3373000
8619,2777300
8620,2724700
8621,2830000
8622,2917900
8623,3059600
8624,2955000
8625,2860600
8626,2746800
8627,2830400
8628,2780200
8629,3186500
8630,3121200
8631,2717400
8632,2745800
8633,2847000
8634,2983400
8635,2947000
8636,3363700
8637,2645800
8638,2818700
8639,2930000
8640,2868000
8641,3304200
8642,2746300
8643,2730500
8644,2861000
8645,2876400
8646,2881500
8647,3461300
8648,2640300
8649,2834000
8650,2865400
8651,2799800
8652,3010300
8653,3527600
8654,2667900
8655,2832700
8656,2776600
8657,2824200
8658,3305500
8659,2789600
8660,2728900
8661,2853500
8662,2829000
8663,2951400
8664,3168700
8665,2806300
8666,3052100
8667,2590300
8668,2731900
8669,2891300
8670,3281800
8671,2758300
8672,2941200
8673,2904200
8674,2778900
8675,3089100
8676,3112500
8677,2830200
8678,2645300
8679,2918000
8680,2844200
8681,3233500
8682,3041500
8683,2580100
8684,2741700
8685,2905800
8686,2830500
8687,3468700
8688,2627000
8689,2772400
8690,2859300
8691,2788700
8692,3092500
8693,3261900
8694,2789000
8695,2617400
8696,2850100
8697,2769500
8698,3094900
8699,3169900
8700,2824500
8701,2784100
8702,2795900
8703,2906000
8704,3380400
8705,2866000
8706,2759600
8707,2955400
8708,2761600
8709,3077100
8710,3324600
8711,2695400
8712,2863600
8713,2926000
8714,2938700
8715,3204500
8716,3314700
8717,2925400
8718,2895400
8719,2897000
8720,3065200
8721,3612100
8722,2688400
8723,2960200
8724,2918600
8725,3012300
8726,3457900
8727,2695400
8728,2888500
8729,2867700
8730,3056000
8731,2985800
8732,3242000
8733,3062600
8734,2785200
8735,3054400
8736,2737500
8737,3150800
8738,3080800
8739,2887300
8740,2910200
8741,2799500
8742,2933900
8743,3394100
8744,2690900
8745,2891000
8746,2882000
8747,2765400
8748,3193000
8749,3107900
8750,3042000
8751,2821000
8752,2813700
8753,2845600
8754,3091000
8755,3093500
8756,2983700
8757,2659400
8758,2936000
8759,2845100
8760,3415700
8761,2781300
8762,2797100
8763,2857100
8764,2785700
8765,2919500
8766,3327900
8767,2856500
8768,2940400
8769,2718700
8770,2812300
8771,2992900
8772,3447300
8773,2760700
8774,2812300
8775,2598900
8776,2706800
8777,3128100
8778,3037200
8779,2695700
8780,2710900
8781,2829200
8782,2896500
8783,3407100
8784,2580100
8785,3034700
8786,2654300
8787,2790200
8788,3194000
8789,3020200
8790,2620600
8791,2802400
8792,2773100
8793,2749300
8794,3051900
8795,3279800
8796,2505300
8797,2843800
8798,2779800
8799,2908200
8800,3196600
8801,3144000
8802,2652000
8803,2792400
8804,2868200
8805,2999800
8806,3190400
8807,2882700
8808,2802700
8809,2834800
8810,2883500
8811,2891300
8812,3280600
8813,2669800
8814,2840300
8815,3046300
8816,2643800
8817,2921300
8818,3167100
8819,2734700
8820,2912400
8821,3035600
8822,3017100
8823,3192800
8824,2707000
8825,2832000
8826,3030300
8827,2635100
8828,3171000
8829,3101700
8830,2802200
8831,2992400
8832,2749400
8833,2772100
8834,2788900
8835,3549700
8836,2686700
8837,2835600
8838,2750800
8839,2776000
8840,3282300
8841,2817400
8842,3061600
8843,2600900
8844,3077900
8845,2822300
8846,3346000
8847,2720500
8848,2828500
8849,2764000
8850,2807300
8851,3169800
8852,3056600
8853,2918800
8854,2672100
8855,2764800
8856,2897900
8857,3106000
8858,2986900
8859,2864900
8860,2795100
8861,2818400
8862,2867600
8863,3436300
8864,2925900
8865,2744600
8866,2839800
8867,2791000
8868,3041600
8869,3441700
8870,2544500
8871,2766900
8872,2804000
8873,2834700
8874,3252800
8875,3339900
8876,2605500
8877,2783700
8878,2757000
8879,2830600
8880,3145800
8881,3120200
8882,2942400
8883,2764700
8884,2921500
8885,2844800
8886,3532600
8887,2544600
8888,2737800
8889,2777200
8890,2885000
8891,3058500
8892,3029300
8893,2687900
8894,2784800
8895,2802600
8896,2872300
8897,2995400
8898,3093900
8899,2714200
8900,2775600
8901,2813100
8902,2943200
8903,3000400
8904,3320700
8905,2656700
8906,2832000
8907,2932000
8908,2842400
8909,3314800
8910,2638700
8911,2808300
8912,2794400
8913,3145500
8914,3360900
8915,2858600
8916,2453100
8917,2745700
8918,2851400
8919,2720400
8920,3114300
8921,3284500
8922,2742800
8923,2885100
8924,2733200
8925,2825100
8926,3363600
8927,2695600
8928,2794300
8929,2843100
8930,2784200
8931,3290700
8932,2814600
8933,2731500
8934,2844800
8935,2762300
8936,2805800
8937,2922700
8938,3242300
8939,3050000
8940,2614700
8941,2944700
8942,2777600
8943,3071000
8944,3265000
8945,2792000
8946,2717400
8947,2811100
8948,2870300
8949,3497400
8950,2942200
8951,2566000
8952,2808300
8953,2898600
8954,2830200
8955,3281800
8956,2711100
8957,2727300
8958,2797500
8959,2872200
8960,3106800
8961,3320200
8962,2678700
8963,2784200
8964,2839100
8965,2847900
8966,3314200
8967,2736100
8968,2736200
8969,2816900
8970,2756400
8971,2996600
8972,3302800
8973,2722600
8974,2732900
8975,2773200
8976,2813600
8977,3257600
8978,2870500
8979,2717000
8980,2818500
8981,2829000
8982,2761100
8983,3195600
8984,2996700
8985,2993000
8986,2760100
8987,2790200
8988,2901600
8989,3442000
8990,2708700
8991,2676800
8992,2864500
8993,2819800
8994,2879900
8995,3300400
8996,2647500
8997,2797500
8998,2796600
8999,2861500
9000,3074800
9001,3053500
9002,2957200
9003,2783900
9004,2901200
9005,2731300
9006,2942500
9007,3321700
9008,2681300
9009,3063700
9010,2691500
9011,2793300
9012,3327700
9013,2710300
9014,3055900
9015,2549900
9016,2856700
9017,3007900
9018,3324000
9019,2851700
9020,2853800
9021,2791200
9022,2812400
9023,2974400
9024,3329400
9025,2867500
9026,2673700
9027,2860900
9028,2835800
9029,3097300
9030,3221800
9031,2713500
9032,2752300
9033,2924900
9034,2872600
9035,3277100
9036,3254500
9037,2539900
9038,2806200
9039,2750100
9040,2990600
9041,3316900
9042,2831700
9043,2855300
9044,2880600
9045,2938000
9046,3564000
9047,2721000
9048,2793900
9049,3010900
9050,2827700
9051,3379200
9052,3121600
9053,3108600
9054,2751500
9055,2961600
9056,3064200
9057,2915800
9058,3309000
9059,2882000
9060,2908300
9061,3031800
9062,2981800
9063,3576300
9064,2854700
9065,2956300
9066,3113900
9067,2698200
9068,3114500
9069,3130300
9070,2913500
9071,2848500
9072,3144100
9073,3025600
9074,3328200
9075,2876800
9076,2835900
9077,2894000
9078,2854300
9079,3161300
9080,3221600
9081,2762600
9082,2913700
9083,2816200
9084,2888800
9085,3504500
9086,2775600
9087,2858300
9088,2854700
9089,2831700
9090,2930500
9091,3342200
9092,2759200
9093,2891100
9094,2861500
9095,2826800
9096,3331900
9097,3441000
9098,2750100
9099,2718000
9100,2843800
9101,3000400
9102,3167100
9103,3124400
9104,2478300
9105,2895400
9106,2771000
9107,3277900
9108,3223700
9109,2792900
9110,2694200
9111,2786000
9112,2831600
9113,2977100
9114,3469200
9115,2684900
9116,2734600
9117,2602500
9118,2827700
9119,3444900
9120,2657000
9121,2840900
9122,2677900
9123,2757000
9124,2884000
9125,3244300
9126,2693700
9127,2816300
9128,2725600
9129,2745000
9130,3236600
9131,3066600
9132,2832600
9133,2802500
9134,2714700
9135,2914400
9136,3046200
9137,3088500
9138,2807400
9139,2796300
9140,2775500
9141,2909600
9142,2993800
9143,3068800
9144,2791100
9145,2717900
9146,3026200
9147,2690300
9148,3283100
9149,2693300
9150,2852700
9151,2758900
9152,2988900
9153,3027600
9154,3069900
9155,3019400
9156,2703000
9157,2970300
9158,2762900
9159,2866100
9160,3186000
9161,2792000
9162,2759300
9163,3186100
9164,3201800
9165,3071900
9166,2888400
9167,2665200
9168,2885600
9169,2777600
9170,3051400
9171,3083600
9172,2823800
9173,3058000
9174,2600000
9175,2807000
9176,3002000
9177,3112500
9178,2998200
9179,2600200
9180,2729500
9181,2940300
9182,2876200
9183,3075300
9184,3010600
9185,2681700
9186,2791800
9187,3249900
9188,3210400
9189,2705900
9190,2733000
9191,2799300
9192,2850600
9193,2998300
9194,3209100
9195,2764700
9196,2731400
9197,2768500
9198,2846500
9199,3014700
9200,3172000
9201,2780600
9202,2715000
9203,2841100
9204,2810700
9205,3300800
9206,2927000
9207,2989600
9208,2787500
9209,2821400
9210,2884600
9211,3539800
9212,2680000
9213,2845300
9214,2754500
9215,2789600
9216,3582200
9217,4305700
9218,2782600
9219,3828800
9220,3962800
9221,2373100
9222,1966700
9223,2654400
9224,2746700
9225,2771400
9226,3060000
9227,2852100
9228,3388000
9229,2673900
9230,2778100
9231,2823700
9232,3270900
9233,2512500
9234,3276800
9235,2627800
9236,2772700
9237,2768400
9238,2842900
9239,3275700
9240,2748900
9241,2792500
9242,2726900
9243,2986900
9244,2792800
9245,3452900
9246,2738200
9247,2705600
9248,3034600
9249,2913000
9250,2909500
9251,3201500
9252,2695900
9253,2818200
9254,2841300
9255,2761900
9256,3311200
9257,2749700
9258,2727500
9259,3242300
9260,3033000
9261,2583300
9262,3117600
9263,2638100
9264,2852200
9265,2712300
9266,2826200
9267,3090400
9268,3042100
9269,3034600
9270,2763700
9271,2836000
9272,2752000
9273,3435300
9274,2642200
9275,2956800
9276,2644600
9277,2850000
9278,2821200
9279,3401700
9280,2868600
9281,2748300
9282,2634700
9283,2820400
9284,3122000
9285,3105600
9286,3054900
9287,2706100
9288,2802200
9289,2819300
9290,2905700
9291,3252400
9292,2825700
9293,2684100
9294,2859800
9295,2747500
9296,3325800
9297,3079600
9298,2599400
9299,2703800
9300,2788700
9301,2819700
9302,3467400
9303,2688600
9304,2722900
9305,2778600
9306,2876500
9307,3214900
9308,3121500
9309,3081000
9310,2673200
9311,2772200
9312,2816400
9313,3129200
9314,3025600
9315,2756600
9316,2789500
9317,2756600
9318,3243600
9319,2627200
9320,3093900
9321,2741900
9322,2782100
9323,2778900
9324,3025700
9325,3460900
9326,2857600
9327,2825000
9328,2867300
9329,2716100
9330,2846500
9331,3207600
9332,2715300
9333,2835300
9334,2844400
9335,2700600
9336,2966400
9337,3209900
9338,2680900
9339,2844900
9340,2819100
9341,2757500
9342,2996600
9343,3283700
9344,2791200
9345,2883300
9346,2668800
9347,2892500
9348,3276300
9349,2767000
9350,2873000
9351,2760900
9352,2812400
9353,3061600
9354,3024600
9355,2668300
9356,3167300
9357,2568500
9358,2798400
9359,2914600
9360,3455900
9361,2866900
9362,2722500
9363,2857200
9364,2845100
9365,3367200
9366,3103000
9367,2810400
9368,2655000
9369,2919200
9370,2925400
9371,3348700
9372,2832200
9373,2780700
9374,2911800
9375,2753100
9376,3108100
9377,3158400
9378,2841800
9379,2815200
9380,2878200
9381,2864600
9382,3621700
9383,2836200
9384,2837800
9385,2854600
9386,2926800
9387,3003600
9388,3407400
9389,2847600
9390,2866400
9391,2935200
9392,2869000
9393,3341300
9394,3508500
9395,2711400
9396,2949100
9397,2889800
9398,3203000
9399,3511700
9400,2855800
9401,2905000
9402,2982400
9403,3175100
9404,3359300
9405,2744300
9406,2955000
9407,2901100
9408,3214700
9409,2967400
9410,3129200
9411,2838800
9412,2890800
9413,2940400
9414,2920000
9415,3102900
9416,3174900
9417,2856200
9418,2911600
9419,3134200
9420,2852900
9421,3596100
9422,2766700
9423,2786300
9424,3029500
9425,2780400
9426,3017700
9427,3236100
9428,2747700
9429,3024100
9430,2738900
9431,2826700
9432,3497400
9433,2858800
9434,2839200
9435,2901100
9436,2792400
9437,3146900
9438,3071700
9439,3032200
9440,2719700
9441,2805800
9442,2793500
9443,3084200
9444,3100700
9445,2798600
9446,2824000
9447,2697200
9448,2910100
9449,3358300
9450,2927200
9451,2625500
9452,2684000
9453,2777200
9454,3101500
9455,3301300
9456,2945900
9457,2776200
9458,2935600
9459,2353400
9460,2873100
9461,3412000
9462,2545200
9463,2780300
9464,2722200
9465,2790300
9466,3296700
9467,2853000
9468,2632200
9469,2775500
9470,2728500
9471,2907200
9472,3089500
9473,3108600
9474,2725900
9475,2743500
9476,2761500
9477,2938500
9478,3212200
9479,2948400
9480,2794200
9481,2789800
9482,3040700
9483,2673200
9484,3135600
9485,2798700
9486,2753500
9487,2815000
9488,2808600
9489,3071000
9490,2975700
9491,3145600
9492,2668200
9493,2983400
9494,2712400
9495,3019900
9496,3078400
9497,2822800
9498,2878800
9499,2746900
9500,2898300
9501,3256800
9502,2708400
9503,2877200
9504,2941000
9505,2684000
9506,2917100
9507,3450600
9508,2677200
9509,3118900
9510,2934100
9511,2902700
9512,3074400
9513,2835100
9514,2814100
9515,2884000
9516,2678400
9517,2933800
9518,2832000
9519,3395600
9520,2854300
9521,2850800
9522,2755100
9523,2969700
9524,3176300
9525,2828700
9526,2680100
9527,2823100
9528,2715700
9529,2893600
9530,3281600
9531,2744200
9532,2839300
9533,2789000
9534,2866400
9535,3056400
9536,3446700
9537,2595600
9538,2938800
9539,2717400
9540,3052200
9541,3194900
9542,2796700
9543,2837100
9544,2793100
9545,2786300
9546,3026700
9547,3358400
9548,2790500
9549,2830800
9550,2774600
9551,2863700
9552,3178100
9553,3300100
9554,2780200
9555,2788100
9556,2765700
9557,2883000
9558,3406900
9559,2722000
9560,2775300
9561,2754700
9562,2815500
9563,3136500
9564,3073800
9565,2744200
9566,2791600
9567,2773100
9568,2827300
9569,2945900
9570,3198200
9571,2768400
9572,2765000
9573,2787200
9574,3069100
9575,2801600
9576,3371100
9577,2651800
9578,2784400
9579,3190000
9580,2840900
9581,3146900
9582,2752100
9583,2739100
9584,2793100
9585,2856500
9586,2854000
9587,3316400
9588,2670700
9589,2772400
9590,2921900
9591,2620400
9592,3109600
9593,3272900
9594,2733100
9595,2842600
9596,2711200
9597,2820700
9598,2966600
9599,3145500
9600,2709700
9601,2963300
9602,2587200
9603,2991300
9604,3219600
9605,2726900
9606,3131500
9607,2652100
9608,2723100
9609,3172900
9610,2911800
9611,2910300
9612,2703500
9613,2878500
9614,2711700
9615,2932100
9616,3580700
9617,2564100
9618,2607100
9619,2769600
9620,2833200
9621,3299800
9622,3240800
9623,2666200
9624,2709200
9625,2770800
9626,2846200
9627,3510700
9628,2940200
9629,2902500
9630,2755800
9631,2786100
9632,2955400
9633,3402900
9634,2671600
9635,2701700
9636,2875500
9637,2790900
9638,3006400
9639,3207600
9640,2765300
9641,2713900
9642,2873300
9643,2815200
9644,3629900
9645,2607300
9646,2681100
9647,2819400
9648,2821100
9649,3029100
9650,3188700
9651,2969100
9652,2791800
9653,2727400
9654,2921600
9655,2984800
9656,3231400
9657,2688600
9658,2774600
9659,2792900
9660,2934500
9661,3114400
9662,3199400
9663,2638900
9664,2809100
9665,3139400
9666,2878900
9667,3115200
9668,2972000
9669,2766000
9670,2744300
9671,2911600
9672,2835300
9673,3244300
9674,2814800
9675,2708800
9676,3040700
9677,2651800
9678,2899300
9679,3219200
9680,2805200
9681,2740400
9682,2852800
9683,2796500
9684,3298400
9685,2820500
9686,2698300
9687,3142700
9688,2888100
9689,2846200
9690,3232400
9691,2806700
9692,2756900
9693,2868100
9694,2850400
9695,2847400
9696,3440200
9697,2725000
9698,3047200
9699,2615700
9700,2816500
9701,3084400
9702,3197500
9703,2747000
9704,2794100
9705,2845600
9706,2905000
9707,3517700
9708,2646900
9709,2905500
9710,2711600
9711,2770700
9712,3054300
9713,3303600
9714,2893600
9715,2785600
9716,2874900
9717,2817300
9718,3065300
9719,3467600
9720,2497900
9721,2923100
9722,2752100
9723,2936100
9724,3448800
9725,3137500
9726,2632600
9727,2833900
9728,2960400
9729,2937500
9730,3507100
9731,2756100
9732,2856200
9733,2898300
9734,2962000
9735,3629200
9736,2749500
9737,2921800
9738,2871300
9739,3142800
9740,3071200
9741,3178800
9742,2816900
9743,3051100
9744,2853600
9745,3336100
9746,2889900
9747,3212400
9748,3149800
9749,2828300
9750,3240200
9751,2799000
9752,3309000
9753,2833700
9754,2896100
9755,3018000
9756,2876300
9757,3164100
9758,3124400
9759,2916900
9760,2849200
9761,3104400
9762,3111000
9763,3384300
9764,2748200
9765,2797700
9766,3142100
9767,2661400
9768,3239400
9769,3214000
9770,2768600
9771,3193400
9772,2585400
9773,3040600
9774,3214500
9775,2781700
9776,2898700
9777,2926200
9778,2785600
9779,2884800
9780,3263800
9781,2760200
9782,3180500
9783,2867000
9784,2747300
9785,3394500
9786,2651900
9787,2887600
9788,2959500
9789,2601500
9790,3012200
9791,3221700
9792,2697600
9793,2822100
9794,2820500
9795,2686900
9796,3046100
9797,3096700
9798,3097500
9799,2840100
9800,2732300
9801,2617900
9802,2886200
9803,3319500
9804,2901800
9805,2616000
9806,2787100
9807,2787100
9808,3396600
9809,2737400
9810,2651400
9811,2774600
9812,2770900
9813,2816100
9814,3386700
9815,2579400
9816,2723300
9817,2855600
9818,2739000
9819,3018400
9820,3104800
9821,2993900
9822,2714900
9823,2834500
9824,2819500
9825,3011900
9826,3166900
9827,2680100
9828,2762500
9829,2859100
9830,2789300
9831,2997600
9832,3165100
9833,2695100
9834,2820100
9835,2913100
9836,3041600
9837,2789800
9838,3219700
9839,2666600
9840,2902900
9841,3017400
9842,2978200
9843,3092300
9844,2988400
9845,2797300
9846,2824800
9847,2872500
9848,2919500
9849,3224400
9850,2769300
9851,2845600
9852,3086000
9853,3030000
9854,2779700
9855,3114200
9856,2833900
9857,2841800
9858,2831300
9859,3083700
9860,3053500
9861,3020500
9862,2887200
9863,2815500
9864,2765200
9865,3213100
9866,2969800
9867,2830900
9868,2907300
9869,2775800
9870,2895600
9871,3048000
9872,3090800
9873,2812900
9874,2825000
9875,2777300
9876,3210400
9877,3055200
9878,3035400
9879,2839200
9880,2802500
9881,2768800
9882,2974500
9883,3511200
9884,2841500
9885,2803000
9886,2786200
9887,2902800
9888,3243400
9889,2961500
9890,2654900
9891,2895300
9892,2729800
9893,2997500
9894,3244500
9895,2857300
9896,2691000
9897,2797300
9898,2882800
9899,3094000
9900,3150900
9901,2967300
9902,2735200
9903,3129500
9904,3500900
9905,2808800
9906,3150500
9907,4679200
9908,2824100
9909,2067200
9910,2186000
9911,3021200
9912,2673600
9913,2816200
9914,2788000
9915,2807300
9916,3432100
9917,2948800
9918,2746900
9919,2786800
9920,2784000
9921,3006200
9922,3260100
9923,2627400
9924,2748400
9925,2799500
9926,2838900
9927,3359600
9928,2976100
9929,2534200
9930,2721600
9931,2815700
9932,3027900
9933,3072700
9934,2769500
9935,2996900
9936,2695800
9937,2759600
9938,2832100
9939,2912700
9940,3192200
9941,2767800
9942,2757800
9943,2916500
9944,2644500
9945,3025500
9946,3024500
9947,2690300
9948,2809900
9949,2839100
9950,2738300
9951,3032300
9952,2969000
9953,2802000
9954,3351000
9955,2666800
9956,3228400
9957,2908900
9958,3046700
9959,2384500
9960,2787600
9961,2783300
9962,3124900
9963,3024000
9964,2753500
9965,2984100
9966,2647800
9967,2746200
9968,3310900
9969,3008000
9970,2902600
9971,2976900
9972,2792700
9973,2841000
9974,3374900
9975,2764200
9976,2742400
9977,2843800
9978,2761700
9979,3135400
9980,3055400
9981,2949100
9982,2579000
9983,2848300
9984,2802300
9985,2946500
9986,3240600
9987,2830200
9988,2706100
9989,2865900
9990,2769900
9991,3046400
9992,3225400
9993,2938600
9994,2804500
9995,2776700
9996,2919100
9997,3551100
9998,2701300
9999,2730500
10000,2818400
10001,2817000
10002,3172600
10003,3020100
10004,2704400
10005,2788400
10006,2811200
10007,2795000
10008,3353300
10009,2879900
10010,3022200
10011,2795600
10012,2784700
10013,2865800
10014,3275700
10015,2824600
10016,2741600
10017,2792100
10018,2907100
10019,2913500
10020,3285300
10021,2616800
10022,2785600
10023,2838000
10024,2938400
10025,2885500
10026,3221500
10027,2613200
10028,2890100
10029,2767500
10030,3049300
10031,3346800
10032,3001200
10033,2757100
10034,2862900
10035,2821900
10036,2889900
10037,3278100
10038,2715700
10039,2786200
10040,3012200
10041,2732400
10042,2856900
10043,3252100
10044,2678200
10045,2821400
10046,2845200
10047,2791100
10048,2923100
10049,3237600
10050,2706100
10051,2890500
10052,2766300
10053,2808500
10054,3168600
10055,3325700
10056,2896000
10057,2632700
10058,2850100
10059,2926200
10060,3226500
10061,2782900
10062,2841100
10063,2805300
10064,2805500
10065,2946800
10066,3269500
10067,3265700
10068,2624700
10069,2820100
10070,2897800
10071,3398500
10072,2980700
10073,2877000
10074,2790300
10075,2849600
10076,2966800
10077,3680000
10078,2602800
10079,2786400
10080,2960100
10081,2891400
10082,3096300
10083,3494900
10084,2974300
10085,2894000
10086,2892800
10087,3080900
10088,3430900
10089,2770100
10090,2921800
10091,2971900
10092,2873400
10093,3234600
10094,3127100
10095,2872900
10096,2893700
10097,2805100
10098,3219400
10099,3224500
10100,2847200
10101,2857600
10102,2885300
10103,2968900
10104,3044400
10105,3234500
10106,2897000
10107,2785900
10108,2815000
10109,2968700
10110,3286700
10111,3380900
10112,2817000
10113,2803500
10114,2945300
10115,2938800
10116,3314100
10117,2776500
10118,2841000
10119,2900900
10120,2827500
10121,3025300
10122,3214700
10123,2672900
10124,3082700
10125,2575200
10126,2942400
10127,3593300
10128,2584900
10129,2768100
10130,3042800
10131,2734900
10132,2911400
10133,3294600
10134,2644200
10135,2878900
10136,2735500
10137,2814900
10138,2949600
10139,3221700
10140,2636500
10141,3195100
10142,2658300
10143,2919500
10144,3050400
10145,2971900
10146,3210700
10147,2535000
10148,2805500
10149,2918500
10150,3046700
10151,3039400
10152,2554100
10153,2750800
10154,2792800
10155,2956100
10156,3222000
10157,2673500
10158,2799300
10159,2744500
10160,2846300
10161,2839300
10162,3480100
10163,2758000
10164,2801400
10165,2754300
10166,2812000
10167,3123300
10168,3013600
10169,2733000
10170,2792100
10171,2785200
10172,2920900
10173,3468200
10174,2574100
10175,2771400
10176,2795800
10177,2740100
10178,3377400
10179,2993500
10180,2679100
10181,2767000
10182,2770000
10183,2879500
10184,3156600
10185,3220100
10186,2958200
10187,2787600
10188,2793800
10189,3127800
10190,2795200
10191,3143800
10192,2682300
10193,2809700
10194,3060700
10195,3142500
10196,3237000
10197,2831200
10198,2579100
10199,2787700
10200,2853200
10201,3050900
10202,3128300
10203,2952600
10204,2841600
10205,2927900
10206,2810800
10207,2776400
10208,3262700
10209,2847100
10210,2769400
10211,2885400
10212,2814400
10213,3201000
10214,2829100
10215,2692900
10216,2924100
10217,2884000
10218,2821200
10219,3535400
10220,2745300
10221,3047900
10222,2698600
10223,2769000
10224,3184600
10225,3038500
10226,3137800
10227,2827300
10228,2825500
10229,2944900
10230,3272400
10231,2755300
10232,2839400
10233,2799200
10234,2809600
10235,3024300
10236,3323900
10237,2861700
10238,2810400
10239,2676200
10240,2876900
10241,3038300
10242,3441400
10243,2676900
10244,2831300
10245,2785200
10246,2929000
10247,3416400
10248,2755100
10249,2776500
10250,2853100
10251,2759900
10252,2933500
10253,3492100
10254,2516000
10255,2791100
10256,2784200
10257,2826800
10258,3306600
10259,3365900
10260,2669500
10261,2820700
10262,2828700
10263,2861300
10264,3375800
10265,2739400
10266,2685800
10267,2878200
10268,2791600
10269,2885000
10270,3535200
10271,2487500
10272,2771300
10273,2861700
10274,2799200
10275,3296900
10276,3051500
10277,2573000
10278,2711500
10279,2795300
10280,2794400
10281,3123800
10282,3372400
10283,2651700
10284,2747400
10285,2873300
10286,2964500
10287,3432200
10288,2611100
10289,2795800
10290,2824200
10291,2931800
10292,2842400
10293,3256900
10294,2664500
10295,2756700
10296,2817200
10297,2827500
10298,3070800
10299,3151700
10300,3243900
10301,2417400
10302,3166600
10303,3143800
10304,2636300
10305,2863000
10306,2707700
10307,2882200
10308,2705800
10309,2846500
10310,3518900
10311,2701800
10312,2711800
10313,2932100
10314,2700100
10315,2995500
10316,3201900
10317,2700500
10318,2892300
10319,2713100
10320,2791100
10321,3182600
10322,2922700
10323,3094200
10324,2886900
10325,2804700
10326,2679700
10327,3315900
10328,3039900
10329,2803000
10330,2818000
10331,2849600
10332,2934500
10333,3231000
10334,2838700
10335,2697800
10336,2805600
10337,2749200
10338,3211400
10339,3177800
10340,2895600
10341,2721800
10342,2780000
10343,2875700
10344,3060200
10345,3052800
10346,2765300
10347,2749900
10348,2823300
10349,2944600
10350,3522900
10351,2577800
10352,2746600
10353,2787600
10354,2818900
10355,3096700
10356,3120300
10357,2973700
10358,2791700
10359,2780600
10360,2878300
10361,3101300
10362,3031500
10363,2797100
10364,2736800
10365,2807700
10366,2804200
10367,3289900
10368,3049500
10369,2821400
10370,2806500
10371,2779500
10372,3019800
10373,3221800
10374,2701700
10375,2766000
10376,2865400
10377,3078100
10378,2768900
10379,3426000
10380,2659400
10381,2759800
10382,2855000
10383,3001200
10384,2818800
10385,3245700
10386,2688200
10387,2764000
10388,2887000
10389,2815700
10390,3329800
10391,2692300
10392,2780900
10393,2846800
10394,2795500
10395,3031700
10396,3213700
10397,2915000
10398,2761600
10399,2989300
10400,2694800
10401,2932600
10402,3435800
10403,2693300
10404,2865900
10405,2761500
10406,2816200
10407,3002100
10408,3237700
10409,2730500
10410,3214900
10411,2469900
10412,2872300
10413,3317400
10414,2760400
10415,2916100
10416,2739800
10417,2757400
10418,2951000
10419,3364100
10420,2898300
10421,2675600
10422,2744800
10423,2915000
10424,3020700
10425,3229500
10426,2839500
10427,2851200
10428,2905000
10429,2825400
10430,3534100
10431,2860800
10432,3067200
10433,2789500
10434,2923900
10435,2949000
10436,3386200
10437,2696800
10438,2860500
10439,2887400
10440,2861700
10441,3535800
10442,2973500
10443,2760900
10444,2923600
10445,2841000
10446,2965000
10447,3421100
10448,2932400
10449,2839700
10450,2893900
10451,2852200
10452,3066800
10453,3287800
10454,2740800
10455,2896400
10456,2814200
10457,3005100
10458,3348500
10459,2713100
10460,2885800
10461,2960900
10462,2954900
10463,2976000
10464,3118000
10465,2698300
10466,2896900
10467,2841600
10468,2830200
10469,3252400
10470,3130000
10471,2873100
10472,2842000
10473,2881700
10474,2856900
10475,3541900
10476,2688400
10477,2796700
10478,3267400
10479,2911900
10480,2944600
10481,2773700
10482,2645300
10483,2760900
10484,3036900
10485,2647200
10486,2997700
10487,3135300
10488,2740600
10489,2977700
10490,2733600
10491,3150400
10492,3085000
10493,2725100
10494,2792700
10495,2842600
10496,2745200
10497,3016300
10498,3116300
10499,2703000
10500,2843900
10501,2761400
10502,2852600
10503,3008800
10504,2980900
10505,2887700
10506,2747800
10507,2726500
10508,2877800
10509,3127300
10510,3152300
10511,2838400
10512,2722800
10513,2749700
10514,2791100
10515,3198000
10516,3254800
10517,2720500
10518,2783700
10519,2727200
10520,3086000
10521,3165200
10522,2777600
10523,2741800
10524,2799000
10525,2884000
10526,3116400
10527,3105000
10528,2938000
10529,2748500
10530,2808300
10531,2802400
10532,3272100
10533,2962900
10534,2753800
10535,2831600
10536,2801400
10537,2954200
10538,3690200
10539,2775700
10540,2867500
10541,2654100
10542,2840000
10543,3185800
10544,2999800
10545,2896500
10546,2911600
10547,2768300
10548,3004200
10549,3103100
10550,3125400
10551,2987600
10552,2663500
10553,2881200
10554,3066000
10555,3186900
10556,2798900
10557,2799700
10558,2920400
10559,3111900
10560,2867600
10561,3129700
10562,2787700
10563,2827600
10564,3071700
10565,2845700
10566,3132800
10567,3126300
10568,2868900
10569,2851800
10570,2888600
10571,3043400
10572,3135100
10573,2764700
10574,2848800
10575,2939900
10576,2743500
10577,2995900
10578,3162700
10579,2799600
10580,2904600
10581,2838900
10582,2789500
10583,2947100
10584,3145000
10585,2849700
10586,2982100
10587,2746500
10588,2788000
10589,3769900
10590,3212200
10591,2802000
10592,4409800
10593,4113100
10594,2298000
10595,2024300
10596,2976000
10597,2683400
10598,2741800
10599,2850300
10600,3324400
10601,2675900
10602,2839800
10603,2816800
10604,2822100
10605,3040600
10606,2972200
10607,3147400
10608,2619300
10609,2820700
10610,2804400
10611,2980400
10612,3003700
10613,2817200
10614,2806300
10615,2793400
10616,2782800
10617,3335000
10618,2841900
10619,2700300
10620,2723900
10621,2839800
10622,2886400
10623,3889500
10624,2418700
10625,2615400
10626,2779500
10627,2816300
10628,2928500
10629,3271100
10630,2720700
10631,2842600
10632,2803800
10633,2781600
10634,3251400
10635,2856500
10636,2731600
10637,2843500
10638,2736800
10639,2772400
10640,3021800
10641,3075600
10642,3176700
10643,2439000
10644,2739600
10645,3162200
10646,3371300
10647,2690900
10648,2718200
10649,2913100
10650,3039400
10651,2947100
10652,3334400
10653,2744200
10654,2658500
10655,2756400
10656,2805800
10657,2858400
10658,3249300
10659,2667600
10660,2877900
10661,3036400
10662,2761200
10663,3505700
10664,2661500
10665,2856500
10666,3027300
10667,2561100
10668,2877400
10669,3256300
10670,2726800
10671,2852300
10672,2814400
10673,2738200
10674,2915300
10675,3226800
10676,2791300
10677,2677800
10678,2881100
10679,2821600
10680,3070700
10681,3322300
10682,2739200
10683,2868700
10684,2698200
10685,2828300
10686,3354000
10687,2646100
10688,2893400
10689,2781400
10690,2739600
10691,2929500
10692,3303100
10693,2677700
10694,2983000
10695,2629000
10696,2766500
10697,2979200
10698,3119400
10699,2799200
10700,2889000
10701,2689000
10702,2751100
10703,3299900
10704,3357800
10705,2868300
10706,2665300
10707,2818300
10708,2840600
10709,3300400
10710,2723500
10711,3056000
10712,2565300
10713,2758100
10714,2881100
10715,3351100
10716,2807700
10717,2769000
10718,2683500
10719,2848400
10720,3100900
10721,3016200
10722,3068900
10723,2719600
10724,2791800
10725,2874300
10726,2930300
10727,3357700
10728,2659300
10729,2709500
10730,2873100
10731,2852300
10732,3453300
10733,2670900
10734,2712400
10735,2765000
10736,2916700
10737,3038800
10738,3291300
10739,2887300
10740,2774100
10741,2830700
10742,2866600
10743,3338300
10744,3001400
10745,2750800
10746,2799600
10747,2806100
10748,2877600
10749,3103800
10750,3152000
10751,2684000
10752,2922600
10753,2806100
10754,3251800
10755,3053500
10756,2824600
10757,2779100
10758,2903800
10759,3164200
10760,2595300
10761,3338000
10762,2628100
10763,2986600
10764,2774400
10765,2929600
10766,3366100
10767,2853900
10768,2746800
10769,2917500
10770,2897000
10771,2934900
10772,3408100
10773,2660200
10774,2958300
10775,3172100
10776,2662600
10777,3375700
10778,3330100
10779,2686300
10780,2924000
10781,2841400
10782,2919700
10783,3467500
10784,2720500
10785,2792900
10786,2912000
10787,2886400
10788,2898600
10789,3377400
10790,2750000
10791,3003400
10792,2855400
10793,2937100
10794,3150900
10795,2989100
10796,2952700
10797,2735300
10798,2812700
10799,3013000
10800,3269900
10801,2735700
10802,2911300
10803,2805500
10804,2755900
10805,2940500
10806,3365800
10807,2956600
10808,2661600
10809,2735700
10810,2840400
10811,3017400
10812,3141500
10813,2848800
10814,2695300
10815,2797000
10816,2918100
10817,3752700
10818,2854800
10819,2712500
10820,2803700
10821,2756500
10822,2936400
10823,3547700
10824,2665000
10825,2861600
10826,2621800
10827,2718100
10828,2936000
10829,3285700
10830,2717700
10831,2767800
10832,2740700
10833,2787900
10834,3119700
10835,3382000
10836,2576700
10837,2784600
10838,2787800
10839,2855500
10840,3288700
10841,2802300
10842,2680300
10843,2825700
10844,2742400
10845,3119600
10846,2960900
10847,2876400
10848,2688000
10849,2804400
10850,3051900
10851,2929100
10852,3522600
10853,2793400
10854,2762300
10855,2692300
10856,2890900
10857,3372600
10858,2577200
10859,2840200
10860,2792100
10861,2907400
10862,2996000
10863,3213200
10864,2660300
10865,2763000
10866,3008100
10867,2738800
10868,2836100
10869,3314600
10870,2634000
10871,2829800
10872,2938600
10873,2747300
10874,3093800
10875,3418800
10876,2745800
10877,3038300
10878,2733800
10879,2864800
10880,3321300
10881,2781500
10882,3113800
10883,2825400
10884,2987300
10885,3200300
10886,2946700
10887,2728400
10888,2880900
10889,2870700
10890,2713700
10891,3304300
10892,3514900
10893,2754200
10894,2892200
10895,2844000
10896,2892100
10897,3422800
10898,2859700
10899,2651600
10900,2788500
10901,2857800
10902,2946700
10903,3404700
10904,2710500
10905,2822300
10906,2868200
10907,2898800
10908,3148400
10909,3227800
10910,2778400
10911,2790500
10912,2881100
10913,3068200
10914,3344200
10915,2851800
10916,2828800
10917,2887200
10918,2764700
10919,3251100
10920,3088700
10921,2769300
10922,2840300
10923,2877200
10924,2866500
10925,3523200
10926,2758000
10927,2715800
10928,2789300
10929,2860300
10930,3117400
10931,3383100
10932,3071700
10933,2685800
10934,2840500
10935,2980200
10936,2992000
10937,3059600
10938,2820000
10939,2771800
10940,2979300
10941,2765600
10942,3402700
10943,2614800
10944,2874100
10945,2740700
10946,2878100
10947,3122700
10948,3223500
10949,2731000
10950,2742400
10951,2890800
10952,2785200
10953,2919700
10954,3213000
10955,2772600
10956,2939500
10957,2609800
10958,2817500
10959,2956300
10960,3125700
10961,2760300
10962,2991000
10963,2645100
10964,2780600
10965,3360900
10966,2787100
10967,3121500
10968,2973400
10969,2578900
10970,3021400
10971,3025200
10972,2746500
10973,2848900
10974,2760800
10975,2721900
10976,3162800
10977,2921500
10978,2905300
10979,2643100
10980,2761600
10981,2849600
10982,2950300
10983,3334900
10984,2691100
10985,3248900
10986,2421000
10987,2753800
10988,3011300
10989,3900300
10990,2298800
10991,2790200
10992,2621600
10993,2848600
10994,3398700
10995,2608300
10996,2782900
10997,2874000
10998,2777400
10999,2902600
11000,3941700
11001,3035200
11002,2361800
11003,2774300
11004,2709000
11005,3173200
11006,3221800
11007,2601800
11008,2872800
11009,2831300
11010,2795500
11011,3490900
11012,2746600
11013,2723400
11014,2843400
11015,2836200
11016,3108400
11017,2988000
11018,2888600
11019,2756300
11020,2806500
11021,2840100
11022,2969200
11023,3228100
11024,2844900
11025,2768200
11026,2837700
11027,2964000
11028,3211500
11029,2723800
11030,2901900
11031,2754400
11032,2843400
11033,2903900
11034,3487000
11035,2918700
11036,2772400
11037,2774300
11038,3117400
11039,2852900
11040,3204900
11041,2667300
11042,2844700
11043,2863600
11044,2823400
11045,3112300
11046,3032500
11047,2775000
11048,2952800
11049,2752900
11050,3001300
11051,3158400
11052,3039400
11053,3002600
11054,2650600
11055,2770200
11056,2896800
11057,3319700
11058,2791200
11059,2795100
11060,2817000
11061,2761000
11062,3065100
11063,3330200
11064,2954600
11065,2648800
11066,2797700
11067,2979300
11068,3216200
11069,3002300
11070,2746900
11071,2668900
11072,2818900
11073,2936600
11074,3099500
11075,2958200
11076,2732900
11077,2760800
11078,2851400
11079,2871300
11080,3539400
11081,2703300
11082,2689800
11083,2769500
11084,2824100
11085,3009800
11086,3348200
11087,2775600
11088,2729500
11089,2803100
11090,2883600
11091,3364800
11092,2674100
11093,2834600
11094,2795500
11095,2754600
11096,3393200
11097,3037000
11098,2601200
11099,2690000
11100,2811800
11101,2798500
11102,3340900
11103,2800500
11104,2799400
11105,2793800
11106,2743800
11107,2954900
11108,3301400
11109,2701500
11110,2884700
11111,2736200
11112,2852100
11113,2977900
11114,3479700
11115,2765800
11116,2744800
11117,2876800
11118,3083600
11119,2733000
11120,3462500
11121,2814100
11122,2875600
11123,2839500
11124,2800700
11125,3072200
11126,3221100
11127,2689600
11128,2934200
11129,2816700
11130,2921900
11131,3215200
11132,2873200
11133,2790000
11134,2878400
11135,2817300
11136,2950300
11137,3359200
11138,2789600
11139,2841500
11140,2785700
11141,2859200
11142,3109500
11143,3464300
11144,2692300
11145,2817000
11146,2864500
11147,2930000
11148,3284300
11149,2863400
11150,2853000
11151,2778500
11152,2832000
11153,2956300
11154,3377800
11155,2935100
11156,2763200
11157,2824600
11158,2886600
11159,3173900
11160,3449500
11161,2583200
11162,2800000
11163,2798900
11164,2895300
11165,3273600
11166,3176700
11167,2607700
11168,2851700
11169,2670900
11170,2925900
11171,3395500
11172,2605900
11173,2856300
11174,2759300
11175,2776700
11176,2893800
11177,3258400
11178,2782800
11179,2764500
11180,2837900
11181,2784600
11182,3240400
11183,3200200
11184,2767000
11185,2767600
11186,2812500
11187,3232400
11188,2905200
11189,2729200
11190,2822000
11191,2773700
11192,2880500
11193,2994000
11194,3365800
11195,2786500
11196,2736900
11197,2809200
11198,2876600
11199,2944400
11200,3172500
11201,3047100
11202,2734400
11203,3048900
11204,2777700
11205,3218900
11206,2836800
11207,2776100
11208,2777200
11209,2831500
11210,3177300
11211,2959500
11212,2863100
11213,2773400
11214,2923100
11215,2774100
11216,3220200
11217,3348800
11218,2683000
11219,3056300
11220,2694000
11221,2916000
11222,3321100
11223,2708500
11224,2841300
11225,3162700
11226,2956300
11227,3167500
11228,3172400
11229,2706200
11230,2905100
11231,2846900
11232,2852900
11233,3033200
11234,3304600
11235,2696200
11236,3012400
11237,3083300
11238,3017800
11239,3240300
11240,2786400
11241,2857800
11242,2859000
11243,2920600
11244,3046800
11245,3178100
11246,3002200
11247,2777600
11248,2835700
11249,2988100
11250,3483100
11251,2895500
11252,2814900
11253,2821500
11254,2891300
11255,3263600
11256,3134800
11257,3034800
11258,2872100
11259,2749600
11260,3089500
11261,2859700
11262,3413300
11263,2719900
11264,2753800
11265,2904400
11266,3259300
11267,3179700
11268,2677400
11269,2941500
11270,2825400
11271,2763700
11272,3170600
11273,3456800
11274,2728800
11275,3034700
11276,3477300
11277,2682300
11278,3521500
11279,4276900
11280,3054000
11281,1995900
11282,2041900
11283,2953100
11284,3045700
11285,2696800
11286,2778700
11287,2886000
11288,2797000
11289,3372600
11290,2638800
11291,2774100
11292,2845100
11293,2814300
11294,3030100
11295,3249000
11296,2882000
11297,2687000
11298,2790000
11299,3010300
11300,2794700
11301,3262600
11302,2711700
11303,2773200
11304,2922700
11305,2760500
11306,2819800
11307,3230000
11308,2663100
11309,2797900
11310,3078700
11311,2765100
11312,2861100
11313,3245200
11314,2663900
11315,3193300
11316,2654900
11317,2623500
11318,3277300
11319,2629500
11320,2944500
11321,2714400
11322,2720900
11323,2876100
11324,3230100
11325,2699300
11326,2816800
11327,3259900
11328,2441700
11329,3068500
11330,3048200
11331,3125700
11332,2687100
11333,2829900
11334,2743200
11335,3207500
11336,3103300
11337,2828300
11338,2747800
11339,2994000
11340,2761000
11341,3518300
11342,2860400
11343,2687500
11344,2800900
11345,2881400
11346,2874000
11347,3504000
11348,2864800
11349,3212400
11350,2674500
11351,2585200
11352,2841700
11353,3315200
11354,2712700
11355,2801400
11356,2844800
11357,2844300
11358,3402600
11359,2713000
11360,2773800
11361,2836600
11362,2710000
11363,3401300
11364,2859100
11365,2702900
11366,2826600
11367,2827500
11368,2787100
11369,3126500
11370,2961500
11371,3088400
11372,2837000
11373,2725400
11374,2977600
11375,2947800
11376,3082200
11377,2715200
11378,2905500
11379,2788100
11380,3011100
11381,3337000
11382,2719300
11383,2778600
11384,2853600
11385,2792700
11386,2916800
11387,3251800
11388,2678600
11389,2895900
11390,3015600
11391,2646800
11392,3204000
11393,3118700
11394,2733500
11395,2916400
11396,2765600
11397,2857300
11398,3336500
11399,2677200
11400,2794500
11401,3055900
11402,2759400
11403,3017300
11404,3123700
11405,2822600
11406,3096800
11407,2774900
11408,2742200
11409,2996100
11410,3097300
11411,2874200
11412,2987100
11413,2526500
11414,2798800
11415,3127000
11416,3118100
11417,3015400
11418,2690500
11419,2750900
11420,3055300
11421,3144500
11422,2814500
11423,2812800
11424,2877000
11425,2893300
11426,3189600
11427,2803300
11428,2933400
11429,2763400
11430,2754900
11431,2799200
11432,2949400
11433,3325100
11434,2661600
11435,2822400
11436,2803600
11437,2825700
11438,3340300
11439,3104800
11440,2621300
11441,2651500
11442,2786700
11443,2927300
11444,3239700
11445,2868700
11446,2814900
11447,2697200
11448,2743100
11449,2954400
11450,3271200
11451,2789000
11452,2705600
11453,2828900
11454,2813900
11455,3297000
11456,3152700
11457,2674400
11458,2738800
11459,2872100
11460,3073200
11461,3096100
11462,2821300
11463,2732800
11464,2820900
11465,2835300
11466,2907800
11467,3299200
11468,2775300
11469,2748500
11470,2781800
11471,3163700
11472,2826300
11473,3067100
11474,3082100
11475,2679700
11476,2836200
11477,2900100
11478,2988300
11479,3125400
11480,2863700
11481,2720800
11482,2968500
11483,2935300
11484,3330900
11485,2853800
11486,2882800
11487,2765600
11488,2894800
11489,2871200
11490,3403700
11491,2821400
11492,2798200
11493,2875500
11494,2795600
11495,3081200
11496,3003700
11497,2880700
11498,2853500
11499,2722500
11500,2927200
11501,3309900
11502,2772500
11503,3149400
11504,2718300
11505,2844800
11506,2895800
11507,3312000
11508,2779100
11509,3156600
11510,2549800
11511,2920300
11512,2890100
11513,3079400
11514,2917600
11515,2629300
11516,2896900
11517,2698100
11518,3420800
11519,2704500
11520,3000300
11521,2856200
11522,2796100
11523,2828300
11524,3342900
11525,3012500
11526,2599200
11527,2756800
11528,2797800
11529,2939500
11530,3596500
11531,2575500
11532,2753500
11533,2820700
11534,2861300
11535,3133800
11536,3061300
11537,2676600
11538,2865300
11539,2769500
11540,2918400
11541,3451500
11542,2944800
11543,2723900
11544,2838900
11545,2884000
11546,3222800
11547,3311800
11548,2486000
11549,2839600
11550,2781200
11551,2840800
11552,3154400
11553,3119100
11554,2759500
11555,2855700
11556,2871500
11557,3175000
11558,3159200
11559,2799500
11560,2769000
11561,2902800
11562,2844500
11563,3417100
11564,3138200
11565,2969200
11566,2855400
11567,2837200
11568,3433400
11569,3000700
11570,3300800
11571,2658300
11572,2737700
11573,2839600
11574,3348700
11575,2977500
11576,2768100
11577,2906200
11578,2960300
11579,2884500
11580,3036200
11581,3302300
11582,2999600
11583,2922400
11584,3019800
11585,2913400
11586,3211300
11587,2816600
11588,2912500
11589,2937700
11590,2864800
11591,3056200
11592,3400800
11593,2776400
11594,3195900
11595,2687900
11596,3011000
11597,3544900
11598,2994700
11599,3003900
11600,2773500
11601,2873200
11602,3072000
11603,3292900
11604,2795700
11605,2900800
11606,2880900
11607,2943900
11608,3414300
11609,3077000
11610,2661600
11611,2688700
11612,2820700
11613,3187600
11614,3133800
11615,2797400
11616,2732900
11617,2891100
11618,2833600
11619,3191100
11620,3397500
11621,2664800
11622,2806900
11623,2830900
11624,2931500
11625,3386200
11626,2654700
11627,2836500
11628,2704700
11629,2870800
11630,3079300
11631,3172100
11632,2621500
11633,2780000
11634,2868900
11635,2799700
11636,3342300
11637,3026500
11638,2964400
11639,2735900
11640,2796000
11641,2772000
11642,3027800
11643,3175900
11644,2671500
11645,2710600
11646,2862900
11647,2999800
11648,3175600
11649,2716100
11650,2720000
11651,2767600
11652,2764600
11653,3129100
11654,3095100
11655,2872800
11656,2755200
11657,2787000
11658,2860700
11659,3215400
11660,2974900
11661,2589100
11662,2737400
11663,2815100
11664,2790700
11665,2949500
11666,3210700
11667,2654900
11668,2836600
11669,3463800
11670,2191400
11671,3262500
11672,3080400
11673,2698200
11674,2852400
11675,2998700
11676,3015800
11677,3328300
11678,2720900
11679,2794300
11680,2856600
11681,2826800
11682,2937400
11683,3318300
11684,2668200
11685,2948000
11686,2717800
11687,2799100
11688,3461900
11689,2625600
11690,2862800
11691,3015400
11692,2648400
11693,3147300
11694,3388300
11695,2682800
11696,3224600
11697,3102500
11698,2414000
11699,3016300
11700,2991900
11701,2956700
11702,2758200
11703,2665100
11704,2841700
11705,3048300
11706,3164000
11707,2801100
11708,2818500
11709,2756200
11710,2956400
11711,3417700
11712,3086200
11713,2577600
11714,3135500
11715,2697400
11716,2979800
11717,3412300
11718,2647500
11719,2775600
11720,2791200
11721,2910200
11722,2964900
11723,3158100
11724,2726200
11725,2839500
11726,2781300
11727,2950200
11728,3525600
11729,2523200
11730,2806000
11731,2810200
11732,2882000
11733,3141300
11734,3156700
11735,2777700
11736,2778800
11737,2852100
11738,2885100
11739,2893200
11740,3228500
11741,2767900
11742,2826900
11743,2807300
11744,3087900
11745,2772600
11746,3212300
11747,2722900
11748,2760200
11749,2841400
11750,3267300
11751,3218900
11752,2975900
11753,2691700
11754,2774000
11755,3153200
11756,2632200
11757,3202400
11758,2732600
11759,2806600
11760,2877500
11761,2774900
11762,2999200
11763,3125700
11764,2690100
11765,2811700
11766,3012000
11767,2652100
11768,3344300
11769,2667000
11770,2779600
11771,2971900
11772,2762600
11773,3122900
11774,3119300
11775,2761500
11776,2946600
11777,2727600
11778,2784200
11779,2868900
11780,3269800
11781,2695500
11782,3186600
11783,2607300
11784,2678700
11785,3192800
11786,3118900
11787,2862600
11788,2687000
11789,2861300
11790,2751400
11791,3277500
11792,2948700
11793,2617300
11794,2768400
11795,2888500
11796,2701800
11797,3369600
11798,2763600
11799,2769700
11800,2802000
11801,2921400
11802,2790200
11803,3448900
11804,2610700
11805,2761600
11806,2712800
11807,2890500
11808,2995600
11809,3457900
11810,2687900
11811,2788100
11812,2822900
11813,2767900
11814,3400000
11815,2646400
11816,2798600
11817,2750200
11818,2930600
11819,2840400
11820,3350100
11821,2646400
11822,2783500
11823,2822400
11824,2760300
11825,3086000
11826,3292300
11827,2670800
11828,2848400
11829,2825900
11830,2711300
11831,3230500
11832,3207300
11833,2733000
11834,2878200
11835,2776600
11836,2907700
11837,3241300
11838,2695000
11839,2775400
11840,2929600
11841,2804700
11842,2924200
11843,3203600
11844,2641100
11845,2862600
11846,2813800
11847,3162400
11848,2980000
11849,2899400
11850,2841100
11851,2882200
11852,2800000
11853,2715000
11854,3060200
11855,3031300
11856,2807100
11857,2996600
11858,2639200
11859,2895500
11860,3456700
11861,2731800
11862,3076700
11863,2569500
11864,2749000
11865,2980800
11866,3165500
11867,3050500
11868,2807600
11869,2702300
11870,2851500
11871,3016900
11872,3084500
11873,2884500
11874,2812000
11875,2687900
11876,2847200
11877,3057300
11878,3262500
11879,2636700
11880,2781900
11881,2764200
11882,2989000
11883,3180500
11884,2843600
11885,2828500
11886,2767200
11887,2861300
11888,3091300
11889,3198800
11890,2986000
11891,2695800
11892,2894500
11893,2768400
11894,3237400
11895,2961700
11896,2823700
11897,2758800
11898,2871900
11899,2943900
11900,3593100
11901,2718700
11902,2966900
11903,2729600
11904,2889900
11905,3516900
11906,2744100
11907,3155600
11908,2674900
11909,2944300
11910,3382100
11911,2763100
11912,3410400
11913,2705100
11914,2771500
11915,3146700
11916,2903300
11917,3178500
11918,2781600
11919,3009400
11920,2790300
11921,2941500
11922,3096900
11923,3528200
11924,2824500
11925,2915500
11926,2879700
11927,3096800
11928,3240900
11929,2925900
11930,2906100
11931,2999200
11932,2851400
11933,3314400
11934,3354700
11935,2799500
11936,3156200
11937,2800800
11938,3012300
11939,3206800
11940,2771300
11941,2978600
11942,2947600
11943,2868600
11944,3175700
11945,3221300
11946,2803300
11947,3022300
11948,2816500
11949,3000900
11950,3298700
11951,2849200
11952,3014800
11953,2653000
11954,2938000
11955,3067000
11956,2996900
11957,2875300
11958,2898800
11959,2776100
11960,3385200
11961,4072700
11962,2734900
11963,4979800
11964,3387200
11965,2305300
11966,2259500
11967,2562400
11968,2840900
11969,2758200
11970,2799000
11971,2847100
11972,3615500
11973,2864700
11974,2677400
11975,2697800
11976,2834400
11977,2918700
11978,3391000
11979,2741400
11980,2851300
11981,2789200
11982,2748900
11983,2954400
11984,3274500
11985,2644300
11986,2707400
11987,2863600
11988,2727100
11989,2994100
11990,3191700
11991,2710700
11992,2669200
11993,2824700
11994,2773000
11995,3485800
11996,2538700
11997,2704600
11998,2780800
11999,2787500
12000,3162300
12001,3042600
12002,2829800
12003,2745800
12004,2786000
12005,2782600
12006,3473400
12007,2807200
12008,2610000
12009,2789100
12010,2681200
12011,3252500
12012,2519800
12013,3398600
12014,2694400
12015,2786700
12016,2755800
12017,3033100
12018,3051700
12019,3314900
12020,2737800
12021,2820200
12022,3022400
12023,2762200
12024,3256600
12025,2723600
12026,2803800
12027,2838700
12028,2816400
12029,2969900
12030,3214500
12031,2693400
12032,2796300
12033,2997100
12034,2658500
12035,2927700
12036,3246800
12037,2722300
12038,2900900
12039,2896800
12040,2700400
12041,3435500
12042,2873000
12043,2825900
12044,3188000
12045,3056000
12046,2680700
12047,3203100
12048,2691300
12049,2870200
12050,2775100
12051,2739100
12052,2921100
12053,3257100
12054,2914300
12055,2679000
12056,2757600
12057,2803800
12058,3071800
12059,3180900
12060,2994200
12061,2816900
12062,2803200
12063,2936200
12064,3206200
12065,2961700
12066,2633400
12067,2853000
12068,2884200
12069,2913900
12070,3449000
12071,2531400
12072,2881700
12073,2709000
12074,2851500
12075,3115800
12076,3093500
12077,3071800
12078,2787600
12079,2766500
12080,2905600
12081,3537100
12082,2617300
12083,2783100
12084,2801300
12085,2877800
12086,3341100
12087,2977600
12088,2746500
12089,2852000
12090,2802400
12091,2768400
12092,3227300
12093,3019400
12094,3090700
12095,2660600
12096,2872300
12097,3103400
12098,3065300
12099,2710600
12100,2846400
12101,2800200
12102,2971500
12103,2701700
12104,3323300
12105,2655300
12106,2844700
12107,2764900
12108,2860700
12109,2835700
12110,3250900
12111,2755200
12112,2803700
12113,2841500
12114,2747800
12115,3157800
12116,3271900
12117,2772600
12118,2727100
12119,2870300
12120,2834600
12121,3517000
12122,2675200
12123,2726800
12124,3068400
12125,2794800
12126,2744400
12127,3240500
12128,2759600
12129,2696400
12130,2879500
12131,2795500
12132,2896400
12133,3126200
12134,2846100
12135,2822300
12136,2741500
12137,2775800
12138,3060600
12139,3055700
12140,3043200
12141,2576200
12142,2795700
12143,2818500
12144,3319100
12145,2779600
12146,2842400
12147,2714100
12148,2824700
12149,2883700
12150,3268100
12151,2955900
12152,2941500
12153,2726300
12154,2763800
12155,2917500
12156,3507300
12157,2533100
12158,2738700
12159,2753300
12160,2834400
12161,3123000
12162,3323600
12163,2672500
12164,2779000
12165,2776500
12166,2838400
12167,3433000
12168,2691700
12169,2754400
12170,2769900
12171,2871000
12172,3078900
12173,3138800
12174,2889600
12175,2745100
12176,2848900
12177,2858800
12178,2884400
12179,3186800
12180,2763400
12181,2744100
12182,2776300
12183,2968800
12184,3010000
12185,3266500
12186,2824700
12187,2726800
12188,2906000
12189,3491300
12190,2822900
12191,2695300
12192,2588500
12193,2775300
12194,3008500
12195,2748600
12196,3456800
12197,2761100
12198,2711300
12199,3005900
12200,2688000
12201,2929200
12202,3123100
12203,2738900
12204,2864200
12205,2750500
12206,2908300
12207,2966400
12208,3096000
12209,2732100
12210,3042900
12211,2628000
12212,3122100
12213,3171500
12214,2781400
12215,2773900
12216,2868700
12217,2740700
12218,2976900
12219,3250700
12220,2714200
12221,2872700
12222,2724900
12223,2772200
12224,2870400
12225,3326500
12226,2790800
12227,2764100
12228,2731400
12229,2833600
12230,3209600
12231,3395800
12232,2536100
12233,2737400
12234,2811200
12235,2880300
12236,3695200
12237,2619600
12238,2725000
12239,2847500
12240,2772600
12241,3225100
12242,3160300
12243,2737500
12244,2764300
12245,2939000
12246,2773300
12247,3085000
12248,3367600
12249,2862300
12250,2795200
12251,2838300
12252,2931400
12253,3718600
12254,2860700
12255,3078000
12256,2665300
12257,3160100
12258,2962700
12259,2908200
12260,2859200
12261,2794300
12262,3001000
12263,3023400
12264,3156700
12265,3019600
12266,2759100
12267,3016400
12268,3378200
12269,2772900
12270,3497600
12271,2805000
12272,2883200
12273,3247400
12274,2732500
12275,3415400
12276,2766400
12277,2997000
12278,2853900
12279,2989900
12280,2997300
12281,3238800
12282,2895200
12283,2842700
12284,3021200
12285,2811200
12286,3313900
12287,3322000
12288,2842100
12289,2926500
12290,2913200
12291,3126500
12292,3124000
12293,2818800
12294,2976700
12295,2866800
12296,2824100
12297,3021100
12298,3171800
12299,2849600
12300,2813900
12301,2967600
12302,2832300
12303,3372200
12304,2763900
12305,3139500
12306,2922600
12307,2811900
12308,2946300
12309,3373900
12310,2835400
12311,2812700
12312,2836100
12313,2843500
12314,3040800
12315,3263400
12316,2643500
12317,2797900
12318,2890200
12319,2843400
12320,3349700
12321,2774400
12322,2750200
12323,2772400
12324,2918600
12325,2998700
12326,3144100
12327,2844300
12328,2796400
12329,2771000
12330,2855800
12331,3121400
12332,2991300
12333,2745500
12334,2769300
12335,2803300
12336,2848400
12337,2964900
12338,3088900
12339,2684000
12340,2737600
12341,2862100
12342,3114400
12343,3121900
12344,2882000
12345,2749200
12346,2728100
12347,3039100
12348,2924500
12349,2990800
12350,2803700
12351,2770300
12352,2830100
12353,3763600
12354,2456200
12355,2961000
12356,2728900
12357,2812300
12358,3048500
12359,2599000
12360,3463900
12361,2700900
12362,2762900
12363,3046000
12364,2751400
12365,3074700
12366,3205700
12367,2799900
12368,2772600
12369,2874500
12370,2747200
12371,2876500
12372,3231900
12373,2786200
12374,2830900
12375,2848100
12376,2705000
12377,3115500
12378,3120400
12379,2950100
12380,2704800
12381,2742900
12382,2788000
12383,3594000
12384,2954000
12385,2929900
12386,2713800
12387,2759400
12388,2994100
12389,3253200
12390,3013700
12391,3203000
12392,2431200
12393,2813800
12394,2647900
12395,3327900
12396,2588600
12397,2884200
12398,2757000
12399,2778100
12400,3223600
12401,3264400
12402,2774400
12403,2784100
12404,2834600
12405,2980900
12406,3325700
12407,2649100
12408,2866200
12409,2772100
12410,2879300
12411,3172200
12412,3033300
12413,2687300
12414,2890600
12415,2764400
12416,2988800
12417,2989800
12418,3032600
12419,3152600
12420,2681600
12421,2820100
12422,3147100
12423,3310700
12424,2660500
12425,2927300
12426,2720600
12427,2999100
12428,3006700
12429,3021600
12430,2796400
12431,2730500
12432,2849300
12433,2799500
12434,3058000
12435,3071100
12436,2777200
12437,2739900
12438,2975200
12439,2877700
12440,3435900
12441,2712400
12442,2737900
12443,3124700
12444,2600900
12445,2850500
12446,3301700
12447,2614400
12448,2801600
12449,2843500
12450,2769000
12451,2866400
12452,3295700
12453,2661200
12454,2854700
12455,2781300
12456,2778400
12457,3168700
12458,3154300
12459,2971000
12460,2599600
12461,2747600
12462,2867700
12463,3430300
12464,2903500
12465,2716400
12466,2848300
12467,2724500
12468,3015200
12469,3202400
12470,3086200
12471,2608700
12472,2687800
12473,2765400
12474,3040000
12475,3071300
12476,2826500
12477,2700300
12478,2778400
12479,2781500
12480,2915500
12481,3583700
12482,2439100
12483,2752100
12484,2770200
12485,2898800
12486,3534600
12487,2565700
12488,2696800
12489,2816300
12490,2757100
12491,2904200
12492,3558500
12493,2569500
12494,2959800
12495,2830900
12496,2831200
12497,3025200
12498,3360600
12499,2683600
12500,2796200
12501,2759300
12502,2886300
12503,3174700
12504,3069400
12505,2717300
12506,2846900
12507,2800900
12508,3023700
12509,3235100
12510,2657700
12511,2800400
12512,2906300
12513,2774200
12514,2926200
12515,3349900
12516,2660800
12517,2932300
12518,2684400
12519,3009100
12520,3001900
12521,3123400
12522,2979400
12523,2691000
12524,3114200
12525,2656100
12526,3007300
12527,3113100
12528,2676200
12529,2864600
12530,3227900
12531,2767500
12532,3193000
12533,2784500
12534,2748100
12535,3279200
12536,2488700
12537,2982100
12538,3079200
12539,3081100
12540,2690200
12541,2902700
12542,2694500
12543,2973500
12544,3153400
12545,2717200
12546,2877000
12547,2733600
12548,2867900
12549,3416800
12550,2782500
12551,2902700
12552,2649300
12553,2756000
12554,2987900
12555,3215500
12556,3016600
12557,2824000
12558,2680300
12559,2847600
12560,2977400
12561,3191400
12562,2918800
12563,2651500
12564,2840500
12565,2783500
12566,3027400
12567,3344700
12568,2675900
12569,2728900
12570,2761300
12571,2963800
12572,3770500
12573,2505800
12574,2816800
12575,2757800
12576,2878900
12577,3100600
12578,3142000
12579,2955600
12580,2749400
12581,2852700
12582,2895200
12583,3272200
12584,3002300
12585,2822600
12586,2773900
12587,2931100
12588,2930700
12589,3384100
12590,2710200
12591,2867400
12592,2774500
12593,2935600
12594,3304000
12595,3172200
12596,2828900
12597,2819800
12598,2898300
12599,3091100
12600,3331900
12601,3161600
12602,2783500
12603,2714700
12604,3174000
12605,3063700
12606,3171300
12607,2843400
12608,2978700
12609,2845100
12610,2971800
12611,3251400
12612,3363000
12613,2912600
12614,2885300
12615,3029000
12616,3028700
12617,3300600
12618,2885800
12619,2856500
12620,3055000
12621,2836800
12622,3016100
12623,3269000
12624,3058700
12625,2886300
12626,2729100
12627,2992300
12628,3328000
12629,2795000
12630,3144300
12631,2813800
12632,2844900
12633,3118800
12634,3443400
12635,2993800
12636,2682100
12637,2859300
12638,2986800
12639,3230800
12640,2929600
12641,2871300
12642,2749300
12643,2907600
12644,3027100
12645,3410700
12646,2958500
12647,2712800
12648,2871700
12649,3653000
12650,3654200
12651,2426900
12652,3599800
12653,4514600
12654,2609500
12655,2080900
12656,2349400
12657,2749200
12658,2782600
12659,2838300
12660,2848800
12661,3146700
12662,3021900
12663,2727600
12664,2736200
12665,2798400
12666,3010900
12667,3264800
12668,2904600
12669,2769200
12670,2735300
12671,2794400
12672,2952500
12673,3202100
12674,2767900
12675,2682500
12676,2823000
12677,2773400
12678,3064000
12679,3025000
12680,2750300
12681,2737000
12682,2781300
12683,2819000
12684,3375400
12685,3174900
12686,2712400
12687,2753200
12688,2789700
12689,3087500
12690,3035400
12691,2763800
12692,2871000
12693,2694300
12694,3121600
12695,3163500
12696,2695700
12697,2761900
12698,2810800
12699,2759800
12700,3300100
12701,2662000
12702,3200900
12703,2724600
12704,2873800
12705,2962500
12706,2646400
12707,3107700
12708,3384200
12709,2653100
12710,2931300
12711,2792800
12712,2890700
12713,3214900
12714,2684000
12715,2841100
12716,2936500
12717,2771300
12718,2887600
12719,3454500
12720,2699200
12721,2898500
12722,2862100
12723,2692200
12724,3045500
12725,3427300
12726,2731900
12727,2846400
12728,2813500
12729,2777100
12730,3374000
12731,2699400
12732,2888700
12733,2731000
12734,2877900
12735,2927200
12736,3113200
12737,2976000
12738,2867400
12739,2990500
12740,2706600
12741,2809300
12742,3019300
12743,2830000
12744,2710400
12745,2880000
12746,2782300
12747,3041200
12748,3305200
12749,2776200
12750,2768700
12751,2863600
12752,2982200
12753,3758500
12754,2344300
12755,2705700
12756,2736100
12757,2924900
12758,2883200
12759,3483000
12760,2657100
12761,2772500
12762,2831000
12763,2781600
12764,3235000
12765,3261700
12766,2667700
12767,2916400
12768,2714600
12769,2891200
12770,3352600
12771,2670900
12772,2772200
12773,2858100
12774,2789800
12775,3171000
12776,3023800
12777,2761000
12778,2813100
12779,2816300
12780,2757600
12781,3128900
12782,3026300
12783,2731300
12784,2848500
12785,2788500
12786,3127500
12787,3058000
12788,3002000
12789,2836200
12790,2749400
12791,2908000
12792,2859900
12793,3431400
12794,2798000
12795,2759700
12796,2728100
12797,2981200
12798,2800800
12799,3284500
12800,2775900
12801,2765300
12802,2827800
12803,2801400
12804,3008100
12805,3085300
12806,3055900
12807,2889000
12808,2719800
12809,2788900
12810,2991900
12811,3116400
12812,3077900
12813,2755900
12814,2721100
12815,2805000
12816,3266400
12817,2703400
12818,2985000
12819,2666900
12820,2778500
12821,2937000
12822,3241500
12823,2761300
12824,2868100
12825,2706500
12826,2801200
12827,3081300
12828,3222500
12829,2749400
12830,2677000
12831,2758000
12832,2883300
12833,3151000
12834,3318800
12835,2661400
12836,2759900
12837,2806600
12838,2856500
12839,3430500
12840,2705600
12841,2945700
12842,2869900
12843,2830600
12844,3145300
12845,2988400
12846,2815900
12847,2756700
12848,2788100
12849,2769000
12850,3027300
12851,3162800
12852,2735200
12853,2806500
12854,2892700
12855,2804500
12856,3352900
12857,2738100
12858,2783300
12859,2768000
12860,3059500
12861,2849800
12862,3350100
12863,2772800
12864,2737700
12865,2845700
12866,2895500
12867,2918900
12868,3436700
12869,2655600
12870,2817400
12871,3181300
12872,2742000
12873,3485500
12874,2492000
12875,2646700
12876,2942100
12877,2715800
12878,3014400
12879,3180800
12880,3075800
12881,2914900
12882,2651200
12883,2703400
12884,2961400
12885,3182700
12886,2782600
12887,2874300
12888,2776400
12889,2754900
12890,2988300
12891,3282400
12892,2792600
12893,2749100
12894,2844500
12895,2725200
12896,3384600
12897,2747800
12898,2916600
12899,2952100
12900,2841300
12901,2860400
12902,3358300
12903,2727800
12904,2718100
12905,2768500
12906,2976600
12907,2796500
12908,3665600
12909,2551000
12910,2766000
12911,2847900
12912,2804800
12913,3096600
12914,3404500
12915,2802900
12916,2770200
12917,2808200
12918,2890800
12919,3338800
12920,2798500
12921,2740400
12922,2842100
12923,2975900
12924,3130200
12925,2995800
12926,2883100
12927,2801700
12928,2883400
12929,2807800
12930,3172300
12931,3410600
12932,2750900
12933,2858000
12934,2843800
12935,3233400
12936,3138000
12937,2803500
12938,2899900
12939,2807600
12940,3043500
12941,3125900
12942,3266500
12943,2872100
12944,2826700
12945,3092400
12946,3235700
12947,3518900
12948,2574000
12949,2805100
12950,3111900
12951,2746000
12952,3018800
12953,3201300
12954,2900400
12955,2971100
12956,3428100
12957,2878500
12958,3318200
12959,2901300
12960,2908000
12961,2935000
12962,2927300
12963,2879300
12964,3231600
12965,2823200
12966,3039300
12967,2774600
12968,2937300
12969,3512300
12970,2757100
12971,3242500
12972,2562300
12973,2883400
12974,3216800
12975,3147900
12976,3061900
12977,3052300
12978,2718300
12979,2839700
12980,3351600
12981,3211100
12982,2761200
12983,2896400
12984,2883800
12985,3026200
12986,3301300
12987,2826400
12988,2777700
12989,2853600
12990,2842100
12991,3092200
12992,3592600
12993,2639500
12994,2787300
12995,2872300
12996,2961900
12997,3267900
12998,2893100
12999,2702500
13000,2756700
13001,2937000
13002,2960600
13003,3334600
13004,2694100
13005,2745500
13006,2785000
13007,2796500
13008,2862800
13009,3227500
13010,3163000
13011,2337900
13012,2831400
13013,2743100
13014,3175200
13015,3285300
13016,2665700
13017,2796300
13018,2790400
13019,3028600
13020,3154900
13021,2762200
13022,2716700
13023,2855700
13024,2804200
13025,2972400
13026,3161700
13027,2635600
13028,2765900
13029,2808800
13030,3086700
13031,2807100
13032,3038700
13033,3058400
13034,2769700
13035,3033100
13036,2582700
13037,3124600
13038,3288100
13039,2679900
13040,2876200
13041,2877000
13042,2808800
13043,3487500
13044,2657700
13045,3281800
13046,2755000
13047,2717000
13048,2777100
13049,3296700
13050,2725300
13051,3074400
13052,2638400
13053,2823400
13054,3815900
13055,2561700
13056,2928400
13057,2722500
13058,2950500
13059,2883700
13060,3364100
13061,2785700
13062,2838900
13063,2842800
13064,2871000
13065,3075400
13066,3087700
13067,2826900
13068,2832600
13069,2880400
13070,2796500
13071,3150800
13072,3275600
13073,2803900
13074,2888600
13075,2792400
13076,3030200
13077,3354900
13078,2646400
13079,3318600
13080,2403700
13081,2909500
13082,2872900
13083,3585700
13084,3185100
13085,2504200
13086,2682400
13087,2777700
13088,3453900
13089,3014100
13090,2753100
13091,2881800
13092,2873600
13093,3166900
13094,3391800
13095,2636800
13096,2915200
13097,2842000
13098,2802600
13099,3218900
13100,3048700
13101,2745600
13102,2838300
13103,2856300
13104,2882200
13105,3398300
13106,2739600
13107,2797500
13108,2880000
13109,3072700
13110,2982600
13111,3456800
13112,2571900
13113,3159700
13114,2688900
13115,2682300
13116,2830800
13117,3341700
13118,2652100
13119,2888100
13120,2816200
13121,2901900
13122,3316900
13123,2831400
13124,2761500
13125,2858300
13126,2812200
13127,3104700
13128,3193200
13129,2660600
13130,3192200
13131,2535500
13132,3076700
13133,3063800
13134,3158900
13135,2729900
13136,2880500
13137,2873400
13138,2743900
13139,2956100
13140,3237000
13141,2928300
13142,2689700
13143,2805500
13144,3055000
13145,3311200
13146,2793900
13147,2728400
13148,3265900
13149,2354400
13150,2928700
13151,3289000
13152,2800000
13153,2747500
13154,2845700
13155,2782400
13156,2931600
13157,3604200
13158,2520500
13159,2713300
13160,2841000
13161,2805000
13162,3140100
13163,3071800
13164,2748800
13165,2768300
13166,2814900
13167,2941400
13168,3291700
13169,2759700
13170,2728800
13171,2870400
13172,2869600
13173,3306300
13174,3113100
13175,2636500
13176,2873700
13177,2794100
13178,3098700
13179,2711200
13180,3175800
13181,2743000
13182,2856300
13183,3275500
13184,2695500
13185,3042900
13186,2829900
13187,2722500
13188,2989000
13189,3155000
13190,2930200
13191,3178000
13192,2806300
13193,2721400
13194,2776300
13195,2881100
13196,3122400
13197,3023300
13198,2845000
13199,2829100
13200,3127800
13201,2638900
13202,3758000
13203,2652700
13204,2840200
13205,2908000
13206,2767400
13207,3144900
13208,3136400
13209,2744100
13210,2816800
13211,3191200
13212,2729200
13213,2923800
13214,3102600
13215,2747500
13216,3041400
13217,2654300
13218,3296500
13219,2883800
13220,2850000
13221,2779100
13222,2889900
13223,2849600
13224,3139800
13225,3074300
13226,2755600
13227,2804400
13228,3130200
13229,2850400
13230,3393200
13231,2798000
13232,2885300
13233,2714100
13234,2880400
13235,2827800
13236,3349100
13237,2778700
13238,2883500
13239,2729400
13240,2849500
13241,3133400
13242,3280900
13243,2826600
13244,2759900
13245,3071500
13246,2875600
13247,3362700
13248,3037200
13249,2573200
13250,2822400
13251,2813900
13252,2899300
13253,3887800
13254,2305200
13255,2757200
13256,2881800
13257,2823700
13258,3117800
13259,3189200
13260,2697400
13261,2841500
13262,3147600
13263,2895700
13264,3057700
13265,3277300
13266,2750100
13267,2894400
13268,2974800
13269,3183100
13270,3134500
13271,2733500
13272,2936400
13273,2867100
13274,3210000
13275,2939500
13276,3274400
13277,2825900
13278,3022800
13279,2866000
13280,3237600
13281,3211000
13282,2759600
13283,3171100
13284,2956100
13285,3183900
13286,3268300
13287,3995200
13288,2218400
13289,2627000
13290,2973800
13291,3152800
13292,3357000
13293,2818200
13294,2940400
13295,2981000
13296,2946800
13297,3359500
13298,3090600
13299,2890000
13300,3370000
13301,2837100
13302,3217400
13303,3161900
13304,2863100
13305,3059500
13306,2823100
13307,3075300
13308,2957400
13309,3348100
13310,2981800
13311,2890900
13312,2827300
13313,3187600
13314,3409600
13315,3039000
13316,2835400
13317,2858700
13318,2993400
13319,3020700
13320,3733100
13321,2698100
13322,2833000
13323,2837500
13324,3113400
13325,3234800
13326,2898700
13327,2932900
13328,2845100
13329,2782300
13330,3000600
13331,3623100
13332,2456800
13333,2874300
13334,3030300
13335,4100600
13336,2319600
13337,3637400
13338,4263800
13339,2740000
13340,1859500
13341,2075300
13342,3375500
13343,2700800
13344,2922200
13345,2685100
13346,2958200
13347,3463900
13348,2614700
13349,2795100
13350,2944200
13351,2776300
13352,3062900
13353,3437100
13354,3402800
13355,2380200
13356,2771000
13357,2775000
13358,3139700
13359,2976200
13360,2744000
13361,2945000
13362,2702500
13363,2952700
13364,2984900
13365,3021700
13366,2749600
13367,2874600
13368,2880300
13369,2879300
13370,3205400
13371,2741600
13372,2774500
13373,2872200
13374,3042000
13375,2880900
13376,3067300
13377,2940600
13378,2904800
13379,2953500
13380,2635100
13381,3079500
13382,3145500
13383,2753900
13384,2860500
13385,2830500
13386,2819100
13387,3615400
13388,2646300
13389,3153600
13390,2883600
13391,2494500
13392,3065900
13393,2967900
13394,3142400
13395,2824300
13396,2822800
13397,2666200
13398,2931000
13399,3229300
13400,2737300
13401,2861000
13402,2833200
13403,2703200
13404,3410400
13405,2679100
13406,2870100
13407,2801700
13408,2880900
13409,2823300
13410,3350000
13411,2887200
13412,2910800
13413,2718800
13414,2797700
13415,2916500
13416,3277100
13417,2766300
13418,2755400
13419,2894300
13420,2708900
13421,3008600
13422,3591200
13423,2490100
13424,3060100
13425,2455900
13426,2803100
13427,3393300
13428,3318400
13429,3189400
13430,2556100
13431,2523800
13432,2782100
13433,3310700
13434,2761500
13435,2755400
13436,2845600
13437,2733400
13438,2926700
13439,3280900
13440,2717400
13441,2822700
13442,2792600
13443,2796900
13444,3402300
13445,2862900
13446,2966800
13447,2767300
13448,2742400
13449,2919400
13450,3282500
13451,2745800
13452,2846500
13453,2769700
13454,2749100
13455,3281600
13456,2962700
13457,2711000
13458,2933500
13459,3040300
13460,2527100
13461,3049400
13462,3031900
13463,2779400
13464,2726600
13465,2898700
13466,3050200
13467,3024900
13468,3353900
13469,2686300
13470,2803400
13471,3208500
13472,2686400
13473,3076100
13474,2788200
13475,2744000
13476,3052100
13477,2628100
13478,2861400
13479,3364700
13480,2702900
13481,2799500
13482,2817700
13483,2794100
13484,2991400
13485,3123700
13486,2795400
13487,2866300
13488,2720300
13489,2864000
13490,3071500
13491,3295700
13492,2825700
13493,2709400
13494,3223200
13495,2457600
13496,3251900
13497,2847500
13498,3163700
13499,2551700
13500,2757700
13501,2892200
13502,3396600
13503,2876000
13504,2665600
13505,2872700
13506,2752100
13507,3046600
13508,3228100
13509,2699600
13510,2738800
13511,2799900
13512,2864600
13513,3297000
13514,2768700
13515,2855300
13516,2755400
13517,2808200
13518,2897200
13519,3509900
13520,2633400
13521,2943400
13522,2862000
13523,2829000
13524,2878200
13525,3311200
13526,2688400
13527,2820800
13528,2854000
13529,3135300
13530,2666400
13531,3148200
13532,2691200
13533,2868700
13534,2783100
13535,3146400
13536,3276200
13537,2687600
13538,2798400
13539,2811200
13540,2818700
13541,3061900
13542,3159500
13543,2699900
13544,2828400
13545,2803600
13546,3116300
13547,3034200
13548,3071900
13549,2761600
13550,2821600
13551,3202000
13552,3133300
13553,2658200
13554,2913200
13555,2596800
13556,2795700
13557,3016000
13558,2764600
13559,3243100
13560,2711100
13561,2877800
13562,2971400
13563,2685600
13564,3481100
13565,2600300
13566,2942000
13567,2915800
13568,2743500
13569,2743100
13570,3237700
13571,2944900
13572,2840000
13573,2919500
13574,2682900
13575,3063200
13576,3324200
13577,2715500
13578,3066000
13579,2571400
13580,2734600
13581,2937300
13582,3277000
13583,2714800
13584,3055900
13585,2891700
13586,2906200
13587,2942000
13588,3075400
13589,2774200
13590,2822300
13591,2739500
13592,2787900
13593,3033200
13594,3518100
13595,2519300
13596,2685200
13597,2812200
13598,2935800
13599,3819100
13600,2127600
13601,2839100
13602,2814100
13603,2889600
13604,3101600
13605,3253300
13606,2778900
13607,2773000
13608,2849200
13609,2733200
13610,2982800
13611,3246600
13612,2712700
13613,2767300
13614,2862600
13615,3107400
13616,3258300
13617,2890700
13618,2775600
13619,2847100
13620,3039500
13621,3313600
13622,2904600
13623,3051600
13624,2730300
13625,2927100
13626,3023800
13627,3530900
13628,3223900
13629,2725300
13630,2652800
13631,2833700
13632,3040300
13633,3680400
13634,2368600
13635,2915900
13636,2952800
13637,3036500
13638,2957500
13639,3097700
13640,2843700
13641,2955400
13642,2875600
13643,2896300
13644,3384900
13645,2936800
13646,2834300
13647,2954700
13648,2835100
13649,3071200
13650,3479800
13651,2763100
13652,2980400
13653,2819700
13654,3014700
13655,3303100
13656,2773100
13657,2937400
13658,2987000
13659,2733600
13660,3102200
13661,3177900
13662,3075600
13663,2868600
13664,2793700
13665,2952600
13666,3141300
13667,3759800
13668,2186400
13669,2823000
13670,2881300
13671,2900700
13672,3347000
13673,2851500
13674,2781800
13675,2788600
13676,2937700
13677,3149800
13678,3216300
13679,2967500
13680,2812000
13681,2840200
13682,2842500
13683,3068300
13684,3422600
13685,2497400
13686,2842400
13687,2843300
13688,2917000
13689,3638400
13690,2671500
13691,2813400
13692,2815300
13693,2817200
13694,2916800
13695,3457000
13696,2637800
13697,3097900
13698,2766900
13699,2811600
13700,2975400
13701,3247200
13702,2657100
13703,2808200
13704,2854300
13705,2920600
13706,3300300
13707,2818100
13708,2676100
13709,2863600
13710,2870200
13711,3050200
13712,3045900
13713,2740100
13714,2745900
13715,2850800
13716,3052700
13717,2947600
13718,3078200
13719,2902900
13720,2787900
13721,2982700
13722,2815900
13723,3318700
13724,2770900
13725,2715200
13726,3124200
13727,2567500
13728,2938900
13729,3260700
13730,2686500
13731,2798700
13732,2838400
13733,2884400
13734,3069900
13735,3179900
13736,2661800
13737,3118000
13738,2709000
13739,2686200
13740,3023600
13741,3118900
13742,2907300
13743,2667600
13744,2780500
13745,2815700
13746,3344500
13747,2793800
13748,2765700
13749,2773000
13750,2811200
13751,2893300
13752,3285200
13753,2866900
13754,2678100
13755,2808300
13756,2794300
13757,3190600
13758,3153100
13759,2814200
13760,2718200
13761,2801700
13762,2830000
13763,3280000
13764,3257000
13765,2672100
13766,2755600
13767,2767500
13768,2910000
13769,3461200
13770,2617800
13771,2775100
13772,2751900
13773,2894300
13774,2972800
13775,3661800
13776,3218600
13777,2373100
13778,2653100
13779,2738800
13780,2927900
13781,3114400
13782,2866200
13783,2697200
13784,2883400
13785,2803500
13786,3048700
13787,3183600
13788,2739300
13789,2762400
13790,2719300
13791,3286400
13792,3089700
13793,2911000
13794,2732500
13795,2823800
13796,2715600
13797,3073200
13798,3177400
13799,2807200
13800,2756300
13801,2861800
13802,2806000
13803,3160900
13804,3162100
13805,2761200
13806,2803900
13807,2822600
13808,2793800
13809,3393500
13810,2738900
13811,2739000
13812,2864900
13813,2929300
13814,3003300
13815,3188300
13816,2830300
13817,2711400
13818,3256200
13819,2512400
13820,2874400
13821,3278400
13822,2636400
13823,2965400
13824,2721000
13825,2805400
13826,2875000
13827,3235300
13828,2810300
13829,2738500
13830,2831400
13831,2841100
13832,3046700
13833,3371000
13834,2771100
13835,2738700
13836,2877400
13837,3021500
13838,3173100
13839,2865000
13840,2688000
13841,2793900
13842,2805700
13843,2936300
13844,3461400
13845,2840500
13846,2579800
13847,2809900
13848,2778500
13849,3051700
13850,3104700
13851,2744700
13852,2805200
13853,2743000
13854,2862700
13855,3432700
13856,2704900
13857,2736500
13858,2876700
13859,2710200
13860,3158800
13861,3094400
13862,2688600
13863,2773300
13864,2853800
13865,2809600
13866,3150700
13867,3023500
13868,2795800
13869,2756100
13870,2799000
13871,3022100
13872,2923600
13873,3309800
13874,2717100
13875,2783200
13876,2915400
13877,2920100
13878,3439000
13879,2739400
13880,2764300
13881,2907200
13882,2888600
13883,2805300
13884,3140000
13885,2853400
13886,2732600
13887,2861900
13888,2829300
13889,2986800
13890,3477500
13891,2755700
13892,2744500
13893,3103000
13894,2868800
13895,3380900
13896,2503500
13897,2673500
13898,2755500
13899,2970700
13900,2776300
13901,3288000
13902,2810300
13903,2713300
13904,2901800
13905,2744500
13906,2887000
13907,3211900
13908,2810800
13909,2975700
13910,2627000
13911,2777900
13912,3270500
13913,3365400
13914,2759700
13915,2825200
13916,2778500
13917,2925000
13918,3162200
13919,2848000
13920,2812100
13921,2793200
13922,2799600
13923,3153500
13924,3063400
13925,2651200
13926,2856200
13927,2790300
13928,2796500
13929,3058500
13930,3434700
13931,2673400
13932,2856100
13933,2730300
13934,2855000
13935,3022900
13936,3197200
13937,2646700
13938,2844000
13939,2802900
13940,2945900
13941,3440100
13942,2526900
13943,2773600
13944,2833900
13945,2820100
13946,3153900
13947,3149900
13948,2899800
13949,2790300
13950,2794200
13951,2869900
13952,3218600
13953,3145500
13954,2735800
13955,2746300
13956,2852400
13957,3201100
13958,3044700
13959,2815300
13960,2766800
13961,2854900
13962,2868400
13963,2927800
13964,3254800
13965,2854700
13966,2753400
13967,2904400
13968,3111100
13969,2880500
13970,3353100
13971,2785700
13972,2947900
13973,3110200
13974,3268700
13975,3301500
13976,2488700
13977,2860400
13978,2979400
13979,2868500
13980,3039000
13981,3209900
13982,2816700
13983,2903900
13984,2963200
13985,2983500
13986,3249200
13987,3254900
13988,2866900
13989,3048600
13990,2732500
13991,3112900
13992,3213500
13993,2770800
13994,3034100
13995,2744300
13996,2946500
13997,3031000
13998,3137000
13999,2834500
14000,2906500
14001,2843100
14002,3240200
14003,3108400
14004,3023200
14005,2933100
14006,2806200
14007,2887900
14008,2974700
14009,3239200
14010,3576800
14011,2173700
14012,2720900
14013,2919400
14014,3043100
14015,3185000
14016,2771600
14017,2824600
14018,2907500
14019,3103300
14020,3011600
14021,2994700
14022,2718900
14023,3047200
14024,3546800
14025,3095000
14026,3271400
14027,4080200
14028,3437000
14029,2078100
14030,2174800
14031,2901300
14032,2740600
14033,2816800
14034,2890300
14035,2791400
14036,3175000
14037,3064600
14038,2943100
14039,2764000
14040,2884100
14041,2703800
14042,3367100
14043,2710700
14044,2731700
14045,2904600
14046,2731400
14047,2954100
14048,3190400
14049,2665700
14050,2851500
14051,2821000
14052,2781000
14053,2960300
14054,3128700
14055,2773600
14056,2716100
14057,2864100
14058,2956500
14059,2910200
14060,3557800
14061,2690000
14062,2827300
14063,3091600
14064,2727600
14065,3199000
14066,2708400
14067,2825100
14068,2888000
14069,2780000
14070,2836500
14071,3323700
14072,2721500
14073,2825200
14074,2963200
14075,2684900
14076,2900200
14077,3170800
14078,2758100
14079,3159600
14080,2573300
14081,2776100
14082,3275200
14083,3230200
14084,2728700
14085,3205100
14086,2626100
14087,2756800
14088,3341100
14089,2706800
14090,2975600
14091,2730400
14092,2735800
14093,3217800
14094,3038900
14095,2961000
14096,2945600
14097,2782500
14098,2754500
14099,3294100
14100,3122300
14101,2779700
14102,2811700
14103,2801800
14104,2868800
14105,3422200
14106,2987300
14107,2587600
14108,2773700
14109,2904600
14110,2801000
14111,3412500
14112,2625900
14113,2776000
14114,2868500
14115,2829300
14116,2874300
14117,3393900
14118,2657100
14119,2838000
14120,2846400
14121,2765800
14122,3331000
14123,3708300
14124,2494900
14125,2624000
14126,2730500
14127,2876400
14128,3260100
14129,2709000
14130,2825800
14131,2842600
14132,2843100
14133,3115100
14134,2992500
14135,2729100
14136,2879900
14137,2748600
14138,2978100
14139,3105800
14140,3087600
14141,3097900
14142,2708400
14143,2862500
14144,2850800
14145,3275900
14146,2726900
14147,2799900
14148,2844000
14149,2808400
14150,2972000
14151,3243300
14152,2731700
14153,2791600
14154,2792000
14155,2894600
14156,3022200
14157,3322600
14158,2830400
14159,2694800
14160,3137300
14161,2618000
14162,2905500
14163,3133400
14164,2734200
14165,2910200
14166,2864000
14167,2778300
14168,3234200
14169,2813900
14170,2758600
14171,2994700
14172,2752600
14173,2815600
14174,3333000
14175,2856800
14176,2968800
14177,2603800
14178,2825300
14179,3043300
14180,3341500
14181,2660400
14182,2885600
14183,2721000
14184,2913100
14185,3429400
14186,2635200
14187,3009500
14188,2775000
14189,2703900
14190,3006000
14191,3078900
14192,2799700
14193,2845100
14194,2707100
14195,2861800
14196,2862100
14197,3266700
14198,2863700
14199,2723900
14200,2814300
14201,2711300
14202,3072400
14203,3177400
14204,2725100
14205,2785000
14206,2736800
14207,2839900
14208,3101700
14209,3276300
14210,2629200
14211,2757200
14212,2757200
14213,3169600
14214,3628800
14215,2644300
14216,2763000
14217,2764000
14218,2934800
14219,2836300
14220,3418400
14221,2588800
14222,2804000
14223,2863400
14224,2760700
14225,3088700
14226,3163500
14227,2656000
14228,2781700
14229,2909000
14230,3120900
14231,3049600
14232,2722000
14233,2753100
14234,2824000
14235,2860000
14236,3680500
14237,2818500
14238,3010900
14239,2495500
14240,2764700
14241,2929600
14242,2782700
14243,3324800
14244,2679900
14245,2800600
14246,2862600
14247,2879800
14248,3340100
14249,2733900
14250,2768700
14251,2911600
14252,2720700
14253,3051700
14254,3170700
14255,3047900
14256,2766000
14257,2945400
14258,2638300
14259,2940000
14260,3243500
14261,2782500
14262,2859600
14263,2680600
14264,2765400
14265,3140500
14266,3121800
14267,2760400
14268,2837800
14269,2753300
14270,2832100
14271,3429200
14272,2933600
14273,2845300
14274,2735900
14275,2786400
14276,2883900
14277,3341400
14278,2687200
14279,2855000
14280,2751100
14281,2934000
14282,2830500
14283,3258600
14284,2847600
14285,2639200
14286,2880200
14287,2769900
14288,3267700
14289,3379700
14290,2668500
14291,3056400
14292,2775700
14293,2887900
14294,3237700
14295,2873000
14296,2713900
14297,2805400
14298,2869300
14299,3009900
14300,3418700
14301,2628700
14302,2919600
14303,2736400
14304,2911500
14305,3323900
14306,3007200
14307,2731400
14308,2833000
14309,2865200
14310,3090100
14311,3267500
14312,3005700
14313,2866100
14314,2889100
14315,2814200
14316,3266600
14317,3403500
14318,3164700
14319,2653200
14320,2729200
14321,3240900
14322,2711700
14323,3170500
14324,2862600
14325,2969900
14326,2867900
14327,3391400
14328,3123600
14329,3127900
14330,2780000
14331,2883700
14332,2983300
14333,2750700
14334,3224800
14335,2893200
14336,2780600
14337,3091900
14338,2849300
14339,3162200
14340,2884300
14341,2759000
14342,2992900
14343,2937000
14344,2772200
14345,3325300
14346,2845100
14347,2777200
14348,2961400
14349,2873700
14350,3270200
14351,3095200
14352,3201400
14353,2698400
14354,2622700
14355,2910500
14356,3316000
14357,2724900
14358,2856000
14359,2817600
14360,2791200
14361,3230800
14362,3099600
14363,2809500
14364,2924400
14365,2723600
14366,3024700
14367,3160600
14368,3177000
14369,2926000
14370,2646400
14371,2722600
14372,2979900
14373,3161300
14374,2752800
14375,2821500
14376,2788700
14377,2883700
14378,2831300
14379,3244900
14380,2847800
14381,2721300
14382,2764200
14383,2834400
14384,2970500
14385,3098100
14386,3001100
14387,2821900
14388,2738500
14389,2990300
14390,3186500
14391,2878300
14392,2710100
14393,2734400
14394,2825600
14395,2854600
14396,3451500
14397,2596400
14398,2739100
14399,2783600
14400,2909400
14401,2828600
14402,3541100
14403,2939400
14404,2769300
14405,2749200
14406,2895500
14407,3541400
14408,2521900
14409,2796800
14410,2752900
14411,2815800
14412,3173100
14413,3261800
14414,2713300
14415,2853600
14416,2744400
14417,2803200
14418,2987700
14419,3186400
14420,2818600
14421,2759200
14422,2808500
14423,2959200
14424,2997400
14425,3401400
14426,2749800
14427,2768800
14428,2863400
14429,3248900
14430,3016400
14431,2709000
14432,2851300
14433,2757700
14434,3066600
14435,2926000
14436,3336400
14437,2714800
14438,2783000
14439,3089700
14440,2559500
14441,3027600
14442,3143300
14443,2748500
14444,2877500
14445,3019100
14446,2947400
14447,3402600
14448,2799600
14449,2652700
14450,2834500
14451,2853800
14452,3181100
14453,2952100
14454,2862400
14455,2829800
14456,2779600
14457,2867900
14458,2942300
14459,3313000
14460,2977000
14461,2776600
14462,2880200
14463,2893800
14464,3368200
14465,2686700
14466,2857500
14467,2764400
14468,2813500
14469,3001300
14470,3281600
14471,3118200
14472,2587300
14473,2911000
14474,2791400
14475,2928400
14476,3347500
14477,2591300
14478,2828900
14479,2755100
14480,2880600
14481,3083700
14482,3490200
14483,2590000
14484,2835800
14485,2887400
14486,2830500
14487,3505900
14488,2538800
14489,2841800
14490,2834100
14491,2870100
14492,2875500
14493,3281900
14494,2770600
14495,2711100
14496,2808900
14497,2769700
14498,3193400
14499,3365200
14500,2614600
14501,2776700
14502,2850000
14503,3183000
14504,2907800
14505,2854900
14506,2789600
14507,2854000
14508,2757600
14509,3017700
14510,3213500
14511,2747200
14512,2836100
14513,2755800
14514,3009700
14515,2760200
14516,3310200
14517,2666300
14518,2795200
14519,2884500
14520,2950600
14521,3496100
14522,2663800
14523,2765800
14524,2827800
14525,3131900
14526,2628200
14527,3355600
14528,2595700
14529,2877900
14530,2774200
14531,3160700
14532,2791900
14533,3040400
14534,2760600
14535,2809200
14536,2896000
14537,2774000
14538,2887600
14539,3241900
14540,2684200
14541,2982700
14542,2646200
14543,2805400
14544,3005500
14545,3121600
14546,2722600
14547,2908500
14548,2756100
14549,2824900
14550,3581000
14551,2814900
14552,2807100
14553,2702800
14554,2800300
14555,2925900
14556,3287900
14557,2978700
14558,2593800
14559,2774000
14560,2813600
14561,3058300
14562,3370600
14563,2817700
14564,2722000
14565,2876000
14566,2795000
14567,3375900
14568,2756700
14569,2810900
14570,2696500
14571,2873300
14572,2944600
14573,3293100
14574,2747100
14575,2759100
14576,2802700
14577,2866800
14578,2957900
14579,3345100
14580,3009600
14581,2905400
14582,2516600
14583,2791400
14584,3453800
14585,2715900
14586,2800300
14587,2712200
14588,2788600
14589,2886500
14590,3624300
14591,2871900
14592,2851300
14593,2773200
14594,2795500
14595,3138900
14596,3012100
14597,2761300
14598,2847700
14599,2795700
14600,2982900
14601,2862600
14602,2998900
14603,2911600
14604,2807900
14605,2723200
14606,2860400
14607,3093400
14608,2997600
14609,2798500
14610,2827800
14611,2964200
14612,2694400
14613,3265000
14614,2759200
14615,2879800
14616,2729600
14617,2993600
14618,2990400
14619,3053200
14620,3049800
14621,2703000
14622,2927300
14623,2725900
14624,3127800
14625,3177400
14626,2754600
14627,2871600
14628,2760100
14629,2854400
14630,3427600
14631,2749600
14632,2752400
14633,2884900
14634,2782500
14635,3254000
14636,3336000
14637,2699600
14638,2790300
14639,2781500
14640,2845200
14641,2959300
14642,3314800
14643,2986000
14644,2634400
14645,2845600
14646,2824500
14647,3478000
14648,2676100
14649,2876200
14650,2862500
14651,2877900
14652,2885800
14653,3438600
14654,2782100
14655,2791900
14656,2906700
14657,2798500
14658,3150400
14659,3603700
14660,2908500
14661,2849900
14662,2882300
14663,2975700
14664,3476400
14665,2640600
14666,2901400
14667,2853400
14668,2931000
14669,3158200
14670,3241600
14671,2864900
14672,2958600
14673,2762500
14674,2905500
14675,3035400
14676,3185000
14677,2870400
14678,2884400
14679,2797400
14680,3200600
14681,3128100
14682,2760200
14683,2872600
14684,2843500
14685,2835200
14686,3272600
14687,3045500
14688,2747500
14689,2857300
14690,2826500
14691,3076000
14692,2896200
14693,3383500
14694,3293500
14695,2422800
14696,2895300
14697,3114400
14698,3026600
14699,2812300
14700,2810300
14701,2823300
14702,3106400
14703,2985200
14704,3176000
14705,2817200
14706,2851100
14707,3197400
14708,2516500
14709,3388600
14710,3601600
14711,2610600
14712,2976400
14713,5536100
14714,3331200
14715,1991200
14716,1965300
14717,2968500
14718,2707500
14719,3117100
14720,3072700
14721,2764300
14722,2747300
14723,2831500
14724,2802200
14725,3083800
14726,2931800
14727,2769300
14728,2846100
14729,2719500
14730,2812200
14731,3249000
14732,3217400
14733,2941800
14734,2578700
14735,2802000
14736,2734100
14737,3598900
14738,2639600
14739,2838000
14740,2767400
14741,2859500
14742,2844400
14743,3312100
14744,2773900
14745,2738300
14746,2732600
14747,2903400
14748,2981000
14749,3630500
14750,2708200
14751,2672000
14752,2784400
14753,2738700
14754,3174800
14755,3094700
14756,2747500
14757,2724500
14758,2835900
14759,2884300
14760,3553100
14761,2450000
14762,2818400
14763,2796100
14764,2819600
14765,2908300
14766,3375100
14767,2609900
14768,2843500
14769,2807300
14770,2861400
14771,3302600
14772,3376000
14773,2501600
14774,2803100
14775,2818800
14776,3346700
14777,2905900
14778,3102700
14779,2736600
14780,2886900
14781,2813900
14782,3066000
14783,3203300
14784,2736800
14785,2791100
14786,2936300
14787,2860900
14788,3021600
14789,3507500
14790,2739500
14791,2791100
14792,3020400
14793,2948500
14794,3190100
14795,2835800
14796,2766700
14797,2943300
14798,2765700
14799,3029700
14800,3307900
14801,2764700
14802,2826500
14803,2856300
14804,2905600
14805,3031900
14806,3446300
14807,2721200
14808,3000300
14809,2717100
14810,2966900
14811,3419100
14812,2845000
14813,2972200
14814,2713300
14815,2772400
14816,2962100
14817,3252100
14818,2801800
14819,3142300
14820,3193600
14821,2498800
14822,2755000
14823,3121100
14824,2861200
14825,2671800
14826,2803900
14827,2946900
14828,3259900
14829,3060300
14830,2767500
14831,2745200
14832,2891400
14833,2907100
14834,3226000
14835,2877100
14836,2687100
14837,2787500
14838,2838000
14839,2997500
14840,3156500
14841,2693700
14842,2857900
14843,2781600
14844,2829300
14845,3031600
14846,3692100
14847,2476200
14848,2722200
14849,2884400
14850,2917100
14851,3333400
14852,2750000
14853,2751400
14854,2823200
14855,2763000
14856,3179800
14857,2991900
14858,2748200
14859,2756500
14860,2871900
14861,2780100
14862,3061900
14863,2937200
14864,3121900
14865,2671000
14866,2805300
14867,2881000
14868,2925300
14869,2969500
14870,2921700
14871,2699900
14872,2900600
14873,3276200
14874,2842300
14875,2725900
14876,2806100
14877,2733400
14878,3069600
14879,2843200
14880,3014000
14881,2797200
14882,2769700
14883,2783500
14884,2861900
14885,2957300
14886,3202300
14887,2745600
14888,2872800
14889,2937600
14890,2703500
14891,3080100
14892,3093100
14893,2752900
14894,3003200
14895,2723900
14896,2922100
14897,3213300
14898,2777300
14899,2873600
14900,2945300
14901,3043200
14902,2827200
14903,3316700
14904,2792000
14905,2973600
14906,2675900
14907,2873900
14908,2934900
14909,3155200
14910,2877600
14911,2808600
14912,2786600
14913,2885400
14914,3399000
14915,2686200
14916,2987700
14917,2751200
14918,2809100
14919,3012900
14920,3111700
14921,3360800
14922,2711500
14923,2927300
14924,2562900
14925,3252400
14926,3189300
14927,2761100
14928,2728700
14929,2822400
14930,2884000
14931,3288600
14932,2798900
14933,2848200
14934,2781300
14935,2779700
14936,3029200
14937,3296700
14938,2696700
14939,2882500
14940,2757600
14941,2787600
14942,3394300
14943,3043300
14944,2805200
14945,2800700
14946,2776900
14947,3133200
14948,2847600
14949,3172000
14950,2643100
14951,2867500
14952,2784500
14953,3142700
14954,3033900
14955,2801600
14956,2680100
14957,2887600
14958,2964400
14959,3021300
14960,3317400
14961,2870500
14962,2731300
14963,2909900
14964,2751400
14965,2920400
14966,3177600
14967,2712000
14968,2810300
14969,2866200
14970,2781000
14971,3384100
14972,2707300
14973,2753000
14974,2799700
14975,2822200
14976,2853500
14977,3221600
14978,2833800
14979,2721600
14980,2842000
14981,2743600
14982,3218700
14983,3326200
14984,2680400
14985,2901900
14986,2748100
14987,2768700
14988,3101900
14989,3016600
14990,2806200
14991,2939300
14992,2709400
14993,2848600
14994,3346400
14995,2768700
14996,2939600
14997,2775700
14998,2817500
14999,3072500
15000,3324800
15001,3262400
15002,2869400
15003,2952300
15004,3028700
15005,2697500
15006,3493700
15007,2502400
15008,2859600
15009,2775600
15010,3064700
15011,3156000
15012,2995000
15013,2765800
15014,2716200
15015,2805100
15016,3261400
15017,3413300
15018,2534000
15019,2767100
15020,2773000
15021,2859300
15022,3095000
15023,3166200
15024,2723600
15025,2921100
15026,2783700
15027,2949000
15028,3620300
15029,2599900
15030,2765800
15031,2848800
15032,2934900
15033,2970000
15034,3237600
15035,2758300
15036,3280700
15037,2429100
15038,2862200
15039,3427500
15040,3371600
15041,2684800
15042,2853800
15043,2844800
15044,3322300
15045,2907900
15046,2867400
15047,2745100
15048,2935800
15049,2863100
15050,3035200
15051,3228800
15052,2717100
15053,2825300
15054,2871900
15055,3086600
15056,3170100
15057,3065400
15058,2722100
15059,2820600
15060,3123100
15061,2913700
15062,3053700
15063,2820600
15064,2754700
15065,2843500
15066,2962400
15067,2982000
15068,3064400
15069,2775600
15070,2827200
15071,3020400
15072,2741700
15073,3273300
15074,3198600
15075,2836300
15076,2873300
15077,2775800
15078,2926500
15079,3249400
15080,2780000
15081,2735500
15082,2892500
15083,2767500
15084,2911400
15085,3212500
15086,2758500
15087,2926100
15088,2781600
15089,2712500
15090,3144500
15091,3186500
15092,2964100
15093,2666100
15094,2778800
15095,2909100
15096,3291800
15097,2973500
15098,2807700
15099,2719300
15100,2952600
15101,2810300
15102,3256800
15103,2797100
15104,2722600
15105,2793100
15106,2839200
15107,2882700
15108,3402300
15109,2574800
15110,2792000
15111,2851100
15112,2745100
15113,3239100
15114,3376200
15115,2690800
15116,2812900
15117,2765700
15118,2859200
15119,3353500
15120,2715900
15121,2753200
15122,2880800
15123,2802300
15124,2837600
15125,3513900
15126,2541500
15127,2781100
15128,2711000
15129,2809600
15130,3241500
15131,3181400
15132,2730700
15133,2851000
15134,2727100
15135,2955600
15136,3247300
15137,2718700
15138,2922700
15139,2659900
15140,2899000
15141,3019200
15142,3087500
15143,2765100
15144,2925300
15145,2706500
15146,2813200
15147,2979400
15148,3463900
15149,2804600
15150,2772400
15151,2792700
15152,2970500
15153,3045300
15154,3418500
15155,2688500
15156,2851600
15157,2949200
15158,2741700
15159,3293100
15160,2840900
15161,2765800
15162,3418200
15163,2403900
15164,2918600
15165,3293000
15166,2702000
15167,2778900
15168,3273100
15169,3241200
15170,2781000
15171,2801900
15172,2871200
15173,2863900
15174,2782600
15175,2955000
15176,3274400
15177,2730800
15178,2878400
15179,2830700
15180,2913200
15181,2795400
15182,3543200
15183,2694300
15184,2915200
15185,2742500
15186,2999700
15187,2938900
15188,3184700
15189,2681400
15190,3017000
15191,2674200
15192,2979000
15193,3196700
15194,3038400
15195,2876800
15196,2719300
15197,2745400
15198,3000800
15199,3301300
15200,2847700
15201,2652700
15202,2848800
15203,2822200
15204,3052100
15205,3181200
15206,2865100
15207,2845700
15208,2742500
15209,2909500
15210,3362600
15211,2797000
15212,2668500
15213,2895300
15214,2732800
15215,2926100
15216,3636500
15217,2596600
15218,2640700
15219,2741400
15220,2894700
15221,2888500
15222,3479600
15223,2713400
15224,2740300
15225,2842900
15226,2759800
15227,3078600
15228,3065100
15229,2767000
15230,2780600
15231,2905800
15232,2805800
15233,3377400
15234,2764400
15235,2753300
15236,2738100
15237,2858700
15238,2892400
15239,3245300
15240,2734600
15241,2864200
15242,2723500
15243,2885200
15244,2886100
15245,3271100
15246,2771200
15247,2747100
15248,2803800
15249,2893100
15250,3136800
15251,3207200
15252,2709300
15253,2875900
15254,2833700
15255,2850900
15256,3618600
15257,2659700
15258,2838900
15259,2765100
15260,2803600
15261,3198100
15262,2994600
15263,2732700
15264,2885000
15265,3223400
15266,2656300
15267,3110100
15268,2932400
15269,2950400
15270,2927800
15271,2717500
15272,2866900
15273,3363100
15274,2698700
15275,2988400
15276,2719600
15277,2764600
15278,3204000
15279,3143700
15280,2999200
15281,2834800
15282,2752500
15283,2851000
15284,2979200
15285,3189000
15286,2768700
15287,2807000
15288,2839200
15289,2842700
15290,3010500
15291,3156900
15292,2776400
15293,2810500
15294,2795800
15295,2936200
15296,3339700
15297,2727200
15298,2905500
15299,2637600
15300,2851700
15301,2860500
15302,3686500
15303,2595900
15304,2731200
15305,2781100
15306,2842500
15307,3134800
15308,3302200
15309,2684400
15310,2775900
15311,2791800
15312,2924600
15313,3339100
15314,2720300
15315,2721900
15316,2774100
15317,2821000
15318,3185500
15319,2951200
15320,2746500
15321,2784400
15322,2806900
15323,2796300
15324,3235100
15325,3006300
15326,3039900
15327,2735800
15328,2776000
15329,2986100
15330,3408500
15331,2621600
15332,2835200
15333,2827400
15334,3095800
15335,2683500
15336,3324900
15337,2631400
15338,2826300
15339,2788500
15340,2870800
15341,3107400
15342,3086600
15343,2918500
15344,2763000
15345,3040500
15346,2948700
15347,3094500
15348,3063000
15349,2695600
15350,2895600
15351,2619100
15352,2939300
15353,3334600
15354,2730700
15355,2818100
15356,2866700
15357,2837700
15358,2962600
15359,3247700
15360,2761100
15361,3035700
15362,2690100
15363,2853100
15364,3093200
15365,3052700
15366,3060300
15367,2844400
15368,2906100
15369,2917200
15370,3155600
15371,3150900
15372,2927000
15373,2716800
15374,2966700
15375,3040800
15376,3095500
15377,3072500
15378,2742300
15379,3192600
15380,2429400
15381,3134900
15382,3373000
15383,2815300
15384,2828200
15385,2862500
15386,3041400
15387,3220300
15388,2792700
15389,2856600
15390,2818200
15391,2998600
15392,2959000
15393,3284800
15394,2702800
15395,2843800
15396,3844200
15397,2700400
15398,3895400
15399,4687200
15400,2672000
15401,1950400
15402,2125600
15403,3104900
15404,2991400
15405,2829600
15406,2754000
15407,3016600
15408,2824800
15409,3364100
15410,2882200
15411,2875700
15412,2826200
15413,2793000
15414,3223400
15415,2995800
15416,2753100
15417,2945600
15418,2835800
15419,3095300
15420,2704600
15421,3386000
15422,2750900
15423,2918700
15424,2721900
15425,2970900
15426,3100000
15427,3178500
15428,2785900
15429,2794500
15430,2879900
15431,2895300
15432,3295400
15433,2726500
15434,2863100
15435,2975500
15436,2692000
15437,3067000
15438,3010300
15439,2989100
15440,3129400
15441,2570100
15442,2804700
15443,3418300
15444,2717700
15445,2742100
15446,2903200
15447,2753900
15448,3034200
15449,3164400
15450,2780700
15451,3013800
15452,2591300
15453,2818900
15454,2824600
15455,3254200
15456,2749100
15457,2903600
15458,2740300
15459,2791600
15460,3093400
15461,3354800
15462,2768100
15463,2862200
15464,2657000
15465,2864500
15466,3322200
15467,2669000
15468,3128800
15469,2639200
15470,2656900
15471,2878500
15472,3262200
15473,3082200
15474,2543900
15475,2691400
15476,2818800
15477,3144600
15478,2991500
15479,2987000
15480,2843400
15481,2740100
15482,2791800
15483,3275000
15484,3221400
15485,2615600
15486,2853900
15487,2736400
15488,2844000
15489,3502500
15490,2628900
15491,2747000
15492,2908700
15493,2721100
15494,3147500
15495,3124800
15496,2950300
15497,2882100
15498,2697700
15499,2901600
15500,3110600
15501,3011700
15502,2730000
15503,2838300
15504,2759100
15505,3092200
15506,2820000
15507,3166800
15508,2713100
15509,2843400
15510,2788200
15511,2861600
15512,3303400
15513,2718100
15514,2968100
15515,2635100
15516,3353500
15517,2821900
15518,3364900
15519,2986100
15520,2719300
15521,2795100
15522,2764200
15523,3022000
15524,3122100
15525,2802300
15526,2781300
15527,2940500
15528,2775000
15529,3386000
15530,2687700
15531,2919800
15532,2937700
15533,2702500
15534,3295400
15535,2883500
15536,3071500
15537,2735000
15538,2864000
15539,2781000
15540,2921800
15541,3320500
15542,2757300
15543,2849000
15544,2730000
15545,2814900
15546,3431600
15547,2709300
15548,2954700
15549,2672900
15550,2823500
15551,2995900
15552,3213200
15553,3100000
15554,2781400
15555,2767400
15556,2854600
15557,2860200
15558,3411100
15559,3152900
15560,2534500
15561,2711100
15562,2790100
15563,3114700
15564,2983600
15565,2936600
15566,2695000
15567,2819100
15568,2826900
15569,3301800
15570,2811000
15571,2747500
15572,2715200
15573,2985700
15574,2807300
15575,3269400
15576,2830700
15577,2704000
15578,2865900
15579,2825700
15580,2823700
15581,3261400
15582,2797700
15583,2784600
15584,2774300
15585,2805800
15586,3180600
15587,3081900
15588,2755800
15589,2792500
15590,2788300
15591,2895300
15592,3327800
15593,2946200
15594,2869200
15595,2736900
15596,2947700
15597,2916900
15598,3309500
15599,2837800
15600,2767400
15601,2796000
15602,2866900
15603,2976400
15604,3073100
15605,2810100
15606,2769600
15607,2809200
15608,3315100
15609,2899000
15610,3411100
15611,2466800
15612,2788700
15613,3059100
15614,2700000
15615,3207500
15616,2754200
15617,2791300
15618,2776100
15619,2826600
15620,2957700
15621,3414300
15622,2526700
15623,2863800
15624,2893300
15625,2714100
15626,2884900
15627,3310900
15628,2722100
15629,2946500
15630,2783600
15631,2810700
15632,3570600
15633,2896400
15634,2826000
15635,2813000
15636,2827800
15637,2912500
15638,3303100
15639,2647200
15640,2952300
15641,2744100
15642,2721400
15643,3055000
15644,3207300
15645,2641600
15646,2896400
15647,2788300
15648,2773100
15649,3296300
15650,3077400
15651,2804700
15652,2799800
15653,2783200
15654,2954400
15655,3256800
15656,2876300
15657,2685000
15658,2827300
15659,2835000
15660,2948100
15661,3278000
15662,2650000
15663,2768500
15664,2873300
15665,2850900
15666,2978700
15667,3528300
15668,2658100
15669,2808000
15670,2834500
15671,2992600
15672,3508000
15673,2614900
15674,2816500
15675,2874200
15676,2839100
15677,3316100
15678,3014100
15679,2703500
15680,2712500
15681,2932300
15682,2742300
15683,3343000
15684,2870100
15685,2987700
15686,2838400
15687,2835200
15688,3121300
15689,3456500
15690,3067300
15691,2488900
15692,2746900
15693,2827200
15694,3057800
15695,3046400
15696,2699500
15697,2816500
15698,2988600
15699,2927500
15700,2709600
15701,3327500
15702,2729600
15703,2820600
15704,3211300
15705,2587800
15706,3608400
15707,2656300
15708,2848600
15709,2833900
15710,2971600
15711,2922500
15712,3229900
15713,2691600
15714,2836400
15715,2929500
15716,2778000
15717,3064200
15718,3140400
15719,2722900
15720,3014700
15721,3172400
15722,2395200
15723,3244200
15724,3203300
15725,3051400
15726,2639000
15727,2764700
15728,3022900
15729,3244100
15730,2739500
15731,2827300
15732,2886600
15733,2800200
15734,3223100
15735,3067800
15736,2804300
15737,2823700
15738,2799400
15739,2898400
15740,3326200
15741,3172200
15742,2696300
15743,2868900
15744,2810100
15745,3085800
15746,3338700
15747,2730700
15748,2752800
15749,2912100
15750,2762100
15751,3035900
15752,3313900
15753,2666800
15754,2879100
15755,2803500
15756,2807500
15757,3322400
15758,2913600
15759,2730500
15760,2900200
15761,2795900
15762,3061500
15763,3207100
15764,3012100
15765,2778900
15766,2948300
15767,2735300
15768,3171400
15769,2999500
15770,2841000
15771,2834200
15772,2782500
15773,3175400
15774,3086800
15775,2794900
15776,2715600
15777,2884000
15778,2779500
15779,3062800
15780,3395600
15781,2795100
15782,2730600
15783,2915800
15784,3128800
15785,2582500
15786,3487100
15787,2796900
15788,2778700
15789,2849100
15790,2921600
15791,2990600
15792,3091900
15793,2795600
15794,2886600
15795,2777700
15796,2792100
15797,3303600
15798,2768400
15799,2882800
15800,2923900
15801,2665400
15802,3363200
15803,2921800
15804,2945400
15805,2847200
15806,2696800
15807,2801700
15808,3040500
15809,3153200
15810,3005300
15811,2628800
15812,2734300
15813,2821100
15814,3073000
15815,3060100
15816,3195800
15817,2524900
15818,2714200
15819,3012800
15820,3435500
15821,2913700
15822,2809900
15823,2726400
15824,2873400
15825,2892500
15826,3376500
15827,2677900
15828,2770400
15829,2806200
15830,2778700
15831,3142900
15832,3096100
15833,2708000
15834,2864800
15835,2749700
15836,2787800
15837,3371100
15838,2739700
15839,2867500
15840,2765400
15841,2739600
15842,3214900
15843,3014200
15844,2970800
15845,2889500
15846,2755900
15847,2796500
15848,3237900
15849,3014900
15850,2720200
15851,2816000
15852,2794800
15853,2812400
15854,3390900
15855,2727300
15856,2807000
15857,2833400
15858,2781400
15859,3212000
15860,3325900
15861,2882100
15862,2930200
15863,2688600
15864,3290700
15865,2757600
15866,3226000
15867,2749000
15868,2712600
15869,2864700
15870,2743300
15871,3017000
15872,3090600
15873,2826300
15874,2833100
15875,2972500
15876,3036100
15877,3169200
15878,2791400
15879,2780600
15880,2996100
15881,2671700
15882,2963200
15883,3255500
15884,2732700
15885,2976500
15886,2679400
15887,2835000
15888,3004200
15889,3144200
15890,2734200
15891,2917300
15892,2741600
15893,2820600
15894,3694900
15895,2689500
15896,2882900
15897,2735300
15898,2803900
15899,3369600
15900,2793800
15901,3015600
15902,3150200
15903,2465700
15904,2797000
15905,2875300
15906,3291000
15907,2889400
15908,2664500
15909,2813300
15910,2753500
15911,3400500
15912,2974600
15913,2547200
15914,2741300
15915,2835300
15916,2841600
15917,3400400
15918,2882600
15919,2674900
15920,2733200
15921,2811600
15922,2956700
15923,3220400
15924,2708800
15925,2845800
15926,2760900
15927,2796800
15928,3473600
15929,2972000
15930,2867500
15931,2793800
15932,2774400
15933,2877200
15934,3621800
15935,2784400
15936,2712000
15937,2820000
15938,2805800
15939,3047500
15940,3247200
15941,2660400
15942,2898200
15943,2702600
15944,3026500
15945,2850200
15946,3171400
15947,2747000
15948,2906900
15949,2726700
15950,3373500
15951,2657200
15952,3222000
15953,2621400
15954,2791900
15955,3103600
15956,2782900
15957,3445300
15958,2642100
15959,2816900
15960,2872800
15961,2729700
15962,2981100
15963,3303700
15964,2717200
15965,3023300
15966,2627100
15967,2835900
15968,3102100
15969,3297000
15970,2629000
15971,2904500
15972,2778100
15973,2908400
15974,3378200
15975,2995900
15976,2886600
15977,2737800
15978,2844100
15979,2870900
15980,3237900
15981,2874700
15982,2751400
15983,2793900
15984,2861800
15985,2932100
15986,3174900
15987,3097300
15988,2600700
15989,2796800
15990,2872600
15991,3376200
15992,3158600
15993,2656800
15994,2736200
15995,3016800
15996,2910400
15997,3328300
15998,2639300
15999,2853600
16000,2803400
16001,2870900
16002,3041900
16003,3183500
16004,2731900
16005,2764400
16006,2847700
16007,2953400
16008,3439100
16009,2970900
16010,2921800
16011,2835800
16012,2868800
16013,3252100
16014,2932000
16015,2745000
16016,2818500
16017,2869400
16018,2946000
16019,3069900
16020,3046600
16021,2766400
16022,2816200
16023,2842900
16024,2886000
16025,3315600
16026,2752500
16027,2781700
16028,2881700
16029,2983000
16030,2982300
16031,3127800
16032,3035300
16033,2744100
16034,3113500
16035,2959100
16036,2966400
16037,3091800
16038,2739400
16039,2860900
16040,2878400
16041,2896800
16042,3047800
16043,3197800
16044,2780700
16045,2956300
16046,2639200
16047,3314100
16048,2932500
16049,2752700
16050,2854500
16051,3164000
16052,2774900
16053,2997600
16054,3096800
16055,2768000
16056,2968200
16057,2803600
16058,2795100
16059,2879200
16060,3195200
16061,3048300
16062,2686400
16063,3163000
16064,2537100
16065,3251300
16066,2740700
16067,2961800
16068,2770300
16069,2790200
16070,3317200
16071,2786300
16072,3233300
16073,2624600
16074,2895700
16075,2745500
16076,3091100
16077,3084300
16078,2871200
16079,2837100
16080,2771400
16081,2930900
16082,3455300
16083,2790400
16084,2784300
16085,2868300
16086,3379900
16087,3505100
16088,3233400
16089,4079700
16090,3436200
16091,2044200
16092,2048900
16093,3165000
16094,2671700
16095,2820300
16096,2859000
16097,2810100
16098,3006700
16099,3173800
16100,2738200
16101,2865400
16102,2949600
16103,2694500
16104,3053900
16105,3130900
16106,2719100
16107,2840300
16108,2903100
16109,3114100
16110,3493700
16111,2761300
16112,2685500
16113,2811700
16114,3118900
16115,2745500
16116,3293800
16117,2635400
16118,2830900
16119,2916100
16120,2805100
16121,2856500
16122,3206900
16123,2731100
16124,2851100
16125,3095500
16126,2580800
16127,3001400
16128,3070400
16129,3080300
16130,2887400
16131,2677000
16132,2885200
16133,3295600
16134,2686300
16135,2868100
16136,2819900
16137,2848000
16138,2893800
16139,3169700
16140,2733500
16141,2919100
16142,2677600
16143,2934700
16144,2934500
16145,3459300
16146,2894400
16147,2801100
16148,2674600
16149,2781800
16150,3223800
16151,2832400
16152,2820300
16153,2727100
16154,2812600
16155,2831800
16156,3531700
16157,2759400
16158,2799200
16159,2714300
16160,2740800
16161,2960300
16162,3620100
16163,2849700
16164,2774000
16165,2636900
16166,2790400
16167,3058600
16168,3184200
16169,2676900
16170,2789000
16171,2740100
16172,2855200
16173,3399300
16174,2798100
16175,2682700
16176,2782700
16177,2760400
16178,2896500
16179,3321300
16180,2722800
16181,2867400
16182,2828900
16183,2668000
16184,3306400
16185,2912300
16186,2961200
16187,2860700
16188,2749600
16189,2818300
16190,3134800
16191,3125900
16192,2729200
16193,2745600
16194,2902600
16195,3020500
16196,3288300
16197,2725900
16198,2863100
16199,2780400
16200,3117500
16201,2861100
16202,3369600
16203,2727600
16204,2897700
16205,2709700
16206,2874500
16207,2941900
16208,3200000
16209,2874500
16210,2755700
16211,3141600
16212,3314200
16213,2763600
16214,2731800
16215,2785700
16216,2818900
16217,2742300
16218,2919800
16219,3268700
16220,2695400
16221,2965800
16222,3067700
16223,2581300
16224,3116900
16225,3214800
16226,2816100
16227,2986700
16228,2674900
16229,2798100
16230,3440200
16231,2728200
16232,2832300
16233,2906400
16234,2743800
16235,2904500
16236,3254400
16237,2868300
16238,2843700
16239,2738900
16240,2770900
16241,3191000
16242,2999300
16243,3285000
16244,2551200
16245,2938600
16246,2690100
16247,3137600
16248,3300400
16249,2848700
16250,2601400
16251,2824500
16252,2807000
16253,3302000
16254,2777800
16255,2851000
16256,2716600
16257,2887300
16258,2814200
16259,3472700
16260,2662400
16261,2799200
16262,2765100
16263,2922700
16264,2929700
16265,3162600
16266,2783800
16267,2806900
16268,2805700
16269,2792500
16270,3289300
16271,3147800
16272,2737800
16273,2904900
16274,2736200
16275,3138000
16276,3054500
16277,2990200
16278,2836600
16279,2775800
16280,2875800
16281,2934200
16282,3222000
16283,2699900
16284,2870500
16285,2781900
16286,2802700
16287,2990400
16288,3159600
16289,2721700
16290,2874200
16291,3053600
16292,2842200
16293,2967400
16294,2945000
16295,2690700
16296,3086900
16297,2631800
16298,2926400
16299,3223900
16300,3012700
16301,2696400
16302,2975400
16303,2726500
16304,2885700
16305,3454300
16306,2726200
16307,2858800
16308,2835200
16309,2823300
16310,3308400
16311,2840700
16312,3019400
16313,2586700
16314,2893200
16315,2749200
16316,3376000
16317,2755600
16318,2878600
16319,2782300
16320,2867700
16321,2984900
16322,3089700
16323,3119300
16324,2759400
16325,2807700
16326,2862100
16327,3068200
16328,3279000
16329,2643800
16330,2809500
16331,2882100
16332,2907700
16333,3207400
16334,2763600
16335,2817000
16336,2841200
16337,2845900
16338,3077100
16339,3254200
16340,2924800
16341,2825200
16342,2792600
16343,2907600
16344,3202200
16345,3144700
16346,2727600
16347,2794000
16348,3000500
16349,2780000
16350,3439800
16351,2693800
16352,2850700
16353,2915100
16354,2859200
16355,3105500
16356,3072400
16357,2978700
16358,2927200
16359,2799100
16360,2860600
16361,2896300
16362,3282500
16363,2794100
16364,2906000
16365,3056400
16366,2804900
16367,3154100
16368,2798900
16369,2861700
16370,2987600
16371,2911500
16372,2714100
16373,3296700
16374,2802800
16375,2784600
16376,3143300
16377,2853500
16378,3232500
16379,3153400
16380,2784700
16381,3198500
16382,2862100
16383,3185500
16384,2747100
16385,2949500
16386,2838700
16387,2878500
16388,2797600
16389,2973000
16390,3129400
16391,2800100
16392,3466200
16393,2448300
16394,2880000
16395,3060300
16396,3086800
16397,3023800
16398,2613700
16399,2690900
16400,2878500
16401,3283500
16402,2765200
16403,2937800
16404,2727500
16405,3150700
16406,2570500
16407,3227700
16408,2871600
16409,2773600
16410,2759200
16411,2786500
16412,3247100
16413,3142900
16414,2884700
16415,2808800
16416,2748300
16417,2921300
16418,3549700
16419,2745200
16420,2792300
16421,2757900
16422,2909900
16423,2942000
16424,3293300
16425,2613800
16426,2885000
16427,2756000
16428,2959200
16429,2763200
16430,3314500
16431,2833500
16432,2688600
16433,2922700
16434,2737400
16435,3182500
16436,3021000
16437,3141400
16438,2662800
16439,2870900
16440,3225800
16441,2969500
16442,2799500
16443,2782600
16444,2794800
16445,2802600
16446,3159500
16447,3030000
16448,2779800
16449,2782500
16450,2869200
16451,3030600
16452,2869800
16453,3392100
16454,2766000
16455,2767500
16456,2828400
16457,3020000
16458,3338400
16459,2827300
16460,2735300
16461,2896300
16462,2809200
16463,2979900
16464,3239800
16465,2752100
16466,2817500
16467,2874700
16468,2753800
16469,3048700
16470,3405400
16471,2780700
16472,2792700
16473,2882100
16474,2851400
16475,3253300
16476,2834100
16477,2768200
16478,2837400
16479,2800100
16480,2959000
16481,3278600
16482,2722200
16483,2940300
16484,2664200
16485,3029400
16486,2675100
16487,3355300
16488,2713900
16489,3000200
16490,2854200
16491,2817000
16492,3463600
16493,2702100
16494,2914500
16495,2702100
16496,2807600
16497,2936000
16498,3316000
16499,2879200
16500,2682400
16501,2700600
16502,2893600
16503,2827900
16504,3267400
16505,2797000
16506,2740400
16507,2825700
16508,2759900
16509,3071700
16510,3782900
16511,2533500
16512,2725100
16513,2749900
16514,2798900
16515,3408200
16516,2720900
16517,2757100
16518,2796100
16519,2846300
16520,2891800
16521,3374700
16522,2660600
16523,2788300
16524,2857700
16525,2820100
16526,2859700
16527,3307800
16528,2673100
16529,2837100
16530,2813200
16531,2794400
16532,3369600
16533,3444700
16534,2576200
16535,2825000
16536,2868500
16537,2914800
16538,3164500
16539,2802700
16540,2791300
16541,2780300
16542,3145000
16543,2894500
16544,3075500
16545,2734300
16546,2796500
16547,2833400
16548,2882300
16549,3067200
16550,3442000
16551,2629700
16552,2870300
16553,3027900
16554,2706500
16555,3279000
16556,2799900
16557,2826800
16558,2749000
16559,3197900
16560,3225500
16561,2921100
16562,2638200
16563,2749500
16564,2895000
16565,2784500
16566,3045700
16567,3670300
16568,2677800
16569,2930600
16570,2720300
16571,2878700
16572,3375400
16573,2673900
16574,2887800
16575,2767100
16576,2790500
16577,2996200
16578,3332900
16579,2792100
16580,2724200
16581,2884600
16582,2799100
16583,3023500
16584,3385300
16585,2541700
16586,3055600
16587,2803300
16588,2807000
16589,2971000
16590,3216400
16591,2731300
16592,2876000
16593,2798300
16594,3015200
16595,3350200
16596,2707700
16597,2703700
16598,2791700
16599,2777500
16600,2962700
16601,3309800
16602,2670900
16603,2776500
16604,2797600
16605,2802800
16606,3215100
16607,3203800
16608,2667900
16609,2869300
16610,2755300
16611,3023200
16612,2849800
16613,3111800
16614,2776100
16615,2839200
16616,3008800
16617,2896600
16618,2989700
16619,2879600
16620,2703200
16621,2842300
16622,2815500
16623,3278900
16624,2857200
16625,3102800
16626,2677500
16627,2860600
16628,2752500
16629,2904700
16630,3231800
16631,2730200
16632,3152300
16633,2881600
16634,2777400
16635,2592000
16636,3142600
16637,2799600
16638,2853300
16639,2752700
16640,2777900
16641,3417000
16642,2776100
16643,3097600
16644,2574700
16645,3022600
16646,2848800
16647,3241500
16648,3043900
16649,2562700
16650,2816200
16651,2828600
16652,3022000
16653,3177100
16654,2710700
16655,2755600
16656,2835300
16657,2826400
16658,3382100
16659,2907800
16660,2678900
16661,2790700
16662,2765200
16663,3167600
16664,3373200
16665,2651900
16666,2799300
16667,2839100
16668,2819500
16669,3089100
16670,3184400
16671,2768400
16672,2737900
16673,2787100
16674,2917300
16675,3317000
16676,2854000
16677,2670800
16678,2911600
16679,2750900
16680,3201100
16681,3064000
16682,2973600
16683,2779500
16684,2837200
16685,3089400
16686,2836100
16687,3265300
16688,2748100
16689,2759000
16690,3064000
16691,2676100
16692,3106900
16693,3038200
16694,2876400
16695,2840700
16696,2873900
16697,2909100
16698,3217100
16699,2840700
16700,2833900
16701,2896300
16702,2863100
16703,3028000
16704,3413000
16705,2853700
16706,2958100
16707,2666700
16708,2904300
16709,3413600
16710,2798300
16711,2961100
16712,2699000
16713,2871800
16714,3049100
16715,3183400
16716,2998700
16717,2707300
16718,2850600
16719,2864300
16720,3130000
16721,3356100
16722,2893100
16723,2729300
16724,2861100
16725,2952800
16726,3354600
16727,3013800
16728,2920600
16729,2971700
16730,2606500
16731,3068600
16732,3081800
16733,2804100
16734,2762100
16735,2769100
16736,2995400
16737,2999200
16738,3220400
16739,2981300
16740,2802500
16741,2810400
16742,2947400
16743,3311300
16744,2722600
16745,2804200
16746,2771200
16747,2882000
16748,3422500
16749,2802500
16750,2727000
16751,2805700
16752,2826200
16753,2852700
16754,3322300
16755,2802100
16756,2725200
16757,2804500
16758,2857800
16759,2820000
16760,3348200
16761,3311500
16762,2697100
16763,2854400
16764,2790800
16765,3100600
16766,3089700
16767,2651000
16768,2822100
16769,2850400
16770,2950600
16771,2954500
16772,3003700
16773,2841100
16774,2764400
16775,2785100
16776,2858800
16777,3106600
16778,3040700
16779,3782100
16780,2404000
16781,2978900
16782,5030100
16783,3377000
16784,1905100
16785,1884700
16786,2853300
16787,2777500
16788,3018100
16789,3185500
16790,2644300
16791,3010900
16792,2710500
16793,2776500
16794,3454200
16795,3054800
16796,2818700
16797,2753900
16798,2885500
16799,2960300
16800,3107500
16801,2773400
16802,2929200
16803,2713100
16804,2773400
16805,3097200
16806,3316200
16807,2701400
16808,2925700
16809,2729800
16810,2950000
16811,2884700
16812,3104700
16813,3023100
16814,2773500
16815,2894300
16816,2946600
16817,3260900
16818,2910800
16819,2739000
16820,2745400
16821,2918300
16822,2910200
16823,3295800
16824,2645500
16825,2844500
16826,2808900
16827,2814200
16828,3090400
16829,3165200
16830,2757900
16831,2787800
16832,2824100
16833,2905600
16834,3558300
16835,2870100
16836,2757100
16837,2831700
16838,2861900
16839,3134500
16840,3155000
16841,2702900
16842,2753000
16843,2896000
16844,2832500
16845,3016500
16846,3145000
16847,2784000
16848,2758000
16849,2903500
16850,3000800
16851,2819100
16852,3148700
16853,2715700
16854,2889100
16855,3039300
16856,3271300
16857,2942800
16858,2815200
16859,2725200
16860,3075600
16861,2618400
16862,2993800
16863,3225000
16864,2767100
16865,2748100
16866,2933000
16867,2820900
16868,3088200
16869,3074600
16870,2806800
16871,2962100
16872,2796100
16873,2891800
16874,3268400
16875,2893200
16876,3051900
16877,2602400
16878,2759500
16879,3031600
16880,3092600
16881,2764500
16882,2927200
16883,2697000
16884,2861200
16885,3035600
16886,3327400
16887,3013800
16888,2611800
16889,2812000
16890,2892100
16891,3207700
16892,2934700
16893,2656700
16894,2768400
16895,2911100
16896,2869500
16897,3304300
16898,2715100
16899,2842800
16900,2726500
16901,2987700
16902,2758500
16903,3380000
16904,2576400
16905,2884400
16906,2796700
16907,2868000
16908,3649700
16909,2855100
16910,2866000
16911,2806000
16912,2676600
16913,2816400
16914,3423500
16915,2851700
16916,2762200
16917,2917100
16918,2665200
16919,3379400
16920,3022700
16921,2741000
16922,2826900
16923,2862400
16924,2738300
16925,3031500
16926,3119200
16927,2806700
16928,2842500
16929,2708500
16930,2908000
16931,3019100
16932,3406600
16933,2690300
16934,2838300
16935,2759900
16936,2958200
16937,3216100
16938,2726100
16939,2874800
16940,2759300
16941,3145800
16942,2934200
16943,3159200
16944,2811700
16945,2800500
16946,2725300
16947,2888100
16948,2983800
16949,3054100
16950,2827300
16951,2792800
16952,2915300
16953,2734500
16954,3372100
16955,2780900
16956,2719400
16957,2824700
16958,2871400
16959,2809500
16960,3252300
16961,2766400
16962,2771900
16963,2886900
16964,2849900
16965,2810600
16966,3248800
16967,2776100
16968,3078600
16969,3244200
16970,2719800
16971,2975700
16972,2949500
16973,2740800
16974,2837800
16975,2797500
16976,2810900
16977,3341400
16978,2787900
16979,3364200
16980,2659900
16981,2688400
16982,3472300
16983,2617700
16984,2625900
16985,2856900
16986,2720900
16987,2832600
16988,3094000
16989,3341500
16990,2769300
16991,2733600
16992,2866500
16993,2824800
16994,3456100
16995,2759400
16996,2694400
16997,2767100
16998,2852000
16999,2965100
17000,3341100
17001,2670400
17002,2823700
17003,2810300
17004,2823700
17005,3187200
17006,3101900
17007,3005600
17008,2702600
17009,2803200
17010,2946700
17011,2956800
17012,3261400
17013,2683900
17014,2815500
17015,2834400
17016,2907400
17017,3539500
17018,3340000
17019,2206100
17020,2912200
17021,2767800
17022,3462900
17023,2858100
17024,3148000
17025,2683400
17026,2858500
17027,3051000
17028,3229800
17029,2787900
17030,2844600
17031,2828800
17032,2900800
17033,3171200
17034,3071700
17035,2837900
17036,2907600
17037,2817600
17038,3006800
17039,2891500
17040,3269100
17041,2829800
17042,2822500
17043,2815900
17044,3023900
17045,2926800
17046,3223600
17047,3156100
17048,2773300
17049,2932600
17050,2966100
17051,3419200
17052,2962800
17053,2770500
17054,3032300
17055,2793100
17056,3082100
17057,3240900
17058,2705600
17059,3145200
17060,2644800
17061,3174800
17062,3082000
17063,3001200
17064,2873800
17065,2857300
17066,2812800
17067,2938300
17068,3286500
17069,2758200
17070,3135200
17071,2923200
17072,3270500
17073,2895100
17074,2751300
17075,2903300
17076,2718100
17077,2787800
17078,2849700
17079,3319800
17080,2841500
17081,3177600
17082,2733500
17083,2830300
17084,2891200
17085,3217100
17086,2907800
17087,2708500
17088,2652700
17089,2801100
17090,3617200
17091,2738300
17092,2660500
17093,2898100
17094,2735100
17095,2987700
17096,3507500
17097,2505500
17098,2690900
17099,2877600
17100,2809300
17101,3135000
17102,3056300
17103,2894300
17104,2769600
17105,2744500
17106,2799900
17107,3037300
17108,3107600
17109,2659400
17110,2808800
17111,2783500
17112,2937000
17113,2852400
17114,3221000
17115,2601500
17116,2761000
17117,2885600
17118,2818900
17119,3210100
17120,2734300
17121,2700200
17122,2806600
17123,2819300
17124,3075000
17125,3467000
17126,2719100
17127,2687100
17128,2744500
17129,3001200
17130,2748500
17131,3289400
17132,2698300
17133,2784700
17134,3016300
17135,2704800
17136,3234600
17137,3192200
17138,2673600
17139,2968700
17140,2693500
17141,2981600
17142,3228500
17143,3156300
17144,2701500
17145,2958200
17146,2795000
17147,2912600
17148,3491700
17149,2873900
17150,2880200
17151,2796700
17152,2833800
17153,3450100
17154,2727400
17155,3133000
17156,2662400
17157,2847700
17158,3127300
17159,3388500
17160,2721300
17161,3010300
17162,2769800
17163,2883500
17164,3163900
17165,3339400
17166,2809800
17167,2821600
17168,2884700
17169,2910800
17170,3416500
17171,2849900
17172,2832600
17173,2816200
17174,2880600
17175,2958200
17176,3280300
17177,2882000
17178,2783700
17179,2855600
17180,2834800
17181,3119200
17182,3266800
17183,3025400
17184,2851300
17185,2863600
17186,2968700
17187,3332600
17188,2739100
17189,2879400
17190,2850400
17191,2862100
17192,2997200
17193,3422500
17194,2698300
17195,2832300
17196,2843700
17197,2907500
17198,3584100
17199,3041600
17200,2555100
17201,2824800
17202,2789700
17203,2932800
17204,3610400
17205,2620600
17206,2874100
17207,2760600
17208,2877000
17209,2967000
17210,3180200
17211,2712000
17212,2797100
17213,2765600
17214,3034000
17215,2954100
17216,3122200
17217,2901500
17218,2839500
17219,2988800
17220,2759200
17221,3274000
17222,2646500
17223,2780100
17224,2831900
17225,2824400
17226,2877900
17227,3264000
17228,2699400
17229,2808900
17230,2960100
17231,2681700
17232,2944700
17233,3216400
17234,2605300
17235,2952100
17236,2745400
17237,3138800
17238,3475200
17239,2744800
17240,2703000
17241,2839600
17242,2826200
17243,2846200
17244,3210100
17245,2804100
17246,2827700
17247,2731800
17248,2772500
17249,2906500
17250,3305000
17251,3084700
17252,2542100
17253,2947100
17254,2677700
17255,3122900
17256,3059900
17257,3290500
17258,2852600
17259,2444600
17260,2714500
17261,2780500
17262,3302600
17263,2570100
17264,2717600
17265,2811200
17266,2891400
17267,3268500
17268,2977000
17269,2630400
17270,3049600
17271,2711200
17272,2924100
17273,3396900
17274,2633600
17275,2765900
17276,2784600
17277,2789200
17278,3150100
17279,3256800
17280,2680900
17281,2851000
17282,2792200
17283,2862800
17284,3804300
17285,2593800
17286,2588400
17287,2830000
17288,2733500
17289,2902500
17290,3280100
17291,2773200
17292,2805800
17293,2792800
17294,2812100
17295,3031400
17296,3240900
17297,2741600
17298,2720400
17299,2914700
17300,2922100
17301,2911600
17302,3134300
17303,2742800
17304,2882200
17305,2770100
17306,3018200
17307,3355100
17308,2624900
17309,2822000
17310,2837400
17311,3155500
17312,2916600
17313,3198300
17314,3023700
17315,2739000
17316,2895200
17317,3211900
17318,2794900
17319,3067200
17320,2665000
17321,2824600
17322,2901400
17323,2833800
17324,3361200
17325,2614300
17326,2927900
17327,2837700
17328,2774000
17329,3206500
17330,3175000
17331,2741800
17332,2804200
17333,2861500
17334,2745000
17335,3129200
17336,3014800
17337,2814000
17338,2954500
17339,2712700
17340,2837700
17341,3126700
17342,3003200
17343,2933500
17344,2739800
17345,2838500
17346,2909800
17347,3269000
17348,2766000
17349,2952600
17350,2671000
17351,3156700
17352,2828100
17353,3526200
17354,2788000
17355,2765300
17356,2795300
17357,2918100
17358,2995500
17359,3465800
17360,2370700
17361,2875600
17362,2791800
17363,2950400
17364,3322400
17365,2836000
17366,2929200
17367,2830400
17368,2817500
17369,2931600
17370,3428700
17371,2620400
17372,2736500
17373,2849600
17374,2824400
17375,3188100
17376,3087800
17377,2803500
17378,2808500
17379,2844300
17380,2915800
17381,3409600
17382,2685100
17383,2867400
17384,2774300
17385,2961100
17386,3315500
17387,3010200
17388,2907300
17389,2878600
17390,2797800
17391,2896900
17392,3262800
17393,3119700
17394,2830100
17395,2881000
17396,2793600
17397,3222200
17398,3125800
17399,2783000
17400,2849400
17401,2847600
17402,3001300
17403,2997300
17404,3011800
17405,2839000
17406,2846900
17407,3066500
17408,2685200
17409,3038800
17410,3157100
17411,3031400
17412,2795200
17413,3171100
17414,3130700
17415,3230900
17416,2469400
17417,2806800
17418,2946300
17419,3066100
17420,2724500
17421,3089200
17422,2808800
17423,3108000
17424,2682300
17425,2802000
17426,3221600
17427,3211800
17428,2839200
17429,2923800
17430,2669600
17431,2921600
17432,3728900
17433,2401800
17434,2891400
17435,2740000
17436,2826100
17437,2961500
17438,3144200
17439,2710100
17440,2879900
17441,2820400
17442,2814600
17443,2967900
17444,3144200
17445,3164300
17446,2655900
17447,2932900
17448,2876500
17449,3174700
17450,2935300
17451,2607800
17452,2785900
17453,2939200
17454,2952000
17455,3187900
17456,2723000
17457,2738200
17458,2823500
17459,2898400
17460,2910400
17461,3173000
17462,2675700
17463,2793000
17464,3087200
17465,3187800
17466,2617100
17467,4781800
17468,3872800
17469,2226400
17470,1962600
17471,2306300
17472,3207100
17473,2746300
17474,2824500
17475,2758200
17476,2856400
17477,2976900
17478,3228400
17479,2702400
17480,2802600
17481,2822600
17482,2821700
17483,3090800
17484,3321300
17485,2726300
17486,2822900
17487,2819000
17488,2980100
17489,3404900
17490,2734200
17491,2795100
17492,2799400
17493,2925200
17494,2863100
17495,3200400
17496,2722100
17497,2784300
17498,2973200
17499,2850400
17500,3152400
17501,3166100
17502,2674500
17503,2932500
17504,2740400
17505,3285000
17506,3154500
17507,2797900
17508,2767700
17509,2901200
17510,2868300
17511,2899600
17512,3235800
17513,2811300
17514,2856200
17515,2965800
17516,2722300
17517,3009600
17518,3164700
17519,2798500
17520,2921700
17521,3091600
17522,3047500
17523,3185100
17524,2796900
17525,2927300
17526,2843500
17527,2799900
17528,2936100
17529,3251100
17530,2797500
17531,2894900
17532,2880400
17533,2799100
17534,3133000
17535,3117100
17536,2775300
17537,3060700
17538,2718300
17539,2987200
17540,3469400
17541,2957300
17542,3056100
17543,2866500
17544,2619500
17545,2985100
17546,3204200
17547,2873100
17548,2839100
17549,2793900
17550,2856000
17551,3339100
17552,2791900
17553,2941800
17554,2674700
17555,2766100
17556,2934600
17557,3294000
17558,2829700
17559,2856000
17560,2974200
17561,2832500
17562,2911300
17563,3242700
17564,2800000
17565,2753000
17566,2810500
17567,2848100
17568,3053500
17569,3258300
17570,2585100
17571,2804200
17572,2788300
17573,2862200
17574,3276900
17575,2987100
17576,2643600
17577,2818900
17578,2800800
17579,2981000
17580,3661100
17581,2603000
17582,2769700
17583,2769500
17584,2868400
17585,2959100
17586,3102100
17587,2746200
17588,2798700
17589,2803400
17590,2761300
17591,3209400
17592,2910000
17593,2820200
17594,2732200
17595,2800900
17596,2780000
17597,3437600
17598,2902600
17599,2724100
17600,2813000
17601,2879700
17602,3319700
17603,2844800
17604,2671000
17605,2691200
17606,2796300
17607,3055000
17608,3238000
17609,3296000
17610,2414600
17611,2557400
17612,2747400
17613,2855900
17614,3258900
17615,3100400
17616,2644400
17617,2837000
17618,3004000
17619,2699700
17620,3473000
17621,2760100
17622,2847800
17623,2944100
17624,2830700
17625,2875500
17626,3300300
17627,2665000
17628,3084900
17629,2835300
17630,2662800
17631,3013600
17632,3052400
17633,2805400
17634,2880200
17635,2798400
17636,2788000
17637,3054400
17638,3138900
17639,2822200
17640,2740800
17641,2928000
17642,2790400
17643,3396000
17644,2649200
17645,2899600
17646,2790600
17647,2864100
17648,2879400
17649,3318600
17650,2824200
17651,2711900
17652,2828200
17653,2773200
17654,3317800
17655,3418100
17656,2632800
17657,2715200
17658,2725200
17659,3005500
17660,3788200
17661,2879200
17662,2774400
17663,2610500
17664,2718400
17665,2921700
17666,3426500
17667,2624300
17668,2813000
17669,2798300
17670,2810300
17671,3167800
17672,3010900
17673,2794700
17674,2843800
17675,2820800
17676,2983100
17677,3299600
17678,2931900
17679,2785700
17680,2835200
17681,3126200
17682,2742700
17683,3105000
17684,2861100
17685,2781600
17686,2791700
17687,3039100
17688,2918500
17689,3083100
17690,2791800
17691,2781600
17692,2902100
17693,2756300
17694,3093000
17695,3388000
17696,2693600
17697,2772700
17698,2947800
17699,2841300
17700,3096000
17701,2887100
17702,2798900
17703,2857900
17704,2696800
17705,3139400
17706,3041100
17707,2770800
17708,2895500
17709,2796000
17710,2783000
17711,3114000
17712,2969200
17713,2759300
17714,3155500
17715,2540300
17716,3176600
17717,3325500
17718,2746100
17719,2958400
17720,2745500
17721,2836300
17722,3043100
17723,3034500
17724,2712200
17725,2958400
17726,2775000
17727,2892600
17728,2864100
17729,3470100
17730,3011500
17731,2696000
17732,3168400
17733,2757400
17734,3349000
17735,3059400
17736,2532500
17737,2910200
17738,2811500
17739,3060200
17740,3178900
17741,2942400
17742,2689700
17743,2883600
17744,2808400
17745,3040700
17746,3291100
17747,2723000
17748,2998600
17749,2919700
17750,2794300
17751,3449400
17752,2697700
17753,2851900
17754,2818000
17755,2958600
17756,2860200
17757,3453800
17758,2892100
17759,3022400
17760,2728200
17761,2617100
17762,3206100
17763,3096900
17764,2664100
17765,2856700
17766,2823200
17767,3098400
17768,3193500
17769,2926700
17770,2720000
17771,2867800
17772,3060200
17773,3236000
17774,3200000
17775,2479300
17776,2874100
17777,2757000
17778,2989900
17779,2820500
17780,3193900
17781,2843300
17782,2820600
17783,2826700
17784,2871000
17785,3033000
17786,3126800
17787,2737700
17788,2815500
17789,2993200
17790,3149600
17791,2978700
17792,2994700
17793,2708200
17794,2764700
17795,2980800
17796,2843600
17797,3172400
17798,2867800
17799,2740100
17800,3055300
17801,2648600
17802,3426900
17803,2668400
17804,2849900
17805,2922900
17806,2729000
17807,2936100
17808,3236900
17809,2988400
17810,2890800
17811,2793500
17812,2640700
17813,2914200
17814,3308000
17815,2776400
17816,2953300
17817,2646300
17818,2735800
17819,3010300
17820,3172300
17821,2815600
17822,2835800
17823,2718400
17824,2772000
17825,3488300
17826,2731500
17827,3043100
17828,2745200
17829,2925800
17830,2833700
17831,3300000
17832,2957500
17833,2639400
17834,2806500
17835,2804400
17836,2876000
17837,3235900
17838,2843700
17839,2727500
17840,2878500
17841,2760200
17842,3323500
17843,3463500
17844,2698500
17845,2789600
17846,2909700
17847,2835500
17848,3351500
17849,2844200
17850,2677000
17851,2773700
17852,2900100
17853,2938000
17854,3243800
17855,2871700
17856,2779600
17857,2876200
17858,2821700
17859,3237100
17860,2944800
17861,2798700
17862,2831900
17863,2827000
17864,3068000
17865,3456400
17866,2939000
17867,2808600
17868,2844800
17869,2831800
17870,3157500
17871,3079800
17872,2732400
17873,2922900
17874,2818500
17875,2860400
17876,3092500
17877,3177300
17878,2776500
17879,2884300
17880,2799200
17881,3173100
17882,3311700
17883,2820500
17884,2777300
17885,2806700
17886,3436600
17887,2985400
17888,3149500
17889,2683000
17890,2846600
17891,2923300
17892,3111700
17893,3049900
17894,2868400
17895,2728400
17896,2845400
17897,3056300
17898,2800500
17899,3289200
17900,2726600
17901,2860300
17902,2960800
17903,2896900
17904,3056300
17905,3196200
17906,2845200
17907,2763500
17908,2952600
17909,2766900
17910,3095400
17911,3280100
17912,2742700
17913,2815100
17914,2862400
17915,3045400
17916,3031600
17917,2803000
17918,2842700
17919,2855900
17920,2758700
17921,2821700
17922,3291900
17923,2739200
17924,2989800
17925,2697500
17926,2800200
17927,3043300
17928,3029100
17929,3051800
17930,2842000
17931,2787600
17932,2830900
17933,3376500
17934,2681300
17935,2807000
17936,2746700
17937,2804700
17938,2942300
17939,3195800
17940,2717500
17941,2842200
17942,2778800
17943,2854600
17944,3008000
17945,3150600
17946,3251900
17947,2674600
17948,2665800
17949,2797600
17950,3471300
17951,2934100
17952,2526500
17953,2784100
17954,2803600
17955,2820700
17956,3418100
17957,3049700
17958,3013000
17959,2527000
17960,2659500
17961,3033900
17962,3064500
17963,2816200
17964,2719100
17965,2803200
17966,2818400
17967,2926100
17968,3364700
17969,2618600
17970,2798400
17971,2766900
17972,2880400
17973,3710200
17974,2445300
17975,2791800
17976,2779500
17977,2731000
17978,3247700
17979,3007600
17980,2645700
17981,2776000
17982,2781700
17983,2820300
17984,3083800
17985,3125500
17986,2648700
17987,2780200
17988,2763600
17989,2883100
17990,2920400
17991,3487600
17992,2638700
17993,2880100
17994,2956600
17995,2699700
17996,2992000
17997,3064300
17998,2779600
17999,2850600
18000,3493300
18001,2674600
18002,3391100
18003,2531100
18004,2759600
18005,2992600
18006,2678900
18007,2878400
18008,3295500
18009,2720800
18010,3049500
18011,2627400
18012,2819000
18013,3111700
18014,3189700
18015,2700100
18016,2792300
18017,2798600
18018,2856000
18019,3562700
18020,2819400
18021,2871500
18022,2743800
18023,2838800
18024,3044300
18025,3385900
18026,2947000
18027,2666700
18028,2851800
18029,2813900
18030,3113500
18031,3205400
18032,2590700
18033,2914900
18034,2726700
18035,2904300
18036,3372200
18037,3058100
18038,2838400
18039,2743000
18040,2849500
18041,2940800
18042,3204600
18043,2869100
18044,2725200
18045,2857300
18046,2855400
18047,3260900
18048,2913800
18049,2817400
18050,2809300
18051,2769100
18052,2910300
18053,3403400
18054,2811700
18055,2721200
18056,2813100
18057,2849500
18058,3145800
18059,3122400
18060,3124100
18061,2692300
18062,2878600
18063,3051500
18064,2745500
18065,3301900
18066,2839400
18067,2729200
18068,2961400
18069,2830900
18070,3040600
18071,3124300
18072,2762200
18073,2869900
18074,2975500
18075,2978800
18076,3323700
18077,2771700
18078,2775800
18079,3001400
18080,2760500
18081,2931500
18082,3304000
18083,2688700
18084,2894500
18085,2832000
18086,2814300
18087,3392800
18088,2738900
18089,2776500
18090,2965200
18091,2732100
18092,3002900
18093,3301500
18094,2704000
18095,3123000
18096,2741200
18097,3027200
18098,3106200
18099,3121200
18100,2717400
18101,3132400
18102,2881500
18103,3069700
18104,2884600
18105,3062900
18106,2777100
18107,2841100
18108,2812700
18109,3003700
18110,3224100
18111,2705800
18112,2996300
18113,3138700
18114,2727100
18115,3114100
18116,3440800
18117,2427700
18118,2753200
18119,2892400
18120,2857100
18121,2985700
18122,3226700
18123,2679900
18124,2882400
18125,2825600
18126,2983200
18127,3281900
18128,2749800
18129,2764900
18130,2773200
18131,2930900
18132,3254200
18133,2962700
18134,2928900
18135,2830000
18136,2776000
18137,2803100
18138,3347700
18139,3124700
18140,2724100
18141,2831100
18142,2826500
18143,3046700
18144,3164200
18145,2681900
18146,2841800
18147,2797700
18148,2872300
18149,3189100
18150,2931700
18151,2837100
18152,3562100
18153,2445200
18154,3360000
18155,5175600
18156,2933800
18157,1916500
18158,2037700
18159,3050700
18160,2831900
18161,3338200
18162,2951900
18163,2789500
18164,2968600
18165,2768000
18166,3226000
18167,2994900
18168,2764000
18169,2754400
18170,3136000
18171,2608500
18172,3521800
18173,2676200
18174,2799500
18175,2775500
18176,3038600
18177,2962800
18178,3121300
18179,2706600
18180,2836600
18181,2911300
18182,2739700
18183,2899000
18184,3176800
18185,2755500
18186,2791000
18187,2905500
18188,2751500
18189,2885900
18190,3163700
18191,2811100
18192,2884400
18193,2833800
18194,2973300
18195,2728200
18196,3153700
18197,3278500
18198,2657800
18199,2751800
18200,2947000
18201,3207600
18202,2791100
18203,3045200
18204,2637200
18205,2798800
18206,3067100
18207,3128300
18208,3013800
18209,2800800
18210,2683100
18211,2951700
18212,3536400
18213,2969200
18214,2920400
18215,2739200
18216,2871500
18217,2948200
18218,3317500
18219,2917600
18220,2705300
18221,2852900
18222,2886700
18223,2859800
18224,3503900
18225,2617900
18226,2799200
18227,2766400
18228,3077800
18229,3477200
18230,3116900
18231,2581400
18232,2703300
18233,2808300
18234,2924500
18235,3352400
18236,2670700
18237,2770000
18238,2907100
18239,2737500
18240,3140000
18241,3155600
18242,2728600
18243,2809600
18244,2819000
18245,2899000
18246,3354200
18247,2784500
18248,2769600
18249,2742300
18250,2900100
18251,3286200
18252,3376800
18253,2624400
18254,2844200
18255,2784700
18256,2787900
18257,3102800
18258,3117700
18259,2779200
18260,2777700
18261,2898400
18262,3058200
18263,3127000
18264,2844200
18265,2751800
18266,2709500
18267,2790600
18268,3144600
18269,3123800
18270,2931200
18271,2794400
18272,2763100
18273,2895900
18274,2818900
18275,3380200
18276,2606600
18277,2755200
18278,2805300
18279,2807600
18280,3019400
18281,3040000
18282,2700800
18283,2875200
18284,2859600
18285,2754100
18286,3161100
18287,3328600
18288,2690500
18289,3011200
18290,2747300
18291,2988500
18292,3022000
18293,2718200
18294,2787800
18295,2859500
18296,2750900
18297,2997300
18298,3162000
18299,2733400
18300,2847900
18301,2801500
18302,2857900
18303,3041700
18304,3058100
18305,2816800
18306,3352800
18307,3047100
18308,2990400
18309,2472300
18310,3190200
18311,2851900
18312,2754800
18313,2903600
18314,3023400
18315,2997400
18316,2786600
18317,3225600
18318,2640500
18319,2750500
18320,3124500
18321,3123500
18322,2945000
18323,2771000
18324,2776500
18325,2861200
18326,3570800
18327,2735200
18328,2894900
18329,2845200
18330,2775500
18331,3024800
18332,3207500
18333,2829700
18334,2863300
18335,2765900
18336,2814900
18337,3097300
18338,3536700
18339,2737800
18340,2773100
18341,2852100
18342,2896800
18343,3446800
18344,3204600
18345,2517400
18346,2838600
18347,2775600
18348,2870600
18349,3292000
18350,2775900
18351,2730700
18352,2919400
18353,2765600
18354,3280800
18355,3254900
18356,2790800
18357,2988100
18358,2710200
18359,2892000
18360,3630900
18361,3076400
18362,2850100
18363,2570700
18364,2773100
18365,3019500
18366,3438900
18367,2814000
18368,2839500
18369,2823500
18370,3061000
18371,2825000
18372,3190700
18373,2726700
18374,2816400
18375,3150300
18376,2896100
18377,3235400
18378,2710700
18379,2918500
18380,2641700
18381,2885500
18382,3041700
18383,3071400
18384,2914000
18385,2920600
18386,2844300
18387,2798300
18388,2914600
18389,3307200
18390,2707900
18391,2887900
18392,2818300
18393,2843300
18394,3412400
18395,2746000
18396,2777700
18397,2890100
18398,2977000
18399,2995300
18400,3363600
18401,2948100
18402,2837300
18403,2762400
18404,2895500
18405,2964100
18406,3213100
18407,2786000
18408,2779900
18409,2915800
18410,2985400
18411,3249100
18412,2748200
18413,2788000
18414,2780400
18415,2798000
18416,2988700
18417,3218200
18418,2851700
18419,2718800
18420,2801900
18421,2786400
18422,3241300
18423,3460800
18424,2566200
18425,2789800
18426,2834600
18427,2858700
18428,3331200
18429,2874200
18430,2700900
18431,2824600
18432,2811600
18433,2951500
18434,3439100
18435,2617500
18436,2784700
18437,2844200
18438,2875000
18439,3085300
18440,3423200
18441,2817200
18442,2845600
18443,2813300
18444,2886000
18445,3430300
18446,3126600
18447,2970000
18448,2549200
18449,2817100
18450,3016500
18451,3050900
18452,2884600
18453,2734600
18454,2812800
18455,3069400
18456,2888500
18457,3176300
18458,3046000
18459,2509200
18460,2885100
18461,3033400
18462,3383600
18463,2743400
18464,2757800
18465,2762800
18466,3035500
18467,2844100
18468,3244800
18469,2802500
18470,2784600
18471,2959800
18472,2700100
18473,3035500
18474,3284800
18475,2756500
18476,2794900
18477,2974700
18478,2720000
18479,3105200
18480,3417200
18481,2713000
18482,3026800
18483,2664000
18484,2828000
18485,3330500
18486,2812400
18487,2914600
18488,2762700
18489,2829700
18490,2919600
18491,3379300
18492,2644300
18493,2909200
18494,2822400
18495,2793200
18496,3129200
18497,3347300
18498,2843900
18499,2695700
18500,2830700
18501,2854700
18502,3343800
18503,2827600
18504,2745900
18505,2783500
18506,2860900
18507,2890900
18508,3246300
18509,2816900
18510,2722100
18511,2771700
18512,2855400
18513,3203000
18514,3266100
18515,2662500
18516,2746000
18517,2856700
18518,2789400
18519,3592000
18520,2838400
18521,2752400
18522,2831800
18523,2732300
18524,3000900
18525,3239500
18526,2796000
18527,2760400
18528,2769700
18529,2847600
18530,3138900
18531,2929000
18532,2850600
18533,2733100
18534,2878000
18535,2792100
18536,3158300
18537,3353900
18538,2748500
18539,2794300
18540,2823100
18541,2965300
18542,3201400
18543,2799900
18544,2794900
18545,2859700
18546,2912700
18547,2942600
18548,3417200
18549,2760800
18550,2745600
18551,2891100
18552,2865700
18553,2991200
18554,3461200
18555,2685400
18556,2790800
18557,2903500
18558,2875500
18559,3336200
18560,2823000
18561,2797900
18562,2887900
18563,2764900
18564,2920900
18565,3205500
18566,2872500
18567,3005700
18568,2645700
18569,2829700
18570,3040500
18571,3226900
18572,2731800
18573,3213900
18574,2535400
18575,2839500
18576,3334400
18577,3029400
18578,3009500
18579,2672100
18580,2872700
18581,3008900
18582,3220700
18583,2676200
18584,2983400
18585,2746800
18586,2782700
18587,3168300
18588,3196900
18589,2754000
18590,2806900
18591,2762200
18592,2931100
18593,3075200
18594,3521200
18595,2547200
18596,2798100
18597,2800100
18598,3044100
18599,3070800
18600,2939100
18601,2704500
18602,2913200
18603,2748100
18604,2914700
18605,3524200
18606,2503100
18607,2797000
18608,2793600
18609,2767400
18610,3252800
18611,3283200
18612,2608200
18613,2766600
18614,2896500
18615,2877800
18616,3498700
18617,2544000
18618,2753500
18619,2764400
18620,2888100
18621,3105100
18622,3016800
18623,2701100
18624,2786700
18625,2834600
18626,2871400
18627,3050900
18628,3263900
18629,2645600
18630,2868200
18631,2761600
18632,3201800
18633,3235500
18634,2720400
18635,2750700
18636,2785100
18637,2891400
18638,2840100
18639,3421800
18640,2553600
18641,2798800
18642,2783900
18643,2864200
18644,2912800
18645,3209900
18646,2665100
18647,2824600
18648,2885300
18649,2692000
18650,3198200
18651,3304300
18652,2648100
18653,3111800
18654,2662900
18655,2947200
18656,2814500
18657,3117400
18658,2702400
18659,3098500
18660,2501000
18661,2989100
18662,3398000
18663,2710800
18664,2873400
18665,2756000
18666,2787200
18667,2899200
18668,3274500
18669,2742900
18670,2818100
18671,2910100
18672,2722400
18673,3077400
18674,3147000
18675,2812500
18676,2789100
18677,2861900
18678,2841600
18679,3317600
18680,2948600
18681,2674000
18682,2799000
18683,2820200
18684,3074100
18685,3690800
18686,2879200
18687,2808000
18688,2691600
18689,2863500
18690,3320800
18691,2837600
18692,2819000
18693,2902700
18694,2771800
18695,3026800
18696,3470100
18697,2659200
18698,2930800
18699,2716700
18700,2932800
18701,3156700
18702,3229400
18703,2743700
18704,2864400
18705,2938700
18706,2761800
18707,3170000
18708,3330500
18709,2738500
18710,2884800
18711,2776200
18712,3080600
18713,3119100
18714,2768000
18715,2869800
18716,2775100
18717,3205000
18718,2791200
18719,3050400
18720,2714400
18721,2786600
18722,2834200
18723,3201600
18724,2775100
18725,2997900
18726,2802800
18727,2762800
18728,3231100
18729,2601200
18730,3517700
18731,2685600
18732,2795300
18733,2778900
18734,2904500
18735,3130700
18736,2992300
18737,2773900
18738,2756600
18739,2921300
18740,2936100
18741,2763100
18742,3273800
18743,2674900
18744,2992800
18745,2714300
18746,2940200
18747,2961200
18748,3129800
18749,2994900
18750,2518800
18751,2811900
18752,2870400
18753,3416600
18754,2575300
18755,2878100
18756,2684000
18757,2851100
18758,2830600
18759,3253300
18760,2788500
18761,2714700
18762,2684100
18763,2799800
18764,3136700
18765,3077100
18766,2880500
18767,2762700
18768,2856700
18769,2792700
18770,3136200
18771,3104100
18772,2679900
18773,2881000
18774,2821700
18775,2893900
18776,3826800
18777,2487400
18778,2770600
18779,2860300
18780,2776000
18781,2979500
18782,3370100
18783,2916500
18784,2834300
18785,2818100
18786,2872700
18787,3234700
18788,3366900
18789,2923200
18790,2627000
18791,2841000
18792,3106700
18793,3134800
18794,2766900
18795,2750300
18796,2944800
18797,2884700
18798,3074300
18799,3167900
18800,2951800
18801,3068500
18802,2490700
18803,3153000
18804,2808900
18805,3405700
18806,2846800
18807,2769600
18808,3100700
18809,2868500
18810,3527000
18811,2849200
18812,2846200
18813,3230200
18814,2484900
18815,3069400
18816,3131800
18817,2874400
18818,2882700
18819,3011900
18820,3130500
18821,3402700
18822,2754300
18823,2859700
18824,2915100
18825,2833900
18826,3070700
18827,3272000
18828,2796100
18829,2903700
18830,2860900
18831,2887000
18832,3145800
18833,3114100
18834,2891600
18835,2839600
18836,2791900
18837,3102700
18838,3601000
18839,3219800
18840,2326800
18841,4174400
18842,4331900
18843,2831200
18844,1974800
18845,2364700
18846,2843400
18847,2834000
18848,3077200
18849,3248600
18850,2716800
18851,2773500
18852,2810700
18853,2856700
18854,3097000
18855,2999300
18856,2723600
18857,2755500
18858,2824100
18859,2990000
18860,2873900
18861,3362800
18862,2657500
18863,2785600
18864,2846600
18865,2893500
18866,3189100
18867,2711000
18868,2709200
18869,2892700
18870,2931200
18871,2684200
18872,3125200
18873,2749000
18874,2806600
18875,2706500
18876,2932000
18877,3053100
18878,3019500
18879,3003100
18880,2631000
18881,2952800
18882,2722500
18883,3075800
18884,3052700
18885,2736900
18886,2871000
18887,2684900
18888,2850900
18889,2889500
18890,3087100
18891,2718100
18892,2838300
18893,2757400
18894,2891300
18895,3185500
18896,2638400
18897,2993000
18898,2619200
18899,2785400
18900,2954100
18901,3168200
18902,3141200
18903,2570000
18904,2774900
18905,2679400
18906,2924200
18907,3173600
18908,2727100
18909,2734100
18910,2843700
18911,2782200
18912,3076300
18913,3280800
18914,2606800
18915,2881200
18916,2710500
18917,2916200
18918,3894800
18919,2700200
18920,2591700
18921,2827100
18922,2883200
18923,2889600
18924,3478300
18925,2780800
18926,2876700
18927,2790700
18928,2793900
18929,3131600
18930,3137900
18931,2748800
18932,2970700
18933,2717500
18934,2903400
18935,3110400
18936,3367700
18937,2820400
18938,2734800
18939,2972100
18940,3111600
18941,3005800
18942,2797500
18943,2905100
18944,2752000
18945,2872400
18946,3215200
18947,3049700
18948,2890700
18949,2743000
18950,2844300
18951,2975300
18952,3236000
18953,2762600
18954,2938500
18955,2752400
18956,3148800
18957,2838400
18958,3523400
18959,2829200
18960,2898900
18961,2919900
18962,2706800
18963,3021700
18964,3128000
18965,2821200
18966,3159700
18967,2606200
18968,2809200
18969,3420800
18970,2752900
18971,2909800
18972,2855800
18973,2714700
18974,3160600
18975,3022200
18976,3015000
18977,3121900
18978,2571300
18979,2795600
18980,3064000
18981,3070000
18982,2728900
18983,2931200
18984,2744600
18985,2904400
18986,3253800
18987,2824900
18988,2825100
18989,2696200
18990,2877300
18991,2834300
18992,3355400
18993,2978500
18994,2701100
18995,2900300
18996,2811700
18997,3062600
18998,3090300
18999,3103500
19000,2915500
19001,2711300
19002,2668200
19003,2950400
19004,3343500
19005,2617900
19006,2691300
19007,2733900
19008,3070800
19009,3138700
19010,2696600
19011,2848400
19012,2687800
19013,2792800
19014,2879400
19015,3398500
19016,2600500
19017,2873400
19018,2740800
19019,2797900
19020,2910200
19021,3220100
19022,2732400
19023,2861000
19024,2713900
19025,2808500
19026,3363700
19027,3043100
19028,3059900
19029,2474900
19030,2748500
19031,3168100
19032,3278600
19033,2670500
19034,2846000
19035,2784100
19036,2835100
19037,2951000
19038,3442500
19039,2777600
19040,2740100
19041,2919300
19042,2939500
19043,2933000
19044,3078200
19045,2785700
19046,2837100
19047,2794100
19048,2883500
19049,3064600
19050,3169700
19051,2661300
19052,2826600
19053,2953400
19054,2920500
19055,3523100
19056,2708800
19057,2731100
19058,3052100
19059,2759400
19060,2804900
19061,3282800
19062,2771100
19063,2827900
19064,2855000
19065,2964000
19066,2863300
19067,3096700
19068,2838200
19069,2886900
19070,2747900
19071,3106400
19072,3346100
19073,3035100
19074,2786100
19075,2788500
19076,2825700
19077,2941100
19078,3226900
19079,2669100
19080,2867300
19081,2815300
19082,2845700
19083,3166100
19084,3014300
19085,2836600
19086,2695100
19087,2810200
19088,2910400
19089,3406500
19090,2889500
19091,2736600
19092,2778700
19093,2801500
19094,3007100
19095,3258900
19096,2698100
19097,2777900
19098,2741600
19099,2909300
19100,2930400
19101,3369100
19102,2483200
19103,2769700
19104,2858800
19105,2735300
19106,3109000
19107,3225600
19108,2599900
19109,2755300
19110,2885200
19111,2832800
19112,3843400
19113,2722800
19114,2713900
19115,2785400
19116,2886700
19117,2946500
19118,3363200
19119,2625800
19120,2738100
19121,2934400
19122,2796800
19123,2909100
19124,3222900
19125,2733700
19126,2805900
19127,2800700
19128,2896400
19129,3534800
19130,3302600
19131,3036100
19132,2546000
19133,2726600
19134,3139100
19135,3036100
19136,2820900
19137,2749800
19138,2835600
19139,2915600
19140,3235300
19141,3033000
19142,2733100
19143,3299400
19144,2523100
19145,3026800
19146,2926800
19147,3250300
19148,2746700
19149,2880300
19150,2870600
19151,3119700
19152,3428800
19153,2775000
19154,2919300
19155,2954900
19156,2935900
19157,3365900
19158,2838600
19159,2857800
19160,2920400
19161,3020300
19162,2951300
19163,3266600
19164,2945200
19165,2865500
19166,3076800
19167,2802000
19168,3202500
19169,3562400
19170,2734400
19171,3155500
19172,2785500
19173,3079700
19174,3340900
19175,2772100
19176,3294100
19177,2587800
19178,2862100
19179,3067300
19180,3286300
19181,2726300
19182,3031100
19183,2813700
19184,3070000
19185,3725100
19186,2662800
19187,3013700
19188,2792900
19189,2888900
19190,3223900
19191,3181800
19192,2788100
19193,2877000
19194,2756100
19195,2962900
19196,3299400
19197,2914100
19198,2676100
19199,2865000
19200,2891100
19201,3122900
19202,3064900
19203,3005100
19204,2730100
19205,2812100
19206,2817700
19207,3060500
19208,3118100
19209,2721700
19210,2758800
19211,2786300
19212,2825800
19213,3437100
19214,2694600
19215,2717600
19216,2789600
19217,2817000
19218,2870300
19219,3310800
19220,2732500
19221,2690400
19222,2730100
19223,2801200
19224,3223400
19225,3009500
19226,2947200
19227,2730000
19228,2754400
19229,2795100
19230,2982300
19231,3167500
19232,2672000
19233,2772800
19234,2759200
19235,2923100
19236,2842600
19237,3142300
19238,2596900
19239,2885800
19240,2662300
19241,2877200
19242,2968000
19243,3144000
19244,2878000
19245,2780600
19246,2944600
19247,2794000
19248,3194500
19249,2800300
19250,2805700
19251,2869300
19252,2720900
19253,2958500
19254,3234300
19255,2806200
19256,2798900
19257,2873900
19258,2693300
19259,3192200
19260,3238300
19261,2718500
19262,3194600
19263,2674000
19264,2671000
19265,2970100
19266,3377000
19267,2682600
19268,2862800
19269,2914000
19270,2844200
19271,3215200
19272,2705500
19273,3007200
19274,2710800
19275,2908700
19276,2863100
19277,3298700
19278,2668100
19279,2841500
19280,2799600
19281,2844600
19282,3073300
19283,3156400
19284,3168800
19285,2621600
19286,2867200
19287,2873600
19288,3397500
19289,2671500
19290,2903900
19291,2781500
19292,2832900
19293,3166500
19294,3043600
19295,2902900
19296,2700800
19297,2843100
19298,2807900
19299,3377400
19300,3331200
19301,2739400
19302,2868200
19303,2836800
19304,2964100
19305,3287800
19306,2677000
19307,2918100
19308,2762300
19309,2912500
19310,2893300
19311,3388700
19312,2598400
19313,2831900
19314,2862900
19315,2820100
19316,3258400
19317,2980500
19318,2651700
19319,2860300
19320,2836900
19321,3117700
19322,2882300
19323,3296600
19324,2696200
19325,2820900
19326,2824100
19327,3149800
19328,3019800
19329,2750000
19330,2784500
19331,2790400
19332,3026000
19333,3069600
19334,3210000
19335,2655700
19336,2759300
19337,2891700
19338,2933200
19339,3356100
19340,2845100
19341,2774900
19342,2804400
19343,2985900
19344,2718800
19345,3257500
19346,2722700
19347,2766200
19348,2926700
19349,3445200
19350,3146200
19351,2564700
19352,2604100
19353,2721300
19354,2807700
19355,2736000
19356,3024000
19357,3108700
19358,2689000
19359,3040200
19360,2579900
19361,2846300
19362,3248500
19363,2776500
19364,2745900
19365,2881500
19366,2735300
19367,3059100
19368,3146400
19369,2750500
19370,2809300
19371,3281200
19372,2419300
19373,3353400
19374,2837900
19375,2755900
19376,3139900
19377,2754700
19378,2749800
19379,3008500
19380,3123600
19381,2861300
19382,2728200
19383,2771700
19384,2826300
19385,3449500
19386,2898500
19387,2609800
19388,2693200
19389,2853600
19390,2760000
19391,3343300
19392,2842100
19393,2717400
19394,2765300
19395,2939400
19396,3041200
19397,3225000
19398,2780800
19399,2816300
19400,2822100
19401,2847400
19402,3081600
19403,3091000
19404,2738400
19405,2802500
19406,2845700
19407,2837900
19408,3412300
19409,2729000
19410,2705900
19411,2822500
19412,2757400
19413,3379700
19414,3324400
19415,2635500
19416,2743300
19417,2877400
19418,2782300
19419,3104200
19420,3054800
19421,2749500
19422,2825200
19423,2777800
19424,3087500
19425,2940400
19426,3001300
19427,2735200
19428,2884000
19429,2756500
19430,2852400
19431,3351100
19432,2656300
19433,2818600
19434,2839000
19435,2874800
19436,3030500
19437,3223900
19438,2877400
19439,2809600
19440,2828800
19441,2827500
19442,3197300
19443,3157200
19444,2690200
19445,2781700
19446,2898500
19447,2846000
19448,3378400
19449,2709800
19450,2805800
19451,2915300
19452,2706900
19453,3035200
19454,3154600
19455,2967000
19456,2743400
19457,2877000
19458,2796400
19459,2988500
19460,3157200
19461,2743200
19462,3000900
19463,2628100
19464,2760400
19465,3096300
19466,3103400
19467,2932300
19468,2594100
19469,2833500
19470,2956800
19471,3352300
19472,2851800
19473,3115500
19474,2823800
19475,3099000
19476,2601300
19477,3115300
19478,2875500
19479,2756300
19480,2869500
19481,2813900
19482,3288900
19483,3403600
19484,2636800
19485,3146100
19486,2578800
19487,2899600
19488,3315300
19489,2936000
19490,2941100
19491,2939600
19492,2901700
19493,3041300
19494,3286600
19495,2735000
19496,2909700
19497,2855500
19498,3018300
19499,3631400
19500,2663100
19501,2736900
19502,2858300
19503,2955200
19504,3352900
19505,3084900
19506,2773100
19507,2922600
19508,2903200
19509,2988000
19510,3141900
19511,3168100
19512,3136100
19513,2946100
19514,2964000
19515,3211400
19516,3140000
19517,2870900
19518,2887100
19519,2893400
19520,3255700
19521,2993300
19522,3189300
19523,2858300
19524,3264400
19525,5090500
19526,2452300
19527,4182900
19528,3992100
19529,2387800
19530,2250100
19531,2240000
19532,3211600
19533,3004100
19534,2876600
19535,3039600
19536,2690200
19537,3052500
19538,3231800
19539,2784300
19540,2901000
19541,2943000
19542,2755500
19543,3340600
19544,2751400
19545,2754900
19546,2856500
19547,2797300
19548,3118100
19549,3188800
19550,2686900
19551,2912900
19552,2797200
19553,2716200
19554,3114300
19555,3200800
19556,2917200
19557,2625800
19558,2789900
19559,2733200
19560,3424000
19561,2649700
19562,2810000
19563,2781800
19564,2767400
19565,3069600
19566,3010900
19567,3178700
19568,2649700
19569,2695900
19570,2732100
19571,2923300
19572,3175200
19573,2801600
19574,2729600
19575,2717000
19576,2807400
19577,2932800
19578,3140800
19579,2692600
19580,2721400
19581,2761000
19582,2800800
19583,2991100
19584,3182900
19585,2885200
19586,2793300
19587,2798300
19588,2782200
19589,3390000
19590,2655000
19591,2807700
19592,2867800
19593,2803200
19594,3161600
19595,3163300
19596,2663800
19597,2793000
19598,2862200
19599,2862800
19600,2904300
19601,3169600
19602,2746900
19603,2825800
19604,2831300
19605,3264700
19606,2988300
19607,3008700
19608,2693000
19609,2957600
19610,2804700
19611,2827400
19612,3234600
19613,2699000
19614,2875100
19615,2800600
19616,2986200
19617,2855900
19618,3216200
19619,2726900
19620,2910200
19621,2800400
19622,2820100
19623,3127000
19624,2982500
19625,3044500
19626,3059000
19627,2634300
19628,2900700
19629,3576000
19630,2736700
19631,2908000
19632,2750000
19633,2907200
19634,2980100
19635,3144600
19636,3110500
19637,2677400
19638,2700700
19639,2843400
19640,3130300
19641,3140800
19642,2860000
19643,2770500
19644,2877100
19645,2891600
19646,3386400
19647,3052200
19648,2784200
19649,2790300
19650,2852200
19651,2960700
19652,3374600
19653,2765500
19654,2751900
19655,2870900
19656,2800700
19657,3063100
19658,3203400
19659,2758500
19660,2771800
19661,2901200
19662,2845500
19663,3449700
19664,3100700
19665,2648500
19666,2815500
19667,2963600
19668,2985800
19669,3306900
19670,2766400
19671,2745200
19672,2845500
19673,2812000
19674,3038800
19675,3133300
19676,2799500
19677,2779900
19678,2821000
19679,3017000
19680,3244400
19681,2969300
19682,2819900
19683,2750700
19684,2841000
19685,2907900
19686,3285600
19687,2769200
19688,2724700
19689,2856000
19690,2893300
19691,2810100
19692,3147500
19693,2835900
19694,2808500
19695,3487500
19696,2956700
19697,2474200
19698,2962000
19699,2814600
19700,2785500
19701,2702700
19702,2756100
19703,3377700
19704,2684500
19705,2801200
19706,2806200
19707,2783800
19708,2813900
19709,3517600
19710,2709000
19711,3128800
19712,2788200
19713,2796200
19714,2671600
19715,3161700
19716,2972500
19717,2755100
19718,2569300
19719,2779700
19720,3062600
19721,3346800
19722,2789200
19723,2745900
19724,2820800
19725,2797400
19726,3312500
19727,2837000
19728,2795300
19729,2693200
19730,2837800
19731,2914300
19732,3199900
19733,2774100
19734,2848900
19735,2695800
19736,2970200
19737,3029700
19738,3025900
19739,3094800
19740,2716300
19741,2742100
19742,2830300
19743,3259200
19744,2893400
19745,2848600
19746,2744200
19747,2795400
19748,2952800
19749,3511000
19750,2760500
19751,2733200
19752,2803500
19753,2832300
19754,3158900
19755,3171300
19756,2874200
19757,2793700
19758,2762200
19759,2853800
19760,3027700
19761,3105300
19762,2745800
19763,2841300
19764,2836200
19765,2952500
19766,2890300
19767,3173700
19768,2669300
19769,2888600
19770,2735700
19771,3084400
19772,3121100
19773,2806900
19774,2680700
19775,2899800
19776,2911500
19777,3035700
19778,3289900
19779,2796600
19780,2761100
19781,2936300
19782,2709900
19783,3085200
19784,3270600
19785,2694500
19786,2996500
19787,2628500
19788,2895500
19789,3349700
19790,2770200
19791,2728100
19792,2861600
19793,2794700
19794,2903200
19795,3281900
19796,2669200
19797,3049300
19798,2664700
19799,2994200
19800,2955100
19801,3283500
19802,3001800
19803,2602700
19804,2690400
19805,2881300
19806,3312800
19807,2805900
19808,2734000
19809,2775700
19810,2879900
19811,2824000
19812,3345300
19813,2883300
19814,2779200
19815,2660100
19816,2868700
19817,3105000
19818,3042700
19819,3315300
19820,2866500
19821,2886900
19822,2784800
19823,3173800
19824,3274100
19825,2753000
19826,3143400
19827,2450200
19828,3086400
19829,3283900
19830,2904300
19831,2676100
19832,2851900
19833,3088900
19834,3219000
19835,3019200
19836,2900700
19837,2866100
19838,2897000
19839,2877300
19840,3437800
19841,2756500
19842,2951400
19843,2813000
19844,2912500
19845,3237000
19846,3237400
19847,2751600
19848,2896600
19849,2938700
19850,2963400
19851,3524600
19852,2710700
19853,2965600
19854,2960600
19855,3121400
19856,3038100
19857,3503000
19858,2991000
19859,2881300
19860,2882400
19861,3003100
19862,3435700
19863,2807100
19864,2920600
19865,2939400
19866,2866900
19867,3027000
19868,3445400
19869,2710200
19870,2919400
19871,3314200
19872,2594100
19873,3353800
19874,3376000
19875,2695600
19876,2999500
19877,2867900
19878,2989200
19879,3287900
19880,2799100
19881,3075000
19882,2653700
19883,2876300
19884,3163700
19885,3112400
19886,2781300
19887,2872300
19888,2754400
19889,2896800
19890,3674400
19891,2897000
19892,2878900
19893,2753800
19894,2919100
19895,2870700
19896,3363100
19897,2747800
19898,2811500
19899,2748300
19900,2858600
19901,3049100
19902,3186400
19903,2713000
19904,2717000
19905,2788300
19906,2850500
19907,3305400
19908,2934100
19909,2862900
19910,2768400
19911,2806900
19912,2963600
19913,3384400
19914,2600000
19915,2699800
19916,2786200
19917,2798900
19918,2837500
19919,3238800
19920,2709200
19921,2780000
19922,2749200
19923,2766300
19924,3046800
19925,3118200
19926,2716600
19927,2782100
19928,2786700
19929,2821500
19930,3180400
19931,3200400
19932,2687800
19933,2854200
19934,2754500
19935,2995700
19936,3448400
19937,2760300
19938,2699300
19939,2853100
19940,2919100
19941,2827600
19942,3232800
19943,2686600
19944,2755400
19945,2919600
19946,2849600
19947,2989500
19948,3433400
19949,2666500
19950,2783600
19951,3403100
19952,2518500
19953,3157000
19954,2729800
19955,2792500
19956,3027800
19957,2625800
19958,2993200
19959,3318600
19960,2636200
19961,2860100
19962,2867700
19963,2833800
19964,2910100
19965,3313800
19966,2677700
19967,3070200
19968,2662600
19969,3062100
19970,3039800
19971,3110900
19972,2930100
19973,2697400
19974,2792900
19975,2899400
19976,3279700
19977,2812300
19978,2772600
19979,2878500
19980,2797200
19981,2942700
19982,3252500
19983,3037500
19984,2606800
19985,2759200
19986,2886400
19987,3115100
19988,3598200
19989,2589900
19990,2646100
19991,2823800
19992,2973400
19993,3295300
19994,2794200
19995,2797000
19996,2761300
19997,2820800
19998,3179700
19999,3068900
20000,2738800
20001,2788100
20002,2780000
20003,2833600
20004,3544000
20005,3057800
20006,2687500
20007,2791800
20008,2742100
20009,2969800
20010,3644300
20011,2649900
20012,2659400
20013,2807200
20014,2869100
20015,3010800
20016,3228800
20017,2660200
20018,2877700
20019,2760700
20020,3027100
20021,2713400
20022,3296100
20023,2596300
20024,2838300
20025,2808200
20026,2928800
20027,3146300
20028,3145100
20029,2687700
20030,2788100
20031,2827900
20032,2838700
20033,3275800
20034,2747000
20035,2744400
20036,3051000
20037,2834200
20038,2720300
20039,3192700
20040,2755300
20041,2749500
20042,3238900
20043,3116100
20044,2655600
20045,3101500
20046,2605900
20047,2863400
20048,2696000
20049,2765700
20050,3086800
20051,3170500
20052,2932300
20053,2930400
20054,2801000
20055,2610400
20056,3100600
20057,2815400
20058,2832500
20059,2713600
20060,2772100
20061,3011400
20062,3288900
20063,3014000
20064,2653800
20065,2751500
20066,2845900
20067,2884300
20068,3345300
20069,2685800
20070,2780400
20071,2728000
20072,2878200
20073,2945100
20074,3144200
20075,2834000
20076,2741600
20077,2796500
20078,2794600
20079,3690200
20080,2529900
20081,3002000
20082,2681600
20083,2842900
20084,2987500
20085,3372800
20086,2713900
20087,2864400
20088,2723600
20089,2888200
20090,3157800
20091,2953500
20092,2772600
20093,2837500
20094,2726200
20095,2885700
20096,3097600
20097,2986100
20098,2834800
20099,2792100
20100,2831100
20101,3067200
20102,3078500
20103,2952000
20104,2855400
20105,2776900
20106,3027100
20107,2781000
20108,3243300
20109,2748200
20110,2833400
20111,3111500
20112,2538000
20113,2966200
20114,3178100
20115,2821500
20116,2800100
20117,2891700
20118,2735700
20119,3509400
20120,2736700
20121,2762400
20122,3170000
20123,2601600
20124,3177900
20125,3145000
20126,2756100
20127,2966800
20128,2732300
20129,2768700
20130,2884900
20131,3303000
20132,2711900
20133,2851500
20134,2831000
20135,2762000
20136,2977200
20137,3074300
20138,2995500
20139,2659100
20140,2884100
20141,2863700
20142,3351800
20143,2941200
20144,2802800
20145,2902000
20146,2788900
20147,2863400
20148,3204500
20149,3004000
20150,2658900
20151,2910400
20152,2744700
20153,3122000
20154,3387800
20155,2541800
20156,2852000
20157,2773800
20158,2959300
20159,3602300
20160,2949100
20161,2793800
20162,3013400
20163,2789000
20164,3010400
20165,3530400
20166,2926100
20167,3048800
20168,3007500
20169,2579600
20170,2953200
20171,3229600
20172,2767700
20173,2919200
20174,2917900
20175,2946000
20176,3323700
20177,2945800
20178,2930200
20179,2745300
20180,2928400
20181,3334200
20182,3168900
20183,2913100
20184,2918700
20185,2861300
20186,3191600
20187,3224900
20188,2879200
20189,2912400
20190,2943000
20191,3222900
20192,2870900
20193,3283100
20194,3013600
20195,2946800
20196,2766000
20197,3225600
20198,3404600
20199,3091200
20200,2979700
20201,2817300
20202,2949000
20203,3045600
20204,3243600
20205,2880300
20206,2846900
20207,3027500
20208,3041700
20209,3189500
20210,2852700
20211,3016700
20212,3102000
20213,2846900
20214,3051400
20215,3983100
20216,3045900
20217,2885800
20218,3802100
20219,4286100
20220,2231200
20221,1953700
20222,2627800
20223,2886800
20224,2817100
20225,3552600
20226,2762400
20227,2822900
20228,2803500
20229,2816900
20230,2864800
20231,3295500
20232,2722900
20233,3004200
20234,2732500
20235,2781600
20236,3208800
20237,2948900
20238,3142300
20239,2678800
20240,2764300
20241,2814600
20242,3050500
20243,3003900
20244,2876700
20245,2747600
20246,2817300
20247,2791700
20248,3324200
20249,2819500
20250,2728700
20251,2801000
20252,2767500
20253,2981400
20254,3441500
20255,2641000
20256,2769200
20257,2734900
20258,2859400
20259,2804100
20260,3239300
20261,2707700
20262,2777300
20263,2708100
20264,2871700
20265,2994200
20266,3394600
20267,2646900
20268,2734400
20269,2810600
20270,2776900
20271,3030900
20272,3102900
20273,3024200
20274,2801100
20275,2815200
20276,2952800
20277,3199600
20278,2712200
20279,2902000
20280,2715900
20281,3127300
20282,2732000
20283,3204100
20284,2811700
20285,2813600
20286,2812900
20287,2915800
20288,2973900
20289,3181800
20290,2744600
20291,2916400
20292,2957000
20293,2907200
20294,3445100
20295,2717200
20296,2906300
20297,3119700
20298,2821200
20299,2818900
20300,3425400
20301,2792700
20302,2847100
20303,2841200
20304,2813300
20305,3024100
20306,3100900
20307,2927400
20308,2926600
20309,2994600
20310,2876700
20311,3354400
20312,2818200
20313,2855300
20314,2719300
20315,3020500
20316,2792800
20317,3195500
20318,3074300
20319,2597200
20320,2855200
20321,2858900
20322,3091000
20323,3088000
20324,2914400
20325,2743500
20326,2935400
20327,2863200
20328,3303800
20329,2954600
20330,2761600
20331,2761400
20332,2869000
20333,3179600
20334,3196000
20335,2918300
20336,2743900
20337,2893100
20338,2814100
20339,3026200
20340,3306100
20341,2728200
20342,2769000
20343,2805700
20344,2872700
20345,3699400
20346,2588700
20347,2873100
20348,2816800
20349,2774500
20350,3235700
20351,3005900
20352,3095700
20353,2709700
20354,2797700
20355,2827400
20356,3024800
20357,3250200
20358,2744600
20359,2726500
20360,2900100
20361,3122400
20362,3001100
20363,2770100
20364,2861600
20365,2790900
20366,2864500
20367,3150600
20368,3012500
20369,3083600
20370,2638300
20371,2903300
20372,2884700
20373,2998200
20374,3033400
20375,2832300
20376,2751800
20377,3059700
20378,2844400
20379,2972000
20380,3176300
20381,2818800
20382,2758600
20383,2869200
20384,3059700
20385,2930600
20386,2850100
20387,2746000
20388,3335900
20389,2799700
20390,2929900
20391,3066900
20392,2572100
20393,3248000
20394,2608500
20395,2584900
20396,2874400
20397,3238800
20398,2677500
20399,2836100
20400,2801200
20401,2820100
20402,3354200
20403,2798800
20404,2956800
20405,2700900
20406,3042000
20407,2854900
20408,3330300
20409,2692200
20410,2861500
20411,2767600
20412,2836500
20413,2856400
20414,3343200
20415,2737100
20416,2698000
20417,2833600
20418,2796200
20419,3214600
20420,3406200
20421,2463700
20422,2783900
20423,2820100
20424,3082600
20425,3482600
20426,2646500
20427,2744900
20428,2769600
20429,2894700
20430,2868600
20431,3257100
20432,2727400
20433,2826600
20434,2789100
20435,2798800
20436,2963000
20437,3250400
20438,2729200
20439,2788400
20440,2854500
20441,3017700
20442,3140600
20443,2735200
20444,2764700
20445,2807000
20446,2889700
20447,3086100
20448,3112000
20449,2957700
20450,2798600
20451,2834800
20452,2974500
20453,2765300
20454,3435000
20455,2698200
20456,2820600
20457,3205400
20458,2493700
20459,3032800
20460,3131400
20461,2664000
20462,2915800
20463,2756900
20464,2843700
20465,3448100
20466,2845500
20467,2803100
20468,2921400
20469,2734700
20470,2932900
20471,3333300
20472,2688000
20473,2761800
20474,2844400
20475,2829500
20476,2922000
20477,3177900
20478,2727600
20479,2932200
20480,2742300
20481,2809800
20482,3112200
20483,3368300
20484,2734600
20485,2740300
20486,2859800
20487,2868600
20488,3249700
20489,2729800
20490,2973400
20491,2686800
20492,2770000
20493,3052100
20494,3407000
20495,2826900
20496,2697100
20497,2768700
20498,2781700
20499,3026100
20500,3490500
20501,2544500
20502,3090000
20503,2768900
20504,2901900
20505,3533300
20506,2671900
20507,2761100
20508,2883800
20509,3138200
20510,2729000
20511,3500600
20512,2811000
20513,2972800
20514,2706000
20515,2817600
20516,3214600
20517,3132500
20518,2782200
20519,2938600
20520,2823600
20521,3543000
20522,2895700
20523,3040900
20524,2805300
20525,2967800
20526,3157300
20527,2835900
20528,3180800
20529,2793900
20530,2902700
20531,2909900
20532,3121100
20533,3547800
20534,2755000
20535,2952200
20536,2934900
20537,2894200
20538,3120500
20539,3563300
20540,2891500
20541,2886400
20542,3131100
20543,3061700
20544,3229000
20545,2813100
20546,2919200
20547,3004600
20548,2868000
20549,3146300
20550,3148200
20551,2915500
20552,3264700
20553,2539600
20554,2866500
20555,3343600
20556,2815900
20557,2835700
20558,3455600
20559,2511100
20560,3165400
20561,3431200
20562,2819100
20563,3072600
20564,2705800
20565,2915000
20566,3394200
20567,2695100
20568,2894900
20569,2830500
20570,2880400
20571,2867600
20572,3269600
20573,2774300
20574,2971400
20575,2723500
20576,2835100
20577,3154700
20578,2949400
20579,3235000
20580,2610600
20581,2882500
20582,2848100
20583,3024100
20584,3045500
20585,2857600
20586,2809200
20587,2835100
20588,3103100
20589,2989200
20590,2756600
20591,2824300
20592,2772500
20593,2780800
20594,3174700
20595,3040600
20596,2902100
20597,2713800
20598,2710100
20599,2792300
20600,3257900
20601,3289800
20602,2664100
20603,2840200
20604,2745000
20605,2911100
20606,2965100
20607,3030400
20608,2757100
20609,2822000
20610,2815000
20611,3076500
20612,3029800
20613,2728900
20614,2721700
20615,2816800
20616,2859500
20617,3371300
20618,2828000
20619,2931800
20620,2712300
20621,2732400
20622,2794700
20623,3077600
20624,3070900
20625,2737400
20626,2766300
20627,2814500
20628,2942100
20629,2978100
20630,3060700
20631,2800200
20632,2715200
20633,3004000
20634,3263900
20635,3170700
20636,2651500
20637,2791900
20638,2932300
20639,2794400
20640,2972200
20641,3175500
20642,2763800
20643,2866000
20644,3135500
20645,2681600
20646,2864000
20647,3114700
20648,2738200
20649,2953600
20650,2673000
20651,2953700
20652,3264300
20653,2764400
20654,2913000
20655,2727500
20656,2880800
20657,3257100
20658,2936100
20659,2909200
20660,2868300
20661,2816900
20662,2794100
20663,3047900
20664,3152600
20665,2948200
20666,2650000
20667,2836300
20668,2839000
20669,3429400
20670,2965000
20671,2646200
20672,2729900
20673,2766600
20674,3145200
20675,3381100
20676,3053600
20677,2661000
20678,2852000
20679,2787800
20680,3030000
20681,3159900
20682,2785900
20683,2761800
20684,2862200
20685,2798400
20686,3154100
20687,3061500
20688,2742500
20689,2798500
20690,2962100
20691,2941200
20692,3573500
20693,2637000
20694,2785800
20695,2753800
20696,2928400
20697,2833400
20698,3370000
20699,2685700
20700,2832400
20701,2771700
20702,2947400
20703,2941700
20704,3195000
20705,2658200
20706,2806900
20707,2869800
20708,2855400
20709,3389300
20710,2593200
20711,2837600
20712,2741100
20713,2881800
20714,3146300
20715,3443700
20716,2591900
20717,2809500
20718,2754300
20719,3222300
20720,2943800
20721,2923200
20722,2775900
20723,2747000
20724,2893200
20725,2734900
20726,3015800
20727,3036900
20728,2751800
20729,2809100
20730,3206600
20731,2768100
20732,3302500
20733,2541200
20734,2714400
20735,2959100
20736,2645100
20737,2890700
20738,3225700
20739,2721900
20740,2896000
20741,3000300
20742,3167800
20743,2716300
20744,3000800
20745,2628900
20746,2988800
20747,2910700
20748,2775500
20749,3467100
20750,2748400
20751,2904900
20752,2734200
20753,2852400
20754,2924600
20755,3333800
20756,2721200
20757,2849800
20758,2786900
20759,2899400
20760,2802400
20761,3357000
20762,2729100
20763,2784600
20764,2822600
20765,2861000
20766,3069400
20767,3600700
20768,2391000
20769,2769500
20770,2796900
20771,2937800
20772,3346400
20773,3014500
20774,2782400
20775,2811000
20776,2843600
20777,2987500
20778,3223900
20779,2787500
20780,2807300
20781,2750700
20782,2873400
20783,3082200
20784,3149800
20785,2704400
20786,2841700
20787,2821200
20788,3182600
20789,2970500
20790,3209100
20791,2784200
20792,2792000
20793,2862900
20794,2924800
20795,3236500
20796,2743600
20797,2744100
20798,2904400
20799,2999200
20800,2784600
20801,3296000
20802,2713300
20803,2796100
20804,2870900
20805,2921800
20806,2948600
20807,3340900
20808,2727800
20809,2810100
20810,2891300
20811,2897700
20812,3246000
20813,2822600
20814,2743700
20815,2916100
20816,2720200
20817,3159500
20818,2919100
20819,2866600
20820,2818800
20821,2817600
20822,2791500
20823,3183300
20824,3090900
20825,2929000
20826,2779200
20827,2986800
20828,2779300
20829,3388100
20830,2738300
20831,2771400
20832,2771500
20833,2786900
20834,3014200
20835,3231100
20836,2807100
20837,2730400
20838,2796000
20839,2759800
20840,2950300
20841,3232600
20842,2952000
20843,2931000
20844,2820400
20845,2833100
20846,3154000
20847,3157400
20848,2667500
20849,2841000
20850,2805800
20851,3583700
20852,2700100
20853,2966800
20854,2883400
20855,2925800
20856,2659700
20857,3087500
20858,3221100
20859,2867200
20860,2759900
20861,2818800
20862,2976900
20863,3501700
20864,2827900
20865,3321600
20866,2652700
20867,2910000
20868,3246300
20869,3128900
20870,2789400
20871,2943200
20872,2880300
20873,2973500
20874,3127600
20875,3168800
20876,2908500
20877,2865000
20878,2901500
20879,3148400
20880,3255500
20881,2837500
20882,2869500
20883,2978800
20884,3187600
20885,2743300
20886,3529200
20887,2844700
20888,2924300
20889,3006900
20890,2879800
20891,3307300
20892,2845300
20893,2961800
20894,3346400
20895,2581800
20896,2865300
20897,3355200
20898,2748500
20899,2924300
20900,2992500
20901,2909200
20902,2874800
20903,4016500
20904,3795500
20905,2763200
20906,4165900
20907,3773600
20908,2024100
20909,2095100
20910,2511400
20911,2958100
20912,2825800
20913,3388000
20914,2739200
20915,2877800
20916,2853100
20917,2803400
20918,3033000
20919,3162500
20920,2909100
20921,2938400
20922,2658600
20923,2872000
20924,3103400
20925,3099900
20926,3052500
20927,2720600
20928,2863300
20929,2901400
20930,3176400
20931,2867600
20932,2846500
20933,2728100
20934,2848300
20935,2976700
20936,3335300
20937,2866400
20938,2768500
20939,2716700
20940,2817600
20941,2974600
20942,3373900
20943,2741200
20944,2856100
20945,2755600
20946,2833200
20947,3455700
20948,2607400
20949,2890900
20950,2680700
20951,2923800
20952,2895200
20953,3184000
20954,2718100
20955,2841300
20956,2719100
20957,2889400
20958,3161700
20959,2991000
20960,3052000
20961,2753800
20962,2735200
20963,2917000
20964,2944400
20965,3061500
20966,2736800
20967,2930700
20968,2685200
20969,3086700
20970,3339700
20971,2704100
20972,2832000
20973,2810400
20974,2821000
20975,2896000
20976,3176000
20977,2728200
20978,2796500
20979,3217900
20980,2574300
20981,3068100
20982,3243800
20983,2730300
20984,2925600
20985,2732400
20986,2747000
20987,3417400
20988,2700100
20989,2777700
20990,3238500
20991,2466400
20992,2884300
20993,3305700
20994,2665600
20995,3040900
20996,2648900
20997,2812600
20998,3090500
20999,2996700
21000,3133900
21001,2731900
21002,2722200
21003,2912700
21004,3050600
21005,3074100
21006,2771400
21007,2823800
21008,2745700
21009,2868200
21010,3314000
21011,2850700
21012,2710700
21013,2868300
21014,2718600
21015,3052500
21016,3804400
21017,2577900
21018,2762900
21019,2786000
21020,2772000
21021,3077400
21022,3080000
21023,2780700
21024,2900900
21025,2717100
21026,2906600
21027,3088400
21028,3056000
21029,2794300
21030,2832100
21031,2805300
21032,3048800
21033,3100700
21034,2795800
21035,2893900
21036,2755900
21037,2828200
21038,3057100
21039,3204000
21040,2657200
21041,2923400
21042,2740400
21043,2963000
21044,2994200
21045,3363200
21046,2759100
21047,2771900
21048,2945000
21049,2815300
21050,3517700
21051,2759500
21052,2786000
21053,2788800
21054,2891600
21055,2916000
21056,3186100
21057,2816600
21058,2696100
21059,2887100
21060,2773900
21061,3061800
21062,3486600
21063,2668900
21064,3143100
21065,2587200
21066,2796800
21067,3247300
21068,2842700
21069,2746500
21070,2879900
21071,2735000
21072,2877200
21073,3291800
21074,2716800
21075,3154300
21076,2651000
21077,2942700
21078,2646300
21079,3312900
21080,2917200
21081,2624700
21082,2746800
21083,2745800
21084,3084500
21085,3493100
21086,2678600
21087,2960100
21088,2690900
21089,2645500
21090,3415000
21091,2797400
21092,2713300
21093,2809400
21094,2839800
21095,3079900
21096,3316700
21097,2829400
21098,2777500
21099,2874900
21100,2783600
21101,3061800
21102,3132100
21103,2680500
21104,2919600
21105,2780400
21106,2811700
21107,3169900
21108,3024300
21109,2750000
21110,2864800
21111,2850000
21112,3161100
21113,3194200
21114,2848200
21115,2770300
21116,2780700
21117,2914900
21118,2948100
21119,3226400
21120,2719700
21121,2880700
21122,3014400
21123,2668400
21124,3219200
21125,3013500
21126,2806500
21127,2854300
21128,2850700
21129,3049500
21130,3169800
21131,3025400
21132,2745500
21133,2941600
21134,2691100
21135,3046800
21136,3128300
21137,2764400
21138,2842900
21139,2819000
21140,2799000
21141,3187800
21142,2982600
21143,2765800
21144,3063600
21145,2694300
21146,2739100
21147,3389400
21148,2740100
21149,2761800
21150,3111400
21151,2820800
21152,2935000
21153,3335600
21154,2685300
21155,2867300
21156,2828600
21157,2735400
21158,3045700
21159,3234900
21160,2795800
21161,2708200
21162,2874200
21163,2796200
21164,3253700
21165,3371400
21166,2549000
21167,2835500
21168,2778600
21169,3079300
21170,3236500
21171,2975800
21172,2750100
21173,2754100
21174,2949700
21175,2868800
21176,3769200
21177,2458100
21178,2650700
21179,2782900
21180,2837900
21181,3012300
21182,3203400
21183,2799800
21184,2751200
21185,2923000
21186,2914400
21187,3617300
21188,2662000
21189,2876800
21190,2799000
21191,2886900
21192,3565100
21193,2575900
21194,2811500
21195,2827700
21196,2851400
21197,2938500
21198,3325100
21199,3362100
21200,2933000
21201,2788900
21202,2694700
21203,3179200
21204,3320100
21205,2755700
21206,2799000
21207,2984100
21208,3144000
21209,2843200
21210,3514400
21211,2746200
21212,2972400
21213,2921900
21214,3030700
21215,3145900
21216,2749800
21217,2970800
21218,2926800
21219,2902700
21220,2916700
21221,3395800
21222,2828800
21223,2880600
21224,3176200
21225,3014800
21226,3411700
21227,2777400
21228,2908400
21229,3082300
21230,2767900
21231,3026900
21232,3240700
21233,2841400
21234,3173400
21235,2653800
21236,2871400
21237,3574900
21238,2663300
21239,2882000
21240,3142400
21241,2812200
21242,2826100
21243,3443200
21244,2717100
21245,2919400
21246,2847100
21247,2847900
21248,3239800
21249,3253300
21250,2850400
21251,2737600
21252,2888800
21253,3009300
21254,3307200
21255,2778300
21256,2794600
21257,2887800
21258,2790700
21259,3056100
21260,3287100
21261,2749200
21262,2922400
21263,2725500
21264,2798100
21265,3156100
21266,3269800
21267,3065300
21268,2753800
21269,2787600
21270,2943700
21271,3529100
21272,2742000
21273,2715800
21274,2695900
21275,2832900
21276,3207600
21277,3205000
21278,2696500
21279,2800200
21280,2735500
21281,2853300
21282,3342200
21283,2894700
21284,2775400
21285,2768700
21286,2768800
21287,3043600
21288,2900200
21289,2970700
21290,2797700
21291,2807800
21292,2791100
21293,2978700
21294,3310000
21295,2590400
21296,2806800
21297,2883800
21298,2811700
21299,2880300
21300,3298800
21301,2648400
21302,2778200
21303,2899100
21304,2811700
21305,2987300
21306,3403400
21307,2665800
21308,2840100
21309,2930100
21310,2804200
21311,3569700
21312,2653200
21313,2758500
21314,2972500
21315,2796800
21316,2850400
21317,3226400
21318,2715300
21319,3070900
21320,2629800
21321,2923400
21322,3006000
21323,3188200
21324,2875600
21325,2792000
21326,2823500
21327,3033100
21328,3132200
21329,2687600
21330,2843100
21331,2714200
21332,2907100
21333,2844400
21334,3412400
21335,2847000
21336,2875000
21337,2559000
21338,2740500
21339,3213600
21340,2952700
21341,3136700
21342,2678900
21343,2843700
21344,2768100
21345,3175900
21346,3026100
21347,2808400
21348,2728800
21349,2855300
21350,2830200
21351,3497400
21352,2697500
21353,2729600
21354,2825000
21355,2794800
21356,2984700
21357,3442400
21358,2522000
21359,2796000
21360,2905200
21361,2768000
21362,3152300
21363,3402400
21364,2666200
21365,2779600
21366,2812900
21367,2897300
21368,3142600
21369,3014400
21370,2736300
21371,2840600
21372,2797800
21373,2933900
21374,3335000
21375,2684600
21376,2875000
21377,2753400
21378,2939000
21379,3238600
21380,2956700
21381,3024700
21382,2709600
21383,2845200
21384,3191900
21385,3035100
21386,2911500
21387,2828700
21388,2781100
21389,2888500
21390,2852700
21391,3460800
21392,2584500
21393,2812400
21394,2811800
21395,2864400
21396,2993000
21397,3239400
21398,2656900
21399,2821300
21400,2907800
21401,2785900
21402,3000300
21403,3120000
21404,3093700
21405,3001500
21406,2769600
21407,2728400
21408,3292800
21409,2790500
21410,2754500
21411,2901300
21412,2765400
21413,2907400
21414,3336000
21415,2636000
21416,3147500
21417,2861200
21418,2675000
21419,2898000
21420,3063600
21421,2690000
21422,2909100
21423,2751300
21424,2728500
21425,3256300
21426,3111200
21427,2872900
21428,2709000
21429,2823800
21430,2814900
21431,3395900
21432,3110300
21433,2646900
21434,2800600
21435,2930200
21436,2852100
21437,3226400
21438,3029800
21439,2689600
21440,2840000
21441,2863900
21442,2997300
21443,3114400
21444,2805500
21445,2730800
21446,2920900
21447,2779000
21448,3158800
21449,3074800
21450,2748800
21451,2738400
21452,2886700
21453,3082800
21454,3087600
21455,2777100
21456,2838300
21457,2777400
21458,3221800
21459,2792100
21460,3457400
21461,2845300
21462,2777800
21463,2797600
21464,2920900
21465,2982800
21466,3116600
21467,2785400
21468,2887700
21469,2886500
21470,2697000
21471,3411700
21472,2688000
21473,2878400
21474,3075400
21475,2603700
21476,3063800
21477,3171300
21478,2809000
21479,2742400
21480,2880500
21481,2766000
21482,2947400
21483,3262300
21484,2748800
21485,2875600
21486,2770900
21487,2793300
21488,3478300
21489,2721800
21490,2828100
21491,2751900
21492,2778800
21493,3145400
21494,3130600
21495,3234400
21496,2624100
21497,2728300
21498,2956300
21499,3031900
21500,3202800
21501,2769400
21502,2772900
21503,2862200
21504,2842500
21505,3104500
21506,3211900
21507,2686300
21508,2802400
21509,2831000
21510,2883100
21511,3318400
21512,2880300
21513,2704400
21514,2891500
21515,2799200
21516,3075700
21517,3358300
21518,2856500
21519,2800700
21520,2816700
21521,2889900
21522,3201100
21523,2971100
21524,2749700
21525,2938900
21526,2789900
21527,3087800
21528,3355100
21529,2791800
21530,2719700
21531,2889900
21532,2841500
21533,3726400
21534,2809200
21535,2792200
21536,2880600
21537,2909400
21538,3036500
21539,3393500
21540,2835900
21541,2839200
21542,2901500
21543,3181100
21544,3120900
21545,3158500
21546,2836700
21547,2795500
21548,2874400
21549,2982900
21550,3033700
21551,3497300
21552,2832700
21553,3003700
21554,2948000
21555,3029100
21556,3293200
21557,2737200
21558,2907300
21559,3042600
21560,2822300
21561,3172400
21562,3173200
21563,2872600
21564,3119600
21565,2690500
21566,3053100
21567,3277700
21568,2846900
21569,2858600
21570,3147900
21571,2790000
21572,3443300
21573,3204100
21574,2920500
21575,3092300
21576,2763800
21577,3017500
21578,3332300
21579,2828200
21580,3163800
21581,2632300
21582,2866800
21583,3054400
21584,3126700
21585,3341000
21586,2487900
21587,3092300
21588,2878200
21589,3385300
21590,2715500
21591,2884100
21592,2782800
21593,3374400
21594,3400800
21595,2315100
21596,4462500
21597,4088300
21598,2100200
21599,2030000
21600,2798400
21601,3077900
21602,2729700
21603,2967800
21604,2923700
21605,2847500
21606,3258300
21607,2697800
21608,2821600
21609,2754300
21610,2827900
21611,3239100
21612,3184700
21613,2669900
21614,2769000
21615,2808600
21616,2930800
21617,2976300
21618,3009800
21619,2770500
21620,2801700
21621,2806200
21622,2882200
21623,3397600
21624,2537600
21625,2810400
21626,2761700
21627,2803600
21628,3489600
21629,2702800
21630,3037400
21631,2672200
21632,2785700
21633,2825600
21634,3049700
21635,3094600
21636,2693200
21637,2839800
21638,2796600
21639,2959800
21640,2996300
21641,2985300
21642,2718300
21643,2835700
21644,2808900
21645,3069300
21646,3476300
21647,2907400
21648,2758900
21649,2932900
21650,2744700
21651,2906000
21652,3382100
21653,2675100
21654,2742500
21655,3186400
21656,2583800
21657,2902600
21658,3225800
21659,2769200
21660,2819400
21661,2883000
21662,2762600
21663,3466100
21664,2686600
21665,2771000
21666,2952500
21667,2766600
21668,3127700
21669,3165600
21670,2840100
21671,3059100
21672,2595800
21673,2840300
21674,2930700
21675,3313400
21676,2750200
21677,2859800
21678,2744800
21679,2918800
21680,3589000
21681,2767500
21682,2992700
21683,2808100
21684,2699000
21685,3092600
21686,3387700
21687,2875500
21688,2685600
21689,2823600
21690,2772100
21691,3142200
21692,3012400
21693,2902900
21694,2794100
21695,2789700
21696,2857000
21697,3532300
21698,2828300
21699,2636600
21700,2811100
21701,2823800
21702,3271400
21703,2936400
21704,3062300
21705,2721900
21706,2813200
21707,2775900
21708,2966600
21709,3384700
21710,2644100
21711,2807700
21712,2831400
21713,2798300
21714,3494700
21715,2679300
21716,2728500
21717,2807200
21718,2861100
21719,2782200
21720,3804600
21721,2813900
21722,2761400
21723,2783100
21724,2918200
21725,3086300
21726,2988100
21727,2706300
21728,2789800
21729,2854700
21730,2775000
21731,3161400
21732,3078800
21733,2669000
21734,2741700
21735,2794900
21736,3074800
21737,3045800
21738,2820200
21739,2712100
21740,2797900
21741,2899700
21742,3069200
21743,3384400
21744,2636800
21745,2801000
21746,2802300
21747,3156900
21748,2780900
21749,3074000
21750,2685800
21751,2833700
21752,3203100
21753,2727500
21754,3220300
21755,2875400
21756,2647300
21757,2878700
21758,2832200
21759,2763400
21760,3309400
21761,2736700
21762,2738300
21763,2836400
21764,2823100
21765,2866100
21766,3292500
21767,2741900
21768,2813500
21769,2805000
21770,2748300
21771,2937700
21772,3246600
21773,2865900
21774,2637000
21775,2786500
21776,2811000
21777,3091400
21778,3149400
21779,2981800
21780,3201300
21781,2518500
21782,2522800
21783,2937200
21784,3436500
21785,2609200
21786,2801000
21787,2770300
21788,3057500
21789,3173100
21790,2837900
21791,2710700
21792,2736500
21793,2812900
21794,2952000
21795,3330300
21796,2658500
21797,2760200
21798,2841700
21799,2796600
21800,3533200
21801,3074400
21802,2775300
21803,2780000
21804,2815500
21805,2847800
21806,3382600
21807,2671900
21808,2808400
21809,2794800
21810,2801900
21811,3178800
21812,3082200
21813,2722500
21814,2779700
21815,2790400
21816,3132600
21817,2859800
21818,2998600
21819,3002300
21820,2751200
21821,2901900
21822,2766400
21823,2981100
21824,3123000
21825,2789900
21826,2862900
21827,3115400
21828,2557400
21829,3362000
21830,2602100
21831,2923500
21832,2775000
21833,2782900
21834,2940500
21835,3276600
21836,2628500
21837,2921700
21838,2880100
21839,2757700
21840,3398000
21841,3251300
21842,2665700
21843,2863600
21844,2796500
21845,2921800
21846,3375100
21847,2658300
21848,3163400
21849,2583700
21850,2780200
21851,2947100
21852,3312700
21853,2669200
21854,2836200
21855,2843700
21856,2841500
21857,3065900
21858,3426500
21859,3140600
21860,2544000
21861,2779800
21862,2901400
21863,3384700
21864,2736500
21865,2805500
21866,2819700
21867,3004300
21868,2921600
21869,3325100
21870,2818600
21871,2757600
21872,2808100
21873,2891200
21874,3552400
21875,3029100
21876,2753800
21877,2858400
21878,2931400
21879,3029200
21880,3664800
21881,2733800
21882,2979400
21883,2969600
21884,2805200
21885,3426600
21886,3317900
21887,3108700
21888,2683700
21889,2815700
21890,3246300
21891,3166200
21892,2832600
21893,2840600
21894,2994700
21895,2944600
21896,3414400
21897,2919800
21898,3154000
21899,3072900
21900,2780600
21901,3118000
21902,3165400
21903,2842900
21904,2861400
21905,2889300
21906,3228200
21907,2932500
21908,3119600
21909,2917200
21910,2926800
21911,3074100
21912,3036100
21913,3508400
21914,3058200
21915,2892200
21916,2879000
21917,2937200
21918,3153600
21919,3223500
21920,2797100
21921,2946100
21922,2924000
21923,2825600
21924,3434600
21925,2783600
21926,2919100
21927,2893600
21928,2965500
21929,3072200
21930,2985100
21931,3148600
21932,2933700
21933,2773800
21934,2797600
21935,3075400
21936,3055700
21937,3176100
21938,2691300
21939,2663800
21940,3209900
21941,3034200
21942,2821600
21943,2946600
21944,2706600
21945,2819800
21946,2907600
21947,3347600
21948,3092800
21949,2635800
21950,3054000
21951,2734800
21952,3360400
21953,2834900
21954,2684900
21955,2816100
21956,2800300
21957,2901000
21958,3345900
21959,2716600
21960,2713100
21961,2743100
21962,2869600
21963,2856900
21964,3418100
21965,2559500
21966,2764100
21967,2763000
21968,2719100
21969,3222200
21970,3003100
21971,3077700
21972,2647700
21973,2819100
21974,2905600
21975,2929700
21976,3098700
21977,2832300
21978,2703900
21979,2889000
21980,2840600
21981,3389800
21982,2733800
21983,2746400
21984,2848400
21985,2800700
21986,3230500
21987,3024400
21988,2882400
21989,2751500
21990,2895500
21991,3005400
21992,2847900
21993,3442700
21994,2746900
21995,2737500
21996,3005500
21997,2727000
21998,3327000
21999,2763300
22000,2824300
22001,2910900
22002,2744400
22003,2886500
22004,3315300
22005,2788500
22006,2770800
22007,3057200
22008,2932600
22009,2981500
22010,3186200
22011,2696400
22012,2856000
22013,2760500
22014,2840900
22015,3068600
22016,3152100
22017,2816600
22018,2728800
22019,2847100
22020,2818900
22021,3277500
22022,3092100
22023,2582100
22024,2775400
22025,2906200
22026,3042700
22027,3278500
22028,3325800
22029,2589400
22030,2747300
22031,2838500
22032,3001200
22033,3224200
22034,2670300
22035,2852800
22036,2800400
22037,2869200
22038,3551200
22039,2571100
22040,2773500
22041,2862000
22042,2706900
22043,2999800
22044,3321100
22045,2726100
22046,2746900
22047,2817200
22048,2865200
22049,3311200
22050,3165200
22051,2692800
22052,2804100
22053,2865400
22054,2994900
22055,3129200
22056,2789000
22057,2713800
22058,2823700
22059,2833400
22060,3057100
22061,3455000
22062,2638300
22063,2805000
22064,2798900
22065,2993100
22066,2962600
22067,3018400
22068,3067600
22069,2745300
22070,2989100
22071,2715800
22072,3001200
22073,3124400
22074,2665200
22075,2848200
22076,2916900
22077,2792500
22078,3324000
22079,2760200
22080,2714100
22081,3035600
22082,2639300
22083,3037200
22084,3253100
22085,2854400
22086,3019200
22087,2658000
22088,2733900
22089,3070500
22090,3204600
22091,2676600
22092,3169000
22093,2536600
22094,2775100
22095,3052900
22096,3087500
22097,3155800
22098,2768200
22099,2889800
22100,2602700
22101,3367400
22102,2688600
22103,2854600
22104,2744000
22105,2782500
22106,2918800
22107,3332900
22108,2734900
22109,2747000
22110,2859400
22111,2801800
22112,3028100
22113,3264900
22114,2625400
22115,2787600
22116,2788600
22117,2888100
22118,2907500
22119,3250100
22120,2727300
22121,2782700
22122,2833500
22123,3110200
22124,3477000
22125,3256700
22126,2400800
22127,2749900
22128,2646400
22129,3131100
22130,3054000
22131,2720100
22132,2817100
22133,2748200
22134,2837100
22135,3126800
22136,3268300
22137,2552200
22138,2821400
22139,2847900
22140,2985300
22141,3620000
22142,2791100
22143,2814500
22144,2794800
22145,3066200
22146,2724700
22147,3275500
22148,2717500
22149,2827400
22150,2846200
22151,2887500
22152,3041300
22153,3025600
22154,2784200
22155,2875100
22156,2871900
22157,2756800
22158,3400700
22159,2678200
22160,2859500
22161,2992400
22162,2670300
22163,3152700
22164,3008200
22165,3050100
22166,2818400
22167,2837500
22168,2801800
22169,3149700
22170,2940300
22171,2823500
22172,2896900
22173,2724000
22174,2942900
22175,3246400
22176,3016400
22177,3073000
22178,2570200
22179,2815800
22180,3170700
22181,3171400
22182,2653900
22183,2928200
22184,2708500
22185,2886900
22186,2875100
22187,3341100
22188,2800700
22189,2678300
22190,2804800
22191,2805100
22192,3035300
22193,3370800
22194,2507800
22195,2773900
22196,2820200
22197,2863900
22198,3160200
22199,3292100
22200,2734700
22201,2765000
22202,2826500
22203,2948900
22204,3382300
22205,2622600
22206,2838600
22207,2836900
22208,2836700
22209,3006400
22210,3239600
22211,2688600
22212,2838700
22213,2817800
22214,2865300
22215,4158900
22216,2147800
22217,2748300
22218,2848700
